case,model,mesh,variant,nx,L,h,dt,t,field,error,relative_initial_peak
fig3,SD,fixed,main,256,40.0,0.125,0.000125,0.0,u,1.2350944300631994e-06,2.3696505926373464e-06
fig3,SD,fixed,main,256,40.0,0.125,0.000125,0.0,v,1.214600084509243e-06,1.9992929162771617e-06
fig3,SD,fixed,main,256,40.0,0.125,0.000125,0.0005,u,1.4828560610524733e-06,2.845005740726295e-06
fig3,SD,fixed,main,256,40.0,0.125,0.000125,0.0005,v,1.1775527370971872e-06,1.9383111164300876e-06
fig3,SD,fixed,main,256,40.0,0.125,0.000125,0.001,u,1.8063403556256574e-06,3.465642294244714e-06
fig3,SD,fixed,main,256,40.0,0.125,0.000125,0.001,v,1.1455208486221835e-06,1.8855850146128536e-06
fig3,SD,fixed,main,256,40.0,0.125,0.000125,0.0015,u,2.1642823853085247e-06,4.152389414239757e-06
fig3,SD,fixed,main,256,40.0,0.125,0.000125,0.0015,v,1.1171740568194366e-06,1.8389247675297044e-06
fig3,SD,fixed,main,256,40.0,0.125,0.000125,0.002,u,2.5202417258674004e-06,4.835332549419288e-06
fig3,SD,fixed,main,256,40.0,0.125,0.000125,0.002,v,1.1586242230632315e-06,1.9071538289357174e-06
fig3,SD,fixed,main,256,40.0,0.125,0.000125,0.0025,u,2.8741993337577654e-06,5.514435162863171e-06
fig3,SD,fixed,main,256,40.0,0.125,0.000125,0.0025,v,1.303598044011256e-06,2.1457880402811994e-06
fig3,SD,fixed,main,256,40.0,0.125,0.000125,0.003,u,3.2337384852088036e-06,6.204246518638361e-06
fig3,SD,fixed,main,256,40.0,0.125,0.000125,0.003,v,1.4503395627252225e-06,2.387331971185111e-06
fig3,SD,fixed,main,256,40.0,0.125,0.000125,0.0035,u,3.624156989401328e-06,6.95330296105877e-06
fig3,SD,fixed,main,256,40.0,0.125,0.000125,0.0035,v,1.5968719462300385e-06,2.6285316550010046e-06
fig3,SD,fixed,main,256,40.0,0.125,0.000125,0.004,u,4.013439852124101e-06,7.700180563208898e-06
fig3,SD,fixed,main,256,40.0,0.125,0.000125,0.004,v,1.7452693300001876e-06,2.872801223190274e-06
fig3,SD,fixed,main,256,40.0,0.125,0.000125,0.0045000000000000005,u,4.452735863136326e-06,8.543013327651915e-06
fig3,SD,fixed,main,256,40.0,0.125,0.000125,0.0045000000000000005,v,1.892809958159436e-06,3.115660528490794e-06
fig3,SD,fixed,main,256,40.0,0.125,0.000125,0.005,u,4.946155541252217e-06,9.489687690523443e-06
fig3,SD,fixed,main,256,40.0,0.125,0.000125,0.005,v,2.0394754599029064e-06,3.357079331632434e-06
fig3,SD,fixed,main,256,40.0,0.125,0.000125,0.0055,u,5.439077581548268e-06,1.0435407286110785e-05
fig3,SD,fixed,main,256,40.0,0.125,0.000125,0.0055,v,2.1852476222994355e-06,3.5970276532131464e-06
fig3,SD,fixed,main,256,40.0,0.125,0.000125,0.006,u,5.9314428037526845e-06,1.1380058571220225e-05
fig3,SD,fixed,main,256,40.0,0.125,0.000125,0.006,v,2.331732164739808e-06,3.8381485882273e-06
fig3,SD,fixed,main,256,40.0,0.125,0.000125,0.006500000000000001,u,6.423192282334345e-06,1.2323528491403177e-05
fig3,SD,fixed,main,256,40.0,0.125,0.000125,0.006500000000000001,v,2.4778497998423354e-06,4.078665575282911e-06
fig3,SD,fixed,main,256,40.0,0.125,0.000125,0.007,u,6.914267362267967e-06,1.3265704511203217e-05
fig3,SD,fixed,main,256,40.0,0.125,0.000125,0.007,v,2.6231948157540153e-06,4.317910792234978e-06
fig3,SD,fixed,main,256,40.0,0.125,0.000125,0.0075,u,7.413169982706247e-06,1.4222898440196484e-05
fig3,SD,fixed,main,256,40.0,0.125,0.000125,0.0075,v,2.7677466644115967e-06,4.555850415936422e-06
fig3,SD,fixed,main,256,40.0,0.125,0.000125,0.008,u,7.916735439594813e-06,1.5189038481234986e-05
fig3,SD,fixed,main,256,40.0,0.125,0.000125,0.008,v,2.9114849981470847e-06,4.7924509531008475e-06
fig3,SD,fixed,main,256,40.0,0.125,0.000125,0.0085,u,8.421102499545086e-06,1.6156716476881654e-05
fig3,SD,fixed,main,256,40.0,0.125,0.000125,0.0085,v,3.0543894646295477e-06,5.027678902766433e-06
fig3,SD,fixed,main,256,40.0,0.125,0.000125,0.009000000000000001,u,8.926215640581159e-06,1.7125825902744577e-05
fig3,SD,fixed,main,256,40.0,0.125,0.000125,0.009000000000000001,v,3.196439845476462e-06,5.26150098445718e-06
fig3,SD,fixed,main,256,40.0,0.125,0.000125,0.0095,u,9.432019182797902e-06,1.8096259931429043e-05
fig3,SD,fixed,main,256,40.0,0.125,0.000125,0.0095,v,3.3376160443743252e-06,5.49388411862885e-06
fig3,SD,fixed,main,256,40.0,0.125,0.000125,0.01,u,9.938457304237147e-06,1.906791146299756e-05
fig3,SD,fixed,main,256,40.0,0.125,0.000125,0.01,v,3.4778979492999795e-06,5.72479519987832e-06
fig3,SD,fixed,main,256,40.0,0.125,0.000125,0.0105,u,1.0445474061093751e-05,2.0040673163737187e-05
fig3,SD,fixed,main,256,40.0,0.125,0.000125,0.0105,v,3.6172657220112647e-06,5.954201573459778e-06
fig3,SD,fixed,main,256,40.0,0.125,0.000125,0.011,u,1.0953013403702805e-05,2.1014437496832567e-05
fig3,SD,fixed,main,256,40.0,0.125,0.000125,0.011,v,3.7556995395315873e-06,6.1820706097553044e-06
fig3,SD,fixed,main,256,40.0,0.125,0.000125,0.0115,u,1.1461019196246092e-05,2.198909676017473e-05
fig3,SD,fixed,main,256,40.0,0.125,0.000125,0.0115,v,3.893179645386713e-06,6.4083697886132125e-06
fig3,SD,fixed,main,256,40.0,0.125,0.000125,0.012,u,1.1969435232295211e-05,2.2964543116182083e-05
fig3,SD,fixed,main,256,40.0,0.125,0.000125,0.012,v,4.0296864876609995e-06,6.6330669265955605e-06
fig3,SD,fixed,main,256,40.0,0.125,0.000125,0.0125,u,1.2478205251131858e-05,2.3940668623112498e-05
fig3,SD,fixed,main,256,40.0,0.125,0.000125,0.0125,v,4.16520060292358e-06,6.856129985914804e-06
fig3,SD,fixed,main,256,40.0,0.125,0.000125,0.013000000000000001,u,1.2987272957565299e-05,2.4917365273085093e-05
fig3,SD,fixed,main,256,40.0,0.125,0.000125,0.013000000000000001,v,4.299702670240713e-06,7.077527163340845e-06
fig3,SD,fixed,main,256,40.0,0.125,0.000125,0.0135,u,1.3496582037586524e-05,2.589452502211426e-05
fig3,SD,fixed,main,256,40.0,0.125,0.000125,0.0135,v,4.433173457385475e-06,7.297226801659477e-06
fig3,SD,fixed,main,256,40.0,0.125,0.000125,0.014,u,1.4006076174799542e-05,2.6872039821634735e-05
fig3,SD,fixed,main,256,40.0,0.125,0.000125,0.014,v,4.56559393774425e-06,7.5151975821063505e-06
fig3,SD,fixed,main,256,40.0,0.125,0.000125,0.0145,u,1.4515699067518817e-05,2.784980165130471e-05
fig3,SD,fixed,main,256,40.0,0.125,0.000125,0.0145,v,4.696945163640276e-06,7.731408315851155e-06
fig3,SD,fixed,main,256,40.0,0.125,0.000125,0.015,u,1.5025394445700169e-05,2.8827702551489444e-05
fig3,SD,fixed,main,256,40.0,0.125,0.000125,0.015,v,4.827208324564847e-06,7.945828039849112e-06
fig3,SD,fixed,main,256,40.0,0.125,0.000125,0.0155,u,1.553510608470754e-05,2.9805634649674167e-05
fig3,SD,fixed,main,256,40.0,0.125,0.000125,0.0155,v,4.956364889729947e-06,8.158426251489785e-06
fig3,SD,fixed,main,256,40.0,0.125,0.000125,0.016,u,1.6044777827239898e-05,3.0783490202533e-05
fig3,SD,fixed,main,256,40.0,0.125,0.000125,0.016,v,5.084396339116726e-06,8.369172465889325e-06
fig3,SD,fixed,main,256,40.0,0.125,0.000125,0.0165,u,1.6554353592268534e-05,3.1761161613076034e-05
fig3,SD,fixed,main,256,40.0,0.125,0.000125,0.0165,v,5.211284337558464e-06,8.578036502439804e-06
fig3,SD,fixed,main,256,40.0,0.125,0.000125,0.017,u,1.7063777396408852e-05,3.273854147165325e-05
fig3,SD,fixed,main,256,40.0,0.125,0.000125,0.017,v,5.337010791139907e-06,8.784988577645357e-06
fig3,SD,fixed,main,256,40.0,0.125,0.000125,0.0175,u,1.757299336629936e-05,3.37155225797048e-05
fig3,SD,fixed,main,256,40.0,0.125,0.000125,0.0175,v,5.4615576836059e-06,8.989999035842554e-06
fig3,SD,fixed,main,256,40.0,0.125,0.000125,0.018000000000000002,u,1.808254521828978e-05,3.4693148110723326e-05
fig3,SD,fixed,main,256,40.0,0.125,0.000125,0.018000000000000002,v,5.58490728902461e-06,9.193038699254774e-06
fig3,SD,fixed,main,256,40.0,0.125,0.000125,0.0185,u,1.8591864380024248e-05,3.567032720251462e-05
fig3,SD,fixed,main,256,40.0,0.125,0.000125,0.0185,v,5.70704189817306e-06,9.394078417609015e-06
fig3,SD,fixed,main,256,40.0,0.125,0.000125,0.019,u,1.9100863475951524e-05,3.66468922164579e-05
fig3,SD,fixed,main,256,40.0,0.125,0.000125,0.019,v,5.827944111302941e-06,9.593089550043168e-06
fig3,SD,fixed,main,256,40.0,0.125,0.000125,0.0195,u,1.9609487209693022e-05,3.7622737060992006e-05
fig3,SD,fixed,main,256,40.0,0.125,0.000125,0.0195,v,5.947596700028868e-06,9.790043737767127e-06
fig3,SD,fixed,main,256,40.0,0.125,0.000125,0.02,u,2.0117680456566145e-05,3.8597755973971455e-05
fig3,SD,fixed,main,256,40.0,0.125,0.000125,0.02,v,6.065982565528483e-06,9.984912835258055e-06
fig3,SD,moving,main,256,40.0,0.125,0.000125,0.0,u,7.429412060000473e-07,1.425406046890384e-06
fig3,SD,moving,main,256,40.0,0.125,0.000125,0.0,v,7.320459969317739e-07,1.2049845827617432e-06
fig3,SD,moving,main,256,40.0,0.125,0.000125,0.0005,u,1.0639706924386871e-06,2.041332808663943e-06
fig3,SD,moving,main,256,40.0,0.125,0.000125,0.0005,v,6.97703077978673e-07,1.148454408375202e-06
fig3,SD,moving,main,256,40.0,0.125,0.000125,0.001,u,1.4236888300489525e-06,2.7314875670551295e-06
fig3,SD,moving,main,256,40.0,0.125,0.000125,0.001,v,7.132804273890514e-07,1.1740955101071579e-06
fig3,SD,moving,main,256,40.0,0.125,0.000125,0.0015,u,1.7897505016906123e-06,3.4338130217194263e-06
fig3,SD,moving,main,256,40.0,0.125,0.000125,0.0015,v,8.644713386796177e-07,1.422963365299883e-06
fig3,SD,moving,main,256,40.0,0.125,0.000125,0.002,u,2.16925298246462e-06,4.1619259955812335e-06
fig3,SD,moving,main,256,40.0,0.125,0.000125,0.002,v,1.0194307897837263e-06,1.678034426840126e-06
fig3,SD,moving,main,256,40.0,0.125,0.000125,0.0025,u,2.559672405921809e-06,4.910984201701651e-06
fig3,SD,moving,main,256,40.0,0.125,0.000125,0.0025,v,1.1764616744125433e-06,1.9365151722963404e-06
fig3,SD,moving,main,256,40.0,0.125,0.000125,0.003,u,2.975156239315435e-06,5.708130952644462e-06
fig3,SD,moving,main,256,40.0,0.125,0.000125,0.003,v,1.3343310404922981e-06,2.1963761004535687e-06
fig3,SD,moving,main,256,40.0,0.125,0.000125,0.0035,u,3.424397259976786e-06,6.570044199870994e-06
fig3,SD,moving,main,256,40.0,0.125,0.000125,0.0035,v,1.4942456609823296e-06,2.45960362038582e-06
fig3,SD,moving,main,256,40.0,0.125,0.000125,0.004,u,3.909114602018704e-06,7.500022271889712e-06
fig3,SD,moving,main,256,40.0,0.125,0.000125,0.004,v,1.6539451440644726e-06,2.7224770133086102e-06
fig3,SD,moving,main,256,40.0,0.125,0.000125,0.0045000000000000005,u,4.394472935542737e-06,8.431230149345566e-06
fig3,SD,moving,main,256,40.0,0.125,0.000125,0.0045000000000000005,v,1.8168097762893964e-06,2.990560401143166e-06
fig3,SD,moving,main,256,40.0,0.125,0.000125,0.005,u,4.880047001887267e-06,9.362851931514693e-06
fig3,SD,moving,main,256,40.0,0.125,0.000125,0.005,v,1.981089513714007e-06,3.2609731234126556e-06
fig3,SD,moving,main,256,40.0,0.125,0.000125,0.0055,u,5.365817004776563e-06,1.0294849637287817e-05
fig3,SD,moving,main,256,40.0,0.125,0.000125,0.0055,v,2.1494296667534663e-06,3.5380694942998604e-06
fig3,SD,moving,main,256,40.0,0.125,0.000125,0.006,u,5.8517628429566315e-06,1.1227184700424754e-05
fig3,SD,moving,main,256,40.0,0.125,0.000125,0.006,v,2.317907787818818e-06,3.815392967506881e-06
fig3,SD,moving,main,256,40.0,0.125,0.000125,0.006500000000000001,u,6.338037781106198e-06,1.2160151174341932e-05
fig3,SD,moving,main,256,40.0,0.125,0.000125,0.006500000000000001,v,2.4895444958317192e-06,4.09791563392179e-06
fig3,SD,moving,main,256,40.0,0.125,0.000125,0.007,u,6.82455773537427e-06,1.3093587735870461e-05
fig3,SD,moving,main,256,40.0,0.125,0.000125,0.007,v,2.662055759772297e-06,4.3818778634434296e-06
fig3,SD,moving,main,256,40.0,0.125,0.000125,0.0075,u,7.311149941124917e-06,1.402716291900098e-05
fig3,SD,moving,main,256,40.0,0.125,0.000125,0.0075,v,2.83474919077209e-06,4.6661399491199586e-06
fig3,SD,moving,main,256,40.0,0.125,0.000125,0.008,u,7.797792214270238e-06,1.4960834161370834e-05
fig3,SD,moving,main,256,40.0,0.125,0.000125,0.008,v,3.0099248299886305e-06,4.954487874545521e-06
fig3,SD,moving,main,256,40.0,0.125,0.000125,0.0085,u,8.284462086949329e-06,1.5894558356170853e-05
fig3,SD,moving,main,256,40.0,0.125,0.000125,0.0085,v,3.1872236351815353e-06,5.246330638108149e-06
fig3,SD,moving,main,256,40.0,0.125,0.000125,0.009000000000000001,u,8.771136817520286e-06,1.682829187131599e-05
fig3,SD,moving,main,256,40.0,0.125,0.000125,0.009000000000000001,v,3.3661634022963405e-06,5.540874507646462e-06
fig3,SD,moving,main,256,40.0,0.125,0.000125,0.0095,u,9.257793400163639e-06,1.776199056787045e-05
fig3,SD,moving,main,256,40.0,0.125,0.000125,0.0095,v,3.5454646197807804e-06,5.836013342698785e-06
fig3,SD,moving,main,256,40.0,0.125,0.000125,0.01,u,9.744408561107587e-06,1.8695609792805456e-05
fig3,SD,moving,main,256,40.0,0.125,0.000125,0.01,v,3.725116504871284e-06,6.131729394293173e-06
fig3,SD,moving,main,256,40.0,0.125,0.000125,0.0105,u,1.0230958770451881e-05,1.96291044016845e-05
fig3,SD,moving,main,256,40.0,0.125,0.000125,0.0105,v,3.905108149182546e-06,6.428004706677975e-06
fig3,SD,moving,main,256,40.0,0.125,0.000125,0.011,u,1.071742024560951e-05,2.0562428765266585e-05
fig3,SD,moving,main,256,40.0,0.125,0.000125,0.011,v,4.0854285175973e-06,6.724821115494357e-06
fig3,SD,moving,main,256,40.0,0.125,0.000125,0.0115,u,1.1203768954970439e-05,2.1495536776535455e-05
fig3,SD,moving,main,256,40.0,0.125,0.000125,0.0115,v,4.266066449321038e-06,7.0221602495124045e-06
fig3,SD,moving,main,256,40.0,0.125,0.000125,0.012,u,1.1689980626283791e-05,2.2428381866781654e-05
fig3,SD,moving,main,256,40.0,0.125,0.000125,0.012,v,4.4470106536076415e-06,7.320003523595316e-06
fig3,SD,moving,main,256,40.0,0.125,0.000125,0.0125,u,1.2176030749655453e-05,2.33609170113537e-05
fig3,SD,moving,main,256,40.0,0.125,0.000125,0.0125,v,4.628249710536547e-06,7.6183321399786434e-06
fig3,SD,moving,main,256,40.0,0.125,0.000125,0.013000000000000001,u,1.266189458659639e-05,2.4293094747018193e-05
fig3,SD,moving,main,256,40.0,0.125,0.000125,0.013000000000000001,v,4.80977206807065e-06,7.917127083427456e-06
fig3,SD,moving,main,256,40.0,0.125,0.000125,0.0135,u,1.314754717124389e-05,2.52248671743029e-05
fig3,SD,moving,main,256,40.0,0.125,0.000125,0.0135,v,4.991566043277551e-06,8.216369123246577e-06
fig3,SD,moving,main,256,40.0,0.125,0.000125,0.014,u,1.3633273386992606e-05,2.6156780870124155e-05
fig3,SD,moving,main,256,40.0,0.125,0.000125,0.014,v,5.1736198184992865e-06,8.516038806975767e-06
fig3,SD,moving,main,256,40.0,0.125,0.000125,0.0145,u,1.4118854056333063e-05,2.7088415320792818e-05
fig3,SD,moving,main,256,40.0,0.125,0.000125,0.0145,v,5.355921441685396e-06,8.816116460937961e-06
fig3,SD,moving,main,256,40.0,0.125,0.000125,0.015,u,1.4604200899825948e-05,2.8019601153489615e-05
fig3,SD,moving,main,256,40.0,0.125,0.000125,0.015,v,5.538458826725989e-06,9.116582190787526e-06
fig3,SD,moving,main,256,40.0,0.125,0.000125,0.0155,u,1.5089288815939295e-05,2.895029020844745e-05
fig3,SD,moving,main,256,40.0,0.125,0.000125,0.0155,v,5.721219748178186e-06,9.41741587282971e-06
fig3,SD,moving,main,256,40.0,0.125,0.000125,0.016,u,1.5574092496972725e-05,2.9880433930344773e-05
fig3,SD,moving,main,256,40.0,0.125,0.000125,0.016,v,5.904191843097983e-06,9.718597157035986e-06
fig3,SD,moving,main,256,40.0,0.125,0.000125,0.0165,u,1.6058586429223976e-05,3.080998336862508e-05
fig3,SD,moving,main,256,40.0,0.125,0.000125,0.0165,v,6.087362609819014e-06,1.0020105465033824e-05
fig3,SD,moving,main,256,40.0,0.125,0.000125,0.017,u,1.6542744900704953e-05,3.1738889192300906e-05
fig3,SD,moving,main,256,40.0,0.125,0.000125,0.017,v,6.270719406176184e-06,1.0321919987182718e-05
fig3,SD,moving,main,256,40.0,0.125,0.000125,0.0175,u,1.702654200969045e-05,3.266710170635544e-05
fig3,SD,moving,main,256,40.0,0.125,0.000125,0.0175,v,6.454249449838745e-06,1.0624019683122435e-05
fig3,SD,moving,main,256,40.0,0.125,0.000125,0.018000000000000002,u,1.7509951671212942e-05,3.359457086420338e-05
fig3,SD,moving,main,256,40.0,0.125,0.000125,0.018000000000000002,v,6.637967341627249e-06,1.0926428586539019e-05
fig3,SD,moving,main,256,40.0,0.125,0.000125,0.0185,u,1.7992947617950783e-05,3.4521246269395024e-05
fig3,SD,moving,main,256,40.0,0.125,0.000125,0.0185,v,6.821951130497883e-06,1.1229275169945535e-05
fig3,SD,moving,main,256,40.0,0.125,0.000125,0.019,u,1.8475503412107575e-05,3.5447077198408054e-05
fig3,SD,moving,main,256,40.0,0.125,0.000125,0.019,v,7.006075618321006e-06,1.1532353350914598e-05
fig3,SD,moving,main,256,40.0,0.125,0.000125,0.0195,u,1.8957592447355065e-05,3.6372012604375134e-05
fig3,SD,moving,main,256,40.0,0.125,0.000125,0.0195,v,7.1928107829299925e-06,1.1839728837368186e-05
fig3,SD,moving,main,256,40.0,0.125,0.000125,0.02,u,1.943981344065815e-05,3.729720118489877e-05
fig3,SD,moving,main,256,40.0,0.125,0.000125,0.02,v,7.380284629543432e-06,1.2148320231607158e-05
fig3,SD2,fixed,main,256,40.0,0.125,0.000125,0.0,u,1.679816183886018e-05,3.222893180291991e-05
fig3,SD2,fixed,main,256,40.0,0.125,0.000125,0.0,v,5.413476456384014e-05,8.910854914072244e-05
fig3,SD2,fixed,main,256,40.0,0.125,0.000125,0.0005,u,1.701484010041554e-05,3.264465043819868e-05
fig3,SD2,fixed,main,256,40.0,0.125,0.000125,0.0005,v,5.416193717078244e-05,8.915327662038375e-05
fig3,SD2,fixed,main,256,40.0,0.125,0.000125,0.001,u,1.7250414980685136e-05,3.309662410195551e-05
fig3,SD2,fixed,main,256,40.0,0.125,0.000125,0.001,v,5.4188014441347576e-05,8.919620112119818e-05
fig3,SD2,fixed,main,256,40.0,0.125,0.000125,0.0015,u,1.7481906117056134e-05,3.354076269989555e-05
fig3,SD2,fixed,main,256,40.0,0.125,0.000125,0.0015,v,5.420930594335349e-05,8.923124800591377e-05
fig3,SD2,fixed,main,256,40.0,0.125,0.000125,0.002,u,1.771237655534552e-05,3.398294298780268e-05
fig3,SD2,fixed,main,256,40.0,0.125,0.000125,0.002,v,5.422402071864063e-05,8.92554692671926e-05
fig3,SD2,fixed,main,256,40.0,0.125,0.000125,0.0025,u,1.7980818400764598e-05,3.449797516882663e-05
fig3,SD2,fixed,main,256,40.0,0.125,0.000125,0.0025,v,5.4238017359820034e-05,8.927850844355899e-05
fig3,SD2,fixed,main,256,40.0,0.125,0.000125,0.003,u,1.828646900559061e-05,3.5084396028022684e-05
fig3,SD2,fixed,main,256,40.0,0.125,0.000125,0.003,v,5.4246674501046144e-05,8.929275853406146e-05
fig3,SD2,fixed,main,256,40.0,0.125,0.000125,0.0035,u,1.8590900802362142e-05,3.566847848364545e-05
fig3,SD2,fixed,main,256,40.0,0.125,0.000125,0.0035,v,5.424875226356374e-05,8.92961786358185e-05
fig3,SD2,fixed,main,256,40.0,0.125,0.000125,0.004,u,1.8891750539484775e-05,3.624568840421076e-05
fig3,SD2,fixed,main,256,40.0,0.125,0.000125,0.004,v,5.4246242500943787e-05,8.929204744013393e-05
fig3,SD2,fixed,main,256,40.0,0.125,0.000125,0.0045000000000000005,u,1.9188960256544263e-05,3.681591458694203e-05
fig3,SD2,fixed,main,256,40.0,0.125,0.000125,0.0045000000000000005,v,5.424207094506528e-05,8.92851808490443e-05
fig3,SD2,fixed,main,256,40.0,0.125,0.000125,0.005,u,1.9520524547789186e-05,3.7452053411732705e-05
fig3,SD2,fixed,main,256,40.0,0.125,0.000125,0.005,v,5.423132333037817e-05,8.926748973393171e-05
fig3,SD2,fixed,main,256,40.0,0.125,0.000125,0.0055,u,1.98868107178507e-05,3.815480958877798e-05
fig3,SD2,fixed,main,256,40.0,0.125,0.000125,0.0055,v,5.4214002755181845e-05,8.9238979194753e-05
fig3,SD2,fixed,main,256,40.0,0.125,0.000125,0.006,u,2.0250330333815292e-05,3.885225785867401e-05
fig3,SD2,fixed,main,256,40.0,0.125,0.000125,0.006,v,5.419493560898658e-05,8.920759371173848e-05
fig3,SD2,fixed,main,256,40.0,0.125,0.000125,0.006500000000000001,u,2.0611014348248524e-05,3.954426574710145e-05
fig3,SD2,fixed,main,256,40.0,0.125,0.000125,0.006500000000000001,v,5.4171211576137246e-05,8.916854275873253e-05
fig3,SD2,fixed,main,256,40.0,0.125,0.000125,0.007,u,2.0968794587794548e-05,4.023070245674703e-05
fig3,SD2,fixed,main,256,40.0,0.125,0.000125,0.007,v,5.414092621625066e-05,8.911869153094127e-05
fig3,SD2,fixed,main,256,40.0,0.125,0.000125,0.0075,u,2.132598235049521e-05,4.091600244107545e-05
fig3,SD2,fixed,main,256,40.0,0.125,0.000125,0.0075,v,5.410724351762042e-05,8.906324811246024e-05
fig3,SD2,fixed,main,256,40.0,0.125,0.000125,0.008,u,2.168089827481179e-05,4.159694367918805e-05
fig3,SD2,fixed,main,256,40.0,0.125,0.000125,0.008,v,5.40704491015509e-05,8.900268265034267e-05
fig3,SD2,fixed,main,256,40.0,0.125,0.000125,0.0085,u,2.203276823387057e-05,4.2272040932255785e-05
fig3,SD2,fixed,main,256,40.0,0.125,0.000125,0.0085,v,5.402711078450473e-05,8.893134559761325e-05
fig3,SD2,fixed,main,256,40.0,0.125,0.000125,0.009000000000000001,u,2.2381526903703097e-05,4.2941168869796376e-05
fig3,SD2,fixed,main,256,40.0,0.125,0.000125,0.009000000000000001,v,5.3981244355516544e-05,8.885584714529093e-05
fig3,SD2,fixed,main,256,40.0,0.125,0.000125,0.0095,u,2.2785857390961173e-05,4.371691682511945e-05
fig3,SD2,fixed,main,256,40.0,0.125,0.000125,0.0095,v,5.393133767828129e-05,8.877369824085405e-05
fig3,SD2,fixed,main,256,40.0,0.125,0.000125,0.01,u,2.3199423817676923e-05,4.451038484206431e-05
fig3,SD2,fixed,main,256,40.0,0.125,0.000125,0.01,v,5.387589871697074e-05,8.868244291817825e-05
fig3,SD2,fixed,main,256,40.0,0.125,0.000125,0.0105,u,2.3611013323543428e-05,4.53000599411982e-05
fig3,SD2,fixed,main,256,40.0,0.125,0.000125,0.0105,v,5.381938966930733e-05,8.858942617946736e-05
fig3,SD2,fixed,main,256,40.0,0.125,0.000125,0.011,u,2.4022296575665347e-05,4.6089147462289726e-05
fig3,SD2,fixed,main,256,40.0,0.125,0.000125,0.011,v,5.3756993608322645e-05,8.84867191203116e-05
fig3,SD2,fixed,main,256,40.0,0.125,0.000125,0.0115,u,2.4432489007852887e-05,4.687614213765136e-05
fig3,SD2,fixed,main,256,40.0,0.125,0.000125,0.0115,v,5.3693880188498966e-05,8.838283125237482e-05
fig3,SD2,fixed,main,256,40.0,0.125,0.000125,0.012,u,2.4840543936199833e-05,4.765903580088038e-05
fig3,SD2,fixed,main,256,40.0,0.125,0.000125,0.012,v,5.362707611367146e-05,8.827286838041021e-05
fig3,SD2,fixed,main,256,40.0,0.125,0.000125,0.0125,u,2.524638762413378e-05,4.843768698108334e-05
fig3,SD2,fixed,main,256,40.0,0.125,0.000125,0.0125,v,5.355838939924418e-05,8.815980658883928e-05
fig3,SD2,fixed,main,256,40.0,0.125,0.000125,0.013000000000000001,u,2.5649946960859538e-05,4.921195540798215e-05
fig3,SD2,fixed,main,256,40.0,0.125,0.000125,0.013000000000000001,v,5.3530007466218166e-05,8.811308849753264e-05
fig3,SD2,fixed,main,256,40.0,0.125,0.000125,0.0135,u,2.6051423399175988e-05,4.998222758865892e-05
fig3,SD2,fixed,main,256,40.0,0.125,0.000125,0.0135,v,5.3580667352837175e-05,8.819647722255296e-05
fig3,SD2,fixed,main,256,40.0,0.125,0.000125,0.014,u,2.645311374782633e-05,5.075291017742849e-05
fig3,SD2,fixed,main,256,40.0,0.125,0.000125,0.014,v,5.363260981761098e-05,8.828197713581716e-05
fig3,SD2,fixed,main,256,40.0,0.125,0.000125,0.0145,u,2.6852364959140118e-05,5.1518913040426167e-05
fig3,SD2,fixed,main,256,40.0,0.125,0.000125,0.0145,v,5.3683492093337115e-05,8.836573192450913e-05
fig3,SD2,fixed,main,256,40.0,0.125,0.000125,0.015,u,2.7249105976623333e-05,5.228009984875348e-05
fig3,SD2,fixed,main,256,40.0,0.125,0.000125,0.015,v,5.373084538151662e-05,8.844367782195074e-05
fig3,SD2,fixed,main,256,40.0,0.125,0.000125,0.0155,u,2.764326648430071e-05,5.303633569427028e-05
fig3,SD2,fixed,main,256,40.0,0.125,0.000125,0.0155,v,5.37788856116439e-05,8.852275446043838e-05
fig3,SD2,fixed,main,256,40.0,0.125,0.000125,0.016,u,2.8034776919816373e-05,5.378748711472962e-05
fig3,SD2,fixed,main,256,40.0,0.125,0.000125,0.016,v,5.382063327674658e-05,8.859147321995058e-05
fig3,SD2,fixed,main,256,40.0,0.125,0.000125,0.0165,u,2.8425473244997335e-05,5.4537076584142846e-05
fig3,SD2,fixed,main,256,40.0,0.125,0.000125,0.0165,v,5.3862601180454384e-05,8.866055450329984e-05
fig3,SD2,fixed,main,256,40.0,0.125,0.000125,0.017,u,2.8814590019021757e-05,5.5283635528728905e-05
fig3,SD2,fixed,main,256,40.0,0.125,0.000125,0.017,v,5.3898606467095433e-05,8.871982101863115e-05
fig3,SD2,fixed,main,256,40.0,0.125,0.000125,0.0175,u,2.920091060421015e-05,5.602482970899319e-05
fig3,SD2,fixed,main,256,40.0,0.125,0.000125,0.0175,v,5.3930855000827727e-05,8.877290372945391e-05
fig3,SD2,fixed,main,256,40.0,0.125,0.000125,0.018000000000000002,u,2.958436794220365e-05,5.6760530466854225e-05
fig3,SD2,fixed,main,256,40.0,0.125,0.000125,0.018000000000000002,v,5.3960953588672034e-05,8.882244752105622e-05
fig3,SD2,fixed,main,256,40.0,0.125,0.000125,0.0185,u,2.996489585049833e-05,5.749061082464468e-05
fig3,SD2,fixed,main,256,40.0,0.125,0.000125,0.0185,v,5.3984554262198614e-05,8.886129541840354e-05
fig3,SD2,fixed,main,256,40.0,0.125,0.000125,0.019,u,3.034352616027025e-05,5.821705045233824e-05
fig3,SD2,fixed,main,256,40.0,0.125,0.000125,0.019,v,5.400354597251411e-05,8.88925567301604e-05
fig3,SD2,fixed,main,256,40.0,0.125,0.000125,0.0195,u,3.072125137260073e-05,5.894175356123914e-05
fig3,SD2,fixed,main,256,40.0,0.125,0.000125,0.0195,v,5.402104655272133e-05,8.892136356665356e-05
fig3,SD2,fixed,main,256,40.0,0.125,0.000125,0.02,u,3.1095909417633294e-05,5.966057200688813e-05
fig3,SD2,fixed,main,256,40.0,0.125,0.000125,0.02,v,5.403204273968232e-05,8.893946384424909e-05
fig3,FD,fixed,main,256,40.0,0.125,0.000125,0.0,u,1.2350944300631994e-06,2.3696505926373464e-06
fig3,FD,fixed,main,256,40.0,0.125,0.000125,0.0,v,1.214600084509243e-06,1.9992929162771617e-06
fig3,FD,fixed,main,256,40.0,0.125,0.000125,0.0005,u,1.063220549268884e-06,2.039893584938518e-06
fig3,FD,fixed,main,256,40.0,0.125,0.000125,0.0005,v,1.2194743489457593e-06,2.0073162010474127e-06
fig3,FD,fixed,main,256,40.0,0.125,0.000125,0.001,u,1.0467944163705667e-06,2.0083784273847384e-06
fig3,FD,fixed,main,256,40.0,0.125,0.000125,0.001,v,1.2463034793075423e-06,2.0514783009569167e-06
fig3,FD,fixed,main,256,40.0,0.125,0.000125,0.0015,u,1.3010587136541574e-06,2.496209582702756e-06
fig3,FD,fixed,main,256,40.0,0.125,0.000125,0.0015,v,1.2774739825971437e-06,2.102786519372589e-06
fig3,FD,fixed,main,256,40.0,0.125,0.000125,0.002,u,1.7249130142005242e-06,3.3094159012108816e-06
fig3,FD,fixed,main,256,40.0,0.125,0.000125,0.002,v,1.3128217754010407e-06,2.1609707667311904e-06
fig3,FD,fixed,main,256,40.0,0.125,0.000125,0.0025,u,2.1475896099243386e-06,4.120362676753883e-06
fig3,FD,fixed,main,256,40.0,0.125,0.000125,0.0025,v,1.3510448997333668e-06,2.2238879546107532e-06
fig3,FD,fixed,main,256,40.0,0.125,0.000125,0.003,u,2.56894025119081e-06,4.928765477772206e-06
fig3,FD,fixed,main,256,40.0,0.125,0.000125,0.003,v,1.3924885077232219e-06,2.292106220800454e-06
fig3,FD,fixed,main,256,40.0,0.125,0.000125,0.0035,u,2.988626730870969e-06,5.733975420501105e-06
fig3,FD,fixed,main,256,40.0,0.125,0.000125,0.0035,v,1.4332517240811526e-06,2.359204528093931e-06
fig3,FD,fixed,main,256,40.0,0.125,0.000125,0.004,u,3.4178362615100433e-06,6.557456276610573e-06
fig3,FD,fixed,main,256,40.0,0.125,0.000125,0.004,v,1.4748223121641146e-06,2.4276318099126402e-06
fig3,FD,fixed,main,256,40.0,0.125,0.000125,0.0045000000000000005,u,3.84793172514275e-06,7.382636882627659e-06
fig3,FD,fixed,main,256,40.0,0.125,0.000125,0.0045000000000000005,v,1.519568941787952e-06,2.501287016079008e-06
fig3,FD,fixed,main,256,40.0,0.125,0.000125,0.005,u,4.278537086566114e-06,8.208795777893247e-06
fig3,FD,fixed,main,256,40.0,0.125,0.000125,0.005,v,1.5634943427711434e-06,2.573590438539094e-06
fig3,FD,fixed,main,256,40.0,0.125,0.000125,0.0055,u,4.709567090532829e-06,9.035769391798979e-06
fig3,FD,fixed,main,256,40.0,0.125,0.000125,0.0055,v,1.6066065821052078e-06,2.644555355967259e-06
fig3,FD,fixed,main,256,40.0,0.125,0.000125,0.006,u,5.1409369440369446e-06,9.86339504059217e-06
fig3,FD,fixed,main,256,40.0,0.125,0.000125,0.006,v,1.6489140381992229e-06,2.7141955596468493e-06
fig3,FD,fixed,main,256,40.0,0.125,0.000125,0.006500000000000001,u,5.572562329247965e-06,1.0691510952191158e-05
fig3,FD,fixed,main,256,40.0,0.125,0.000125,0.006500000000000001,v,1.6904253934413305e-06,2.782525341226063e-06
fig3,FD,fixed,main,256,40.0,0.125,0.000125,0.007,u,6.004359436651008e-06,1.1519956329767957e-05
fig3,FD,fixed,main,256,40.0,0.125,0.000125,0.007,v,1.7311496275373983e-06,2.8495594817530484e-06
fig3,FD,fixed,main,256,40.0,0.125,0.000125,0.0075,u,6.4362449762045415e-06,1.2348571373155501e-05
fig3,FD,fixed,main,256,40.0,0.125,0.000125,0.0075,v,1.7710960091843475e-06,2.9153132379697857e-06
fig3,FD,fixed,main,256,40.0,0.125,0.000125,0.008,u,6.86813619860116e-06,1.3177197319638515e-05
fig3,FD,fixed,main,256,40.0,0.125,0.000125,0.008,v,1.8102740901859704e-06,2.9798023326264243e-06
fig3,FD,fixed,main,256,40.0,0.125,0.000125,0.0085,u,7.299950917083464e-06,1.4005676485809445e-05
fig3,FD,fixed,main,256,40.0,0.125,0.000125,0.0085,v,1.8486936966821688e-06,3.0430429400441662e-06
fig3,FD,fixed,main,256,40.0,0.125,0.000125,0.009000000000000001,u,7.73160752909341e-06,1.483385230910488e-05
fig3,FD,fixed,main,256,40.0,0.125,0.000125,0.009000000000000001,v,1.8863649224876156e-06,3.1050516751503707e-06
fig3,FD,fixed,main,256,40.0,0.125,0.000125,0.0095,u,8.163025026652893e-06,1.5661569367721717e-05
fig3,FD,fixed,main,256,40.0,0.125,0.000125,0.0095,v,1.92329812065406e-06,3.165845579589681e-06
fig3,FD,fixed,main,256,40.0,0.125,0.000125,0.01,u,8.59412302139928e-06,1.6488673428650303e-05
fig3,FD,fixed,main,256,40.0,0.125,0.000125,0.01,v,1.9595038985853463e-06,3.2254421136831e-06
fig3,FD,fixed,main,256,40.0,0.125,0.000125,0.0105,u,9.02482176101671e-06,1.7315011479199504e-05
fig3,FD,fixed,main,256,40.0,0.125,0.000125,0.0105,v,1.9949931070462057e-06,3.2838591383359085e-06
fig3,FD,fixed,main,256,40.0,0.125,0.000125,0.011,u,9.455042151718107e-06,1.8140431770130675e-05
fig3,FD,fixed,main,256,40.0,0.125,0.000125,0.011,v,2.029776836720565e-06,3.341114909372467e-06
fig3,FD,fixed,main,256,40.0,0.125,0.000125,0.0115,u,9.884705765184076e-06,1.8964783828970612e-05
fig3,FD,fixed,main,256,40.0,0.125,0.000125,0.0115,v,2.063866407109316e-06,3.397228059261387e-06
fig3,FD,fixed,main,256,40.0,0.125,0.000125,0.012,u,1.0313734865929902e-05,1.978791851251784e-05
fig3,FD,fixed,main,256,40.0,0.125,0.000125,0.012,v,2.097273362200447e-06,3.4522175899883455e-06
fig3,FD,fixed,main,256,40.0,0.125,0.000125,0.0125,u,1.0742052421686132e-05,2.060968802675878e-05
fig3,FD,fixed,main,256,40.0,0.125,0.000125,0.0125,v,2.130009460921123e-06,3.506102857339732e-06
fig3,FD,fixed,main,256,40.0,0.125,0.000125,0.013000000000000001,u,1.1169582121939303e-05,2.1429945962439986e-05
fig3,FD,fixed,main,256,40.0,0.125,0.000125,0.013000000000000001,v,2.1620866712535047e-06,3.5589035612169887e-06
fig3,FD,fixed,main,256,40.0,0.125,0.000125,0.0135,u,1.159624839675022e-05,2.2248547331172837e-05
fig3,FD,fixed,main,256,40.0,0.125,0.000125,0.0135,v,2.1935171626852323e-06,3.6106397332097256e-06
fig3,FD,fixed,main,256,40.0,0.125,0.000125,0.014,u,1.2021976425302672e-05,2.3065348581835126e-05
fig3,FD,fixed,main,256,40.0,0.125,0.000125,0.014,v,2.2243132978827518e-06,3.6613317228895977e-06
fig3,FD,fixed,main,256,40.0,0.125,0.000125,0.0145,u,1.24466921616051e-05,2.3880207649882222e-05
fig3,FD,fixed,main,256,40.0,0.125,0.000125,0.0145,v,2.285649496114317e-06,3.76229419457038e-06
fig3,FD,fixed,main,256,40.0,0.125,0.000125,0.015,u,1.2870322338487394e-05,2.469298396501533e-05
fig3,FD,fixed,main,256,40.0,0.125,0.000125,0.015,v,2.363173328578938e-06,3.88990232754017e-06
fig3,FD,fixed,main,256,40.0,0.125,0.000125,0.0155,u,1.3292794488251047e-05,2.550353849080085e-05
fig3,FD,fixed,main,256,40.0,0.125,0.000125,0.0155,v,2.4403553899876584e-06,4.016947888137568e-06
fig3,FD,fixed,main,256,40.0,0.125,0.000125,0.016,u,1.3714036956213871e-05,2.631173375065725e-05
fig3,FD,fixed,main,256,40.0,0.125,0.000125,0.016,v,2.5171714261862377e-06,4.143390952803056e-06
fig3,FD,fixed,main,256,40.0,0.125,0.000125,0.0165,u,1.413397891192325e-05,2.7117433849368813e-05
fig3,FD,fixed,main,256,40.0,0.125,0.000125,0.0165,v,2.59359727727837e-06,4.269191753130426e-06
fig3,FD,fixed,main,256,40.0,0.125,0.000125,0.017,u,1.4552550369417716e-05,2.792050451195943e-05
fig3,FD,fixed,main,256,40.0,0.125,0.000125,0.017,v,2.6696088842870225e-06,4.394310686831674e-06
fig3,FD,fixed,main,256,40.0,0.125,0.000125,0.0175,u,1.4969682189946987e-05,2.872081308891132e-05
fig3,FD,fixed,main,256,40.0,0.125,0.000125,0.0175,v,2.745182293040216e-06,4.518708324133196e-06
fig3,FD,fixed,main,256,40.0,0.125,0.000125,0.018000000000000002,u,1.5385306101789453e-05,2.951822859418678e-05
fig3,FD,fixed,main,256,40.0,0.125,0.000125,0.018000000000000002,v,2.820293659944184e-06,4.642345417278693e-06
fig3,FD,fixed,main,256,40.0,0.125,0.000125,0.0185,u,1.5799354712797697e-05,3.0312621729298037e-05
fig3,FD,fixed,main,256,40.0,0.125,0.000125,0.0185,v,2.894919255536088e-06,4.765182906377125e-06
fig3,FD,fixed,main,256,40.0,0.125,0.000125,0.019,u,1.621176151805903e-05,3.1103864898004734e-05
fig3,FD,fixed,main,256,40.0,0.125,0.000125,0.019,v,2.9690354711453537e-06,4.887181930367599e-06
fig3,FD,fixed,main,256,40.0,0.125,0.000125,0.0195,u,1.662246091299613e-05,3.189183223144878e-05
fig3,FD,fixed,main,256,40.0,0.125,0.000125,0.0195,v,3.042618821447185e-06,5.00830383122259e-06
fig3,FD,fixed,main,256,40.0,0.125,0.000125,0.02,u,1.7032498305313837e-05,3.2678529447514606e-05
fig3,FD,fixed,main,256,40.0,0.125,0.000125,0.02,v,3.1156459524561697e-06,5.128510167105812e-06
fig3,SD2,moving,main,256,40.0,0.125,0.000125,0.0,u,7.954236419138727e-06,1.526098781258787e-05
fig3,SD2,moving,main,256,40.0,0.125,0.000125,0.0,v,2.7427804173973946e-05,4.514754715847048e-05
fig3,SD2,moving,main,256,40.0,0.125,0.000125,0.0005,u,8.242284306458902e-06,1.581363612050815e-05
fig3,SD2,moving,main,256,40.0,0.125,0.000125,0.0005,v,2.741829409091956e-05,4.5131893082757546e-05
fig3,SD2,moving,main,256,40.0,0.125,0.000125,0.001,u,8.531081099383275e-06,1.6367721277762066e-05
fig3,SD2,moving,main,256,40.0,0.125,0.000125,0.001,v,2.740524005306888e-05,4.511040547894742e-05
fig3,SD2,moving,main,256,40.0,0.125,0.000125,0.0015,u,8.82060511409044e-06,1.692320168179763e-05
fig3,SD2,moving,main,256,40.0,0.125,0.000125,0.0015,v,2.7388647865667082e-05,4.5083093902766065e-05
fig3,SD2,moving,main,256,40.0,0.125,0.000125,0.002,u,9.111318964805104e-06,1.7480964903674222e-05
fig3,SD2,moving,main,256,40.0,0.125,0.000125,0.002,v,2.7371024081346285e-05,4.505408426609639e-05
fig3,SD2,moving,main,256,40.0,0.125,0.000125,0.0025,u,9.402783914591595e-06,1.8040169183268642e-05
fig3,SD2,moving,main,256,40.0,0.125,0.000125,0.0025,v,2.7352329746377357e-05,4.502331244913823e-05
fig3,SD2,moving,main,256,40.0,0.125,0.000125,0.003,u,9.694945784233244e-06,1.8600710572405137e-05
fig3,SD2,moving,main,256,40.0,0.125,0.000125,0.003,v,2.733015867784072e-05,4.498681775361093e-05
fig3,SD2,moving,main,256,40.0,0.125,0.000125,0.0035,u,9.987783002984862e-06,1.9162547685479587e-05
fig3,SD2,moving,main,256,40.0,0.125,0.000125,0.0035,v,2.7304518539716938e-05,4.494461279481253e-05
fig3,SD2,moving,main,256,40.0,0.125,0.000125,0.004,u,1.0281274092582837e-05,1.9725639314322925e-05
fig3,SD2,moving,main,256,40.0,0.125,0.000125,0.004,v,2.7277545191384256e-05,4.490021330485893e-05
fig3,SD2,moving,main,256,40.0,0.125,0.000125,0.0045000000000000005,u,1.057539765397797e-05,2.0289944402746745e-05
fig3,SD2,moving,main,256,40.0,0.125,0.000125,0.0045000000000000005,v,2.7249644323656952e-05,4.485428707126434e-05
fig3,SD2,moving,main,256,40.0,0.125,0.000125,0.005,u,1.087013239708945e-05,2.0855422103629257e-05
fig3,SD2,moving,main,256,40.0,0.125,0.000125,0.005,v,2.7218336058010273e-05,4.480275208907008e-05
fig3,SD2,moving,main,256,40.0,0.125,0.000125,0.0055,u,1.1165457125206224e-05,2.1422031748987766e-05
fig3,SD2,moving,main,256,40.0,0.125,0.000125,0.0055,v,2.7256083845683676e-05,4.486488684886722e-05
fig3,SD2,moving,main,256,40.0,0.125,0.000125,0.006,u,1.1461350757857591e-05,2.1989732893858163e-05
fig3,SD2,moving,main,256,40.0,0.125,0.000125,0.006,v,2.729674274004612e-05,4.493181343690162e-05
fig3,SD2,moving,main,256,40.0,0.125,0.000125,0.006500000000000001,u,1.1757792336919426e-05,2.255848532801033e-05
fig3,SD2,moving,main,256,40.0,0.125,0.000125,0.006500000000000001,v,2.7333889264014033e-05,4.4992958486354974e-05
fig3,SD2,moving,main,256,40.0,0.125,0.000125,0.007,u,1.2054761026947247e-05,2.3128249076587154e-05
fig3,SD2,moving,main,256,40.0,0.125,0.000125,0.007,v,2.7367525693100525e-05,4.5048325742836486e-05
fig3,SD2,moving,main,256,40.0,0.125,0.000125,0.0075,u,1.2352236124280047e-05,2.3698984417571123e-05
fig3,SD2,moving,main,256,40.0,0.125,0.000125,0.0075,v,2.740009624457862e-05,4.510193851108827e-05
fig3,SD2,moving,main,256,40.0,0.125,0.000125,0.008,u,1.26509434726918e-05,2.427208395389793e-05
fig3,SD2,moving,main,256,40.0,0.125,0.000125,0.008,v,2.7431584414427945e-05,4.5153769624661526e-05
fig3,SD2,moving,main,256,40.0,0.125,0.000125,0.0085,u,1.2950212323170618e-05,2.48462607873719e-05
fig3,SD2,moving,main,256,40.0,0.125,0.000125,0.0085,v,2.745955073746309e-05,4.519980360098969e-05
fig3,SD2,moving,main,256,40.0,0.125,0.000125,0.009000000000000001,u,1.324995905299664e-05,2.542135447954975e-05
fig3,SD2,moving,main,256,40.0,0.125,0.000125,0.009000000000000001,v,2.74839988767539e-05,4.524004646967023e-05
fig3,SD2,moving,main,256,40.0,0.125,0.000125,0.0095,u,1.3550163224851364e-05,2.5997325819418353e-05
fig3,SD2,moving,main,256,40.0,0.125,0.000125,0.0095,v,2.7506639645458186e-05,4.527731431533141e-05
fig3,SD2,moving,main,256,40.0,0.125,0.000125,0.01,u,1.3850804553683371e-05,2.6574135888104026e-05
fig3,SD2,moving,main,256,40.0,0.125,0.000125,0.01,v,2.752910723968771e-05,4.5314297107084656e-05
fig3,SD2,moving,main,256,40.0,0.125,0.000125,0.0105,u,1.4151862908817758e-05,2.7151746062919663e-05
fig3,SD2,moving,main,256,40.0,0.125,0.000125,0.0105,v,2.754806894300632e-05,4.534550902581325e-05
fig3,SD2,moving,main,256,40.0,0.125,0.000125,0.011,u,1.4453318326279607e-05,2.773011804100854e-05
fig3,SD2,moving,main,256,40.0,0.125,0.000125,0.011,v,2.7563522370654958e-05,4.537094614608367e-05
fig3,SD2,moving,main,256,40.0,0.125,0.000125,0.0115,u,1.475515101806435e-05,2.8309213857130426e-05
fig3,SD2,moving,main,256,40.0,0.125,0.000125,0.0115,v,2.757548774412477e-05,4.539064175348886e-05
fig3,SD2,moving,main,256,40.0,0.125,0.000125,0.012,u,1.5057341368251986e-05,2.8888995876206307e-05
fig3,SD2,moving,main,256,40.0,0.125,0.000125,0.012,v,2.7588870036399094e-05,4.541266968061387e-05
fig3,SD2,moving,main,256,40.0,0.125,0.000125,0.0125,u,1.5359869951325766e-05,2.946942682846462e-05
fig3,SD2,moving,main,256,40.0,0.125,0.000125,0.0125,v,2.759879146996269e-05,4.5429000859983934e-05
fig3,SD2,moving,main,256,40.0,0.125,0.000125,0.013000000000000001,u,1.566368285860209e-05,3.0052321883494037e-05
fig3,SD2,moving,main,256,40.0,0.125,0.000125,0.013000000000000001,v,2.7605251565976374e-05,4.5439634503405624e-05
fig3,SD2,moving,main,256,40.0,0.125,0.000125,0.0135,u,1.596788164687224e-05,3.063595728930429e-05
fig3,SD2,moving,main,256,40.0,0.125,0.000125,0.0135,v,2.760825033343295e-05,4.5444570625681554e-05
fig3,SD2,moving,main,256,40.0,0.125,0.000125,0.014,u,1.6272392542093783e-05,3.122019150311201e-05
fig3,SD2,moving,main,256,40.0,0.125,0.000125,0.014,v,2.761154835562163e-05,4.5449999336319444e-05
fig3,SD2,moving,main,256,40.0,0.125,0.000125,0.0145,u,1.6577196491673885e-05,3.180498797063695e-05
fig3,SD2,moving,main,256,40.0,0.125,0.000125,0.0145,v,2.7612348849737067e-05,4.545131698995287e-05
fig3,SD2,moving,main,256,40.0,0.125,0.000125,0.015,u,1.6882274651186524e-05,3.239031053698748e-05
fig3,SD2,moving,main,256,40.0,0.125,0.000125,0.015,v,2.7609736922840078e-05,4.544701762672247e-05
fig3,SD2,moving,main,256,40.0,0.125,0.000125,0.0155,u,1.7187608382818187e-05,3.297612344367845e-05
fig3,SD2,moving,main,256,40.0,0.125,0.000125,0.0155,v,2.760371444043841e-05,4.5437104317347944e-05
fig3,SD2,moving,main,256,40.0,0.125,0.000125,0.016,u,1.7493179261196534e-05,3.356239133981406e-05
fig3,SD2,moving,main,256,40.0,0.125,0.000125,0.016,v,2.759798460116869e-05,4.542767271330851e-05
fig3,SD2,moving,main,256,40.0,0.125,0.000125,0.0165,u,1.7798969091820105e-05,3.41490793174471e-05
fig3,SD2,moving,main,256,40.0,0.125,0.000125,0.0165,v,2.758960097126728e-05,4.541387283622275e-05
fig3,SD2,moving,main,256,40.0,0.125,0.000125,0.017,u,1.8104959896680928e-05,3.47361528839945e-05
fig3,SD2,moving,main,256,40.0,0.125,0.000125,0.017,v,2.75778558866957e-05,4.53945398354396e-05
fig3,SD2,moving,main,256,40.0,0.125,0.000125,0.0175,u,1.8412089907493545e-05,3.532541212962286e-05
fig3,SD2,moving,main,256,40.0,0.125,0.000125,0.0175,v,2.760870380702496e-05,4.5445317066054634e-05
fig3,SD2,moving,main,256,40.0,0.125,0.000125,0.018000000000000002,u,1.871964183253194e-05,3.5915480859344765e-05
fig3,SD2,moving,main,256,40.0,0.125,0.000125,0.018000000000000002,v,2.7665557062461765e-05,4.5538900388097654e-05
fig3,SD2,moving,main,256,40.0,0.125,0.000125,0.0185,u,1.9027371413238292e-05,3.650589043900382e-05
fig3,SD2,moving,main,256,40.0,0.125,0.000125,0.0185,v,2.7719044162877182e-05,4.5626942849428414e-05
fig3,SD2,moving,main,256,40.0,0.125,0.000125,0.019,u,1.9335261144448612e-05,3.7096607283214796e-05
fig3,SD2,moving,main,256,40.0,0.125,0.000125,0.019,v,2.7769435663960174e-05,4.5709889798338355e-05
fig3,SD2,moving,main,256,40.0,0.125,0.000125,0.0195,u,1.9643293762083847e-05,3.768759826913772e-05
fig3,SD2,moving,main,256,40.0,0.125,0.000125,0.0195,v,2.7820723312199647e-05,4.5794311850605156e-05
fig3,SD2,moving,main,256,40.0,0.125,0.000125,0.02,u,1.995145224847894e-05,3.8278830746702205e-05
fig3,SD2,moving,main,256,40.0,0.125,0.000125,0.02,v,2.7868624766003158e-05,4.5873160056273966e-05
fig4,SD,fixed,main,256,40.0,0.125,0.000125,0.0,u,0.00024046999548987813,0.00013618729652504583
fig4,SD,fixed,main,256,40.0,0.125,0.000125,0.0,v,0.00011975115052420549,4.683653696636784e-05
fig4,SD,fixed,main,256,40.0,0.125,0.000125,0.0005,u,0.00023894642347443984,0.0001353244397955771
fig4,SD,fixed,main,256,40.0,0.125,0.000125,0.0005,v,0.0001497716439327057,5.857801872350231e-05
fig4,SD,fixed,main,256,40.0,0.125,0.000125,0.001,u,0.0002399245130662031,0.0001358783690996891
fig4,SD,fixed,main,256,40.0,0.125,0.000125,0.001,v,0.0001990982210511305,7.787041000758033e-05
fig4,SD,fixed,main,256,40.0,0.125,0.000125,0.0015,u,0.00024156913899675558,0.00013680978326144618
fig4,SD,fixed,main,256,40.0,0.125,0.000125,0.0015,v,0.0002484816671066703,9.718504361721235e-05
fig4,SD,fixed,main,256,40.0,0.125,0.000125,0.002,u,0.00024387027115002624,0.0001381130018449637
fig4,SD,fixed,main,256,40.0,0.125,0.000125,0.002,v,0.0002979309766186766,0.00011652543744877145
fig4,SD,fixed,main,256,40.0,0.125,0.000125,0.0025,u,0.00024681818271776734,0.00013978251618910345
fig4,SD,fixed,main,256,40.0,0.125,0.000125,0.0025,v,0.00034745533883207,0.00013589518555882853
fig4,SD,fixed,main,256,40.0,0.125,0.000125,0.003,u,0.0002507492627867869,0.00014200883621681685
fig4,SD,fixed,main,256,40.0,0.125,0.000125,0.003,v,0.00039706414562390435,0.00015529796125653253
fig4,SD,fixed,main,256,40.0,0.125,0.000125,0.0035,u,0.00025590448134837906,0.00014492843239125318
fig4,SD,fixed,main,256,40.0,0.125,0.000125,0.0035,v,0.00044676699982959533,0.0001747375203601279
fig4,SD,fixed,main,256,40.0,0.125,0.000125,0.004,u,0.00026165918696019475,0.00014818754086328573
fig4,SD,fixed,main,256,40.0,0.125,0.000125,0.004,v,0.000496573723956395,0.00019421770460492988
fig4,SD,fixed,main,256,40.0,0.125,0.000125,0.0045000000000000005,u,0.00028278394124758854,0.0001601512919761647
fig4,SD,fixed,main,256,40.0,0.125,0.000125,0.0045000000000000005,v,0.0005464943693334057,0.0002137424452220373
fig4,SD,fixed,main,256,40.0,0.125,0.000125,0.005,u,0.0003065438412552801,0.00017360742624838882
fig4,SD,fixed,main,256,40.0,0.125,0.000125,0.005,v,0.0005965392256364055,0.00023331576666363996
fig4,SD,fixed,main,256,40.0,0.125,0.000125,0.0055,u,0.00033112114145295024,0.00018752648531015047
fig4,SD,fixed,main,256,40.0,0.125,0.000125,0.0055,v,0.0006467188308367788,0.0002529417904941999
fig4,SD,fixed,main,256,40.0,0.125,0.000125,0.006,u,0.00035737222876131014,0.00020239347361813235
fig4,SD,fixed,main,256,40.0,0.125,0.000125,0.006,v,0.0006970439815514595,0.0002726247394384753
fig4,SD,fixed,main,256,40.0,0.125,0.000125,0.006500000000000001,u,0.00038428598674355996,0.00021763575751082806
fig4,SD,fixed,main,256,40.0,0.125,0.000125,0.006500000000000001,v,0.0007475257438018801,0.0002923689415895127
fig4,SD,fixed,main,256,40.0,0.125,0.000125,0.007,u,0.0004118606375271838,0.00023325233011147102
fig4,SD,fixed,main,256,40.0,0.125,0.000125,0.007,v,0.0007981754641850358,0.0003121788347778237
fig4,SD,fixed,main,256,40.0,0.125,0.000125,0.0075,u,0.00044009452556825757,0.00024924225382262486
fig4,SD,fixed,main,256,40.0,0.125,0.000125,0.0075,v,0.0008490047814673218,0.00033205897110591534
fig4,SD,fixed,main,256,40.0,0.125,0.000125,0.008,u,0.00046898612185009014,0.0002656046627040334
fig4,SD,fixed,main,256,40.0,0.125,0.000125,0.008,v,0.000900025638591373,0.00035201402164435145
fig4,SD,fixed,main,256,40.0,0.125,0.000125,0.0085,u,0.0004985502587429025,0.00028234795689059623
fig4,SD,fixed,main,256,40.0,0.125,0.000125,0.0085,v,0.0009512502951443125,0.00037204878130827886
fig4,SD,fixed,main,256,40.0,0.125,0.000125,0.009000000000000001,u,0.0005288170691613026,0.00029948920179693426
fig4,SD,fixed,main,256,40.0,0.125,0.000125,0.009000000000000001,v,0.0010027067082338803,0.0003921741845572363
fig4,SD,fixed,main,256,40.0,0.125,0.000125,0.0095,u,0.0005597305375890649,0.0003169966737075682
fig4,SD,fixed,main,256,40.0,0.125,0.000125,0.0095,v,0.0010546078852105012,0.0004124735418780008
fig4,SD,fixed,main,256,40.0,0.125,0.000125,0.01,u,0.0005912895543382923,0.00033486974416407277
fig4,SD,fixed,main,256,40.0,0.125,0.000125,0.01,v,0.0011067780609281819,0.00043287810878902313
fig4,SD,fixed,main,256,40.0,0.125,0.000125,0.0105,u,0.000623493164175537,0.00035310787218144666
fig4,SD,fixed,main,256,40.0,0.125,0.000125,0.0105,v,0.0011592313166843837,0.0004533933927046888
fig4,SD,fixed,main,256,40.0,0.125,0.000125,0.011,u,0.0006563405688517765,0.0003717106056809343
fig4,SD,fixed,main,256,40.0,0.125,0.000125,0.011,v,0.0012119821444702694,0.00047402506166807585
fig4,SD,fixed,main,256,40.0,0.125,0.000125,0.0115,u,0.0006898311293936921,0.0003906775827876638
fig4,SD,fixed,main,256,40.0,0.125,0.000125,0.0115,v,0.0012650454625533492,0.0004947789504455699
fig4,SD,fixed,main,256,40.0,0.125,0.000125,0.012,u,0.0007239643680845287,0.000410008532952483
fig4,SD,fixed,main,256,40.0,0.125,0.000125,0.012,v,0.0013184366315885931,0.0005156610668281705
fig4,SD,fixed,main,256,40.0,0.125,0.000125,0.0125,u,0.0007587399700936803,0.0004297032778748559
fig4,SD,fixed,main,256,40.0,0.125,0.000125,0.0125,v,0.0013721714712833233,0.0005366775981493904
fig4,SD,fixed,main,256,40.0,0.125,0.000125,0.013000000000000001,u,0.0007941577848797898,0.0004497617322974913
fig4,SD,fixed,main,256,40.0,0.125,0.000125,0.013000000000000001,v,0.0014262662776562962,0.00055783491803555
fig4,SD,fixed,main,256,40.0,0.125,0.000125,0.0135,u,0.000830217827216817,0.0004701839045874439
fig4,SD,fixed,main,256,40.0,0.125,0.000125,0.0135,v,0.0014807378408905336,0.0005791395933882976
fig4,SD,fixed,main,256,40.0,0.125,0.000125,0.014,u,0.0008669202779802987,0.0004909698971814038
fig4,SD,fixed,main,256,40.0,0.125,0.000125,0.014,v,0.0015358112312457983,0.000600679652685817
fig4,SD,fixed,main,256,40.0,0.125,0.000125,0.0145,u,0.0009042654845403675,0.0005121199068082775
fig4,SD,fixed,main,256,40.0,0.125,0.000125,0.0145,v,0.0015945218364543656,0.0006236422832670828
fig4,SD,fixed,main,256,40.0,0.125,0.000125,0.015,u,0.0009422539609094116,0.0005336342245728131
fig4,SD,fixed,main,256,40.0,0.125,0.000125,0.015,v,0.0016551944354596948,0.0006473722801290697
fig4,SD,fixed,main,256,40.0,0.125,0.000125,0.0155,u,0.0009808863875095941,0.0005555132358239385
fig4,SD,fixed,main,256,40.0,0.125,0.000125,0.0155,v,0.0017165536098868728,0.0006713708073140209
fig4,SD,fixed,main,256,40.0,0.125,0.000125,0.016,u,0.0010201636106670353,0.0005777574198682967
fig4,SD,fixed,main,256,40.0,0.125,0.000125,0.016,v,0.0017786209274954778,0.0006956463003080621
fig4,SD,fixed,main,256,40.0,0.125,0.000125,0.0165,u,0.0010600866417214139,0.0006003673494659797
fig4,SD,fixed,main,256,40.0,0.125,0.000125,0.0165,v,0.001841418436851594,0.0007202073826482193
fig4,SD,fixed,main,256,40.0,0.125,0.000125,0.017,u,0.0011006566558000586,0.0006233436901362494
fig4,SD,fixed,main,256,40.0,0.125,0.000125,0.017,v,0.0019049686773993102,0.0007450628698615387
fig4,SD,fixed,main,256,40.0,0.125,0.000125,0.0175,u,0.0011418875229876058,0.0006466942970351114
fig4,SD,fixed,main,256,40.0,0.125,0.000125,0.0175,v,0.001969294689633916,0.000770221773443982
fig4,SD,fixed,main,256,40.0,0.125,0.000125,0.018000000000000002,u,0.0011838323746584667,0.0006704492604789356
fig4,SD,fixed,main,256,40.0,0.125,0.000125,0.018000000000000002,v,0.0020344200249056144,0.0007956933046948108
fig4,SD,fixed,main,256,40.0,0.125,0.000125,0.0185,u,0.0012264364561875851,0.0006945775708428267
fig4,SD,fixed,main,256,40.0,0.125,0.000125,0.0185,v,0.0021003687557974438,0.000821486878775553
fig4,SD,fixed,main,256,40.0,0.125,0.000125,0.019,u,0.0012697014897846692,0.0007190802034795881
fig4,SD,fixed,main,256,40.0,0.125,0.000125,0.019,v,0.0021671654859694023,0.0008476121185601934
fig4,SD,fixed,main,256,40.0,0.125,0.000125,0.0195,u,0.0013136293361892815,0.0007439582121967439
fig4,SD,fixed,main,256,40.0,0.125,0.000125,0.0195,v,0.0022348353604280113,0.0008740788586517592
fig4,SD,fixed,main,256,40.0,0.125,0.000125,0.02,u,0.001358221990984454,0.000769212727168799
fig4,SD,fixed,main,256,40.0,0.125,0.000125,0.02,v,0.00230340407553431,0.0009008971492966023
fig3,FD,moving,main,256,40.0,0.125,0.000125,0.0,u,7.429412060000473e-07,1.425406046890384e-06
fig3,FD,moving,main,256,40.0,0.125,0.000125,0.0,v,7.320459969317739e-07,1.2049845827617432e-06
fig3,FD,moving,main,256,40.0,0.125,0.000125,0.0005,u,6.337434597103453e-07,1.215899390628632e-06
fig3,FD,moving,main,256,40.0,0.125,0.000125,0.0005,v,7.474404440932503e-07,1.2303246181795562e-06
fig3,FD,moving,main,256,40.0,0.125,0.000125,0.001,u,6.330115236430345e-07,1.2144950990267447e-06
fig3,FD,moving,main,256,40.0,0.125,0.000125,0.001,v,7.886668907941541e-07,1.2981854259496282e-06
fig3,FD,moving,main,256,40.0,0.125,0.000125,0.0015,u,8.781073205788026e-07,1.684735581312821e-06
fig3,FD,moving,main,256,40.0,0.125,0.000125,0.0015,v,8.464475573788377e-07,1.393295313454046e-06
fig3,FD,moving,main,256,40.0,0.125,0.000125,0.002,u,1.1684317512417053e-06,2.2417516623765536e-06
fig3,FD,moving,main,256,40.0,0.125,0.000125,0.002,v,9.129568686594425e-07,1.5027729897737483e-06
fig3,FD,moving,main,256,40.0,0.125,0.000125,0.0025,u,1.459265953018818e-06,2.799745789647518e-06
fig3,FD,moving,main,256,40.0,0.125,0.000125,0.0025,v,9.79631720854357e-07,1.612523154776396e-06
fig3,FD,moving,main,256,40.0,0.125,0.000125,0.003,u,1.7501331415203936e-06,3.357803205205816e-06
fig3,FD,moving,main,256,40.0,0.125,0.000125,0.003,v,1.050665566326714e-06,1.7294484422681976e-06
fig3,FD,moving,main,256,40.0,0.125,0.000125,0.0035,u,2.0409532259235696e-06,3.915770246901216e-06
fig3,FD,moving,main,256,40.0,0.125,0.000125,0.0035,v,1.1276429902062901e-06,1.8561571591854077e-06
fig3,FD,moving,main,256,40.0,0.125,0.000125,0.004,u,2.331700015234528e-06,4.4735966647265014e-06
fig3,FD,moving,main,256,40.0,0.125,0.000125,0.004,v,1.2046154070910475e-06,1.982857634336953e-06
fig3,FD,moving,main,256,40.0,0.125,0.000125,0.0045000000000000005,u,2.6223472821551574e-06,5.031232139021089e-06
fig3,FD,moving,main,256,40.0,0.125,0.000125,0.0045000000000000005,v,1.2815784252717677e-06,2.1095426387482572e-06
fig3,FD,moving,main,256,40.0,0.125,0.000125,0.005,u,2.912868776627775e-06,5.588626306457905e-06
fig3,FD,moving,main,256,40.0,0.125,0.000125,0.005,v,1.3594195835686662e-06,2.237673106021096e-06
fig3,FD,moving,main,256,40.0,0.125,0.000125,0.0055,u,3.20323822605717e-06,6.145728760469407e-06
fig3,FD,moving,main,256,40.0,0.125,0.000125,0.0055,v,1.439875389031009e-06,2.37010741422323e-06
fig3,FD,moving,main,256,40.0,0.125,0.000125,0.006,u,3.4934293407506978e-06,6.702489061684936e-06
fig3,FD,moving,main,256,40.0,0.125,0.000125,0.006,v,1.5201035484802006e-06,2.5021670056216057e-06
fig3,FD,moving,main,256,40.0,0.125,0.000125,0.006500000000000001,u,3.7834158206351276e-06,7.258856750817657e-06
fig3,FD,moving,main,256,40.0,0.125,0.000125,0.006500000000000001,v,1.6001003554366733e-06,2.6338457791641662e-06
fig3,FD,moving,main,256,40.0,0.125,0.000125,0.007,u,4.073171362473094e-06,7.814781362510027e-06
fig3,FD,moving,main,256,40.0,0.125,0.000125,0.007,v,1.6798622314295741e-06,2.7651378445076464e-06
fig3,FD,moving,main,256,40.0,0.125,0.000125,0.0075,u,4.3626696562548695e-06,8.370212418411058e-06
fig3,FD,moving,main,256,40.0,0.125,0.000125,0.0075,v,1.759806696255417e-06,2.8967304602668134e-06
fig3,FD,moving,main,256,40.0,0.125,0.000125,0.008,u,4.651884405015849e-06,8.925099465198119e-06
fig3,FD,moving,main,256,40.0,0.125,0.000125,0.008,v,1.8398251108164843e-06,3.0284448010148717e-06
fig3,FD,moving,main,256,40.0,0.125,0.000125,0.0085,u,4.940789316176808e-06,9.47939205796236e-06
fig3,FD,moving,main,256,40.0,0.125,0.000125,0.0085,v,1.919594107779865e-06,3.1597485878344322e-06
fig3,FD,moving,main,256,40.0,0.125,0.000125,0.009000000000000001,u,5.230011136558854e-06,1.0034292672352549e-05
fig3,FD,moving,main,256,40.0,0.125,0.000125,0.009000000000000001,v,1.999110092687495e-06,3.290635904066474e-06
fig3,FD,moving,main,256,40.0,0.125,0.000125,0.0095,u,5.518899725276416e-06,1.0588553948897782e-05
fig3,FD,moving,main,256,40.0,0.125,0.000125,0.0095,v,2.0783696013104702e-06,3.421101047415735e-06
fig3,FD,moving,main,256,40.0,0.125,0.000125,0.01,u,5.807394405699107e-06,1.1142059473492667e-05
fig3,FD,moving,main,256,40.0,0.125,0.000125,0.01,v,2.1573692995380256e-06,3.551138529767963e-06
fig3,FD,moving,main,256,40.0,0.125,0.000125,0.0105,u,6.09547010466116e-06,1.1694761140793456e-05
fig3,FD,moving,main,256,40.0,0.125,0.000125,0.0105,v,2.236105981490155e-06,3.680743074083193e-06
fig3,FD,moving,main,256,40.0,0.125,0.000125,0.011,u,6.383101773310695e-06,1.2246610892104991e-05
fig3,FD,moving,main,256,40.0,0.125,0.000125,0.011,v,2.3145765666310325e-06,3.8099096096442945e-06
fig3,FD,moving,main,256,40.0,0.125,0.000125,0.0115,u,6.670264392438785e-06,1.2797560725605052e-05
fig3,FD,moving,main,256,40.0,0.125,0.000125,0.0115,v,2.3927780996579884e-06,3.93863327187422e-06
fig3,FD,moving,main,256,40.0,0.125,0.000125,0.012,u,6.956932973312124e-06,1.33475626979419e-05
fig3,FD,moving,main,256,40.0,0.125,0.000125,0.012,v,2.4707077473928862e-06,4.066909397219056e-06
fig3,FD,moving,main,256,40.0,0.125,0.000125,0.0125,u,7.2430825612812555e-06,1.3896568931157028e-05
fig3,FD,moving,main,256,40.0,0.125,0.000125,0.0125,v,2.548362796450654e-06,4.1947335193103046e-06
fig3,FD,moving,main,256,40.0,0.125,0.000125,0.013000000000000001,u,7.528957872537934e-06,1.444504893742271e-05
fig3,FD,moving,main,256,40.0,0.125,0.000125,0.013000000000000001,v,2.628331250309479e-06,4.326365622226044e-06
fig3,FD,moving,main,256,40.0,0.125,0.000125,0.0135,u,7.814859917076866e-06,1.4993580234129509e-05
fig3,FD,moving,main,256,40.0,0.125,0.000125,0.0135,v,2.7121167708310523e-06,4.464280809127302e-06
fig3,FD,moving,main,256,40.0,0.125,0.000125,0.014,u,8.100163471025379e-06,1.5540963267555578e-05
fig3,FD,moving,main,256,40.0,0.125,0.000125,0.014,v,2.796029798801669e-06,4.602405879712002e-06
fig3,FD,moving,main,256,40.0,0.125,0.000125,0.0145,u,8.384844887909804e-06,1.6087152669606802e-05
fig3,FD,moving,main,256,40.0,0.125,0.000125,0.0145,v,2.880068088018106e-06,4.7407371366165005e-06
fig3,FD,moving,main,256,40.0,0.125,0.000125,0.015,u,8.668880565554371e-06,1.6632103157178962e-05
fig3,FD,moving,main,256,40.0,0.125,0.000125,0.015,v,2.9642294115950207e-06,4.8792709142753604e-06
fig3,FD,moving,main,256,40.0,0.125,0.000125,0.0155,u,8.952246958293664e-06,1.7175769555588525e-05
fig3,FD,moving,main,256,40.0,0.125,0.000125,0.0155,v,3.048511560299616e-06,5.018003576180122e-06
fig3,FD,moving,main,256,40.0,0.125,0.000125,0.016,u,9.234920572087635e-06,1.7718106789200328e-05
fig3,FD,moving,main,256,40.0,0.125,0.000125,0.016,v,3.1329123444390206e-06,5.156931517986028e-06
fig3,FD,moving,main,256,40.0,0.125,0.000125,0.0165,u,9.517742427078701e-06,1.8260728438183137e-05
fig3,FD,moving,main,256,40.0,0.125,0.000125,0.0165,v,3.217429590196552e-06,5.29605116148133e-06
fig3,FD,moving,main,256,40.0,0.125,0.000125,0.017,u,9.799997648607395e-06,1.880226294493031e-05
fig3,FD,moving,main,256,40.0,0.125,0.000125,0.017,v,3.3052717279824506e-06,5.440643744724026e-06
fig3,FD,moving,main,256,40.0,0.125,0.000125,0.0175,u,1.008148430464706e-05,1.9342322882913967e-05
fig3,FD,moving,main,256,40.0,0.125,0.000125,0.0175,v,3.3935376030358455e-06,5.58593382085189e-06
fig3,FD,moving,main,256,40.0,0.125,0.000125,0.018000000000000002,u,1.0362180273171262e-05,1.9880865808842518e-05
fig3,FD,moving,main,256,40.0,0.125,0.000125,0.018000000000000002,v,3.486205379377161e-06,5.738469648215352e-06
fig3,FD,moving,main,256,40.0,0.125,0.000125,0.0185,u,1.0642063499544108e-05,2.041784940871976e-05
fig3,FD,moving,main,256,40.0,0.125,0.000125,0.0185,v,3.594248685123702e-06,5.916314371416986e-06
fig3,FD,moving,main,256,40.0,0.125,0.000125,0.019,u,1.0921871119839999e-05,2.095468795087453e-05
fig3,FD,moving,main,256,40.0,0.125,0.000125,0.019,v,3.7025439543203476e-06,6.094573839148428e-06
fig3,FD,moving,main,256,40.0,0.125,0.000125,0.0195,u,1.1201271471750207e-05,2.149074510842582e-05
fig3,FD,moving,main,256,40.0,0.125,0.000125,0.0195,v,3.811061891734191e-06,6.2731998299807655e-06
fig3,FD,moving,main,256,40.0,0.125,0.000125,0.02,u,1.1479784606416299e-05,2.2025100052108156e-05
fig3,FD,moving,main,256,40.0,0.125,0.000125,0.02,v,3.921096118797429e-06,6.454321709948732e-06
fig4,SD,moving,main,256,40.0,0.125,0.000125,0.0,u,7.553023214790233e-05,4.277564068305933e-05
fig4,SD,moving,main,256,40.0,0.125,0.000125,0.0,v,6.770600946293115e-05,2.648087305361499e-05
fig4,SD,moving,main,256,40.0,0.125,0.000125,0.0005,u,7.710546380002015e-05,4.366775422789298e-05
fig4,SD,moving,main,256,40.0,0.125,0.000125,0.0005,v,8.232977636501992e-05,3.22004556722286e-05
fig4,SD,moving,main,256,40.0,0.125,0.000125,0.001,u,7.893914104906141e-05,4.470623533543275e-05
fig4,SD,moving,main,256,40.0,0.125,0.000125,0.001,v,9.699955444197883e-05,3.793803397675618e-05
fig4,SD,moving,main,256,40.0,0.125,0.000125,0.0015,u,8.103442632956259e-05,4.589287501253205e-05
fig4,SD,moving,main,256,40.0,0.125,0.000125,0.0015,v,0.00011171838541357282,4.369479763109315e-05
fig4,SD,moving,main,256,40.0,0.125,0.000125,0.002,u,8.339453597228097e-05,4.722949478952222e-05
fig4,SD,moving,main,256,40.0,0.125,0.000125,0.002,v,0.00012660453530588534,4.951700231694507e-05
fig4,SD,moving,main,256,40.0,0.125,0.000125,0.0025,u,8.804752480173761e-05,4.9864659181462374e-05
fig4,SD,moving,main,256,40.0,0.125,0.000125,0.0025,v,0.00014737237868089892,5.763962877763155e-05
fig4,SD,moving,main,256,40.0,0.125,0.000125,0.003,u,0.00010274758828221486,5.818986374627478e-05
fig4,SD,moving,main,256,40.0,0.125,0.000125,0.003,v,0.00017090635343697258,6.684413223169742e-05
fig4,SD,moving,main,256,40.0,0.125,0.000125,0.0035,u,0.00012011764444697093,6.802718663035122e-05
fig4,SD,moving,main,256,40.0,0.125,0.000125,0.0035,v,0.00019468676311218402,7.614502021442524e-05
fig4,SD,moving,main,256,40.0,0.125,0.000125,0.004,u,0.00013755886018329555,7.790480988393554e-05
fig4,SD,moving,main,256,40.0,0.125,0.000125,0.004,v,0.0002187275307372616,8.554773823962038e-05
fig4,SD,moving,main,256,40.0,0.125,0.000125,0.0045000000000000005,u,0.0001550779823982218,8.782655453686919e-05
fig4,SD,moving,main,256,40.0,0.125,0.000125,0.0045000000000000005,v,0.0002430430542528228,9.505791756573025e-05
fig4,SD,moving,main,256,40.0,0.125,0.000125,0.005,u,0.0001727885002311691,9.78566938014962e-05
fig4,SD,moving,main,256,40.0,0.125,0.000125,0.005,v,0.0002676482181565021,0.00010468137975121692
fig4,SD,moving,main,256,40.0,0.125,0.000125,0.0055,u,0.00019079472224947658,0.00010805430158332139
fig4,SD,moving,main,256,40.0,0.125,0.000125,0.0055,v,0.000292654839682438,0.00011446185825498484
fig4,SD,moving,main,256,40.0,0.125,0.000125,0.006,u,0.0002089586529510079,0.00011834122578553004
fig4,SD,moving,main,256,40.0,0.125,0.000125,0.006,v,0.0003180104471769418,0.00012437883059740083
fig4,SD,moving,main,256,40.0,0.125,0.000125,0.006500000000000001,u,0.00022728706116859065,0.00012872129985537422
fig4,SD,moving,main,256,40.0,0.125,0.000125,0.006500000000000001,v,0.00034370016030704775,0.0001344264768488695
fig4,SD,moving,main,256,40.0,0.125,0.000125,0.007,u,0.00024578725935597845,0.00013919866511329448
fig4,SD,moving,main,256,40.0,0.125,0.000125,0.007,v,0.00036974103312692463,0.00014461146711514767
fig4,SD,moving,main,256,40.0,0.125,0.000125,0.0075,u,0.0002644671230689344,0.00014977778178579783
fig4,SD,moving,main,256,40.0,0.125,0.000125,0.0075,v,0.00039615067025833284,0.00015494068683753805
fig4,SD,moving,main,256,40.0,0.125,0.000125,0.008,u,0.0002833351120490324,0.00016046344094601544
fig4,SD,moving,main,256,40.0,0.125,0.000125,0.008,v,0.00042294724729297073,0.00016542124477256394
fig4,SD,moving,main,256,40.0,0.125,0.000125,0.0085,u,0.0003024002929978842,0.00017126077741161299
fig4,SD,moving,main,256,40.0,0.125,0.000125,0.0085,v,0.00045014953299826743,0.0001760604816770002
fig4,SD,moving,main,256,40.0,0.125,0.000125,0.009000000000000001,u,0.0003216723642229802,0.00018217528370266677
fig4,SD,moving,main,256,40.0,0.125,0.000125,0.009000000000000001,v,0.00047777691360328944,0.0001868659798064689
fig4,SD,moving,main,256,40.0,0.125,0.000125,0.0095,u,0.0003411616821804575,0.00019321282507384204
fig4,SD,moving,main,256,40.0,0.125,0.000125,0.0095,v,0.0005058494180385509,0.00019784557278712157
fig4,SD,moving,main,256,40.0,0.125,0.000125,0.01,u,0.0003608792901765856,0.00020437965576913493
fig4,SD,moving,main,256,40.0,0.125,0.000125,0.01,v,0.0005343877459771385,0.00020900735658295916
fig4,SD,moving,main,256,40.0,0.125,0.000125,0.0105,u,0.00038083694927992795,0.00021568243652860425
fig4,SD,moving,main,256,40.0,0.125,0.000125,0.0105,v,0.000563413297083315,0.0002203597009354157
fig4,SD,moving,main,256,40.0,0.125,0.000125,0.011,u,0.00040104717161026926,0.000227128253441156
fig4,SD,moving,main,256,40.0,0.125,0.000125,0.011,v,0.0005929482029483069,0.00023191126185394126
fig4,SD,moving,main,256,40.0,0.125,0.000125,0.0115,u,0.0004215232562940763,0.0002387246383074873
fig4,SD,moving,main,256,40.0,0.125,0.000125,0.0115,v,0.0006230153604409594,0.00024367099465996198
fig4,SD,moving,main,256,40.0,0.125,0.000125,0.012,u,0.0004422793280427495,0.0002504795904884161
fig4,SD,moving,main,256,40.0,0.125,0.000125,0.012,v,0.0006536384680959628,0.00025564816821888086
fig4,SD,moving,main,256,40.0,0.125,0.000125,0.0125,u,0.0004633303788212917,0.00026240160050343186
fig4,SD,moving,main,256,40.0,0.125,0.000125,0.0125,v,0.0006848420642064923,0.00026785237983870173
fig4,SD,moving,main,256,40.0,0.125,0.000125,0.013000000000000001,u,0.00048469231261516477,0.00027449967538386764
fig4,SD,moving,main,256,40.0,0.125,0.000125,0.013000000000000001,v,0.0007166515676577667,0.0002802935712406689
fig4,SD,moving,main,256,40.0,0.125,0.000125,0.0135,u,0.0005063819935950953,0.00028678336595045964
fig4,SD,moving,main,256,40.0,0.125,0.000125,0.0135,v,0.0007490933213700757,0.00029298204555051053
fig4,SD,moving,main,256,40.0,0.125,0.000125,0.014,u,0.0005284172979835855,0.00029926279618732376
fig4,SD,moving,main,256,40.0,0.125,0.000125,0.014,v,0.0007821946385933032,0.0003059284854049467
fig4,SD,moving,main,256,40.0,0.125,0.000125,0.0145,u,0.000550817169792106,0.00031194869480804545
fig4,SD,moving,main,256,40.0,0.125,0.000125,0.0145,v,0.000815983851772728,0.0003191439720638639
fig4,SD,moving,main,256,40.0,0.125,0.000125,0.015,u,0.0005736016807926791,0.0003248524292198666
fig4,SD,moving,main,256,40.0,0.125,0.000125,0.015,v,0.0008504903647832407,0.00033264000583992895
fig4,SD,moving,main,256,40.0,0.125,0.000125,0.0155,u,0.0005967920949940808,0.0003379860420390088
fig4,SD,moving,main,256,40.0,0.125,0.000125,0.0155,v,0.0008857447080736769,0.0003464285276663959
fig4,SD,moving,main,256,40.0,0.125,0.000125,0.016,u,0.0006204109379659428,0.00035136229035154665
fig4,SD,moving,main,256,40.0,0.125,0.000125,0.016,v,0.0009217785978563597,0.0003605219422470559
fig4,SD,moving,main,256,40.0,0.125,0.000125,0.0165,u,0.0006444820714033295,0.00036499468794216124
fig4,SD,moving,main,256,40.0,0.125,0.000125,0.0165,v,0.000958624998084634,0.0003749331422966147
fig4,SD,moving,main,256,40.0,0.125,0.000125,0.017,u,0.0006690307732368783,0.0003788975506635571
fig4,SD,moving,main,256,40.0,0.125,0.000125,0.017,v,0.0009963181867775894,0.0003896755344813231
fig4,SD,moving,main,256,40.0,0.125,0.000125,0.0175,u,0.0006940838238271851,0.0003930860452516177
fig4,SD,moving,main,256,40.0,0.125,0.000125,0.0175,v,0.0010348938265165586,0.00040476306699125346
fig4,SD,moving,main,256,40.0,0.125,0.000125,0.018000000000000002,u,0.0007196695985489665,0.00040757624175933514
fig4,SD,moving,main,256,40.0,0.125,0.000125,0.018000000000000002,v,0.0010743890388322797,0.0004202102586342758
fig4,SD,moving,main,256,40.0,0.125,0.000125,0.0185,u,0.0007458181674031561,0.00042238516997092563
fig4,SD,moving,main,256,40.0,0.125,0.000125,0.0185,v,0.001114842483556533,0.0004360322298717165
fig4,SD,moving,main,256,40.0,0.125,0.000125,0.019,u,0.0007725614020399618,0.0004375308800130537
fig4,SD,moving,main,256,40.0,0.125,0.000125,0.019,v,0.0011562944428162858,0.00045224473566977437
fig4,SD,moving,main,256,40.0,0.125,0.000125,0.0195,u,0.0007999330908428082,0.000453032507531242
fig4,SD,moving,main,256,40.0,0.125,0.000125,0.0195,v,0.001198786910625138,0.0004688642005401284
fig4,SD,moving,main,256,40.0,0.125,0.000125,0.02,u,0.0008279690626487035,0.00046891034375741685
fig4,SD,moving,main,256,40.0,0.125,0.000125,0.02,v,0.0012423636873126753,0.00048590775547272544
fig4,SD2,fixed,main,256,40.0,0.125,0.000125,0.0,u,0.0030729859150160355,0.0017403486999407944
fig4,SD2,fixed,main,256,40.0,0.125,0.000125,0.0,v,0.011772622077345307,0.004604455545545749
fig4,SD2,fixed,main,256,40.0,0.125,0.000125,0.0005,u,0.0032111784159019052,0.0018186123646335224
fig4,SD2,fixed,main,256,40.0,0.125,0.000125,0.0005,v,0.011744353447170841,0.004593399244738957
fig4,SD2,fixed,main,256,40.0,0.125,0.000125,0.001,u,0.003353155001381003,0.0018990191002300606
fig4,SD2,fixed,main,256,40.0,0.125,0.000125,0.001,v,0.011716587066576967,0.004582539381552554
fig4,SD2,fixed,main,256,40.0,0.125,0.000125,0.0015,u,0.0034998848791940596,0.0019821178059047633
fig4,SD2,fixed,main,256,40.0,0.125,0.000125,0.0015,v,0.011689263486652557,0.004571852704593034
fig4,SD2,fixed,main,256,40.0,0.125,0.000125,0.002,u,0.0036485819304556966,0.0020663305966577825
fig4,SD2,fixed,main,256,40.0,0.125,0.000125,0.002,v,0.011662322628669841,0.004561315716135807
fig4,SD2,fixed,main,256,40.0,0.125,0.000125,0.0025,u,0.003799144360458362,0.002151599822277939
fig4,SD2,fixed,main,256,40.0,0.125,0.000125,0.0025,v,0.011635703710109802,0.0045509046431925874
fig4,SD2,fixed,main,256,40.0,0.125,0.000125,0.003,u,0.003951604108627604,0.002237943571275649
fig4,SD2,fixed,main,256,40.0,0.125,0.000125,0.003,v,0.011609345169309115,0.004540595408039633
fig4,SD2,fixed,main,256,40.0,0.125,0.000125,0.0035,u,0.004105995051105538,0.002325381028997515
fig4,SD2,fixed,main,256,40.0,0.125,0.000125,0.0035,v,0.011583184588531914,0.0045303635981299205
fig4,SD2,fixed,main,256,40.0,0.125,0.000125,0.004,u,0.004262353007324471,0.0024139324813492254
fig4,SD2,fixed,main,256,40.0,0.125,0.000125,0.004,v,0.01155764446431995,0.004520374458430277
fig4,SD2,fixed,main,256,40.0,0.125,0.000125,0.0045000000000000005,u,0.004420715748282733,0.0025036193194824664
fig4,SD2,fixed,main,256,40.0,0.125,0.000125,0.0045000000000000005,v,0.011532290251817567,0.00451045803169097
fig4,SD2,fixed,main,256,40.0,0.125,0.000125,0.005,u,0.004581123006540233,0.0025944640454557875
fig4,SD2,fixed,main,256,40.0,0.125,0.000125,0.005,v,0.011507035847575509,0.004500580641514183
fig4,SD2,fixed,main,256,40.0,0.125,0.000125,0.0055,u,0.004743616488052771,0.002686490278936823
fig4,SD2,fixed,main,256,40.0,0.125,0.000125,0.0055,v,0.011481816388253296,0.004490716918838902
fig4,SD2,fixed,main,256,40.0,0.125,0.000125,0.006,u,0.0049082398859199294,0.002779722764988244
fig4,SD2,fixed,main,256,40.0,0.125,0.000125,0.006,v,0.011456565769002225,0.004480841009030942
fig4,SD2,fixed,main,256,40.0,0.125,0.000125,0.006500000000000001,u,0.005075038896112716,0.0028741873829749203
fig4,SD2,fixed,main,256,40.0,0.125,0.000125,0.006500000000000001,v,0.011431216556959889,0.004470926538049311
fig4,SD2,fixed,main,256,40.0,0.125,0.000125,0.007,u,0.005244061235297526,0.002969911156658309
fig4,SD2,fixed,main,256,40.0,0.125,0.000125,0.007,v,0.01140569990268725,0.004460946577807869
fig4,SD2,fixed,main,256,40.0,0.125,0.000125,0.0075,u,0.0054153566608392545,0.0030669222655249754
fig4,SD2,fixed,main,256,40.0,0.125,0.000125,0.0075,v,0.011379945449610851,0.004450873610756772
fig4,SD2,fixed,main,256,40.0,0.125,0.000125,0.008,u,0.005588976993059047,0.003165250057392003
fig4,SD2,fixed,main,256,40.0,0.125,0.000125,0.008,v,0.011353881241480845,0.004440679493687864
fig4,SD2,fixed,main,256,40.0,0.125,0.000125,0.0085,u,0.005764976139863265,0.0032649250623553146
fig4,SD2,fixed,main,256,40.0,0.125,0.000125,0.0085,v,0.011327433627583705,0.0044303354206619
fig4,SD2,fixed,main,256,40.0,0.125,0.000125,0.009000000000000001,u,0.005943410123837811,0.003365979008134216
fig4,SD2,fixed,main,256,40.0,0.125,0.000125,0.009000000000000001,v,0.011301961897727697,0.004420373031058326
fig4,SD2,fixed,main,256,40.0,0.125,0.000125,0.0095,u,0.0061243371119226175,0.0034684448368771876
fig4,SD2,fixed,main,256,40.0,0.125,0.000125,0.0095,v,0.011276216537844608,0.004410303620496521
fig4,SD2,fixed,main,256,40.0,0.125,0.000125,0.01,u,0.0063078174477517734,0.0035723567234773267
fig4,SD2,fixed,main,256,40.0,0.125,0.000125,0.01,v,0.011249971837232309,0.004400038910011333
fig4,SD2,fixed,main,256,40.0,0.125,0.000125,0.0105,u,0.006493913686791197,0.0036777500954721484
fig4,SD2,fixed,main,256,40.0,0.125,0.000125,0.0105,v,0.011223148569403207,0.004389547912891581
fig4,SD2,fixed,main,256,40.0,0.125,0.000125,0.011,u,0.006682690634384647,0.0037846616545904846
fig4,SD2,fixed,main,256,40.0,0.125,0.000125,0.011,v,0.011195665332016436,0.004378798791416035
fig4,SD2,fixed,main,256,40.0,0.125,0.000125,0.0115,u,0.006874523853220849,0.003893304096254686
fig4,SD2,fixed,main,256,40.0,0.125,0.000125,0.0115,v,0.011169024774208669,0.004368379255026563
fig4,SD2,fixed,main,256,40.0,0.125,0.000125,0.012,u,0.007069529139485553,0.004003743000245103
fig4,SD2,fixed,main,256,40.0,0.125,0.000125,0.012,v,0.011142336891976079,0.0043579412093187
fig4,SD2,fixed,main,256,40.0,0.125,0.000125,0.0125,u,0.007267457482309059,0.004115837342243585
fig4,SD2,fixed,main,256,40.0,0.125,0.000125,0.0125,v,0.011114861023262979,0.0043471949698460025
fig4,SD2,fixed,main,256,40.0,0.125,0.000125,0.013000000000000001,u,0.007468382413435837,0.004229628766071298
fig4,SD2,fixed,main,256,40.0,0.125,0.000125,0.013000000000000001,v,0.011086508466186196,0.004336105843922746
fig4,SD2,fixed,main,256,40.0,0.125,0.000125,0.0135,u,0.0076723799268840764,0.004345160310028584
fig4,SD2,fixed,main,256,40.0,0.125,0.000125,0.0135,v,0.011059524007841937,0.004325551802686183
fig4,SD2,fixed,main,256,40.0,0.125,0.000125,0.014,u,0.007879528534779912,0.004462476438516007
fig4,SD2,fixed,main,256,40.0,0.125,0.000125,0.014,v,0.011032118956179282,0.00431483326086304
fig4,SD2,fixed,main,256,40.0,0.125,0.000125,0.0145,u,0.008089909326963962,0.004581623075791797
fig4,SD2,fixed,main,256,40.0,0.125,0.000125,0.0145,v,0.011003698361295555,0.004303717524295576
fig4,SD2,fixed,main,256,40.0,0.125,0.000125,0.015,u,0.008303606034470112,0.004702647641922298
fig4,SD2,fixed,main,256,40.0,0.125,0.000125,0.015,v,0.01097629826602109,0.00429300092099292
fig4,SD2,fixed,main,256,40.0,0.125,0.000125,0.0155,u,0.008520705097094128,0.004825599091048644
fig4,SD2,fixed,main,256,40.0,0.125,0.000125,0.0155,v,0.010949043271819114,0.004282341068975875
fig4,SD2,fixed,main,256,40.0,0.125,0.000125,0.016,u,0.008741295735197552,0.004950527952052031
fig4,SD2,fixed,main,256,40.0,0.125,0.000125,0.016,v,0.010920627007660055,0.004271227026222166
fig4,SD2,fixed,main,256,40.0,0.125,0.000125,0.0165,u,0.008965470025987576,0.00507748637175391
fig4,SD2,fixed,main,256,40.0,0.125,0.000125,0.0165,v,0.010894410908239838,0.004260973502107917
fig4,SD2,fixed,main,256,40.0,0.125,0.000125,0.017,u,0.009193322984367924,0.005206528160704912
fig4,SD2,fixed,main,256,40.0,0.125,0.000125,0.017,v,0.01086740113688478,0.004250409560559242
fig4,SD2,fixed,main,256,40.0,0.125,0.000125,0.0175,u,0.009424952648691143,0.005337708841749633
fig4,SD2,fixed,main,256,40.0,0.125,0.000125,0.0175,v,0.010841073770270881,0.0042401125181154645
fig4,SD2,fixed,main,256,40.0,0.125,0.000125,0.018000000000000002,u,0.009660460171536878,0.005471085701437814
fig4,SD2,fixed,main,256,40.0,0.125,0.000125,0.018000000000000002,v,0.010815781971199367,0.004230220502239429
fig4,SD2,fixed,main,256,40.0,0.125,0.000125,0.0185,u,0.009899949915761264,0.00560671784442077
fig4,SD2,fixed,main,256,40.0,0.125,0.000125,0.0185,v,0.010790388769406967,0.004220288826182556
fig4,SD2,fixed,main,256,40.0,0.125,0.000125,0.019,u,0.010143529556090991,0.005744666250987962
fig4,SD2,fixed,main,256,40.0,0.125,0.000125,0.019,v,0.01076714996502215,0.004211199768450258
fig4,SD2,fixed,main,256,40.0,0.125,0.000125,0.0195,u,0.010391310186454339,0.005884993837852646
fig4,SD2,fixed,main,256,40.0,0.125,0.000125,0.0195,v,0.010743797369223262,0.0042020662051265876
fig4,SD2,fixed,main,256,40.0,0.125,0.000125,0.02,u,0.010644660404198758,0.00602847569370063
fig4,SD2,fixed,main,256,40.0,0.125,0.000125,0.02,v,0.010722971349466093,0.004193920824978262
fig4,FD,fixed,main,256,40.0,0.125,0.000125,0.0,u,0.00024046999548987813,0.00013618729652504583
fig4,FD,fixed,main,256,40.0,0.125,0.000125,0.0,v,0.00011975115052420549,4.683653696636784e-05
fig4,FD,fixed,main,256,40.0,0.125,0.000125,0.0005,u,0.00025616280553131254,0.00014507473119260294
fig4,FD,fixed,main,256,40.0,0.125,0.000125,0.0005,v,0.0001592583777654255,6.228842783357145e-05
fig4,FD,fixed,main,256,40.0,0.125,0.000125,0.001,u,0.000274259932529608,0.00015532382191906746
fig4,FD,fixed,main,256,40.0,0.125,0.000125,0.001,v,0.0002179999585769643,8.526317345479541e-05
fig4,FD,fixed,main,256,40.0,0.125,0.000125,0.0015,u,0.00029363364519374713,0.00016629589161951876
fig4,FD,fixed,main,256,40.0,0.125,0.000125,0.0015,v,0.0002767634907145933,0.00010824650458097178
fig4,FD,fixed,main,256,40.0,0.125,0.000125,0.002,u,0.00031428339382255643,0.00017799062897729312
fig4,FD,fixed,main,256,40.0,0.125,0.000125,0.002,v,0.00033555854132183427,0.00013124216307069033
fig4,FD,fixed,main,256,40.0,0.125,0.000125,0.0025,u,0.0003371130725626781,0.0001909199435964359
fig4,FD,fixed,main,256,40.0,0.125,0.000125,0.0025,v,0.0003943949823774773,0.00015425401000835405
fig4,FD,fixed,main,256,40.0,0.125,0.000125,0.003,u,0.00036159902798416077,0.00020478727064025782
fig4,FD,fixed,main,256,40.0,0.125,0.000125,0.003,v,0.0004532829991124032,0.00017728602899612944
fig4,FD,fixed,main,256,40.0,0.125,0.000125,0.0035,u,0.0003873174188810946,0.0002193525727274997
fig4,FD,fixed,main,256,40.0,0.125,0.000125,0.0035,v,0.0005122330988638346,0.0002003423296169815
fig4,FD,fixed,main,256,40.0,0.125,0.000125,0.004,u,0.0004142662055370838,0.00023461469468925557
fig4,FD,fixed,main,256,40.0,0.125,0.000125,0.004,v,0.0005712561203936595,0.00022342715107921527
fig4,FD,fixed,main,256,40.0,0.125,0.000125,0.0045000000000000005,u,0.0004424437291548067,0.00025057269708556626
fig4,FD,fixed,main,256,40.0,0.125,0.000125,0.0045000000000000005,v,0.0006303632436823747,0.00024654486604703933
fig4,FD,fixed,main,256,40.0,0.125,0.000125,0.005,u,0.0004718487277990402,0.00026722586523456043
fig4,FD,fixed,main,256,40.0,0.125,0.000125,0.005,v,0.0006895660001666748,0.0002696999846446457
fig4,FD,fixed,main,256,40.0,0.125,0.000125,0.0055,u,0.0005024803523343557,0.0002845737182385768
fig4,FD,fixed,main,256,40.0,0.125,0.000125,0.0055,v,0.0007488762834886309,0.00029289715866038135
fig4,FD,fixed,main,256,40.0,0.125,0.000125,0.006,u,0.0005343381823186277,0.00030261601798526255
fig4,FD,fixed,main,256,40.0,0.125,0.000125,0.006,v,0.000808306360680966,0.0003161411859214828
fig4,FD,fixed,main,256,40.0,0.125,0.000125,0.006500000000000001,u,0.0005680131001417621,0.000321687403626091
fig4,FD,fixed,main,256,40.0,0.125,0.000125,0.006500000000000001,v,0.0008678688838883453,0.00033943701487845534
fig4,FD,fixed,main,256,40.0,0.125,0.000125,0.007,u,0.0006028221286042967,0.00034140107921925043
fig4,FD,fixed,main,256,40.0,0.125,0.000125,0.007,v,0.0009276611740602903,0.0003628227092678886
fig4,FD,fixed,main,256,40.0,0.125,0.000125,0.0075,u,0.000638756845455557,0.0003617522749241305
fig4,FD,fixed,main,256,40.0,0.125,0.000125,0.0075,v,0.0009878254247674967,0.00038635388320623263
fig4,FD,fixed,main,256,40.0,0.125,0.000125,0.008,u,0.0006758161025608445,0.0003827403405084214
fig4,FD,fixed,main,256,40.0,0.125,0.000125,0.008,v,0.0010481888157585217,0.00040996294400598665
fig4,FD,fixed,main,256,40.0,0.125,0.000125,0.0085,u,0.0007139992575466714,0.0004043649121716062
fig4,FD,fixed,main,256,40.0,0.125,0.000125,0.0085,v,0.0011087660077513384,0.0004336556257019076
fig4,FD,fixed,main,256,40.0,0.125,0.000125,0.009000000000000001,u,0.0007533061896320969,0.0004266259215108483
fig4,FD,fixed,main,256,40.0,0.125,0.000125,0.009000000000000001,v,0.0011695721380751145,0.0004574378487388016
fig4,FD,fixed,main,256,40.0,0.125,0.000125,0.0095,u,0.0007937373156305938,0.0004495236045834566
fig4,FD,fixed,main,256,40.0,0.125,0.000125,0.0095,v,0.0012306228358061055,0.0004813157258914068
fig4,FD,fixed,main,256,40.0,0.125,0.000125,0.01,u,0.0008352936061506444,0.00047305851108189875
fig4,FD,fixed,main,256,40.0,0.125,0.000125,0.01,v,0.0012919342375576903,0.0005052955684401219
fig4,FD,fixed,main,256,40.0,0.125,0.000125,0.0105,u,0.0008779766020230451,0.0004972315136372076
fig4,FD,fixed,main,256,40.0,0.125,0.000125,0.0105,v,0.0013535942123872324,0.0005294117433395473
fig4,FD,fixed,main,256,40.0,0.125,0.000125,0.011,u,0.0009217884310057656,0.0005220438172795782
fig4,FD,fixed,main,256,40.0,0.125,0.000125,0.011,v,0.0014206723002376798,0.0005556470264870417
fig4,FD,fixed,main,256,40.0,0.125,0.000125,0.0115,u,0.0009667318247583712,0.0005474969690516281
fig4,FD,fixed,main,256,40.0,0.125,0.000125,0.0115,v,0.0014888238638754991,0.0005823021627063241
fig4,FD,fixed,main,256,40.0,0.125,0.000125,0.012,u,0.0010130367691014719,0.0005737212186632393
fig4,FD,fixed,main,256,40.0,0.125,0.000125,0.012,v,0.001557844505386985,0.0006092972087951857
fig4,FD,fixed,main,256,40.0,0.125,0.000125,0.0125,u,0.0010612552193374203,0.0006010291593769392
fig4,FD,fixed,main,256,40.0,0.125,0.000125,0.0125,v,0.0016277681305902902,0.0006366454258463036
fig4,FD,fixed,main,256,40.0,0.125,0.000125,0.013000000000000001,u,0.00111087865338666,0.0006291327958147721
fig4,FD,fixed,main,256,40.0,0.125,0.000125,0.013000000000000001,v,0.0016986291148244348,0.0006643602585892664
fig4,FD,fixed,main,256,40.0,0.125,0.000125,0.0135,u,0.0011618090157980987,0.000657976595448588
fig4,FD,fixed,main,256,40.0,0.125,0.000125,0.0135,v,0.0017704623110326168,0.0006924553385520832
fig4,FD,fixed,main,256,40.0,0.125,0.000125,0.014,u,0.001214055179690865,0.000687565583462936
fig4,FD,fixed,main,256,40.0,0.125,0.000125,0.014,v,0.001843303058047585,0.0007209444873017215
fig4,FD,fixed,main,256,40.0,0.125,0.000125,0.0145,u,0.0012676267227027527,0.0007179051840380576
fig4,FD,fixed,main,256,40.0,0.125,0.000125,0.0145,v,0.0019176207790625455,0.0007500113035480492
fig4,FD,fixed,main,256,40.0,0.125,0.000125,0.015,u,0.0013225339468276864,0.0007490012315845975
fig4,FD,fixed,main,256,40.0,0.125,0.000125,0.015,v,0.0019930995436463483,0.000779532221987079
fig4,FD,fixed,main,256,40.0,0.125,0.000125,0.0155,u,0.0013787878988127389,0.0007808599822952095
fig4,FD,fixed,main,256,40.0,0.125,0.000125,0.0155,v,0.0020697189955076745,0.0008094992809567586
fig4,FD,fixed,main,256,40.0,0.125,0.000125,0.016,u,0.001436400391057413,0.0008134881259806142
fig4,FD,fixed,main,256,40.0,0.125,0.000125,0.016,v,0.00214751743229602,0.0008399274592632914
fig4,FD,fixed,main,256,40.0,0.125,0.000125,0.0165,u,0.0014953840231368698,0.0008468927982590203
fig4,FD,fixed,main,256,40.0,0.125,0.000125,0.0165,v,0.002226533733518554,0.0008708319632864642
fig4,FD,fixed,main,256,40.0,0.125,0.000125,0.017,u,0.0015557522039346683,0.0008810815930907374
fig4,FD,fixed,main,256,40.0,0.125,0.000125,0.017,v,0.0023068073706413728,0.0009022282309304042
fig4,FD,fixed,main,256,40.0,0.125,0.000125,0.0175,u,0.0016179069004975677,0.0009162821596894593
fig4,FD,fixed,main,256,40.0,0.125,0.000125,0.0175,v,0.002388378417307102,0.0009341319356198426
fig4,FD,fixed,main,256,40.0,0.125,0.000125,0.018000000000000002,u,0.0016816311133653894,0.0009523716030147097
fig4,FD,fixed,main,256,40.0,0.125,0.000125,0.018000000000000002,v,0.002471781080801261,0.0009667520141304714
fig4,FD,fixed,main,256,40.0,0.125,0.000125,0.0185,u,0.001746808825167756,0.000989284218020878
fig4,FD,fixed,main,256,40.0,0.125,0.000125,0.0185,v,0.0025566532525012065,0.0009999468401495912
fig4,FD,fixed,main,256,40.0,0.125,0.000125,0.019,u,0.0018134568987229205,0.0010270295547627432
fig4,FD,fixed,main,256,40.0,0.125,0.000125,0.019,v,0.0026429759821882115,0.0010337090019520029
fig4,FD,fixed,main,256,40.0,0.125,0.000125,0.0195,u,0.0018815931054527724,0.0010656176778718516
fig4,FD,fixed,main,256,40.0,0.125,0.000125,0.0195,v,0.0027307931107070083,0.0010680556463737575
fig4,FD,fixed,main,256,40.0,0.125,0.000125,0.02,u,0.0019512361514315568,0.001105059181308896
fig4,FD,fixed,main,256,40.0,0.125,0.000125,0.02,v,0.0028201491954131797,0.0011030042004894405
fig4,SD2,moving,main,256,40.0,0.125,0.000125,0.0,u,0.0009593095227022896,0.0005432934373430221
fig4,SD2,moving,main,256,40.0,0.125,0.000125,0.0,v,0.002203549310333397,0.0008618423979966956
fig4,SD2,moving,main,256,40.0,0.125,0.000125,0.0005,u,0.0009672835813774316,0.0005478094497922567
fig4,SD2,moving,main,256,40.0,0.125,0.000125,0.0005,v,0.0021849690105510966,0.0008545753538489736
fig4,SD2,moving,main,256,40.0,0.125,0.000125,0.001,u,0.0009755675350586746,0.0005525009675597391
fig4,SD2,moving,main,256,40.0,0.125,0.000125,0.001,v,0.0021662726683024935,0.0008472629236883501
fig4,SD2,moving,main,256,40.0,0.125,0.000125,0.0015,u,0.0009841815471798299,0.0005573794099642655
fig4,SD2,moving,main,256,40.0,0.125,0.000125,0.0015,v,0.0021474276628064004,0.0008398923490200861
fig4,SD2,moving,main,256,40.0,0.125,0.000125,0.002,u,0.0009931464516319544,0.0005624565760300486
fig4,SD2,moving,main,256,40.0,0.125,0.000125,0.002,v,0.0021284005645485493,0.0008324505550413601
fig4,SD2,moving,main,256,40.0,0.125,0.000125,0.0025,u,0.001002483771853413,0.0005677446552981442
fig4,SD2,moving,main,256,40.0,0.125,0.000125,0.0025,v,0.0021091570577458363,0.0008249241203158278
fig4,SD2,moving,main,256,40.0,0.125,0.000125,0.003,u,0.001012215741539313,0.0005732562395549926
fig4,SD2,moving,main,256,40.0,0.125,0.000125,0.003,v,0.0020896773491880793,0.000817305303411225
fig4,SD2,moving,main,256,40.0,0.125,0.000125,0.0035,u,0.0010223653271008715,0.0005790043355520106
fig4,SD2,moving,main,256,40.0,0.125,0.000125,0.0035,v,0.002069956063865064,0.0008095920020774812
fig4,SD2,moving,main,256,40.0,0.125,0.000125,0.004,u,0.0010329562519069135,0.0005850023787344733
fig4,SD2,moving,main,256,40.0,0.125,0.000125,0.004,v,0.00204988801089101,0.0008017430745235675
fig4,SD2,moving,main,256,40.0,0.125,0.000125,0.0045000000000000005,u,0.001044013022454937,0.0005912642480631833
fig4,SD2,moving,main,256,40.0,0.125,0.000125,0.0045000000000000005,v,0.002029434884522896,0.0007937435387777767
fig4,SD2,moving,main,256,40.0,0.125,0.000125,0.005,u,0.0010555609566118562,0.0005978042820082757
fig4,SD2,moving,main,256,40.0,0.125,0.000125,0.005,v,0.0020085571274854885,0.0007855779233746935
fig4,SD2,moving,main,256,40.0,0.125,0.000125,0.0055,u,0.001067626213949735,0.0006046372957294984
fig4,SD2,moving,main,256,40.0,0.125,0.000125,0.0055,v,0.001987213849475644,0.0007772302354809602
fig4,SD2,moving,main,256,40.0,0.125,0.000125,0.006,u,0.0010802358284083269,0.0006117785995742479
fig4,SD2,moving,main,256,40.0,0.125,0.000125,0.006,v,0.0019653627444879973,0.0007686839285600673
fig4,SD2,moving,main,256,40.0,0.125,0.000125,0.006500000000000001,u,0.0010934177433410408,0.0006192440189254326
fig4,SD2,moving,main,256,40.0,0.125,0.000125,0.006500000000000001,v,0.001942960006844796,0.0007599218695303168
fig4,SD2,moving,main,256,40.0,0.125,0.000125,0.007,u,0.0011072008491368468,0.0006270499155081875
fig4,SD2,moving,main,256,40.0,0.125,0.000125,0.007,v,0.0019200212845515985,0.0007509501785699913
fig4,SD2,moving,main,256,40.0,0.125,0.000125,0.0075,u,0.0011216150235306976,0.0006352132102191973
fig4,SD2,moving,main,256,40.0,0.125,0.000125,0.0075,v,0.0018964724266856692,0.0007417398541002451
fig4,SD2,moving,main,256,40.0,0.125,0.000125,0.008,u,0.001136691174778548,0.0006437514075783512
fig4,SD2,moving,main,256,40.0,0.125,0.000125,0.008,v,0.0018722472807097823,0.0007322650228351714
fig4,SD2,moving,main,256,40.0,0.125,0.000125,0.0085,u,0.0011524612878810458,0.0006526826219069754
fig4,SD2,moving,main,256,40.0,0.125,0.000125,0.0085,v,0.0018472942193490383,0.0007225054925448107
fig4,SD2,moving,main,256,40.0,0.125,0.000125,0.009000000000000001,u,0.0011689584740028902,0.0006620256053158932
fig4,SD2,moving,main,256,40.0,0.125,0.000125,0.009000000000000001,v,0.00182155956724106,0.0007124402699603454
fig4,SD2,moving,main,256,40.0,0.125,0.000125,0.0095,u,0.0011862170232925795,0.0006717997776192565
fig4,SD2,moving,main,256,40.0,0.125,0.000125,0.0095,v,0.0018296202063008415,0.0007155929112305409
fig4,SD2,moving,main,256,40.0,0.125,0.000125,0.01,u,0.0012044665204444804,0.0006821351613539125
fig4,SD2,moving,main,256,40.0,0.125,0.000125,0.01,v,0.0018762990464709084,0.0007338497314247702
fig4,SD2,moving,main,256,40.0,0.125,0.000125,0.0105,u,0.0012235770793385115,0.0006929581970742684
fig4,SD2,moving,main,256,40.0,0.125,0.000125,0.0105,v,0.001924429173054687,0.0007526741723012815
fig4,SD2,moving,main,256,40.0,0.125,0.000125,0.011,u,0.0012435725028783207,0.0007042823652691918
fig4,SD2,moving,main,256,40.0,0.125,0.000125,0.011,v,0.0019748196102979954,0.0007723826558220356
fig4,SD2,moving,main,256,40.0,0.125,0.000125,0.0115,u,0.001264492747475865,0.0007161302947731544
fig4,SD2,moving,main,256,40.0,0.125,0.000125,0.0115,v,0.002027048583893354,0.0007928102194972589
fig4,SD2,moving,main,256,40.0,0.125,0.000125,0.012,u,0.0012863792815733799,0.0007285254707408324
fig4,SD2,moving,main,256,40.0,0.125,0.000125,0.012,v,0.0020809699730413023,0.0008138997132102677
fig4,SD2,moving,main,256,40.0,0.125,0.000125,0.0125,u,0.0013092751648431378,0.0007414922795009407
fig4,SD2,moving,main,256,40.0,0.125,0.000125,0.0125,v,0.0021375106824272905,0.0008360136637958716
fig4,SD2,moving,main,256,40.0,0.125,0.000125,0.013000000000000001,u,0.001333225132517768,0.0007550560563156968
fig4,SD2,moving,main,256,40.0,0.125,0.000125,0.013000000000000001,v,0.002195834380144923,0.0008588249688414545
fig4,SD2,moving,main,256,40.0,0.125,0.000125,0.0135,u,0.0013582756852370537,0.0007692431362644768
fig4,SD2,moving,main,256,40.0,0.125,0.000125,0.0135,v,0.0022561155436444658,0.0008824018691907442
fig4,SD2,moving,main,256,40.0,0.125,0.000125,0.014,u,0.0013844751845983883,0.0007840809083576693
fig4,SD2,moving,main,256,40.0,0.125,0.000125,0.014,v,0.002319110808051139,0.000907040296606044
fig4,SD2,moving,main,256,40.0,0.125,0.000125,0.0145,u,0.0014118739548252268,0.0007995978731153831
fig4,SD2,moving,main,256,40.0,0.125,0.000125,0.0145,v,0.002384114077527588,0.0009324640860263643
fig4,SD2,moving,main,256,40.0,0.125,0.000125,0.015,u,0.0014405243908366394,0.0008158237037713427
fig4,SD2,moving,main,256,40.0,0.125,0.000125,0.015,v,0.0024512021283786822,0.0009587032658583251
fig4,SD2,moving,main,256,40.0,0.125,0.000125,0.0155,u,0.0014704810730414852,0.0008327893112851899
fig4,SD2,moving,main,256,40.0,0.125,0.000125,0.0155,v,0.0025210229727723465,0.0009860112837366659
fig4,SD2,moving,main,256,40.0,0.125,0.000125,0.016,u,0.0015019316266644545,0.0008506009549515967
fig4,SD2,moving,main,256,40.0,0.125,0.000125,0.016,v,0.002593329417166945,0.0010142914584236697
fig4,SD2,moving,main,256,40.0,0.125,0.000125,0.0165,u,0.0015350019044297891,0.0008693299099508196
fig4,SD2,moving,main,256,40.0,0.125,0.000125,0.0165,v,0.0026679826214213165,0.0010434894873813199
fig4,SD2,moving,main,256,40.0,0.125,0.000125,0.017,u,0.001569571200087605,0.0008889078157466015
fig4,SD2,moving,main,256,40.0,0.125,0.000125,0.017,v,0.002745075035404998,0.0010736415291910844
fig4,SD2,moving,main,256,40.0,0.125,0.000125,0.0175,u,0.0016057045728483654,0.0009093715178421374
fig4,SD2,moving,main,256,40.0,0.125,0.000125,0.0175,v,0.002824833990435316,0.0011048364966659168
fig4,SD2,moving,main,256,40.0,0.125,0.000125,0.018000000000000002,u,0.0016434699924383622,0.0009307595100763376
fig4,SD2,moving,main,256,40.0,0.125,0.000125,0.018000000000000002,v,0.0029077358268279063,0.0011372606939098213
fig4,SD2,moving,main,256,40.0,0.125,0.000125,0.0185,u,0.0016829385072922864,0.000953112029877673
fig4,SD2,moving,main,256,40.0,0.125,0.000125,0.0185,v,0.002993380856378458,0.0011707577966513876
fig4,SD2,moving,main,256,40.0,0.125,0.000125,0.019,u,0.001724184422724706,0.0009764711591694534
fig4,SD2,moving,main,256,40.0,0.125,0.000125,0.019,v,0.003081880218589461,0.0012053712732781343
fig4,SD2,moving,main,256,40.0,0.125,0.000125,0.0195,u,0.0017672854895740553,0.0010008809312060866
fig4,SD2,moving,main,256,40.0,0.125,0.000125,0.0195,v,0.0031733505035425047,0.0012411467239838165
fig4,SD2,moving,main,256,40.0,0.125,0.000125,0.02,u,0.0018123231036670795,0.0010263874435373743
fig4,SD2,moving,main,256,40.0,0.125,0.000125,0.02,v,0.0032679140370572846,0.0012781319922985463
fig4,FD,moving,main,256,40.0,0.125,0.000125,0.0,u,7.553023214790233e-05,4.277564068305933e-05
fig4,FD,moving,main,256,40.0,0.125,0.000125,0.0,v,6.770600946293115e-05,2.648087305361499e-05
fig4,FD,moving,main,256,40.0,0.125,0.000125,0.0005,u,8.976377479241737e-05,5.0836636770249125e-05
fig4,FD,moving,main,256,40.0,0.125,0.000125,0.0005,v,8.358009421249868e-05,3.2689474423420564e-05
fig4,FD,moving,main,256,40.0,0.125,0.000125,0.001,u,0.00010433604789550355,5.9089468788194085e-05
fig4,FD,moving,main,256,40.0,0.125,0.000125,0.001,v,0.00010185842550969326,3.983841400134578e-05
fig4,FD,moving,main,256,40.0,0.125,0.000125,0.0015,u,0.00011924909681881868,6.753529510292664e-05
fig4,FD,moving,main,256,40.0,0.125,0.000125,0.0015,v,0.00013614666573058543,5.324907789549271e-05
fig4,FD,moving,main,256,40.0,0.125,0.000125,0.002,u,0.00013453375880989604,7.619158001956843e-05
fig4,FD,moving,main,256,40.0,0.125,0.000125,0.002,v,0.00017071199336360365,6.676811498492125e-05
fig4,FD,moving,main,256,40.0,0.125,0.000125,0.0025,u,0.00015243974188372533,8.633241867796433e-05
fig4,FD,moving,main,256,40.0,0.125,0.000125,0.0025,v,0.00020562323150441486,8.042244305246883e-05
fig4,FD,moving,main,256,40.0,0.125,0.000125,0.003,u,0.00017098888683597657,9.683750434884847e-05
fig4,FD,moving,main,256,40.0,0.125,0.000125,0.003,v,0.00024074859934186676,9.41605205738497e-05
fig4,FD,moving,main,256,40.0,0.125,0.000125,0.0035,u,0.0001898926329781947,0.00010754341414877949
fig4,FD,moving,main,256,40.0,0.125,0.000125,0.0035,v,0.00027610223157914504,0.00010798787585125858
fig4,FD,moving,main,256,40.0,0.125,0.000125,0.004,u,0.0002091526415990419,0.00011845108892865723
fig4,FD,moving,main,256,40.0,0.125,0.000125,0.004,v,0.00031169879549075574,0.00012191024548381449
fig4,FD,moving,main,256,40.0,0.125,0.000125,0.0045000000000000005,u,0.0002287873911921423,0.00012957099376162065
fig4,FD,moving,main,256,40.0,0.125,0.000125,0.0045000000000000005,v,0.00034772070880073613,0.00013599897587977984
fig4,FD,moving,main,256,40.0,0.125,0.000125,0.005,u,0.00024890977706926165,0.0001409670655528475
fig4,FD,moving,main,256,40.0,0.125,0.000125,0.005,v,0.0003840246797750524,0.00015019802341394788
fig4,FD,moving,main,256,40.0,0.125,0.000125,0.0055,u,0.0002694004389036664,0.0001525717060135073
fig4,FD,moving,main,256,40.0,0.125,0.000125,0.0055,v,0.00042061729387610214,0.00016450996376305896
fig4,FD,moving,main,256,40.0,0.125,0.000125,0.006,u,0.0002902619750819735,0.00016438638670868228
fig4,FD,moving,main,256,40.0,0.125,0.000125,0.006,v,0.000457515696329569,0.00017894150269146696
fig4,FD,moving,main,256,40.0,0.125,0.000125,0.006500000000000001,u,0.0003114972052066234,0.00017641270448638194
fig4,FD,moving,main,256,40.0,0.125,0.000125,0.006500000000000001,v,0.0004947376214397003,0.00019349957636131165
fig4,FD,moving,main,256,40.0,0.125,0.000125,0.007,u,0.00033310917463691414,0.00018865238404930322
fig4,FD,moving,main,256,40.0,0.125,0.000125,0.007,v,0.0005323014099745116,0.00020819135813214223
fig4,FD,moving,main,256,40.0,0.125,0.000125,0.0075,u,0.00035510115904524575,0.00020110728053520475
fig4,FD,moving,main,256,40.0,0.125,0.000125,0.0075,v,0.0005702260279374372,0.00022302426590280203
fig4,FD,moving,main,256,40.0,0.125,0.000125,0.008,u,0.00037747666908272137,0.00021377938215921423
fig4,FD,moving,main,256,40.0,0.125,0.000125,0.008,v,0.0006085509360294061,0.0002380137333669942
fig4,FD,moving,main,256,40.0,0.125,0.000125,0.0085,u,0.00040023945516576287,0.00022667081292467056
fig4,FD,moving,main,256,40.0,0.125,0.000125,0.0085,v,0.0006473722798112647,0.00025319736454852145
fig4,FD,moving,main,256,40.0,0.125,0.000125,0.009000000000000001,u,0.00042339351238263045,0.0002397838354018725
fig4,FD,moving,main,256,40.0,0.125,0.000125,0.009000000000000001,v,0.0006866139162662321,0.0002685453787295822
fig4,FD,moving,main,256,40.0,0.125,0.000125,0.0095,u,0.00044695231619140685,0.000253126081254812
fig4,FD,moving,main,256,40.0,0.125,0.000125,0.0095,v,0.0007262976295243639,0.0002840662960221601
fig4,FD,moving,main,256,40.0,0.125,0.000125,0.01,u,0.00047107758670561495,0.0002667891387292889
fig4,FD,moving,main,256,40.0,0.125,0.000125,0.01,v,0.0007664459336922391,0.0002997689220434072
fig4,FD,moving,main,256,40.0,0.125,0.000125,0.0105,u,0.0004956136136765599,0.0002806848231943358
fig4,FD,moving,main,256,40.0,0.125,0.000125,0.0105,v,0.0008070821011441076,0.00031566235898075205
fig4,FD,moving,main,256,40.0,0.125,0.000125,0.011,u,0.0005205654926796477,0.0002948160204679417
fig4,FD,moving,main,256,40.0,0.125,0.000125,0.011,v,0.0008482301927132951,0.0003317560174002274
fig4,FD,moving,main,256,40.0,0.125,0.000125,0.0115,u,0.0005459385904579284,0.00030918576994063687
fig4,FD,moving,main,256,40.0,0.125,0.000125,0.0115,v,0.0008899150897834218,0.00034805962879784475
fig4,FD,moving,main,256,40.0,0.125,0.000125,0.012,u,0.0005717385508690054,0.00032379726794345395
fig4,FD,moving,main,256,40.0,0.125,0.000125,0.012,v,0.0009321625283806867,0.00036458325893361693
fig4,FD,moving,main,256,40.0,0.125,0.000125,0.0125,u,0.0005979713010313414,0.0003386538712288143
fig4,FD,moving,main,256,40.0,0.125,0.000125,0.0125,v,0.0009749991354173204,0.000381337322006936
fig4,FD,moving,main,256,40.0,0.125,0.000125,0.013000000000000001,u,0.0006246430576174467,0.00035375910053459957
fig4,FD,moving,main,256,40.0,0.125,0.000125,0.013000000000000001,v,0.0010184524671541517,0.0003983325956998812
fig4,FD,moving,main,256,40.0,0.125,0.000125,0.0135,u,0.0006517603334003086,0.0003691166442916439
fig4,FD,moving,main,256,40.0,0.125,0.000125,0.0135,v,0.0010625510500297253,0.00041558023714612135
fig4,FD,moving,main,256,40.0,0.125,0.000125,0.014,u,0.0006793299439759037,0.00038473036243094773
fig4,FD,moving,main,256,40.0,0.125,0.000125,0.014,v,0.0011073244239696578,0.0004330917998698781
fig4,FD,moving,main,256,40.0,0.125,0.000125,0.0145,u,0.0007073835751687518,0.0004006181998390267
fig4,FD,moving,main,256,40.0,0.125,0.000125,0.0145,v,0.0011528031883272227,0.00045087925175400236
fig4,FD,moving,main,256,40.0,0.125,0.000125,0.015,u,0.0007360798889344267,0.0004168700128106214
fig4,FD,moving,main,256,40.0,0.125,0.000125,0.015,v,0.0011990190506145915,0.0004689549940995206
fig4,FD,moving,main,256,40.0,0.125,0.000125,0.0155,u,0.0007655415159149026,0.00043355525173835804
fig4,FD,moving,main,256,40.0,0.125,0.000125,0.0155,v,0.0012460048781788302,0.0004873318818369209
fig4,FD,moving,main,256,40.0,0.125,0.000125,0.016,u,0.0007955007208221287,0.0004505222879544283
fig4,FD,moving,main,256,40.0,0.125,0.000125,0.016,v,0.001293794752990074,0.0005060232449546596
fig4,FD,moving,main,256,40.0,0.125,0.000125,0.0165,u,0.0008259352678190446,0.0004677585284593227
fig4,FD,moving,main,256,40.0,0.125,0.000125,0.0165,v,0.0013424240297594814,0.000525042911229997
fig4,FD,moving,main,256,40.0,0.125,0.000125,0.017,u,0.000856853104900912,0.00048526847450478926
fig4,FD,moving,main,256,40.0,0.125,0.000125,0.017,v,0.0013919293975819258,0.0005444052303384124
fig4,FD,moving,main,256,40.0,0.125,0.000125,0.0175,u,0.0008884577198251531,0.0005031673689405762
fig4,FD,moving,main,256,40.0,0.125,0.000125,0.0175,v,0.001442348945321914,0.0005641250994270537
fig4,FD,moving,main,256,40.0,0.125,0.000125,0.018000000000000002,u,0.0009206942228046078,0.0005214241255943531
fig4,FD,moving,main,256,40.0,0.125,0.000125,0.018000000000000002,v,0.0014937222309616693,0.0005842179902378506
fig4,FD,moving,main,256,40.0,0.125,0.000125,0.0185,u,0.000953449984053556,0.0005399749579384318
fig4,FD,moving,main,256,40.0,0.125,0.000125,0.0185,v,0.00154609035523956,0.0006046999779086497
fig4,FD,moving,main,256,40.0,0.125,0.000125,0.019,u,0.0009867345178780074,0.0005588252542858582
fig4,FD,moving,main,256,40.0,0.125,0.000125,0.019,v,0.0015994960397582858,0.0006255877715225397
fig4,FD,moving,main,256,40.0,0.125,0.000125,0.0195,u,0.0010205577151365386,0.0005779806162057057
fig4,FD,moving,main,256,40.0,0.125,0.000125,0.0195,v,0.0016539837099527332,0.0006468987465578706
fig4,FD,moving,main,256,40.0,0.125,0.000125,0.02,u,0.0010549298526772999,0.0005974468638676114
fig4,FD,moving,main,256,40.0,0.125,0.000125,0.02,v,0.0017095995831688526,0.0006686509793372716
fig5,SD,fixed,main,1024,640.0,0.125,0.000125,0.0,u,1.2179767576447897e-08,4.054425682433869e-07
fig5,SD,fixed,main,1024,640.0,0.125,0.000125,0.0,v,2.3699033957491622e-08,2.051881282746519e-07
fig5,SD,fixed,main,1024,640.0,0.125,0.000125,0.0005,u,1.3472795899749368e-08,4.484851567755796e-07
fig5,SD,fixed,main,1024,640.0,0.125,0.000125,0.0005,v,2.205478399908145e-08,1.909520808481193e-07
fig5,SD,fixed,main,1024,640.0,0.125,0.000125,0.001,u,2.0151491663712717e-08,6.708069331199554e-07
fig5,SD,fixed,main,1024,640.0,0.125,0.000125,0.001,v,2.308561116576291e-08,1.9987706476456998e-07
fig5,SD,fixed,main,1024,640.0,0.125,0.000125,0.0015,u,3.0227168495641776e-08,1.0062081027963877e-06
fig5,SD,fixed,main,1024,640.0,0.125,0.000125,0.0015,v,2.7494826498886127e-08,2.3805240317651624e-07
fig5,SD,fixed,main,1024,640.0,0.125,0.000125,0.002,u,4.0302798230695824e-08,1.3416077047025122e-06
fig5,SD,fixed,main,1024,640.0,0.125,0.000125,0.002,v,3.363215624052618e-08,2.911898941202511e-07
fig5,SD,fixed,main,1024,640.0,0.125,0.000125,0.0025,u,5.0378380066565254e-08,1.6770057121308846e-06
fig5,SD,fixed,main,1024,640.0,0.125,0.000125,0.0025,v,3.976852407105991e-08,3.443190567608227e-07
fig5,SD,fixed,main,1024,640.0,0.125,0.000125,0.003,u,6.04539132000731e-08,2.0124020983451873e-06
fig5,SD,fixed,main,1024,640.0,0.125,0.000125,0.003,v,4.590392918557562e-08,3.974398841292414e-07
fig5,SD,fixed,main,1024,640.0,0.125,0.000125,0.0035,u,7.05293968297771e-08,2.347796836666848e-06
fig5,SD,fixed,main,1024,640.0,0.125,0.000125,0.0035,v,5.203837005751666e-08,4.5055236300845775e-07
fig5,SD,fixed,main,1024,640.0,0.125,0.000125,0.004,u,8.060483023316495e-08,2.6831899030447313e-06
fig5,SD,fixed,main,1024,640.0,0.125,0.000125,0.004,v,5.829263756418346e-08,5.047023104587952e-07
fig5,SD,fixed,main,1024,640.0,0.125,0.000125,0.0045000000000000005,u,9.068021248649638e-08,3.0185812667291838e-06
fig5,SD,fixed,main,1024,640.0,0.125,0.000125,0.0045000000000000005,v,6.45756173256462e-08,5.591008509037118e-07
fig5,SD,fixed,main,1024,640.0,0.125,0.000125,0.005,u,1.0075554294532163e-07,3.353970906267631e-06
fig5,SD,fixed,main,1024,640.0,0.125,0.000125,0.005,v,7.085777312121344e-08,6.134922573861148e-07
fig5,SD,fixed,main,1024,640.0,0.125,0.000125,0.0055,u,1.1083082072753381e-07,3.689358792296321e-06
fig5,SD,fixed,main,1024,640.0,0.125,0.000125,0.0055,v,7.713910096796006e-08,6.678764954215206e-07
fig5,SD,fixed,main,1024,640.0,0.125,0.000125,0.006,u,1.2090604503169067e-07,4.024744898136682e-06
fig5,SD,fixed,main,1024,640.0,0.125,0.000125,0.006,v,8.34196002552634e-08,7.222535597231093e-07
fig5,SD,fixed,main,1024,640.0,0.125,0.000125,0.006500000000000001,u,1.3098121512313682e-07,4.3601291993333554e-06
fig5,SD,fixed,main,1024,640.0,0.125,0.000125,0.006500000000000001,v,8.969927309254722e-08,7.766234685544404e-07
fig5,SD,fixed,main,1024,640.0,0.125,0.000125,0.007,u,1.4105663683622316e-07,4.695521876562116e-06
fig5,SD,fixed,main,1024,640.0,0.125,0.000125,0.007,v,9.597811533035294e-08,8.309861859891702e-07
fig5,SD,fixed,main,1024,640.0,0.125,0.000125,0.0075,u,1.511321463983084e-07,5.030917478126133e-06
fig5,SD,fixed,main,1024,640.0,0.125,0.000125,0.0075,v,1.0237415144775941e-07,8.86363577390934e-07
fig5,SD,fixed,main,1024,640.0,0.125,0.000125,0.008,u,1.6120760642016063e-07,5.366311430584846e-06
fig5,SD,fixed,main,1024,640.0,0.125,0.000125,0.008,v,1.0878694420290991e-07,9.418860491002344e-07
fig5,SD,fixed,main,1024,640.0,0.125,0.000125,0.0085,u,1.7128301605176532e-07,5.701703705642799e-06
fig5,SD,fixed,main,1024,640.0,0.125,0.000125,0.0085,v,1.1520199004466658e-07,9.974280282132708e-07
fig5,SD,fixed,main,1024,640.0,0.125,0.000125,0.009000000000000001,u,1.813583745766817e-07,6.037094279450968e-06
fig5,SD,fixed,main,1024,640.0,0.125,0.000125,0.009000000000000001,v,1.2161633072826916e-07,1.052963902010705e-06
fig5,SD,fixed,main,1024,640.0,0.125,0.000125,0.0095,u,1.9143368114749731e-07,6.372483123800517e-06
fig5,SD,fixed,main,1024,640.0,0.125,0.000125,0.0095,v,1.2802996712801828e-07,1.108493678062302e-06
fig5,SD,fixed,main,1024,640.0,0.125,0.000125,0.01,u,2.015089349324123e-07,6.70787021100232e-06
fig5,SD,fixed,main,1024,640.0,0.125,0.000125,0.01,v,1.3444289664876763e-07,1.1640173338990775e-06
fig5,SD,fixed,main,1024,640.0,0.125,0.000125,0.0105,u,2.1158413522365943e-07,7.043255517496082e-06
fig5,SD,fixed,main,1024,640.0,0.125,0.000125,0.0105,v,1.40855121330552e-07,1.2195348871838156e-06
fig5,SD,fixed,main,1024,640.0,0.125,0.000125,0.011,u,2.216592811452034e-07,7.37863901412016e-06
fig5,SD,fixed,main,1024,640.0,0.125,0.000125,0.011,v,1.4726663988273714e-07,1.275046326742102e-06
fig5,SD,fixed,main,1024,640.0,0.125,0.000125,0.0115,u,2.3173437188172413e-07,7.714020673734015e-06
fig5,SD,fixed,main,1024,640.0,0.125,0.000125,0.0115,v,1.5367745057059956e-07,1.3305516375545624e-06
fig5,SD,fixed,main,1024,640.0,0.125,0.000125,0.012,u,2.418094067905066e-07,8.049400474942822e-06
fig5,SD,fixed,main,1024,640.0,0.125,0.000125,0.012,v,1.601119875571655e-07,1.3862623725556454e-06
fig5,SD,fixed,main,1024,640.0,0.125,0.000125,0.0125,u,2.5188438497990295e-07,8.38477838806522e-06
fig5,SD,fixed,main,1024,640.0,0.125,0.000125,0.0125,v,1.6663506476055634e-07,1.4427396958235717e-06
fig5,SD,fixed,main,1024,640.0,0.125,0.000125,0.013000000000000001,u,2.6195930555306113e-07,8.720154383246622e-06
fig5,SD,fixed,main,1024,640.0,0.125,0.000125,0.013000000000000001,v,1.7315753883528906e-07,1.4992117971554188e-06
fig5,SD,fixed,main,1024,640.0,0.125,0.000125,0.0135,u,2.720342765303446e-07,9.05553205629075e-06
fig5,SD,fixed,main,1024,640.0,0.125,0.000125,0.0135,v,1.7967941341734406e-07,1.555678708031795e-06
fig5,SD,fixed,main,1024,640.0,0.125,0.000125,0.014,u,2.8210957520036217e-07,9.390920637636933e-06
fig5,SD,fixed,main,1024,640.0,0.125,0.000125,0.014,v,1.8620068550911917e-07,1.6121404024992215e-06
fig5,SD,fixed,main,1024,640.0,0.125,0.000125,0.0145,u,2.921848210020797e-07,9.726307459092445e-06
fig5,SD,fixed,main,1024,640.0,0.125,0.000125,0.0145,v,1.92827780826077e-07,1.6695183228998307e-06
fig5,SD,fixed,main,1024,640.0,0.125,0.000125,0.015,u,3.022600132147196e-07,1.0061692496663893e-05
fig5,SD,fixed,main,1024,640.0,0.125,0.000125,0.015,v,1.9946266616166497e-07,1.7269636899037406e-06
fig5,SD,fixed,main,1024,640.0,0.125,0.000125,0.0155,u,3.1233515105071746e-07,1.0397075724134676e-05
fig5,SD,fixed,main,1024,640.0,0.125,0.000125,0.0155,v,2.060971183437399e-07,1.7844053066299492e-06
fig5,SD,fixed,main,1024,640.0,0.125,0.000125,0.016,u,3.224102336036802e-07,1.0732457111332596e-05
fig5,SD,fixed,main,1024,640.0,0.125,0.000125,0.016,v,2.127311391486586e-07,1.8418431884582953e-06
fig5,SD,fixed,main,1024,640.0,0.125,0.000125,0.0165,u,3.3248526018232055e-07,1.1067836635245945e-05
fig5,SD,fixed,main,1024,640.0,0.125,0.000125,0.0165,v,2.1936473194872352e-07,1.899277364586443e-06
fig5,SD,fixed,main,1024,640.0,0.125,0.000125,0.017,u,3.4256022992621565e-07,1.1403214267232789e-05
fig5,SD,fixed,main,1024,640.0,0.125,0.000125,0.017,v,2.2599789506472234e-07,1.956707820475638e-06
fig5,SD,fixed,main,1024,640.0,0.125,0.000125,0.0175,u,3.5263514211372055e-07,1.1738589983270868e-05
fig5,SD,fixed,main,1024,640.0,0.125,0.000125,0.0175,v,2.3263062803868806e-07,2.0141345521607655e-06
fig5,SD,fixed,main,1024,640.0,0.125,0.000125,0.018000000000000002,u,3.627099959425256e-07,1.2073963756652735e-05
fig5,SD,fixed,main,1024,640.0,0.125,0.000125,0.018000000000000002,v,2.392629338265895e-07,2.071557585234839e-06
fig5,SD,fixed,main,1024,640.0,0.125,0.000125,0.0185,u,3.72784790480217e-07,1.2409335556340009e-05
fig5,SD,fixed,main,1024,640.0,0.125,0.000125,0.0185,v,2.458948101524694e-07,2.1289768999924393e-06
fig5,SD,fixed,main,1024,640.0,0.125,0.000125,0.019,u,3.828598574198011e-07,1.274471642379662e-05
fig5,SD,fixed,main,1024,640.0,0.125,0.000125,0.019,v,2.5252625990290767e-07,2.186392521425806e-06
fig5,SD,fixed,main,1024,640.0,0.125,0.000125,0.0195,u,3.929350571611409e-07,1.3080101711984956e-05
fig5,SD,fixed,main,1024,640.0,0.125,0.000125,0.0195,v,2.5915728449343867e-07,2.243804461790748e-06
fig5,SD,fixed,main,1024,640.0,0.125,0.000125,0.02,u,4.0301020240787744e-07,1.3415485186145908e-05
fig5,SD,fixed,main,1024,640.0,0.125,0.000125,0.02,v,2.6578788064890446e-07,2.3012126927306866e-06
fig5,SD,moving,main,1024,640.0,0.125,0.000125,0.0,u,1.139151944648531e-08,3.792032049534773e-07
fig5,SD,moving,main,1024,640.0,0.125,0.000125,0.0,v,2.212301787596349e-08,1.915428552023593e-07
fig5,SD,moving,main,1024,640.0,0.125,0.000125,0.0005,u,1.2699888873174414e-08,4.227564712402436e-07
fig5,SD,moving,main,1024,640.0,0.125,0.000125,0.0005,v,2.0660985936005183e-08,1.7888446592894458e-07
fig5,SD,moving,main,1024,640.0,0.125,0.000125,0.001,u,2.015301715351664e-08,6.708577139333041e-07
fig5,SD,moving,main,1024,640.0,0.125,0.000125,0.001,v,2.1732450575240314e-08,1.8816129232750049e-07
fig5,SD,moving,main,1024,640.0,0.125,0.000125,0.0015,u,3.022934560569651e-08,1.006280574876532e-06
fig5,SD,moving,main,1024,640.0,0.125,0.000125,0.0015,v,2.6895814769778426e-08,2.328661117972713e-07
fig5,SD,moving,main,1024,640.0,0.125,0.000125,0.002,u,4.0305641190938046e-08,1.3417023417384644e-06
fig5,SD,moving,main,1024,640.0,0.125,0.000125,0.002,v,3.296814003739268e-08,2.8544078881455e-07
fig5,SD,moving,main,1024,640.0,0.125,0.000125,0.0025,u,5.038190294039818e-08,1.677122982268057e-06
fig5,SD,moving,main,1024,640.0,0.125,0.000125,0.0025,v,3.905108035551219e-08,3.3810737178667157e-07
fig5,SD,moving,main,1024,640.0,0.125,0.000125,0.003,u,6.04581302287091e-08,2.01254247564794e-06
fig5,SD,moving,main,1024,640.0,0.125,0.000125,0.003,v,4.527548543020732e-08,3.919987679166056e-07
fig5,SD,moving,main,1024,640.0,0.125,0.000125,0.0035,u,7.053432215815142e-08,2.3479607919946483e-06
fig5,SD,moving,main,1024,640.0,0.125,0.000125,0.0035,v,5.149902060352929e-08,4.458826323709927e-07
fig5,SD,moving,main,1024,640.0,0.125,0.000125,0.004,u,8.061047806172394e-08,2.683377909104911e-06
fig5,SD,moving,main,1024,640.0,0.125,0.000125,0.004,v,5.7721684515454896e-08,4.997589533746435e-07
fig5,SD,moving,main,1024,640.0,0.125,0.000125,0.0045000000000000005,u,9.068659702436005e-08,3.0187937965178062e-06
fig5,SD,moving,main,1024,640.0,0.125,0.000125,0.0045000000000000005,v,6.394347597249439e-08,5.536277205942283e-07
fig5,SD,moving,main,1024,640.0,0.125,0.000125,0.005,u,1.0076275786495559e-07,3.3542110779726906e-06
fig5,SD,moving,main,1024,640.0,0.125,0.000125,0.005,v,7.016439555751486e-08,6.07488939076257e-07
fig5,SD,moving,main,1024,640.0,0.125,0.000125,0.0055,u,1.1083913266374257e-07,3.6896354817111562e-06
fig5,SD,moving,main,1024,640.0,0.125,0.000125,0.0055,v,7.646921362791659e-08,6.620765573436667e-07
fig5,SD,moving,main,1024,640.0,0.125,0.000125,0.006,u,1.2091547535626745e-07,4.025058816689871e-06
fig5,SD,moving,main,1024,640.0,0.125,0.000125,0.006,v,8.282751864929772e-08,7.171272699033699e-07
fig5,SD,moving,main,1024,640.0,0.125,0.000125,0.006500000000000001,u,1.3099178503180042e-07,4.360481052592276e-06
fig5,SD,moving,main,1024,640.0,0.125,0.000125,0.006500000000000001,v,8.918507894695171e-08,7.721715345855803e-07
fig5,SD,moving,main,1024,640.0,0.125,0.000125,0.007,u,1.4106806088196033e-07,4.695902162508817e-06
fig5,SD,moving,main,1024,640.0,0.125,0.000125,0.007,v,9.554189261962165e-08,8.272093349290638e-07
fig5,SD,moving,main,1024,640.0,0.125,0.000125,0.0075,u,1.5114430206280421e-07,5.031322118346149e-06
fig5,SD,moving,main,1024,640.0,0.125,0.000125,0.0075,v,1.0189796045834143e-07,8.822406777826551e-07
fig5,SD,moving,main,1024,640.0,0.125,0.000125,0.008,u,1.6122050794896425e-07,5.366740899286902e-06
fig5,SD,moving,main,1024,640.0,0.125,0.000125,0.008,v,1.0825328083940988e-07,9.372655490882198e-07
fig5,SD,moving,main,1024,640.0,0.125,0.000125,0.0085,u,1.712966775828731e-07,5.702158473455379e-06
fig5,SD,moving,main,1024,640.0,0.125,0.000125,0.0085,v,1.146078545677387e-07,9.922839558147476e-07
fig5,SD,moving,main,1024,640.0,0.125,0.000125,0.009000000000000001,u,1.8137281023594687e-07,6.037574816598334e-06
fig5,SD,moving,main,1024,640.0,0.125,0.000125,0.009000000000000001,v,1.2096167989472661e-07,1.047295882822709e-06
fig5,SD,moving,main,1024,640.0,0.125,0.000125,0.0095,u,1.9144890512495794e-07,6.372989902643526e-06
fig5,SD,moving,main,1024,640.0,0.125,0.000125,0.0095,v,1.2742859388514827e-07,1.1032869405083457e-06
fig5,SD,moving,main,1024,640.0,0.125,0.000125,0.01,u,2.015249614406578e-07,6.708403704652527e-06
fig5,SD,moving,main,1024,640.0,0.125,0.000125,0.01,v,1.3389989453327367e-07,1.1593159782266383e-06
fig5,SD,moving,main,1024,640.0,0.125,0.000125,0.0105,u,2.1160097833910346e-07,7.043816194531993e-06
fig5,SD,moving,main,1024,640.0,0.125,0.000125,0.0105,v,1.4037055609539273e-07,1.2153394826872596e-06
fig5,SD,moving,main,1024,640.0,0.125,0.000125,0.011,u,2.2167695508563956e-07,7.379227347826567e-06
fig5,SD,moving,main,1024,640.0,0.125,0.000125,0.011,v,1.4684057797476058e-07,1.2713574487235447e-06
fig5,SD,moving,main,1024,640.0,0.125,0.000125,0.0115,u,2.3175289089356899e-07,7.714637138348516e-06
fig5,SD,moving,main,1024,640.0,0.125,0.000125,0.0115,v,1.53309962017123e-07,1.327369892316108e-06
fig5,SD,moving,main,1024,640.0,0.125,0.000125,0.012,u,2.4182878488945847e-07,8.050045537022816e-06
fig5,SD,moving,main,1024,640.0,0.125,0.000125,0.012,v,1.5977870621020074e-07,1.3833767960424756e-06
fig5,SD,moving,main,1024,640.0,0.125,0.000125,0.0125,u,2.5190463629701926e-07,8.385452518008211e-06
fig5,SD,moving,main,1024,640.0,0.125,0.000125,0.0125,v,1.6624681066501612e-07,1.439378160863887e-06
fig5,SD,moving,main,1024,640.0,0.125,0.000125,0.013000000000000001,u,2.6198044436598344e-07,8.72085805632963e-06
fig5,SD,moving,main,1024,640.0,0.125,0.000125,0.013000000000000001,v,1.727142763391365e-07,1.495373995071037e-06
fig5,SD,moving,main,1024,640.0,0.125,0.000125,0.0135,u,2.7205620833220534e-07,9.056262126550039e-06
fig5,SD,moving,main,1024,640.0,0.125,0.000125,0.0135,v,1.7924741682606715e-07,1.551938447051363e-06
fig5,SD,moving,main,1024,640.0,0.125,0.000125,0.014,u,2.8213192725719954e-07,9.391664697428943e-06
fig5,SD,moving,main,1024,640.0,0.125,0.000125,0.014,v,1.8586828594291394e-07,1.6092624605142741e-06
fig5,SD,moving,main,1024,640.0,0.125,0.000125,0.0145,u,2.9220800679650993e-07,9.727079272510192e-06
fig5,SD,moving,main,1024,640.0,0.125,0.000125,0.0145,v,1.9248869721766315e-07,1.6665825099437478e-06
fig5,SD,moving,main,1024,640.0,0.125,0.000125,0.015,u,3.0228405156589033e-07,1.0062492690162974e-05
fig5,SD,moving,main,1024,640.0,0.125,0.000125,0.015,v,1.991086529401498e-07,1.723898615165358e-06
fig5,SD,moving,main,1024,640.0,0.125,0.000125,0.0155,u,3.1236005601162353e-07,1.0397904765514027e-05
fig5,SD,moving,main,1024,640.0,0.125,0.000125,0.0155,v,2.0572814971031583e-07,1.7812107467411312e-06
fig5,SD,moving,main,1024,640.0,0.125,0.000125,0.016,u,3.224360194380854e-07,1.0733315475407274e-05
fig5,SD,moving,main,1024,640.0,0.125,0.000125,0.016,v,2.1234719041474115e-07,1.838518929663306e-06
fig5,SD,moving,main,1024,640.0,0.125,0.000125,0.0165,u,3.325119410681199e-07,1.1068724793972586e-05
fig5,SD,moving,main,1024,640.0,0.125,0.000125,0.0165,v,2.1896577426239183e-07,1.895823157083048e-06
fig5,SD,moving,main,1024,640.0,0.125,0.000125,0.017,u,3.425878200239568e-07,1.1404132691990574e-05
fig5,SD,moving,main,1024,640.0,0.125,0.000125,0.017,v,2.2558390284921348e-07,1.9531234428181814e-06
fig5,SD,moving,main,1024,640.0,0.125,0.000125,0.0175,u,3.526636555388485e-07,1.1739539143937581e-05
fig5,SD,moving,main,1024,640.0,0.125,0.000125,0.0175,v,2.3220157487069404e-07,2.010419775574137e-06
fig5,SD,moving,main,1024,640.0,0.125,0.000125,0.018000000000000002,u,3.627394468009443e-07,1.2074944122788565e-05
fig5,SD,moving,main,1024,640.0,0.125,0.000125,0.018000000000000002,v,2.388187928525909e-07,2.0677121772191233e-06
fig5,SD,moving,main,1024,640.0,0.125,0.000125,0.0185,u,3.7281519302007765e-07,1.2410347602240297e-05
fig5,SD,moving,main,1024,640.0,0.125,0.000125,0.0185,v,2.454355560316257e-07,2.125000641144616e-06
fig5,SD,moving,main,1024,640.0,0.125,0.000125,0.019,u,3.8289089348848143e-07,1.2745749558732485e-05
fig5,SD,moving,main,1024,640.0,0.125,0.000125,0.019,v,2.520518646020875e-07,2.1822851690327854e-06
fig5,SD,moving,main,1024,640.0,0.125,0.000125,0.0195,u,3.929665472208327e-07,1.3081149959465495e-05
fig5,SD,moving,main,1024,640.0,0.125,0.000125,0.0195,v,2.586677192578657e-07,2.2395657668913804e-06
fig5,SD,moving,main,1024,640.0,0.125,0.000125,0.02,u,4.030421536125803e-07,1.341654878431491e-05
fig5,SD,moving,main,1024,640.0,0.125,0.000125,0.02,v,2.652831205263162e-07,2.2968424392862913e-06
fig5,SD2,fixed,main,1024,640.0,0.125,0.000125,0.0,u,1.6187540570825054e-07,5.388541268447912e-06
fig5,SD2,fixed,main,1024,640.0,0.125,0.000125,0.0,v,6.022768328298178e-07,5.214560907976176e-06
fig5,SD2,fixed,main,1024,640.0,0.125,0.000125,0.0005,u,1.599070329240393e-07,5.323017676812698e-06
fig5,SD2,fixed,main,1024,640.0,0.125,0.000125,0.0005,v,6.025951564750387e-07,5.217316979513336e-06
fig5,SD2,fixed,main,1024,640.0,0.125,0.000125,0.001,u,1.584826309838916e-07,5.275601896733193e-06
fig5,SD2,fixed,main,1024,640.0,0.125,0.000125,0.001,v,6.029136986052119e-07,5.220074942710659e-06
fig5,SD2,fixed,main,1024,640.0,0.125,0.000125,0.0015,u,1.5911803597640217e-07,5.29675338672848e-06
fig5,SD2,fixed,main,1024,640.0,0.125,0.000125,0.0015,v,6.032324532320721e-07,5.222834745721264e-06
fig5,SD2,fixed,main,1024,640.0,0.125,0.000125,0.002,u,1.6063174121394574e-07,5.3471419130464935e-06
fig5,SD2,fixed,main,1024,640.0,0.125,0.000125,0.002,v,6.035514258859176e-07,5.225596436426917e-06
fig5,SD2,fixed,main,1024,640.0,0.125,0.000125,0.0025,u,1.621968382901906e-07,5.399241181292792e-06
fig5,SD2,fixed,main,1024,640.0,0.125,0.000125,0.0025,v,6.038706172606378e-07,5.228360020835368e-06
fig5,SD2,fixed,main,1024,640.0,0.125,0.000125,0.003,u,1.6378479048700934e-07,5.452101255418581e-06
fig5,SD2,fixed,main,1024,640.0,0.125,0.000125,0.003,v,6.041900234080022e-07,5.231125464762519e-06
fig5,SD2,fixed,main,1024,640.0,0.125,0.000125,0.0035,u,1.6537194661228605e-07,5.504934829753756e-06
fig5,SD2,fixed,main,1024,640.0,0.125,0.000125,0.0035,v,6.04509646139062e-07,5.2338927838886e-06
fig5,SD2,fixed,main,1024,640.0,0.125,0.000125,0.004,u,1.6695830604498973e-07,5.557741883625311e-06
fig5,SD2,fixed,main,1024,640.0,0.125,0.000125,0.004,v,6.048294886387695e-07,5.236662005789179e-06
fig5,SD2,fixed,main,1024,640.0,0.125,0.000125,0.0045000000000000005,u,1.6854386950676536e-07,5.61052244105551e-06
fig5,SD2,fixed,main,1024,640.0,0.125,0.000125,0.0045000000000000005,v,6.051495461123491e-07,5.239433088950708e-06
fig5,SD2,fixed,main,1024,640.0,0.125,0.000125,0.005,u,1.7012863804538592e-07,5.663276536922832e-06
fig5,SD2,fixed,main,1024,640.0,0.125,0.000125,0.005,v,6.054698199059461e-07,5.24220604502822e-06
fig5,SD2,fixed,main,1024,640.0,0.125,0.000125,0.0055,u,1.7171261166432084e-07,5.716004171342769e-06
fig5,SD2,fixed,main,1024,640.0,0.125,0.000125,0.0055,v,6.057903147241306e-07,5.244980914754259e-06
fig5,SD2,fixed,main,1024,640.0,0.125,0.000125,0.006,u,1.7329579202196577e-07,5.768705399520331e-06
fig5,SD2,fixed,main,1024,640.0,0.125,0.000125,0.006,v,6.061110255015101e-07,5.2477576542722515e-06
fig5,SD2,fixed,main,1024,640.0,0.125,0.000125,0.006500000000000001,u,1.7487817880260104e-07,5.821380210945776e-06
fig5,SD2,fixed,main,1024,640.0,0.125,0.000125,0.006500000000000001,v,6.064319547083308e-07,5.250536284969786e-06
fig5,SD2,fixed,main,1024,640.0,0.125,0.000125,0.007,u,1.76459772342763e-07,5.874028616821796e-06
fig5,SD2,fixed,main,1024,640.0,0.125,0.000125,0.007,v,6.067531015743755e-07,5.253316800178262e-06
fig5,SD2,fixed,main,1024,640.0,0.125,0.000125,0.0075,u,1.780405735098134e-07,5.926650646021303e-06
fig5,SD2,fixed,main,1024,640.0,0.125,0.000125,0.0075,v,6.07074469506641e-07,5.256099229395728e-06
fig5,SD2,fixed,main,1024,640.0,0.125,0.000125,0.008,u,1.7962058361520317e-07,5.979246342200143e-06
fig5,SD2,fixed,main,1024,640.0,0.125,0.000125,0.008,v,6.073960591573835e-07,5.258883578269472e-06
fig5,SD2,fixed,main,1024,640.0,0.125,0.000125,0.0085,u,1.8119980207259578e-07,6.031815685840225e-06
fig5,SD2,fixed,main,1024,640.0,0.125,0.000125,0.0085,v,6.07717865939994e-07,5.261669807088265e-06
fig5,SD2,fixed,main,1024,640.0,0.125,0.000125,0.009000000000000001,u,1.8277822959322787e-07,6.084358700617339e-06
fig5,SD2,fixed,main,1024,640.0,0.125,0.000125,0.009000000000000001,v,6.080398912075569e-07,5.264457927567222e-06
fig5,SD2,fixed,main,1024,640.0,0.125,0.000125,0.0095,u,1.9005309341048326e-07,6.326525839782824e-06
fig5,SD2,fixed,main,1024,640.0,0.125,0.000125,0.0095,v,6.08362136993168e-07,5.267247957309048e-06
fig5,SD2,fixed,main,1024,640.0,0.125,0.000125,0.01,u,2.0012768728924074e-07,6.661890959894893e-06
fig5,SD2,fixed,main,1024,640.0,0.125,0.000125,0.01,v,6.086845997024803e-07,5.270039865193599e-06
fig5,SD2,fixed,main,1024,640.0,0.125,0.000125,0.0105,u,2.1020267997138437e-07,6.997269355454797e-06
fig5,SD2,fixed,main,1024,640.0,0.125,0.000125,0.0105,v,6.090072889736176e-07,5.27283373466852e-06
fig5,SD2,fixed,main,1024,640.0,0.125,0.000125,0.011,u,2.2027768725122604e-07,7.332648236945829e-06
fig5,SD2,fixed,main,1024,640.0,0.125,0.000125,0.011,v,6.093301933227102e-07,5.275629466305553e-06
fig5,SD2,fixed,main,1024,640.0,0.125,0.000125,0.0115,u,2.3035263198127598e-07,7.668025036266734e-06
fig5,SD2,fixed,main,1024,640.0,0.125,0.000125,0.0115,v,6.09653322582171e-07,5.278427145234511e-06
fig5,SD2,fixed,main,1024,640.0,0.125,0.000125,0.012,u,2.4042751279283736e-07,8.003399707856053e-06
fig5,SD2,fixed,main,1024,640.0,0.125,0.000125,0.012,v,6.099766709580234e-07,5.281226721290683e-06
fig5,SD2,fixed,main,1024,640.0,0.125,0.000125,0.0125,u,2.505023290640118e-07,8.338772231011911e-06
fig5,SD2,fixed,main,1024,640.0,0.125,0.000125,0.0125,v,6.103002374024946e-07,5.284028185402368e-06
fig5,SD2,fixed,main,1024,640.0,0.125,0.000125,0.013000000000000001,u,2.605770806551541e-07,8.674142601085768e-06
fig5,SD2,fixed,main,1024,640.0,0.125,0.000125,0.013000000000000001,v,6.106240298883736e-07,5.286831606598611e-06
fig5,SD2,fixed,main,1024,640.0,0.125,0.000125,0.0135,u,2.7065176544643216e-07,9.009510747512222e-06
fig5,SD2,fixed,main,1024,640.0,0.125,0.000125,0.0135,v,6.109480424412728e-07,5.289636933152686e-06
fig5,SD2,fixed,main,1024,640.0,0.125,0.000125,0.014,u,2.807263834022841e-07,9.344876669107485e-06
fig5,SD2,fixed,main,1024,640.0,0.125,0.000125,0.014,v,6.112722761089651e-07,5.292444174136295e-06
fig5,SD2,fixed,main,1024,640.0,0.125,0.000125,0.0145,u,2.9080093357381626e-07,9.68024033428459e-06
fig5,SD2,fixed,main,1024,640.0,0.125,0.000125,0.0145,v,6.115967333963912e-07,5.295253351237415e-06
fig5,SD2,fixed,main,1024,640.0,0.125,0.000125,0.015,u,3.0087541569388115e-07,1.0015601734150681e-05
fig5,SD2,fixed,main,1024,640.0,0.125,0.000125,0.015,v,6.119214119304495e-07,5.298064443909541e-06
fig5,SD2,fixed,main,1024,640.0,0.125,0.000125,0.0155,u,3.1094982868001136e-07,1.0350960832672363e-05
fig5,SD2,fixed,main,1024,640.0,0.125,0.000125,0.0155,v,6.12246312745035e-07,5.3008774611042204e-06
fig5,SD2,fixed,main,1024,640.0,0.125,0.000125,0.016,u,3.2102417112708087e-07,1.0686317583075513e-05
fig5,SD2,fixed,main,1024,640.0,0.125,0.000125,0.016,v,6.125714382756997e-07,5.303692423908655e-06
fig5,SD2,fixed,main,1024,640.0,0.125,0.000125,0.0165,u,3.3109844328315513e-07,1.1021671993617788e-05
fig5,SD2,fixed,main,1024,640.0,0.125,0.000125,0.0165,v,6.128967882310099e-07,5.306509329799591e-06
fig5,SD2,fixed,main,1024,640.0,0.125,0.000125,0.017,u,3.4117276244416406e-07,1.1357027968869842e-05
fig5,SD2,fixed,main,1024,640.0,0.125,0.000125,0.017,v,6.132223578023122e-07,5.309328137143321e-06
fig5,SD2,fixed,main,1024,640.0,0.125,0.000125,0.0175,u,3.512474862493731e-07,1.1692397413999927e-05
fig5,SD2,fixed,main,1024,640.0,0.125,0.000125,0.0175,v,6.13548149834553e-07,5.31214887057162e-06
fig5,SD2,fixed,main,1024,640.0,0.125,0.000125,0.018000000000000002,u,3.6132214408825247e-07,1.202776466322948e-05
fig5,SD2,fixed,main,1024,640.0,0.125,0.000125,0.018000000000000002,v,6.138741670477788e-07,5.314971553634867e-06
fig5,SD2,fixed,main,1024,640.0,0.125,0.000125,0.0185,u,3.713967349034883e-07,1.236312968136242e-05
fig5,SD2,fixed,main,1024,640.0,0.125,0.000125,0.0185,v,6.142004073325658e-07,5.317796168069502e-06
fig5,SD2,fixed,main,1024,640.0,0.125,0.000125,0.019,u,3.814712580749169e-07,1.2698492447754613e-05
fig5,SD2,fixed,main,1024,640.0,0.125,0.000125,0.019,v,6.145268724652708e-07,5.3206227292553645e-06
fig5,SD2,fixed,main,1024,640.0,0.125,0.000125,0.0195,u,3.9154571256690834e-07,1.3033852927931805e-05
fig5,SD2,fixed,main,1024,640.0,0.125,0.000125,0.0195,v,6.148535612177097e-07,5.323451226558738e-06
fig5,SD2,fixed,main,1024,640.0,0.125,0.000125,0.02,u,4.016200976326642e-07,1.3369211097034413e-05
fig5,SD2,fixed,main,1024,640.0,0.125,0.000125,0.02,v,6.151804779960801e-07,5.326281698128833e-06
fig5,FD,fixed,main,1024,640.0,0.125,0.000125,0.0,u,1.2179767576447897e-08,4.054425682433869e-07
fig5,FD,fixed,main,1024,640.0,0.125,0.000125,0.0,v,2.3699033957491622e-08,2.051881282746519e-07
fig5,FD,fixed,main,1024,640.0,0.125,0.000125,0.0005,u,1.2090819304089173e-08,4.024816401501719e-07
fig5,FD,fixed,main,1024,640.0,0.125,0.000125,0.0005,v,2.385268618732006e-08,2.0651846154900705e-07
fig5,FD,fixed,main,1024,640.0,0.125,0.000125,0.001,u,1.200203412002332e-08,3.9952614097305875e-07
fig5,FD,fixed,main,1024,640.0,0.125,0.000125,0.001,v,2.400695191251412e-08,2.0785410651522284e-07
fig5,FD,fixed,main,1024,640.0,0.125,0.000125,0.0015,u,1.1913412426706183e-08,3.96576084109079e-07
fig5,FD,fixed,main,1024,640.0,0.125,0.000125,0.0015,v,2.4160889164348553e-08,2.0918690753286375e-07
fig5,FD,fixed,main,1024,640.0,0.125,0.000125,0.002,u,1.1824953752292977e-08,3.9363145385136805e-07
fig5,FD,fixed,main,1024,640.0,0.125,0.000125,0.002,v,2.4314498067723456e-08,2.1051686568332476e-07
fig5,FD,fixed,main,1024,640.0,0.125,0.000125,0.0025,u,1.1736658325767202e-08,3.9069225782237486e-07
fig5,FD,fixed,main,1024,640.0,0.125,0.000125,0.0025,v,2.446777859488325e-08,2.1184398072629585e-07
fig5,FD,fixed,main,1024,640.0,0.125,0.000125,0.003,u,1.17024997643711e-08,3.895551807170025e-07
fig5,FD,fixed,main,1024,640.0,0.125,0.000125,0.003,v,2.462073095399475e-08,2.1316825446410197e-07
fig5,FD,fixed,main,1024,640.0,0.125,0.000125,0.0035,u,1.1703042680777376e-08,3.8957325342821974e-07
fig5,FD,fixed,main,1024,640.0,0.125,0.000125,0.0035,v,2.477335490913557e-08,2.144896848541082e-07
fig5,FD,fixed,main,1024,640.0,0.125,0.000125,0.004,u,1.1703573381260934e-08,3.8959091949332907e-07
fig5,FD,fixed,main,1024,640.0,0.125,0.000125,0.004,v,2.4925650529694643e-08,2.158082724970895e-07
fig5,FD,fixed,main,1024,640.0,0.125,0.000125,0.0045000000000000005,u,1.1704194561451553e-08,3.896115974652399e-07
fig5,FD,fixed,main,1024,640.0,0.125,0.000125,0.0045000000000000005,v,2.507761794057206e-08,2.1712401847444085e-07
fig5,FD,fixed,main,1024,640.0,0.125,0.000125,0.005,u,1.1706945635125976e-08,3.8970317576252545e-07
fig5,FD,fixed,main,1024,640.0,0.125,0.000125,0.005,v,2.5229257002989947e-08,2.1843692158461228e-07
fig5,FD,fixed,main,1024,640.0,0.125,0.000125,0.0055,u,1.1709688333555457e-08,3.8979447526296226e-07
fig5,FD,fixed,main,1024,640.0,0.125,0.000125,0.0055,v,2.5413881124536353e-08,2.2003541197044015e-07
fig5,FD,fixed,main,1024,640.0,0.125,0.000125,0.006,u,1.1712422740006723e-08,3.898854987383499e-07
fig5,FD,fixed,main,1024,640.0,0.125,0.000125,0.006,v,2.5599479883120502e-08,2.216423408415616e-07
fig5,FD,fixed,main,1024,640.0,0.125,0.000125,0.006500000000000001,u,1.1715149197955022e-08,3.899762576223621e-07
fig5,FD,fixed,main,1024,640.0,0.125,0.000125,0.006500000000000001,v,2.5784804999484656e-08,2.232469004964931e-07
fig5,FD,fixed,main,1024,640.0,0.125,0.000125,0.007,u,1.171786734657787e-08,3.900667399038669e-07
fig5,FD,fixed,main,1024,640.0,0.125,0.000125,0.007,v,2.596985644587324e-08,2.2484909069492472e-07
fig5,FD,fixed,main,1024,640.0,0.125,0.000125,0.0075,u,1.1720577362817064e-08,3.9015695147293857e-07
fig5,FD,fixed,main,1024,640.0,0.125,0.000125,0.0075,v,2.6154634152897316e-08,2.2644891083608143e-07
fig5,FD,fixed,main,1024,640.0,0.125,0.000125,0.008,u,1.1723279156466981e-08,3.902468893267942e-07
fig5,FD,fixed,main,1024,640.0,0.125,0.000125,0.008,v,2.6339138162190245e-08,2.2804636128042822e-07
fig5,FD,fixed,main,1024,640.0,0.125,0.000125,0.0085,u,1.1725972342419011e-08,3.903365406458604e-07
fig5,FD,fixed,main,1024,640.0,0.125,0.000125,0.0085,v,2.652336834885194e-08,2.296414409465702e-07
fig5,FD,fixed,main,1024,640.0,0.125,0.000125,0.009000000000000001,u,1.172865721904559e-08,3.904259153624192e-07
fig5,FD,fixed,main,1024,640.0,0.125,0.000125,0.009000000000000001,v,2.6707324976560365e-08,2.312341521174522e-07
fig5,FD,fixed,main,1024,640.0,0.125,0.000125,0.0095,u,1.1731334001452431e-08,3.9051502063695307e-07
fig5,FD,fixed,main,1024,640.0,0.125,0.000125,0.0095,v,2.6891007531837374e-08,2.3282449034733944e-07
fig5,FD,fixed,main,1024,640.0,0.125,0.000125,0.01,u,1.1734001822277795e-08,3.906038275965489e-07
fig5,FD,fixed,main,1024,640.0,0.125,0.000125,0.01,v,2.707441650040554e-08,2.3441245984165674e-07
fig5,FD,fixed,main,1024,640.0,0.125,0.000125,0.0105,u,1.1736661819500283e-08,3.906923741224688e-07
fig5,FD,fixed,main,1024,640.0,0.125,0.000125,0.0105,v,2.7257551549197956e-08,2.359980577166842e-07
fig5,FD,fixed,main,1024,640.0,0.125,0.000125,0.011,u,1.1739313156983178e-08,3.9078063238122436e-07
fig5,FD,fixed,main,1024,640.0,0.125,0.000125,0.011,v,2.7440412886381438e-08,2.375812857747468e-07
fig5,FD,fixed,main,1024,640.0,0.125,0.000125,0.0115,u,1.1741955921462655e-08,3.9086860526010696e-07
fig5,FD,fixed,main,1024,640.0,0.125,0.000125,0.0115,v,2.7623000345422533e-08,2.3916214257398454e-07
fig5,FD,fixed,main,1024,640.0,0.125,0.000125,0.012,u,1.1800533019495907e-08,3.928185315553157e-07
fig5,FD,fixed,main,1024,640.0,0.125,0.000125,0.012,v,2.7805313940199028e-08,2.4074062823455245e-07
fig5,FD,fixed,main,1024,640.0,0.125,0.000125,0.0125,u,1.2050810176134075e-08,4.0114980820104174e-07
fig5,FD,fixed,main,1024,640.0,0.125,0.000125,0.0125,v,2.8015964853578268e-08,2.425644606622016e-07
fig5,FD,fixed,main,1024,640.0,0.125,0.000125,0.013000000000000001,u,1.2301147329918383e-08,4.094830820439117e-07
fig5,FD,fixed,main,1024,640.0,0.125,0.000125,0.013000000000000001,v,2.8238607396868787e-08,2.4449211757910514e-07
fig5,FD,fixed,main,1024,640.0,0.125,0.000125,0.0135,u,1.2551545781891438e-08,4.1781839639329537e-07
fig5,FD,fixed,main,1024,640.0,0.125,0.000125,0.0135,v,2.846100011222319e-08,2.4641761146579e-07
fig5,FD,fixed,main,1024,640.0,0.125,0.000125,0.014,u,1.2802004449585791e-08,4.261557152157971e-07
fig5,FD,fixed,main,1024,640.0,0.125,0.000125,0.014,v,2.8683142513918902e-08,2.483409381168314e-07
fig5,FD,fixed,main,1024,640.0,0.125,0.000125,0.0145,u,1.3052523180345776e-08,4.3449503342978427e-07
fig5,FD,fixed,main,1024,640.0,0.125,0.000125,0.0145,v,2.890503457420035e-08,2.5026209729191937e-07
fig5,FD,fixed,main,1024,640.0,0.125,0.000125,0.015,u,1.3303305124168219e-08,4.4284311353346826e-07
fig5,FD,fixed,main,1024,640.0,0.125,0.000125,0.015,v,2.9126676348578684e-08,2.521810894716739e-07
fig5,FD,fixed,main,1024,640.0,0.125,0.000125,0.0155,u,1.3561539648210275e-08,4.514392766358888e-07
fig5,FD,fixed,main,1024,640.0,0.125,0.000125,0.0155,v,2.9348067642764875e-08,2.54097912973925e-07
fig5,FD,fixed,main,1024,640.0,0.125,0.000125,0.016,u,1.3819821304689173e-08,4.600370086924065e-07
fig5,FD,fixed,main,1024,640.0,0.125,0.000125,0.016,v,2.9569208123692015e-08,2.560125649149529e-07
fig5,FD,fixed,main,1024,640.0,0.125,0.000125,0.0165,u,1.407814948298225e-08,4.6863628937649045e-07
fig5,FD,fixed,main,1024,640.0,0.125,0.000125,0.0165,v,2.979009794401577e-08,2.579250466164624e-07
fig5,FD,fixed,main,1024,640.0,0.125,0.000125,0.017,u,1.4336523555119607e-08,4.772370977841516e-07
fig5,FD,fixed,main,1024,640.0,0.125,0.000125,0.017,v,3.001073689556932e-08,2.598353562761287e-07
fig5,FD,fixed,main,1024,640.0,0.125,0.000125,0.0175,u,1.4594944253154551e-08,4.858394582841287e-07
fig5,FD,fixed,main,1024,640.0,0.125,0.000125,0.0175,v,3.023112479794143e-08,2.6174349233193673e-07
fig5,FD,fixed,main,1024,640.0,0.125,0.000125,0.018000000000000002,u,1.4853412045462422e-08,4.944433864677947e-07
fig5,FD,fixed,main,1024,640.0,0.125,0.000125,0.018000000000000002,v,3.0451261692765463e-08,2.636494551443516e-07
fig5,FD,fixed,main,1024,640.0,0.125,0.000125,0.0185,u,1.5111925173033613e-08,5.030488237808819e-07
fig5,FD,fixed,main,1024,640.0,0.125,0.000125,0.0185,v,3.0671147385752384e-08,2.655532430312034e-07
fig5,FD,fixed,main,1024,640.0,0.125,0.000125,0.019,u,1.5370485380999943e-08,5.116558283156914e-07
fig5,FD,fixed,main,1024,640.0,0.125,0.000125,0.019,v,3.0890781682613166e-08,2.6745485431032207e-07
fig5,FD,fixed,main,1024,640.0,0.125,0.000125,0.0195,u,1.562909122607148e-08,5.202643520276958e-07
fig5,FD,fixed,main,1024,640.0,0.125,0.000125,0.0195,v,3.111016465273675e-08,2.693542895824827e-07
fig5,FD,fixed,main,1024,640.0,0.125,0.000125,0.02,u,1.5887743613773875e-08,5.288744250602165e-07
fig5,FD,fixed,main,1024,640.0,0.125,0.000125,0.02,v,3.132929619897862e-08,2.712515480066003e-07
fig5,SD2,moving,main,1024,640.0,0.125,0.000125,0.0,u,1.4935787894312935e-07,4.971855303970241e-06
fig5,SD2,moving,main,1024,640.0,0.125,0.000125,0.0,v,5.510235892708382e-07,4.7708062328811835e-06
fig5,SD2,moving,main,1024,640.0,0.125,0.000125,0.0005,u,1.4762924327449412e-07,4.914312129960594e-06
fig5,SD2,moving,main,1024,640.0,0.125,0.000125,0.0005,v,5.513561120301658e-07,4.773685241482021e-06
fig5,SD2,moving,main,1024,640.0,0.125,0.000125,0.001,u,1.4592700063945085e-07,4.85764753259505e-06
fig5,SD2,moving,main,1024,640.0,0.125,0.000125,0.001,v,5.516888674783615e-07,4.776566264721657e-06
fig5,SD2,moving,main,1024,640.0,0.125,0.000125,0.0015,u,1.4666433112084376e-07,4.88219193889375e-06
fig5,SD2,moving,main,1024,640.0,0.125,0.000125,0.0015,v,5.520218657531495e-07,4.779449390373319e-06
fig5,SD2,moving,main,1024,640.0,0.125,0.000125,0.002,u,1.4807783363379734e-07,4.929244896634797e-06
fig5,SD2,moving,main,1024,640.0,0.125,0.000125,0.002,v,5.523551024760875e-07,4.782334580528103e-06
fig5,SD2,moving,main,1024,640.0,0.125,0.000125,0.0025,u,1.4953761137692645e-07,4.977838273603934e-06
fig5,SD2,moving,main,1024,640.0,0.125,0.000125,0.0025,v,5.526885736295561e-07,4.785221800401138e-06
fig5,SD2,moving,main,1024,640.0,0.125,0.000125,0.003,u,1.5105188298086825e-07,5.0282456532412425e-06
fig5,SD2,moving,main,1024,640.0,0.125,0.000125,0.003,v,5.530222826274911e-07,4.788111079550554e-06
fig5,SD2,moving,main,1024,640.0,0.125,0.000125,0.0035,u,1.5264878640633417e-07,5.081403697677949e-06
fig5,SD2,moving,main,1024,640.0,0.125,0.000125,0.0035,v,5.533562276102688e-07,4.791002401875581e-06
fig5,SD2,moving,main,1024,640.0,0.125,0.000125,0.004,u,1.542446302141287e-07,5.1345264693471445e-06
fig5,SD2,moving,main,1024,640.0,0.125,0.000125,0.004,v,5.536904121028474e-07,4.793895797895588e-06
fig5,SD2,moving,main,1024,640.0,0.125,0.000125,0.0045000000000000005,u,1.5583941439731297e-07,5.187613968017849e-06
fig5,SD2,moving,main,1024,640.0,0.125,0.000125,0.0045000000000000005,v,5.540248369240164e-07,4.796791274699719e-06
fig5,SD2,moving,main,1024,640.0,0.125,0.000125,0.005,u,1.574331409022467e-07,5.2406662584808766e-06
fig5,SD2,moving,main,1024,640.0,0.125,0.000125,0.005,v,5.543595011647806e-07,4.799688824417824e-06
fig5,SD2,moving,main,1024,640.0,0.125,0.000125,0.0055,u,1.5902580881299588e-07,5.293683310246433e-06
fig5,SD2,moving,main,1024,640.0,0.125,0.000125,0.0055,v,5.546944041867619e-07,4.80258844152277e-06
fig5,SD2,moving,main,1024,640.0,0.125,0.000125,0.006,u,1.6061741904896398e-07,5.346665153919805e-06
fig5,SD2,moving,main,1024,640.0,0.125,0.000125,0.006,v,5.550295438874753e-07,4.805490107811078e-06
fig5,SD2,moving,main,1024,640.0,0.125,0.000125,0.006500000000000001,u,1.6220797207852633e-07,5.399611805092366e-06
fig5,SD2,moving,main,1024,640.0,0.125,0.000125,0.006500000000000001,v,5.553649237710623e-07,4.808393853621883e-06
fig5,SD2,moving,main,1024,640.0,0.125,0.000125,0.007,u,1.6381079677441068e-07,5.452966957977213e-06
fig5,SD2,moving,main,1024,640.0,0.125,0.000125,0.007,v,5.557005409440041e-07,4.811299653902869e-06
fig5,SD2,moving,main,1024,640.0,0.125,0.000125,0.0075,u,1.6546177476067792e-07,5.5079250473384466e-06
fig5,SD2,moving,main,1024,640.0,0.125,0.000125,0.0075,v,5.560364025117281e-07,4.8142075701733924e-06
fig5,SD2,moving,main,1024,640.0,0.125,0.000125,0.008,u,1.6711190143486876e-07,5.562854798050978e-06
fig5,SD2,moving,main,1024,640.0,0.125,0.000125,0.008,v,5.563724999393949e-07,4.817117528538132e-06
fig5,SD2,moving,main,1024,640.0,0.125,0.000125,0.0085,u,1.699826490380446e-07,5.6584168252985955e-06
fig5,SD2,moving,main,1024,640.0,0.125,0.000125,0.0085,v,5.567088398814035e-07,4.820029586611409e-06
fig5,SD2,moving,main,1024,640.0,0.125,0.000125,0.009000000000000001,u,1.800584713950587e-07,5.993822839243513e-06
fig5,SD2,moving,main,1024,640.0,0.125,0.000125,0.009000000000000001,v,5.570454177580841e-07,4.822943704742072e-06
fig5,SD2,moving,main,1024,640.0,0.125,0.000125,0.0095,u,1.9013447406877187e-07,6.329234855607204e-06
fig5,SD2,moving,main,1024,640.0,0.125,0.000125,0.0095,v,5.573822350474211e-07,4.825859895726632e-06
fig5,SD2,moving,main,1024,640.0,0.125,0.000125,0.01,u,2.0021043063873922e-07,6.664645337260073e-06
fig5,SD2,moving,main,1024,640.0,0.125,0.000125,0.01,v,5.577192956074395e-07,4.828778192968175e-06
fig5,SD2,moving,main,1024,640.0,0.125,0.000125,0.0105,u,2.1028634022458859e-07,7.000054254896114e-06
fig5,SD2,moving,main,1024,640.0,0.125,0.000125,0.0105,v,5.580565944698912e-07,4.831698553451213e-06
fig5,SD2,moving,main,1024,640.0,0.125,0.000125,0.011,u,2.2036220144894952e-07,7.335461562665139e-06
fig5,SD2,moving,main,1024,640.0,0.125,0.000125,0.011,v,5.583941360895461e-07,4.834621015745499e-06
fig5,SD2,moving,main,1024,640.0,0.125,0.000125,0.0115,u,2.3043801417738097e-07,7.670867256091848e-06
fig5,SD2,moving,main,1024,640.0,0.125,0.000125,0.0115,v,5.587319187455586e-07,4.8375455649518155e-06
fig5,SD2,moving,main,1024,640.0,0.125,0.000125,0.012,u,2.405137776396657e-07,8.006271309537093e-06
fig5,SD2,moving,main,1024,640.0,0.125,0.000125,0.012,v,5.590699421881284e-07,4.840472198907371e-06
fig5,SD2,moving,main,1024,640.0,0.125,0.000125,0.0125,u,2.505894909155329e-07,8.341673692366714e-06
fig5,SD2,moving,main,1024,640.0,0.125,0.000125,0.0125,v,5.594082089915853e-07,4.843400939900917e-06
fig5,SD2,moving,main,1024,640.0,0.125,0.000125,0.013000000000000001,u,2.606651524792933e-07,8.677074353793257e-06
fig5,SD2,moving,main,1024,640.0,0.125,0.000125,0.013000000000000001,v,5.597467137088974e-07,4.846331740771619e-06
fig5,SD2,moving,main,1024,640.0,0.125,0.000125,0.0135,u,2.707407623066607e-07,9.012473293008282e-06
fig5,SD2,moving,main,1024,640.0,0.125,0.000125,0.0135,v,5.60085461426274e-07,4.849264645556283e-06
fig5,SD2,moving,main,1024,640.0,0.125,0.000125,0.014,u,2.8081631952593666e-07,9.347870480994507e-06
fig5,SD2,moving,main,1024,640.0,0.125,0.000125,0.014,v,5.604244520743262e-07,4.852199653654132e-06
fig5,SD2,moving,main,1024,640.0,0.125,0.000125,0.0145,u,2.908918233400157e-07,9.683265891217728e-06
fig5,SD2,moving,main,1024,640.0,0.125,0.000125,0.0145,v,5.607636848897757e-07,4.855136758456642e-06
fig5,SD2,moving,main,1024,640.0,0.125,0.000125,0.015,u,3.0096727285811725e-07,1.0018659494025464e-05
fig5,SD2,moving,main,1024,640.0,0.125,0.000125,0.015,v,5.611031623012352e-07,4.8580759809909386e-06
fig5,SD2,moving,main,1024,640.0,0.125,0.000125,0.0155,u,3.1104266780268564e-07,1.0354051280178381e-05
fig5,SD2,moving,main,1024,640.0,0.125,0.000125,0.0155,v,5.614428781886005e-07,4.861017268268668e-06
fig5,SD2,moving,main,1024,640.0,0.125,0.000125,0.016,u,3.211180059931734e-07,1.0689441177089976e-05
fig5,SD2,moving,main,1024,640.0,0.125,0.000125,0.016,v,5.617828374299139e-07,4.86396066252431e-06
fig5,SD2,moving,main,1024,640.0,0.125,0.000125,0.0165,u,3.3119328852332375e-07,1.1024829221168992e-05
fig5,SD2,moving,main,1024,640.0,0.125,0.000125,0.0165,v,5.621230419194934e-07,4.8669061801590236e-06
fig5,SD2,moving,main,1024,640.0,0.125,0.000125,0.017,u,3.41268797677749e-07,1.1360224809162739e-05
fig5,SD2,moving,main,1024,640.0,0.125,0.000125,0.017,v,5.62463486425413e-07,4.869853775874374e-06
fig5,SD2,moving,main,1024,640.0,0.125,0.000125,0.0175,u,3.513444703732299e-07,1.169562584114425e-05
fig5,SD2,moving,main,1024,640.0,0.125,0.000125,0.0175,v,5.628041793645511e-07,4.872803522544365e-06
fig5,SD2,moving,main,1024,640.0,0.125,0.000125,0.018000000000000002,u,3.61420090654041e-07,1.2031025128335621e-05
fig5,SD2,moving,main,1024,640.0,0.125,0.000125,0.018000000000000002,v,5.631451124865627e-07,4.875755348736854e-06
fig5,SD2,moving,main,1024,640.0,0.125,0.000125,0.0185,u,3.7149565861385736e-07,1.236642267385513e-05
fig5,SD2,moving,main,1024,640.0,0.125,0.000125,0.0185,v,5.634862931466755e-07,4.878709318133988e-06
fig5,SD2,moving,main,1024,640.0,0.125,0.000125,0.019,u,3.815711729863308e-07,1.2701818435548323e-05
fig5,SD2,moving,main,1024,640.0,0.125,0.000125,0.019,v,5.63827717382781e-07,4.881665396431514e-06
fig5,SD2,moving,main,1024,640.0,0.125,0.000125,0.0195,u,3.9164663292665103e-07,1.3037212385292981e-05
fig5,SD2,moving,main,1024,640.0,0.125,0.000125,0.0195,v,5.641693845981344e-07,4.884623578462769e-06
fig5,SD2,moving,main,1024,640.0,0.125,0.000125,0.02,u,4.0172203792654404e-07,1.337260450616958e-05
fig5,SD2,moving,main,1024,640.0,0.125,0.000125,0.02,v,5.645112952437636e-07,4.887583868132791e-06
fig3,SD,fixed,time_half,256,40.0,0.125,6.25e-05,0.0,u,1.2350944300631994e-06,2.3696505926373464e-06
fig3,SD,fixed,time_half,256,40.0,0.125,6.25e-05,0.0,v,1.214600084509243e-06,1.9992929162771617e-06
fig3,SD,fixed,time_half,256,40.0,0.125,6.25e-05,0.001,u,1.8063403556256574e-06,3.465642294244714e-06
fig3,SD,fixed,time_half,256,40.0,0.125,6.25e-05,0.001,v,1.1455208487332058e-06,1.885585014795602e-06
fig3,SD,fixed,time_half,256,40.0,0.125,6.25e-05,0.005,u,4.946155540808128e-06,9.489687689671415e-06
fig3,SD,fixed,time_half,256,40.0,0.125,6.25e-05,0.005,v,2.039475460124951e-06,3.3570793319979303e-06
fig3,SD,fixed,time_half,256,40.0,0.125,6.25e-05,0.01,u,9.938457303348969e-06,1.90679114612935e-05
fig3,SD,fixed,time_half,256,40.0,0.125,6.25e-05,0.01,v,3.4778979496330464e-06,5.724795200426565e-06
fig3,SD,fixed,time_half,256,40.0,0.125,6.25e-05,0.02,u,2.01176804548453e-05,3.859775597066984e-05
fig3,SD,fixed,time_half,256,40.0,0.125,6.25e-05,0.02,v,6.065982566028083e-06,9.984912836080423e-06
fig5,FD,moving,main,1024,640.0,0.125,0.000125,0.0,u,1.139151944648531e-08,3.792032049534773e-07
fig5,FD,moving,main,1024,640.0,0.125,0.000125,0.0,v,2.212301787596349e-08,1.915428552023593e-07
fig5,FD,moving,main,1024,640.0,0.125,0.000125,0.0005,u,1.1291011934450035e-08,3.758574905503442e-07
fig5,FD,moving,main,1024,640.0,0.125,0.000125,0.0005,v,2.22935845756167e-08,1.9301963530700838e-07
fig5,FD,moving,main,1024,640.0,0.125,0.000125,0.001,u,1.119067107382965e-08,3.7251732367323987e-07
fig5,FD,moving,main,1024,640.0,0.125,0.000125,0.001,v,2.2463842536124545e-08,1.9449374232348536e-07
fig5,FD,moving,main,1024,640.0,0.125,0.000125,0.0015,u,1.1090496212368128e-08,3.691826826097336e-07
fig5,FD,moving,main,1024,640.0,0.125,0.000125,0.0015,v,2.263379157707579e-08,1.9596517468977532e-07
fig5,FD,moving,main,1024,640.0,0.125,0.000125,0.002,u,1.0990487547823946e-08,3.658535739428497e-07
fig5,FD,moving,main,1024,640.0,0.125,0.000125,0.002,v,2.280343171234822e-08,1.9743393252603325e-07
fig5,FD,moving,main,1024,640.0,0.125,0.000125,0.0025,u,1.0947859566817764e-08,3.644345650833048e-07
fig5,FD,moving,main,1024,640.0,0.125,0.000125,0.0025,v,2.297276310847529e-08,1.989000172741191e-07
fig5,FD,moving,main,1024,640.0,0.125,0.000125,0.003,u,1.0950153395139495e-08,3.645109225047445e-07
fig5,FD,moving,main,1024,640.0,0.125,0.000125,0.003,v,2.3141785307490004e-08,2.0036342496891806e-07
fig5,FD,moving,main,1024,640.0,0.125,0.000125,0.0035,u,1.0952439802314196e-08,3.645870328895398e-07
fig5,FD,moving,main,1024,640.0,0.125,0.000125,0.0035,v,2.3310498781237143e-08,2.0182415969569989e-07
fig5,FD,moving,main,1024,640.0,0.125,0.000125,0.004,u,1.0954719041611494e-08,3.6466290466858135e-07
fig5,FD,moving,main,1024,640.0,0.125,0.000125,0.004,v,2.3478903182772015e-08,2.0328221845058977e-07
fig5,FD,moving,main,1024,640.0,0.125,0.000125,0.0045000000000000005,u,1.095699091874236e-08,3.647385313743366e-07
fig5,FD,moving,main,1024,640.0,0.125,0.000125,0.0045000000000000005,v,2.3646998650872497e-08,2.0473760243513764e-07
fig5,FD,moving,main,1024,640.0,0.125,0.000125,0.005,u,1.0959255811876512e-08,3.6481392559539576e-07
fig5,FD,moving,main,1024,640.0,0.125,0.000125,0.005,v,2.3814785088394075e-08,2.0619031080825854e-07
fig5,FD,moving,main,1024,640.0,0.125,0.000125,0.0055,u,1.0961513381008148e-08,3.648890760135768e-07
fig5,FD,moving,main,1024,640.0,0.125,0.000125,0.0055,v,2.3982262509214536e-08,2.0764034369010744e-07
fig5,FD,moving,main,1024,640.0,0.125,0.000125,0.006,u,1.096376385165132e-08,3.6496399013583706e-07
fig5,FD,moving,main,1024,640.0,0.125,0.000125,0.006,v,2.4149430927211668e-08,2.0908770120083935e-07
fig5,FD,moving,main,1024,640.0,0.125,0.000125,0.006500000000000001,u,1.0966007102375386e-08,3.6503866391996885e-07
fig5,FD,moving,main,1024,640.0,0.125,0.000125,0.006500000000000001,v,2.4316290148096442e-08,2.1053238165828434e-07
fig5,FD,moving,main,1024,640.0,0.125,0.000125,0.007,u,1.0968242654396665e-08,3.651130814281241e-07
fig5,FD,moving,main,1024,640.0,0.125,0.000125,0.007,v,2.4482840324524524e-08,2.1197438638414737e-07
fig5,FD,moving,main,1024,640.0,0.125,0.000125,0.0075,u,1.0970471121807268e-08,3.651872631023252e-07
fig5,FD,moving,main,1024,640.0,0.125,0.000125,0.0075,v,2.4676877957707788e-08,2.1365437970535746e-07
fig5,FD,moving,main,1024,640.0,0.125,0.000125,0.008,u,1.0972692490729408e-08,3.6526120848060566e-07
fig5,FD,moving,main,1024,640.0,0.125,0.000125,0.008,v,2.487400713180321e-08,2.1536113983463193e-07
fig5,FD,moving,main,1024,640.0,0.125,0.000125,0.0085,u,1.0974906653610228e-08,3.6533491398272417e-07
fig5,FD,moving,main,1024,640.0,0.125,0.000125,0.0085,v,2.507088354974929e-08,2.170657115809838e-07
fig5,FD,moving,main,1024,640.0,0.125,0.000125,0.009000000000000001,u,1.0977113367588442e-08,3.654083715242651e-07
fig5,FD,moving,main,1024,640.0,0.125,0.000125,0.009000000000000001,v,2.5267507600124084e-08,2.18768098308753e-07
fig5,FD,moving,main,1024,640.0,0.125,0.000125,0.0095,u,1.0979312507763961e-08,3.6548157694752897e-07
fig5,FD,moving,main,1024,640.0,0.125,0.000125,0.0095,v,2.5463878783327232e-08,2.2046829569235965e-07
fig5,FD,moving,main,1024,640.0,0.125,0.000125,0.01,u,1.098150436210088e-08,3.6555453983832295e-07
fig5,FD,moving,main,1024,640.0,0.125,0.000125,0.01,v,2.565999711323652e-08,2.2216630385195878e-07
fig5,FD,moving,main,1024,640.0,0.125,0.000125,0.0105,u,1.0983688628757315e-08,3.656272501488732e-07
fig5,FD,moving,main,1024,640.0,0.125,0.000125,0.0105,v,2.5855862756385406e-08,2.2386212422941032e-07
fig5,FD,moving,main,1024,640.0,0.125,0.000125,0.011,u,1.1103280406210558e-08,3.696082454418536e-07
fig5,FD,moving,main,1024,640.0,0.125,0.000125,0.011,v,2.605147550460707e-08,2.2555575502238938e-07
fig5,FD,moving,main,1024,640.0,0.125,0.000125,0.0115,u,1.135946806063437e-08,3.7813627193414006e-07
fig5,FD,moving,main,1024,640.0,0.125,0.000125,0.0115,v,2.624683535790151e-08,2.272471962308959e-07
fig5,FD,moving,main,1024,640.0,0.125,0.000125,0.012,u,1.161570514079946e-08,3.8666594372050587e-07
fig5,FD,moving,main,1024,640.0,0.125,0.000125,0.012,v,2.6441942413413244e-08,2.2893644869601488e-07
fig5,FD,moving,main,1024,640.0,0.125,0.000125,0.0125,u,1.1871992385698027e-08,3.951972854006729e-07
fig5,FD,moving,main,1024,640.0,0.125,0.000125,0.0125,v,2.6636796379708727e-08,2.3062350989449144e-07
fig5,FD,moving,main,1024,640.0,0.125,0.000125,0.013000000000000001,u,1.2128330464933335e-08,4.037303192645301e-07
fig5,FD,moving,main,1024,640.0,0.125,0.000125,0.013000000000000001,v,2.683139731229911e-08,2.3230838030694552e-07
fig5,FD,moving,main,1024,640.0,0.125,0.000125,0.0135,u,1.2384717806845913e-08,4.1226499299435894e-07
fig5,FD,moving,main,1024,640.0,0.125,0.000125,0.0135,v,2.7025745127917666e-08,2.339910592124472e-07
fig5,FD,moving,main,1024,640.0,0.125,0.000125,0.014,u,1.2641155639619983e-08,4.208013474742044e-07
fig5,FD,moving,main,1024,640.0,0.125,0.000125,0.014,v,2.7219839757175457e-08,2.3567154601022145e-07
fig5,FD,moving,main,1024,640.0,0.125,0.000125,0.0145,u,1.2897642960585376e-08,4.293393493269789e-07
fig5,FD,moving,main,1024,640.0,0.125,0.000125,0.0145,v,2.7413681352728148e-08,2.3734984202197325e-07
fig5,FD,moving,main,1024,640.0,0.125,0.000125,0.015,u,1.3154180893842904e-08,4.3787903597197777e-07
fig5,FD,moving,main,1024,640.0,0.125,0.000125,0.015,v,2.7607269567631043e-08,2.390259442438277e-07
fig5,FD,moving,main,1024,640.0,0.125,0.000125,0.0155,u,1.341076785385531e-08,4.4642035462951596e-07
fig5,FD,moving,main,1024,640.0,0.125,0.000125,0.0155,v,2.7800604665562112e-08,2.406998549587298e-07
fig5,FD,moving,main,1024,640.0,0.125,0.000125,0.016,u,1.3667404898803914e-08,4.549633405245474e-07
fig5,FD,moving,main,1024,640.0,0.125,0.000125,0.016,v,2.7993686313454447e-08,2.423715712829595e-07
fig5,FD,moving,main,1024,640.0,0.125,0.000125,0.0165,u,1.3924091431943841e-08,4.635079737925079e-07
fig5,FD,moving,main,1024,640.0,0.125,0.000125,0.0165,v,2.8186514525185835e-08,2.4404109333667193e-07
fig5,FD,moving,main,1024,640.0,0.125,0.000125,0.017,u,1.418082747756122e-08,4.72054255241839e-07
fig5,FD,moving,main,1024,640.0,0.125,0.000125,0.017,v,2.8379089578312033e-08,2.457084235229669e-07
fig5,FD,moving,main,1024,640.0,0.125,0.000125,0.0175,u,1.4437613323620146e-08,4.806021944583479e-07
fig5,FD,moving,main,1024,640.0,0.125,0.000125,0.0175,v,2.857141102874383e-08,2.473735579968847e-07
fig5,FD,moving,main,1024,640.0,0.125,0.000125,0.018000000000000002,u,1.469444830051736e-08,4.891517691521456e-07
fig5,FD,moving,main,1024,640.0,0.125,0.000125,0.018000000000000002,v,2.8763479029136896e-08,2.490364980801301e-07
fig5,FD,moving,main,1024,640.0,0.125,0.000125,0.0185,u,1.4951332925200456e-08,4.977029965314884e-07
fig5,FD,moving,main,1024,640.0,0.125,0.000125,0.0185,v,2.895984999029544e-08,2.5073669354125686e-07
fig5,FD,moving,main,1024,640.0,0.125,0.000125,0.019,u,1.5208267124811048e-08,5.062558741710516e-07
fig5,FD,moving,main,1024,640.0,0.125,0.000125,0.019,v,2.916655859885875e-08,2.5252639317903284e-07
fig5,FD,moving,main,1024,640.0,0.125,0.000125,0.0195,u,1.5465250129131913e-08,5.148103764316883e-07
fig5,FD,moving,main,1024,640.0,0.125,0.000125,0.0195,v,2.937307160000291e-08,2.543143992321554e-07
fig5,FD,moving,main,1024,640.0,0.125,0.000125,0.02,u,1.572228269103304e-08,5.233665283750871e-07
fig5,FD,moving,main,1024,640.0,0.125,0.000125,0.02,v,2.957938917413916e-08,2.5610071326263936e-07
fig3,SD,moving,time_half,256,40.0,0.125,6.25e-05,0.0,u,7.429412060000473e-07,1.425406046890384e-06
fig3,SD,moving,time_half,256,40.0,0.125,6.25e-05,0.0,v,7.320459969317739e-07,1.2049845827617432e-06
fig3,SD,moving,time_half,256,40.0,0.125,6.25e-05,0.001,u,1.4236888300489525e-06,2.7314875670551295e-06
fig3,SD,moving,time_half,256,40.0,0.125,6.25e-05,0.001,v,7.132804273335402e-07,1.1740955100157837e-06
fig3,SD,moving,time_half,256,40.0,0.125,6.25e-05,0.005,u,4.8800470018317554e-06,9.36285193140819e-06
fig3,SD,moving,time_half,256,40.0,0.125,6.25e-05,0.005,v,1.98108951432463e-06,3.260973124417771e-06
fig3,SD,moving,time_half,256,40.0,0.125,6.25e-05,0.01,u,9.744408560830031e-06,1.8695609792272937e-05
fig3,SD,moving,time_half,256,40.0,0.125,6.25e-05,0.01,v,3.725116504482706e-06,6.131729393653554e-06
fig3,SD,moving,time_half,256,40.0,0.125,6.25e-05,0.02,u,1.9439813439436904e-05,3.729720118255569e-05
fig3,SD,moving,time_half,256,40.0,0.125,6.25e-05,0.02,v,7.380284629543432e-06,1.2148320231607158e-05
fig3,SD2,fixed,time_half,256,40.0,0.125,6.25e-05,0.0,u,1.679816183886018e-05,3.222893180291991e-05
fig3,SD2,fixed,time_half,256,40.0,0.125,6.25e-05,0.0,v,5.413476456384014e-05,8.910854914072244e-05
fig3,SD2,fixed,time_half,256,40.0,0.125,6.25e-05,0.001,u,1.7250414980019002e-05,3.3096624100677465e-05
fig3,SD2,fixed,time_half,256,40.0,0.125,6.25e-05,0.001,v,5.4188014441236554e-05,8.919620112101544e-05
fig3,SD2,fixed,time_half,256,40.0,0.125,6.25e-05,0.005,u,1.9520524543903406e-05,3.745205340427745e-05
fig3,SD2,fixed,time_half,256,40.0,0.125,6.25e-05,0.005,v,5.423132330584224e-05,8.926748969354434e-05
fig3,SD2,fixed,time_half,256,40.0,0.125,6.25e-05,0.01,u,2.3199423814512787e-05,4.4510384835993604e-05
fig3,SD2,fixed,time_half,256,40.0,0.125,6.25e-05,0.01,v,5.3875898695543434e-05,8.868244288290783e-05
fig3,SD2,fixed,time_half,256,40.0,0.125,6.25e-05,0.02,u,3.1095909392098164e-05,5.966057195789647e-05
fig3,SD2,fixed,time_half,256,40.0,0.125,6.25e-05,0.02,v,5.4032042786755774e-05,8.893946392173436e-05
fig3,FD,fixed,time_half,256,40.0,0.125,6.25e-05,0.0,u,1.2350944300631994e-06,2.3696505926373464e-06
fig3,FD,fixed,time_half,256,40.0,0.125,6.25e-05,0.0,v,1.214600084509243e-06,1.9992929162771617e-06
fig3,FD,fixed,time_half,256,40.0,0.125,6.25e-05,0.001,u,1.0467944163705667e-06,2.0083784273847384e-06
fig3,FD,fixed,time_half,256,40.0,0.125,6.25e-05,0.001,v,1.2463034795295869e-06,2.0514783013224135e-06
fig3,FD,fixed,time_half,256,40.0,0.125,6.25e-05,0.005,u,4.278537086066514e-06,8.208795776934714e-06
fig3,FD,fixed,time_half,256,40.0,0.125,6.25e-05,0.005,v,1.5634943432152326e-06,2.5735904392700874e-06
fig3,FD,fixed,time_half,256,40.0,0.125,6.25e-05,0.01,u,8.594123020289057e-06,1.648867342652023e-05
fig3,FD,fixed,time_half,256,40.0,0.125,6.25e-05,0.01,v,1.9595038993625025e-06,3.225442114962338e-06
fig3,FD,fixed,time_half,256,40.0,0.125,6.25e-05,0.02,u,1.7032498303704013e-05,3.2678529444426e-05
fig3,FD,fixed,time_half,256,40.0,0.125,6.25e-05,0.02,v,3.115645951790036e-06,5.1285101660093215e-06
fig3,SD2,moving,time_half,256,40.0,0.125,6.25e-05,0.0,u,7.954236419138727e-06,1.526098781258787e-05
fig3,SD2,moving,time_half,256,40.0,0.125,6.25e-05,0.0,v,2.7427804173973946e-05,4.514754715847048e-05
fig3,SD2,moving,time_half,256,40.0,0.125,6.25e-05,0.001,u,8.531081100660032e-06,1.6367721280211648e-05
fig3,SD2,moving,time_half,256,40.0,0.125,6.25e-05,0.001,v,2.7405240051292523e-05,4.511040547602345e-05
fig3,SD2,moving,time_half,256,40.0,0.125,6.25e-05,0.005,u,1.0870132400697674e-05,2.0855422110551993e-05
fig3,SD2,moving,time_half,256,40.0,0.125,6.25e-05,0.005,v,2.7218336065781834e-05,4.480275210186246e-05
fig3,SD2,moving,time_half,256,40.0,0.125,6.25e-05,0.01,u,1.3850804555237684e-05,2.6574135891086127e-05
fig3,SD2,moving,time_half,256,40.0,0.125,6.25e-05,0.01,v,2.7529107223811522e-05,4.531429708095165e-05
fig3,SD2,moving,time_half,256,40.0,0.125,6.25e-05,0.02,u,1.9951452246702583e-05,3.827883074329409e-05
fig3,SD2,moving,time_half,256,40.0,0.125,6.25e-05,0.02,v,2.786862486736652e-05,4.587316022312316e-05
fig3,FD,moving,time_half,256,40.0,0.125,6.25e-05,0.0,u,7.429412060000473e-07,1.425406046890384e-06
fig3,FD,moving,time_half,256,40.0,0.125,6.25e-05,0.0,v,7.320459969317739e-07,1.2049845827617432e-06
fig3,FD,moving,time_half,256,40.0,0.125,6.25e-05,0.001,u,6.330115237540568e-07,1.214495099239752e-06
fig3,FD,moving,time_half,256,40.0,0.125,6.25e-05,0.001,v,7.886668906831318e-07,1.29818542576688e-06
fig3,FD,moving,time_half,256,40.0,0.125,6.25e-05,0.005,u,2.912868776572264e-06,5.588626306351401e-06
fig3,FD,moving,time_half,256,40.0,0.125,6.25e-05,0.005,v,1.3594195839017331e-06,2.2376731065693406e-06
fig3,FD,moving,time_half,256,40.0,0.125,6.25e-05,0.01,u,5.807394405588084e-06,1.114205947327966e-05
fig3,FD,moving,time_half,256,40.0,0.125,6.25e-05,0.01,v,2.1573692995380256e-06,3.551138529767963e-06
fig3,FD,moving,time_half,256,40.0,0.125,6.25e-05,0.02,u,1.1479784606527321e-05,2.2025100052321164e-05
fig3,FD,moving,time_half,256,40.0,0.125,6.25e-05,0.02,v,3.921096118131295e-06,6.454321708852243e-06
fig4,SD,fixed,time_half,256,40.0,0.125,6.25e-05,0.0,u,0.00024046999548987813,0.00013618729652504583
fig4,SD,fixed,time_half,256,40.0,0.125,6.25e-05,0.0,v,0.00011975115052420549,4.683653696636784e-05
fig4,SD,fixed,time_half,256,40.0,0.125,6.25e-05,0.001,u,0.00023992451306575902,0.0001358783690994376
fig4,SD,fixed,time_half,256,40.0,0.125,6.25e-05,0.001,v,0.00019909822105024233,7.787041000723296e-05
fig4,SD,fixed,time_half,256,40.0,0.125,6.25e-05,0.005,u,0.0003065438412581667,0.0001736074262500236
fig4,SD,fixed,time_half,256,40.0,0.125,6.25e-05,0.005,v,0.0005965392256377378,0.00023331576666416103
fig4,SD,fixed,time_half,256,40.0,0.125,6.25e-05,0.01,u,0.0005912895543398466,0.00033486974416495303
fig4,SD,fixed,time_half,256,40.0,0.125,6.25e-05,0.01,v,0.0011067780609370637,0.00043287810879249697
fig4,SD,fixed,time_half,256,40.0,0.125,6.25e-05,0.02,u,0.001358221990979347,0.0007692127271659067
fig4,SD,fixed,time_half,256,40.0,0.125,6.25e-05,0.02,v,0.0023034040755480767,0.0009008971493019867
fig4,SD,moving,time_half,256,40.0,0.125,6.25e-05,0.0,u,7.553023214790233e-05,4.277564068305933e-05
fig4,SD,moving,time_half,256,40.0,0.125,6.25e-05,0.0,v,6.770600946293115e-05,2.648087305361499e-05
fig4,SD,moving,time_half,256,40.0,0.125,6.25e-05,0.001,u,7.893914104961652e-05,4.4706235335747135e-05
fig4,SD,moving,time_half,256,40.0,0.125,6.25e-05,0.001,v,9.699955444020247e-05,3.793803397606142e-05
fig4,SD,moving,time_half,256,40.0,0.125,6.25e-05,0.005,u,0.0001727885002351659,9.785669380375974e-05
fig4,SD,moving,time_half,256,40.0,0.125,6.25e-05,0.005,v,0.00026764821816982476,0.00010468137975642763
fig4,SD,moving,time_half,256,40.0,0.125,6.25e-05,0.01,u,0.0003608792901974578,0.00020437965578095566
fig4,SD,moving,time_half,256,40.0,0.125,6.25e-05,0.01,v,0.000534387746004672,0.00020900735659372795
fig4,SD,moving,time_half,256,40.0,0.125,6.25e-05,0.02,u,0.0008279690628447689,0.0004689103438684561
fig4,SD,moving,time_half,256,40.0,0.125,6.25e-05,0.02,v,0.0012423636874685506,0.00048590775553369067
fig4,SD2,fixed,time_half,256,40.0,0.125,6.25e-05,0.0,u,0.0030729859150160355,0.0017403486999407944
fig4,SD2,fixed,time_half,256,40.0,0.125,6.25e-05,0.0,v,0.011772622077345307,0.004604455545545749
fig4,SD2,fixed,time_half,256,40.0,0.125,6.25e-05,0.001,u,0.003353155001382113,0.0018990191002306895
fig4,SD2,fixed,time_half,256,40.0,0.125,6.25e-05,0.001,v,0.011716587066563644,0.004582539381547343
fig4,SD2,fixed,time_half,256,40.0,0.125,6.25e-05,0.005,u,0.004581123006538235,0.002594464045454656
fig4,SD2,fixed,time_half,256,40.0,0.125,6.25e-05,0.005,v,0.011507035847553748,0.004500580641505672
fig4,SD2,fixed,time_half,256,40.0,0.125,6.25e-05,0.01,u,0.006307817447767761,0.003572356723486381
fig4,SD2,fixed,time_half,256,40.0,0.125,6.25e-05,0.01,v,0.011249971837145267,0.00440003890997729
fig4,SD2,fixed,time_half,256,40.0,0.125,6.25e-05,0.02,u,0.010644660404334427,0.006028475693777465
fig4,SD2,fixed,time_half,256,40.0,0.125,6.25e-05,0.02,v,0.010722971349182764,0.004193920824867447
fig4,FD,fixed,time_half,256,40.0,0.125,6.25e-05,0.0,u,0.00024046999548987813,0.00013618729652504583
fig4,FD,fixed,time_half,256,40.0,0.125,6.25e-05,0.0,v,0.00011975115052420549,4.683653696636784e-05
fig4,FD,fixed,time_half,256,40.0,0.125,6.25e-05,0.001,u,0.00027425993253071823,0.00015532382191969625
fig4,FD,fixed,time_half,256,40.0,0.125,6.25e-05,0.001,v,0.00021799995857652021,8.526317345462172e-05
fig4,FD,fixed,time_half,256,40.0,0.125,6.25e-05,0.005,u,0.0004718487278050354,0.0002672258652379557
fig4,FD,fixed,time_half,256,40.0,0.125,6.25e-05,0.005,v,0.0006895660001688952,0.00026969998464551414
fig4,FD,fixed,time_half,256,40.0,0.125,6.25e-05,0.01,u,0.000835293606163523,0.0004730585110891924
fig4,FD,fixed,time_half,256,40.0,0.125,6.25e-05,0.01,v,0.0012919342375692366,0.0005052955684446378
fig4,FD,fixed,time_half,256,40.0,0.125,6.25e-05,0.02,u,0.001951236151471747,0.0011050591813316572
fig4,FD,fixed,time_half,256,40.0,0.125,6.25e-05,0.02,v,0.00282014919543494,0.0011030042004979512
fig4,FD,moving,time_half,256,40.0,0.125,6.25e-05,0.0,u,7.553023214790233e-05,4.277564068305933e-05
fig4,FD,moving,time_half,256,40.0,0.125,6.25e-05,0.0,v,6.770600946293115e-05,2.648087305361499e-05
fig4,FD,moving,time_half,256,40.0,0.125,6.25e-05,0.001,u,0.00010433604789583661,5.9089468788382715e-05
fig4,FD,moving,time_half,256,40.0,0.125,6.25e-05,0.001,v,0.00010185842550924917,3.983841400117209e-05
fig4,FD,moving,time_half,256,40.0,0.125,6.25e-05,0.005,u,0.00024890977707126005,0.00014096706555397927
fig4,FD,moving,time_half,256,40.0,0.125,6.25e-05,0.005,v,0.0003840246797826019,0.00015019802341690062
fig4,FD,moving,time_half,256,40.0,0.125,6.25e-05,0.01,u,0.000471077586710722,0.0002667891387321812
fig4,FD,moving,time_half,256,40.0,0.125,6.25e-05,0.01,v,0.0007664459337144436,0.0002997689220520917
fig4,FD,moving,time_half,256,40.0,0.125,6.25e-05,0.02,u,0.0010549298526910666,0.0005974468638754081
fig4,FD,moving,time_half,256,40.0,0.125,6.25e-05,0.02,v,0.0017095995833118494,0.0006686509793931998
fig4,SD2,moving,time_half,256,40.0,0.125,6.25e-05,0.0,u,0.0009593095227022896,0.0005432934373430221
fig4,SD2,moving,time_half,256,40.0,0.125,6.25e-05,0.0,v,0.002203549310333397,0.0008618423979966956
fig4,SD2,moving,time_half,256,40.0,0.125,6.25e-05,0.001,u,0.0009755675350600068,0.0005525009675604936
fig4,SD2,moving,time_half,256,40.0,0.125,6.25e-05,0.001,v,0.0021662726682776245,0.0008472629236786235
fig4,SD2,moving,time_half,256,40.0,0.125,6.25e-05,0.005,u,0.0010555609566171853,0.0005978042820112938
fig4,SD2,moving,time_half,256,40.0,0.125,6.25e-05,0.005,v,0.0020085571275103575,0.0007855779233844201
fig4,SD2,moving,time_half,256,40.0,0.125,6.25e-05,0.01,u,0.0012044665204757887,0.0006821351613716436
fig4,SD2,moving,time_half,256,40.0,0.125,6.25e-05,0.01,v,0.0018762990464225027,0.000733849731405838
fig4,SD2,moving,time_half,256,40.0,0.125,6.25e-05,0.02,u,0.0018123231038167376,0.0010263874436221313
fig4,SD2,moving,time_half,256,40.0,0.125,6.25e-05,0.02,v,0.003267914037362374,0.0012781319924178715
fig5,SD,fixed,time_half,1024,640.0,0.125,6.25e-05,0.0,u,1.2179767576447897e-08,4.054425682433869e-07
fig5,SD,fixed,time_half,1024,640.0,0.125,6.25e-05,0.0,v,2.3699033957491622e-08,2.051881282746519e-07
fig5,SD,fixed,time_half,1024,640.0,0.125,6.25e-05,0.001,u,2.015149166458008e-08,6.708069331488283e-07
fig5,SD,fixed,time_half,1024,640.0,0.125,6.25e-05,0.001,v,2.308561116576291e-08,1.9987706476456998e-07
fig5,SD,fixed,time_half,1024,640.0,0.125,6.25e-05,0.005,u,1.0075554294532163e-07,3.353970906267631e-06
fig5,SD,fixed,time_half,1024,640.0,0.125,6.25e-05,0.005,v,7.085777307958008e-08,6.134922570256499e-07
fig5,SD,fixed,time_half,1024,640.0,0.125,6.25e-05,0.01,u,2.0150893493327965e-07,6.707870211031193e-06
fig5,SD,fixed,time_half,1024,640.0,0.125,6.25e-05,0.01,v,1.34442896690401e-07,1.1640173342595425e-06
fig5,SD,fixed,time_half,1024,640.0,0.125,6.25e-05,0.02,u,4.030102024070101e-07,1.3415485186117035e-05
fig5,SD,fixed,time_half,1024,640.0,0.125,6.25e-05,0.02,v,2.657878806350267e-07,2.3012126926105316e-06
fig5,SD,moving,time_half,1024,640.0,0.125,6.25e-05,0.0,u,1.139151944648531e-08,3.792032049534773e-07
fig5,SD,moving,time_half,1024,640.0,0.125,6.25e-05,0.0,v,2.212301787596349e-08,1.915428552023593e-07
fig5,SD,moving,time_half,1024,640.0,0.125,6.25e-05,0.001,u,2.015301715351664e-08,6.708577139333041e-07
fig5,SD,moving,time_half,1024,640.0,0.125,6.25e-05,0.001,v,2.173245056830142e-08,1.88161292267423e-07
fig5,SD,moving,time_half,1024,640.0,0.125,6.25e-05,0.005,u,1.0076275786755767e-07,3.354211078059309e-06
fig5,SD,moving,time_half,1024,640.0,0.125,6.25e-05,0.005,v,7.016439547424813e-08,6.07488938355327e-07
fig5,SD,moving,time_half,1024,640.0,0.125,6.25e-05,0.01,u,2.0152496144239251e-07,6.708403704710273e-06
fig5,SD,moving,time_half,1024,640.0,0.125,6.25e-05,0.01,v,1.3389989445000694e-07,1.1593159775057082e-06
fig5,SD,moving,time_half,1024,640.0,0.125,6.25e-05,0.02,u,4.0304215361778445e-07,1.3416548784488149e-05
fig5,SD,moving,time_half,1024,640.0,0.125,6.25e-05,0.02,v,2.652831213034723e-07,2.296842446014971e-06
fig5,SD2,fixed,time_half,1024,640.0,0.125,6.25e-05,0.0,u,1.6187540570825054e-07,5.388541268447912e-06
fig5,SD2,fixed,time_half,1024,640.0,0.125,6.25e-05,0.0,v,6.022768328298178e-07,5.214560907976176e-06
fig5,SD2,fixed,time_half,1024,640.0,0.125,6.25e-05,0.001,u,1.5848263015469377e-07,5.275601869130688e-06
fig5,SD2,fixed,time_half,1024,640.0,0.125,6.25e-05,0.001,v,6.029137002705465e-07,5.220074957129259e-06
fig5,SD2,fixed,time_half,1024,640.0,0.125,6.25e-05,0.005,u,1.701286393221424e-07,5.663276579423761e-06
fig5,SD2,fixed,time_half,1024,640.0,0.125,6.25e-05,0.005,v,6.054698265742231e-07,5.2422061027626954e-06
fig5,SD2,fixed,time_half,1024,640.0,0.125,6.25e-05,0.01,u,2.0012768564819233e-07,6.6618909052673414e-06
fig5,SD2,fixed,time_half,1024,640.0,0.125,6.25e-05,0.01,v,6.086846174035987e-07,5.270040018451295e-06
fig5,SD2,fixed,time_half,1024,640.0,0.125,6.25e-05,0.02,u,4.0162009604712695e-07,1.3369211044254728e-05
fig5,SD2,fixed,time_half,1024,640.0,0.125,6.25e-05,0.02,v,6.151804985143894e-07,5.326281875777993e-06
fig5,FD,fixed,time_half,1024,640.0,0.125,6.25e-05,0.0,u,1.2179767576447897e-08,4.054425682433869e-07
fig5,FD,fixed,time_half,1024,640.0,0.125,6.25e-05,0.0,v,2.3699033957491622e-08,2.051881282746519e-07
fig5,FD,fixed,time_half,1024,640.0,0.125,6.25e-05,0.001,u,1.200203412002332e-08,3.9952614097305875e-07
fig5,FD,fixed,time_half,1024,640.0,0.125,6.25e-05,0.001,v,2.400695189863633e-08,2.0785410639506786e-07
fig5,FD,fixed,time_half,1024,640.0,0.125,6.25e-05,0.005,u,1.1706945635125976e-08,3.8970317576252545e-07
fig5,FD,fixed,time_half,1024,640.0,0.125,6.25e-05,0.005,v,2.522925698911216e-08,2.1843692146445727e-07
fig5,FD,fixed,time_half,1024,640.0,0.125,6.25e-05,0.01,u,1.1734001818808348e-08,3.906038274810573e-07
fig5,FD,fixed,time_half,1024,640.0,0.125,6.25e-05,0.01,v,2.7074416458772177e-08,2.3441245948119173e-07
fig5,FD,fixed,time_half,1024,640.0,0.125,6.25e-05,0.02,u,1.5887743613773875e-08,5.288744250602165e-07
fig5,FD,fixed,time_half,1024,640.0,0.125,6.25e-05,0.02,v,3.1329296226734193e-08,2.7125154824691026e-07
fig5,FD,moving,time_half,1024,640.0,0.125,6.25e-05,0.0,u,1.139151944648531e-08,3.792032049534773e-07
fig5,FD,moving,time_half,1024,640.0,0.125,6.25e-05,0.0,v,2.212301787596349e-08,1.915428552023593e-07
fig5,FD,moving,time_half,1024,640.0,0.125,6.25e-05,0.001,u,1.119067107382965e-08,3.7251732367323987e-07
fig5,FD,moving,time_half,1024,640.0,0.125,6.25e-05,0.001,v,2.2463842522246757e-08,1.9449374220333035e-07
fig5,FD,moving,time_half,1024,640.0,0.125,6.25e-05,0.005,u,1.0959255811876512e-08,3.6481392559539576e-07
fig5,FD,moving,time_half,1024,640.0,0.125,6.25e-05,0.005,v,2.3814785074516287e-08,2.0619031068810353e-07
fig5,FD,moving,time_half,1024,640.0,0.125,6.25e-05,0.01,u,1.0981504369039774e-08,3.6555454006930624e-07
fig5,FD,moving,time_half,1024,640.0,0.125,6.25e-05,0.01,v,2.5659997154869885e-08,2.2216630421242376e-07
fig5,FD,moving,time_half,1024,640.0,0.125,6.25e-05,0.02,u,1.572228269103304e-08,5.233665283750871e-07
fig5,FD,moving,time_half,1024,640.0,0.125,6.25e-05,0.02,v,2.9579389257405886e-08,2.5610071398356933e-07
fig3,SD,fixed,x_half,512,40.0,0.125,6.25e-05,0.0,u,7.516209710178856e-08,1.4420590329437831e-07
fig3,SD,fixed,x_half,512,40.0,0.125,6.25e-05,0.0,v,7.421629077963843e-08,1.2216375276151069e-07
fig3,SD,fixed,x_half,512,40.0,0.125,6.25e-05,0.001,u,1.1533099500971034e-06,2.212738994055949e-06
fig3,SD,fixed,x_half,512,40.0,0.125,6.25e-05,0.001,v,4.2741186845329793e-07,7.035414634247555e-07
fig3,SD,fixed,x_half,512,40.0,0.125,6.25e-05,0.005,u,5.7331198543009165e-06,1.0999556414249181e-05
fig3,SD,fixed,x_half,512,40.0,0.125,6.25e-05,0.005,v,2.077016131141196e-06,3.418873167345304e-06
fig3,SD,fixed,x_half,512,40.0,0.125,6.25e-05,0.01,u,1.1431409223161548e-05,2.1932287103714557e-05
fig3,SD,fixed,x_half,512,40.0,0.125,6.25e-05,0.01,v,4.1524016202165726e-06,6.835062215717824e-06
fig3,SD,fixed,x_half,512,40.0,0.125,6.25e-05,0.02,u,2.2663172247860963e-05,4.34815332666005e-05
fig3,SD,fixed,x_half,512,40.0,0.125,6.25e-05,0.02,v,8.338960368448056e-06,1.372634878457998e-05
fig5,SD2,moving,time_half,1024,640.0,0.125,6.25e-05,0.0,u,1.4935787894312935e-07,4.971855303970241e-06
fig5,SD2,moving,time_half,1024,640.0,0.125,6.25e-05,0.0,v,5.510235892708382e-07,4.7708062328811835e-06
fig5,SD2,moving,time_half,1024,640.0,0.125,6.25e-05,0.001,u,1.459270008857816e-07,4.8576475407949565e-06
fig5,SD2,moving,time_half,1024,640.0,0.125,6.25e-05,0.001,v,5.516888713641421e-07,4.7765662983650565e-06
fig5,SD2,moving,time_half,1024,640.0,0.125,6.25e-05,0.005,u,1.5743313975385975e-07,5.2406662202531395e-06
fig5,SD2,moving,time_half,1024,640.0,0.125,6.25e-05,0.005,v,5.543595123433387e-07,4.799688921202672e-06
fig5,SD2,moving,time_half,1024,640.0,0.125,6.25e-05,0.01,u,2.0021043084690604e-07,6.664645344189573e-06
fig5,SD2,moving,time_half,1024,640.0,0.125,6.25e-05,0.01,v,5.577193020328552e-07,4.828778248599937e-06
fig5,SD2,moving,time_half,1024,640.0,0.125,6.25e-05,0.02,u,4.0172204105945464e-07,1.3372604610458541e-05
fig5,SD2,moving,time_half,1024,640.0,0.125,6.25e-05,0.02,v,5.645113003369118e-07,4.887583912229674e-06
fig3,SD,moving,x_half,512,40.0,0.125,6.25e-05,0.0,u,4.5617214894377867e-08,8.752113010775735e-08
fig3,SD,moving,x_half,512,40.0,0.125,6.25e-05,0.0,v,4.5030919770816524e-08,7.412316206746776e-08
fig3,SD,moving,x_half,512,40.0,0.125,6.25e-05,0.001,u,1.1646089663197579e-06,2.2344172721183493e-06
fig3,SD,moving,x_half,512,40.0,0.125,6.25e-05,0.001,v,4.259078811297279e-07,7.010658245370807e-07
fig3,SD,moving,x_half,512,40.0,0.125,6.25e-05,0.005,u,5.79407942685739e-06,1.1116513372129702e-05
fig3,SD,moving,x_half,512,40.0,0.125,6.25e-05,0.005,v,2.101565351575463e-06,3.459282420679242e-06
fig3,SD,moving,x_half,512,40.0,0.125,6.25e-05,0.01,u,1.1539407347826991e-05,2.213949216746348e-05
fig3,SD,moving,x_half,512,40.0,0.125,6.25e-05,0.01,v,4.202917704920761e-06,6.918214235543303e-06
fig3,SD,moving,x_half,512,40.0,0.125,6.25e-05,0.02,u,2.2835873064896983e-05,4.381287683311421e-05
fig3,SD,moving,x_half,512,40.0,0.125,6.25e-05,0.02,v,8.436294503921804e-06,1.3886565674111364e-05
fig3,SD2,fixed,x_half,512,40.0,0.125,6.25e-05,0.0,u,1.063371706244709e-06,2.0401835945188597e-06
fig3,SD2,fixed,x_half,512,40.0,0.125,6.25e-05,0.0,v,3.42990769897078e-06,5.64580083065571e-06
fig3,SD2,fixed,x_half,512,40.0,0.125,6.25e-05,0.001,u,1.6007522479766223e-06,3.0712012140555674e-06
fig3,SD2,fixed,x_half,512,40.0,0.125,6.25e-05,0.001,v,3.646100127041585e-06,6.001664456475696e-06
fig3,SD2,fixed,x_half,512,40.0,0.125,6.25e-05,0.005,u,5.180783775760034e-06,9.939845120933402e-06
fig3,SD2,fixed,x_half,512,40.0,0.125,6.25e-05,0.005,v,4.590087693157052e-06,7.555515537221286e-06
fig3,SD2,fixed,x_half,512,40.0,0.125,6.25e-05,0.01,u,1.0874057333298826e-05,2.0862952481216773e-05
fig3,SD2,fixed,x_half,512,40.0,0.125,6.25e-05,0.01,v,5.946840803350284e-06,9.78879949376105e-06
fig3,SD2,fixed,x_half,512,40.0,0.125,6.25e-05,0.02,u,2.21422283393502e-05,4.248205095052352e-05
fig3,SD2,fixed,x_half,512,40.0,0.125,6.25e-05,0.02,v,8.982139800328692e-06,1.4785054525221923e-05
fig3,FD,fixed,x_half,512,40.0,0.125,6.25e-05,0.0,u,7.516209710178856e-08,1.4420590329437831e-07
fig3,FD,fixed,x_half,512,40.0,0.125,6.25e-05,0.0,v,7.421629077963843e-08,1.2216375276151069e-07
fig3,FD,fixed,x_half,512,40.0,0.125,6.25e-05,0.001,u,3.8126862283993646e-07,7.315014917688924e-07
fig3,FD,fixed,x_half,512,40.0,0.125,6.25e-05,0.001,v,2.586751584043867e-07,4.257923397261442e-07
fig3,FD,fixed,x_half,512,40.0,0.125,6.25e-05,0.005,u,1.901216960920049e-06,3.647672427723472e-06
fig3,FD,fixed,x_half,512,40.0,0.125,6.25e-05,0.005,v,1.1255011300725926e-06,1.8526315495237813e-06
fig3,FD,fixed,x_half,512,40.0,0.125,6.25e-05,0.01,u,3.8045273548226177e-06,7.2993613132876775e-06
fig3,FD,fixed,x_half,512,40.0,0.125,6.25e-05,0.01,v,2.25166668699206e-06,3.706356779103478e-06
fig3,FD,fixed,x_half,512,40.0,0.125,6.25e-05,0.02,u,7.581124993993882e-06,1.4545136709875824e-05
fig3,FD,fixed,x_half,512,40.0,0.125,6.25e-05,0.02,v,4.646189712631532e-06,7.647862287031937e-06
fig3,FD,moving,x_half,512,40.0,0.125,6.25e-05,0.0,u,4.5617214894377867e-08,8.752113010775735e-08
fig3,FD,moving,x_half,512,40.0,0.125,6.25e-05,0.0,v,4.5030919770816524e-08,7.412316206746776e-08
fig3,FD,moving,x_half,512,40.0,0.125,6.25e-05,0.001,u,3.631740953524698e-07,6.967853544918632e-07
fig3,FD,moving,x_half,512,40.0,0.125,6.25e-05,0.001,v,2.471716021856807e-07,4.068569067771602e-07
fig3,FD,moving,x_half,512,40.0,0.125,6.25e-05,0.005,u,1.816732257575726e-06,3.485580184024809e-06
fig3,FD,moving,x_half,512,40.0,0.125,6.25e-05,0.005,v,1.1401089973217537e-06,1.8766768347873383e-06
fig3,FD,moving,x_half,512,40.0,0.125,6.25e-05,0.01,u,3.6320502072584304e-06,6.968446878736336e-06
fig3,FD,moving,x_half,512,40.0,0.125,6.25e-05,0.01,v,2.302258700792592e-06,3.789633782045948e-06
fig3,FD,moving,x_half,512,40.0,0.125,6.25e-05,0.02,u,7.255757532687035e-06,1.3920887115072594e-05
fig3,FD,moving,x_half,512,40.0,0.125,6.25e-05,0.02,v,4.743601447088075e-06,7.808206908397519e-06
fig4,SD,fixed,x_half,512,40.0,0.125,6.25e-05,0.0,u,1.3066030758457359e-05,7.399789739598933e-06
fig4,SD,fixed,x_half,512,40.0,0.125,6.25e-05,0.0,v,6.411523161276023e-06,2.5076464003836794e-06
fig4,SD,fixed,x_half,512,40.0,0.125,6.25e-05,0.001,u,3.838794972121917e-05,2.174055470422413e-05
fig4,SD,fixed,x_half,512,40.0,0.125,6.25e-05,0.001,v,2.962213032509098e-05,1.1585675761113064e-05
fig4,SD,fixed,x_half,512,40.0,0.125,6.25e-05,0.005,u,0.0001908641131063149,0.00010809360026246478
fig4,SD,fixed,x_half,512,40.0,0.125,6.25e-05,0.005,v,0.00011667426461281494,4.563311904429109e-05
fig4,SD,fixed,x_half,512,40.0,0.125,6.25e-05,0.01,u,0.0003782990795988539,0.00021424514448684968
fig4,SD,fixed,x_half,512,40.0,0.125,6.25e-05,0.01,v,0.00021061359925433898,8.237425347409686e-05
fig4,SD,fixed,x_half,512,40.0,0.125,6.25e-05,0.02,u,0.0007508174171491078,0.0004252164350781075
fig4,SD,fixed,x_half,512,40.0,0.125,6.25e-05,0.02,v,0.0005595504068265367,0.00021884886449237
fig3,SD2,moving,x_half,512,40.0,0.125,6.25e-05,0.0,u,5.01413626063929e-07,9.620115411726305e-07
fig3,SD2,moving,x_half,512,40.0,0.125,6.25e-05,0.0,v,1.7275209563960559e-06,2.8435865062848993e-06
fig3,SD2,moving,x_half,512,40.0,0.125,6.25e-05,0.001,u,1.0550100021378128e-06,2.024140839722086e-06
fig3,SD2,moving,x_half,512,40.0,0.125,6.25e-05,0.001,v,1.8535453822909886e-06,3.051029058926775e-06
fig3,SD2,moving,x_half,512,40.0,0.125,6.25e-05,0.005,u,5.578138810080624e-06,1.0702209981178977e-05
fig3,SD2,moving,x_half,512,40.0,0.125,6.25e-05,0.005,v,2.7605839966193813e-06,4.544060303980017e-06
fig3,SD2,moving,x_half,512,40.0,0.125,6.25e-05,0.01,u,1.1328328233195517e-05,2.1734516048306144e-05
fig3,SD2,moving,x_half,512,40.0,0.125,6.25e-05,0.01,v,4.487683251286345e-06,7.386952667978489e-06
fig3,SD2,moving,x_half,512,40.0,0.125,6.25e-05,0.02,u,2.3093418083874884e-05,4.430700237687571e-05
fig3,SD2,moving,x_half,512,40.0,0.125,6.25e-05,0.02,v,8.854560363036335e-06,1.4575052345496819e-05
fig4,SD,moving,x_half,512,40.0,0.125,6.25e-05,0.0,u,4.279490935510388e-06,2.4236383413378107e-06
fig4,SD,moving,x_half,512,40.0,0.125,6.25e-05,0.0,v,3.93514029117803e-06,1.5390945549065833e-06
fig4,SD,moving,x_half,512,40.0,0.125,6.25e-05,0.001,u,3.9437438203338004e-05,2.233491991316744e-05
fig4,SD,moving,x_half,512,40.0,0.125,6.25e-05,0.001,v,2.0793802863128263e-05,8.132779620129115e-06
fig4,SD,moving,x_half,512,40.0,0.125,6.25e-05,0.005,u,0.00019840759794154117,0.00011236576238395651
fig4,SD,moving,x_half,512,40.0,0.125,6.25e-05,0.005,v,0.00010174123899076015,3.9792580531671835e-05
fig4,SD,moving,x_half,512,40.0,0.125,6.25e-05,0.01,u,0.00040028283073700877,0.00022669537815897837
fig4,SD,moving,x_half,512,40.0,0.125,6.25e-05,0.01,v,0.00023548088378655407,9.210023511308627e-05
fig4,SD,moving,x_half,512,40.0,0.125,6.25e-05,0.02,u,0.002280141248299783,0.0012913306363590022
fig4,SD,moving,x_half,512,40.0,0.125,6.25e-05,0.02,v,0.0023842204670501133,0.0009325056966228619
fig4,SD2,fixed,x_half,512,40.0,0.125,6.25e-05,0.0,u,0.0002071220255799311,0.0001173010739117742
fig4,SD2,fixed,x_half,512,40.0,0.125,6.25e-05,0.0,v,0.0008026853702842729,0.00031394272917722717
fig4,SD2,fixed,x_half,512,40.0,0.125,6.25e-05,0.001,u,0.0002281247381643592,0.0001291957081705677
fig4,SD2,fixed,x_half,512,40.0,0.125,6.25e-05,0.001,v,0.0008025298194125341,0.00031388189081264816
fig4,SD2,fixed,x_half,512,40.0,0.125,6.25e-05,0.005,u,0.0003369927037020215,0.0001908517741365196
fig4,SD2,fixed,x_half,512,40.0,0.125,6.25e-05,0.005,v,0.0008142729265760984,0.00031847480261649027
fig4,SD2,fixed,x_half,512,40.0,0.125,6.25e-05,0.01,u,0.0005246772087175167,0.00029714464150914604
fig4,SD2,fixed,x_half,512,40.0,0.125,6.25e-05,0.01,v,0.0008658535049104188,0.000338648768823301
fig4,SD2,fixed,x_half,512,40.0,0.125,6.25e-05,0.02,u,0.001164473004783062,0.0006594853136447837
fig4,SD2,fixed,x_half,512,40.0,0.125,6.25e-05,0.02,v,0.0016616446892809833,0.0006498950746928027
fig4,FD,fixed,x_half,512,40.0,0.125,6.25e-05,0.0,u,1.3066030758457359e-05,7.399789739598933e-06
fig4,FD,fixed,x_half,512,40.0,0.125,6.25e-05,0.0,v,6.411523161276023e-06,2.5076464003836794e-06
fig4,FD,fixed,x_half,512,40.0,0.125,6.25e-05,0.001,u,2.142555203521468e-05,1.2134104308058677e-05
fig4,FD,fixed,x_half,512,40.0,0.125,6.25e-05,0.001,v,3.70109369303151e-05,1.4475552912088506e-05
fig4,FD,fixed,x_half,512,40.0,0.125,6.25e-05,0.005,u,8.201805114160798e-05,4.6449939122233235e-05
fig4,FD,fixed,x_half,512,40.0,0.125,6.25e-05,0.005,v,0.0001662703625657791,6.503092411750475e-05
fig4,FD,fixed,x_half,512,40.0,0.125,6.25e-05,0.01,u,0.00016620700661040821,9.412934386129966e-05
fig4,FD,fixed,x_half,512,40.0,0.125,6.25e-05,0.01,v,0.00033691396773427584,0.0001317722914159598
fig4,FD,fixed,x_half,512,40.0,0.125,6.25e-05,0.02,u,0.00045524447390077327,0.0002578222452751813
fig4,FD,fixed,x_half,512,40.0,0.125,6.25e-05,0.02,v,0.0007996100420397667,0.00031273992048288883
fig4,FD,moving,x_half,512,40.0,0.125,6.25e-05,0.0,u,4.279490935510388e-06,2.4236383413378107e-06
fig4,FD,moving,x_half,512,40.0,0.125,6.25e-05,0.0,v,3.93514029117803e-06,1.5390945549065833e-06
fig4,FD,moving,x_half,512,40.0,0.125,6.25e-05,0.001,u,1.3302877292842297e-05,7.533924932405425e-06
fig4,FD,moving,x_half,512,40.0,0.125,6.25e-05,0.001,v,2.954525545550979e-05,1.1555608804301685e-05
fig4,FD,moving,x_half,512,40.0,0.125,6.25e-05,0.005,u,6.0325356621371284e-05,3.4164541873248536e-05
fig4,FD,moving,x_half,512,40.0,0.125,6.25e-05,0.005,v,0.00014082729201314592,5.5079743613101703e-05
fig4,FD,moving,x_half,512,40.0,0.125,6.25e-05,0.01,u,0.0001253851124174421,7.101035391061564e-05
fig4,FD,moving,x_half,512,40.0,0.125,6.25e-05,0.01,v,0.00028880249304652494,0.00011295514558600105
fig4,FD,moving,x_half,512,40.0,0.125,6.25e-05,0.02,u,0.0024289527564438362,0.0013756082483939993
fig4,FD,moving,x_half,512,40.0,0.125,6.25e-05,0.02,v,0.0023209318811221458,0.0009077525465997626
fig4,SD2,moving,x_half,512,40.0,0.125,6.25e-05,0.0,u,6.263039953746663e-05,3.546997527036625e-05
fig4,SD2,moving,x_half,512,40.0,0.125,6.25e-05,0.0,v,0.00014203016229386023,5.555020488317554e-05
fig4,SD2,moving,x_half,512,40.0,0.125,6.25e-05,0.001,u,3.9128472189231545e-05,2.215994071838865e-05
fig4,SD2,moving,x_half,512,40.0,0.125,6.25e-05,0.001,v,0.00012644611053547195,4.945503992590854e-05
fig4,SD2,moving,x_half,512,40.0,0.125,6.25e-05,0.005,u,0.00016913585528266495,9.578806216331918e-05
fig4,SD2,moving,x_half,512,40.0,0.125,6.25e-05,0.005,v,0.00015289860378397968,5.980102134206119e-05
fig4,SD2,moving,x_half,512,40.0,0.125,6.25e-05,0.01,u,0.00036162222064795024,0.00020480040552710418
fig4,SD2,moving,x_half,512,40.0,0.125,6.25e-05,0.01,v,0.00028206732256719214,0.00011032091568717183
fig4,SD2,moving,x_half,512,40.0,0.125,6.25e-05,0.02,u,0.017962975346143994,0.010173115547966028
fig4,SD2,moving,x_half,512,40.0,0.125,6.25e-05,0.02,v,0.015040470692549102,0.005882561950340159
fig5,SD,fixed,x_half,2048,640.0,0.125,6.25e-05,0.0,u,7.516269169560719e-10,2.5020308939294503e-08
fig5,SD,fixed,x_half,2048,640.0,0.125,6.25e-05,0.0,v,1.4614025961590116e-09,1.2652940364549903e-08
fig5,SD,fixed,x_half,2048,640.0,0.125,6.25e-05,0.001,u,2.015286500612473e-08,6.708526492201281e-07
fig5,SD,fixed,x_half,2048,640.0,0.125,6.25e-05,0.001,v,1.3146199587255047e-08,1.1382084569658848e-07
fig5,SD,fixed,x_half,2048,640.0,0.125,6.25e-05,0.005,u,1.0076662236395417e-07,3.3543397201975216e-06
fig5,SD,fixed,x_half,2048,640.0,0.125,6.25e-05,0.005,v,6.565285151638456e-08,5.684276305398577e-07
fig5,SD,fixed,x_half,2048,640.0,0.125,6.25e-05,0.01,u,2.0153723029932985e-07,6.708812112903193e-06
fig5,SD,fixed,x_half,2048,640.0,0.125,6.25e-05,0.01,v,1.312641740025544e-07,1.1364956994201938e-06
fig5,SD,fixed,x_half,2048,640.0,0.125,6.25e-05,0.02,u,4.030828209726847e-07,1.3417902527629054e-05
fig5,SD,fixed,x_half,2048,640.0,0.125,6.25e-05,0.02,v,2.6236493452791443e-07,2.271576551906942e-06
fig5,SD,moving,x_half,2048,640.0,0.125,6.25e-05,0.0,u,7.023889976587316e-10,2.338126711607637e-08
fig5,SD,moving,x_half,2048,640.0,0.125,6.25e-05,0.0,v,1.3694548967047027e-09,1.1856849841027703e-08
fig5,SD,moving,x_half,2048,640.0,0.125,6.25e-05,0.001,u,2.015235637739532e-08,6.70835717884038e-07
fig5,SD,moving,x_half,2048,640.0,0.125,6.25e-05,0.001,v,1.313383279910596e-08,1.1371377305735635e-07
fig5,SD,moving,x_half,2048,640.0,0.125,6.25e-05,0.005,u,1.0076314461288094e-07,3.3542239521159064e-06
fig5,SD,moving,x_half,2048,640.0,0.125,6.25e-05,0.005,v,6.564828287924929e-08,5.683880749147536e-07
fig5,SD,moving,x_half,2048,640.0,0.125,6.25e-05,0.01,u,2.015328113384729e-07,6.7086650136397986e-06
fig5,SD,moving,x_half,2048,640.0,0.125,6.25e-05,0.01,v,1.3125400039060153e-07,1.1364076154755845e-06
fig5,SD,moving,x_half,2048,640.0,0.125,6.25e-05,0.02,u,4.03078567045613e-07,1.3417760922043704e-05
fig5,SD,moving,x_half,2048,640.0,0.125,6.25e-05,0.02,v,2.623435335774582e-07,2.271391260769114e-06
fig5,SD2,fixed,x_half,2048,640.0,0.125,6.25e-05,0.0,u,1.0175279337859555e-08,3.387167580531782e-07
fig5,SD2,fixed,x_half,2048,640.0,0.125,6.25e-05,0.0,v,3.792186768075689e-08,3.283305582856382e-07
fig5,SD2,fixed,x_half,2048,640.0,0.125,6.25e-05,0.001,u,2.0064481136457257e-08,6.679105090779333e-07
fig5,SD2,fixed,x_half,2048,640.0,0.125,6.25e-05,0.001,v,3.8623049515573715e-08,3.344014465979767e-07
fig5,SD2,fixed,x_half,2048,640.0,0.125,6.25e-05,0.005,u,1.0067293066892691e-07,3.351220892090458e-06
fig5,SD2,fixed,x_half,2048,640.0,0.125,6.25e-05,0.005,v,6.756916920425127e-08,5.850192620915177e-07
fig5,SD2,fixed,x_half,2048,640.0,0.125,6.25e-05,0.01,u,2.014437956434842e-07,6.705701841168431e-06
fig5,SD2,fixed,x_half,2048,640.0,0.125,6.25e-05,0.01,v,1.329413103490218e-07,1.1510164798203688e-06
fig5,SD2,fixed,x_half,2048,640.0,0.125,6.25e-05,0.02,u,4.029898864627707e-07,1.341480890485329e-05
fig5,SD2,fixed,x_half,2048,640.0,0.125,6.25e-05,0.02,v,2.636051827514807e-07,2.2823147200553144e-06
fig5,FD,fixed,x_half,2048,640.0,0.125,6.25e-05,0.0,u,7.516269169560719e-10,2.5020308939294503e-08
fig5,FD,fixed,x_half,2048,640.0,0.125,6.25e-05,0.0,v,1.4614025961590116e-09,1.2652940364549903e-08
fig5,FD,fixed,x_half,2048,640.0,0.125,6.25e-05,0.001,u,8.547805172010037e-10,2.8454106862313162e-08
fig5,FD,fixed,x_half,2048,640.0,0.125,6.25e-05,0.001,v,1.802128751782206e-09,1.5602974625521982e-08
fig5,FD,fixed,x_half,2048,640.0,0.125,6.25e-05,0.005,u,3.7518190568186505e-09,1.2489131212343395e-07
fig5,FD,fixed,x_half,2048,640.0,0.125,6.25e-05,0.005,v,3.327263978225581e-09,2.8807717191863112e-08
fig5,FD,fixed,x_half,2048,640.0,0.125,6.25e-05,0.01,u,7.493485679188616e-09,2.494446679541093e-07
fig5,FD,fixed,x_half,2048,640.0,0.125,6.25e-05,0.01,v,5.247004386532694e-09,4.542898293038628e-08
fig5,FD,fixed,x_half,2048,640.0,0.125,6.25e-05,0.02,u,1.497642709326341e-08,4.985383362769734e-07
fig5,FD,fixed,x_half,2048,640.0,0.125,6.25e-05,0.02,v,9.149053251111816e-09,7.921323356251476e-08
fig5,FD,moving,x_half,2048,640.0,0.125,6.25e-05,0.0,u,7.023889976587316e-10,2.338126711607637e-08
fig5,FD,moving,x_half,2048,640.0,0.125,6.25e-05,0.0,v,1.3694548967047027e-09,1.1856849841027703e-08
fig5,FD,moving,x_half,2048,640.0,0.125,6.25e-05,0.001,u,8.431975430378547e-10,2.8068530474001365e-08
fig5,FD,moving,x_half,2048,640.0,0.125,6.25e-05,0.001,v,1.7116652262227916e-09,1.481973419808698e-08
fig5,FD,moving,x_half,2048,640.0,0.125,6.25e-05,0.005,u,3.751496611623106e-09,1.2488057850250248e-07
fig5,FD,moving,x_half,2048,640.0,0.125,6.25e-05,0.005,v,3.228350503592381e-09,2.795131643065349e-08
fig5,FD,moving,x_half,2048,640.0,0.125,6.25e-05,0.01,u,7.49341705005846e-09,2.494423834137343e-07
fig5,FD,moving,x_half,2048,640.0,0.125,6.25e-05,0.01,v,5.1574304549273364e-09,4.465344467843593e-08
fig5,FD,moving,x_half,2048,640.0,0.125,6.25e-05,0.02,u,1.4977365863158565e-08,4.985695862392482e-07
fig5,FD,moving,x_half,2048,640.0,0.125,6.25e-05,0.02,v,9.052554511557176e-09,7.8377739770422e-08
fig3,SD,fixed,y_half,256,40.0,0.0625,0.000125,0.0,u,1.2358675410828468e-06,2.371133882450084e-06
fig3,SD,fixed,y_half,256,40.0,0.0625,0.000125,0.0,v,1.2153358961430882e-06,2.0005040992879513e-06
fig3,SD,fixed,y_half,256,40.0,0.0625,0.000125,0.001,u,1.2991986971799818e-06,2.4926409574761654e-06
fig3,SD,fixed,y_half,256,40.0,0.0625,0.000125,0.001,v,1.20310445128613e-06,1.9803705249779905e-06
fig3,SD,fixed,y_half,256,40.0,0.0625,0.000125,0.005,u,2.7035626595228734e-06,5.1870518580856676e-06
fig3,SD,fixed,y_half,256,40.0,0.0625,0.000125,0.005,v,1.2865410164986102e-06,2.1177113138642437e-06
fig3,SD,fixed,y_half,256,40.0,0.0625,0.000125,0.01,u,4.7425160490388585e-06,9.098985221415018e-06
fig3,SD,fixed,y_half,256,40.0,0.0625,0.000125,0.01,v,1.966489339311206e-06,3.2369405009616816e-06
fig3,SD,fixed,y_half,256,40.0,0.0625,0.000125,0.02,u,8.97972698327143e-06,1.7228492696337303e-05
fig3,SD,fixed,y_half,256,40.0,0.0625,0.000125,0.02,v,3.5688492635577163e-06,5.87450564419717e-06
fig3,SD,moving,y_half,256,40.0,0.0625,0.000125,0.0,u,7.430694098919943e-07,1.4256520187133766e-06
fig3,SD,moving,y_half,256,40.0,0.0625,0.000125,0.0,v,7.321193675746684e-07,1.2051053545354922e-06
fig3,SD,moving,y_half,256,40.0,0.0625,0.000125,0.001,u,8.470316562592117e-07,1.625113851525124e-06
fig3,SD,moving,y_half,256,40.0,0.0625,0.000125,0.001,v,7.169818080354773e-07,1.1801881690829185e-06
fig3,SD,moving,y_half,256,40.0,0.0625,0.000125,0.005,u,1.6172904366840157e-06,3.102931361741213e-06
fig3,SD,moving,y_half,256,40.0,0.0625,0.000125,0.005,v,8.031470620228909e-07,1.3220205171317526e-06
fig3,SD,moving,y_half,256,40.0,0.0625,0.000125,0.01,u,2.7735814158713623e-06,5.321389754394079e-06
fig3,SD,moving,y_half,256,40.0,0.0625,0.000125,0.01,v,1.2651162905608082e-06,2.082445135846535e-06
fig3,SD,moving,y_half,256,40.0,0.0625,0.000125,0.02,u,5.192089131300648e-06,9.961535561603124e-06
fig3,SD,moving,y_half,256,40.0,0.0625,0.000125,0.02,v,2.2403464238207604e-06,3.6877230557426596e-06
fig3,SD2,fixed,y_half,256,40.0,0.0625,0.000125,0.0,u,1.6811351205903158e-05,3.225423690564659e-05
fig3,SD2,fixed,y_half,256,40.0,0.0625,0.000125,0.0,v,0.00010595186886541708,0.00017440211275346993
fig3,SD2,fixed,y_half,256,40.0,0.0625,0.000125,0.001,u,1.6962876191128906e-05,3.254495254835351e-05
fig3,SD2,fixed,y_half,256,40.0,0.0625,0.000125,0.001,v,0.00010567413101181256,0.00017394494225729144
fig3,SD2,fixed,y_half,256,40.0,0.0625,0.000125,0.005,u,1.7762529119558224e-05,3.4079165633307475e-05
fig3,SD2,fixed,y_half,256,40.0,0.0625,0.000125,0.005,v,0.00010484851553504981,0.00017258593759780512
fig3,SD2,fixed,y_half,256,40.0,0.0625,0.000125,0.01,u,1.9294904310351857e-05,3.7019178712972236e-05
fig3,SD2,fixed,y_half,256,40.0,0.0625,0.000125,0.01,v,0.00010349727713054868,0.00017036173112460013
fig3,SD2,fixed,y_half,256,40.0,0.0625,0.000125,0.02,u,2.3187826360127062e-05,4.448813397485352e-05
fig3,SD2,fixed,y_half,256,40.0,0.0625,0.000125,0.02,v,9.982255150708941e-05,0.00016431294765920725
fig5,SD2,moving,x_half,2048,640.0,0.125,6.25e-05,0.0,u,9.369682661686252e-09,3.118998928456981e-07
fig5,SD2,moving,x_half,2048,640.0,0.125,6.25e-05,0.0,v,3.4683695977755225e-08,3.0029420912631656e-07
fig5,SD2,moving,x_half,2048,640.0,0.125,6.25e-05,0.001,u,2.0069905315792114e-08,6.680910702574741e-07
fig5,SD2,moving,x_half,2048,640.0,0.125,6.25e-05,0.001,v,3.538601477809378e-08,3.063749413769243e-07
fig5,SD2,moving,x_half,2048,640.0,0.125,6.25e-05,0.005,u,1.0067985342036151e-07,3.3514513380413626e-06
fig5,SD2,moving,x_half,2048,640.0,0.125,6.25e-05,0.005,v,6.740342473054994e-08,5.83584233204195e-07
fig5,SD2,moving,x_half,2048,640.0,0.125,6.25e-05,0.01,u,2.0144611275873386e-07,6.705778973769841e-06
fig5,SD2,moving,x_half,2048,640.0,0.125,6.25e-05,0.01,v,1.327955814478532e-07,1.1497547473581959e-06
fig5,SD2,moving,x_half,2048,640.0,0.125,6.25e-05,0.02,u,4.029917814825021e-07,1.3414871986653657e-05
fig5,SD2,moving,x_half,2048,640.0,0.125,6.25e-05,0.02,v,2.634942015133923e-07,2.281353835634548e-06
fig3,FD,fixed,y_half,256,40.0,0.0625,0.000125,0.0,u,1.2358675410828468e-06,2.371133882450084e-06
fig3,FD,fixed,y_half,256,40.0,0.0625,0.000125,0.0,v,1.2153358961430882e-06,2.0005040992879513e-06
fig3,FD,fixed,y_half,256,40.0,0.0625,0.000125,0.001,u,1.1034277683785731e-06,2.117035104058396e-06
fig3,FD,fixed,y_half,256,40.0,0.0625,0.000125,0.001,v,1.2203348077610698e-06,2.008732559597144e-06
fig3,FD,fixed,y_half,256,40.0,0.0625,0.000125,0.005,u,3.0173708730485416e-06,5.7891238948914e-06
fig3,FD,fixed,y_half,256,40.0,0.0625,0.000125,0.005,v,1.3336882001002692e-06,2.1953179527895997e-06
fig3,FD,fixed,y_half,256,40.0,0.0625,0.000125,0.01,u,6.051324752842646e-06,1.1610063925299113e-05
fig3,FD,fixed,y_half,256,40.0,0.0625,0.000125,0.01,v,1.5035420504183605e-06,2.4749059456395845e-06
fig3,FD,fixed,y_half,256,40.0,0.0625,0.000125,0.02,u,1.188956668296548e-05,2.2811307419667284e-05
fig3,FD,fixed,y_half,256,40.0,0.0625,0.000125,0.02,v,2.1851815155682353e-06,3.596918838203916e-06
fig3,FD,moving,y_half,256,40.0,0.0625,0.000125,0.0,u,7.430694098919943e-07,1.4256520187133766e-06
fig3,FD,moving,y_half,256,40.0,0.0625,0.000125,0.0,v,7.321193675746684e-07,1.2051053545354922e-06
fig3,FD,moving,y_half,256,40.0,0.0625,0.000125,0.001,u,6.426219120170273e-07,1.2329335778600934e-06
fig3,FD,moving,y_half,256,40.0,0.0625,0.000125,0.001,v,7.362519821585423e-07,1.2119078462927533e-06
fig3,FD,moving,y_half,256,40.0,0.0625,0.000125,0.005,u,1.6102012870278237e-06,3.089330128284731e-06
fig3,FD,moving,y_half,256,40.0,0.0625,0.000125,0.005,v,7.6510217394965e-07,1.259396715112077e-06
fig3,FD,moving,y_half,256,40.0,0.0625,0.000125,0.01,u,3.2020283944889094e-06,6.143407579171088e-06
fig3,FD,moving,y_half,256,40.0,0.0625,0.000125,0.01,v,7.871957573568622e-07,1.295763866213557e-06
fig3,FD,moving,y_half,256,40.0,0.0625,0.000125,0.02,u,6.282218686592955e-06,1.2053056731055503e-05
fig3,FD,moving,y_half,256,40.0,0.0625,0.000125,0.02,v,1.0215846034111742e-06,1.681579712554541e-06
fig4,SD,fixed,y_half,256,40.0,0.0625,0.000125,0.0,u,0.0002411948518665774,0.000136597810236374
fig4,SD,fixed,y_half,256,40.0,0.0625,0.000125,0.0,v,0.00011991674534650443,4.690130367618309e-05
fig4,SD,fixed,y_half,256,40.0,0.0625,0.000125,0.001,u,0.00026046188580508556,0.0001475094637206116
fig4,SD,fixed,y_half,256,40.0,0.0625,0.000125,0.001,v,0.00019652618166343672,7.686444541071974e-05
fig4,SD,fixed,y_half,256,40.0,0.0625,0.000125,0.005,u,0.0003934546689341456,0.00022282833065364143
fig4,SD,fixed,y_half,256,40.0,0.0625,0.000125,0.005,v,0.0005837623265692038,0.00022831852277197827
fig4,SD,fixed,y_half,256,40.0,0.0625,0.000125,0.01,u,0.000660206269599728,0.000373899898914653
fig4,SD,fixed,y_half,256,40.0,0.0625,0.000125,0.01,v,0.0010828468436590022,0.00042351823761140506
fig4,SD,fixed,y_half,256,40.0,0.0625,0.000125,0.02,u,0.0015249905355030346,0.0008636600912864494
fig4,SD,fixed,y_half,256,40.0,0.0625,0.000125,0.02,v,0.00233725426015452,0.0009141364828340482
fig4,SD,moving,y_half,256,40.0,0.0625,0.000125,0.0,u,7.640667011510338e-05,4.327200080932731e-05
fig4,SD,moving,y_half,256,40.0,0.0625,0.000125,0.0,v,6.886781037906964e-05,2.6935271456620575e-05
fig4,SD,moving,y_half,256,40.0,0.0625,0.000125,0.001,u,9.499365665255333e-05,5.3798517607924243e-05
fig4,SD,moving,y_half,256,40.0,0.0625,0.000125,0.001,v,9.528377945988709e-05,3.7266967702879626e-05
fig4,SD,moving,y_half,256,40.0,0.0625,0.000125,0.005,u,0.00018513491305027774,0.00010484893655590399
fig4,SD,moving,y_half,256,40.0,0.0625,0.000125,0.005,v,0.0002805254985109862,0.0001097178843251514
fig4,SD,moving,y_half,256,40.0,0.0625,0.000125,0.01,u,0.00033555945064989157,0.0001900400684681754
fig4,SD,moving,y_half,256,40.0,0.0625,0.000125,0.01,v,0.0005523976602854752,0.00021605131410295833
fig4,SD,moving,y_half,256,40.0,0.0625,0.000125,0.02,u,0.0007509631076775269,0.00042529894516072427
fig4,SD,moving,y_half,256,40.0,0.0625,0.000125,0.02,v,0.0012590737463735735,0.0004924433193941572
fig3,SD2,moving,y_half,256,40.0,0.0625,0.000125,0.0,u,7.972515541743164e-06,1.529605811382004e-05
fig3,SD2,moving,y_half,256,40.0,0.0625,0.000125,0.0,v,5.461790833027891e-05,8.990382811534459e-05
fig3,SD2,moving,y_half,256,40.0,0.0625,0.000125,0.001,u,8.194696956398406e-06,1.572233509159239e-05
fig3,SD2,moving,y_half,256,40.0,0.0625,0.000125,0.001,v,5.4492386176940855e-05,8.969721232862989e-05
fig3,SD2,moving,y_half,256,40.0,0.0625,0.000125,0.005,u,9.053556522697903e-06,1.737014195618145e-05
fig3,SD2,moving,y_half,256,40.0,0.0625,0.000125,0.005,v,5.390472956579018e-05,8.872989994749193e-05
fig3,SD2,moving,y_half,256,40.0,0.0625,0.000125,0.01,u,1.0117468447978784e-05,1.9411362014251646e-05
fig3,SD2,moving,y_half,256,40.0,0.0625,0.000125,0.01,v,5.2973602816752674e-05,8.71972184194324e-05
fig3,SD2,moving,y_half,256,40.0,0.0625,0.000125,0.02,u,1.2479585814240135e-05,2.3943317369724963e-05
fig3,SD2,moving,y_half,256,40.0,0.0625,0.000125,0.02,v,5.1310934106152395e-05,8.446038197621584e-05
fig4,SD2,fixed,y_half,256,40.0,0.0625,0.000125,0.0,u,0.0030778653045113735,0.001743112083633255
fig4,SD2,fixed,y_half,256,40.0,0.0625,0.000125,0.0,v,0.02352646111388612,0.009201564751777599
fig4,SD2,fixed,y_half,256,40.0,0.0625,0.000125,0.001,u,0.003368520419741783,0.0019077211205476808
fig4,SD2,fixed,y_half,256,40.0,0.0625,0.000125,0.001,v,0.023475974688332624,0.009181818725736219
fig4,SD2,fixed,y_half,256,40.0,0.0625,0.000125,0.005,u,0.00462192275835438,0.0026175704953359156
fig4,SD2,fixed,y_half,256,40.0,0.0625,0.000125,0.005,v,0.02327138692075259,0.009101801268724882
fig4,SD2,fixed,y_half,256,40.0,0.0625,0.000125,0.01,u,0.006375025192134398,0.0036104190230767845
fig4,SD2,fixed,y_half,256,40.0,0.0625,0.000125,0.01,v,0.022967396522887373,0.00898290589740937
fig4,SD2,fixed,y_half,256,40.0,0.0625,0.000125,0.02,u,0.010757918357786833,0.006092617976723081
fig4,SD2,fixed,y_half,256,40.0,0.0625,0.000125,0.02,v,0.021884332706502807,0.008559302798391314
fig4,FD,fixed,y_half,256,40.0,0.0625,0.000125,0.0,u,0.0002411948518665774,0.000136597810236374
fig4,FD,fixed,y_half,256,40.0,0.0625,0.000125,0.0,v,0.00011991674534650443,4.690130367618309e-05
fig4,FD,fixed,y_half,256,40.0,0.0625,0.000125,0.001,u,0.00026996036025805914,0.000152888810754022
fig4,FD,fixed,y_half,256,40.0,0.0625,0.000125,0.001,v,0.00020120610953933138,7.869483797062228e-05
fig4,FD,fixed,y_half,256,40.0,0.0625,0.000125,0.005,u,0.00044312109894062424,0.00025095631733594435
fig4,FD,fixed,y_half,256,40.0,0.0625,0.000125,0.005,v,0.00060659858024259,0.0002372501366618232
fig4,FD,fixed,y_half,256,40.0,0.0625,0.000125,0.01,u,0.0007635363827369623,0.0004324196686228011
fig4,FD,fixed,y_half,256,40.0,0.0625,0.000125,0.01,v,0.0011350896743036465,0.00044395122099406565
fig4,FD,fixed,y_half,256,40.0,0.0625,0.000125,0.02,u,0.0017551563138640258,0.0009940117180817585
fig4,FD,fixed,y_half,256,40.0,0.0625,0.000125,0.02,v,0.0024846867322159127,0.0009717996150671757
fig4,SD2,moving,y_half,256,40.0,0.0625,0.000125,0.0,u,0.0009823919523066493,0.0005563658943813462
fig4,SD2,moving,y_half,256,40.0,0.0625,0.000125,0.0,v,0.0047228543598141215,0.0018471817752222237
fig4,SD2,moving,y_half,256,40.0,0.0625,0.000125,0.001,u,0.0010224202562649776,0.0005790354440250022
fig4,SD2,moving,y_half,256,40.0,0.0625,0.000125,0.001,v,0.004696665711216408,0.0018369389875514857
fig4,SD2,moving,y_half,256,40.0,0.0625,0.000125,0.005,u,0.0012023912871670372,0.0006809598778881394
fig4,SD2,moving,y_half,256,40.0,0.0625,0.000125,0.005,v,0.004580109747627681,0.0017913521378771639
fig4,SD2,moving,y_half,256,40.0,0.0625,0.000125,0.01,u,0.0014849501708578128,0.0008409837112174884
fig4,SD2,moving,y_half,256,40.0,0.0625,0.000125,0.01,v,0.004383728074946358,0.0017145442121763018
fig4,SD2,moving,y_half,256,40.0,0.0625,0.000125,0.02,u,0.0023812201344459716,0.0013485754506734422
fig4,SD2,moving,y_half,256,40.0,0.0625,0.000125,0.02,v,0.0038168260125199804,0.0014928200008688182
fig4,FD,moving,y_half,256,40.0,0.0625,0.000125,0.0,u,7.640667011510338e-05,4.327200080932731e-05
fig4,FD,moving,y_half,256,40.0,0.0625,0.000125,0.0,v,6.886781037906964e-05,2.6935271456620575e-05
fig4,FD,moving,y_half,256,40.0,0.0625,0.000125,0.001,u,0.00010142400373691629,5.744026752085243e-05
fig4,FD,moving,y_half,256,40.0,0.0625,0.000125,0.001,v,9.581174026229711e-05,3.7473461381901704e-05
fig4,FD,moving,y_half,256,40.0,0.0625,0.000125,0.005,u,0.00021809092174185363,0.0001235131766363283
fig4,FD,moving,y_half,256,40.0,0.0625,0.000125,0.005,v,0.00030947202194520074,0.00012103931972631176
fig4,FD,moving,y_half,256,40.0,0.0625,0.000125,0.01,u,0.00040242126156853075,0.00022790645280119102
fig4,FD,moving,y_half,256,40.0,0.0625,0.000125,0.01,v,0.0006100266842157254,0.0002385909214288961
fig4,FD,moving,y_half,256,40.0,0.0625,0.000125,0.02,u,0.0008896251748098383,0.0005038285430627575
fig4,FD,moving,y_half,256,40.0,0.0625,0.000125,0.02,v,0.0013749668740210552,0.0005377709236255011
fig5,SD,fixed,y_half,1024,640.0,0.0625,0.000125,0.0,u,1.2187450351003326e-08,4.0569831399776496e-07
fig5,SD,fixed,y_half,1024,640.0,0.0625,0.000125,0.0,v,2.3768945534019537e-08,2.057934282863833e-07
fig5,SD,fixed,y_half,1024,640.0,0.0625,0.000125,0.001,u,1.2629702741961957e-08,4.2042010109892233e-07
fig5,SD,fixed,y_half,1024,640.0,0.0625,0.000125,0.001,v,2.1557019030948865e-08,1.8664239200953564e-07
fig5,SD,fixed,y_half,1024,640.0,0.0625,0.000125,0.005,u,2.522582096681214e-08,8.397222339947944e-07
fig5,SD,fixed,y_half,1024,640.0,0.0625,0.000125,0.005,v,2.4443602614221405e-08,2.1163466315537268e-07
fig5,SD,fixed,y_half,1024,640.0,0.0625,0.000125,0.01,u,5.0452886523125184e-08,1.6794858981367972e-06
fig5,SD,fixed,y_half,1024,640.0,0.0625,0.000125,0.01,v,3.9700670223519197e-08,3.437315727309637e-07
fig5,SD,fixed,y_half,1024,640.0,0.0625,0.000125,0.02,u,1.0091034562294265e-07,3.3591240091320066e-06
fig5,SD,fixed,y_half,1024,640.0,0.0625,0.000125,0.02,v,7.133428771288752e-08,6.176179587685653e-07
fig5,SD,moving,y_half,1024,640.0,0.0625,0.000125,0.0,u,1.1411601871791355e-08,3.7987171279170427e-07
fig5,SD,moving,y_half,1024,640.0,0.0625,0.000125,0.0,v,2.2215289344207356e-08,1.9234174894191308e-07
fig5,SD,moving,y_half,1024,640.0,0.0625,0.000125,0.001,u,1.1864263377292517e-08,3.949400006045357e-07
fig5,SD,moving,y_half,1024,640.0,0.0625,0.000125,0.001,v,2.0144630824558973e-08,1.7441382214520483e-07
fig5,SD,moving,y_half,1024,640.0,0.0625,0.000125,0.005,u,2.5224164236503643e-08,8.396670844209665e-07
fig5,SD,moving,y_half,1024,640.0,0.0625,0.000125,0.005,v,2.379822681974897e-08,2.0604694799621934e-07
fig5,SD,moving,y_half,1024,640.0,0.0625,0.000125,0.01,u,5.044964560430715e-08,1.6793780137752274e-06
fig5,SD,moving,y_half,1024,640.0,0.0625,0.000125,0.01,v,3.912648709192279e-08,3.3876024933143325e-07
fig5,SD,moving,y_half,1024,640.0,0.0625,0.000125,0.02,u,1.0090460502137216e-07,3.3589329148250426e-06
fig5,SD,moving,y_half,1024,640.0,0.0625,0.000125,0.02,v,7.070522835272985e-08,6.121715126005097e-07
fig5,SD2,fixed,y_half,1024,640.0,0.0625,0.000125,0.0,u,1.621115716249344e-07,5.396402807281955e-06
fig5,SD2,fixed,y_half,1024,640.0,0.0625,0.000125,0.0,v,1.1819207142160781e-06,1.023316391520566e-05
fig5,SD2,fixed,y_half,1024,640.0,0.0625,0.000125,0.001,u,1.6099214021625396e-07,5.359138947979307e-06
fig5,SD2,fixed,y_half,1024,640.0,0.0625,0.000125,0.001,v,1.1820661838385371e-06,1.0234423402812062e-05
fig5,SD2,fixed,y_half,1024,640.0,0.0625,0.000125,0.005,u,1.582453111430293e-07,5.267701945837547e-06
fig5,SD2,fixed,y_half,1024,640.0,0.0625,0.000125,0.005,v,1.1826523132335565e-06,1.0239498157914169e-05
fig5,SD2,fixed,y_half,1024,640.0,0.0625,0.000125,0.01,u,1.6202126942865824e-07,5.393396809495345e-06
fig5,SD2,fixed,y_half,1024,640.0,0.0625,0.000125,0.01,v,1.1833946640602e-06,1.0245925490644917e-05
fig5,SD2,fixed,y_half,1024,640.0,0.0625,0.000125,0.02,u,1.6968724807914226e-07,5.6485834583901395e-06
fig5,SD2,fixed,y_half,1024,640.0,0.0625,0.000125,0.02,v,1.1849118825221772e-06,1.025906168923239e-05
fig5,FD,fixed,y_half,1024,640.0,0.0625,0.000125,0.0,u,1.2187450351003326e-08,4.0569831399776496e-07
fig5,FD,fixed,y_half,1024,640.0,0.0625,0.000125,0.0,v,2.3768945534019537e-08,2.057934282863833e-07
fig5,FD,fixed,y_half,1024,640.0,0.0625,0.000125,0.001,u,1.2161869022281335e-08,4.0484675754966177e-07
fig5,FD,fixed,y_half,1024,640.0,0.0625,0.000125,0.001,v,2.383895561508531e-08,2.063995811582687e-07
fig5,FD,fixed,y_half,1024,640.0,0.0625,0.000125,0.005,u,1.2061901286802845e-08,4.015190113378005e-07
fig5,FD,fixed,y_half,1024,640.0,0.0625,0.000125,0.005,v,2.4120791822235255e-08,2.0883974154323846e-07
fig5,FD,fixed,y_half,1024,640.0,0.0625,0.000125,0.01,u,1.1942194188402366e-08,3.9753417721778784e-07
fig5,FD,fixed,y_half,1024,640.0,0.0625,0.000125,0.01,v,2.4556026531619146e-08,2.1260803840879115e-07
fig5,FD,fixed,y_half,1024,640.0,0.0625,0.000125,0.02,u,1.1770395064863992e-08,3.9181529322167175e-07
fig5,FD,fixed,y_half,1024,640.0,0.0625,0.000125,0.02,v,2.5893295993451027e-08,2.2418622418481498e-07
fig5,FD,moving,y_half,1024,640.0,0.0625,0.000125,0.0,u,1.1411601871791355e-08,3.7987171279170427e-07
fig5,FD,moving,y_half,1024,640.0,0.0625,0.000125,0.0,v,2.2215289344207356e-08,1.9234174894191308e-07
fig5,FD,moving,y_half,1024,640.0,0.0625,0.000125,0.001,u,1.1379890172552587e-08,3.7881608732906493e-07
fig5,FD,moving,y_half,1024,640.0,0.0625,0.000125,0.001,v,2.2309566194422814e-08,1.9315800543869846e-07
fig5,FD,moving,y_half,1024,640.0,0.0625,0.000125,0.005,u,1.1255455924924496e-08,3.746738949087987e-07
fig5,FD,moving,y_half,1024,640.0,0.0625,0.000125,0.005,v,2.267955065415883e-08,1.9636136043283498e-07
fig5,FD,moving,y_half,1024,640.0,0.0625,0.000125,0.01,u,1.1105297448993356e-08,3.6967538917025247e-07
fig5,FD,moving,y_half,1024,640.0,0.0625,0.000125,0.01,v,2.312601739273834e-08,2.002269051039948e-07
fig5,FD,moving,y_half,1024,640.0,0.0625,0.000125,0.02,u,1.0987916874982684e-08,3.6576800086501114e-07
fig5,FD,moving,y_half,1024,640.0,0.0625,0.000125,0.02,v,2.4148181801408874e-08,2.090768861699012e-07
fig3,SD,fixed,domain_double,512,80.0,0.125,0.000125,0.0,u,1.2350944300631994e-06,2.3696505926373464e-06
fig3,SD,fixed,domain_double,512,80.0,0.125,0.000125,0.0,v,1.214600084509243e-06,1.9992929162771617e-06
fig3,SD,fixed,domain_double,512,80.0,0.125,0.000125,0.001,u,1.8063403556256574e-06,3.465642294244714e-06
fig3,SD,fixed,domain_double,512,80.0,0.125,0.000125,0.001,v,1.1455208486221835e-06,1.8855850146128536e-06
fig3,SD,fixed,domain_double,512,80.0,0.125,0.000125,0.005,u,4.946155541252217e-06,9.489687690523443e-06
fig3,SD,fixed,domain_double,512,80.0,0.125,0.000125,0.005,v,2.0394754599029064e-06,3.357079331632434e-06
fig3,SD,fixed,domain_double,512,80.0,0.125,0.000125,0.01,u,9.938457304237147e-06,1.906791146299756e-05
fig3,SD,fixed,domain_double,512,80.0,0.125,0.000125,0.01,v,3.4778979492999795e-06,5.72479519987832e-06
fig3,SD,fixed,domain_double,512,80.0,0.125,0.000125,0.02,u,2.0117680456566145e-05,3.8597755973971455e-05
fig3,SD,fixed,domain_double,512,80.0,0.125,0.000125,0.02,v,6.065982565528483e-06,9.984912835258055e-06
fig3,SD,moving,domain_double,512,80.0,0.125,0.000125,0.0,u,7.213732495792158e-07,1.3840257933076803e-06
fig3,SD,moving,domain_double,512,80.0,0.125,0.000125,0.0,v,7.112686511989708e-07,1.1707840251688143e-06
fig3,SD,moving,domain_double,512,80.0,0.125,0.000125,0.001,u,1.406112350221811e-06,2.6977653553561156e-06
fig3,SD,moving,domain_double,512,80.0,0.125,0.000125,0.001,v,7.026418946676216e-07,1.1565839494043352e-06
fig3,SD,moving,domain_double,512,80.0,0.125,0.000125,0.005,u,4.904867233035404e-06,9.410471995226396e-06
fig3,SD,moving,domain_double,512,80.0,0.125,0.000125,0.005,v,1.9816395555594113e-06,3.261878519994788e-06
fig3,SD,moving,domain_double,512,80.0,0.125,0.000125,0.01,u,9.79200701828331e-06,1.8786932131818275e-05
fig3,SD,moving,domain_double,512,80.0,0.125,0.000125,0.01,v,3.7378723570236083e-06,6.152726169424738e-06
fig3,SD,moving,domain_double,512,80.0,0.125,0.000125,0.02,u,1.9529533305862046e-05,3.746933760344037e-05
fig3,SD,moving,domain_double,512,80.0,0.125,0.000125,0.02,v,7.4109757972617984e-06,1.2198839439529324e-05
fig5,SD2,moving,y_half,1024,640.0,0.0625,0.000125,0.0,u,1.497047154644382e-07,4.98340086829053e-06
fig5,SD2,moving,y_half,1024,640.0,0.0625,0.000125,0.0,v,1.0850801187844983e-06,9.394710307634566e-06
fig5,SD2,moving,y_half,1024,640.0,0.0625,0.000125,0.001,u,1.4872211330160812e-07,4.950691808617692e-06
fig5,SD2,moving,y_half,1024,640.0,0.0625,0.000125,0.001,v,1.0851920443782914e-06,9.395679368362428e-06
fig5,SD2,moving,y_half,1024,640.0,0.0625,0.000125,0.005,u,1.459423973788898e-07,4.858160062373761e-06
fig5,SD2,moving,y_half,1024,640.0,0.0625,0.000125,0.005,v,1.0856446549453724e-06,9.399598106791312e-06
fig5,SD2,moving,y_half,1024,640.0,0.0625,0.000125,0.01,u,1.494008796919244e-07,4.973286721599388e-06
fig5,SD2,moving,y_half,1024,640.0,0.0625,0.000125,0.01,v,1.0862214436246909e-06,9.404591989231063e-06
fig5,SD2,moving,y_half,1024,640.0,0.0625,0.000125,0.02,u,1.5713999424252223e-07,5.23090793313972e-06
fig5,SD2,moving,y_half,1024,640.0,0.0625,0.000125,0.02,v,1.087412037560631e-06,9.414900246592477e-06
fig3,SD2,fixed,domain_double,512,80.0,0.125,0.000125,0.0,u,1.679816183886018e-05,3.222893180291991e-05
fig3,SD2,fixed,domain_double,512,80.0,0.125,0.000125,0.0,v,5.413476456384014e-05,8.910854914072244e-05
fig3,SD2,fixed,domain_double,512,80.0,0.125,0.000125,0.001,u,1.7250414980685136e-05,3.309662410195551e-05
fig3,SD2,fixed,domain_double,512,80.0,0.125,0.000125,0.001,v,5.4188014441347576e-05,8.919620112119818e-05
fig3,SD2,fixed,domain_double,512,80.0,0.125,0.000125,0.005,u,1.9520524547789186e-05,3.7452053411732705e-05
fig3,SD2,fixed,domain_double,512,80.0,0.125,0.000125,0.005,v,5.423132333037817e-05,8.926748973393171e-05
fig3,SD2,fixed,domain_double,512,80.0,0.125,0.000125,0.01,u,2.3199423817676923e-05,4.451038484206431e-05
fig3,SD2,fixed,domain_double,512,80.0,0.125,0.000125,0.01,v,5.387589871697074e-05,8.868244291817825e-05
fig3,SD2,fixed,domain_double,512,80.0,0.125,0.000125,0.02,u,3.1095909417633294e-05,5.966057200688813e-05
fig3,SD2,fixed,domain_double,512,80.0,0.125,0.000125,0.02,v,5.403204273968232e-05,8.893946384424909e-05
fig3,FD,fixed,domain_double,512,80.0,0.125,0.000125,0.0,u,1.2350944300631994e-06,2.3696505926373464e-06
fig3,FD,fixed,domain_double,512,80.0,0.125,0.000125,0.0,v,1.214600084509243e-06,1.9992929162771617e-06
fig3,FD,fixed,domain_double,512,80.0,0.125,0.000125,0.001,u,1.0467944163705667e-06,2.0083784273847384e-06
fig3,FD,fixed,domain_double,512,80.0,0.125,0.000125,0.001,v,1.2463034793075423e-06,2.0514783009569167e-06
fig3,FD,fixed,domain_double,512,80.0,0.125,0.000125,0.005,u,4.278537086566114e-06,8.208795777893247e-06
fig3,FD,fixed,domain_double,512,80.0,0.125,0.000125,0.005,v,1.5634943427711434e-06,2.573590438539094e-06
fig3,FD,fixed,domain_double,512,80.0,0.125,0.000125,0.01,u,8.59412302139928e-06,1.6488673428650303e-05
fig3,FD,fixed,domain_double,512,80.0,0.125,0.000125,0.01,v,1.9595038985853463e-06,3.2254421136831e-06
fig3,FD,fixed,domain_double,512,80.0,0.125,0.000125,0.02,u,1.7032498305313837e-05,3.2678529447514606e-05
fig3,FD,fixed,domain_double,512,80.0,0.125,0.000125,0.02,v,3.1156459524561697e-06,5.128510167105812e-06
fig3,FD,moving,domain_double,512,80.0,0.125,0.000125,0.0,u,7.213732495792158e-07,1.3840257933076803e-06
fig3,FD,moving,domain_double,512,80.0,0.125,0.000125,0.0,v,7.112686511989708e-07,1.1707840251688143e-06
fig3,FD,moving,domain_double,512,80.0,0.125,0.000125,0.001,u,6.13097456914069e-07,1.1762879960899288e-06
fig3,FD,moving,domain_double,512,80.0,0.125,0.000125,0.001,v,7.691103075524452e-07,1.2659943049046044e-06
fig3,FD,moving,domain_double,512,80.0,0.125,0.000125,0.005,u,2.878281898655022e-06,5.522267966649493e-06
fig3,FD,moving,domain_double,512,80.0,0.125,0.000125,0.005,v,1.349583726883985e-06,2.2214827905040785e-06
fig3,FD,moving,domain_double,512,80.0,0.125,0.000125,0.01,u,5.742133609376587e-06,1.1016850193200042e-05
fig3,FD,moving,domain_double,512,80.0,0.125,0.000125,0.01,v,2.1558892483453107e-06,3.5487022909572947e-06
fig3,FD,moving,domain_double,512,80.0,0.125,0.000125,0.02,u,1.1359563948931672e-05,2.17944448525368e-05
fig3,FD,moving,domain_double,512,80.0,0.125,0.000125,0.02,v,3.944249718723647e-06,6.49243370163158e-06
fig3,SD2,moving,domain_double,512,80.0,0.125,0.000125,0.0,u,7.732914986124939e-06,1.483636079449207e-05
fig3,SD2,moving,domain_double,512,80.0,0.125,0.000125,0.0,v,2.6652970318896685e-05,4.3872131606055456e-05
fig3,SD2,moving,domain_double,512,80.0,0.125,0.000125,0.001,u,8.307328203227549e-06,1.5938429257594336e-05
fig3,SD2,moving,domain_double,512,80.0,0.125,0.000125,0.001,v,2.6640655183207684e-05,4.38518602724206e-05
fig3,SD2,moving,domain_double,512,80.0,0.125,0.000125,0.005,u,1.0635468424669003e-05,2.0405196106505873e-05
fig3,SD2,moving,domain_double,512,80.0,0.125,0.000125,0.005,v,2.648959444195853e-05,4.3603206683672465e-05
fig3,SD2,moving,domain_double,512,80.0,0.125,0.000125,0.01,u,1.3605002467498295e-05,2.6102540320168255e-05
fig3,SD2,moving,domain_double,512,80.0,0.125,0.000125,0.01,v,2.6785720106281552e-05,4.409064444245386e-05
fig3,SD2,moving,domain_double,512,80.0,0.125,0.000125,0.02,u,1.9691779999109205e-05,3.778062390143372e-05
fig3,SD2,moving,domain_double,512,80.0,0.125,0.000125,0.02,v,2.7182071887454917e-05,4.474305943777631e-05
fig4,SD,fixed,domain_double,512,80.0,0.125,0.000125,0.0,u,0.00024046999548987813,0.00013618729652504583
fig4,SD,fixed,domain_double,512,80.0,0.125,0.000125,0.0,v,0.00011975115052420549,4.683653696636784e-05
fig4,SD,fixed,domain_double,512,80.0,0.125,0.000125,0.001,u,0.0002399245130662031,0.0001358783690996891
fig4,SD,fixed,domain_double,512,80.0,0.125,0.000125,0.001,v,0.0001990982210511305,7.787041000758033e-05
fig4,SD,fixed,domain_double,512,80.0,0.125,0.000125,0.005,u,0.0003065438412552801,0.00017360742624838882
fig4,SD,fixed,domain_double,512,80.0,0.125,0.000125,0.005,v,0.0005965392256364055,0.00023331576666363996
fig4,SD,fixed,domain_double,512,80.0,0.125,0.000125,0.01,u,0.0005912895543382923,0.00033486974416407277
fig4,SD,fixed,domain_double,512,80.0,0.125,0.000125,0.01,v,0.0011067780609281819,0.00043287810878902313
fig4,SD,fixed,domain_double,512,80.0,0.125,0.000125,0.02,u,0.001358221990984454,0.000769212727168799
fig4,SD,fixed,domain_double,512,80.0,0.125,0.000125,0.02,v,0.00230340407553431,0.0009008971492966023
fig4,SD,moving,domain_double,512,80.0,0.125,0.000125,0.0,u,7.119117359177807e-05,4.031826693454398e-05
fig4,SD,moving,domain_double,512,80.0,0.125,0.000125,0.0,v,6.560112806286433e-05,2.565762120949912e-05
fig4,SD,moving,domain_double,512,80.0,0.125,0.000125,0.001,u,7.522676097437841e-05,4.260377342531139e-05
fig4,SD,moving,domain_double,512,80.0,0.125,0.000125,0.001,v,9.554090059360476e-05,3.736753177622244e-05
fig4,SD,moving,domain_double,512,80.0,0.125,0.000125,0.005,u,0.00017573915807300722,9.9527763465018e-05
fig4,SD,moving,domain_double,512,80.0,0.125,0.000125,0.005,v,0.0002611117694426568,0.0001021248730247709
fig4,SD,moving,domain_double,512,80.0,0.125,0.000125,0.01,u,0.0003659050258260077,0.00020722592084994063
fig4,SD,moving,domain_double,512,80.0,0.125,0.000125,0.01,v,0.0005162312203110808,0.00020190605708131284
fig4,SD,moving,domain_double,512,80.0,0.125,0.000125,0.02,u,0.0008335961484380316,0.00047209717627430504
fig4,SD,moving,domain_double,512,80.0,0.125,0.000125,0.02,v,0.0011958500171593833,0.0004677155358402656
fig4,SD2,fixed,domain_double,512,80.0,0.125,0.000125,0.0,u,0.0030729859150160355,0.0017403486999407944
fig4,SD2,fixed,domain_double,512,80.0,0.125,0.000125,0.0,v,0.011772622077345307,0.004604455545545749
fig4,SD2,fixed,domain_double,512,80.0,0.125,0.000125,0.001,u,0.003353155001381003,0.0018990191002300606
fig4,SD2,fixed,domain_double,512,80.0,0.125,0.000125,0.001,v,0.011716587066576967,0.004582539381552554
fig4,SD2,fixed,domain_double,512,80.0,0.125,0.000125,0.005,u,0.004581123006540233,0.0025944640454557875
fig4,SD2,fixed,domain_double,512,80.0,0.125,0.000125,0.005,v,0.011507035847575509,0.004500580641514183
fig4,SD2,fixed,domain_double,512,80.0,0.125,0.000125,0.01,u,0.0063078174477517734,0.0035723567234773267
fig4,SD2,fixed,domain_double,512,80.0,0.125,0.000125,0.01,v,0.011249971837232309,0.004400038910011333
fig4,SD2,fixed,domain_double,512,80.0,0.125,0.000125,0.02,u,0.010644660404198758,0.00602847569370063
fig4,SD2,fixed,domain_double,512,80.0,0.125,0.000125,0.02,v,0.010722971349466093,0.004193920824978262
fig4,FD,fixed,domain_double,512,80.0,0.125,0.000125,0.0,u,0.00024046999548987813,0.00013618729652504583
fig4,FD,fixed,domain_double,512,80.0,0.125,0.000125,0.0,v,0.00011975115052420549,4.683653696636784e-05
fig4,FD,fixed,domain_double,512,80.0,0.125,0.000125,0.001,u,0.000274259932529608,0.00015532382191906746
fig4,FD,fixed,domain_double,512,80.0,0.125,0.000125,0.001,v,0.0002179999585769643,8.526317345479541e-05
fig4,FD,fixed,domain_double,512,80.0,0.125,0.000125,0.005,u,0.0004718487277990402,0.00026722586523456043
fig4,FD,fixed,domain_double,512,80.0,0.125,0.000125,0.005,v,0.0006895660001666748,0.0002696999846446457
fig4,FD,fixed,domain_double,512,80.0,0.125,0.000125,0.01,u,0.0008352936061506444,0.00047305851108189875
fig4,FD,fixed,domain_double,512,80.0,0.125,0.000125,0.01,v,0.0012919342375576903,0.0005052955684401219
fig4,FD,fixed,domain_double,512,80.0,0.125,0.000125,0.02,u,0.0019512361514315568,0.001105059181308896
fig4,FD,fixed,domain_double,512,80.0,0.125,0.000125,0.02,v,0.0028201491954131797,0.0011030042004894405
fig4,FD,moving,domain_double,512,80.0,0.125,0.000125,0.0,u,7.119117359177807e-05,4.031826693454398e-05
fig4,FD,moving,domain_double,512,80.0,0.125,0.000125,0.0,v,6.560112806286433e-05,2.565762120949912e-05
fig4,FD,moving,domain_double,512,80.0,0.125,0.000125,0.001,u,0.00010137441465851715,5.741218334132479e-05
fig4,FD,moving,domain_double,512,80.0,0.125,0.000125,0.001,v,0.00010201819334687556,3.9900901686678815e-05
fig4,FD,moving,domain_double,512,80.0,0.125,0.000125,0.005,u,0.00023759130967482278,0.00013455698735529377
fig4,FD,moving,domain_double,512,80.0,0.125,0.000125,0.005,v,0.0003783120666653872,0.0001479637316020182
fig4,FD,moving,domain_double,512,80.0,0.125,0.000125,0.01,u,0.0004446385923382312,0.00025181573151314223
fig4,FD,moving,domain_double,512,80.0,0.125,0.000125,0.01,v,0.0007498777138219559,0.0002932888336348655
fig4,FD,moving,domain_double,512,80.0,0.125,0.000125,0.02,u,0.0010012514549586626,0.0005670467474114812
fig4,FD,moving,domain_double,512,80.0,0.125,0.000125,0.02,v,0.0016660543791462423,0.0006516197729648471
fig4,SD2,moving,domain_double,512,80.0,0.125,0.000125,0.0,u,0.0009089999929561277,0.0005148012388397599
fig4,SD2,moving,domain_double,512,80.0,0.125,0.000125,0.0,v,0.0020753876006396332,0.0008117163605643325
fig4,SD2,moving,domain_double,512,80.0,0.125,0.000125,0.001,u,0.0009231513059353436,0.0005228156651426885
fig4,SD2,moving,domain_double,512,80.0,0.125,0.000125,0.001,v,0.0020393400608482715,0.0007976176072530359
fig4,SD2,moving,domain_double,512,80.0,0.125,0.000125,0.005,u,0.0009944889243953536,0.0005632168693711508
fig4,SD2,moving,domain_double,512,80.0,0.125,0.000125,0.005,v,0.0018869768038642931,0.0007380259683684987
fig4,SD2,moving,domain_double,512,80.0,0.125,0.000125,0.01,u,0.0011317440495157705,0.0006409496625467688
fig4,SD2,moving,domain_double,512,80.0,0.125,0.000125,0.01,v,0.0017898472659223508,0.0007000370958238089
fig4,SD2,moving,domain_double,512,80.0,0.125,0.000125,0.02,u,0.001704676491072421,0.0009654230761555711
fig4,SD2,moving,domain_double,512,80.0,0.125,0.000125,0.02,v,0.003130163983957601,0.0012242558046721207
fig5,SD,fixed,domain_double,2048,1280.0,0.125,0.000125,0.0,u,1.2179767576447897e-08,4.054425682433869e-07
fig5,SD,fixed,domain_double,2048,1280.0,0.125,0.000125,0.0,v,2.3699033957491622e-08,2.051881282746519e-07
fig5,SD,fixed,domain_double,2048,1280.0,0.125,0.000125,0.001,u,2.0151491663712717e-08,6.708069331199554e-07
fig5,SD,fixed,domain_double,2048,1280.0,0.125,0.000125,0.001,v,2.308561116576291e-08,1.9987706476456998e-07
fig5,SD,fixed,domain_double,2048,1280.0,0.125,0.000125,0.005,u,1.0075554294532163e-07,3.353970906267631e-06
fig5,SD,fixed,domain_double,2048,1280.0,0.125,0.000125,0.005,v,7.085777312121344e-08,6.134922573861148e-07
fig5,SD,fixed,domain_double,2048,1280.0,0.125,0.000125,0.01,u,2.015089349324123e-07,6.70787021100232e-06
fig5,SD,fixed,domain_double,2048,1280.0,0.125,0.000125,0.01,v,1.3444289664876763e-07,1.1640173338990775e-06
fig5,SD,fixed,domain_double,2048,1280.0,0.125,0.000125,0.02,u,4.0301020240787744e-07,1.3415485186145908e-05
fig5,SD,fixed,domain_double,2048,1280.0,0.125,0.000125,0.02,v,2.6578788064890446e-07,2.3012126927306866e-06
fig5,SD,moving,domain_double,2048,1280.0,0.125,0.000125,0.0,u,1.1371005550347979e-08,3.785203342268896e-07
fig5,SD,moving,domain_double,2048,1280.0,0.125,0.000125,0.0,v,2.2081538680884805e-08,1.9118372501942438e-07
fig5,SD,moving,domain_double,2048,1280.0,0.125,0.000125,0.001,u,2.0153399870811994e-08,6.708704539040931e-07
fig5,SD,moving,domain_double,2048,1280.0,0.125,0.000125,0.001,v,2.1670710108334656e-08,1.8762673843530817e-07
fig5,SD,moving,domain_double,2048,1280.0,0.125,0.000125,0.005,u,1.0076588723498259e-07,3.354315249075527e-06
fig5,SD,moving,domain_double,2048,1280.0,0.125,0.000125,0.005,v,7.014411812500398e-08,6.07313375446508e-07
fig5,SD,moving,domain_double,2048,1280.0,0.125,0.000125,0.01,u,2.0153114294908792e-07,6.708609475956273e-06
fig5,SD,moving,domain_double,2048,1280.0,0.125,0.000125,0.01,v,1.338684248730626e-07,1.1590435113958075e-06
fig5,SD,moving,domain_double,2048,1280.0,0.125,0.000125,0.02,u,4.030553198697273e-07,1.3416987065347643e-05
fig5,SD,moving,domain_double,2048,1280.0,0.125,0.000125,0.02,v,2.652697121408032e-07,2.296726348413915e-06
fig5,SD2,fixed,domain_double,2048,1280.0,0.125,0.000125,0.0,u,1.6187540570825054e-07,5.388541268447912e-06
fig5,SD2,fixed,domain_double,2048,1280.0,0.125,0.000125,0.0,v,6.022768328298178e-07,5.214560907976176e-06
fig5,SD2,fixed,domain_double,2048,1280.0,0.125,0.000125,0.001,u,1.584826309838916e-07,5.275601896733193e-06
fig5,SD2,fixed,domain_double,2048,1280.0,0.125,0.000125,0.001,v,6.029136986052119e-07,5.220074942710659e-06
fig5,SD2,fixed,domain_double,2048,1280.0,0.125,0.000125,0.005,u,1.7012863804538592e-07,5.663276536922832e-06
fig5,SD2,fixed,domain_double,2048,1280.0,0.125,0.000125,0.005,v,6.054698199059461e-07,5.24220604502822e-06
fig5,SD2,fixed,domain_double,2048,1280.0,0.125,0.000125,0.01,u,2.0012768728924074e-07,6.661890959894893e-06
fig5,SD2,fixed,domain_double,2048,1280.0,0.125,0.000125,0.01,v,6.086845997024803e-07,5.270039865193599e-06
fig5,SD2,fixed,domain_double,2048,1280.0,0.125,0.000125,0.02,u,4.016200976326642e-07,1.3369211097034413e-05
fig5,SD2,fixed,domain_double,2048,1280.0,0.125,0.000125,0.02,v,6.151804779960801e-07,5.326281698128833e-06
fig5,FD,fixed,domain_double,2048,1280.0,0.125,0.000125,0.0,u,1.2179767576447897e-08,4.054425682433869e-07
fig5,FD,fixed,domain_double,2048,1280.0,0.125,0.000125,0.0,v,2.3699033957491622e-08,2.051881282746519e-07
fig5,FD,fixed,domain_double,2048,1280.0,0.125,0.000125,0.001,u,1.200203412002332e-08,3.9952614097305875e-07
fig5,FD,fixed,domain_double,2048,1280.0,0.125,0.000125,0.001,v,2.400695191251412e-08,2.0785410651522284e-07
fig5,FD,fixed,domain_double,2048,1280.0,0.125,0.000125,0.005,u,1.1706945635125976e-08,3.8970317576252545e-07
fig5,FD,fixed,domain_double,2048,1280.0,0.125,0.000125,0.005,v,2.5229257002989947e-08,2.1843692158461228e-07
fig5,FD,fixed,domain_double,2048,1280.0,0.125,0.000125,0.01,u,1.1734001822277795e-08,3.906038275965489e-07
fig5,FD,fixed,domain_double,2048,1280.0,0.125,0.000125,0.01,v,2.707441650040554e-08,2.3441245984165674e-07
fig5,FD,fixed,domain_double,2048,1280.0,0.125,0.000125,0.02,u,1.5887743613773875e-08,5.288744250602165e-07
fig5,FD,fixed,domain_double,2048,1280.0,0.125,0.000125,0.02,v,3.132929619897862e-08,2.712515480066003e-07
fig5,FD,moving,domain_double,2048,1280.0,0.125,0.000125,0.0,u,1.1371005550347979e-08,3.785203342268896e-07
fig5,FD,moving,domain_double,2048,1280.0,0.125,0.000125,0.0,v,2.2081538680884805e-08,1.9118372501942438e-07
fig5,FD,moving,domain_double,2048,1280.0,0.125,0.000125,0.001,u,1.117002856529381e-08,3.7183017167109976e-07
fig5,FD,moving,domain_double,2048,1280.0,0.125,0.000125,0.001,v,2.2422104006825094e-08,1.9413236680416028e-07
fig5,FD,moving,domain_double,2048,1280.0,0.125,0.000125,0.005,u,1.0891766002996128e-08,3.6256731117759436e-07
fig5,FD,moving,domain_double,2048,1280.0,0.125,0.000125,0.005,v,2.377202634740172e-08,2.0582010221463659e-07
fig5,FD,moving,domain_double,2048,1280.0,0.125,0.000125,0.01,u,1.0913332036677215e-08,3.6328520567168886e-07
fig5,FD,moving,domain_double,2048,1280.0,0.125,0.000125,0.01,v,2.5611986587126268e-08,2.2175062488345256e-07
fig5,FD,moving,domain_double,2048,1280.0,0.125,0.000125,0.02,u,1.5701997167771875e-08,5.226912597710234e-07
fig5,FD,moving,domain_double,2048,1280.0,0.125,0.000125,0.02,v,2.9524810096770437e-08,2.5562816325286546e-07
fig5,SD2,moving,domain_double,2048,1280.0,0.125,0.000125,0.0,u,1.4882210407074492e-07,4.9540203215786335e-06
fig5,SD2,moving,domain_double,2048,1280.0,0.125,0.000125,0.0,v,5.491064420312664e-07,4.754207419004624e-06
fig5,SD2,moving,domain_double,2048,1280.0,0.125,0.000125,0.001,u,1.4539375821701062e-07,4.839896850909747e-06
fig5,SD2,moving,domain_double,2048,1280.0,0.125,0.000125,0.001,v,5.497715821478621e-07,4.759966255242822e-06
fig5,SD2,moving,domain_double,2048,1280.0,0.125,0.000125,0.005,u,1.5690246144006714e-07,5.22300089313547e-06
fig5,SD2,moving,domain_double,2048,1280.0,0.125,0.000125,0.005,v,5.524416173616209e-07,4.783083633314909e-06
fig5,SD2,moving,domain_double,2048,1280.0,0.125,0.000125,0.01,u,2.0021004797868974e-07,6.664632599194897e-06
fig5,SD2,moving,domain_double,2048,1280.0,0.125,0.000125,0.01,v,5.558006320183217e-07,4.812166250416172e-06
fig5,SD2,moving,domain_double,2048,1280.0,0.125,0.000125,0.02,u,4.0172986872158423e-07,1.3372865179259813e-05
fig5,SD2,moving,domain_double,2048,1280.0,0.125,0.000125,0.02,v,5.625909223969106e-07,4.870957126690839e-06
fig4,SD,moving,x_half_time_half,512,40.0,0.125,3.125e-05,0.0,u,4.279490935510388e-06,2.4236383413378107e-06
fig4,SD,moving,x_half_time_half,512,40.0,0.125,3.125e-05,0.0,v,3.93514029117803e-06,1.5390945549065833e-06
fig4,SD,moving,x_half_time_half,512,40.0,0.125,3.125e-05,0.001,u,3.943743820356005e-05,2.233491991329319e-05
fig4,SD,moving,x_half_time_half,512,40.0,0.125,3.125e-05,0.001,v,2.0793802863128263e-05,8.132779620129115e-06
fig4,SD,moving,x_half_time_half,512,40.0,0.125,3.125e-05,0.005,u,0.00019840759794487184,0.0001123657623858428
fig4,SD,moving,x_half_time_half,512,40.0,0.125,3.125e-05,0.005,v,0.00010174123900230647,3.979258053618778e-05
fig4,SD,moving,x_half_time_half,512,40.0,0.125,3.125e-05,0.01,u,0.00040028283098281214,0.00022669537829818616
fig4,SD,moving,x_half_time_half,512,40.0,0.125,3.125e-05,0.01,v,0.00023548088414826474,9.210023525455693e-05
fig4,SD,moving,x_half_time_half,512,40.0,0.125,3.125e-05,0.02,u,0.0022801421306495318,0.001291331136067195
fig4,SD,moving,x_half_time_half,512,40.0,0.125,3.125e-05,0.02,v,0.0023842217421883305,0.0009325061953492456
fig4,SD2,moving,x_half_time_half,512,40.0,0.125,3.125e-05,0.0,u,6.263039953746663e-05,3.546997527036625e-05
fig4,SD2,moving,x_half_time_half,512,40.0,0.125,3.125e-05,0.0,v,0.00014203016229386023,5.555020488317554e-05
fig4,SD2,moving,x_half_time_half,512,40.0,0.125,3.125e-05,0.001,u,3.912847218856541e-05,2.2159940718011395e-05
fig4,SD2,moving,x_half_time_half,512,40.0,0.125,3.125e-05,0.001,v,0.00012644611057233135,4.9455039940324824e-05
fig4,SD2,moving,x_half_time_half,512,40.0,0.125,3.125e-05,0.005,u,0.0001691358551465516,9.578806208623303e-05
fig4,SD2,moving,x_half_time_half,512,40.0,0.125,3.125e-05,0.005,v,0.0001528986032175439,5.980102112051934e-05
fig4,SD2,moving,x_half_time_half,512,40.0,0.125,3.125e-05,0.01,u,0.0003616222141569203,0.00020480040185098726
fig4,SD2,moving,x_half_time_half,512,40.0,0.125,3.125e-05,0.01,v,0.0002820673177701405,0.00011032091381097035
fig4,SD2,moving,x_half_time_half,512,40.0,0.125,3.125e-05,0.02,u,0.01796300436843723,0.010173131984393562
fig4,SD2,moving,x_half_time_half,512,40.0,0.125,3.125e-05,0.02,v,0.01504055264677917,0.005882594003913835
fig4,FD,moving,x_half_time_half,512,40.0,0.125,3.125e-05,0.0,u,4.279490935510388e-06,2.4236383413378107e-06
fig4,FD,moving,x_half_time_half,512,40.0,0.125,3.125e-05,0.0,v,3.93514029117803e-06,1.5390945549065833e-06
fig4,FD,moving,x_half_time_half,512,40.0,0.125,3.125e-05,0.001,u,1.3302877293286386e-05,7.533924932656929e-06
fig4,FD,moving,x_half_time_half,512,40.0,0.125,3.125e-05,0.001,v,2.9545255455953878e-05,1.1555608804475376e-05
fig4,FD,moving,x_half_time_half,512,40.0,0.125,3.125e-05,0.005,u,6.032535662736649e-05,3.416454187664385e-05
fig4,FD,moving,x_half_time_half,512,40.0,0.125,3.125e-05,0.005,v,0.00014082729201758681,5.50797436148386e-05
fig4,FD,moving,x_half_time_half,512,40.0,0.125,3.125e-05,0.01,u,0.00012538511264481578,7.1010354039386e-05
fig4,FD,moving,x_half_time_half,512,40.0,0.125,3.125e-05,0.01,v,0.0002888024930860489,0.00011295514560145948
fig4,FD,moving,x_half_time_half,512,40.0,0.125,3.125e-05,0.02,u,0.0024289534049593,0.0013756086156729505
fig4,FD,moving,x_half_time_half,512,40.0,0.125,3.125e-05,0.02,v,0.0023209324469495307,0.0009077527679036509
