case,model,mesh,t,field,variant,E,delta,fraction,refined_error,control_status,control_reached
A,FD,fixed,0.001,u,time_half,3.932894159008882e-05,3.774758283725532e-15,9.597914744486282e-11,3.932894158786837e-05,completed,0.01
A,FD,fixed,0.001,u,x_half,3.932894159008882e-05,5.3429762183920815e-05,1.3585354709211273,1.4235790720240615e-05,stopped,0.008700000000000001
A,FD,fixed,0.001,u,y_half,3.932894159008882e-05,5.352607968366578e-06,0.13609844943591046,4.319503465288754e-05,completed,0.01
A,FD,fixed,0.001,u,combined,3.932894159008882e-05,4.15228246749156e-05,1.0557829170103998,2.6891546445195758e-06,stopped,0.0095375
A,FD,fixed,0.001,v,time_half,3.698506052463024e-05,7.327471962526033e-15,1.9811977751520226e-10,3.698506052463024e-05,completed,0.01
A,FD,fixed,0.001,v,x_half,3.698506052463024e-05,3.744801266414299e-05,1.0125172740816375,3.000672504493984e-05,stopped,0.008700000000000001
A,FD,fixed,0.001,v,y_half,3.698506052463024e-05,1.73147098520866e-05,0.46815415755655854,2.3360205309463922e-05,completed,0.01
A,FD,fixed,0.001,v,combined,3.698506052463024e-05,3.307023419378582e-05,0.8941511443995788,8.17108030859437e-06,stopped,0.0095375
A,FD,fixed,0.002,u,time_half,3.0855199307344705e-05,1.199040866595169e-14,3.8860253490884175e-10,3.085519930046132e-05,completed,0.01
A,FD,fixed,0.002,u,x_half,3.0855199307344705e-05,0.0001504460267829355,4.875872791627817,0.0001195908274755908,stopped,0.008700000000000001
A,FD,fixed,0.002,u,y_half,3.0855199307344705e-05,1.3667426586877874e-05,0.4429537612361009,4.057749835939539e-05,completed,0.01
A,FD,fixed,0.002,u,combined,3.0855199307344705e-05,5.5936274683018086e-05,1.8128638264768278,3.01728594542805e-05,stopped,0.0095375
A,FD,fixed,0.002,v,time_half,6.870046953144637e-05,1.8207657603852567e-14,2.650295948198483e-10,6.870046953233455e-05,completed,0.01
A,FD,fixed,0.002,v,x_half,6.870046953144637e-05,0.0001625684503405722,2.366336816172115,0.00016582887697502713,stopped,0.008700000000000001
A,FD,fixed,0.002,v,y_half,6.870046953144637e-05,3.601557448100038e-05,0.5242405870969327,4.230596740484316e-05,completed,0.01
A,FD,fixed,0.002,v,combined,6.870046953144637e-05,8.152125192281665e-05,1.1866185555762732,4.708502609895859e-05,stopped,0.0095375
A,FD,fixed,0.005,u,time_half,9.028902535757055e-05,1.325606291402437e-13,1.4681809734379723e-09,9.028902539820471e-05,completed,0.01
A,FD,fixed,0.005,u,x_half,9.028902535757055e-05,0.07500569166983273,830.7287776425604,0.07492314215995455,stopped,0.008700000000000001
A,FD,fixed,0.005,u,y_half,9.028902535757055e-05,9.251463303769324e-05,1.024649813986901,9.374619576152377e-05,completed,0.01
A,FD,fixed,0.005,u,combined,9.028902535757055e-05,0.018178072413773692,201.33202614363472,0.01901078946473289,stopped,0.0095375
A,FD,fixed,0.005,v,time_half,0.0002469523288037845,1.8052226380405045e-13,7.310004512955376e-10,0.00024695232889171415,completed,0.01
A,FD,fixed,0.005,v,x_half,0.0002469523288037845,0.1009867808198519,408.93228789954344,0.10074933171651357,stopped,0.008700000000000001
A,FD,fixed,0.005,v,y_half,0.0002469523288037845,0.00013461770160518607,0.5451161455219413,0.00014823263167396128,completed,0.01
A,FD,fixed,0.005,v,combined,0.0002469523288037845,0.030150950480543243,122.09218931682813,0.030125549835892107,stopped,0.0095375
A,FD,fixed,0.01,u,time_half,0.001898401806885719,3.0457858457566545e-12,1.604394725452348e-09,0.0018984018098893163,completed,0.01
A,FD,fixed,0.01,u,x_half,0.001898401806885719,,,,stopped,0.008700000000000001
A,FD,fixed,0.01,u,y_half,0.001898401806885719,0.0010159071191505908,0.5351380911384409,0.0010307265373874497,completed,0.01
A,FD,fixed,0.01,u,combined,0.001898401806885719,,,,stopped,0.0095375
A,FD,fixed,0.01,v,time_half,0.0032324049435079605,5.794476010123617e-12,1.7926206992602772e-09,0.003232404947432377,completed,0.01
A,FD,fixed,0.01,v,x_half,0.0032324049435079605,,,,stopped,0.008700000000000001
A,FD,fixed,0.01,v,y_half,0.0032324049435079605,0.0013576135201256044,0.4200010654148602,0.0019072795561434486,completed,0.01
A,FD,fixed,0.01,v,combined,0.0032324049435079605,,,,stopped,0.0095375
A,FD,minus,0.001,u,time_half,4.501295563374974e-05,3.3306690738754696e-15,7.399356534095721e-11,4.5012955631085205e-05,completed,0.01
A,FD,minus,0.001,u,x_half,4.501295563374974e-05,5.886145998190706e-05,1.3076559660031302,1.4144314272490632e-05,stopped,0.008275000000000001
A,FD,minus,0.001,u,y_half,4.501295563374974e-05,5.355355784319304e-06,0.11897365344976311,4.905796719611999e-05,completed,0.01
A,FD,minus,0.001,u,combined,4.501295563374974e-05,4.77707319175174e-05,1.0612662786733325,4.40805463486349e-06,stopped,0.009362500000000001
A,FD,minus,0.001,v,time_half,4.343072399670689e-05,6.8833827526759706e-15,1.5849108923898896e-10,4.343072399692893e-05,completed,0.01
A,FD,minus,0.001,v,x_half,4.343072399670689e-05,3.9851725330164456e-05,0.9175929310592702,3.0261329822200977e-05,stopped,0.008275000000000001
A,FD,minus,0.001,v,y_half,4.343072399670689e-05,1.7202903107760998e-05,0.39609984648345714,2.748580389533295e-05,completed,0.01
A,FD,minus,0.001,v,combined,4.343072399670689e-05,3.9253004261074876e-05,0.903807273948535,9.582018428044847e-06,stopped,0.009362500000000001
A,FD,minus,0.002,u,time_half,4.7594893426428087e-05,1.2434497875801753e-14,2.6125697486901466e-10,4.759489342420764e-05,completed,0.01
A,FD,minus,0.002,u,x_half,4.7594893426428087e-05,0.0001480090862497896,3.109768203989808,0.00011061682485125068,stopped,0.008275000000000001
A,FD,minus,0.002,u,y_half,4.7594893426428087e-05,1.3338086293417761e-05,0.2802419615464776,4.675455419334007e-05,completed,0.01
A,FD,minus,0.002,u,combined,4.7594893426428087e-05,6.599556028396393e-05,1.3866101073632928,3.0014702732783505e-05,stopped,0.009362500000000001
A,FD,minus,0.002,v,time_half,8.382149796326566e-05,1.5765166949677223e-14,1.8808023398229206e-10,8.382149796415383e-05,completed,0.01
A,FD,minus,0.002,v,x_half,8.382149796326566e-05,0.0001492593492058436,1.7806810046660793,0.00014822135474035214,stopped,0.008275000000000001
A,FD,minus,0.002,v,y_half,8.382149796326566e-05,3.566304892472514e-05,0.42546422804749073,5.232011006883752e-05,completed,0.01
A,FD,minus,0.002,v,combined,8.382149796326566e-05,8.78771952107184e-05,1.0483849292365321,4.541950942082984e-05,stopped,0.009362500000000001
A,FD,minus,0.005,u,time_half,0.00018388773318789298,1.254552017826427e-13,6.822380134212376e-10,0.00018388773320232588,completed,0.01
A,FD,minus,0.005,u,x_half,0.00018388773318789298,0.05400150442795737,293.66561592653744,0.05382598026508312,stopped,0.008275000000000001
A,FD,minus,0.005,u,y_half,0.00018388773318789298,8.888343871006174e-05,0.48335708515827064,0.00013606419627953947,completed,0.01
A,FD,minus,0.005,u,combined,0.00018388773318789298,0.014685534687109002,79.86141561766712,0.015084804160996113,stopped,0.009362500000000001
A,FD,minus,0.005,v,time_half,0.0002841137305413799,1.461053500406706e-13,5.142495217047984e-10,0.000284113730581792,completed,0.01
A,FD,minus,0.005,v,x_half,0.0002841137305413799,0.06571481242884891,231.2975592683573,0.06549211699906876,stopped,0.008275000000000001
A,FD,minus,0.005,v,y_half,0.0002841137305413799,0.00013091420459427012,0.46078098494153225,0.00019583023259928112,completed,0.01
A,FD,minus,0.005,v,combined,0.0002841137305413799,0.01891801506138295,66.58606405728648,0.018648981913504947,stopped,0.009362500000000001
A,FD,minus,0.01,u,time_half,0.0020795423834747417,3.6777247913732936e-12,1.768526008702031e-09,0.0020795423858979145,completed,0.01
A,FD,minus,0.01,u,x_half,0.0020795423834747417,,,,stopped,0.008275000000000001
A,FD,minus,0.01,u,y_half,0.0020795423834747417,0.0009826369844111724,0.472525586503925,0.0012314583253274503,completed,0.01
A,FD,minus,0.01,u,combined,0.0020795423834747417,,,,stopped,0.009362500000000001
A,FD,minus,0.01,v,time_half,0.0027695687245670175,4.359179683888215e-12,1.5739561344771144e-09,0.002769568728040017,completed,0.01
A,FD,minus,0.01,v,x_half,0.0027695687245670175,,,,stopped,0.008275000000000001
A,FD,minus,0.01,v,y_half,0.0027695687245670175,0.0013179792590689457,0.4758788786781209,0.0017087944170923741,completed,0.01
A,FD,minus,0.01,v,combined,0.0027695687245670175,,,,stopped,0.009362500000000001
A,FD,plus,0.001,u,time_half,1.3106421511643873e-05,1.9984014443252818e-14,1.524749865972098e-09,1.3106421498543241e-05,completed,0.01
A,FD,plus,0.001,u,x_half,1.3106421511643873e-05,4.456383741935355e-05,3.4001529234934647,3.1457415907709674e-05,stopped,0.0048125
A,FD,plus,0.001,u,y_half,1.3106421511643873e-05,5.3820839743806145e-06,0.4106448102252105,1.684355139341953e-05,completed,0.01
A,FD,plus,0.001,u,combined,1.3106421511643873e-05,2.0280100471814823e-05,1.5473407790065186,7.564480117405736e-06,stopped,0.005275
A,FD,plus,0.001,v,time_half,2.8074137985889536e-05,2.3092638912203256e-14,8.225591440709577e-10,2.8074137983891134e-05,completed,0.01
A,FD,plus,0.001,v,x_half,2.8074137985889536e-05,4.236747824326592e-05,1.5091283751814721,4.6057765086926494e-05,stopped,0.0048125
A,FD,plus,0.001,v,y_half,2.8074137985889536e-05,1.767488746125724e-05,0.6295789908185566,1.1487014612621138e-05,completed,0.01
A,FD,plus,0.001,v,combined,2.8074137985889536e-05,2.640402138518929e-05,0.9405104939806284,1.1899799068348926e-05,stopped,0.005275
A,FD,plus,0.002,u,time_half,2.5955407385591656e-05,8.504308368628699e-14,3.276507373700327e-09,2.5955407388922325e-05,completed,0.01
A,FD,plus,0.002,u,x_half,2.5955407385591656e-05,0.0007880293971256336,30.36089495413136,0.0007642937521332716,stopped,0.0048125
A,FD,plus,0.002,u,y_half,2.5955407385591656e-05,1.8758743179349613e-05,0.7227296763511002,1.340486984302558e-05,completed,0.01
A,FD,plus,0.002,u,combined,2.5955407385591656e-05,0.00021484126880218424,8.277322162989696,0.00019722028935698077,stopped,0.005275
A,FD,plus,0.002,v,time_half,5.869193866137046e-05,9.348077867343818e-14,1.5927362565545114e-09,5.869193867891198e-05,completed,0.01
A,FD,plus,0.002,v,x_half,5.869193866137046e-05,0.0008626286685571305,14.697566450039428,0.0008185881097266812,stopped,0.0048125
A,FD,plus,0.002,v,y_half,5.869193866137046e-05,3.953268165082723e-05,0.6735623758982532,2.2571170575469424e-05,completed,0.01
A,FD,plus,0.002,v,combined,5.869193866137046e-05,0.0002653176721033418,4.520513006634881,0.0002198443290801766,stopped,0.005275
A,FD,plus,0.005,u,time_half,0.0002879181857884383,2.2961632595297488e-12,7.975054626167188e-09,0.000287918186931746,completed,0.01
A,FD,plus,0.005,u,x_half,0.0002879181857884383,,,,stopped,0.0048125
A,FD,plus,0.005,u,y_half,0.0002879181857884383,0.00021974350888373593,0.763215106687297,7.378297554749835e-05,completed,0.01
A,FD,plus,0.005,u,combined,0.0002879181857884383,2.702932396379862,9387.848804958681,2.831126075567304,stopped,0.005275
A,FD,plus,0.005,v,time_half,0.00043272546120975974,2.886801908630332e-12,6.6712088088363745e-09,0.0004327254629847843,completed,0.01
A,FD,plus,0.005,v,x_half,0.00043272546120975974,,,,stopped,0.0048125
A,FD,plus,0.005,v,y_half,0.00043272546120975974,0.00028131124978096064,0.6500917440691052,0.00015750795745317347,completed,0.01
A,FD,plus,0.005,v,combined,0.00043272546120975974,4.402246819948372,10173.302046154438,4.468921478273506,stopped,0.005275
A,FD,plus,0.01,u,time_half,0.019533097214656125,2.086888439833956e-10,1.0683858360506782e-08,0.019533097420421308,completed,0.01
A,FD,plus,0.01,u,x_half,0.019533097214656125,,,,stopped,0.0048125
A,FD,plus,0.01,u,y_half,0.019533097214656125,0.01355760666846969,0.6940838167895417,0.006227613959992162,completed,0.01
A,FD,plus,0.01,u,combined,0.019533097214656125,,,,stopped,0.005275
A,FD,plus,0.01,v,time_half,0.024868843449505906,3.766400524796154e-10,1.514505703670343e-08,0.024868843823220743,completed,0.01
A,FD,plus,0.01,v,x_half,0.024868843449505906,,,,stopped,0.0048125
A,FD,plus,0.01,v,y_half,0.024868843449505906,0.016491274035922602,0.6631299147226829,0.009237536269200985,completed,0.01
A,FD,plus,0.01,v,combined,0.024868843449505906,,,,stopped,0.005275
A,FD,zero,0.001,u,time_half,2.500076423905817e-05,7.549516567451064e-15,3.0197143156354445e-10,2.500076423417319e-05,completed,0.01
A,FD,zero,0.001,u,x_half,2.500076423905817e-05,4.510235529964213e-05,1.8040390633010994,2.0101591060583957e-05,stopped,0.006200000000000001
A,FD,zero,0.001,u,y_half,2.500076423905817e-05,5.366079881987269e-06,0.21463663393153218,2.8762070680032892e-05,completed,0.01
A,FD,zero,0.001,u,combined,2.500076423905817e-05,2.9297054453516e-05,1.171846355310444,4.8020900964562685e-06,stopped,0.0067625
A,FD,zero,0.001,v,time_half,3.328225263010687e-05,1.1546319456101628e-14,3.4692121306888096e-10,3.3282252631439135e-05,completed,0.01
A,FD,zero,0.001,v,x_half,3.328225263010687e-05,3.6305116716484065e-05,1.0908251048981805,3.478881345331253e-05,stopped,0.006200000000000001
A,FD,zero,0.001,v,y_half,3.328225263010687e-05,1.7352445769387304e-05,0.5213723350471301,1.7390741056333425e-05,completed,0.01
A,FD,zero,0.001,v,combined,3.328225263010687e-05,2.9677084790206253e-05,0.8916789713734878,9.431062560016912e-06,stopped,0.0067625
A,FD,zero,0.002,u,time_half,3.0210542767195037e-05,2.7533531010703882e-14,9.113881608443638e-10,3.021054276297619e-05,completed,0.01
A,FD,zero,0.002,u,x_half,3.0210542767195037e-05,0.00025188115291263635,8.337524911540104,0.00023660119121737822,stopped,0.006200000000000001
A,FD,zero,0.002,u,y_half,3.0210542767195037e-05,1.5473318614071533e-05,0.5121827414128312,2.582760616975932e-05,completed,0.01
A,FD,zero,0.002,u,combined,3.0210542767195037e-05,7.816144527051921e-05,2.5872241314178903,6.127567035152381e-05,stopped,0.0067625
A,FD,zero,0.002,v,time_half,6.564743547166074e-05,3.4861002973229915e-14,5.31033736851442e-10,6.564743547010643e-05,completed,0.01
A,FD,zero,0.002,v,x_half,6.564743547166074e-05,0.00028981311981590707,4.41469065369684,0.00029768477872793575,stopped,0.006200000000000001
A,FD,zero,0.002,v,y_half,6.564743547166074e-05,3.7258145539383186e-05,0.5675491399122073,3.321922351395834e-05,completed,0.01
A,FD,zero,0.002,v,combined,6.564743547166074e-05,0.0001099332740970608,1.6746011981613167,8.514548431493019e-05,stopped,0.0067625
A,FD,zero,0.005,u,time_half,0.00018140086266704714,4.978240042419202e-13,2.7443309636054655e-09,0.00018140086291906776,completed,0.01
A,FD,zero,0.005,u,x_half,0.00018140086266704714,0.582077156883597,3208.7893537307623,0.5819040453896385,stopped,0.006200000000000001
A,FD,zero,0.005,u,y_half,0.00018140086266704714,0.00013112508962769996,0.7228471116390112,6.589291752012727e-05,completed,0.01
A,FD,zero,0.005,u,combined,0.00018140086266704714,0.15344852536538947,845.9084654246496,0.160421661669361,stopped,0.0067625
A,FD,zero,0.005,v,time_half,0.0003006346793539283,5.868638908168577e-13,1.9520831464887667e-09,0.0003006346797302939,completed,0.01
A,FD,zero,0.005,v,x_half,0.0003006346793539283,0.7957343084897448,2646.848028975893,0.7954671030662372,stopped,0.006200000000000001
A,FD,zero,0.005,v,y_half,0.0003006346793539283,0.00017714037888625706,0.5892213741506347,0.00014568484314114727,completed,0.01
A,FD,zero,0.005,v,combined,0.0003006346793539283,0.22970119879840284,764.0542311753144,0.2311206827145793,stopped,0.0067625
A,FD,zero,0.01,u,time_half,0.004695862118646366,2.5099256006910764e-11,5.34497295123859e-09,0.004695862142528151,completed,0.01
A,FD,zero,0.01,u,x_half,0.004695862118646366,,,,stopped,0.006200000000000001
A,FD,zero,0.01,u,y_half,0.004695862118646366,0.00311376842664642,0.6630877031679112,0.001739214079469864,completed,0.01
A,FD,zero,0.01,u,combined,0.004695862118646366,,,,stopped,0.0067625
A,FD,zero,0.01,v,time_half,0.006999849797540314,3.8083536324506895e-11,5.440621931329029e-09,0.006999849825779725,completed,0.01
A,FD,zero,0.01,v,x_half,0.006999849797540314,,,,stopped,0.006200000000000001
A,FD,zero,0.01,v,y_half,0.006999849797540314,0.0036967089413960878,0.5281126093155711,0.003366852163778633,completed,0.01
A,FD,zero,0.01,v,combined,0.006999849797540314,,,,stopped,0.0067625
A,SD,fixed,0.001,u,time_half,6.201405981220987e-05,1.3322676295501878e-15,2.1483315776850324e-11,6.2014059812876e-05,completed,0.01
A,SD,fixed,0.001,u,x_half,6.201405981220987e-05,2.602384691652304e-05,0.41964430316815415,3.7622745273635516e-05,stopped,0.009025
A,SD,fixed,0.001,u,y_half,6.201405981220987e-05,2.584553615796272e-05,0.4167689752328395,4.888036751515834e-05,completed,0.01
A,SD,fixed,0.001,u,combined,6.201405981220987e-05,5.1801711659527296e-05,0.8353220514249919,1.0710867444752026e-05,stopped,0.0096375
A,SD,fixed,0.001,v,time_half,2.7784960524801505e-05,5.10702591327572e-15,1.8380540467988318e-10,2.778496052457946e-05,completed,0.01
A,SD,fixed,0.001,v,x_half,2.7784960524801505e-05,1.9305039396178003e-05,0.69480175719328,1.7957028322301838e-05,stopped,0.009025
A,SD,fixed,0.001,v,y_half,2.7784960524801505e-05,1.5155685334762171e-05,0.5454636266707614,2.2429034030047035e-05,completed,0.01
A,SD,fixed,0.001,v,combined,2.7784960524801505e-05,2.6055305265416258e-05,0.9377485075841185,4.577827221963204e-06,stopped,0.0096375
A,SD,fixed,0.002,u,time_half,8.84025442566827e-05,3.1086244689504383e-15,3.516442309538444e-11,8.840254425845906e-05,completed,0.01
A,SD,fixed,0.002,u,x_half,8.84025442566827e-05,0.00011847750488191977,1.34020469521683,0.00018543213439659034,stopped,0.009025
A,SD,fixed,0.002,u,y_half,8.84025442566827e-05,5.2298021040722875e-05,0.5915895462111597,5.4288578065886384e-05,completed,0.01
A,SD,fixed,0.002,u,combined,8.84025442566827e-05,7.604235659818982e-05,0.8601828967432855,5.1471976863171065e-05,stopped,0.0096375
A,SD,fixed,0.002,v,time_half,5.087543935489158e-05,6.217248937900877e-15,1.2220531196853634e-10,5.087543935533567e-05,completed,0.01
A,SD,fixed,0.002,v,x_half,5.087543935489158e-05,0.00010153272905477628,1.9957120831235453,0.00012877929167331992,stopped,0.009025
A,SD,fixed,0.002,v,y_half,5.087543935489158e-05,2.9552887247013338e-05,0.580887116096657,4.073985201813457e-05,completed,0.01
A,SD,fixed,0.002,v,combined,5.087543935489158e-05,5.389019165423929e-05,1.0592575187079507,3.181646113548098e-05,stopped,0.0096375
A,SD,fixed,0.005,u,time_half,0.00025889126323419553,4.1300296516055823e-14,1.5952757926286287e-10,0.0002588912632628393,completed,0.01
A,SD,fixed,0.005,u,x_half,0.00025889126323419553,0.0977864783767346,377.712546785621,0.09753649024907296,stopped,0.009025
A,SD,fixed,0.005,u,y_half,0.00025889126323419553,0.00016910824706778123,0.6532018305878645,0.00011925078278740564,completed,0.01
A,SD,fixed,0.005,u,combined,0.00025889126323419553,0.02513641239952065,97.09254798908377,0.025345378935673013,stopped,0.0096375
A,SD,fixed,0.005,v,time_half,0.00016143967028292572,4.729550084903167e-14,2.9296083649170933e-10,0.00016143967026915895,completed,0.01
A,SD,fixed,0.005,v,x_half,0.00016143967028292572,0.08411308525145111,521.0186883065453,0.08413017179580518,stopped,0.009025
A,SD,fixed,0.005,v,y_half,0.00016143967028292572,7.748965682044751e-05,0.47999142146812857,0.00013407292759759493,completed,0.01
A,SD,fixed,0.005,v,combined,0.00016143967028292572,0.017879413705478124,110.7498155449906,0.01785973976881472,stopped,0.0096375
A,SD,fixed,0.01,u,time_half,0.0017860018965096813,1.66644475996236e-12,9.330587852224751e-10,0.0017860018977342573,completed,0.01
A,SD,fixed,0.01,u,x_half,0.0017860018965096813,,,,stopped,0.009025
A,SD,fixed,0.01,u,y_half,0.0017860018965096813,0.0013031760670408883,0.7296610768373976,0.0009743906621779708,completed,0.01
A,SD,fixed,0.01,u,combined,0.0017860018965096813,,,,stopped,0.0096375
A,SD,fixed,0.01,v,time_half,0.001292419810422718,1.4526158054195548e-12,1.1239504329049558e-09,0.0012924198113863916,completed,0.01
A,SD,fixed,0.01,v,x_half,0.001292419810422718,,,,stopped,0.009025
A,SD,fixed,0.01,v,y_half,0.001292419810422718,0.0012113064998519928,0.9372391927788579,0.0011261595840770244,completed,0.01
A,SD,fixed,0.01,v,combined,0.001292419810422718,,,,stopped,0.0096375
A,SD,minus,0.001,u,time_half,6.719728517756707e-05,2.886579864025407e-15,4.295679291801291e-11,6.719728517579071e-05,completed,0.01
A,SD,minus,0.001,u,x_half,6.719728517756707e-05,3.180722642270872e-05,0.47334094433516116,3.5973825534663106e-05,stopped,0.0092625
A,SD,minus,0.001,u,y_half,6.719728517756707e-05,2.5903268201545295e-05,0.38548087371530837,5.4632061283976796e-05,completed,0.01
A,SD,minus,0.001,u,combined,6.719728517756707e-05,5.845978064582629e-05,0.8699723581294668,9.969384090480204e-06,stopped,0.0099375
A,SD,minus,0.001,v,time_half,2.8466227555146162e-05,1.9317880628477724e-14,6.786245416978482e-10,2.8466227555368206e-05,completed,0.01
A,SD,minus,0.001,v,x_half,2.8466227555146162e-05,2.1781093933359585e-05,0.7651556178690763,1.781591522731496e-05,stopped,0.0092625
A,SD,minus,0.001,v,y_half,2.8466227555146162e-05,1.5474758174633845e-05,0.5436181575045513,2.495478993047584e-05,completed,0.01
A,SD,minus,0.001,v,combined,2.8466227555146162e-05,2.7586314691735862e-05,0.9690892352453204,5.68442333936936e-06,stopped,0.0099375
A,SD,minus,0.002,u,time_half,9.113518732117853e-05,5.995204332975845e-15,6.578363976855122e-11,9.113518732095649e-05,completed,0.01
A,SD,minus,0.002,u,x_half,9.113518732117853e-05,9.226871373968493e-05,1.0124378569005583,0.00015662214111200612,stopped,0.0092625
A,SD,minus,0.002,u,y_half,9.113518732117853e-05,5.225244511436274e-05,0.5733509377691267,5.996326779955652e-05,completed,0.01
A,SD,minus,0.002,u,combined,9.113518732117853e-05,7.642839052635456e-05,0.8386265807190992,3.8422627225642714e-05,stopped,0.0099375
A,SD,minus,0.002,v,time_half,5.3962248509842325e-05,1.354472090042691e-14,2.5100364188783667e-10,5.396224851472731e-05,completed,0.01
A,SD,minus,0.002,v,x_half,5.3962248509842325e-05,7.38026636872835e-05,1.3676721360827362,0.0001053290113073313,stopped,0.0092625
A,SD,minus,0.002,v,y_half,5.3962248509842325e-05,3.0250938278124037e-05,0.5605944732382026,4.521820328151627e-05,completed,0.01
A,SD,minus,0.002,v,combined,5.3962248509842325e-05,6.31452356127437e-05,1.1701742858477528,3.127863288931998e-05,stopped,0.0099375
A,SD,minus,0.005,u,time_half,0.00021696088583356143,5.81756864903582e-14,2.6813905311479453e-10,0.00021696088588551987,completed,0.01
A,SD,minus,0.005,u,x_half,0.00021696088583356143,0.06523274803799417,300.6659370299427,0.06508543882671236,stopped,0.0092625
A,SD,minus,0.005,u,y_half,0.00021696088583356143,0.00016643251584498808,0.767108390093247,9.259392242921827e-05,completed,0.01
A,SD,minus,0.005,u,combined,0.00021696088583356143,0.014974209651338386,69.01801490073952,0.01516846682453088,stopped,0.0099375
A,SD,minus,0.005,v,time_half,0.00021161826734483746,9.015010959956271e-14,4.2600343878943477e-10,0.00021161826740168088,completed,0.01
A,SD,minus,0.005,v,x_half,0.00021161826734483746,0.05591293161026356,264.21599756864083,0.055953232472762515,stopped,0.0092625
A,SD,minus,0.005,v,y_half,0.00021161826734483746,7.328968034151385e-05,0.346329649425238,0.0001822665538997459,completed,0.01
A,SD,minus,0.005,v,combined,0.00021161826734483746,0.011371142312230909,53.73421895427079,0.011408281097231132,stopped,0.0099375
A,SD,minus,0.01,u,time_half,0.0016340837910489014,1.5987211554602254e-12,9.78359349880108e-10,0.0016340837926274165,completed,0.01
A,SD,minus,0.01,u,x_half,0.0016340837910489014,,,,stopped,0.0092625
A,SD,minus,0.01,u,y_half,0.0016340837910489014,0.00127647656694734,0.7811573518687085,0.0009898114333632968,completed,0.01
A,SD,minus,0.01,u,combined,0.0016340837910489014,,,,stopped,0.0099375
A,SD,minus,0.01,v,time_half,0.0020199882481615195,2.1882495815361835e-12,1.0832981743967105e-09,0.0020199882499549737,completed,0.01
A,SD,minus,0.01,v,x_half,0.0020199882481615195,,,,stopped,0.0092625
A,SD,minus,0.01,v,y_half,0.0020199882481615195,0.0011589025105854288,0.5737174518912163,0.0014782313862358176,completed,0.01
A,SD,minus,0.01,v,combined,0.0020199882481615195,,,,stopped,0.0099375
A,SD,plus,0.001,u,time_half,3.837982924448369e-05,1.2434497875801753e-14,3.239852318412531e-10,3.8379829256918185e-05,completed,0.01
A,SD,plus,0.001,u,x_half,3.837982924448369e-05,2.2017508715332923e-05,0.5736739623065803,5.371059301273462e-05,stopped,0.00385
A,SD,plus,0.001,u,y_half,3.837982924448369e-05,2.6248448618746186e-05,0.6839125951171047,2.2854436870556327e-05,completed,0.01
A,SD,plus,0.001,u,combined,3.837982924448369e-05,3.00728841700821e-05,0.7835596135280998,1.4011324303231376e-05,stopped,0.0043
A,SD,plus,0.001,v,time_half,2.0275485513199243e-05,2.930988785010413e-14,1.4455825401085236e-09,2.0275485515863778e-05,completed,0.01
A,SD,plus,0.001,v,x_half,2.0275485513199243e-05,2.1309659237633838e-05,1.0510061139478684,3.2369633812923126e-05,stopped,0.00385
A,SD,plus,0.001,v,y_half,2.0275485513199243e-05,1.548992638412268e-05,0.7639731425439263,9.686002283126882e-06,completed,0.01
A,SD,plus,0.001,v,combined,2.0275485513199243e-05,1.7632051625603914e-05,0.8696241386735492,8.235675302836754e-06,stopped,0.0043
A,SD,plus,0.002,u,time_half,7.354008046345228e-05,4.951594689828198e-14,6.733191830391083e-10,7.354008049631489e-05,completed,0.01
A,SD,plus,0.002,u,x_half,7.354008046345228e-05,0.000980403859846657,13.331558160775945,0.0009101591771294437,stopped,0.00385
A,SD,plus,0.002,u,y_half,7.354008046345228e-05,5.31476350731822e-05,0.7227029769106024,3.002847519306684e-05,completed,0.01
A,SD,plus,0.002,u,combined,7.354008046345228e-05,0.00029489679782192073,4.010014620101995,0.00022959264527622203,stopped,0.0043
A,SD,plus,0.002,v,time_half,3.8671527218925306e-05,5.10702591327572e-14,1.3206165570767562e-09,3.867152722292211e-05,completed,0.01
A,SD,plus,0.002,v,x_half,3.8671527218925306e-05,0.0008040431471110221,20.791605735124282,0.0007998158129907118,stopped,0.00385
A,SD,plus,0.002,v,y_half,3.8671527218925306e-05,3.026073261105966e-05,0.7825067895495599,1.6731434392625033e-05,completed,0.01
A,SD,plus,0.002,v,combined,3.8671527218925306e-05,0.00020558910548475765,5.316291345849543,0.00019735174266055644,stopped,0.0043
A,SD,plus,0.005,u,time_half,0.00041719633503278786,1.7716939026968248e-12,4.2466669860788345e-09,0.00041719633585457494,completed,0.01
A,SD,plus,0.005,u,x_half,0.00041719633503278786,,,,stopped,0.00385
A,SD,plus,0.005,u,y_half,0.00041719633503278786,0.0003119685399226625,0.7477739225541006,0.00010789972456981545,completed,0.01
A,SD,plus,0.005,u,combined,0.00041719633503278786,,,,stopped,0.0043
A,SD,plus,0.005,v,time_half,0.0002621170945245055,1.3715695246219184e-12,5.232659575713744e-09,0.00026211709527190763,completed,0.01
A,SD,plus,0.005,v,x_half,0.0002621170945245055,,,,stopped,0.00385
A,SD,plus,0.005,v,y_half,0.0002621170945245055,0.00022633033434200353,0.863470330893828,9.796069733125634e-05,completed,0.01
A,SD,plus,0.005,v,combined,0.0002621170945245055,,,,stopped,0.0043
A,SD,plus,0.01,u,time_half,0.021262568092789813,2.2150858924874228e-10,1.041777212809286e-08,0.021262568314298402,completed,0.01
A,SD,plus,0.01,u,x_half,0.021262568092789813,,,,stopped,0.00385
A,SD,plus,0.01,u,y_half,0.021262568092789813,0.017159142513451516,0.8070117606946181,0.004166896745001036,completed,0.01
A,SD,plus,0.01,u,combined,0.021262568092789813,,,,stopped,0.0043
A,SD,plus,0.01,v,time_half,0.017221804409926378,2.332545268046715e-10,1.3544139815583277e-08,0.017221804611915026,completed,0.01
A,SD,plus,0.01,v,x_half,0.017221804409926378,,,,stopped,0.00385
A,SD,plus,0.01,v,y_half,0.017221804409926378,0.015376069377539343,0.8928256883858707,0.0030754825777226102,completed,0.01
A,SD,plus,0.01,v,combined,0.017221804409926378,,,,stopped,0.0043
A,SD,zero,0.001,u,time_half,4.8154584188386806e-05,4.440892098500626e-15,9.22215854076799e-11,4.8154584187276583e-05,completed,0.01
A,SD,zero,0.001,u,x_half,4.8154584188386806e-05,1.7517208009465435e-05,0.3637703098200559,4.1366416724919475e-05,stopped,0.005025
A,SD,zero,0.001,u,y_half,4.8154584188386806e-05,2.610075266832225e-05,0.5420201027219509,3.405878537798834e-05,completed,0.01
A,SD,zero,0.001,u,combined,4.8154584188386806e-05,3.847020877287683e-05,0.7988898548552827,1.1119524055525076e-05,stopped,0.0056
A,SD,zero,0.001,v,time_half,1.9597308744012665e-05,1.865174681370263e-14,9.517504192712727e-10,1.9597308740681996e-05,completed,0.01
A,SD,zero,0.001,v,x_half,1.9597308744012665e-05,1.2205262471143286e-05,0.6228029894600816,1.9747428114946786e-05,stopped,0.005025
A,SD,zero,0.001,v,y_half,1.9597308744012665e-05,1.5399666683226375e-05,0.7858051778630704,1.5352705320381688e-05,completed,0.01
A,SD,zero,0.001,v,combined,1.9597308744012665e-05,1.8147097725485792e-05,0.9259994809761857,5.26310456172574e-06,stopped,0.0056
A,SD,zero,0.002,u,time_half,7.688034346675643e-05,1.2212453270876722e-14,1.588501393227707e-10,7.688034347363981e-05,completed,0.01
A,SD,zero,0.002,u,x_half,7.688034346675643e-05,0.00028135783875526954,3.659684986669324,0.0003153186834303767,stopped,0.005025
A,SD,zero,0.002,u,y_half,7.688034346675643e-05,5.223163324537098e-05,0.6793886563209266,4.015802744672392e-05,completed,0.01
A,SD,zero,0.002,u,combined,7.688034346675643e-05,0.0001170841209228018,1.522939618153888,7.952242563202816e-05,stopped,0.0056
A,SD,zero,0.002,v,time_half,3.779111840995775e-05,2.9976021664879227e-14,7.932028192365092e-10,3.779111842305838e-05,completed,0.01
A,SD,zero,0.002,v,x_half,3.779111840995775e-05,0.00022790222131363613,6.030576254488017,0.0002499126965309628,stopped,0.005025
A,SD,zero,0.002,v,y_half,3.779111840995775e-05,3.0076557213758412e-05,0.7958631149120321,2.7395941861962925e-05,completed,0.01
A,SD,zero,0.002,v,combined,3.779111840995775e-05,5.8168082008597154e-05,1.5391998029163962,6.02444934023616e-05,stopped,0.0056
A,SD,zero,0.005,u,time_half,0.0002740123302884534,2.673417043297377e-13,9.756557453027989e-10,0.00027401233040613704,completed,0.01
A,SD,zero,0.005,u,x_half,0.0002740123302884534,1.0273044402288214,3749.1175639701164,1.0270633428174762,stopped,0.005025
A,SD,zero,0.005,u,y_half,0.0002740123302884534,0.0002095332678920212,0.7646855441557869,7.278783528130717e-05,completed,0.01
A,SD,zero,0.005,u,combined,0.0002740123302884534,0.19975440957740018,728.9978862159899,0.20459124708068188,stopped,0.0056
A,SD,zero,0.005,v,time_half,0.000180599131287984,1.9251267247000214e-13,1.065966769037337e-09,0.00018059913147006057,completed,0.01
A,SD,zero,0.005,v,x_half,0.000180599131287984,1.1874994613194625,6575.333185993413,1.1875843693693628,stopped,0.005025
A,SD,zero,0.005,v,y_half,0.000180599131287984,0.0001220998640156136,0.676082233313253,0.00012436526967540829,completed,0.01
A,SD,zero,0.005,v,combined,0.000180599131287984,0.16473561110819318,912.1617027354645,0.1650199946492381,stopped,0.0056
A,SD,zero,0.01,u,time_half,0.004412927740879535,1.6060042185017664e-11,3.6393168272945155e-09,0.004412927756763496,completed,0.01
A,SD,zero,0.01,u,x_half,0.004412927740879535,,,,stopped,0.005025
A,SD,zero,0.01,u,y_half,0.004412927740879535,0.0037323144353297332,0.8457683094955573,0.0009321603386664989,completed,0.01
A,SD,zero,0.01,u,combined,0.004412927740879535,,,,stopped,0.0056
A,SD,zero,0.01,v,time_half,0.003875950716989429,1.3351542094142133e-11,3.4447141021732825e-09,0.003875950728966293,completed,0.01
A,SD,zero,0.01,v,x_half,0.003875950716989429,,,,stopped,0.005025
A,SD,zero,0.01,v,y_half,0.003875950716989429,0.003455481458626954,0.8915184198500163,0.0014664332212313003,completed,0.01
A,SD,zero,0.01,v,combined,0.003875950716989429,,,,stopped,0.0056
B,FD,fixed,0.001,u,time_half,2.0943954504026863e-07,2.831068712794149e-15,1.3517355150145231e-08,2.0943954504026863e-07,completed,0.01
B,FD,fixed,0.001,u,x_half,2.0943954504026863e-07,2.229130929842782e-07,1.064331441998783,2.7115074618944135e-07,completed,0.01
B,FD,fixed,0.001,u,y_half,2.0943954504026863e-07,1.534403985695254e-07,0.7326238153354643,1.3299014417489374e-07,completed,0.01
B,FD,fixed,0.001,u,combined,2.0943954504026863e-07,1.5728170071712458e-07,0.750964679028902,6.887967879398715e-08,completed,0.01
B,FD,fixed,0.001,v,time_half,2.078261717164409e-07,1.887379141862766e-15,9.081527731925486e-09,2.0782617193848552e-07,completed,0.01
B,FD,fixed,0.001,v,x_half,2.078261717164409e-07,2.6959283183636273e-07,1.2972034735076416,2.3631262469070435e-07,completed,0.01
B,FD,fixed,0.001,v,y_half,2.078261717164409e-07,1.323893318250898e-07,0.6370195376823016,1.5238892864255504e-07,completed,0.01
B,FD,fixed,0.001,v,combined,2.078261717164409e-07,1.7753034512269924e-07,0.8542251616169043,5.8823595605606016e-08,completed,0.01
B,FD,fixed,0.002,u,time_half,4.1900924907523063e-07,7.382983113757291e-15,1.7620095809464388e-08,4.1900924918625293e-07,completed,0.01
B,FD,fixed,0.002,u,x_half,4.1900924907523063e-07,1.8486646588544708e-06,4.411990100300994,2.0208280634981257e-06,completed,0.01
B,FD,fixed,0.002,u,y_half,4.1900924907523063e-07,3.0687414113312275e-07,0.7323803515325871,1.3266058640493128e-07,completed,0.01
B,FD,fixed,0.002,u,combined,4.1900924907523063e-07,6.02636086430089e-07,1.4382405346901765,5.233445724561747e-07,completed,0.01
B,FD,fixed,0.002,v,time_half,3.9613180108366564e-07,4.884981308350689e-15,1.2331707010109366e-08,3.9613180197184406e-07,completed,0.01
B,FD,fixed,0.002,v,x_half,3.9613180108366564e-07,1.4048032785374254e-06,3.546302707064717,1.467436894553309e-06,completed,0.01
B,FD,fixed,0.002,v,y_half,3.9613180108366564e-07,2.769670258778225e-07,0.6991789730593361,1.4302141215782882e-07,completed,0.01
B,FD,fixed,0.002,v,combined,3.9613180108366564e-07,5.337329351338628e-07,1.3473619983898613,3.6490622085105784e-07,completed,0.01
B,FD,fixed,0.005,u,time_half,1.886434712050633e-06,5.012656956182582e-14,2.657212001115912e-08,1.8864347605673792e-06,completed,0.01
B,FD,fixed,0.005,u,x_half,1.886434712050633e-06,0.0013019295403567388,690.1535112982983,0.0013002443252885798,completed,0.01
B,FD,fixed,0.005,u,y_half,1.886434712050633e-06,1.391011547702391e-06,0.7373759286852305,4.972753611109937e-07,completed,0.01
B,FD,fixed,0.005,u,combined,1.886434712050633e-06,0.0003507838546752837,185.95069971648635,0.00034946999225948794,completed,0.01
B,FD,fixed,0.005,v,time_half,1.455658496796186e-06,3.4139358007223564e-14,2.3452862111794883e-08,1.4556585216096707e-06,completed,0.01
B,FD,fixed,0.005,v,x_half,1.455658496796186e-06,0.0010372741393685492,712.5806922788038,0.0010359132671928228,completed,0.01
B,FD,fixed,0.005,v,y_half,1.455658496796186e-06,1.1042558708242318e-06,0.7585954214224219,3.667907377269408e-07,completed,0.01
B,FD,fixed,0.005,v,combined,1.455658496796186e-06,0.00026586543629404766,182.64272621579923,0.0002644837110082898,completed,0.01
B,FD,fixed,0.01,u,time_half,2.5557268405806965e-05,8.595901768160275e-13,3.3633883056951294e-08,2.555726925751456e-05,completed,0.01
B,FD,fixed,0.01,u,x_half,2.5557268405806965e-05,58.784504415226145,2300109.0524161607,58.78448568022247,completed,0.01
B,FD,fixed,0.01,u,y_half,2.5557268405806965e-05,1.8105910460674392e-05,0.7084446652585328,7.4937878137282254e-06,completed,0.01
B,FD,fixed,0.01,u,combined,2.5557268405806965e-05,18.650312150989937,729745.91238993,18.679153541573175,completed,0.01
B,FD,fixed,0.01,v,time_half,1.8268504818175213e-05,6.75404177030714e-13,3.6970960883386524e-08,1.8268505476481955e-05,completed,0.01
B,FD,fixed,0.01,v,x_half,1.8268504818175213e-05,64.79173252074487,3546635.762784703,64.79171931543227,completed,0.01
B,FD,fixed,0.01,v,y_half,1.8268504818175213e-05,1.3751684085184181e-05,0.7527536720740672,4.88725210417984e-06,completed,0.01
B,FD,fixed,0.01,v,combined,1.8268504818175213e-05,20.4488088412051,1119347.6994822652,20.548451081764807,completed,0.01
B,FD,minus,0.001,u,time_half,2.0847589282668721e-07,2.4980018054066022e-15,1.1982209412976455e-08,2.084758926046426e-07,completed,0.01
B,FD,minus,0.001,u,x_half,2.0847589282668721e-07,2.180344138569268e-07,1.045849526775673,2.6313021866952724e-07,completed,0.01
B,FD,minus,0.001,u,y_half,2.0847589282668721e-07,1.5345972579079976e-07,0.7361029791505717,1.405721559155637e-07,completed,0.01
B,FD,minus,0.001,u,combined,2.0847589282668721e-07,1.5634864064958418e-07,0.7499602881161991,6.676641478575718e-08,completed,0.01
B,FD,minus,0.001,v,time_half,2.10286759505518e-07,1.4988010832439613e-15,7.127415376832759e-09,2.1028675956102916e-07,completed,0.01
B,FD,minus,0.001,v,x_half,2.10286759505518e-07,2.746294831545981e-07,1.3059761052021526,2.3245385516457162e-07,completed,0.01
B,FD,minus,0.001,v,y_half,2.10286759505518e-07,1.322136764558557e-07,0.6287303906663052,1.6215043380229943e-07,completed,0.01
B,FD,minus,0.001,v,combined,2.10286759505518e-07,1.79748820178502e-07,0.8547795429497087,5.7857361346336234e-08,completed,0.01
B,FD,minus,0.002,u,time_half,4.169983746082906e-07,7.105427357601002e-15,1.703946055970966e-08,4.1699837444175714e-07,completed,0.01
B,FD,minus,0.002,u,x_half,4.169983746082906e-07,1.706128312073396e-06,4.09145074888135,1.8666515521070792e-06,completed,0.01
B,FD,minus,0.002,u,y_half,4.169983746082906e-07,3.0691272926610576e-07,0.736004617654459,1.402777572434566e-07,completed,0.01
B,FD,minus,0.002,u,combined,4.169983746082906e-07,5.631310073492693e-07,1.3504393341538778,4.826897371801309e-07,completed,0.01
B,FD,minus,0.002,v,time_half,3.991546249637601e-07,3.941291737419306e-15,9.874097632658377e-09,3.9915462601847196e-07,completed,0.01
B,FD,minus,0.002,v,x_half,3.991546249637601e-07,1.3069367557072553e-06,3.2742618373165895,1.3553912387442857e-06,completed,0.01
B,FD,minus,0.002,v,y_half,3.991546249637601e-07,2.760539467942747e-07,0.6915965130539027,1.5436903449961292e-07,completed,0.01
B,FD,minus,0.002,v,combined,3.991546249637601e-07,5.049459231992546e-07,1.2650383876802116,3.36149157620369e-07,completed,0.01
B,FD,minus,0.005,u,time_half,1.7901247821305866e-06,4.629630012686903e-14,2.5862051958058304e-08,1.7901248248186619e-06,completed,0.01
B,FD,minus,0.005,u,x_half,1.7901247821305866e-06,0.0009956077161559773,556.1666572600689,0.0009939593099691502,completed,0.01
B,FD,minus,0.005,u,y_half,1.7901247821305866e-06,1.3381687225727942e-06,0.7475281812366849,4.5363373940565666e-07,completed,0.01
B,FD,minus,0.005,u,combined,1.7901247821305866e-06,0.00026725761254758006,149.29552130410318,0.0002660738022053355,completed,0.01
B,FD,minus,0.005,v,time_half,1.4046788675559085e-06,3.11972669919669e-14,2.2209536793451614e-08,1.4046788899269025e-06,completed,0.01
B,FD,minus,0.005,v,x_half,1.4046788675559085e-06,0.0007832225816229443,557.581237757014,0.0007818944897606261,completed,0.01
B,FD,minus,0.005,v,y_half,1.4046788675559085e-06,1.069212649318434e-06,0.7611794225813522,3.5789714952771945e-07,completed,0.01
B,FD,minus,0.005,v,combined,1.4046788675559085e-06,0.00019969963178870502,142.16746361122048,0.00019830638813428392,completed,0.01
B,FD,minus,0.01,u,time_half,2.24870052430437e-05,7.411848912397545e-13,3.296058693582767e-08,2.2487005980453834e-05,completed,0.01
B,FD,minus,0.01,u,x_half,2.24870052430437e-05,28.354733522372037,1260938.6272608934,28.354716562125482,completed,0.01
B,FD,minus,0.01,u,y_half,2.24870052430437e-05,1.6273758918625837e-05,0.7236961410706338,6.2592244614023684e-06,completed,0.01
B,FD,minus,0.01,u,combined,2.24870052430437e-05,9.905194935988845,440485.2860099276,9.909965658871668,completed,0.01
B,FD,minus,0.01,v,time_half,1.5883515011305693e-05,5.88418203051333e-13,3.7045842978239015e-08,1.5883515579961927e-05,completed,0.01
B,FD,minus,0.01,v,x_half,1.5883515011305693e-05,29.953019366685304,1885792.8704927787,29.953005993826164,completed,0.01
B,FD,minus,0.01,v,y_half,1.5883515011305693e-05,1.2271402692706591e-05,0.7725873450537841,4.073215517430562e-06,completed,0.01
B,FD,minus,0.01,v,combined,1.5883515011305693e-05,10.288092929607553,647721.4220079506,10.367716018386826,completed,0.01
B,FD,plus,0.001,u,time_half,2.0861696042873135e-07,2.942091015256665e-15,1.4102837128919607e-08,2.0861696042873135e-07,completed,0.01
B,FD,plus,0.001,u,x_half,2.0861696042873135e-07,2.3091946954600928e-07,1.1069065001783354,2.8034551247113626e-07,stopped,0.0085625
B,FD,plus,0.001,u,y_half,2.0861696042873135e-07,1.5344361754804161e-07,0.7355280090012706,1.2485115308269457e-07,completed,0.01
B,FD,plus,0.001,u,combined,2.0861696042873135e-07,1.564865193179773e-07,0.7501140798733712,7.136490060011269e-08,stopped,0.00915
B,FD,plus,0.001,v,time_half,2.0574571729659041e-07,1.609823385706477e-15,7.824334848175014e-09,2.0574571768516847e-07,completed,0.01
B,FD,plus,0.001,v,x_half,2.0574571729659041e-07,2.6782942780245733e-07,1.3017497098924826,2.4112385471619646e-07,stopped,0.0085625
B,FD,plus,0.001,v,y_half,2.0574571729659041e-07,1.3250802146904114e-07,0.6440378113826093,1.4324556890654705e-07,completed,0.01
B,FD,plus,0.001,v,combined,2.0574571729659041e-07,1.7579213503684022e-07,0.8544145528114642,6.007362296500673e-08,stopped,0.00915
B,FD,plus,0.002,u,time_half,4.1729264493861606e-07,8.326672684688674e-15,1.995403653930572e-08,4.1729264504963837e-07,completed,0.01
B,FD,plus,0.002,u,x_half,4.1729264493861606e-07,2.0310501875342446e-06,4.867208210278935,2.2091853167371944e-06,stopped,0.0085625
B,FD,plus,0.002,u,y_half,4.1729264493861606e-07,3.068824432119787e-07,0.7354130175410143,1.2491068884790124e-07,completed,0.01
B,FD,plus,0.002,u,combined,4.1729264493861606e-07,6.497099227181231e-07,1.5569647119318284,5.721706752281897e-07,stopped,0.00915
B,FD,plus,0.002,v,time_half,3.952448896504812e-07,4.163336342344337e-15,1.0533561473814411e-08,3.9524489053865963e-07,completed,0.01
B,FD,plus,0.002,v,x_half,3.952448896504812e-07,1.530627590229372e-06,3.872605643511091,1.604135760724379e-06,stopped,0.0085625
B,FD,plus,0.002,v,y_half,3.952448896504812e-07,2.7816175130668823e-07,0.7037706459726002,1.3360431638798076e-07,completed,0.01
B,FD,plus,0.002,v,combined,3.952448896504812e-07,5.61234735908295e-07,1.4199670902882517,3.992315892875631e-07,stopped,0.00915
B,FD,plus,0.005,u,time_half,1.9676720027228534e-06,5.762057497804562e-14,2.9283628012346875e-08,1.96767205801196e-06,completed,0.01
B,FD,plus,0.005,u,x_half,1.9676720027228534e-06,0.0017415610276356186,885.0870598482147,0.001739826861279714,stopped,0.0085625
B,FD,plus,0.005,u,y_half,1.9676720027228534e-06,1.4576099350636738e-06,0.7407789169366853,5.118408580861988e-07,completed,0.01
B,FD,plus,0.005,u,combined,1.9676720027228534e-06,0.0004680386192756135,237.86414535956413,0.0004665491630579388,stopped,0.00915
B,FD,plus,0.005,v,time_half,1.5069364561748344e-06,3.93574062229618e-14,2.611749557301543e-08,1.506936485762278e-06,completed,0.01
B,FD,plus,0.005,v,x_half,1.5069364561748344e-06,0.0014031732295587407,931.1429316140619,0.0014017784196140859,stopped,0.0085625
B,FD,plus,0.005,v,y_half,1.5069364561748344e-06,1.146419660480026e-06,0.7607617798231956,3.757388610803325e-07,completed,0.01
B,FD,plus,0.005,v,combined,1.5069364561748344e-06,0.0003588689822831366,238.14473451261483,0.0003577150696726372,stopped,0.00915
B,FD,plus,0.01,u,time_half,2.8494193986761118e-05,1.0577649867116179e-12,3.7122123447431896e-08,2.8494195030537295e-05,completed,0.01
B,FD,plus,0.01,u,x_half,2.8494193986761118e-05,,,,stopped,0.0085625
B,FD,plus,0.01,u,y_half,2.8494193986761118e-05,2.0418713406439755e-05,0.7165920684026589,8.130065861006175e-06,completed,0.01
B,FD,plus,0.01,u,combined,2.8494193986761118e-05,,,,stopped,0.00915
B,FD,plus,0.01,v,time_half,2.0602482002529676e-05,8.484324354185446e-13,4.1181078828966815e-08,2.0602482811660217e-05,completed,0.01
B,FD,plus,0.01,v,x_half,2.0602482002529676e-05,,,,stopped,0.0085625
B,FD,plus,0.01,v,y_half,2.0602482002529676e-05,1.5606250957824125e-05,0.7574937308964964,5.315041660958197e-06,completed,0.01
B,FD,plus,0.01,v,combined,2.0602482002529676e-05,,,,stopped,0.00915
B,FD,zero,0.001,u,time_half,2.0843070031029143e-07,2.942091015256665e-15,1.4115439860235392e-08,2.0843070036580258e-07,completed,0.01
B,FD,zero,0.001,u,x_half,2.0843070031029143e-07,2.2415524131291775e-07,1.0754425378757406,2.7158168330876364e-07,stopped,0.0091
B,FD,zero,0.001,u,y_half,2.0843070031029143e-07,1.5345164878228901e-07,0.7362238314885718,1.3248560437606471e-07,completed,0.01
B,FD,zero,0.001,u,combined,2.0843070031029143e-07,1.5636862583511665e-07,0.7502187806418642,6.903228833010644e-08,stopped,0.0097125
B,FD,zero,0.001,v,time_half,2.080628732081813e-07,1.3322676295501878e-15,6.403197307657873e-09,2.080628737632928e-07,completed,0.01
B,FD,zero,0.001,v,x_half,2.080628732081813e-07,2.6989412238442867e-07,1.2971757922153702,2.3659572018219777e-07,stopped,0.0091
B,FD,zero,0.001,v,y_half,2.080628732081813e-07,1.3237777119418674e-07,0.636239273028464,1.5233975564354907e-07,completed,0.01
B,FD,zero,0.001,v,combined,2.080628732081813e-07,1.7752574554375126e-07,0.8532312507581518,5.8971013794373306e-08,stopped,0.0097125
B,FD,zero,0.002,u,time_half,4.171254547324921e-07,7.882583474838611e-15,1.8897392583950105e-08,4.171254547880032e-07,completed,0.01
B,FD,zero,0.002,u,x_half,4.171254547324921e-07,1.8592535304118307e-06,4.457300577842208,2.0286497255384006e-06,stopped,0.0091
B,FD,zero,0.002,u,y_half,4.171254547324921e-07,3.06897015841173e-07,0.7357427180702506,1.3227169981533393e-07,completed,0.01
B,FD,zero,0.002,u,combined,4.171254547324921e-07,6.032148626727055e-07,1.4461233564840943,5.250514777399573e-07,stopped,0.0097125
B,FD,zero,0.002,v,time_half,3.9732867501696134e-07,3.9968028886505635e-15,1.0059185606173393e-08,3.973286766822959e-07,completed,0.01
B,FD,zero,0.002,v,x_half,3.9732867501696134e-07,1.4112122561638074e-06,3.551750338944364,1.472838803029397e-06,stopped,0.0091
B,FD,zero,0.002,v,y_half,3.9732867501696134e-07,2.770146013648465e-07,0.6971925732594587,1.436854257796938e-07,completed,0.01
B,FD,zero,0.002,v,combined,3.9732867501696134e-07,5.322751518505068e-07,1.339634376571952,3.6588331059350665e-07,stopped,0.0097125
B,FD,zero,0.005,u,time_half,1.874406267976525e-06,5.168088179630104e-14,2.7571867785147785e-08,1.8744063180475834e-06,completed,0.01
B,FD,zero,0.005,u,x_half,1.874406267976525e-06,0.0013154500718641216,701.7956002058121,0.0013137585250031503,stopped,0.0091
B,FD,zero,0.005,u,y_half,1.874406267976525e-06,1.395076257557726e-06,0.7442763510728924,4.81069859836758e-07,completed,0.01
B,FD,zero,0.005,u,combined,1.874406267976525e-06,0.00035333137584992336,188.5030912915985,0.00035204175414410566,stopped,0.0097125
B,FD,zero,0.005,v,time_half,1.4527332122260539e-06,3.441691376337985e-14,2.3691145403526698e-08,1.4527332377611835e-06,completed,0.01
B,FD,zero,0.005,v,x_half,1.4527332122260539e-06,0.0010470798293376604,720.7653962376187,0.0010457180453029569,stopped,0.0091
B,FD,zero,0.005,v,y_half,1.4527332122260539e-06,1.10673837211863e-06,0.7618318097255802,3.652441520896055e-07,completed,0.01
B,FD,zero,0.005,v,combined,1.4527332122260539e-06,0.00026741358848085946,184.07618565496685,0.0002660164728247594,stopped,0.0097125
B,FD,zero,0.01,u,time_half,2.5296311255140758e-05,8.874567747341189e-13,3.508245790396687e-08,2.5296312134603927e-05,completed,0.01
B,FD,zero,0.01,u,x_half,2.5296311255140758e-05,,,,stopped,0.0091
B,FD,zero,0.01,u,y_half,2.5296311255140758e-05,1.8202163224607204e-05,0.719558003576831,7.137815368540856e-06,completed,0.01
B,FD,zero,0.01,u,combined,2.5296311255140758e-05,,,,stopped,0.0097125
B,FD,zero,0.01,v,time_half,1.807849326251887e-05,6.875611191503594e-13,3.803199244352081e-08,1.8078493921047656e-05,completed,0.01
B,FD,zero,0.01,v,x_half,1.807849326251887e-05,,,,stopped,0.0091
B,FD,zero,0.01,v,y_half,1.807849326251887e-05,1.3815954232593355e-05,0.7642204486829222,4.646733453517182e-06,completed,0.01
B,FD,zero,0.01,v,combined,1.807849326251887e-05,,,,stopped,0.0097125
B,SD,fixed,0.001,u,time_half,6.816229682349295e-07,2.886579864025407e-15,4.234862964638998e-09,6.816229683459518e-07,completed,0.01
B,SD,fixed,0.001,u,x_half,6.816229682349295e-07,4.191135425379855e-07,0.6148759095123875,8.072818047377694e-07,stopped,0.0099375
B,SD,fixed,0.001,u,y_half,6.816229682349295e-07,5.095890921740764e-07,0.7476113862384408,1.741517876019394e-07,completed,0.01
B,SD,fixed,0.001,u,combined,6.816229682349295e-07,5.236210601137129e-07,0.7681974999604776,2.0790281080040884e-07,completed,0.01
B,SD,fixed,0.001,v,time_half,3.6818891957501876e-07,2.3314683517128287e-15,6.332261042521108e-09,3.681889195195076e-07,completed,0.01
B,SD,fixed,0.001,v,x_half,3.6818891957501876e-07,3.183725097999357e-07,0.8646987806352686,5.066169610490334e-07,stopped,0.0099375
B,SD,fixed,0.001,v,y_half,3.6818891957501876e-07,2.698279707485395e-07,0.7328519583370077,1.7851149330949667e-07,completed,0.01
B,SD,fixed,0.001,v,combined,3.6818891957501876e-07,3.096837288897268e-07,0.841100077773059,1.2692837964012327e-07,completed,0.01
B,SD,fixed,0.002,u,time_half,1.3593931459943143e-06,7.382983113757291e-15,5.4310874933513685e-09,1.3593931461608477e-06,completed,0.01
B,SD,fixed,0.002,u,x_half,1.3593931459943143e-06,3.898601869833929e-06,2.8678987247521657,4.622753070449015e-06,stopped,0.0099375
B,SD,fixed,0.002,u,y_half,1.3593931459943143e-06,1.0183274141594584e-06,0.749104419983384,3.4969277151741807e-07,completed,0.01
B,SD,fixed,0.002,u,combined,1.3593931459943143e-06,1.7265722396963656e-06,1.2701051530118477,1.1860054296430889e-06,completed,0.01
B,SD,fixed,0.002,v,time_half,7.784188213455501e-07,4.218847493575595e-15,5.419765527101502e-09,7.784188224002619e-07,completed,0.01
B,SD,fixed,0.002,v,x_half,7.784188213455501e-07,2.4670021985251367e-06,3.169247879002662,2.918698334297698e-06,stopped,0.0099375
B,SD,fixed,0.002,v,y_half,7.784188213455501e-07,5.806776320185762e-07,0.7459706986720019,2.2469254618018297e-07,completed,0.01
B,SD,fixed,0.002,v,combined,7.784188213455501e-07,1.096350657766421e-06,1.40843287405526,7.354402373760394e-07,completed,0.01
B,SD,fixed,0.005,u,time_half,4.970284853800244e-06,4.8905324234738146e-14,9.839541529967943e-09,4.970284809058256e-06,completed,0.01
B,SD,fixed,0.005,u,x_half,4.970284853800244e-06,0.002933668594348071,590.2415416100365,0.002928872858839693,stopped,0.0099375
B,SD,fixed,0.005,u,y_half,4.970284853800244e-06,3.7110699645629362e-06,0.7466513637996982,1.2712012963933539e-06,completed,0.01
B,SD,fixed,0.005,u,combined,4.970284853800244e-06,0.0007454543466950344,149.98221804632894,0.0007436562703043159,completed,0.01
B,SD,fixed,0.005,v,time_half,3.1675882508075404e-06,3.169686735304822e-14,1.0006624865137528e-08,3.167588256525189e-06,completed,0.01
B,SD,fixed,0.005,v,x_half,3.1675882508075404e-06,0.00216603941497584,683.8134389542685,0.0021640088892336262,stopped,0.0099375
B,SD,fixed,0.005,v,y_half,3.1675882508075404e-06,2.3458047648752734e-06,0.7405649279944252,8.405465490857189e-07,completed,0.01
B,SD,fixed,0.005,v,combined,3.1675882508075404e-06,0.0005407141382703644,170.7021542754225,0.0005453170349073444,completed,0.01
B,SD,fixed,0.01,u,time_half,5.433509380270429e-05,7.917555500114304e-13,1.4571715894820526e-08,5.43350930177211e-05,completed,0.01
B,SD,fixed,0.01,u,x_half,5.433509380270429e-05,,,,stopped,0.0099375
B,SD,fixed,0.01,u,y_half,5.433509380270429e-05,4.1317794890362196e-05,0.7604255739465712,1.3060252508190207e-05,completed,0.01
B,SD,fixed,0.01,u,combined,5.433509380270429e-05,50.42598871737609,928055.6117281675,50.43838097467127,completed,0.01
B,SD,fixed,0.01,v,time_half,3.841617551453291e-05,6.187272916235997e-13,1.6105905476965922e-08,3.841617489580562e-05,completed,0.01
B,SD,fixed,0.01,v,x_half,3.841617551453291e-05,,,,stopped,0.0099375
B,SD,fixed,0.01,v,y_half,3.841617551453291e-05,2.8037135495554758e-05,0.7298263067584189,1.0795941059404957e-05,completed,0.01
B,SD,fixed,0.01,v,combined,3.841617551453291e-05,49.83355982221451,1297202.5235401785,50.805544265078936,completed,0.01
B,SD,minus,0.001,u,time_half,6.818882751224997e-07,2.7200464103316335e-15,3.9889913194987595e-09,6.818882754000555e-07,completed,0.01
B,SD,minus,0.001,u,x_half,6.818882751224997e-07,4.041132896648314e-07,0.5926385661818768,7.947326137180966e-07,stopped,0.0089875
B,SD,minus,0.001,u,y_half,6.818882751224997e-07,5.095707276324903e-07,0.7472935761227849,1.7457430750988934e-07,completed,0.01
B,SD,minus,0.001,u,combined,6.818882751224997e-07,5.185769606445443e-07,0.760501360067209,2.0452467469622704e-07,stopped,0.009612500000000001
B,SD,minus,0.001,v,time_half,3.691563009167176e-07,7.66053886991358e-15,2.0751478034887486e-08,3.6915630119427334e-07,completed,0.01
B,SD,minus,0.001,v,x_half,3.691563009167176e-07,3.113905063800715e-07,0.8435194133401012,4.960452726909814e-07,stopped,0.0089875
B,SD,minus,0.001,v,y_half,3.691563009167176e-07,2.694712588081119e-07,0.7299652156523943,1.8834058584937807e-07,completed,0.01
B,SD,minus,0.001,v,combined,3.691563009167176e-07,3.085375280344664e-07,0.8357910382899657,1.2441870594903648e-07,stopped,0.009612500000000001
B,SD,minus,0.002,u,time_half,1.3598767288902636e-06,6.661338147750939e-15,4.898486757095232e-09,1.3598767290012859e-06,completed,0.01
B,SD,minus,0.002,u,x_half,1.3598767288902636e-06,3.5729338372925135e-06,2.62739538179187,4.291908169806735e-06,stopped,0.0089875
B,SD,minus,0.002,u,y_half,1.3598767288902636e-06,1.0182586696465902e-06,0.748787480522258,3.4601235626707805e-07,completed,0.01
B,SD,minus,0.002,u,combined,1.3598767288902636e-06,1.6519933940716666e-06,1.2148111361680458,1.1017999648199606e-06,stopped,0.009612500000000001
B,SD,minus,0.002,v,time_half,7.765650639757204e-07,6.8833827526759706e-15,8.863884137969902e-09,7.765650648638989e-07,completed,0.01
B,SD,minus,0.002,v,x_half,7.765650639757204e-07,2.288086158042102e-06,2.946419127237019,2.7327968967205685e-06,stopped,0.0089875
B,SD,minus,0.002,v,y_half,7.765650639757204e-07,5.783093442077898e-07,0.7447017269191379,2.350009352669602e-07,completed,0.01
B,SD,minus,0.002,v,combined,7.765650639757204e-07,1.0471911598019093e-06,1.348491206185204,6.885441921067326e-07,stopped,0.009612500000000001
B,SD,minus,0.005,u,time_half,4.854922675656681e-06,4.3021142204224816e-14,8.861344470003478e-09,4.854922638852788e-06,completed,0.01
B,SD,minus,0.005,u,x_half,4.854922675656681e-06,0.002244031138035729,462.21768871575273,0.002239321558928864,stopped,0.0089875
B,SD,minus,0.005,u,y_half,4.854922675656681e-06,3.610826803600238e-06,0.7437454816130176,1.2527791613536898e-06,completed,0.01
B,SD,minus,0.005,u,combined,4.854922675656681e-06,0.0005721832787749344,117.8563114185007,0.0005699996163672783,stopped,0.009612500000000001
B,SD,minus,0.005,v,time_half,3.0940706619575487e-06,2.808864252301646e-14,9.078216237390458e-09,3.0940706675086638e-06,completed,0.01
B,SD,minus,0.005,v,x_half,3.0940706619575487e-06,0.0016297053320794563,526.7188471540526,0.0016277220857013885,stopped,0.0089875
B,SD,minus,0.005,v,y_half,3.0940706619575487e-06,2.2913369520773064e-06,0.7405574088045,8.183719001908507e-07,completed,0.01
B,SD,minus,0.005,v,combined,3.0940706619575487e-06,0.0004089428482263524,132.16984772016278,0.0004112115839490227,stopped,0.009612500000000001
B,SD,minus,0.01,u,time_half,4.9364409604291115e-05,6.533107388406734e-13,1.3234448544562008e-08,4.9364408954311045e-05,completed,0.01
B,SD,minus,0.01,u,x_half,4.9364409604291115e-05,,,,stopped,0.0089875
B,SD,minus,0.01,u,y_half,4.9364409604291115e-05,3.716740815373814e-05,0.7529191263842702,1.2232084555974243e-05,completed,0.01
B,SD,minus,0.01,u,combined,4.9364409604291115e-05,,,,stopped,0.009612500000000001
B,SD,minus,0.01,v,time_half,3.46682005525345e-05,5.084821452783217e-13,1.466710521960298e-08,3.4668200044052355e-05,completed,0.01
B,SD,minus,0.01,v,x_half,3.46682005525345e-05,,,,stopped,0.0089875
B,SD,minus,0.01,v,y_half,3.46682005525345e-05,2.4930798507774585e-05,0.7191258303122964,1.010554823299703e-05,completed,0.01
B,SD,minus,0.01,v,combined,3.46682005525345e-05,,,,stopped,0.009612500000000001
B,SD,plus,0.001,u,time_half,6.824627220014534e-07,3.0531133177191805e-15,4.473670457435884e-09,6.824627223345203e-07,completed,0.01
B,SD,plus,0.001,u,x_half,6.824627220014534e-07,4.2685940510045484e-07,0.6254691887765055,8.20766291098618e-07,stopped,0.0069500000000000004
B,SD,plus,0.001,u,y_half,6.824627220014534e-07,5.095763447739559e-07,0.7466727900969083,1.75119042600258e-07,completed,0.01
B,SD,plus,0.001,u,combined,6.824627220014534e-07,5.255633850916176e-07,0.7700983044909789,2.1118447957046982e-07,stopped,0.007575
B,SD,plus,0.001,v,time_half,3.7005041814142103e-07,6.994405055138486e-15,1.8901221866652387e-08,3.7005041836346564e-07,completed,0.01
B,SD,plus,0.001,v,x_half,3.7005041814142103e-07,3.0150972535336606e-07,0.8147801233888594,4.846619809928399e-07,stopped,0.0069500000000000004
B,SD,plus,0.001,v,y_half,3.7005041814142103e-07,2.6894123695231275e-07,0.7267691745980741,1.6945145053792743e-07,completed,0.01
B,SD,plus,0.001,v,combined,3.7005041814142103e-07,3.0748522830346005e-07,0.8309279309770956,1.21621128890137e-07,stopped,0.007575
B,SD,plus,0.002,u,time_half,1.3612755835890056e-06,8.271161533457416e-15,6.07603752919044e-09,1.3612755834779833e-06,completed,0.01
B,SD,plus,0.002,u,x_half,1.3612755835890056e-06,4.293220938922371e-06,3.153822040650495,5.031502497032658e-06,stopped,0.0069500000000000004
B,SD,plus,0.002,u,y_half,1.3612755835890056e-06,1.0183711373427005e-06,0.7481006415010861,3.4738632376241085e-07,completed,0.01
B,SD,plus,0.002,u,combined,1.3612755835890056e-06,1.820250333305509e-06,1.3371651965624887,1.2909082440781816e-06,stopped,0.007575
B,SD,plus,0.002,v,time_half,7.730675771200346e-07,8.43769498715119e-15,1.0914563276065405e-08,7.730675774531015e-07,completed,0.01
B,SD,plus,0.002,v,x_half,7.730675771200346e-07,2.718239648979992e-06,3.5161733972939984,3.0863602596964412e-06,stopped,0.0069500000000000004
B,SD,plus,0.002,v,y_half,7.730675771200346e-07,5.742696245517102e-07,0.7428453107438279,2.1731428129223573e-07,completed,0.01
B,SD,plus,0.002,v,combined,7.730675771200346e-07,9.809456456531595e-07,1.2689002548878694,7.781713982635274e-07,stopped,0.007575
B,SD,plus,0.005,u,time_half,5.154568891885258e-06,5.739853037312059e-14,1.1135466724187552e-08,5.154568840093354e-06,completed,0.01
B,SD,plus,0.005,u,x_half,5.154568891885258e-06,0.003947095335962492,765.746936116487,0.0039422025589714305,stopped,0.0069500000000000004
B,SD,plus,0.005,u,y_half,5.154568891885258e-06,3.843849546455235e-06,0.7457169798441409,1.3201283416419685e-06,completed,0.01
B,SD,plus,0.005,u,combined,5.154568891885258e-06,0.0010021039158735914,194.41081046587328,0.0010008152588565356,stopped,0.007575
B,SD,plus,0.005,v,time_half,2.9714701256233766e-06,3.863576125695545e-14,1.3002237822885787e-08,2.971470130952447e-06,completed,0.01
B,SD,plus,0.005,v,x_half,2.9714701256233766e-06,0.002958914157208614,995.7744927985341,0.002956817738321016,stopped,0.0069500000000000004
B,SD,plus,0.005,v,y_half,2.9714701256233766e-06,2.1945665104967357e-06,0.7385457089313134,7.934371968887355e-07,completed,0.01
B,SD,plus,0.005,v,combined,2.9714701256233766e-06,0.0007369926791662575,248.02291391425175,0.000744958780777849,stopped,0.007575
B,SD,plus,0.01,u,time_half,6.155061380869187e-05,9.864331573794516e-13,1.602637400896484e-08,6.155061283541485e-05,completed,0.01
B,SD,plus,0.01,u,x_half,6.155061380869187e-05,,,,stopped,0.0069500000000000004
B,SD,plus,0.01,u,y_half,6.155061380869187e-05,4.655616361994864e-05,0.7563882915067568,1.5044649221696016e-05,completed,0.01
B,SD,plus,0.01,u,combined,6.155061380869187e-05,,,,stopped,0.007575
B,SD,plus,0.01,v,time_half,4.3721233468796417e-05,7.970291093783999e-13,1.822979468196465e-08,4.3721232672711e-05,completed,0.01
B,SD,plus,0.01,v,x_half,4.3721233468796417e-05,,,,stopped,0.0069500000000000004
B,SD,plus,0.01,v,y_half,4.3721233468796417e-05,3.197121765132829e-05,0.7312515021824798,1.2181981958181431e-05,completed,0.01
B,SD,plus,0.01,v,combined,4.3721233468796417e-05,,,,stopped,0.007575
B,SD,zero,0.001,u,time_half,6.82179089495083e-07,3.164135620181696e-15,4.6382770578963965e-09,6.821790898281499e-07,completed,0.01
B,SD,zero,0.001,u,x_half,6.82179089495083e-07,4.070630184038748e-07,0.5967099031211347,8.076557864722389e-07,stopped,0.007425
B,SD,zero,0.001,u,y_half,6.82179089495083e-07,5.095729273164108e-07,0.7469782278046264,1.74827435472924e-07,completed,0.01
B,SD,zero,0.001,u,combined,6.82179089495083e-07,5.221295638607291e-07,0.7653848848506701,2.0782649173822776e-07,stopped,0.008075
B,SD,zero,0.001,v,time_half,3.6962532773410217e-07,7.216449660063518e-15,1.9523688228569726e-08,3.696253277896133e-07,completed,0.01
B,SD,zero,0.001,v,x_half,3.6962532773410217e-07,3.063385983770317e-07,0.8287814048213786,4.903796723132459e-07,stopped,0.007425
B,SD,zero,0.001,v,y_half,3.6962532773410217e-07,2.692269623232524e-07,0.7283780144983099,1.7858134387926938e-07,completed,0.01
B,SD,zero,0.001,v,combined,3.6962532773410217e-07,3.080643202095876e-07,0.8334502456801341,1.2302642216077686e-07,stopped,0.008075
B,SD,zero,0.002,u,time_half,1.3605589661014328e-06,7.494005416219807e-15,5.508034273364313e-09,1.3605589664344997e-06,completed,0.01
B,SD,zero,0.002,u,x_half,1.3605589661014328e-06,3.913092330054546e-06,2.876091685513038,4.6413448359095e-06,stopped,0.007425
B,SD,zero,0.002,u,y_half,1.3605589661014328e-06,1.0183093849246112e-06,0.7484492846660598,3.4668459075737346e-07,completed,0.01
B,SD,zero,0.002,u,combined,1.3605589661014328e-06,1.732543793754327e-06,1.2734058845819711,1.1911062581249077e-06,stopped,0.008075
B,SD,zero,0.002,v,time_half,7.743502615786824e-07,7.882583474838611e-15,1.0179609752785827e-08,7.743502620227716e-07,completed,0.01
B,SD,zero,0.002,v,x_half,7.743502615786824e-07,2.448462194715173e-06,3.1619569543677137,2.8185925662338462e-06,stopped,0.007425
B,SD,zero,0.002,v,y_half,7.743502615786824e-07,5.763469642487214e-07,0.7442975005570632,2.2576667429996533e-07,completed,0.01
B,SD,zero,0.002,v,combined,7.743502615786824e-07,1.0135323070458888e-06,1.3088809513405233,7.118455335186624e-07,stopped,0.008075
B,SD,zero,0.005,u,time_half,4.994912682854125e-06,5.040412531798211e-14,1.0091092381054572e-08,4.994912636779869e-06,completed,0.01
B,SD,zero,0.005,u,x_half,4.994912682854125e-06,0.002972121222717339,595.0296654673551,0.0029673211303530844,stopped,0.007425
B,SD,zero,0.005,u,y_half,4.994912682854125e-06,3.7195615463785098e-06,0.7446699837509729,1.284418762348416e-06,completed,0.01
B,SD,zero,0.005,u,combined,4.994912682854125e-06,0.0007560927231957147,151.3725606838193,0.000754331229290861,stopped,0.008075
B,SD,zero,0.005,v,time_half,3.0321293991719678e-06,3.36952687973735e-14,1.111274103492259e-08,3.032129403668371e-06,completed,0.01
B,SD,zero,0.005,v,x_half,3.0321293991719678e-06,0.002192370024607704,723.0463268508295,0.0021903315972086057,stopped,0.007425
B,SD,zero,0.005,v,y_half,3.0321293991719678e-06,2.242574055613432e-06,0.7396036779386288,8.048014460415587e-07,completed,0.01
B,SD,zero,0.005,v,combined,3.0321293991719678e-06,0.0005480051395922163,180.73276811400888,0.0005525489799437233,stopped,0.008075
B,SD,zero,0.01,u,time_half,5.5016342924818495e-05,8.156808561921025e-13,1.4826155517220678e-08,5.5016342116687156e-05,completed,0.01
B,SD,zero,0.01,u,x_half,5.5016342924818495e-05,,,,stopped,0.007425
B,SD,zero,0.01,u,y_half,5.5016342924818495e-05,4.1533143640681527e-05,0.7549237450667673,1.3525379502998813e-05,completed,0.01
B,SD,zero,0.01,u,combined,5.5016342924818495e-05,,,,stopped,0.008075
B,SD,zero,0.01,v,time_half,3.884853604746441e-05,6.515898931525044e-13,1.6772572648719737e-08,3.884853539587452e-05,completed,0.01
B,SD,zero,0.01,v,x_half,3.884853604746441e-05,,,,stopped,0.007425
B,SD,zero,0.01,v,y_half,3.884853604746441e-05,2.8186299788855037e-05,0.7255434221361018,1.1060123844552905e-05,completed,0.01
B,SD,zero,0.01,v,combined,3.884853604746441e-05,,,,stopped,0.008075
C,FD,fixed,0.001,u,time_half,2.8024980569529845e-07,5.440092820663267e-15,1.9411584629528725e-08,2.8024980558427615e-07,completed,0.01
C,FD,fixed,0.001,u,x_half,2.8024980569529845e-07,3.122152837931047e-07,1.1140606610538053,3.8468787105783164e-07,completed,0.01
C,FD,fixed,0.001,u,y_half,2.8024980569529845e-07,2.0106369774270236e-07,0.71744455716522,2.5864597330560457e-07,completed,0.01
C,FD,fixed,0.001,u,combined,2.8024980569529845e-07,2.492883511522128e-07,0.889521941090127,9.74376277995681e-08,completed,0.01
C,FD,fixed,0.001,v,time_half,2.889599597377668e-07,3.1086244689504383e-15,1.0757976543779758e-08,2.889599604039006e-07,completed,0.01
C,FD,fixed,0.001,v,x_half,2.889599597377668e-07,4.0172486281964126e-07,1.3902440434453598,3.151794256694984e-07,completed,0.01
C,FD,fixed,0.001,v,y_half,2.889599597377668e-07,1.7872469450343454e-07,0.6185102415768208,2.690231902802154e-07,completed,0.01
C,FD,fixed,0.001,v,combined,2.889599597377668e-07,2.704395592153847e-07,0.9359066891510178,7.842450866490935e-08,completed,0.01
C,FD,fixed,0.002,u,time_half,5.607473302915444e-07,1.4099832412739488e-14,2.5144716079894103e-08,5.607473303470556e-07,completed,0.01
C,FD,fixed,0.002,u,x_half,5.607473302915444e-07,2.5832956074278712e-06,4.606879904510221,2.834657975181454e-06,completed,0.01
C,FD,fixed,0.002,u,y_half,5.607473302915444e-07,4.0209778446109937e-07,0.7170748084561369,2.558073570746444e-07,completed,0.01
C,FD,fixed,0.002,u,combined,5.607473302915444e-07,8.580642409619359e-07,1.5302154724763648,7.355592481772533e-07,completed,0.01
C,FD,fixed,0.002,v,time_half,5.390195373378148e-07,7.993605777301127e-15,1.4829899889679448e-08,5.390195390031494e-07,completed,0.01
C,FD,fixed,0.002,v,x_half,5.390195373378148e-07,1.877340454092824e-06,3.4828801630547495,1.9355651852404065e-06,completed,0.01
C,FD,fixed,0.002,v,y_half,5.390195373378148e-07,3.7372267255318657e-07,0.6933378971734131,2.5945389769965743e-07,completed,0.01
C,FD,fixed,0.002,v,combined,5.390195373378148e-07,7.324323665742149e-07,1.3588234114697484,4.837457110440369e-07,completed,0.01
C,FD,fixed,0.005,u,time_half,2.7276423110178527e-06,9.625633623500107e-14,3.528920776972471e-08,2.727642404332098e-06,completed,0.01
C,FD,fixed,0.005,u,x_half,2.7276423110178527e-06,0.0018582460247778543,681.2645548398269,0.001855833523912831,completed,0.01
C,FD,fixed,0.005,u,y_half,2.7276423110178527e-06,1.968121728873538e-06,0.7215468541911236,7.650011796256351e-07,completed,0.01
C,FD,fixed,0.005,u,combined,2.7276423110178527e-06,0.000502361028622691,184.174085653932,0.0005018734668228997,completed,0.01
C,FD,fixed,0.005,v,time_half,1.980877781249113e-06,6.106226635438361e-14,3.082586262130651e-08,1.980877824547811e-06,completed,0.01
C,FD,fixed,0.005,v,x_half,1.980877781249113e-06,0.0013748558744659523,694.0639586552321,0.0013730377474506783,completed,0.01
C,FD,fixed,0.005,v,y_half,1.980877781249113e-06,1.4672470039688236e-06,0.7407054679787457,5.294236500308358e-07,completed,0.01
C,FD,fixed,0.005,v,combined,1.980877781249113e-06,0.0003552112972152328,179.32014815736974,0.00035355595961350517,completed,0.01
C,FD,fixed,0.01,u,time_half,3.7957784784714566e-05,1.661504267502778e-12,4.3772424469087e-08,3.7957786432840646e-05,completed,0.01
C,FD,fixed,0.01,u,x_half,3.7957784784714566e-05,80.6294944209626,2124188.6184420264,80.62946354111446,completed,0.01
C,FD,fixed,0.01,u,y_half,3.7957784784714566e-05,2.575880277292892e-05,0.6786171247617664,1.235078163380754e-05,completed,0.01
C,FD,fixed,0.01,u,combined,3.7957784784714566e-05,26.463864647211654,697192.019958671,26.476883049361735,completed,0.01
C,FD,fixed,0.01,v,time_half,2.5118080949737553e-05,1.2244649738590851e-12,4.8748348900909126e-08,2.5118081965369576e-05,completed,0.01
C,FD,fixed,0.01,v,x_half,2.5118080949737553e-05,84.05158093155654,3346258.064051456,84.05156107962594,completed,0.01
C,FD,fixed,0.01,v,y_half,2.5118080949737553e-05,1.7974773301682113e-05,0.7156109313307203,7.913331491082864e-06,completed,0.01
C,FD,fixed,0.01,v,combined,2.5118080949737553e-05,26.361728054253255,1049512.0270933236,26.43945143993946,completed,0.01
C,FD,minus,0.001,u,time_half,2.7732205420960554e-07,5.10702591327572e-15,1.8415505855930693e-08,2.7732205432062784e-07,completed,0.01
C,FD,minus,0.001,u,x_half,2.7732205420960554e-07,3.0866902794857154e-07,1.1130345504915138,3.752652892319297e-07,completed,0.01
C,FD,minus,0.001,u,y_half,2.7732205420960554e-07,2.0112175179101105e-07,0.7252281192140573,2.708917091753804e-07,completed,0.01
C,FD,minus,0.001,u,combined,2.7732205420960554e-07,2.6084510561718504e-07,0.940585509366064,9.492313263192997e-08,completed,0.01
C,FD,minus,0.001,v,time_half,2.931912116421742e-07,2.7755575615628914e-15,9.466714728647208e-09,2.93191212308308e-07,completed,0.01
C,FD,minus,0.001,v,x_half,2.931912116421742e-07,4.1216970236845896e-07,1.4058051060257981,3.110260936578513e-07,completed,0.01
C,FD,minus,0.001,v,y_half,2.931912116421742e-07,1.7860987953389754e-07,0.6091924738586036,2.8524990269840345e-07,completed,0.01
C,FD,minus,0.001,v,combined,2.931912116421742e-07,2.8528416567262197e-07,0.9730310948774195,7.749303643223016e-08,completed,0.01
C,FD,minus,0.002,u,time_half,5.55103556509895e-07,1.2823075934420558e-14,2.3100331071634885e-08,5.551035558992723e-07,completed,0.01
C,FD,minus,0.002,u,x_half,5.55103556509895e-07,2.419334593273259e-06,4.358348212510747,2.6498320855328217e-06,completed,0.01
C,FD,minus,0.002,u,y_half,5.55103556509895e-07,4.022097521686737e-07,0.7245670604193006,2.684385431717118e-07,completed,0.01
C,FD,minus,0.002,u,combined,5.55103556509895e-07,8.069603460772239e-07,1.4537113600043012,6.85470932848542e-07,completed,0.01
C,FD,minus,0.002,v,time_half,5.458516967316029e-07,7.216449660063518e-15,1.322053169986182e-08,5.458516985079598e-07,completed,0.01
C,FD,minus,0.002,v,x_half,5.458516967316029e-07,1.7728593439958473e-06,3.24787731651509,1.8119791140858155e-06,completed,0.01
C,FD,minus,0.002,v,y_half,5.458516967316029e-07,3.726046214998864e-07,0.6826114560620251,2.782999574124645e-07,completed,0.01
C,FD,minus,0.002,v,combined,5.458516967316029e-07,6.957178835626265e-07,1.274554769598368,4.50581165489794e-07,completed,0.01
C,FD,minus,0.005,u,time_half,2.569302091526282e-06,8.892886427247504e-14,3.461207016713525e-08,2.5693021735717636e-06,completed,0.01
C,FD,minus,0.005,u,x_half,2.569302091526282e-06,0.0014742745822081682,573.8035192788024,0.0014719112031672532,completed,0.01
C,FD,minus,0.005,u,y_half,2.569302091526282e-06,1.908558129550581e-06,0.7428313454634721,6.655518021703166e-07,completed,0.01
C,FD,minus,0.005,u,combined,2.569302091526282e-06,0.000395376597131024,153.8848228221199,0.00039479217163690405,completed,0.01
C,FD,minus,0.005,v,time_half,1.9066505625442431e-06,5.67323965583455e-14,2.975500475695008e-08,1.9066506042886289e-06,completed,0.01
C,FD,minus,0.005,v,x_half,1.9066505625442431e-06,0.0010808575291104683,566.8881075241009,0.0010790802772417951,completed,0.01
C,FD,minus,0.005,v,y_half,1.9066505625442431e-06,1.4298299455897227e-06,0.7499171445877063,5.013527921704508e-07,completed,0.01
C,FD,minus,0.005,v,combined,1.9066505625442431e-06,0.0002765257492845999,145.0322123607184,0.0002751503459744731,completed,0.01
C,FD,minus,0.01,u,time_half,3.317001262898023e-05,1.4458989561205726e-12,4.359054584312424e-08,3.317001406760722e-05,completed,0.01
C,FD,minus,0.01,u,x_half,3.317001262898023e-05,41.656683620467284,1255853.716017954,41.65665440697949,completed,0.01
C,FD,minus,0.01,u,y_half,3.317001262898023e-05,2.349675799803714e-05,0.7083735017184863,9.796291166097593e-06,completed,0.01
C,FD,minus,0.01,u,combined,3.317001262898023e-05,14.622628244914763,440838.79040007223,14.641165037768928,completed,0.01
C,FD,minus,0.01,v,time_half,2.1862911693038e-05,1.0740297540223764e-12,4.9125650284009936e-08,2.1862912603642926e-05,completed,0.01
C,FD,minus,0.01,v,x_half,2.1862911693038e-05,39.941174272698134,1826891.8080759095,39.941156541787755,completed,0.01
C,FD,minus,0.01,v,y_half,2.1862911693038e-05,1.6310898683428487e-05,0.7460533579624945,6.524211824676662e-06,completed,0.01
C,FD,minus,0.01,v,combined,2.1862911693038e-05,13.859635162113232,633933.6386985764,13.842939476015015,completed,0.01
C,FD,plus,0.001,u,time_half,2.7707520666719887e-07,6.994405055138486e-15,2.5243705993295966e-08,2.770752063896431e-07,completed,0.01
C,FD,plus,0.001,u,x_half,2.7707520666719887e-07,3.300588515831038e-07,1.1912247781142855,4.049765306990416e-07,stopped,0.008275000000000001
C,FD,plus,0.001,u,y_half,2.7707520666719887e-07,2.0108841394814118e-07,0.7257539076373329,2.344979674884229e-07,completed,0.01
C,FD,plus,0.001,u,combined,2.7707520666719887e-07,2.2586764757444338e-07,0.8151853436880695,1.0287979113066115e-07,stopped,0.00885
C,FD,plus,0.001,v,time_half,2.8263165896547093e-07,2.9976021664879227e-15,1.0606038182205692e-08,2.8263165929853784e-07,completed,0.01
C,FD,plus,0.001,v,x_half,2.8263165896547093e-07,3.913479945660825e-07,1.3846573168715448,3.263255189400738e-07,stopped,0.008275000000000001
C,FD,plus,0.001,v,y_half,2.8263165896547093e-07,1.7893724610844105e-07,0.6331111198349573,2.450556142452598e-07,completed,0.01
C,FD,plus,0.001,v,combined,2.8263165896547093e-07,2.4686583273718453e-07,0.8734542819470344,8.103133197767676e-08,stopped,0.00885
C,FD,plus,0.002,u,time_half,5.542754977216902e-07,1.6209256159527285e-14,2.9244042405183478e-08,5.54275497666179e-07,completed,0.01
C,FD,plus,0.002,u,x_half,5.542754977216902e-07,2.999621283750198e-06,5.411787632828669,3.2636809003672163e-06,stopped,0.008275000000000001
C,FD,plus,0.002,u,y_half,5.542754977216902e-07,4.021462905795332e-07,0.72553503128413,2.3227591883223653e-07,completed,0.01
C,FD,plus,0.002,u,combined,5.542754977216902e-07,9.698708211649802e-07,1.7497991976040161,8.459779738956286e-07,stopped,0.00885
C,FD,plus,0.002,v,time_half,5.364427346776779e-07,8.770761894538737e-15,1.634985680215924e-08,5.364427371201685e-07,completed,0.01
C,FD,plus,0.002,v,x_half,5.364427346776779e-07,2.144323742903076e-06,3.997302236167845,2.2226346891862647e-06,stopped,0.008275000000000001
C,FD,plus,0.002,v,y_half,5.364427346776779e-07,3.7616800484596576e-07,0.7012267676101284,2.355274680843067e-07,completed,0.01
C,FD,plus,0.002,v,combined,5.364427346776779e-07,7.890753959767819e-07,1.470940596205294,5.562626947952509e-07,stopped,0.00885
C,FD,plus,0.005,u,time_half,2.9016101811274453e-06,1.20570220474292e-13,4.155286649409378e-08,2.9016102964796175e-06,completed,0.01
C,FD,plus,0.005,u,x_half,2.9016101811274453e-06,0.002943463270312918,1014.424090960837,0.0029409495203949754,stopped,0.008275000000000001
C,FD,plus,0.005,u,y_half,2.9016101811274453e-06,2.1169085863136123e-06,0.7295633989990583,7.899445336745359e-07,completed,0.01
C,FD,plus,0.005,u,combined,2.9016101811274453e-06,0.0007908238873365426,272.54656482810566,0.0007906844016905556,stopped,0.00885
C,FD,plus,0.005,v,time_half,2.0854000983838716e-06,7.926992395823618e-14,3.801185394575756e-08,2.0854001530068444e-06,completed,0.01
C,FD,plus,0.005,v,x_half,2.0854000983838716e-06,0.0022081845790710153,1058.8781408336454,0.0022063021924000337,stopped,0.008275000000000001
C,FD,plus,0.005,v,y_half,2.0854000983838716e-06,1.5543783850984502e-06,0.745362190355247,5.422878555094712e-07,completed,0.01
C,FD,plus,0.005,v,combined,2.0854000983838716e-06,0.0005669885693715155,271.88479074634944,0.0005647804085375796,stopped,0.00885
C,FD,plus,0.01,u,time_half,4.487196390795534e-05,2.3412938254807614e-12,5.217720869724791e-08,4.487196624924916e-05,completed,0.01
C,FD,plus,0.01,u,x_half,4.487196390795534e-05,,,,stopped,0.008275000000000001
C,FD,plus,0.01,u,y_half,4.487196390795534e-05,3.11556537110022e-05,0.6943233814082879,1.3864519697648348e-05,completed,0.01
C,FD,plus,0.01,u,combined,4.487196390795534e-05,,,,stopped,0.00885
C,FD,plus,0.01,v,time_half,2.9987001508913202e-05,1.7813528430110637e-12,5.940416691817561e-08,2.9987003123066458e-05,completed,0.01
C,FD,plus,0.01,v,x_half,2.9987001508913202e-05,,,,stopped,0.008275000000000001
C,FD,plus,0.01,v,y_half,2.9987001508913202e-05,2.1915491645527484e-05,0.7308330457452847,8.854111664180486e-06,completed,0.01
C,FD,plus,0.01,v,combined,2.9987001508913202e-05,,,,stopped,0.00885
C,FD,zero,0.001,u,time_half,2.776508578605785e-07,5.9396931817445875e-15,2.1392670015545873e-08,2.7765085885977925e-07,completed,0.01
C,FD,zero,0.001,u,x_half,2.776508578605785e-07,3.186354436413019e-07,1.1476119544399308,3.8977150190744325e-07,stopped,0.00885
C,FD,zero,0.001,u,y_half,2.776508578605785e-07,2.0110263069835043e-07,0.7243004118479384,2.518472097534641e-07,completed,0.01
C,FD,zero,0.001,u,combined,2.776508578605785e-07,2.4278082345423336e-07,0.8744104928216896,9.88303228699472e-08,stopped,0.00945
C,FD,zero,0.001,v,time_half,2.87855790426228e-07,2.6645352591003757e-15,9.256493521130837e-09,2.878557912033841e-07,completed,0.01
C,FD,zero,0.001,v,x_half,2.87855790426228e-07,3.9944894825172383e-07,1.3876703597320723,3.1772273834107523e-07,stopped,0.00885
C,FD,zero,0.001,v,y_half,2.87855790426228e-07,1.7876132560202108e-07,0.6210100041320317,2.6375163675318447e-07,completed,0.01
C,FD,zero,0.001,v,combined,2.87855790426228e-07,2.6534268245926683e-07,0.9217903244759259,7.92748344746741e-08,stopped,0.00945
C,FD,zero,0.002,u,time_half,5.552606737735388e-07,1.504352198367087e-14,2.709272003982461e-08,5.552606742731392e-07,completed,0.01
C,FD,zero,0.002,u,x_half,5.552606737735388e-07,2.688249686355615e-06,4.841419198817614,2.9357591946332917e-06,stopped,0.00885
C,FD,zero,0.002,u,y_half,5.552606737735388e-07,4.021723839005015e-07,0.7242947374020695,2.495327265927827e-07,completed,0.01
C,FD,zero,0.002,u,combined,5.552606737735388e-07,8.776673330084787e-07,1.5806401830042665,7.603696078328781e-07,stopped,0.00945
C,FD,zero,0.002,v,time_half,5.408935311868035e-07,7.882583474838611e-15,1.4573262611484764e-08,5.408935330741826e-07,completed,0.01
C,FD,zero,0.002,v,x_half,5.408935311868035e-07,1.9435382998533868e-06,3.5931993780531357,2.003072527845262e-06,stopped,0.00885
C,FD,zero,0.002,v,y_half,5.408935311868035e-07,3.7435333588163603e-07,0.6921017063381166,2.560976277710125e-07,completed,0.01
C,FD,zero,0.002,v,combined,5.408935311868035e-07,7.406040528773832e-07,1.3692233502079127,4.998949245660356e-07,stopped,0.00945
C,FD,zero,0.005,u,time_half,2.7282852625432064e-06,1.0291767438275201e-13,3.7722475650077724e-08,2.7282853620747005e-06,completed,0.01
C,FD,zero,0.005,u,x_half,2.7282852625432064e-06,0.0020788216477015675,761.9517197273452,0.0020763819412561446,stopped,0.00885
C,FD,zero,0.005,u,y_half,2.7282852625432064e-06,2.0063610103260113e-06,0.735392679743377,7.269852445035418e-07,completed,0.01
C,FD,zero,0.005,u,combined,2.7282852625432064e-06,0.000558102800106046,204.56174717808037,0.0005577606627829024,stopped,0.00945
C,FD,zero,0.005,v,time_half,1.987775237966005e-06,6.750155989720952e-14,3.3958346299896875e-08,1.9877752868158183e-06,completed,0.01
C,FD,zero,0.005,v,x_half,1.987775237966005e-06,0.0015412956481166695,775.3872865897068,0.001539464700518578,stopped,0.00885
C,FD,zero,0.005,v,y_half,1.987775237966005e-06,1.488800747022096e-06,0.7489784149567705,5.192503904627443e-07,completed,0.01
C,FD,zero,0.005,v,combined,1.987775237966005e-06,0.00039515448739059657,198.79233820969574,0.0003934544441588361,stopped,0.00945
C,FD,zero,0.01,u,time_half,3.853024383693171e-05,1.84430248850731e-12,4.786635912071554e-08,3.8530245665080454e-05,completed,0.01
C,FD,zero,0.01,u,x_half,3.853024383693171e-05,,,,stopped,0.00885
C,FD,zero,0.01,u,y_half,3.853024383693171e-05,2.6989225772809053e-05,0.7004685951906577,1.1664687863066625e-05,completed,0.01
C,FD,zero,0.01,u,combined,3.853024383693171e-05,,,,stopped,0.00945
C,FD,zero,0.01,v,time_half,2.5545148621075597e-05,1.3606893389805919e-12,5.3266056861300774e-08,2.5545149737071782e-05,completed,0.01
C,FD,zero,0.01,v,x_half,2.5545148621075597e-05,,,,stopped,0.00885
C,FD,zero,0.01,v,y_half,2.5545148621075597e-05,1.884297145475842e-05,0.7376340507650185,7.557684097658779e-06,completed,0.01
C,FD,zero,0.01,v,combined,2.5545148621075597e-05,,,,stopped,0.00945
C,SD,fixed,0.001,u,time_half,8.687968416909442e-07,5.495603971894525e-15,6.3255340122995845e-09,8.687968424681003e-07,completed,0.01
C,SD,fixed,0.001,u,x_half,8.687968416909442e-07,5.248358492249139e-07,0.6040950243366711,1.0628664283696132e-06,stopped,0.009825
C,SD,fixed,0.001,u,y_half,8.687968416909442e-07,6.412054095736348e-07,0.7380383753762882,2.5864597330560457e-07,completed,0.01
C,SD,fixed,0.001,u,combined,8.687968416909442e-07,6.993638356733769e-07,0.8049797169062001,2.740273295498419e-07,completed,0.01
C,SD,fixed,0.001,v,time_half,4.71174582239442e-07,3.1086244689504383e-15,6.597606462928203e-09,4.7117458251699773e-07,completed,0.01
C,SD,fixed,0.001,v,x_half,4.71174582239442e-07,4.4318119490904806e-07,0.940588078420223,6.077047918773282e-07,stopped,0.009825
C,SD,fixed,0.001,v,y_half,4.71174582239442e-07,3.314541522715563e-07,0.7034635669356154,2.940509752358267e-07,completed,0.01
C,SD,fixed,0.001,v,combined,4.71174582239442e-07,3.9526313180019476e-07,0.8388889101817668,1.516229969911187e-07,completed,0.01
C,SD,fixed,0.002,u,time_half,1.791981740606463e-06,1.426636586643326e-14,7.961222786569842e-09,1.7919817366096602e-06,completed,0.01
C,SD,fixed,0.002,u,x_half,1.791981740606463e-06,5.0702330217089475e-06,2.82939993573429,6.026020315630376e-06,stopped,0.009825
C,SD,fixed,0.002,u,y_half,1.791981740606463e-06,1.3182957026227702e-06,0.7356635800187435,4.875861054909336e-07,completed,0.01
C,SD,fixed,0.002,u,combined,1.791981740606463e-06,2.2536195855530017e-06,1.2576130294666428,1.542710497737243e-06,completed,0.01
C,SD,fixed,0.002,v,time_half,9.597832623109426e-07,7.216449660063518e-15,7.51883257756332e-09,9.597832650865001e-07,completed,0.01
C,SD,fixed,0.002,v,x_half,9.597832623109426e-07,2.905034133138251e-06,3.026760568988858,3.3570915501379694e-06,stopped,0.009825
C,SD,fixed,0.002,v,y_half,9.597832623109426e-07,7.120977927371173e-07,0.7419360398331449,3.4516224589609124e-07,completed,0.01
C,SD,fixed,0.002,v,combined,9.597832623109426e-07,1.3267934852335928e-06,1.3823886468273805,8.406044168518534e-07,completed,0.01
C,SD,fixed,0.005,u,time_half,6.465559283352906e-06,9.536815781530095e-14,1.4750179162512447e-08,6.46555920347236e-06,completed,0.01
C,SD,fixed,0.005,u,x_half,6.465559283352906e-06,0.0038491723818109835,595.3347905604357,0.003842893990455565,stopped,0.009825
C,SD,fixed,0.005,u,y_half,6.465559283352906e-06,4.861100744917384e-06,0.7518453596788486,1.6219513623294546e-06,completed,0.01
C,SD,fixed,0.005,u,combined,6.465559283352906e-06,0.0009701587581960627,150.0502455671489,0.0009698957440128497,completed,0.01
C,SD,fixed,0.005,v,time_half,3.746398740511747e-06,5.939693181744587e-14,1.585440737398188e-08,3.7463987506147767e-06,completed,0.01
C,SD,fixed,0.005,v,x_half,3.746398740511747e-06,0.002556259516639958,682.3244650917164,0.0025539341310327757,stopped,0.009825
C,SD,fixed,0.005,v,y_half,3.746398740511747e-06,2.828709711261444e-06,0.7550476890441861,9.427594367394931e-07,completed,0.01
C,SD,fixed,0.005,v,combined,3.746398740511747e-06,0.0006395957583877111,170.72282015030365,0.0006376386232933573,completed,0.01
C,SD,fixed,0.01,u,time_half,6.976621712739828e-05,1.589173237448449e-12,2.2778549602976196e-08,6.976621555165874e-05,completed,0.01
C,SD,fixed,0.01,u,x_half,6.976621712739828e-05,,,,stopped,0.009825
C,SD,fixed,0.01,u,y_half,6.976621712739828e-05,5.443639735712682e-05,0.7802687260185246,1.5381455198082428e-05,completed,0.01
C,SD,fixed,0.01,u,combined,6.976621712739828e-05,77.12364300215496,1105458.288806479,77.1920333643676,completed,0.01
C,SD,fixed,0.01,v,time_half,4.5503836671123565e-05,1.2011502903419569e-12,2.6396681647378516e-08,4.5503835469973275e-05,completed,0.01
C,SD,fixed,0.01,v,x_half,4.5503836671123565e-05,,,,stopped,0.009825
C,SD,fixed,0.01,v,y_half,4.5503836671123565e-05,3.2999663202968976e-05,0.7252061719865996,1.3047984736558327e-05,completed,0.01
C,SD,fixed,0.01,v,combined,4.5503836671123565e-05,63.57492889902174,1397133.3748955277,63.690511695435966,completed,0.01
C,SD,minus,0.001,u,time_half,8.583818961183098e-07,5.662137425588298e-15,6.596291756842798e-09,8.583818955076872e-07,completed,0.01
C,SD,minus,0.001,u,x_half,8.583818961183098e-07,5.013552077937078e-07,0.5840701091913599,1.0488946486364448e-06,stopped,0.00885
C,SD,minus,0.001,u,y_half,8.583818961183098e-07,6.411879333038744e-07,0.7469728056980132,2.7089171117378186e-07,completed,0.01
C,SD,minus,0.001,u,combined,8.583818961183098e-07,6.905759715155565e-07,0.8045090124085925,2.700541784084187e-07,stopped,0.009475
C,SD,minus,0.001,v,time_half,4.765921879923418e-07,2.7755575615628914e-14,5.8237579874210836e-08,4.7659218804785297e-07,completed,0.01
C,SD,minus,0.001,v,x_half,4.765921879923418e-07,4.3317895775940585e-07,0.9089090603523834,5.898235306833755e-07,stopped,0.00885
C,SD,minus,0.001,v,y_half,4.765921879923418e-07,3.306441124807271e-07,0.6937673776684734,3.0971238129673395e-07,completed,0.01
C,SD,minus,0.001,v,combined,4.765921879923418e-07,3.966722671010838e-07,0.8323096288507729,1.472599810425912e-07,stopped,0.009475
C,SD,minus,0.002,u,time_half,1.773123269765975e-06,1.3211653993039363e-14,7.451063453012547e-09,1.7731232656026386e-06,completed,0.01
C,SD,minus,0.002,u,x_half,1.773123269765975e-06,4.704645845676758e-06,2.653310080521192,5.662894213942504e-06,stopped,0.00885
C,SD,minus,0.002,u,y_half,1.773123269765975e-06,1.316399546107356e-06,0.7424185157082173,4.606477986279778e-07,completed,0.01
C,SD,minus,0.002,u,combined,1.773123269765975e-06,2.1776156606305556e-06,1.2281242357830922,1.4518095758364602e-06,stopped,0.009475
C,SD,minus,0.002,v,time_half,9.603188466655865e-07,3.097522238704187e-14,3.2255143689612935e-08,9.603188603213297e-07,completed,0.01
C,SD,minus,0.002,v,x_half,9.603188466655865e-07,2.621291817606064e-06,2.729605720753787,3.0944961950662986e-06,stopped,0.00885
C,SD,minus,0.002,v,y_half,9.603188466655865e-07,7.061082828775808e-07,0.7352852496119657,3.642307762063979e-07,completed,0.01
C,SD,minus,0.002,v,combined,9.603188466655865e-07,1.2237319581042523e-06,1.2742975547686972,7.819725571511782e-07,stopped,0.009475
C,SD,minus,0.005,u,time_half,6.372105614771417e-06,8.532063944244328e-14,1.338970892834204e-08,6.372105541718742e-06,completed,0.01
C,SD,minus,0.005,u,x_half,6.372105614771417e-06,0.003063724950191693,480.8026004919876,0.003057533923811806,stopped,0.00885
C,SD,minus,0.005,u,y_half,6.372105614771417e-06,4.7542594272894395e-06,0.7461049321386658,1.6315577071601695e-06,completed,0.01
C,SD,minus,0.005,u,combined,6.372105614771417e-06,0.0007765502651285469,121.86713655975767,0.0007753815976967449,stopped,0.009475
C,SD,minus,0.005,v,time_half,3.591463520358218e-06,5.4067861299245124e-14,1.5054548373597936e-08,3.591463573537901e-06,completed,0.01
C,SD,minus,0.005,v,x_half,3.591463520358218e-06,0.002014159094725243,560.818475061205,0.0020118613356707726,stopped,0.00885
C,SD,minus,0.005,v,y_half,3.591463520358218e-06,2.6990417093766954e-06,0.7515158358360519,9.828089461150213e-07,completed,0.01
C,SD,minus,0.005,v,combined,3.591463520358218e-06,0.0005074335787616986,141.28880215135428,0.0005053865446176253,stopped,0.009475
C,SD,minus,0.01,u,time_half,6.511738303538461e-05,1.357913781419029e-12,2.0853322386760265e-08,6.511738168257786e-05,completed,0.01
C,SD,minus,0.01,u,x_half,6.511738303538461e-05,,,,stopped,0.00885
C,SD,minus,0.01,u,y_half,6.511738303538461e-05,4.966789663724661e-05,0.7627440526941509,1.5490698958620097e-05,completed,0.01
C,SD,minus,0.01,u,combined,6.511738303538461e-05,,,,stopped,0.009475
C,SD,minus,0.01,v,time_half,4.235991095369318e-05,1.0008660566995786e-12,2.3627671403599052e-08,4.2359909952827124e-05,completed,0.01
C,SD,minus,0.01,v,x_half,4.235991095369318e-05,,,,stopped,0.00885
C,SD,minus,0.01,v,y_half,4.235991095369318e-05,2.98455800527932e-05,0.7045713595909033,1.3020708390154567e-05,completed,0.01
C,SD,minus,0.01,v,combined,4.235991095369318e-05,,,,stopped,0.009475
C,SD,plus,0.001,u,time_half,8.612191265133795e-07,5.88418203051333e-15,6.832386612609579e-09,8.61219125958268e-07,completed,0.01
C,SD,plus,0.001,u,x_half,8.612191265133795e-07,5.653548852402324e-07,0.6564588126706558,1.0905628768931308e-06,stopped,0.006725
C,SD,plus,0.001,u,y_half,8.612191265133795e-07,6.41173146431752e-07,0.7444947826780424,2.3449794783747535e-07,completed,0.01
C,SD,plus,0.001,u,combined,8.612191265133795e-07,7.016980783154048e-07,0.8147729848455747,2.8110679456405663e-07,stopped,0.0073375
C,SD,plus,0.001,v,time_half,4.797386053412289e-07,4.5130565951012613e-14,9.40732420708817e-08,4.797386053412289e-07,completed,0.01
C,SD,plus,0.001,v,x_half,4.797386053412289e-07,4.3004734612273054e-07,0.8964201365800988,5.765931375689703e-07,stopped,0.006725
C,SD,plus,0.001,v,y_half,4.797386053412289e-07,3.2990197290240854e-07,0.6876702629919799,2.6963129873269764e-07,completed,0.01
C,SD,plus,0.001,v,combined,4.797386053412289e-07,3.9817130155910054e-07,0.8299755265180064,1.4378358770272825e-07,stopped,0.0073375
C,SD,plus,0.002,u,time_half,1.7874106515436416e-06,1.687538997430238e-14,9.441249530279163e-09,1.7874106458815042e-06,completed,0.01
C,SD,plus,0.002,u,x_half,1.7874106515436416e-06,5.909452491181799e-06,3.3061526661924523,6.894750708419384e-06,stopped,0.006725
C,SD,plus,0.002,u,y_half,1.7874106515436416e-06,1.324012907597156e-06,0.7407435479103324,4.675383893371077e-07,completed,0.01
C,SD,plus,0.002,u,combined,1.7874106515436416e-06,2.4513180398904206e-06,1.3714352870021311,1.7661035368599087e-06,stopped,0.0073375
C,SD,plus,0.002,v,time_half,9.595177021259893e-07,3.8746783559417963e-14,4.038152029250454e-08,9.595177035692792e-07,completed,0.01
C,SD,plus,0.002,v,x_half,9.595177021259893e-07,3.3873878136914115e-06,3.5303025740807343,3.852997085052046e-06,stopped,0.006725
C,SD,plus,0.002,v,y_half,9.595177021259893e-07,7.01359821698039e-07,0.7309503724048513,3.243317437950921e-07,completed,0.01
C,SD,plus,0.002,v,combined,9.595177021259893e-07,1.149652568355667e-06,1.198156704986681,9.678449399697087e-07,stopped,0.0073375
C,SD,plus,0.005,u,time_half,6.84224623348495e-06,1.195155086008981e-13,1.7467291372240702e-08,6.842246126348428e-06,completed,0.01
C,SD,plus,0.005,u,x_half,6.84224623348495e-06,0.006155293364336012,899.6012645982994,0.0061488078625459575,stopped,0.006725
C,SD,plus,0.005,u,y_half,6.84224623348495e-06,5.136910722525412e-06,0.7507637911927407,1.7203855146030733e-06,completed,0.01
C,SD,plus,0.005,u,combined,6.84224623348495e-06,0.001551547563802848,226.75997192410318,0.0015537335556701226,stopped,0.0073375
C,SD,plus,0.005,v,time_half,3.465643594546819e-06,7.915890165577366e-14,2.2841039332587455e-08,3.4656436090907405e-06,completed,0.01
C,SD,plus,0.005,v,x_half,3.465643594546819e-06,0.0041690919334070875,1202.9776922148437,0.004166643121931712,stopped,0.006725
C,SD,plus,0.005,v,y_half,3.465643594546819e-06,2.5921724952955715e-06,0.747962802457341,9.836277231611845e-07,completed,0.01
C,SD,plus,0.005,v,combined,3.465643594546819e-06,0.001040805309795292,300.32093070187494,0.0010405704006750671,stopped,0.0073375
C,SD,plus,0.01,u,time_half,8.534633553469728e-05,2.227773521212839e-12,2.6102743688475586e-08,8.534633333839858e-05,completed,0.01
C,SD,plus,0.01,u,x_half,8.534633553469728e-05,,,,stopped,0.006725
C,SD,plus,0.01,u,y_half,8.534633553469728e-05,6.574640620632258e-05,0.770348320105596,1.967716688833221e-05,completed,0.01
C,SD,plus,0.01,u,combined,8.534633553469728e-05,,,,stopped,0.0073375
C,SD,plus,0.01,v,time_half,5.582648961854897e-05,1.7518209105560345e-12,3.137974324600866e-08,5.5826487870946906e-05,completed,0.01
C,SD,plus,0.01,v,x_half,5.582648961854897e-05,,,,stopped,0.006725
C,SD,plus,0.01,v,y_half,5.582648961854897e-05,4.060114262308691e-05,0.7272737888501721,1.5785423943426302e-05,completed,0.01
C,SD,plus,0.01,v,combined,5.582648961854897e-05,,,,stopped,0.0073375
C,SD,zero,0.001,u,time_half,8.596814602968017e-07,5.551115123125783e-15,6.457176732890438e-09,8.596814602968017e-07,completed,0.01
C,SD,zero,0.001,u,x_half,8.596814602968017e-07,5.324750392277089e-07,0.6193864400005485,1.0695135730931504e-06,stopped,0.0072375
C,SD,zero,0.001,u,y_half,8.596814602968017e-07,6.411810855858217e-07,0.7458356556444249,2.5184719898430075e-07,completed,0.01
C,SD,zero,0.001,u,combined,8.596814602968017e-07,6.961872773398242e-07,0.8098200432279513,2.753430622948194e-07,stopped,0.007875
C,SD,zero,0.001,v,time_half,4.779735124360585e-07,2.4980018054066022e-14,5.2262348025839104e-08,4.779735126025919e-07,completed,0.01
C,SD,zero,0.001,v,x_half,4.779735124360585e-07,4.304885734551789e-07,0.9006536183587539,5.832588620413581e-07,stopped,0.0072375
C,SD,zero,0.001,v,y_half,4.779735124360585e-07,3.3029844141327997e-07,0.6910392162316026,2.88892022637377e-07,completed,0.01
C,SD,zero,0.001,v,combined,4.779735124360585e-07,3.974924776243568e-07,0.8316203038082197,1.4553839960962378e-07,stopped,0.007875
C,SD,zero,0.002,u,time_half,1.780437342557839e-06,1.504352198367087e-14,8.449340858049414e-09,1.7804373366181458e-06,completed,0.01
C,SD,zero,0.002,u,x_half,1.780437342557839e-06,5.26500033565247e-06,2.9571387938249964,6.235875139648517e-06,stopped,0.0072375
C,SD,zero,0.002,u,y_half,1.780437342557839e-06,1.3199959266477317e-06,0.7413885875654456,4.6392228364444676e-07,completed,0.01
C,SD,zero,0.002,u,combined,1.780437342557839e-06,2.306278848491678e-06,1.2953440109149792,1.5978650252934656e-06,stopped,0.007875
C,SD,zero,0.002,v,time_half,9.600092411576888e-07,2.8310687127941492e-14,2.949001521464651e-08,9.600092424344453e-07,completed,0.01
C,SD,zero,0.002,v,x_half,9.600092411576888e-07,2.9783872274036227e-06,3.1024568303237823,3.4463187531530437e-06,stopped,0.0072375
C,SD,zero,0.002,v,y_half,9.600092411576888e-07,7.036076756590698e-07,0.7329176069290534,3.4331750653482374e-07,completed,0.01
C,SD,zero,0.002,v,combined,9.600092411576888e-07,1.1862354987569707e-06,1.2356500832496908,8.680541033756484e-07,stopped,0.007875
C,SD,zero,0.005,u,time_half,6.587538210367505e-06,1.0025313912365164e-13,1.521860457156403e-08,6.587538119273706e-06,completed,0.01
C,SD,zero,0.005,u,x_half,6.587538210367505e-06,0.0043308088807982315,657.4244797521447,0.004324473808513751,stopped,0.0072375
C,SD,zero,0.005,u,y_half,6.587538210367505e-06,4.9324414893571045e-06,0.7487533782490097,1.6712262430051972e-06,completed,0.01
C,SD,zero,0.005,u,combined,6.587538210367505e-06,0.0010944185777693653,166.13468382573677,0.0010947046742080802,stopped,0.007875
C,SD,zero,0.005,v,time_half,3.525809916749001e-06,6.683542608243442e-14,1.8956049151980525e-08,3.5258099280177646e-06,completed,0.01
C,SD,zero,0.005,v,x_half,3.525809916749001e-06,0.002886370363461621,818.6403781299192,0.002884002643827821,stopped,0.0072375
C,SD,zero,0.005,v,y_half,3.525809916749001e-06,2.644134018529392e-06,0.7499366332735927,9.794792755757342e-07,completed,0.01
C,SD,zero,0.005,v,combined,3.525809916749001e-06,0.0007242291551888773,205.4078842278197,0.0007223405370516689,stopped,0.007875
C,SD,zero,0.01,u,time_half,7.428894508848538e-05,1.71146430361091e-12,2.303794059226967e-08,7.428894339300829e-05,completed,0.01
C,SD,zero,0.01,u,x_half,7.428894508848538e-05,,,,stopped,0.0072375
C,SD,zero,0.01,u,y_half,7.428894508848538e-05,5.699638742330379e-05,0.7672256936131685,1.7349904084917878e-05,completed,0.01
C,SD,zero,0.01,u,combined,7.428894508848538e-05,,,,stopped,0.007875
C,SD,zero,0.01,v,time_half,4.843958028544204e-05,1.3412604360496516e-12,2.7689348837168847e-08,4.8439578946180006e-05,completed,0.01
C,SD,zero,0.01,v,x_half,4.843958028544204e-05,,,,stopped,0.0072375
C,SD,zero,0.01,v,y_half,4.843958028544204e-05,3.470405705641442e-05,0.716440085812311,1.425665599041892e-05,completed,0.01
C,SD,zero,0.01,v,combined,4.843958028544204e-05,,,,stopped,0.007875
D,FD,fixed,0.001,u,time_half,3.4194885402571984e-05,2.858824288409778e-15,8.360385638826415e-11,3.4194885402571984e-05,completed,0.01
D,FD,fixed,0.001,u,x_half,3.4194885402571984e-05,4.143835728842582e-05,1.211829102527392,8.933326115068141e-06,stopped,0.00915
D,FD,fixed,0.001,u,y_half,3.4194885402571984e-05,6.523428489679318e-06,0.19077205298043362,3.7001384963541994e-05,completed,0.01
D,FD,fixed,0.001,u,combined,3.4194885402571984e-05,3.468398985897143e-05,1.0143034389687604,2.9354323693997486e-06,completed,0.01
D,FD,fixed,0.001,v,time_half,4.1500044676290315e-05,7.549516567451064e-15,1.8191586602710894e-10,4.1500044676734404e-05,completed,0.01
D,FD,fixed,0.001,v,x_half,4.1500044676290315e-05,4.181240726452984e-05,1.0075268012522882,3.368842405615524e-05,stopped,0.00915
D,FD,fixed,0.001,v,y_half,4.1500044676290315e-05,1.9522894196182517e-05,0.47043067901409463,2.613182645738732e-05,completed,0.01
D,FD,fixed,0.001,v,combined,4.1500044676290315e-05,3.7333592904256185e-05,0.8996036798385787,9.196679938483499e-06,completed,0.01
D,FD,fixed,0.002,u,time_half,2.8804114954317228e-05,7.549516567451064e-15,2.6209854319163955e-10,2.880411495298496e-05,completed,0.01
D,FD,fixed,0.002,u,x_half,2.8804114954317228e-05,9.764005282808519e-05,3.3897952769227744,6.922481028648342e-05,stopped,0.00915
D,FD,fixed,0.002,u,y_half,2.8804114954317228e-05,1.3101225982028057e-05,0.4548386924162172,3.552394018280225e-05,completed,0.01
D,FD,fixed,0.002,u,combined,2.8804114954317228e-05,3.8896003444523965e-05,1.3503627348457774,2.6850596454242037e-05,completed,0.01
D,FD,fixed,0.002,v,time_half,7.73370656634853e-05,1.9095836023552692e-14,2.469169971698162e-10,7.733706566259713e-05,completed,0.01
D,FD,fixed,0.002,v,x_half,7.73370656634853e-05,0.00018075982849818928,2.3372987706143995,0.00018706833043058424,stopped,0.00915
D,FD,fixed,0.002,v,y_half,7.73370656634853e-05,4.054096689964989e-05,0.524211340989516,4.649164661207905e-05,completed,0.01
D,FD,fixed,0.002,v,combined,7.73370656634853e-05,9.287144384313458e-05,1.20086588554114,5.220483170687018e-05,completed,0.01
D,FD,fixed,0.005,u,time_half,0.00011963365033973439,7.460698725481052e-14,6.236287787168775e-10,0.00011963365034550755,completed,0.01
D,FD,fixed,0.005,u,x_half,0.00011963365033973439,0.04133876554210669,345.5446308351647,0.04133165567023722,stopped,0.00915
D,FD,fixed,0.005,u,y_half,0.00011963365033973439,5.716790940315725e-05,0.4778581046454105,0.0001243129638299756,completed,0.01
D,FD,fixed,0.005,u,combined,0.00011963365033973439,0.008538123965090051,71.36891619409403,0.009326171411395912,completed,0.01
D,FD,fixed,0.005,v,time_half,0.0002862093023447976,2.0516921495072893e-13,7.1685026751353e-10,0.0002862093024211809,completed,0.01
D,FD,fixed,0.005,v,x_half,0.0002862093023447976,0.10165830115361363,355.1886689942224,0.10137209185126883,stopped,0.00915
D,FD,fixed,0.005,v,y_half,0.0002862093023447976,0.000150042747003097,0.5242413358820177,0.00015658759409120648,completed,0.01
D,FD,fixed,0.005,v,combined,0.0002862093023447976,0.02988477174855641,104.41579467795947,0.03032328503857773,completed,0.01
D,FD,fixed,0.01,u,time_half,0.0016986543191459536,1.4950263249602358e-12,8.801239358175609e-10,0.0016986543202077709,completed,0.01
D,FD,fixed,0.01,u,x_half,0.0016986543191459536,,,,stopped,0.00915
D,FD,fixed,0.01,u,y_half,0.0016986543191459536,0.0005800971774531739,0.3415039604672681,0.0012149015957709786,completed,0.01
D,FD,fixed,0.01,u,combined,0.0016986543191459536,198.58161876158402,116905.25642758589,208.13048206987506,completed,0.01
D,FD,fixed,0.01,v,time_half,0.003396508933930509,5.7274185394362576e-12,1.686266296025423e-09,0.00339650893603638,completed,0.01
D,FD,fixed,0.01,v,x_half,0.003396508933930509,,,,stopped,0.00915
D,FD,fixed,0.01,v,y_half,0.003396508933930509,0.001402394272052983,0.41289285537962767,0.002070765067840874,completed,0.01
D,FD,fixed,0.01,v,combined,0.003396508933930509,457.7477270675964,134770.06419585107,564.3352049865987,completed,0.01
D,FD,minus,0.001,u,time_half,4.693363037411302e-05,4.218847493575595e-15,8.98896475714047e-11,4.693363037433507e-05,completed,0.01
D,FD,minus,0.001,u,x_half,4.693363037411302e-05,5.304205081557711e-05,1.1301501800046836,8.786397109217248e-06,stopped,0.0097375
D,FD,minus,0.001,u,y_half,4.693363037411302e-05,6.547421118130237e-06,0.1395038284049207,5.010527946591736e-05,completed,0.01
D,FD,minus,0.001,u,combined,4.693363037411302e-05,4.742032178834477e-05,1.0103697798434146,2.827879165723246e-06,completed,0.01
D,FD,minus,0.001,v,time_half,5.166420424229656e-05,5.773159728050814e-15,1.1174390107656843e-10,5.166420424318474e-05,completed,0.01
D,FD,minus,0.001,v,x_half,5.166420424229656e-05,4.75823998060676e-05,0.9209935680595025,3.316134384956371e-05,stopped,0.0097375
D,FD,minus,0.001,v,y_half,5.166420424229656e-05,1.934721066703859e-05,0.37447998959402096,3.419307300855934e-05,completed,0.01
D,FD,minus,0.001,v,combined,5.166420424229656e-05,4.6966620386517885e-05,0.9090746886616546,1.0966916661470094e-05,completed,0.01
D,FD,minus,0.002,u,time_half,4.1957922936264325e-05,8.215650382226158e-15,1.9580688955232706e-10,4.195792292893685e-05,completed,0.01
D,FD,minus,0.002,u,x_half,4.1957922936264325e-05,9.58155784569481e-05,2.2836110977775426,5.413540146270712e-05,stopped,0.0097375
D,FD,minus,0.002,u,y_half,4.1957922936264325e-05,1.314060484526262e-05,0.3131853038870322,4.85637660541105e-05,completed,0.01
D,FD,minus,0.002,u,combined,4.1957922936264325e-05,5.4331193820354235e-05,1.2948971259346032,1.3529767079134558e-05,completed,0.01
D,FD,minus,0.002,v,time_half,9.89141906759805e-05,1.1546319456101628e-14,1.1673066702759203e-10,9.891419067820095e-05,completed,0.01
D,FD,minus,0.002,v,x_half,9.89141906759805e-05,0.00014616508936837747,1.4776958530366966,0.00014357712313461946,stopped,0.0097375
D,FD,minus,0.002,v,y_half,9.89141906759805e-05,3.9793620321168994e-05,0.4023044625773008,6.401828760216333e-05,completed,0.01
D,FD,minus,0.002,v,combined,9.89141906759805e-05,0.00010034138789825556,1.0144286397383588,4.462890546541587e-05,completed,0.01
D,FD,minus,0.005,u,time_half,0.00011166491076108898,4.729550084903167e-14,4.2354845874745796e-10,0.00011166491076353147,completed,0.01
D,FD,minus,0.005,u,x_half,0.00011166491076108898,0.017132312350076173,153.4261052402698,0.017033900057221274,stopped,0.0097375
D,FD,minus,0.005,u,y_half,0.00011166491076108898,4.990939906339292e-05,0.4469568705443722,8.619737570469965e-05,completed,0.01
D,FD,minus,0.005,u,combined,0.00011166491076108898,0.004729960436236724,42.358520720592715,0.004962993701913776,completed,0.01
D,FD,minus,0.005,v,time_half,0.00032015849992017564,1.0746958878371515e-13,3.356762004148267e-10,0.00032015849994104784,completed,0.01
D,FD,minus,0.005,v,x_half,0.00032015849992017564,0.03671601859696061,114.68075533248353,0.0364150245445094,stopped,0.0097375
D,FD,minus,0.005,v,y_half,0.00032015849992017564,0.00013574492772504696,0.42399289026807635,0.00022628022139947745,completed,0.01
D,FD,minus,0.005,v,combined,0.00032015849992017564,0.011247338836478745,35.130533280493935,0.011082012017224141,completed,0.01
D,FD,minus,0.01,u,time_half,0.0011086543642491176,1.4022116801015727e-12,1.2647870475405373e-09,0.0011086543649465597,completed,0.01
D,FD,minus,0.01,u,x_half,0.0011086543642491176,,,,stopped,0.0097375
D,FD,minus,0.01,u,y_half,0.0011086543642491176,0.0004561618360037393,0.4114554100120229,0.0007296454691503307,completed,0.01
D,FD,minus,0.01,u,combined,0.0011086543642491176,49.817738549888105,44935.31993050805,51.35642326387672,completed,0.01
D,FD,minus,0.01,v,time_half,0.002720161959189671,2.8479441027684516e-12,1.0469759321304702e-09,0.0027201619613546058,completed,0.01
D,FD,minus,0.01,v,x_half,0.002720161959189671,,,,stopped,0.0097375
D,FD,minus,0.01,v,y_half,0.002720161959189671,0.0010869698036409898,0.3995974577796078,0.0017680519307474718,completed,0.01
D,FD,minus,0.01,v,combined,0.002720161959189671,139.10585899552675,51138.814924448845,146.2976573825227,completed,0.01
D,FD,plus,0.001,u,time_half,1.6662672516876142e-05,6.8833827526759706e-15,4.131019646280873e-10,1.666267251532183e-05,completed,0.01
D,FD,plus,0.001,u,x_half,1.6662672516876142e-05,3.118172355343063e-05,1.871351880789197,1.4519051036554487e-05,stopped,0.0056500000000000005
D,FD,plus,0.001,u,y_half,1.6662672516876142e-05,6.559788497633307e-06,0.3936816552680537,1.9032331332713426e-05,completed,0.01
D,FD,plus,0.001,u,combined,1.6662672516876142e-05,1.973826744422479e-05,1.1845799300342517,3.3219889741253894e-06,stopped,0.006175
D,FD,plus,0.001,v,time_half,3.386548361694608e-05,1.4654943925052066e-14,4.327398389113458e-10,3.386548361516972e-05,completed,0.01
D,FD,plus,0.001,v,x_half,3.386548361694608e-05,4.204296934640084e-05,1.2414696279536606,4.4008914284798806e-05,stopped,0.0056500000000000005
D,FD,plus,0.001,v,y_half,3.386548361694608e-05,1.9737515293904407e-05,0.5828210078779998,1.557437891097635e-05,completed,0.01
D,FD,plus,0.001,v,combined,3.386548361694608e-05,3.0333807561595058e-05,0.8957145837544221,1.149583690862599e-05,stopped,0.006175
D,FD,plus,0.002,u,time_half,1.8196483630106286e-05,2.6867397195928788e-14,1.4765158885685132e-09,1.8196483632548777e-05,completed,0.01
D,FD,plus,0.002,u,x_half,1.8196483630106286e-05,0.0002680561137002879,14.731204069383278,0.0002557990426008683,stopped,0.0056500000000000005
D,FD,plus,0.002,u,y_half,1.8196483630106286e-05,1.3181717758960788e-05,0.7244101677508444,1.689700170670605e-05,completed,0.01
D,FD,plus,0.002,u,combined,1.8196483630106286e-05,7.561330454284074e-05,4.155380021760781,6.697609957129202e-05,stopped,0.006175
D,FD,plus,0.002,v,time_half,6.850211810460749e-05,5.639932965095795e-14,8.233224199700258e-10,6.850211810371931e-05,completed,0.01
D,FD,plus,0.002,v,x_half,6.850211810460749e-05,0.0005090919589951781,7.431769601894052,0.0005141161767108215,stopped,0.0056500000000000005
D,FD,plus,0.002,v,y_half,6.850211810460749e-05,4.293054068987072e-05,0.6267038432930323,3.0038480685057323e-05,completed,0.01
D,FD,plus,0.002,v,combined,6.850211810460749e-05,0.0001731578744833667,2.5277740203440513,0.0001404102589370737,stopped,0.006175
D,FD,plus,0.005,u,time_half,0.0001291205571116727,5.710987238671805e-13,4.422988381108467e-09,0.00012912055726310712,completed,0.01
D,FD,plus,0.005,u,x_half,0.0001291205571116727,1.1117915331878454,8610.492070803943,1.1116692395628123,stopped,0.0056500000000000005
D,FD,plus,0.005,u,y_half,0.0001291205571116727,0.00010226105991247297,0.7919812476028143,4.670484537516728e-05,completed,0.01
D,FD,plus,0.005,u,combined,0.0001291205571116727,0.2507452789679887,1941.947003459149,0.274317774930638,stopped,0.006175
D,FD,plus,0.005,v,time_half,0.00039380203531802493,1.3420375921668892e-12,3.4078990756944474e-09,0.00039380203612049414,completed,0.01
D,FD,plus,0.005,v,x_half,0.00039380203531802493,2.8261513672821867,7176.578874204791,2.8257725081471463,stopped,0.0056500000000000005
D,FD,plus,0.005,v,y_half,0.00039380203531802493,0.0002475547245192755,0.6286273363705608,0.00015885226804668306,completed,0.01
D,FD,plus,0.005,v,combined,0.00039380203531802493,0.8119438456496342,2061.8071336120142,0.8343038131731269,stopped,0.006175
D,FD,plus,0.01,u,time_half,0.005967257442545337,3.06890068912935e-11,5.142899763715086e-09,0.005967257470488985,completed,0.01
D,FD,plus,0.01,u,x_half,0.005967257442545337,,,,stopped,0.0056500000000000005
D,FD,plus,0.01,u,y_half,0.005967257442545337,0.0038505334177312924,0.6452769056481071,0.002247156492072744,completed,0.01
D,FD,plus,0.01,u,combined,0.005967257442545337,,,,stopped,0.006175
D,FD,plus,0.01,v,time_half,0.012538422250457426,1.013882311440284e-10,8.086203281304357e-09,0.012538422344490208,completed,0.01
D,FD,plus,0.01,v,x_half,0.012538422250457426,,,,stopped,0.0056500000000000005
D,FD,plus,0.01,v,y_half,0.012538422250457426,0.008121599974932508,0.6477369969444294,0.00549120176939244,completed,0.01
D,FD,plus,0.01,v,combined,0.012538422250457426,,,,stopped,0.006175
D,FD,zero,0.001,u,time_half,2.7917589238812823e-05,1.021405182655144e-14,3.658643924866983e-10,2.7917589231041262e-05,completed,0.01
D,FD,zero,0.001,u,x_half,2.7917589238812823e-05,3.727423852262213e-05,1.3351524805301271,9.386609625350317e-06,stopped,0.007137500000000001
D,FD,zero,0.001,u,y_half,2.7917589238812823e-05,6.5456822891875326e-06,0.23446445297244023,3.0424731677358707e-05,completed,0.01
D,FD,zero,0.001,u,combined,2.7917589238812823e-05,2.9361341704689005e-05,1.0517147972027965,2.312084355304833e-06,stopped,0.0076125
D,FD,zero,0.001,v,time_half,4.0235097748198e-05,1.021405182655144e-14,2.538592521999998e-10,4.023509774997436e-05,completed,0.01
D,FD,zero,0.001,v,x_half,4.0235097748198e-05,4.0788611413322684e-05,1.0137569857190039,3.6026533465793875e-05,stopped,0.007137500000000001
D,FD,zero,0.001,v,y_half,4.0235097748198e-05,1.9500210768324634e-05,0.4846567265814083,2.2635780092983282e-05,completed,0.01
D,FD,zero,0.001,v,combined,4.0235097748198e-05,3.588833197964622e-05,0.8919658205938754,1.0228292377068016e-05,stopped,0.0076125
D,FD,zero,0.002,u,time_half,2.219032421857392e-05,1.2656542480726785e-14,5.70363116647611e-10,2.219032420791578e-05,completed,0.01
D,FD,zero,0.002,u,x_half,2.219032421857392e-05,0.0001224476007046782,5.518062715018203,0.00010067106989541941,stopped,0.007137500000000001
D,FD,zero,0.002,u,y_half,2.219032421857392e-05,1.3150638566886354e-05,0.5926294017767845,2.8676605435817848e-05,completed,0.01
D,FD,zero,0.002,u,combined,2.219032421857392e-05,4.53371553522963e-05,2.043104684083337,2.5117507304051045e-05,stopped,0.0076125
D,FD,zero,0.002,v,time_half,7.836126783944408e-05,2.842170943040401e-14,3.627009900942108e-10,7.836126783899999e-05,completed,0.01
D,FD,zero,0.002,v,x_half,7.836126783944408e-05,0.0002334889285218189,2.979647151705341,0.0002445154815795547,stopped,0.007137500000000001
D,FD,zero,0.002,v,y_half,7.836126783944408e-05,4.110568109064274e-05,0.5245663096577886,4.273316367697788e-05,completed,0.01
D,FD,zero,0.002,v,combined,7.836126783944408e-05,0.00010137197709422294,1.2936490167811725,7.026380550501088e-05,stopped,0.0076125
D,FD,zero,0.005,u,time_half,9.016174918641262e-05,1.6986412276764895e-13,1.8839932044402646e-09,9.016174923437426e-05,completed,0.01
D,FD,zero,0.005,u,x_half,9.016174918641262e-05,0.11763876067644441,1304.7524225957739,0.11754881504474479,stopped,0.007137500000000001
D,FD,zero,0.005,u,y_half,9.016174918641262e-05,6.851146381058504e-05,0.759872833311332,5.707363316576064e-05,completed,0.01
D,FD,zero,0.005,u,combined,9.016174918641262e-05,0.028653378192384518,317.79971496718235,0.030975989159314876,stopped,0.0076125
D,FD,zero,0.005,v,time_half,0.0003136520521205277,3.810285420513537e-13,1.2148128458758979e-09,0.00031365205232880555,completed,0.01
D,FD,zero,0.005,v,x_half,0.0003136520521205277,0.27875607916348333,888.7430427407667,0.2784426928285284,stopped,0.007137500000000001
D,FD,zero,0.005,v,y_half,0.0003136520521205277,0.0001740152958294023,0.5548036260337716,0.00017055433741441917,completed,0.01
D,FD,zero,0.005,v,combined,0.0003136520521205277,0.08096469767664602,258.13539917645284,0.08232088183899755,stopped,0.0076125
D,FD,zero,0.01,u,time_half,0.002022386352620309,6.170841615471545e-12,3.0512674333844677e-09,0.002022386358538464,completed,0.01
D,FD,zero,0.01,u,x_half,0.002022386352620309,,,,stopped,0.007137500000000001
D,FD,zero,0.01,u,y_half,0.002022386352620309,0.0011401048611208906,0.5637423628990136,0.0009248075834304981,completed,0.01
D,FD,zero,0.01,u,combined,0.002022386352620309,,,,stopped,0.0076125
D,FD,zero,0.01,v,time_half,0.005087856577367322,1.6790568935221017e-11,3.300126227989938e-09,0.005087856586869943,completed,0.01
D,FD,zero,0.01,v,x_half,0.005087856577367322,,,,stopped,0.007137500000000001
D,FD,zero,0.01,v,y_half,0.005087856577367322,0.002349081627457886,0.46170358612455276,0.0028484858688391235,completed,0.01
D,FD,zero,0.01,v,combined,0.005087856577367322,,,,stopped,0.0076125
D,SD,fixed,0.001,u,time_half,5.173808283731596e-05,3.608224830031759e-15,6.974021131353819e-11,5.173808283887027e-05,completed,0.01
D,SD,fixed,0.001,u,x_half,5.173808283731596e-05,2.655466831658071e-05,0.5132518806326589,3.91759096083355e-05,stopped,0.008925
D,SD,fixed,0.001,u,y_half,5.173808283731596e-05,2.935993532260141e-05,0.5674724248078561,4.1331224494900454e-05,completed,0.01
D,SD,fixed,0.001,u,combined,5.173808283731596e-05,4.266165342412118e-05,0.8245696609645453,9.808928110865978e-06,stopped,0.009525
D,SD,fixed,0.001,v,time_half,2.614953952351229e-05,4.440892098500626e-15,1.6982678010477431e-10,2.61495395230682e-05,completed,0.01
D,SD,fixed,0.001,v,x_half,2.614953952351229e-05,2.1866333775655278e-05,0.8362033968511844,1.994618642875423e-05,stopped,0.008925
D,SD,fixed,0.001,v,y_half,2.614953952351229e-05,1.6880078326983582e-05,0.645521054464684,2.407176406071798e-05,completed,0.01
D,SD,fixed,0.001,v,combined,2.614953952351229e-05,2.4338236722030283e-05,0.9307328987627725,5.074020087203479e-06,stopped,0.009525
D,SD,fixed,0.002,u,time_half,8.672599074954768e-05,1.0186296250935811e-14,1.1745378937615584e-10,8.672599074643905e-05,completed,0.01
D,SD,fixed,0.002,u,x_half,8.672599074954768e-05,0.00010719761311750453,1.2360494494329386,0.00016251510603026986,stopped,0.008925
D,SD,fixed,0.002,u,y_half,8.672599074954768e-05,5.8818571058669006e-05,0.6782115782168309,4.631129951260249e-05,completed,0.01
D,SD,fixed,0.002,u,combined,8.672599074954768e-05,7.075949571853995e-05,0.8158972311182159,4.7903866683851604e-05,stopped,0.009525
D,SD,fixed,0.002,v,time_half,4.595067384727258e-05,6.772360450213455e-15,1.4738326738630474e-10,4.5950673846384404e-05,completed,0.01
D,SD,fixed,0.002,v,x_half,4.595067384727258e-05,0.00012057753430605445,2.6240645503223967,0.00015011714519275188,stopped,0.008925
D,SD,fixed,0.002,v,y_half,4.595067384727258e-05,3.2891377660754165e-05,0.7157975042994161,3.9518596822940566e-05,completed,0.01
D,SD,fixed,0.002,v,combined,4.595067384727258e-05,4.964705467353666e-05,1.0804423638824063,3.6407988087017173e-05,stopped,0.009525
D,SD,fixed,0.005,u,time_half,0.00026372680570041496,8.693046282814976e-14,3.2962315907659353e-10,0.0002637268057359421,completed,0.01
D,SD,fixed,0.005,u,x_half,0.00026372680570041496,0.08078535278285037,306.32211453931575,0.08052257295722165,stopped,0.008925
D,SD,fixed,0.005,u,y_half,0.00026372680570041496,0.00015460791320938473,0.5862426945898487,0.00015062592399806007,completed,0.01
D,SD,fixed,0.005,u,combined,0.00026372680570041496,0.021929625797875937,83.15281315312056,0.022271587474672172,stopped,0.009525
D,SD,fixed,0.005,v,time_half,0.00015066243462702467,6.372680161348399e-14,4.229773783441381e-10,0.00015066243461880902,completed,0.01
D,SD,fixed,0.005,v,x_half,0.00015066243462702467,0.09719277874546783,645.1029348229724,0.09721319263988448,stopped,0.008925
D,SD,fixed,0.005,v,y_half,0.00015066243462702467,9.0998590378052e-05,0.6039899103139102,0.0001338905218708497,completed,0.01
D,SD,fixed,0.005,v,combined,0.00015066243462702467,0.019800403023883122,131.42229562996508,0.019817062128601126,stopped,0.009525
D,SD,fixed,0.01,u,time_half,0.001866462908217903,2.0460022565060854e-12,1.0961922937218218e-09,0.0018664629096580843,completed,0.01
D,SD,fixed,0.01,u,x_half,0.001866462908217903,,,,stopped,0.008925
D,SD,fixed,0.01,u,y_half,0.001866462908217903,0.0010680593021787886,0.57223708945739,0.0011896912415370053,completed,0.01
D,SD,fixed,0.01,u,combined,0.001866462908217903,,,,stopped,0.009525
D,SD,fixed,0.01,v,time_half,0.0013002593616895375,1.828981410767483e-12,1.4066281425506769e-09,0.0013002593627835513,completed,0.01
D,SD,fixed,0.01,v,x_half,0.0013002593616895375,,,,stopped,0.008925
D,SD,fixed,0.01,v,y_half,0.0013002593616895375,0.001389176671897239,1.068384287648707,0.0011742908064387159,completed,0.01
D,SD,fixed,0.01,v,combined,0.0013002593616895375,,,,stopped,0.009525
D,SD,minus,0.001,u,time_half,6.373509479207229e-05,3.1086244689504383e-15,4.87741405122552e-11,6.373509479229433e-05,completed,0.01
D,SD,minus,0.001,u,x_half,6.373509479207229e-05,3.438424434643039e-05,0.5394868315267225,3.9177461205186503e-05,completed,0.01
D,SD,minus,0.001,u,y_half,6.373509479207229e-05,2.9436966853939105e-05,0.46186433000489757,5.4227472397361254e-05,completed,0.01
D,SD,minus,0.001,u,combined,6.373509479207229e-05,5.602518794224734e-05,0.8790320015216492,9.83051415759384e-06,completed,0.01
D,SD,minus,0.001,v,time_half,3.4774448020247206e-05,7.771561172376096e-14,2.234848175836221e-09,3.4774448044228023e-05,completed,0.01
D,SD,minus,0.001,v,x_half,3.4774448020247206e-05,2.808887296756879e-05,0.807744610387898,1.976732413622173e-05,completed,0.01
D,SD,minus,0.001,v,y_half,3.4774448020247206e-05,1.7203035372377625e-05,0.49470333396410104,3.189441801998427e-05,completed,0.01
D,SD,minus,0.001,v,combined,3.4774448020247206e-05,3.403473213827747e-05,0.9787281776107836,5.9040429802870165e-06,completed,0.01
D,SD,minus,0.002,u,time_half,8.409780912210785e-05,5.773159728050814e-15,6.864815847542871e-11,8.409780911855513e-05,completed,0.01
D,SD,minus,0.002,u,x_half,8.409780912210785e-05,5.859606683600305e-05,0.6967609197871382,0.00011642664165489869,completed,0.01
D,SD,minus,0.002,u,y_half,8.409780912210785e-05,5.890425966321072e-05,0.7004256148657008,5.851011324375932e-05,completed,0.01
D,SD,minus,0.002,u,combined,8.409780912210785e-05,6.378966427837284e-05,0.7585175516968806,3.0336381644069377e-05,completed,0.01
D,SD,minus,0.002,v,time_half,6.4933461576544e-05,2.6201263381153694e-14,4.035094194118616e-10,6.493346157476765e-05,completed,0.01
D,SD,minus,0.002,v,x_half,6.4933461576544e-05,7.294429778825773e-05,1.123369923876159,9.886733097941303e-05,completed,0.01
D,SD,minus,0.002,v,y_half,6.4933461576544e-05,3.3595694094378015e-05,0.5173864642157601,5.631003088835129e-05,completed,0.01
D,SD,minus,0.002,v,combined,6.4933461576544e-05,7.336949143003831e-05,1.1299180676445204,3.035419403563111e-05,completed,0.01
D,SD,minus,0.005,u,time_half,0.00021751619680654422,2.375877272697835e-14,1.0922760270633576e-10,0.00021751619682053303,completed,0.01
D,SD,minus,0.005,u,x_half,0.00021751619680654422,0.027377806907510127,125.8656013182299,0.027224260736615324,completed,0.01
D,SD,minus,0.005,u,y_half,0.00021751619680654422,0.00015298066011933505,0.7033069829526022,6.910499571111117e-05,completed,0.01
D,SD,minus,0.005,u,combined,0.00021751619680654422,0.006199773893875075,28.502585025376593,0.006243555840464765,completed,0.01
D,SD,minus,0.005,v,time_half,0.00024087547203643922,6.439293542825908e-14,2.673287358146529e-10,0.00024087547199780346,completed,0.01
D,SD,minus,0.005,v,x_half,0.00024087547203643922,0.03239120322291278,134.47281680059436,0.032465333325061074,completed,0.01
D,SD,minus,0.005,v,y_half,0.00024087547203643922,7.814902687944463e-05,0.32443746230675735,0.0002100955535815352,completed,0.01
D,SD,minus,0.005,v,combined,0.00024087547203643922,0.006147292734753611,25.520625586251718,0.006202350383258004,completed,0.01
D,SD,minus,0.01,u,time_half,0.0009058399815280449,4.2787995369053533e-13,4.723571076745282e-10,0.0009058399819001917,completed,0.01
D,SD,minus,0.01,u,x_half,0.0009058399815280449,271.5352830277607,299760.7619059967,271.5361689582572,completed,0.01
D,SD,minus,0.01,u,y_half,0.0009058399815280449,0.000851616003173552,0.9401395616662631,0.00046602970277032085,completed,0.01
D,SD,minus,0.01,u,combined,0.0009058399815280449,44.71245881269026,49360.217835898155,46.177555469977776,completed,0.01
D,SD,minus,0.01,v,time_half,0.0018238353708039945,1.2390088954816747e-12,6.79342508274465e-10,0.001823835371284055,completed,0.01
D,SD,minus,0.01,v,x_half,0.0018238353708039945,619.3145981640312,339567.1605442223,619.3149242222843,completed,0.01
D,SD,minus,0.01,v,y_half,0.0018238353708039945,0.0010055164164181536,0.5513197257353856,0.0014694174918745695,completed,0.01
D,SD,minus,0.01,v,combined,0.0018238353708039945,55.07020235372022,30194.722196578427,56.438196756030194,completed,0.01
D,SD,plus,0.001,u,time_half,3.930479612623827e-05,8.215650382226158e-15,2.0902411898637801e-10,3.930479613001303e-05,completed,0.01
D,SD,plus,0.001,u,x_half,3.930479612623827e-05,1.3683694112032185e-05,0.3481431138348409,3.93064604631288e-05,stopped,0.004425
D,SD,plus,0.001,u,y_half,3.930479612623827e-05,2.9425336140724945e-05,0.7486449248131781,2.326925831730442e-05,completed,0.01
D,SD,plus,0.001,u,combined,3.930479612623827e-05,2.942900465601883e-05,0.7487382598678137,1.0514369369829524e-05,stopped,0.0049375
D,SD,plus,0.001,v,time_half,2.286544508978139e-05,3.6415315207705135e-14,1.5925915749603845e-09,2.286544507201782e-05,completed,0.01
D,SD,plus,0.001,v,x_half,2.286544508978139e-05,1.5135349963557587e-05,0.6619311325070861,2.8923237005429314e-05,stopped,0.004425
D,SD,plus,0.001,v,y_half,2.286544508978139e-05,1.7227360391725654e-05,0.7534233566887616,1.345897795435036e-05,completed,0.01
D,SD,plus,0.001,v,combined,2.286544508978139e-05,1.993669726985425e-05,0.871913806688329,7.4295609082675185e-06,stopped,0.0049375
D,SD,plus,0.002,u,time_half,7.923151635891301e-05,3.086420008457935e-14,3.895444830913846e-10,7.923151637068138e-05,completed,0.01
D,SD,plus,0.002,u,x_half,7.923151635891301e-05,0.00043664565626988505,5.511009713507336,0.0004153270854296842,stopped,0.004425
D,SD,plus,0.002,u,y_half,7.923151635891301e-05,5.937280804948479e-05,0.7493584722085879,2.9075118855192983e-05,completed,0.01
D,SD,plus,0.002,u,combined,7.923151635891301e-05,0.00015102124890040098,1.9060754588652034,0.00010724040495957432,stopped,0.0049375
D,SD,plus,0.002,v,time_half,4.352158858234034e-05,4.884981308350689e-14,1.1224271602835877e-09,4.352158859033395e-05,completed,0.01
D,SD,plus,0.002,v,x_half,4.352158858234034e-05,0.00047648734771010837,10.948298608370457,0.0004785552847188512,stopped,0.004425
D,SD,plus,0.002,v,y_half,4.352158858234034e-05,3.36223434862792e-05,0.7725440311689832,2.151056911214866e-05,completed,0.01
D,SD,plus,0.002,v,combined,4.352158858234034e-05,0.0001239010855241379,2.8468879367701425,0.00012051014218172895,stopped,0.0049375
D,SD,plus,0.005,u,time_half,0.0002928771453862833,6.459277557269161e-13,2.2054563351981088e-09,0.00029287714567782785,completed,0.01
D,SD,plus,0.005,u,x_half,0.0002928771453862833,,,,stopped,0.004425
D,SD,plus,0.005,u,y_half,0.0002928771453862833,0.00021654788384624745,0.7393812977814872,7.834087079738872e-05,completed,0.01
D,SD,plus,0.005,u,combined,0.0002928771453862833,,,,stopped,0.0049375
D,SD,plus,0.005,v,time_half,0.00022705011767065741,6.470379787515412e-13,2.849758394268212e-09,0.00022705011831058997,completed,0.01
D,SD,plus,0.005,v,x_half,0.00022705011767065741,,,,stopped,0.004425
D,SD,plus,0.005,v,y_half,0.00022705011767065741,0.00019006030151980422,0.8370852368175913,0.0001151262302769851,completed,0.01
D,SD,plus,0.005,v,combined,0.00022705011767065741,,,,stopped,0.0049375
D,SD,plus,0.01,u,time_half,0.0076020997894117315,4.6355363991779086e-11,6.097705275632296e-09,0.007602099834268072,completed,0.01
D,SD,plus,0.01,u,x_half,0.0076020997894117315,,,,stopped,0.004425
D,SD,plus,0.01,u,y_half,0.0076020997894117315,0.006422839537102446,0.8448770359537021,0.001445780690213061,completed,0.01
D,SD,plus,0.01,u,combined,0.0076020997894117315,,,,stopped,0.0049375
D,SD,plus,0.01,v,time_half,0.008927365577268365,5.643885359063461e-11,6.322005422780504e-09,0.008927365633313755,completed,0.01
D,SD,plus,0.01,v,x_half,0.008927365577268365,,,,stopped,0.004425
D,SD,plus,0.01,v,y_half,0.008927365577268365,0.008060212436114664,0.9028657296883057,0.0017484385942774239,completed,0.01
D,SD,plus,0.01,v,combined,0.008927365577268365,,,,stopped,0.0049375
D,SD,zero,0.001,u,time_half,4.542143706087742e-05,4.218847493575595e-15,9.288229890043241e-11,4.5421437061987646e-05,completed,0.01
D,SD,zero,0.001,u,x_half,4.542143706087742e-05,2.1660778609877696e-05,0.4768844847609334,3.9196733053747934e-05,stopped,0.0056625
D,SD,zero,0.001,u,y_half,4.542143706087742e-05,2.941746407775275e-05,0.647655952371677,3.472189722120156e-05,completed,0.01
D,SD,zero,0.001,u,combined,4.542143706087742e-05,3.729263681497421e-05,0.8210360399868382,9.86660686663754e-06,stopped,0.0063
D,SD,zero,0.001,v,time_half,2.255422464880752e-05,4.085620730620576e-14,1.8114658314519315e-09,2.2554224663462463e-05,completed,0.01
D,SD,zero,0.001,v,x_half,2.255422464880752e-05,1.7750792403958826e-05,0.7870273831336224,1.9833404844682434e-05,stopped,0.0056625
D,SD,zero,0.001,v,y_half,2.255422464880752e-05,1.7131194105989155e-05,0.7595558868788207,2.047529564652706e-05,completed,0.01
D,SD,zero,0.001,v,combined,2.255422464880752e-05,2.1438618983382542e-05,0.9505367316856994,5.286192100939502e-06,stopped,0.0063
D,SD,zero,0.002,u,time_half,7.840164719974396e-05,1.2434497875801753e-14,1.5859995701521895e-10,7.840164720263054e-05,completed,0.01
D,SD,zero,0.002,u,x_half,7.840164719974396e-05,0.0001529147095846728,1.9504017459619416,0.00019780829171178738,stopped,0.0056625
D,SD,zero,0.002,u,y_half,7.840164719974396e-05,5.9098185685415525e-05,0.7537875516167538,3.961988584344489e-05,completed,0.01
D,SD,zero,0.002,u,combined,7.840164719974396e-05,7.975755540872266e-05,1.0172943842050186,5.133955219793762e-05,stopped,0.0063
D,SD,zero,0.002,v,time_half,4.284843543267414e-05,5.639932965095795e-14,1.316251785659146e-09,4.284843543711503e-05,completed,0.01
D,SD,zero,0.002,v,x_half,4.284843543267414e-05,0.0001712941714302474,3.997676220859788,0.00019761996487011046,stopped,0.0056625
D,SD,zero,0.002,v,y_half,4.284843543267414e-05,3.343592805551389e-05,0.7803301968411493,3.5195240307484e-05,completed,0.01
D,SD,zero,0.002,v,combined,4.284843543267414e-05,5.83441968409316e-05,1.361641242014665,4.8012386484774794e-05,stopped,0.0063
D,SD,zero,0.005,u,time_half,0.00022175614066455296,1.2367884494324244e-13,5.577245553273291e-10,0.0002217561407185098,completed,0.01
D,SD,zero,0.005,u,x_half,0.00022175614066455296,0.2218222761949744,1000.2982353959771,0.22162079631554188,stopped,0.0056625
D,SD,zero,0.005,u,y_half,0.00022175614066455296,0.00016600790544609887,0.7486056753540657,6.537452324639759e-05,completed,0.01
D,SD,zero,0.005,u,combined,0.00022175614066455296,0.0521537406538405,235.18510241722075,0.05374524699361061,stopped,0.0063
D,SD,zero,0.005,v,time_half,0.00019769385269041706,1.2656542480726785e-13,6.402092077464123e-10,0.0001976938527921135,completed,0.01
D,SD,zero,0.005,v,x_half,0.00019769385269041706,0.285788509367205,1445.611512335397,0.28578168688700734,stopped,0.0056625
D,SD,zero,0.005,v,y_half,0.00019769385269041706,0.00011479355287216757,0.5806632391950548,0.00014737477971626944,completed,0.01
D,SD,zero,0.005,v,combined,0.00019769385269041706,0.05679770158766674,287.30130357978464,0.057018208968230955,stopped,0.0063
D,SD,zero,0.01,u,time_half,0.0018422462276475038,4.676481424326084e-12,2.538467092044378e-09,0.0018422462295339948,completed,0.01
D,SD,zero,0.01,u,x_half,0.0018422462276475038,,,,stopped,0.0056625
D,SD,zero,0.01,u,y_half,0.0018422462276475038,0.0017749929626600174,0.9634938783002059,0.0007513076195315715,completed,0.01
D,SD,zero,0.01,u,combined,0.0018422462276475038,,,,stopped,0.0063
D,SD,zero,0.01,v,time_half,0.0028344613619544212,4.090505711928927e-12,1.4431333468974988e-09,0.002834461366044927,completed,0.01
D,SD,zero,0.01,v,x_half,0.0028344613619544212,,,,stopped,0.0056625
D,SD,zero,0.01,v,y_half,0.0028344613619544212,0.0024286643733980253,0.8568345315962994,0.001549032198525424,completed,0.01
D,SD,zero,0.01,v,combined,0.0028344613619544212,,,,stopped,0.0063
E,FD,fixed,0.001,u,time_half,4.287928762058968e-10,1.3877787807814457e-17,3.236478164145305e-08,4.287928831447907e-10,completed,0.01
E,FD,fixed,0.001,u,x_half,4.287928762058968e-10,3.1635877945079827e-10,0.7377892614495998,5.612829125090091e-10,completed,0.01
E,FD,fixed,0.001,u,y_half,4.287928762058968e-10,3.202495804898024e-10,0.746863108649281,1.1156640195020273e-10,completed,0.01
E,FD,fixed,0.001,u,combined,4.287928762058968e-10,3.534505343272083e-10,0.8242919925691332,1.4402027487259161e-10,completed,0.01
E,FD,fixed,0.001,v,time_half,1.3727644021521712e-10,1.942890293094024e-16,1.415312263377481e-06,1.3727643327632322e-10,completed,0.01
E,FD,fixed,0.001,v,x_half,1.3727644021521712e-10,2.515109231993051e-10,1.832149222437552,3.1825261870288557e-10,completed,0.01
E,FD,fixed,0.001,v,y_half,1.3727644021521712e-10,1.0174906326366659e-10,0.7411982937796757,3.68539018746894e-11,completed,0.01
E,FD,fixed,0.001,v,combined,1.3727644021521712e-10,1.3201555250851574e-10,0.9616766890337952,7.97691773746223e-11,completed,0.01
E,FD,fixed,0.002,u,time_half,8.954541032279995e-10,3.122502256758253e-17,3.487060079910321e-08,8.954541275141281e-10,completed,0.01
E,FD,fixed,0.002,u,x_half,8.954541032279995e-10,2.8036091989647183e-09,3.1309356770582206,3.2778764563756724e-09,completed,0.01
E,FD,fixed,0.002,u,y_half,8.954541032279995e-10,6.702859486586699e-10,0.7485430534545248,2.3113690475473625e-10,completed,0.01
E,FD,fixed,0.002,u,combined,8.954541032279995e-10,1.1856480581215783e-09,1.3240746274403858,8.409981010204515e-10,completed,0.01
E,FD,fixed,0.002,v,time_half,3.511363144692581e-10,2.7755575615628914e-16,7.904501605759979e-07,3.511363422248337e-10,completed,0.01
E,FD,fixed,0.002,v,x_half,3.511363144692581e-10,2.3207646082656908e-09,6.609298191710881,2.52458749738782e-09,completed,0.01
E,FD,fixed,0.002,v,y_half,3.511363144692581e-10,2.645922083640154e-10,0.7535313137974523,8.779321714058597e-11,completed,0.01
E,FD,fixed,0.002,v,combined,3.511363144692581e-10,7.036041605737001e-10,2.0037920647347356,6.441751854158184e-10,completed,0.01
E,FD,fixed,0.005,u,time_half,3.452897006511746e-09,1.8388068845354155e-16,5.325403222475644e-08,3.4528971799840935e-09,completed,0.01
E,FD,fixed,0.005,u,x_half,3.452897006511746e-09,2.120315520486027e-06,614.0685680712076,2.1170151266181048e-06,completed,0.01
E,FD,fixed,0.005,u,y_half,3.452897006511746e-09,2.5872329206074402e-09,0.7492933950037409,8.843266362246194e-10,completed,0.01
E,FD,fixed,0.005,u,combined,3.452897006511746e-09,5.440529842435429e-07,157.5642086101974,5.490996593804365e-07,completed,0.01
E,FD,fixed,0.005,v,time_half,2.23699848922454e-09,9.43689570931383e-16,4.2185525626283056e-07,2.23699861412463e-09,completed,0.01
E,FD,fixed,0.005,v,x_half,2.23699848922454e-09,1.7799022025977163e-06,795.6653574740335,1.7779569537190731e-06,completed,0.01
E,FD,fixed,0.005,v,y_half,2.23699848922454e-09,1.6778127798574743e-09,0.75002857084588,5.60891902368077e-10,completed,0.01
E,FD,fixed,0.005,v,combined,2.23699848922454e-09,4.667661313778251e-07,208.6573297327664,4.672087962759308e-07,completed,0.01
E,FD,fixed,0.01,u,time_half,3.9583284913713435e-08,3.247402347028583e-15,8.203973859439686e-08,3.958328816111578e-08,completed,0.01
E,FD,fixed,0.01,u,x_half,3.9583284913713435e-08,0.1309606915191465,3308484.674898111,0.1309606628989868,completed,0.01
E,FD,fixed,0.01,u,y_half,3.9583284913713435e-08,2.9581601468030277e-08,0.7473255828189711,1.0170303696432903e-08,completed,0.01
E,FD,fixed,0.01,u,combined,3.9583284913713435e-08,0.03435828662761512,867999.881831734,0.034534389613716715,completed,0.01
E,FD,fixed,0.01,v,time_half,3.1086724527895626e-08,1.3961054534661343e-14,4.4910021067460524e-07,3.108672537444068e-08,completed,0.01
E,FD,fixed,0.01,v,x_half,3.1086724527895626e-08,0.10626866531570918,3418458.1016359297,0.10626864490449753,completed,0.01
E,FD,fixed,0.01,v,y_half,3.1086724527895626e-08,2.3165275802190713e-08,0.7451822652271837,7.95572260847699e-09,completed,0.01
E,FD,fixed,0.01,v,combined,3.1086724527895626e-08,0.029063272490719515,934909.4487146637,0.029175362718933708,completed,0.01
E,FD,minus,0.001,u,time_half,4.2882055892312643e-10,4.961309141293668e-16,1.1569662503478687e-06,4.288208850511399e-10,completed,0.01
E,FD,minus,0.001,u,x_half,4.2882055892312643e-10,3.1719906215532667e-10,0.7397011536757736,5.619367263176578e-10,completed,0.01
E,FD,minus,0.001,u,y_half,4.2882055892312643e-10,3.202773262615534e-10,0.746879597064675,1.1155467175005818e-10,completed,0.01
E,FD,minus,0.001,u,combined,4.2882055892312643e-10,3.5362010918979643e-10,0.8246342248091445,1.4418818222727836e-10,completed,0.01
E,FD,minus,0.001,v,time_half,1.3722087355283463e-10,1.5265566588595902e-16,1.1124813735220938e-06,1.3722085273615292e-10,completed,0.01
E,FD,minus,0.001,v,x_half,1.3722087355283463e-10,2.522448361297336e-10,1.8382395447483497,3.1900115882166347e-10,completed,0.01
E,FD,minus,0.001,v,y_half,1.3722087355283463e-10,1.0169967161479697e-10,0.741138494324183,3.685855787249892e-11,completed,0.01
E,FD,minus,0.001,v,combined,1.3722087355283463e-10,1.318430876130722e-10,0.9608092719385598,7.995974715679921e-11,completed,0.01
E,FD,minus,0.002,u,time_half,8.956334181242642e-10,4.475586568020162e-16,4.99711877365344e-07,8.956334111853703e-10,completed,0.01
E,FD,minus,0.002,u,x_half,8.956334181242642e-10,2.8215109380835823e-09,3.150296629164091,3.2964419527381494e-09,completed,0.01
E,FD,minus,0.002,u,y_half,8.956334181242642e-10,6.704288114864082e-10,0.7485526979224327,2.311740902871673e-10,completed,0.01
E,FD,minus,0.002,u,combined,8.956334181242642e-10,1.1898654135415692e-09,1.3285183306731883,8.45769003443575e-10,completed,0.01
E,FD,minus,0.002,v,time_half,3.514941740445643e-10,2.498001805406602e-16,7.106808561469621e-07,3.514941740445643e-10,completed,0.01
E,FD,minus,0.002,v,x_half,3.514941740445643e-10,2.335364818195629e-09,6.644106760926111,2.5397821207251425e-09,completed,0.01
E,FD,minus,0.002,v,y_half,3.514941740445643e-10,2.6489254717307054e-10,0.7536185994920248,8.787343075411513e-11,completed,0.01
E,FD,minus,0.002,v,combined,3.514941740445643e-10,7.003096896010309e-10,1.9923792236517752,6.480091047089687e-10,completed,0.01
E,FD,minus,0.005,u,time_half,3.4609322525913644e-09,5.377642775528102e-16,1.553813360981454e-07,3.4609322491219174e-09,completed,0.01
E,FD,minus,0.005,u,x_half,3.4609322525913644e-09,2.163174262305445e-06,625.0264681389743,2.159869274171583e-06,completed,0.01
E,FD,minus,0.005,u,y_half,3.4609322525913644e-09,2.5932384869563853e-09,0.7492890058783163,8.863909571610318e-10,completed,0.01
E,FD,minus,0.005,u,combined,3.4609322525913644e-09,5.550230154544417e-07,160.3680670255448,5.602205414706463e-07,completed,0.01
E,FD,minus,0.005,v,time_half,2.244141678042766e-09,7.91033905045424e-16,3.5248839802989906e-07,2.2441412200757682e-09,completed,0.01
E,FD,minus,0.005,v,x_half,2.244141678042766e-09,1.815437368143935e-06,808.9673597289426,1.8134886189402621e-06,completed,0.01
E,FD,minus,0.005,v,y_half,2.244141678042766e-09,1.6831382873675975e-09,0.7500142721985142,5.627271010277823e-10,completed,0.01
E,FD,minus,0.005,v,combined,2.244141678042766e-09,4.7605035394646354e-07,212.13025835412145,4.765234908332694e-07,completed,0.01
E,FD,minus,0.01,u,time_half,3.990134383666244e-08,1.817990202823694e-15,4.5562129693318126e-08,3.990134466586026e-08,completed,0.01
E,FD,minus,0.01,u,x_half,3.990134383666244e-08,0.13645371815748567,3419777.5071452176,0.13645368938528607,completed,0.01
E,FD,minus,0.01,u,y_half,3.990134383666244e-08,2.9818994202592416e-08,0.7473180433385282,1.0252173054947633e-08,completed,0.01
E,FD,minus,0.01,u,combined,3.990134383666244e-08,0.03577392016796093,896559.2816723852,0.03595468829983131,completed,0.01
E,FD,minus,0.01,v,time_half,3.133779598318842e-08,1.5806800313100666e-14,5.044005111776347e-07,3.1337788988783366e-08,completed,0.01
E,FD,minus,0.01,v,x_half,3.133779598318842e-08,0.11071783205257994,3533044.637599147,0.11071781153305052,completed,0.01
E,FD,minus,0.01,v,y_half,3.133779598318842e-08,2.3352190572225963e-08,0.745176546070871,8.02007964206819e-09,completed,0.01
E,FD,minus,0.01,v,combined,3.133779598318842e-08,0.0302637193672247,965725.840561987,0.030377971589942883,completed,0.01
E,FD,plus,0.001,u,time_half,4.2882395204224544e-10,4.996003610813204e-16,1.1650477047795654e-06,4.288239416339046e-10,completed,0.01
E,FD,plus,0.001,u,x_half,4.2882395204224544e-10,3.172704321485753e-10,0.7398617326238333,5.619928238054239e-10,completed,0.01
E,FD,plus,0.001,u,y_half,4.2882395204224544e-10,3.202799676262788e-10,0.7468798468484954,1.1155452256383924e-10,completed,0.01
E,FD,plus,0.001,u,combined,4.2882395204224544e-10,3.53634643802041e-10,0.8246615939195552,1.442030696241492e-10,completed,0.01
E,FD,plus,0.001,v,time_half,1.3721528080434808e-10,1.942890293094024e-16,1.4159430944606992e-06,1.372152946821359e-10,completed,0.01
E,FD,plus,0.001,v,x_half,1.3721528080434808e-10,2.5230466327297307e-10,1.838750478765759,3.1906205455456416e-10,completed,0.01
E,FD,plus,0.001,v,y_half,1.3721528080434808e-10,1.0169508831897793e-10,0.7411353001126928,3.685898808392096e-11,completed,0.01
E,FD,plus,0.001,v,combined,1.3721528080434808e-10,1.3182656605777965e-10,0.9607280274107949,7.997602580189778e-11,completed,0.01
E,FD,plus,0.002,u,time_half,8.956502831058977e-10,1.1449174941446927e-16,1.2783086386958947e-07,8.956502657586629e-10,completed,0.01
E,FD,plus,0.002,u,x_half,8.956502831058977e-10,2.82305417237394e-09,3.1519603416908146,3.298042661886713e-09,completed,0.01
E,FD,plus,0.002,u,y_half,8.956502831058977e-10,6.704414264053276e-10,0.7485526874176822,2.3117860056820483e-10,completed,0.01
E,FD,plus,0.002,u,combined,8.956502831058977e-10,1.1902289264102528e-09,1.3288991795802576,8.461792377900679e-10,completed,0.01
E,FD,plus,0.002,v,time_half,3.5152557253947947e-10,3.191891195797325e-16,9.080110936847552e-07,3.5152557253947947e-10,completed,0.01
E,FD,plus,0.002,v,x_half,3.5152557253947947e-10,2.3366165391447424e-09,6.64707412967038,2.5410710063900055e-09,completed,0.01
E,FD,plus,0.002,v,y_half,3.5152557253947947e-10,2.649194563468752e-10,0.7536278354745368,8.788016842009583e-11,completed,0.01
E,FD,plus,0.002,v,combined,3.5152557253947947e-10,7.005524219221792e-10,1.9928917741638865,6.484294212683039e-10,completed,0.01
E,FD,plus,0.005,u,time_half,3.4616312594160092e-09,5.100087019371813e-16,1.473318975121636e-07,3.4616312281909867e-09,completed,0.01
E,FD,plus,0.005,u,x_half,3.4616312594160092e-09,2.166895722837542e-06,625.9753163897375,2.1635903320015026e-06,completed,0.01
E,FD,plus,0.005,u,y_half,3.4616312594160092e-09,2.593755874279321e-09,0.7492871654726442,8.865771311539206e-10,completed,0.01
E,FD,plus,0.005,u,combined,3.4616312594160092e-09,5.559799874039887e-07,160.61213507119322,5.611907201372168e-07,completed,0.01
E,FD,plus,0.005,v,time_half,2.244764693570822e-09,8.604228440844963e-16,3.833020211645404e-07,2.2447647907153367e-09,completed,0.01
E,FD,plus,0.005,v,x_half,2.244764693570822e-09,1.8185218776667345e-06,810.1169280125977,1.816572821042306e-06,completed,0.01
E,FD,plus,0.005,v,y_half,2.244764693570822e-09,1.683596336687972e-09,0.750010164321419,5.628916777133952e-10,completed,0.01
E,FD,plus,0.005,v,combined,2.244764693570822e-09,4.768451051927014e-07,212.42542996084282,4.773481347003505e-07,completed,0.01
E,FD,plus,0.01,u,time_half,3.992906297267673e-08,1.2559397966072083e-15,3.145427673738905e-08,3.9929062275317895e-08,completed,0.01
E,FD,plus,0.01,u,x_half,3.992906297267673e-08,0.14798127293596539,3706104.323991481,0.1479812441504747,completed,0.01
E,FD,plus,0.01,u,y_half,3.992906297267673e-08,2.9839591669800124e-08,0.7473150995358748,1.0259429895909111e-08,completed,0.01
E,FD,plus,0.01,u,combined,3.992906297267673e-08,0.036498716841156256,914088.9899202532,0.03668101236698694,completed,0.01
E,FD,plus,0.01,v,time_half,3.13596972417729e-08,6.314393452555578e-15,2.0135377595879486e-07,3.135969811607353e-08,completed,0.01
E,FD,plus,0.01,v,x_half,3.13596972417729e-08,0.11997966705476304,3825919.176762437,0.11997964652571311,completed,0.01
E,FD,plus,0.01,v,y_half,3.13596972417729e-08,2.3368424146595004e-08,0.7451737804237132,8.025729289484751e-09,completed,0.01
E,FD,plus,0.01,v,combined,3.13596972417729e-08,0.030876802831975886,984601.4326581645,0.030991360650937726,completed,0.01
E,FD,zero,0.001,u,time_half,4.2882291814705376e-10,4.475586568020162e-16,1.0436910852057994e-06,4.2882274467470616e-10,completed,0.01
E,FD,zero,0.001,u,x_half,4.2882291814705376e-10,3.1723469337552324e-10,0.7397801748710077,5.619650821075961e-10,completed,0.01
E,FD,zero,0.001,u,y_half,4.2882291814705376e-10,3.2027917715461406e-10,0.7468798042290794,1.1155487297798139e-10,completed,0.01
E,FD,zero,0.001,u,combined,4.2882291814705376e-10,3.536272348677757e-10,0.8246463048099224,1.4419502397666761e-10,completed,0.01
E,FD,zero,0.001,v,time_half,1.3721847963443778e-10,2.0816681711721685e-16,1.5170465207878103e-06,1.372184935122256e-10,completed,0.01
E,FD,zero,0.001,v,x_half,1.3721847963443778e-10,2.5227304967234687e-10,1.8384772251115498,3.190312736212064e-10,completed,0.01
E,FD,zero,0.001,v,y_half,1.3721847963443778e-10,1.0169612643749115e-10,0.7411255882474334,3.685908522843562e-11,completed,0.01
E,FD,zero,0.001,v,combined,1.3721847963443778e-10,1.3183979127365505e-10,0.9608020116888626,7.996554807210288e-11,completed,0.01
E,FD,zero,0.002,u,time_half,8.956424074613167e-10,7.28583859910259e-17,8.134762867866178e-08,8.956423970529759e-10,completed,0.01
E,FD,zero,0.002,u,x_half,8.956424074613167e-10,2.8222795454835303e-09,3.15112317368182,3.2972394432839724e-09,completed,0.01
E,FD,zero,0.002,u,y_half,8.956424074613167e-10,6.704357984280053e-10,0.7485529859269887,2.311765154305867e-10,completed,0.01
E,FD,zero,0.002,u,combined,8.956424074613167e-10,1.1900367197909982e-09,1.3286962630143175,8.459594968979189e-10,completed,0.01
E,FD,zero,0.002,v,time_half,3.515093147110626e-10,4.163336342344337e-16,1.1844170746276128e-06,3.515092661388053e-10,completed,0.01
E,FD,zero,0.002,v,x_half,3.515093147110626e-10,2.3359817413748374e-09,6.645575646537255,2.5404228304326537e-09,completed,0.01
E,FD,zero,0.002,v,y_half,3.515093147110626e-10,2.649057897269029e-10,0.7536238120592992,8.78755054833924e-11,completed,0.01
E,FD,zero,0.002,v,combined,3.515093147110626e-10,7.004186494180254e-10,1.9926033823421239,6.482361036841411e-10,completed,0.01
E,FD,zero,0.005,u,time_half,3.4612846339099335e-09,3.642919299551295e-16,1.0524760847062102e-07,3.46128467207385e-09,completed,0.01
E,FD,zero,0.005,u,x_half,3.4612846339099335e-09,2.1650361117925288e-06,625.5007434470543,2.1617309197315138e-06,completed,0.01
E,FD,zero,0.005,u,y_half,3.4612846339099335e-09,2.5934986684504193e-09,0.7492878924322249,8.864876506475827e-10,completed,0.01
E,FD,zero,0.005,u,combined,3.4612846339099335e-09,5.554850900375906e-07,160.48523851391673,5.606824168766233e-07,completed,0.01
E,FD,zero,0.005,v,time_half,2.244453969901805e-09,8.326672684688674e-16,3.7098879265735027e-07,2.2444540254129564e-09,completed,0.01
E,FD,zero,0.005,v,x_half,2.244453969901805e-09,1.816981672911333e-06,809.5428541984428,1.8150327695531931e-06,completed,0.01
E,FD,zero,0.005,v,y_half,2.244453969901805e-09,1.6833700798211475e-09,0.7500131891298243,5.628093546761193e-10,completed,0.01
E,FD,zero,0.005,v,combined,2.244453969901805e-09,4.764423854075445e-07,212.27540942993315,4.769462979836714e-07,completed,0.01
E,FD,zero,0.01,u,time_half,3.991526007635082e-08,1.9845236565174673e-15,4.9718419790361507e-08,3.991526005553414e-08,completed,0.01
E,FD,zero,0.01,u,x_half,3.991526007635082e-08,0.1413326999866294,3540818.717359851,0.1413326712077395,completed,0.01
E,FD,zero,0.01,u,y_half,3.991526007635082e-08,2.9829305094190616e-08,0.7473158144812896,1.0255882990084508e-08,completed,0.01
E,FD,zero,0.01,u,combined,3.991526007635082e-08,0.03612369527018344,905009.6429557321,0.03630467238793916,completed,0.01
E,FD,zero,0.01,v,time_half,3.1348768927963455e-08,1.2573275753879898e-14,4.010771773134732e-07,3.1348768678163275e-08,completed,0.01
E,FD,zero,0.01,v,x_half,3.1348768927963455e-08,0.11465438173141251,3657380.6772086513,0.11465436120711382,completed,0.01
E,FD,zero,0.01,v,y_half,3.1348768927963455e-08,2.3360393447999757e-08,0.7451773784699413,8.022847886035578e-09,completed,0.01
E,FD,zero,0.01,v,combined,3.1348768927963455e-08,0.030561625384922783,974890.7670074875,0.030675880381482598,completed,0.01
E,SD,fixed,0.001,u,time_half,9.785668990403007e-09,1.3877787807814457e-17,1.4181746614794216e-09,9.785668990403007e-09,completed,0.01
E,SD,fixed,0.001,u,x_half,9.785668990403007e-09,9.503546671840724e-09,0.9711698485980911,1.5287703335892244e-08,completed,0.01
E,SD,fixed,0.001,u,y_half,9.785668990403007e-09,7.311863666960055e-09,0.7472012055722445,2.501523443249054e-09,completed,0.01
E,SD,fixed,0.001,u,combined,9.785668990403007e-09,8.51641642798368e-09,0.8702947582159065,3.909802342993984e-09,completed,0.01
E,SD,fixed,0.001,v,time_half,5.5414658139962825e-09,1.5265566588595902e-16,2.7547885525232517e-08,5.54146582787407e-09,completed,0.01
E,SD,fixed,0.001,v,x_half,5.5414658139962825e-09,5.873039429782345e-09,1.0598350015890372,9.17383842502506e-09,completed,0.01
E,SD,fixed,0.001,v,y_half,5.5414658139962825e-09,4.155835151306207e-09,0.7499523214254363,1.3874826565452025e-09,completed,0.01
E,SD,fixed,0.001,v,combined,5.5414658139962825e-09,4.8727405038796905e-09,0.8793233897739533,2.2965578258538066e-09,completed,0.01
E,SD,fixed,0.002,u,time_half,2.189696550469744e-08,4.5102810375396984e-17,2.059774463531091e-09,2.1896965497758547e-08,completed,0.01
E,SD,fixed,0.002,u,x_half,2.189696550469744e-08,8.006942589164345e-08,3.6566448385036083,9.120037806203962e-08,completed,0.01
E,SD,fixed,0.002,u,y_half,2.189696550469744e-08,1.6358551282043013e-08,0.7470693269591944,5.5996237507960345e-09,completed,0.01
E,SD,fixed,0.002,u,combined,2.189696550469744e-08,3.4241112410484373e-08,1.5637377883770611,2.3176783044837057e-08,completed,0.01
E,SD,fixed,0.002,v,time_half,1.2637750554378435e-08,2.498001805406602e-16,1.9766190151151167e-08,1.263775052662286e-08,completed,0.01
E,SD,fixed,0.002,v,x_half,1.2637750554378435e-08,5.049001606388659e-08,3.9951742872780454,5.7301498962436526e-08,completed,0.01
E,SD,fixed,0.002,v,y_half,1.2637750554378435e-08,9.473886428234948e-09,0.7496497408672665,3.1657426263764776e-09,completed,0.01
E,SD,fixed,0.002,v,combined,1.2637750554378435e-08,2.0146905223026172e-08,1.5941844346695178,1.4329292578885156e-08,completed,0.01
E,SD,fixed,0.005,u,time_half,9.328817872356066e-08,2.8449465006019636e-16,3.049632375214814e-09,9.328817870274397e-08,completed,0.01
E,SD,fixed,0.005,u,x_half,9.328817872356066e-08,6.000488263104356e-05,643.2206465178729,5.9921877930128875e-05,completed,0.01
E,SD,fixed,0.005,u,y_half,9.328817872356066e-08,6.967842440859625e-08,0.7469159046943471,2.3873607132851582e-08,completed,0.01
E,SD,fixed,0.005,u,combined,9.328817872356066e-08,1.5239682681639747e-05,163.3613485669953,1.5153055689429151e-05,completed,0.01
E,SD,fixed,0.005,v,time_half,5.7718205867529626e-08,1.096345236817342e-15,1.899479064428283e-08,5.771820574956843e-08,completed,0.01
E,SD,fixed,0.005,v,x_half,5.7718205867529626e-08,4.0461606732197786e-05,701.0198276963449,4.041107527451987e-05,completed,0.01
E,SD,fixed,0.005,v,y_half,5.7718205867529626e-08,4.324831484846171e-08,0.7493010948351705,1.4483159643807753e-08,completed,0.01
E,SD,fixed,0.005,v,combined,5.7718205867529626e-08,1.0141097922182868e-05,175.70015855063016,1.0096193359232508e-05,completed,0.01
E,SD,fixed,0.01,u,time_half,1.0992669120385434e-06,3.8892500331400015e-15,3.5380397522632185e-09,1.0992669088119578e-06,completed,0.01
E,SD,fixed,0.01,u,x_half,1.0992669120385434e-06,3.406078069948463,3098499.584265697,3.406077332391486,completed,0.01
E,SD,fixed,0.01,u,y_half,1.0992669120385434e-06,8.210339848957828e-07,0.7468922933131957,2.7857512716403243e-07,completed,0.01
E,SD,fixed,0.01,u,combined,1.0992669120385434e-06,0.8641947914881906,786155.5569662134,0.8652390426922587,completed,0.01
E,SD,fixed,0.01,v,time_half,6.867484528619294e-07,1.8970935933282362e-14,2.7624286380586086e-08,6.867484510716948e-07,completed,0.01
E,SD,fixed,0.01,v,x_half,6.867484528619294e-07,2.8164289822883948,4101107.138358034,2.8164285391414388,completed,0.01
E,SD,fixed,0.01,v,y_half,6.867484528619294e-07,5.154705723521668e-07,0.7505958989845762,1.7150287410366838e-07,completed,0.01
E,SD,fixed,0.01,v,combined,6.867484528619294e-07,0.6965691352827567,1014300.2614420184,0.6968473080527023,completed,0.01
E,SD,minus,0.001,u,time_half,9.784150132446934e-09,3.3306690738754696e-16,3.40414755373597e-08,9.784150101221911e-09,completed,0.01
E,SD,minus,0.001,u,x_half,9.784150132446934e-09,9.478483064401244e-09,0.9687589556672875,1.5262371477753334e-08,completed,0.01
E,SD,minus,0.001,u,y_half,9.784150132446934e-09,7.310733240141165e-09,0.7472016619917516,2.5011305700151087e-09,completed,0.01
E,SD,minus,0.001,u,combined,9.784150132446934e-09,8.509278936870403e-09,0.8697003645366492,3.903320760362261e-09,completed,0.01
E,SD,minus,0.001,v,time_half,5.540038622298127e-09,5.1486592766991635e-15,9.293544012448399e-07,5.540038629237021e-09,completed,0.01
E,SD,minus,0.001,v,x_half,5.540038622298127e-09,5.856930870851151e-09,1.0572003681125188,9.157646668755959e-09,completed,0.01
E,SD,minus,0.001,v,y_half,5.540038622298127e-09,4.1551117213538154e-09,0.7500149375547469,1.387108858330599e-09,completed,0.01
E,SD,minus,0.001,v,combined,5.540038622298127e-09,4.868330415049928e-09,0.8787538764541032,2.292502028489185e-09,completed,0.01
E,SD,minus,0.002,u,time_half,2.1886975076074178e-08,3.95516952522712e-16,1.8070882392289683e-08,2.188697507260473e-08,completed,0.01
E,SD,minus,0.002,u,x_half,2.1886975076074178e-08,8.057982485779047e-08,3.6816336920800254,9.172845970295551e-08,completed,0.01
E,SD,minus,0.002,u,y_half,2.1886975076074178e-08,1.6351091412852055e-08,0.7470694948031584,5.597064877543856e-09,completed,0.01
E,SD,minus,0.002,u,combined,2.1886975076074178e-08,3.409349707575248e-08,1.5577071275153918,2.3310718428454225e-08,completed,0.01
E,SD,minus,0.002,v,time_half,1.2631247839345328e-08,2.42861286636753e-15,1.922702251793837e-07,1.263124782546754e-08,completed,0.01
E,SD,minus,0.002,v,x_half,1.2631247839345328e-08,5.081240146698196e-08,4.0227538967848755,5.7635028020974755e-08,completed,0.01
E,SD,minus,0.002,v,y_half,1.2631247839345328e-08,9.469006402328378e-09,0.7496493238643597,3.164123726917545e-09,completed,0.01
E,SD,minus,0.002,v,combined,1.2631247839345328e-08,2.005610269267997e-08,1.5878164174886042,1.441269276841739e-08,completed,0.01
E,SD,minus,0.005,u,time_half,9.308423512197073e-08,1.249000902703301e-16,1.3417963858935966e-09,9.308423499707064e-08,completed,0.01
E,SD,minus,0.005,u,x_half,9.308423512197073e-08,6.119860467075633e-05,657.4540209796662,6.11154708124867e-05,completed,0.01
E,SD,minus,0.005,u,y_half,9.308423512197073e-08,6.95261592006726e-08,0.7469165869985465,2.382127304439985e-08,completed,0.01
E,SD,minus,0.005,u,combined,9.308423512197073e-08,1.554143824487329e-05,166.96101358633857,1.545405767871752e-05,completed,0.01
E,SD,minus,0.005,v,time_half,5.758080499213003e-08,2.8727020762175925e-15,4.988992558562223e-08,5.7580804804779895e-08,completed,0.01
E,SD,minus,0.005,v,x_half,5.758080499213003e-08,4.127183450187283e-05,716.7637636798189,4.1221227460710996e-05,completed,0.01
E,SD,minus,0.005,v,y_half,5.758080499213003e-08,4.3145419876404845e-08,0.7493021308455453,1.444849009879512e-08,completed,0.01
E,SD,minus,0.005,v,combined,5.758080499213003e-08,1.0343419251519964e-05,179.63311303017858,1.029891393612703e-05,completed,0.01
E,SD,minus,0.01,u,time_half,1.1080104210317576e-06,2.123301534595612e-15,1.9163191016005382e-09,1.10801042289832e-06,completed,0.01
E,SD,minus,0.01,u,x_half,1.1080104210317576e-06,3.4128477337106586,3080158.5155965243,3.4128469922136753,completed,0.01
E,SD,minus,0.01,u,y_half,1.1080104210317576e-06,8.275672390037134e-07,0.7468948155136473,2.807826308057204e-07,completed,0.01
E,SD,minus,0.01,u,combined,1.1080104210317576e-06,0.8898225328788285,803081.3753991982,0.8909679220387507,completed,0.01
E,SD,minus,0.01,v,time_half,6.923110678139222e-07,1.4349632593280148e-14,2.072714601918947e-08,6.923110679457611e-07,completed,0.01
E,SD,minus,0.01,v,x_half,6.923110678139222e-07,2.825863513235648,4081782.950774922,2.825863067487861,completed,0.01
E,SD,minus,0.01,v,y_half,6.923110678139222e-07,5.196489691993959e-07,0.7506004068955113,1.7288423267286523e-07,completed,0.01
E,SD,minus,0.01,v,combined,6.923110678139222e-07,0.718372063092603,1037643.4763075109,0.7186011042546714,completed,0.01
E,SD,plus,0.001,u,time_half,9.78399806658703e-09,3.920475055707584e-16,4.00702762717856e-08,9.783998056178689e-09,completed,0.01
E,SD,plus,0.001,u,x_half,9.78399806658703e-09,9.475984906470725e-09,0.9685186814204114,1.525984619915599e-08,stopped,0.009962500000000001
E,SD,plus,0.001,u,y_half,9.78399806658703e-09,7.310620224858963e-09,0.7472017241934248,2.501090824030827e-09,completed,0.01
E,SD,plus,0.001,u,combined,9.78399806658703e-09,8.508567387529895e-09,0.8696411558570508,3.902675252409615e-09,completed,0.01
E,SD,plus,0.001,v,time_half,5.539942123100605e-09,2.8171909249863347e-15,5.085235300995535e-07,5.539942088406136e-09,completed,0.01
E,SD,plus,0.001,v,x_half,5.539942123100605e-09,5.855329561488265e-09,1.0569297352534692,9.156037122926008e-09,stopped,0.009962500000000001
E,SD,plus,0.001,v,y_half,5.539942123100605e-09,4.155038407188591e-09,0.7500147681801216,1.3870719017816668e-09,completed,0.01
E,SD,plus,0.001,v,combined,5.539942123100605e-09,4.867879314652643e-09,0.8786877563854727,2.292102119216821e-09,completed,0.01
E,SD,plus,0.002,u,time_half,2.1885979563374125e-08,2.0816681711721685e-17,9.511423352765123e-10,2.1885979549496337e-08,completed,0.01
E,SD,plus,0.002,u,x_half,2.1885979563374125e-08,8.062390666543906e-08,3.6838153134512663,9.177406871604954e-08,stopped,0.009962500000000001
E,SD,plus,0.002,u,y_half,2.1885979563374125e-08,1.6350348603226487e-08,0.747069536270086,5.596808901747741e-09,completed,0.01
E,SD,plus,0.002,u,combined,2.1885979563374125e-08,3.4078837242193826e-08,1.5571081542643983,2.3322324904651026e-08,completed,0.01
E,SD,plus,0.002,v,time_half,1.2630601654850526e-08,5.495603971894525e-15,4.3510231120178267e-07,1.2630601578522693e-08,completed,0.01
E,SD,plus,0.002,v,x_half,1.2630601654850526e-08,5.084018724760275e-08,4.025159579637175,5.766378003563277e-08,stopped,0.009962500000000001
E,SD,plus,0.002,v,y_half,1.2630601654850526e-08,9.46851879679385e-09,0.7496490710050743,3.1639629943791547e-09,completed,0.01
E,SD,plus,0.002,v,combined,1.2630601654850526e-08,2.004698356259841e-08,1.587175663552003,1.4419787988662058e-08,completed,0.01
E,SD,plus,0.005,u,time_half,9.306407326020727e-08,4.475586568020162e-16,4.8091453675215964e-09,9.306407319428778e-08,completed,0.01
E,SD,plus,0.005,u,x_half,9.306407326020727e-08,6.130092411221755e-05,658.6959066450926,6.12177790817875e-05,stopped,0.009962500000000001
E,SD,plus,0.005,u,y_half,9.306407326020727e-08,6.951111516382987e-08,0.7469167502423486,2.381608850757222e-08,completed,0.01
E,SD,plus,0.005,u,combined,9.306407326020727e-08,1.5567671174728895e-05,167.2790651576325,1.548023124761308e-05,completed,0.01
E,SD,plus,0.005,v,time_half,5.756722781108392e-08,5.537237335317968e-15,9.61873195195242e-08,5.7567227498833695e-08,completed,0.01
E,SD,plus,0.005,v,x_half,5.756722781108392e-08,4.13411910672179e-05,718.137604313441,4.129057746612291e-05,stopped,0.009962500000000001
E,SD,plus,0.005,v,y_half,5.756722781108392e-08,4.313524335122461e-08,0.7493020767437303,1.4445076704228121e-08,completed,0.01
E,SD,plus,0.005,v,combined,5.756722781108392e-08,1.036091103420636e-05,179.9793290065547,1.0316465196578972e-05,completed,0.01
E,SD,plus,0.01,u,time_half,1.1087703704684704e-06,2.0435042547006788e-15,1.8430364926123259e-09,1.1087703722621745e-06,completed,0.01
E,SD,plus,0.01,u,x_half,1.1087703704684704e-06,,,,stopped,0.009962500000000001
E,SD,plus,0.01,u,y_half,1.1087703704684704e-06,8.281346016838771e-07,0.7468945994056273,2.8097490453737883e-07,completed,0.01
E,SD,plus,0.01,u,combined,1.1087703704684704e-06,0.7717000864648487,695996.3099832791,0.7724609136299825,completed,0.01
E,SD,plus,0.01,v,time_half,6.927954511390388e-07,1.3974932322469158e-14,2.0171801502871724e-08,6.927954459209906e-07,completed,0.01
E,SD,plus,0.01,v,x_half,6.927954511390388e-07,,,,stopped,0.009962500000000001
E,SD,plus,0.01,v,y_half,6.927954511390388e-07,5.200126911531723e-07,0.7506006142191163,1.7300499319944374e-07,completed,0.01
E,SD,plus,0.01,v,combined,6.927954511390388e-07,0.6175947429571443,891453.2304473773,0.6179498155122799,completed,0.01
E,SD,zero,0.001,u,time_half,9.784073742163946e-09,1.5612511283791264e-17,1.5957066243797792e-09,9.784073742163946e-09,completed,0.01
E,SD,zero,0.001,u,x_half,9.784073742163946e-09,9.477230215881871e-09,0.9686384695814639,1.5261105046349144e-08,completed,0.01
E,SD,zero,0.001,u,y_half,9.784073742163946e-09,7.310676795299228e-09,0.7472017268016139,2.5011101731364782e-09,completed,0.01
E,SD,zero,0.001,u,combined,9.784073742163946e-09,8.508918075075618e-09,0.8696702722514128,3.9029957044078856e-09,completed,0.01
E,SD,zero,0.001,v,time_half,5.539990591274524e-09,3.3029134982598407e-15,5.96194784782112e-07,5.5399905496411606e-09,completed,0.01
E,SD,zero,0.001,v,x_half,5.539990591274524e-09,5.856123370950872e-09,1.057063775554828,9.156835435730759e-09,completed,0.01
E,SD,zero,0.001,v,y_half,5.539990591274524e-09,4.155074247873731e-09,0.7500146759126208,1.3870918441627467e-09,completed,0.01
E,SD,zero,0.001,v,combined,5.539990591274524e-09,4.8681004627706784e-09,0.8787199874378719,2.292288352190308e-09,completed,0.01
E,SD,zero,0.002,u,time_half,2.1886476329197047e-08,4.475586568020162e-16,2.0449096056863344e-08,2.188647644021935e-08,completed,0.01
E,SD,zero,0.002,u,x_half,2.1886476329197047e-08,8.060188533276502e-08,3.682725538840636,9.175128416402667e-08,completed,0.01
E,SD,zero,0.002,u,y_half,2.1886476329197047e-08,1.635071923015313e-08,0.747069513804783,5.596936431678801e-09,completed,0.01
E,SD,zero,0.002,u,combined,2.1886476329197047e-08,3.408611432208466e-08,1.5574053040512976,2.3316528534322867e-08,completed,0.01
E,SD,zero,0.002,v,time_half,1.2630925090573175e-08,2.9282132274488504e-15,2.318288808184177e-07,1.2630925069756493e-08,completed,0.01
E,SD,zero,0.002,v,x_half,1.2630925090573175e-08,5.0826419704941284e-08,4.023966521887974,5.764952767245424e-08,completed,0.01
E,SD,zero,0.002,v,y_half,1.2630925090573175e-08,9.46875995554065e-09,0.7496489677234695,3.1640467954008322e-09,completed,0.01
E,SD,zero,0.002,v,combined,1.2630925090573175e-08,2.0051529214793783e-08,1.5874949040556672,1.4415990234883935e-08,completed,0.01
E,SD,zero,0.005,u,time_half,9.307414080422793e-08,3.86843335142828e-16,4.156292304180534e-09,9.30741407799418e-08,completed,0.01
E,SD,zero,0.005,u,x_half,9.307414080422793e-08,6.124979687517282e-05,658.0753402172746,6.116665742892519e-05,completed,0.01
E,SD,zero,0.005,u,y_half,9.307414080422793e-08,6.951863004708244e-08,0.746916699379561,2.3818673380859856e-08,completed,0.01
E,SD,zero,0.005,u,combined,9.307414080422793e-08,1.5554540533400876e-05,167.1198938716854,1.546715639395152e-05,completed,0.01
E,SD,zero,0.005,v,time_half,5.7574013376249233e-08,3.4416913763379853e-15,5.977855588851084e-08,5.757401314032684e-08,completed,0.01
E,SD,zero,0.005,v,x_half,5.7574013376249233e-08,4.130663889570507e-05,717.4528311195538,4.125602858470745e-05,completed,0.01
E,SD,zero,0.005,v,y_half,5.7574013376249233e-08,4.3140309043347385e-08,0.7493017511463579,1.4446789237121394e-08,completed,0.01
E,SD,zero,0.005,v,combined,5.7574013376249233e-08,1.0351843588208168e-05,179.80062498958205,1.0307474595031008e-05,completed,0.01
E,SD,zero,0.01,u,time_half,1.1083906548900457e-06,2.4945323584546486e-15,2.2505894897698417e-09,1.108390657353353e-06,completed,0.01
E,SD,zero,0.01,u,x_half,1.1083906548900457e-06,2.993400729635196,2700673.0131012755,2.993399987966797,completed,0.01
E,SD,zero,0.01,u,y_half,1.1083906548900457e-06,8.278510984478899e-07,0.7468946934869404,2.8087877362859004e-07,completed,0.01
E,SD,zero,0.01,u,combined,1.1083906548900457e-06,0.8048852175565392,726174.6695585278,0.805699260651147,completed,0.01
E,SD,zero,0.01,v,time_half,6.925530774554156e-07,2.135791543622645e-14,3.083939142209848e-08,6.925530739027019e-07,completed,0.01
E,SD,zero,0.01,v,x_half,6.925530774554156e-07,2.541105034839539,3669184.5254317387,2.541104998182335,completed,0.01
E,SD,zero,0.01,v,y_half,6.925530774554156e-07,5.198309860210039e-07,0.7506009329002932,1.729446542503288e-07,completed,0.01
E,SD,zero,0.01,v,combined,6.925530774554156e-07,0.6452386074846462,931681.0920188058,0.6456274792844455,completed,0.01
A,FD,mass,0.001,u,time_half,0.0025040636223653823,8.504308368628699e-14,3.396202992875788e-11,0.002504063622365729,completed,0.01
A,FD,mass,0.001,u,x_half,0.0025040636223653823,0.00227152383729895,0.9071350332357885,0.0004216386061891425,stopped,0.0033125000000000003
A,FD,mass,0.001,u,y_half,0.0025040636223653823,3.0339458791688555e-05,0.012116089431876883,0.002531513694112947,completed,0.01
A,FD,mass,0.001,u,combined,0.0025040636223653823,0.0022734539781646065,0.9079058366804044,0.00042591234421025803,stopped,0.003625
A,FD,mass,0.001,v,time_half,0.005373456397959442,9.836575998178887e-14,1.8305863618646473e-11,0.005373456397960108,completed,0.01
A,FD,mass,0.001,v,x_half,0.005373456397959442,0.005075525177332674,0.9445550129075381,0.0003804915053439717,stopped,0.0033125000000000003
A,FD,mass,0.001,v,y_half,0.005373456397959442,1.8222498894614317e-05,0.0033912062451152054,0.005631406336219891,completed,0.01
A,FD,mass,0.001,v,combined,0.005373456397959442,0.005077930149903976,0.945002578197584,0.0004148496382249123,stopped,0.003625
A,FD,mass,0.002,u,time_half,0.0035091997939006928,6.09956529729061e-13,1.7381641557976286e-10,0.0035091997939014005,completed,0.01
A,FD,mass,0.002,u,x_half,0.0035091997939006928,0.008004369716184456,2.280967225091252,0.007970869120267121,stopped,0.0033125000000000003
A,FD,mass,0.002,u,y_half,0.0035091997939006928,5.8228485963765335e-05,0.016593095116719123,0.0035690766411161645,completed,0.01
A,FD,mass,0.002,u,combined,0.0035091997939006928,0.003177705811749579,0.9055357341786922,0.0019493655138642652,stopped,0.003625
A,FD,mass,0.002,v,time_half,0.00593173711345113,6.317169010117141e-13,1.0649779127588079e-10,0.005931737113450353,completed,0.01
A,FD,mass,0.002,v,x_half,0.00593173711345113,0.008840131749275226,1.4903107774666653,0.008791688717343815,stopped,0.0033125000000000003
A,FD,mass,0.002,v,y_half,0.00593173711345113,5.5068205357214003e-05,0.009283655749399,0.006196349849963534,completed,0.01
A,FD,mass,0.002,v,combined,0.00593173711345113,0.00557607801927703,0.9400413256063578,0.0021307262400185323,stopped,0.003625
A,FD,mass,0.005,u,time_half,0.006592757745483957,6.018141540664601e-11,9.128412984364596e-09,0.006592757745443177,completed,0.01
A,FD,mass,0.005,u,x_half,0.006592757745483957,,,,stopped,0.0033125000000000003
A,FD,mass,0.005,u,y_half,0.006592757745483957,0.0008953337130534776,0.13580564425665143,0.00676694569692704,completed,0.01
A,FD,mass,0.005,u,combined,0.006592757745483957,,,,stopped,0.003625
A,FD,mass,0.005,v,time_half,0.007480351408985952,6.661471374513894e-11,8.905292024799318e-09,0.007480351408895802,completed,0.01
A,FD,mass,0.005,v,x_half,0.007480351408985952,,,,stopped,0.0033125000000000003
A,FD,mass,0.005,v,y_half,0.007480351408985952,0.0010940789940122122,0.14626037390408203,0.007760486009660672,completed,0.01
A,FD,mass,0.005,v,combined,0.007480351408985952,,,,stopped,0.003625
A,FD,mass,0.01,u,time_half,0.5368366314436179,4.8503018934553666e-08,9.034968199566271e-08,0.5368366781067158,completed,0.01
A,FD,mass,0.01,u,x_half,0.5368366314436179,,,,stopped,0.0033125000000000003
A,FD,mass,0.01,u,y_half,0.5368366314436179,0.49301987582935497,0.9183797210402084,0.053812674275827366,completed,0.01
A,FD,mass,0.01,u,combined,0.5368366314436179,,,,stopped,0.003625
A,FD,mass,0.01,v,time_half,0.651166298360017,6.908331062760453e-08,1.0609165554420283e-07,0.6511663657112345,completed,0.01
A,FD,mass,0.01,v,x_half,0.651166298360017,,,,stopped,0.0033125000000000003
A,FD,mass,0.01,v,y_half,0.651166298360017,0.6772487179910502,1.0400549286667977,0.1253575102910105,completed,0.01
A,FD,mass,0.01,v,combined,0.651166298360017,,,,stopped,0.003625
A,FD,strong,0.001,u,time_half,2.7918101372773063e-05,1.8207657603852567e-14,6.521810835463711e-10,2.791810137273143e-05,completed,0.01
A,FD,strong,0.001,u,x_half,2.7918101372773063e-05,4.5213709846114725e-05,1.6195123458577698,3.208603491078321e-05,stopped,0.0046500000000000005
A,FD,strong,0.001,u,y_half,2.7918101372773063e-05,5.374959234877318e-06,0.19252595880747142,2.8029680932448175e-05,completed,0.01
A,FD,strong,0.001,u,combined,2.7918101372773063e-05,2.712677504766984e-05,0.9716554390810057,8.283811308906763e-06,stopped,0.0050750000000000005
A,FD,strong,0.001,v,time_half,2.927439012645472e-05,2.6645352591003757e-14,9.101932602491639e-10,2.9274390127120853e-05,completed,0.01
A,FD,strong,0.001,v,x_half,2.927439012645472e-05,4.258091225750604e-05,1.454544811132597,4.63799537211429e-05,stopped,0.0046500000000000005
A,FD,strong,0.001,v,y_half,2.927439012645472e-05,1.764900378200412e-05,0.6028820312145476,2.5271765695542014e-05,completed,0.01
A,FD,strong,0.001,v,combined,2.927439012645472e-05,2.694914050579358e-05,0.92057051878393,1.2063995519895343e-05,stopped,0.0050750000000000005
A,FD,strong,0.002,u,time_half,3.280340533740045e-05,9.614531393253856e-14,2.930955275637786e-09,3.280340533251547e-05,completed,0.01
A,FD,strong,0.002,u,x_half,3.280340533740045e-05,0.0008250914869316617,25.15261688367892,0.0007940922467899458,stopped,0.0046500000000000005
A,FD,strong,0.002,u,y_half,3.280340533740045e-05,1.913517803364282e-05,0.5833290122420934,2.831741330124038e-05,completed,0.01
A,FD,strong,0.002,u,combined,3.280340533740045e-05,0.00022257385685663672,6.785083882826992,0.00019785608582867376,stopped,0.0050750000000000005
A,FD,strong,0.002,v,time_half,6.127934886546171e-05,1.0524914273446484e-13,1.7175303700686905e-09,6.127934887367736e-05,completed,0.01
A,FD,strong,0.002,v,x_half,6.127934886546171e-05,0.0008983152028416708,14.659346410711937,0.0008597645252534925,stopped,0.0046500000000000005
A,FD,strong,0.002,v,y_half,6.127934886546171e-05,3.975133725248098e-05,0.6486905946039783,2.472727978448941e-05,completed,0.01
A,FD,strong,0.002,v,combined,6.127934886546171e-05,0.0002654263946515608,4.3314166936450675,0.00022822963043656053,stopped,0.0050750000000000005
A,FD,strong,0.005,u,time_half,0.00035381039863002783,3.282485394606738e-12,9.277526628150814e-09,0.00035381040063664493,completed,0.01
A,FD,strong,0.005,u,x_half,0.00035381039863002783,,,,stopped,0.0046500000000000005
A,FD,strong,0.005,u,y_half,0.00035381039863002783,0.00024360260560514333,0.6885117185599553,0.00013148215803182595,completed,0.01
A,FD,strong,0.005,u,combined,0.00035381039863002783,7.2198525973425145,20405.993224897167,7.4521056982478475,stopped,0.0050750000000000005
A,FD,strong,0.005,v,time_half,0.0004457735478393676,3.4554581418433372e-12,7.751599794540736e-09,0.0004457735504959093,completed,0.01
A,FD,strong,0.005,v,x_half,0.0004457735478393676,,,,stopped,0.0046500000000000005
A,FD,strong,0.005,v,y_half,0.0004457735478393676,0.0003097378355765364,0.694832246277989,0.00015546733898830212,completed,0.01
A,FD,strong,0.005,v,combined,0.0004457735478393676,8.745207814079563,19618.050143322675,8.831014242896178,stopped,0.0050750000000000005
A,FD,strong,0.01,u,time_half,0.0260438437064483,4.839728617866967e-10,1.8583004384520552e-08,0.026043844177054076,completed,0.01
A,FD,strong,0.01,u,x_half,0.0260438437064483,,,,stopped,0.0046500000000000005
A,FD,strong,0.01,u,y_half,0.0260438437064483,0.019613516534253854,0.753096077342749,0.008130362714463324,completed,0.01
A,FD,strong,0.01,u,combined,0.0260438437064483,,,,stopped,0.0050750000000000005
A,FD,strong,0.01,v,time_half,0.028622730527194884,6.470615154796633e-10,2.2606561413310323e-08,0.028622731098892462,completed,0.01
A,FD,strong,0.01,v,x_half,0.028622730527194884,,,,stopped,0.0046500000000000005
A,FD,strong,0.01,v,y_half,0.028622730527194884,0.023880992378325434,0.8343366247198445,0.00936931071066871,completed,0.01
A,FD,strong,0.01,v,combined,0.028622730527194884,,,,stopped,0.0050750000000000005
A,SD,mass,0.001,u,time_half,0.002502214023138119,9.969802761133906e-14,3.984392489588244e-11,0.002502214023137758,stopped,0.009025
A,SD,mass,0.001,u,x_half,0.002502214023138119,0.002271621867940582,0.90784475146201,0.0004204159490216186,stopped,0.0026875000000000002
A,SD,mass,0.001,u,y_half,0.002502214023138119,3.040768262593547e-05,0.012152310851411531,0.002531039705770309,stopped,0.009925
A,SD,mass,0.001,u,combined,0.002502214023138119,0.002273548971563208,0.9086149108507778,0.0004255959159500805,stopped,0.0029875
A,SD,mass,0.001,v,time_half,0.005816279448026929,8.504308368628699e-14,1.4621560818426007e-11,0.005816279448025041,stopped,0.009025
A,SD,mass,0.001,v,x_half,0.005816279448026929,0.005487544874986372,0.9434802650082307,0.0004490039911155541,stopped,0.0026875000000000002
A,SD,mass,0.001,v,y_half,0.005816279448026929,0.0003291052759256865,0.05658347038970586,0.006070155392569332,stopped,0.009925
A,SD,mass,0.001,v,combined,0.005816279448026929,0.005509496834189513,0.9472544920547986,0.00048216646788135087,stopped,0.0029875
A,SD,mass,0.002,u,time_half,0.0035060146678345325,7.365219545363288e-13,2.1007383719567747e-10,0.0035060146678357537,stopped,0.009025
A,SD,mass,0.002,u,x_half,0.0035060146678345325,0.010483831023152757,2.9902416322827388,0.010407114081301128,stopped,0.0026875000000000002
A,SD,mass,0.002,u,y_half,0.0035060146678345325,5.968767244121768e-05,0.017024364726369895,0.0035683352265452536,stopped,0.009925
A,SD,mass,0.002,u,combined,0.0035060146678345325,0.0031751513171655527,0.9056297870900422,0.0027231109909608975,stopped,0.0029875
A,SD,mass,0.002,v,time_half,0.006779261397867442,6.346034808757395e-13,9.360953113201494e-11,0.006779261397873382,stopped,0.009025
A,SD,mass,0.002,v,x_half,0.006779261397867442,0.0089258302617361,1.316637571246907,0.008899497262717437,stopped,0.0026875000000000002
A,SD,mass,0.002,v,y_half,0.006779261397867442,0.0006536866703962252,0.09642446750937439,0.007035601005286052,stopped,0.009925
A,SD,mass,0.002,v,combined,0.006779261397867442,0.006398395491989635,0.9438189673586541,0.0023252403173399383,stopped,0.0029875
A,SD,mass,0.005,u,time_half,0.00659427183115735,8.988276789523297e-11,1.3630431106971487e-08,0.006594271831227995,stopped,0.009025
A,SD,mass,0.005,u,x_half,0.00659427183115735,,,,stopped,0.0026875000000000002
A,SD,mass,0.005,u,y_half,0.00659427183115735,0.0011014997556571576,0.16703887614287735,0.006768874650978515,stopped,0.009925
A,SD,mass,0.005,u,combined,0.00659427183115735,,,,stopped,0.0029875
A,SD,mass,0.005,v,time_half,0.009346328483063715,9.261924560632906e-11,9.909692963837345e-09,0.009346328483218314,stopped,0.009025
A,SD,mass,0.005,v,x_half,0.009346328483063715,,,,stopped,0.0026875000000000002
A,SD,mass,0.005,v,y_half,0.009346328483063715,0.0016552196028954327,0.17709837674706397,0.009600598971578,stopped,0.009925
A,SD,mass,0.005,v,combined,0.009346328483063715,,,,stopped,0.0029875
A,SD,strong,0.001,u,time_half,3.820140705745878e-05,1.5765166949677223e-14,4.12685504645544e-10,3.8201407066340565e-05,completed,0.01
A,SD,strong,0.001,u,x_half,3.820140705745878e-05,2.793637536060989e-05,0.7312917903414069,5.33742473556309e-05,stopped,0.0037625000000000002
A,SD,strong,0.001,u,y_half,3.820140705745878e-05,2.6267963455933423e-05,0.6876176947206093,2.7837017115769913e-05,completed,0.01
A,SD,strong,0.001,u,combined,3.820140705745878e-05,3.097257541486482e-05,0.8107705396369022,1.3686325436301772e-05,stopped,0.004200000000000001
A,SD,strong,0.001,v,time_half,2.3593110969638564e-05,1.4876988529977098e-14,6.305649369056058e-10,2.359311096979122e-05,completed,0.01
A,SD,strong,0.001,v,x_half,2.3593110969638564e-05,2.5521174146642123e-05,1.0817214473955867,3.244681280922812e-05,stopped,0.0037625000000000002
A,SD,strong,0.001,v,y_half,2.3593110969638564e-05,1.5426663612354085e-05,0.6538630548640366,2.4797111503771507e-05,completed,0.01
A,SD,strong,0.001,v,combined,2.3593110969638564e-05,2.341928979933895e-05,0.9926325455543653,8.1511728919903e-06,stopped,0.004200000000000001
A,SD,strong,0.002,u,time_half,7.28628336368331e-05,7.394085344003543e-14,1.0147951946060106e-09,7.286283368168611e-05,completed,0.01
A,SD,strong,0.002,u,x_half,7.28628336368331e-05,0.0010413262019479674,14.29159627716652,0.0009752366672581836,stopped,0.0037625000000000002
A,SD,strong,0.002,u,y_half,7.28628336368331e-05,5.3342111237949196e-05,0.7320894422500757,2.9920263760141452e-05,completed,0.01
A,SD,strong,0.002,u,combined,7.28628336368331e-05,0.0003174411056345417,4.356694487298544,0.00025691264711191764,stopped,0.004200000000000001
A,SD,strong,0.002,v,time_half,3.627055378352395e-05,6.283862319378386e-14,1.7324969331548658e-09,3.62705537857444e-05,completed,0.01
A,SD,strong,0.002,v,x_half,3.627055378352395e-05,0.0008587746102648453,23.676909246832267,0.0008553823584713793,stopped,0.0037625000000000002
A,SD,strong,0.002,v,y_half,3.627055378352395e-05,3.013779772977745e-05,0.8309163932166834,2.3802161001076905e-05,completed,0.01
A,SD,strong,0.002,v,combined,3.627055378352395e-05,0.00022908378233050107,6.315971454358199,0.00022072672824013928,stopped,0.004200000000000001
A,SD,strong,0.005,u,time_half,0.00042899589590361664,2.922773134628187e-12,6.813056167989197e-09,0.00042899589717459996,completed,0.01
A,SD,strong,0.005,u,x_half,0.00042899589590361664,,,,stopped,0.0037625000000000002
A,SD,strong,0.005,u,y_half,0.00042899589590361664,0.00034100439441336726,0.7948896426971446,0.00012487640373426423,completed,0.01
A,SD,strong,0.005,u,combined,0.00042899589590361664,,,,stopped,0.004200000000000001
A,SD,strong,0.005,v,time_half,0.00032073352804329325,2.920996777788787e-12,9.107238633918263e-09,0.00032073353063677423,completed,0.01
A,SD,strong,0.005,v,x_half,0.00032073352804329325,,,,stopped,0.0037625000000000002
A,SD,strong,0.005,v,y_half,0.00032073352804329325,0.0002534320305193812,0.7901638224899656,0.00014848174180759344,completed,0.01
A,SD,strong,0.005,v,combined,0.00032073352804329325,,,,stopped,0.004200000000000001
A,SD,strong,0.01,u,time_half,0.033315318788635695,4.842453105169398e-10,1.4535214673741088e-08,0.03331531926863285,completed,0.01
A,SD,strong,0.01,u,x_half,0.033315318788635695,,,,stopped,0.0037625000000000002
A,SD,strong,0.01,u,y_half,0.033315318788635695,0.02496392683772089,0.7493227663856671,0.00896423426957682,completed,0.01
A,SD,strong,0.01,u,combined,0.033315318788635695,,,,stopped,0.004200000000000001
A,SD,strong,0.01,v,time_half,0.031124979857254154,6.529548013389785e-10,2.097848108925916e-08,0.031124980510208955,completed,0.01
A,SD,strong,0.01,v,x_half,0.031124979857254154,,,,stopped,0.0037625000000000002
A,SD,strong,0.01,v,y_half,0.031124979857254154,0.02217203293858301,0.712354932927466,0.010605350693538185,completed,0.01
A,SD,strong,0.01,v,combined,0.031124979857254154,,,,stopped,0.004200000000000001
B,FD,mass,0.001,u,time_half,2.047114573411335e-07,3.552713678800501e-15,1.735473785856655e-08,2.0471145739664465e-07,completed,0.01
B,FD,mass,0.001,u,x_half,2.047114573411335e-07,2.2706281110895787e-07,1.1091846741659301,2.7527001011939944e-07,stopped,0.007975000000000001
B,FD,mass,0.001,u,y_half,2.047114573411335e-07,1.5349052535985287e-07,0.7497896178037291,1.8912716823193954e-07,completed,0.01
B,FD,mass,0.001,u,combined,2.047114573411335e-07,1.8879109817846296e-07,0.9222302485193065,7.011247193933201e-08,stopped,0.0085875
B,FD,mass,0.001,v,time_half,2.5906868222902446e-07,1.8318679906315083e-15,7.070974287089175e-09,2.5906868256209137e-07,completed,0.01
B,FD,mass,0.001,v,x_half,2.5906868222902446e-07,2.657634531333386e-07,1.0258416835516837,2.3822466749257032e-07,stopped,0.007975000000000001
B,FD,mass,0.001,v,y_half,2.5906868222902446e-07,1.3230504378112935e-07,0.5106948576060141,2.4932009445866044e-07,completed,0.01
B,FD,mass,0.001,v,combined,2.5906868222902446e-07,2.4646254746038377e-07,0.9513405686083797,5.932246710527167e-08,stopped,0.0085875
B,FD,mass,0.002,u,time_half,4.096400196273997e-07,8.548717289613705e-15,2.0868852846431963e-08,4.0964001968291086e-07,completed,0.01
B,FD,mass,0.002,u,x_half,4.096400196273997e-07,1.935659158958103e-06,4.725268690101957,2.1045123901330953e-06,stopped,0.007975000000000001
B,FD,mass,0.002,u,y_half,4.096400196273997e-07,3.0697746884524146e-07,0.749383493156899,1.889762703544129e-07,completed,0.01
B,FD,mass,0.002,u,combined,4.096400196273997e-07,6.255713795718697e-07,1.527124669461926,5.427062845231312e-07,stopped,0.0085875
B,FD,mass,0.002,v,time_half,3.905639012202755e-07,4.829470157119431e-15,1.2365377706516817e-08,3.905639026080543e-07,completed,0.01
B,FD,mass,0.002,v,x_half,3.905639012202755e-07,1.4607026962987213e-06,3.739983884160596,1.5287846134026672e-06,stopped,0.007975000000000001
B,FD,mass,0.002,v,y_half,3.905639012202755e-07,2.776240362193372e-07,0.710828715485303,2.618266967679972e-07,completed,0.01
B,FD,mass,0.002,v,combined,3.905639012202755e-07,5.324611604341736e-07,1.3633138105456115,3.791677596343135e-07,stopped,0.0085875
B,FD,mass,0.005,u,time_half,1.8905366078181274e-06,6.13398221105399e-14,3.2445720361549795e-08,1.890536663495812e-06,completed,0.01
B,FD,mass,0.005,u,x_half,1.8905366078181274e-06,0.0014591302722788968,771.8074679140344,0.0014574007902747321,stopped,0.007975000000000001
B,FD,mass,0.005,u,y_half,1.8905366078181274e-06,1.4319547556768442e-06,0.7574329689016001,4.64695940061155e-07,completed,0.01
B,FD,mass,0.005,u,combined,1.8905366078181274e-06,0.00038766139583937964,205.05363093009902,0.0003862828263987983,stopped,0.0085875
B,FD,mass,0.005,v,time_half,1.457070768651203e-06,4.246603069191224e-14,2.914479626217651e-08,1.4570708008476707e-06,completed,0.01
B,FD,mass,0.005,v,x_half,1.457070768651203e-06,0.0011588549417578808,795.3319541442878,0.001157486261016638,stopped,0.007975000000000001
B,FD,mass,0.005,v,y_half,1.457070768651203e-06,1.1336741153708144e-06,0.7780501398845892,3.475218679493963e-07,completed,0.01
B,FD,mass,0.005,v,combined,1.457070768651203e-06,0.0002964348024965011,203.4457137390163,0.00029552295253004734,stopped,0.0085875
B,FD,mass,0.01,u,time_half,2.525563205463266e-05,1.0859646515370969e-12,4.2998910072333654e-08,2.5255633131104904e-05,completed,0.01
B,FD,mass,0.01,u,x_half,2.525563205463266e-05,,,,stopped,0.007975000000000001
B,FD,mass,0.01,u,y_half,2.525563205463266e-05,1.911084904857981e-05,0.7566965264317862,6.146809154283783e-06,completed,0.01
B,FD,mass,0.01,u,combined,2.525563205463266e-05,,,,stopped,0.0085875
B,FD,mass,0.01,v,time_half,1.933098913187159e-05,8.413270080609436e-13,4.3522191354079355e-08,1.9330989968757706e-05,completed,0.01
B,FD,mass,0.01,v,x_half,1.933098913187159e-05,,,,stopped,0.007975000000000001
B,FD,mass,0.01,v,y_half,1.933098913187159e-05,1.4580152940361394e-05,0.7542372943722084,4.9466048412938335e-06,completed,0.01
B,FD,mass,0.01,v,combined,1.933098913187159e-05,,,,stopped,0.0085875
B,FD,strong,0.001,u,time_half,2.0710313342053865e-07,3.164135620181696e-15,1.527806734703853e-08,2.0710313342053865e-07,completed,0.01
B,FD,strong,0.001,u,x_half,2.0710313342053865e-07,2.2615985018070717e-07,1.0920155887814231,2.7247764977644806e-07,stopped,0.0085625
B,FD,strong,0.001,u,y_half,2.0710313342053865e-07,1.5346975210492923e-07,0.7410305656423712,1.314442791833237e-07,completed,0.01
B,FD,strong,0.001,u,combined,2.0710313342053865e-07,1.5505600852238167e-07,0.748689824057508,6.934379109813094e-08,stopped,0.009175
B,FD,strong,0.001,v,time_half,2.0803691141990655e-07,1.6653345369377348e-15,8.004995486480689e-09,2.080369119195069e-07,completed,0.01
B,FD,strong,0.001,v,x_half,2.0803691141990655e-07,2.700484730833175e-07,1.2980796111621045,2.371342923690456e-07,stopped,0.0085625
B,FD,strong,0.001,v,y_half,2.0803691141990655e-07,1.3235588230039816e-07,0.6362134555691801,1.5169877420895261e-07,completed,0.01
B,FD,strong,0.001,v,combined,2.0803691141990655e-07,1.770605561341337e-07,0.8511016382893253,5.92241698460505e-08,stopped,0.009175
B,FD,strong,0.002,u,time_half,4.143006035461916e-07,7.716050021144838e-15,1.8624278977871567e-08,4.1430060310210237e-07,completed,0.01
B,FD,strong,0.002,u,x_half,4.143006035461916e-07,1.8799882345876817e-06,4.537739550693356,2.0453169614631506e-06,stopped,0.0085625
B,FD,strong,0.002,u,y_half,4.143006035461916e-07,3.069335113119628e-07,0.7408473670682014,1.3155005057496894e-07,completed,0.01
B,FD,strong,0.002,u,combined,4.143006035461916e-07,6.055565400143198e-07,1.461635669441656,5.288081794119215e-07,stopped,0.009175
B,FD,strong,0.002,v,time_half,3.9872784923788984e-07,4.3298697960381105e-15,1.0859210873567084e-08,3.9872785057015747e-07,completed,0.01
B,FD,strong,0.002,v,x_half,3.9872784923788984e-07,1.4242674285513957e-06,3.5720289698190766,1.4845587787415404e-06,stopped,0.0085625
B,FD,strong,0.002,v,y_half,3.9872784923788984e-07,2.771255856557655e-07,0.6950244037015489,1.437865605469213e-07,completed,0.01
B,FD,strong,0.002,v,combined,3.9872784923788984e-07,5.300565685744214e-07,1.3293693169101364,3.682251257797198e-07,stopped,0.009175
B,FD,strong,0.005,u,time_half,1.8614347293555156e-06,5.3790305543088834e-14,2.8897228946465745e-08,1.8614347785383956e-06,completed,0.01
B,FD,strong,0.005,u,x_half,1.8614347293555156e-06,0.001344869348373412,722.4907364004356,0.0013431643921882341,stopped,0.0085625
B,FD,strong,0.005,u,y_half,1.8614347293555156e-06,1.4035035647148981e-06,0.7539902111963029,4.6324616498338855e-07,completed,0.01
B,FD,strong,0.005,u,combined,1.8614347293555156e-06,0.0003592476381632546,192.99502287014752,0.00035798940893444486,stopped,0.009175
B,FD,strong,0.005,v,time_half,1.4492166455770672e-06,3.4861002973229915e-14,2.4055066631772316e-08,1.4492166731661094e-06,completed,0.01
B,FD,strong,0.005,v,x_half,1.4492166455770672e-06,0.0010688561236136263,737.540606420523,0.0010674917539735818,stopped,0.0085625
B,FD,strong,0.005,v,y_half,1.4492166455770672e-06,1.1121955323653687e-06,0.767446010063251,3.6625040050752844e-07,completed,0.01
B,FD,strong,0.005,v,combined,1.4492166455770672e-06,0.00027147803286465297,187.32743216356891,0.0002700849778921044,stopped,0.009175
B,FD,strong,0.01,u,time_half,2.491596142445429e-05,9.361955655151633e-13,3.7574129674013485e-08,2.491596235265625e-05,completed,0.01
B,FD,strong,0.01,u,x_half,2.491596142445429e-05,,,,stopped,0.0085625
B,FD,strong,0.01,u,y_half,2.491596142445429e-05,1.8404302807005184e-05,0.7386551332890529,6.554165370986631e-06,completed,0.01
B,FD,strong,0.01,u,combined,2.491596142445429e-05,,,,stopped,0.009175
B,FD,strong,0.01,v,time_half,1.7869436056916488e-05,7.123190925995004e-13,3.9862427125885286e-08,1.7869436751027923e-05,completed,0.01
B,FD,strong,0.01,v,x_half,1.7869436056916488e-05,,,,stopped,0.0085625
B,FD,strong,0.01,v,y_half,1.7869436056916488e-05,1.3961493985433842e-05,0.7813057972822791,4.246458620293936e-06,completed,0.01
B,FD,strong,0.01,v,combined,1.7869436056916488e-05,,,,stopped,0.009175
B,SD,mass,0.001,u,time_half,6.850601794172739e-07,3.4416913763379853e-15,5.023925604996568e-09,6.850601794172739e-07,completed,0.01
B,SD,mass,0.001,u,x_half,6.850601794172739e-07,4.130573831306883e-07,0.6029505079131052,8.125364249766953e-07,stopped,0.006325
B,SD,mass,0.001,u,y_half,6.850601794172739e-07,5.095214778700274e-07,0.7437616331800758,1.9094146877507434e-07,completed,0.01
B,SD,mass,0.001,u,combined,6.850601794172739e-07,5.154211234787401e-07,0.7523734979270985,2.0861307226116566e-07,stopped,0.0069625
B,SD,mass,0.001,v,time_half,3.8534131369116764e-07,7.93809462606987e-15,2.060016495514381e-08,3.853413137466788e-07,completed,0.01
B,SD,mass,0.001,v,x_half,3.8534131369116764e-07,3.438776735031901e-07,0.8923976259103932,3.977945315924991e-07,stopped,0.006325
B,SD,mass,0.001,v,y_half,3.8534131369116764e-07,2.633968086529046e-07,0.6835415754667934,2.2671123178774621e-07,completed,0.01
B,SD,mass,0.001,v,combined,3.8534131369116764e-07,3.0895808716383944e-07,0.8017777388163844,9.816964702258346e-08,stopped,0.0069625
B,SD,mass,0.002,u,time_half,1.3670353187222872e-06,8.604228440844963e-15,6.2940791090072114e-09,1.3670353188333095e-06,completed,0.01
B,SD,mass,0.002,u,x_half,1.3670353187222872e-06,4.074223691197254e-06,2.9803353544700415,4.8151801586571175e-06,stopped,0.006325
B,SD,mass,0.002,u,y_half,1.3670353187222872e-06,1.0183796729450177e-06,0.7449549100873678,3.5368232931265453e-07,completed,0.01
B,SD,mass,0.002,u,combined,1.3670353187222872e-06,1.7715994787809139e-06,1.2959427269492616,1.2378068817153753e-06,stopped,0.0069625
B,SD,mass,0.002,v,time_half,7.301095272804758e-07,8.493206138382448e-15,1.1632783604424508e-08,7.301095270584312e-07,completed,0.01
B,SD,mass,0.002,v,x_half,7.301095272804758e-07,2.565968225121118e-06,3.514497659931763,2.929394025963372e-06,stopped,0.006325
B,SD,mass,0.002,v,y_half,7.301095272804758e-07,5.449495986717035e-07,0.7463943125102624,2.1757984849934964e-07,completed,0.01
B,SD,mass,0.002,v,combined,7.301095272804758e-07,7.134335400557876e-07,0.9771596087962265,7.357355228387874e-07,stopped,0.0069625
B,SD,mass,0.005,u,time_half,5.129709192808196e-06,5.767608612927688e-14,1.124353914840596e-08,5.129709140350158e-06,completed,0.01
B,SD,mass,0.005,u,x_half,5.129709192808196e-06,0.0033503554131603663,653.1277480324875,0.003345491295496106,stopped,0.006325
B,SD,mass,0.005,u,y_half,5.129709192808196e-06,3.7997816870809062e-06,0.7407401753705969,1.3407818764132884e-06,completed,0.01
B,SD,mass,0.005,u,combined,5.129709192808196e-06,0.0008535533895562259,166.39410880306815,0.0008525336852159282,stopped,0.0069625
B,SD,mass,0.005,v,time_half,2.4988766372247007e-06,3.863576125695545e-14,1.546125194073808e-08,2.498876599199562e-06,completed,0.01
B,SD,mass,0.005,v,x_half,2.4988766372247007e-06,0.0024345124695002718,974.2427590199438,0.002432429367196731,stopped,0.006325
B,SD,mass,0.005,v,y_half,2.4988766372247007e-06,1.8183081744584962e-06,0.7276502358587591,6.980469873796302e-07,completed,0.01
B,SD,mass,0.005,v,combined,2.4988766372247007e-06,0.0005999928950050529,240.10504803126906,0.0006020838653875704,stopped,0.0069625
B,SD,mass,0.01,u,time_half,5.913632902943e-05,9.75108882528275e-13,1.6489168308756513e-08,5.9136328062314725e-05,completed,0.01
B,SD,mass,0.01,u,x_half,5.913632902943e-05,,,,stopped,0.006325
B,SD,mass,0.01,u,y_half,5.913632902943e-05,4.3676910692209096e-05,0.73858001348837,1.555688175425285e-05,completed,0.01
B,SD,mass,0.01,u,combined,5.913632902943e-05,,,,stopped,0.0069625
B,SD,mass,0.01,v,time_half,3.89170718813614e-05,7.870371021567735e-13,2.0223440873353837e-08,3.8917071094324296e-05,completed,0.01
B,SD,mass,0.01,v,x_half,3.89170718813614e-05,,,,stopped,0.006325
B,SD,mass,0.01,v,y_half,3.89170718813614e-05,2.954614879111298e-05,0.7592079096080081,9.620339496141384e-06,completed,0.01
B,SD,mass,0.01,v,combined,3.89170718813614e-05,,,,stopped,0.0069625
B,SD,strong,0.001,u,time_half,6.831738417201194e-07,3.1086244689504383e-15,4.550268583357104e-09,6.831738417201194e-07,completed,0.01
B,SD,strong,0.001,u,x_half,6.831738417201194e-07,4.07061038543155e-07,0.595838150825919,8.085091672271894e-07,stopped,0.006900000000000001
B,SD,strong,0.001,u,y_half,6.831738417201194e-07,5.095468735898818e-07,0.7458524353141605,1.760101518422097e-07,completed,0.01
B,SD,strong,0.001,u,combined,6.831738417201194e-07,5.193835283473695e-07,0.7602509004730731,2.07740759872177e-07,stopped,0.00755
B,SD,strong,0.001,v,time_half,3.7321444273930027e-07,6.772360450213455e-15,1.814602993524589e-08,3.7321444273930027e-07,completed,0.01
B,SD,strong,0.001,v,x_half,3.7321444273930027e-07,2.9089609571153474e-07,0.779434186888456,4.6268575570884707e-07,stopped,0.006900000000000001
B,SD,strong,0.001,v,y_half,3.7321444273930027e-07,2.677811987421133e-07,0.7174995607797666,1.7811942115697477e-07,completed,0.01
B,SD,strong,0.001,v,combined,3.7321444273930027e-07,3.0650544964522885e-07,0.8212582755253409,1.161137032079651e-07,stopped,0.00755
B,SD,strong,0.002,u,time_half,1.3627667168614188e-06,7.716050021144838e-15,5.6620476018930326e-09,1.3627667169724411e-06,completed,0.01
B,SD,strong,0.002,u,x_half,1.3627667168614188e-06,3.945256057347191e-06,2.895034057210826,4.68035717621218e-06,stopped,0.006900000000000001
B,SD,strong,0.002,u,y_half,1.3627667168614188e-06,1.0182914513165776e-06,0.7472235994006367,3.48936412930545e-07,completed,0.01
B,SD,strong,0.002,u,combined,1.3627667168614188e-06,1.7439779497762455e-06,1.2797333015241172,1.2016997736341573e-06,stopped,0.00755
B,SD,strong,0.002,v,time_half,7.682691410826337e-07,6.6058269965196814e-15,8.598324002980058e-09,7.682691419153009e-07,completed,0.01
B,SD,strong,0.002,v,x_half,7.682691410826337e-07,2.4729334655582136e-06,3.2188374273023537,2.8448032647898636e-06,stopped,0.006900000000000001
B,SD,strong,0.002,v,y_half,7.682691410826337e-07,5.676433500699839e-07,0.7388600162568929,2.2643332281413464e-07,completed,0.01
B,SD,strong,0.002,v,combined,7.682691410826337e-07,8.76419998245559e-07,1.14077209584459,7.18801787369383e-07,stopped,0.00755
B,SD,strong,0.005,u,time_half,5.039188887112633e-06,5.062616992290714e-14,1.0046491817835993e-08,5.039188840982867e-06,completed,0.01
B,SD,strong,0.005,u,x_half,5.039188887112633e-06,0.0030542674329719355,606.1029862926962,0.0030494581828781064,stopped,0.006900000000000001
B,SD,strong,0.005,u,y_half,5.039188887112633e-06,3.7374877636895767e-06,0.7416843955280056,1.3109970623537137e-06,completed,0.01
B,SD,strong,0.005,u,combined,5.039188887112633e-06,0.0007784412653452927,154.47749286320678,0.0007767814468138678,stopped,0.00755
B,SD,strong,0.005,v,time_half,2.780007466507417e-06,3.302913498259841e-14,1.1880951896900341e-08,2.780007468339285e-06,completed,0.01
B,SD,strong,0.005,v,x_half,2.780007466507417e-06,0.002247625266834641,808.4961259684603,0.002245572945059726,stopped,0.006900000000000001
B,SD,strong,0.005,v,y_half,2.780007466507417e-06,2.0540095661816063e-06,0.7388503775358929,7.703407566839182e-07,completed,0.01
B,SD,strong,0.005,v,combined,2.780007466507417e-06,0.0005624466279213101,202.31838752142772,0.0005667521677676368,stopped,0.00755
B,SD,strong,0.01,u,time_half,5.628938432267194e-05,8.311684673856234e-13,1.4765989669047593e-08,5.628938349888646e-05,completed,0.01
B,SD,strong,0.01,u,x_half,5.628938432267194e-05,,,,stopped,0.006900000000000001
B,SD,strong,0.01,u,y_half,5.628938432267194e-05,4.199477089351244e-05,0.7460513451840689,1.4339009765385047e-05,completed,0.01
B,SD,strong,0.01,u,combined,5.628938432267194e-05,,,,stopped,0.00755
B,SD,strong,0.01,v,time_half,3.9491407949898694e-05,6.455391776682973e-13,1.6346319647232363e-08,3.9491407304359516e-05,completed,0.01
B,SD,strong,0.01,v,x_half,3.9491407949898694e-05,,,,stopped,0.006900000000000001
B,SD,strong,0.01,v,y_half,3.9491407949898694e-05,2.849765454130114e-05,0.7216165748624377,1.1329137800053513e-05,completed,0.01
B,SD,strong,0.01,v,combined,3.9491407949898694e-05,,,,stopped,0.00755
C,FD,mass,0.001,u,time_half,6.581613418155108e-07,8.215650382226158e-15,1.2482730084941829e-08,6.581613427592004e-07,completed,0.01
C,FD,mass,0.001,u,x_half,6.581613418155108e-07,5.811250802789658e-07,0.8829523148168447,4.2998770383162466e-07,stopped,0.007325000000000001
C,FD,mass,0.001,u,y_half,6.581613418155108e-07,2.0121299308619692e-07,0.3057198597097168,6.252478991219945e-07,completed,0.01
C,FD,mass,0.001,u,combined,6.581613418155108e-07,6.274827389788337e-07,0.9533874129524966,1.0963662316898493e-07,stopped,0.0079
C,FD,mass,0.001,v,time_half,6.996888752830444e-07,3.885780586188048e-15,5.553583490399411e-09,6.996888750054886e-07,completed,0.01
C,FD,mass,0.001,v,x_half,6.996888752830444e-07,6.673249929312064e-07,0.9537453238216117,3.4219243172373126e-07,stopped,0.007325000000000001
C,FD,mass,0.001,v,y_half,6.996888752830444e-07,1.7926096111686955e-07,0.2562009593826303,6.898945464905992e-07,completed,0.01
C,FD,mass,0.001,v,combined,6.996888752830444e-07,6.718042423220922e-07,0.9601470968797782,8.409077467685933e-08,stopped,0.0079
C,FD,mass,0.002,u,time_half,6.854112996057538e-07,2.2315482794965646e-14,3.2557798226847786e-08,6.854112999388207e-07,completed,0.01
C,FD,mass,0.002,u,x_half,6.854112996057538e-07,3.5980074215569147e-06,5.2494136347423455,3.866664726792646e-06,stopped,0.007325000000000001
C,FD,mass,0.002,u,y_half,6.854112996057538e-07,4.023914370247137e-07,0.5870802498531434,6.17939226399411e-07,completed,0.01
C,FD,mass,0.002,u,combined,6.854112996057538e-07,1.1183380503316868e-06,1.6316306004510737,9.956070268768435e-07,stopped,0.0079
C,FD,mass,0.002,v,time_half,7.450831923105916e-07,1.2212453270876722e-14,1.6390724414282454e-08,7.450831923105916e-07,completed,0.01
C,FD,mass,0.002,v,x_half,7.450831923105916e-07,2.5329431138088054e-06,3.3995440240087116,2.6328646000051137e-06,stopped,0.007325000000000001
C,FD,mass,0.002,v,y_half,7.450831923105916e-07,3.7922031026866254e-07,0.5089637159746622,7.249608414139352e-07,completed,0.01
C,FD,mass,0.002,v,combined,7.450831923105916e-07,8.587478965878412e-07,1.15255303763431,6.543324565511099e-07,stopped,0.0079
C,FD,mass,0.005,u,time_half,3.047399525946126e-06,1.7486012637846216e-13,5.738011208890417e-08,3.0473996909807788e-06,completed,0.01
C,FD,mass,0.005,u,x_half,3.047399525946126e-06,0.004925743124147397,1616.37589105357,0.004923088727573133,stopped,0.007325000000000001
C,FD,mass,0.005,u,y_half,3.047399525946126e-06,2.322940793360442e-06,0.7622698545374481,7.334859487007073e-07,completed,0.01
C,FD,mass,0.005,u,combined,3.047399525946126e-06,0.0013008799336011836,426.8819767560013,0.0013013151989423877,stopped,0.0079
C,FD,mass,0.005,v,time_half,2.158063274415589e-06,1.149080830487037e-13,5.324592861153304e-08,2.1580633581264053e-06,completed,0.01
C,FD,mass,0.005,v,x_half,2.158063274415589e-06,0.0037301945457699492,1728.4917407160356,0.003728258722141109,stopped,0.007325000000000001
C,FD,mass,0.005,v,y_half,2.158063274415589e-06,1.6931303175744504e-06,0.7845600903583125,8.79657892527419e-07,completed,0.01
C,FD,mass,0.005,v,combined,2.158063274415589e-06,0.0009463806308825885,438.53238322628494,0.0009459686194024375,stopped,0.0079
C,FD,mass,0.01,u,time_half,5.0772324628189924e-05,3.829547789990784e-12,7.542589034547639e-08,5.0772328457737714e-05,completed,0.01
C,FD,mass,0.01,u,x_half,5.0772324628189924e-05,,,,stopped,0.007325000000000001
C,FD,mass,0.01,u,y_half,5.0772324628189924e-05,3.8791344163505205e-05,0.7640253710575109,1.201432128028479e-05,completed,0.01
C,FD,mass,0.01,u,combined,5.0772324628189924e-05,,,,stopped,0.0079
C,FD,mass,0.01,v,time_half,3.571149585845923e-05,2.9501956433364285e-12,8.261193132400236e-08,3.571149864889378e-05,completed,0.01
C,FD,mass,0.01,v,x_half,3.571149585845923e-05,,,,stopped,0.007325000000000001
C,FD,mass,0.01,v,y_half,3.571149585845923e-05,2.7544930609716426e-05,0.7713183093446832,8.302003057236718e-06,completed,0.01
C,FD,mass,0.01,v,combined,3.571149585845923e-05,,,,stopped,0.0079
C,FD,strong,0.001,u,time_half,2.854753927694631e-07,6.994405055138486e-15,2.450090351845789e-08,2.854753952674649e-07,completed,0.01
C,FD,strong,0.001,u,x_half,2.854753927694631e-07,3.2992711174184564e-07,1.1557112104869918,3.9996823048005226e-07,stopped,0.0082
C,FD,strong,0.001,u,y_half,2.854753927694631e-07,2.0115403998457576e-07,0.704628297497496,2.4765968359430346e-07,completed,0.01
C,FD,strong,0.001,u,combined,2.854753927694631e-07,2.589602362301824e-07,0.907119292202207,1.0165621638913436e-07,stopped,0.0088
C,FD,strong,0.001,v,time_half,2.8569500398756276e-07,3.6637359812630166e-15,1.2823941371486185e-08,2.8569500443165197e-07,completed,0.01
C,FD,strong,0.001,v,x_half,2.8569500398756276e-07,3.95239105777101e-07,1.3834302324527419,3.2295802632198445e-07,stopped,0.0082
C,FD,strong,0.001,v,y_half,2.8569500398756276e-07,1.7881338151404786e-07,0.6258890740764658,2.5257025315639225e-07,completed,0.01
C,FD,strong,0.001,v,combined,2.8569500398756276e-07,2.544702156012587e-07,0.8907058648191712,8.084300806565636e-08,stopped,0.0088
C,FD,strong,0.002,u,time_half,5.469215515474524e-07,1.6486811915683575e-14,3.014474721106896e-08,5.469215511588743e-07,completed,0.01
C,FD,strong,0.002,u,x_half,5.469215515474524e-07,2.9031299076942574e-06,5.3081285597178995,3.1481854597115166e-06,stopped,0.0082
C,FD,strong,0.002,u,y_half,5.469215515474524e-07,4.022731812374722e-07,0.7355226359233531,2.5567972899986913e-07,completed,0.01
C,FD,strong,0.002,u,combined,5.469215515474524e-07,9.221716680834998e-07,1.686113237765672,8.134104848012136e-07,stopped,0.0088
C,FD,strong,0.002,v,time_half,5.425119142810075e-07,1.0103029524088925e-14,1.8622686909058017e-08,5.425119158353198e-07,completed,0.01
C,FD,strong,0.002,v,x_half,5.425119142810075e-07,2.0802932232388827e-06,3.8345576723340735,2.1450019936919418e-06,stopped,0.0082
C,FD,strong,0.002,v,y_half,5.425119142810075e-07,3.755522908703017e-07,0.6922470843207602,2.484957107862229e-07,completed,0.01
C,FD,strong,0.002,v,combined,5.425119142810075e-07,7.609038390903482e-07,1.4025569191393263,5.344085621805661e-07,stopped,0.0088
C,FD,strong,0.005,u,time_half,2.7627451757994415e-06,1.1879386363489175e-13,4.29984874014003e-08,2.7627452899303684e-06,completed,0.01
C,FD,strong,0.005,u,x_half,2.7627451757994415e-06,0.0025945036160086588,939.1034825562225,0.002592003044442681,stopped,0.0082
C,FD,strong,0.005,u,y_half,2.7627451757994415e-06,2.083569120796697e-06,0.7541662325747379,6.920184962844189e-07,completed,0.01
C,FD,strong,0.005,u,combined,2.7627451757994415e-06,0.0006897088944242056,249.64622161529178,0.0006896389886830723,stopped,0.0088
C,FD,strong,0.005,v,time_half,2.014796098404048e-06,8.22675261247241e-14,4.083168822388008e-08,2.0147961554695115e-06,completed,0.01
C,FD,strong,0.005,v,x_half,2.014796098404048e-06,0.0019325247516616129,959.1664154960378,0.0019306640826322052,stopped,0.0082
C,FD,strong,0.005,v,y_half,2.014796098404048e-06,1.5329582701313253e-06,0.7608503269117931,5.16015545737325e-07,completed,0.01
C,FD,strong,0.005,v,combined,2.014796098404048e-06,0.0004903599521739012,243.37944299292775,0.0004884317386969483,stopped,0.0088
C,FD,strong,0.01,u,time_half,4.0335120884582576e-05,2.223887740626651e-12,5.5135269012586374e-08,4.033512308310172e-05,completed,0.01
C,FD,strong,0.01,u,x_half,4.0335120884582576e-05,,,,stopped,0.0082
C,FD,strong,0.01,u,y_half,4.0335120884582576e-05,2.958966358392587e-05,0.7335955101906245,1.0863329302279734e-05,completed,0.01
C,FD,strong,0.01,u,combined,4.0335120884582576e-05,,,,stopped,0.0088
C,FD,strong,0.01,v,time_half,2.68707431830828e-05,1.740496635704858e-12,6.477292510467795e-08,2.6870744671225744e-05,completed,0.01
C,FD,strong,0.01,v,x_half,2.68707431830828e-05,,,,stopped,0.0082
C,FD,strong,0.01,v,y_half,2.68707431830828e-05,2.0713165197392905e-05,0.7708445224705744,7.053182808247627e-06,completed,0.01
C,FD,strong,0.01,v,combined,2.68707431830828e-05,,,,stopped,0.0088
C,SD,mass,0.001,u,time_half,8.628866827176118e-07,7.771561172376096e-15,9.006467857285748e-09,8.628866801640989e-07,completed,0.01
C,SD,mass,0.001,u,x_half,8.628866827176118e-07,6.123979907624033e-07,0.7097084739257896,1.1390021100177172e-06,stopped,0.005837500000000001
C,SD,mass,0.001,u,y_half,8.628866827176118e-07,6.410595097768667e-07,0.7429243290183675,6.256639077939496e-07,completed,0.01
C,SD,mass,0.001,u,combined,8.628866827176118e-07,6.975134343132647e-07,0.8083488229491343,2.932434133851025e-07,stopped,0.006425
C,SD,mass,0.001,v,time_half,5.800607952299863e-07,2.2093438190040615e-14,3.808814243562326e-08,5.800607953965198e-07,completed,0.01
C,SD,mass,0.001,v,x_half,5.800607952299863e-07,7.769633357801453e-07,1.3394515577838522,4.6814178006338025e-07,stopped,0.005837500000000001
C,SD,mass,0.001,v,y_half,5.800607952299863e-07,3.233456257431863e-07,0.5574340282986787,6.506052925847605e-07,completed,0.01
C,SD,mass,0.001,v,combined,5.800607952299863e-07,5.775479496056895e-07,0.9956679616258145,1.1867825594480408e-07,stopped,0.006425
C,SD,mass,0.002,u,time_half,1.7680928224295123e-06,2.1649348980190553e-14,1.2244464038060217e-08,1.7680928095509252e-06,completed,0.01
C,SD,mass,0.002,u,x_half,1.7680928224295123e-06,7.102726497121292e-06,4.01716833359548,8.14043201557979e-06,stopped,0.005837500000000001
C,SD,mass,0.002,u,y_half,1.7680928224295123e-06,1.3314170400256952e-06,0.7530244018502452,6.24626727230293e-07,completed,0.01
C,SD,mass,0.002,u,combined,1.7680928224295123e-06,2.7958908085332084e-06,1.5813031833314117,2.0917118345176178e-06,stopped,0.006425
C,SD,mass,0.002,v,time_half,9.759526256036821e-07,2.148281552649678e-14,2.201214993730709e-08,9.759526246044814e-07,completed,0.01
C,SD,mass,0.002,v,x_half,9.759526256036821e-07,4.146004583316376e-06,4.248161718661126,4.621338717591961e-06,stopped,0.005837500000000001
C,SD,mass,0.002,v,y_half,9.759526256036821e-07,6.62230448824236e-07,0.6785477403830016,6.469626893657043e-07,completed,0.01
C,SD,mass,0.002,v,combined,9.759526256036821e-07,1.1482415541486914e-06,1.17653411039131,1.1606350751591776e-06,stopped,0.006425
C,SD,mass,0.005,u,time_half,7.486147991508929e-06,1.7130741269966165e-13,2.2883252227175442e-08,7.486147830082501e-06,completed,0.01
C,SD,mass,0.005,u,x_half,7.486147991508929e-06,0.01068354735417787,1427.108756906162,0.010676458584905513,stopped,0.005837500000000001
C,SD,mass,0.005,u,y_half,7.486147991508929e-06,5.525655362405607e-06,0.7381173026064958,1.9806533557154005e-06,completed,0.01
C,SD,mass,0.005,u,combined,7.486147991508929e-06,0.0026850383251417567,358.6675454702777,0.0026948632194921385,stopped,0.006425
C,SD,mass,0.005,v,time_half,3.5414240717734913e-06,1.1091128016005314e-13,3.131827138242454e-08,3.541423970299107e-06,completed,0.01
C,SD,mass,0.005,v,x_half,3.5414240717734913e-06,0.007243400488609386,2045.335532206399,0.007240750110718452,stopped,0.005837500000000001
C,SD,mass,0.005,v,y_half,3.5414240717734913e-06,2.5457405855728295e-06,0.7188465809173656,1.011037100262513e-06,completed,0.01
C,SD,mass,0.005,v,combined,3.5414240717734913e-06,0.0017849325982260316,504.0154926524133,0.0017829312145120069,stopped,0.006425
C,SD,mass,0.01,u,time_half,0.0001111085179340554,3.620104216395248e-12,3.258169835857081e-08,0.00011110851431395119,completed,0.01
C,SD,mass,0.01,u,x_half,0.0001111085179340554,,,,stopped,0.005837500000000001
C,SD,mass,0.01,u,y_half,0.0001111085179340554,8.174960012205342e-05,0.735763572785419,2.958000141145556e-05,completed,0.01
C,SD,mass,0.01,u,combined,0.0001111085179340554,,,,stopped,0.006425
C,SD,mass,0.01,v,time_half,6.812241112097439e-05,2.744471316873387e-12,4.02873484909342e-08,6.812240842524186e-05,completed,0.01
C,SD,mass,0.01,v,x_half,6.812241112097439e-05,,,,stopped,0.005837500000000001
C,SD,mass,0.01,v,y_half,6.812241112097439e-05,5.10016491925896e-05,0.7486765126680398,1.7635918356018188e-05,completed,0.01
C,SD,mass,0.01,v,combined,6.812241112097439e-05,,,,stopped,0.006425
C,SD,strong,0.001,u,time_half,8.604028906011862e-07,6.6058269965196814e-15,7.677597400799078e-09,8.604028889913629e-07,completed,0.01
C,SD,strong,0.001,u,x_half,8.604028906011862e-07,5.496264578463972e-07,0.6388012683945757,1.0827149103387335e-06,stopped,0.006625000000000001
C,SD,strong,0.001,u,y_half,8.604028906011862e-07,6.411437680671018e-07,0.7451669154889957,2.502183911179401e-07,completed,0.01
C,SD,strong,0.001,u,combined,8.604028906011862e-07,6.927992139664149e-07,0.8052032617909242,2.7840274124946163e-07,stopped,0.00725
C,SD,strong,0.001,v,time_half,4.970704711726448e-07,2.6978419498391304e-14,5.427483840419286e-08,4.970704713391783e-07,completed,0.01
C,SD,strong,0.001,v,x_half,4.970704711726448e-07,4.4231678192341306e-07,0.8898472300717005,5.405181343065557e-07,stopped,0.006625000000000001
C,SD,strong,0.001,v,y_half,4.970704711726448e-07,3.280544418459967e-07,0.6599757194831541,2.7779497646651663e-07,completed,0.01
C,SD,strong,0.001,v,combined,4.970704711726448e-07,4.0911849656111014e-07,0.8230593452794608,1.3588014474708032e-07,stopped,0.00725
C,SD,strong,0.002,u,time_half,1.7668140735449533e-06,1.73749903353837e-14,9.834079655321257e-09,1.7668140643856134e-06,completed,0.01
C,SD,strong,0.002,u,x_half,1.7668140735449533e-06,5.677550409199927e-06,3.2134396562782825,6.673180588057104e-06,stopped,0.006625000000000001
C,SD,strong,0.002,u,y_half,1.7668140735449533e-06,1.322963488701654e-06,0.7487847807592153,4.534462593741573e-07,completed,0.01
C,SD,strong,0.002,u,combined,1.7668140735449533e-06,2.4102583617326984e-06,1.3641833613520702,1.7118997604481656e-06,stopped,0.00725
C,SD,strong,0.002,v,time_half,9.670620934598695e-07,2.942091015256665e-14,3.0422979404876796e-08,9.670620935708918e-07,completed,0.01
C,SD,strong,0.002,v,x_half,9.670620934598695e-07,3.2419004469819157e-06,3.3523188106601616,3.716407946829925e-06,stopped,0.006625000000000001
C,SD,strong,0.002,v,y_half,9.670620934598695e-07,6.895354654710493e-07,0.7130208805973256,3.362356748581874e-07,completed,0.01
C,SD,strong,0.002,v,combined,9.670620934598695e-07,1.0028402417928293e-06,1.0369967436164889,9.365842983388717e-07,stopped,0.00725
C,SD,strong,0.005,u,time_half,6.8348773583637445e-06,1.1540768340978502e-13,1.688511400552963e-08,6.834877254224825e-06,completed,0.01
C,SD,strong,0.005,u,x_half,6.8348773583637445e-06,0.00545929560606051,798.7408288138552,0.0054528554972047005,stopped,0.006625000000000001
C,SD,strong,0.005,u,y_half,6.8348773583637445e-06,5.0768185863910375e-06,0.7427812263783498,1.773487727951828e-06,completed,0.01
C,SD,strong,0.005,u,combined,6.8348773583637445e-06,0.0013836358510519015,202.43755352226847,0.0013852274911070328,stopped,0.00725
C,SD,strong,0.005,v,time_half,3.1834257446794467e-06,7.482903185973555e-14,2.350581978700132e-08,3.1834257545049205e-06,completed,0.01
C,SD,strong,0.005,v,x_half,3.1834257446794467e-06,0.003662193137284664,1150.39376791037,0.0036597497036632287,stopped,0.006625000000000001
C,SD,strong,0.005,v,y_half,3.1834257446794467e-06,2.361216166120175e-06,0.7417217662659621,1.022644546266882e-06,completed,0.01
C,SD,strong,0.005,v,combined,3.1834257446794467e-06,0.0009204458529300265,289.1369005444511,0.0009186848280285931,stopped,0.00725
C,SD,strong,0.01,u,time_half,8.328557620107535e-05,2.0849433290948127e-12,2.5033666382533748e-08,8.328557413966875e-05,completed,0.01
C,SD,strong,0.01,u,x_half,8.328557620107535e-05,,,,stopped,0.006625000000000001
C,SD,strong,0.01,u,y_half,8.328557620107535e-05,6.243663761713116e-05,0.749669276062774,2.0924633924057634e-05,completed,0.01
C,SD,strong,0.01,u,combined,8.328557620107535e-05,,,,stopped,0.00725
C,SD,strong,0.01,v,time_half,5.3957795542736164e-05,1.6152634785271403e-12,2.993568329246891e-08,5.395779392813882e-05,completed,0.01
C,SD,strong,0.01,v,x_half,5.3957795542736164e-05,,,,stopped,0.006625000000000001
C,SD,strong,0.01,v,y_half,5.3957795542736164e-05,3.832064440692993e-05,0.7101966272246769,1.6061494239272278e-05,completed,0.01
C,SD,strong,0.01,v,combined,5.3957795542736164e-05,,,,stopped,0.00725
D,FD,mass,0.001,u,time_half,0.000111918601116201,8.881784197001252e-15,7.935932104601289e-11,0.00011191860111650631,completed,0.01
D,FD,mass,0.001,u,x_half,0.000111918601116201,0.00010752108931269544,0.9607079452419193,1.4588933797909931e-05,stopped,0.005262500000000001
D,FD,mass,0.001,u,y_half,0.000111918601116201,6.551813068908709e-06,0.058540877062126614,0.00011193703500328445,completed,0.01
D,FD,mass,0.001,u,combined,0.000111918601116201,0.0001072637547486622,0.958408644129622,8.903753374589485e-06,stopped,0.00575
D,FD,mass,0.001,v,time_half,0.00011965898955690335,1.4654943925052066e-14,1.2247256958561368e-10,0.00011965898955723642,completed,0.01
D,FD,mass,0.001,v,x_half,0.00011965898955690335,0.00011455146340644262,0.9573159846211816,4.142696184716854e-05,stopped,0.005262500000000001
D,FD,mass,0.001,v,y_half,0.00011965898955690335,1.9661789189198607e-05,0.1643151865313765,0.00011959826236995763,completed,0.01
D,FD,mass,0.001,v,combined,0.00011965898955690335,0.000114663161507093,0.9582494548189828,9.88368361642955e-06,stopped,0.00575
D,FD,mass,0.002,u,time_half,0.00011005505966180107,1.7985612998927536e-14,1.6342377219363907e-10,0.00011005505966155127,completed,0.01
D,FD,mass,0.002,u,x_half,0.00011005505966180107,0.00024732581645547924,2.2472916485213026,0.0002340539374223738,stopped,0.005262500000000001
D,FD,mass,0.002,u,y_half,0.00011005505966180107,1.3158835838444673e-05,0.11956593253305885,0.00011006387491879766,completed,0.01
D,FD,mass,0.002,u,combined,0.00011005505966180107,0.0001054799931613356,0.9584292942593949,6.381514303233082e-05,stopped,0.00575
D,FD,mass,0.002,v,time_half,0.0001220594579119938,4.529709940470639e-14,3.7110683743463856e-10,0.00012205945791232686,completed,0.01
D,FD,mass,0.002,v,x_half,0.0001220594579119938,0.00046595264556348326,3.8174235207519946,0.0004808207656923358,stopped,0.005262500000000001
D,FD,mass,0.002,v,y_half,0.0001220594579119938,4.3047191126929045e-05,0.35267394975624533,0.00012195432975792286,completed,0.01
D,FD,mass,0.002,v,combined,0.0001220594579119938,0.00013646372713360785,1.1180102670290384,0.0001042244667135428,stopped,0.00575
D,FD,mass,0.005,u,time_half,0.00016695034795510821,4.2454928461665986e-13,2.5429673541669897e-09,0.00016695034817715282,completed,0.01
D,FD,mass,0.005,u,x_half,0.00016695034795510821,1.8606667685139904,11145.030790917013,1.8605024220182362,stopped,0.005262500000000001
D,FD,mass,0.005,u,y_half,0.00016695034795510821,0.00011435211615509033,0.6849468572886043,0.00014763750945934184,completed,0.01
D,FD,mass,0.005,u,combined,0.00016695034795510821,0.3561372145761515,2133.1924068341223,0.38033458605671244,stopped,0.00575
D,FD,mass,0.005,v,time_half,0.0002603071010995883,9.441336601412331e-13,3.6269992487835603e-09,0.00026030710144020475,completed,0.01
D,FD,mass,0.005,v,x_half,0.0002603071010995883,4.098064303873655,15743.190587435482,4.097848644330351,stopped,0.005262500000000001
D,FD,mass,0.005,v,y_half,0.0002603071010995883,0.00027744472489910505,1.0658361747609806,0.00013097050617161266,completed,0.01
D,FD,mass,0.005,v,combined,0.0002603071010995883,0.7724760203729825,2967.5564635382284,0.7846735979365316,stopped,0.00575
D,FD,mass,0.01,u,time_half,0.004758591007333779,1.0945422346253508e-10,2.30013933313134e-08,0.004758591022766323,completed,0.01
D,FD,mass,0.01,u,x_half,0.004758591007333779,,,,stopped,0.005262500000000001
D,FD,mass,0.01,u,y_half,0.004758591007333779,0.006912256357077252,1.4525846718964326,0.006600202701200875,completed,0.01
D,FD,mass,0.01,u,combined,0.004758591007333779,,,,stopped,0.00575
D,FD,mass,0.01,v,time_half,0.008529733671782225,1.2281464734087422e-10,1.4398415245620793e-08,0.008529733735865186,completed,0.01
D,FD,mass,0.01,v,x_half,0.008529733671782225,,,,stopped,0.005262500000000001
D,FD,mass,0.01,v,y_half,0.008529733671782225,0.014074789744436036,1.6500854875454996,0.006490146466263891,completed,0.01
D,FD,mass,0.01,v,combined,0.008529733671782225,,,,stopped,0.00575
D,FD,strong,0.001,u,time_half,2.261759185229195e-05,4.440892098500626e-15,1.9634681390939543e-10,2.2617591851403773e-05,completed,0.01
D,FD,strong,0.001,u,x_half,2.261759185229195e-05,3.4531933261972014e-05,1.5267732076645784,1.1914341409680063e-05,stopped,0.0061
D,FD,strong,0.001,u,y_half,2.261759185229195e-05,6.550850633621208e-06,0.2896351953118023,2.5054829177362237e-05,completed,0.01
D,FD,strong,0.001,u,combined,2.261759185229195e-05,2.526759818902078e-05,1.1171657156975485,3.614642052340855e-06,stopped,0.0066500000000000005
D,FD,strong,0.001,v,time_half,3.6269942560895885e-05,1.0658141036401503e-14,2.9385602192523135e-10,3.626994256400451e-05,completed,0.01
D,FD,strong,0.001,v,x_half,3.6269942560895885e-05,4.018640383529615e-05,1.1079809064440802,3.876297211791169e-05,stopped,0.0061
D,FD,strong,0.001,v,y_half,3.6269942560895885e-05,1.951352340162175e-05,0.5380081142631883,1.806365254175546e-05,completed,0.01
D,FD,strong,0.001,v,combined,3.6269942560895885e-05,3.191729697105452e-05,0.8799930387942182,1.0547278959993633e-05,stopped,0.0066500000000000005
D,FD,strong,0.002,u,time_half,2.9014059459209207e-05,1.6653345369377348e-14,5.739750203790078e-10,2.901405945987534e-05,completed,0.01
D,FD,strong,0.002,u,x_half,2.9014059459209207e-05,0.00016864690652296233,5.812592572923571,0.0001520468090014937,stopped,0.0061
D,FD,strong,0.002,u,y_half,2.9014059459209207e-05,1.3164069793558792e-05,0.45371347680823926,2.4295849494926358e-05,completed,0.01
D,FD,strong,0.002,u,combined,2.9014059459209207e-05,5.8225227999448855e-05,2.00679357127904,4.440844404740574e-05,stopped,0.0066500000000000005
D,FD,strong,0.002,v,time_half,7.251820005738097e-05,3.552713678800501e-14,4.899064891281596e-10,7.251820005738097e-05,completed,0.01
D,FD,strong,0.002,v,x_half,7.251820005738097e-05,0.00031895255968272807,4.398241537025915,0.0003291663716145088,stopped,0.0061
D,FD,strong,0.002,v,y_half,7.251820005738097e-05,4.190004294683371e-05,0.5777865820398156,3.374230405706058e-05,completed,0.01
D,FD,strong,0.002,v,combined,7.251820005738097e-05,0.00011242795023512691,1.5503411577530446,8.91929966670979e-05,stopped,0.0066500000000000005
D,FD,strong,0.005,u,time_half,0.0001548445739665283,3.510525203864745e-13,2.2671283300011477e-09,0.00015484457413661445,completed,0.01
D,FD,strong,0.005,u,x_half,0.0001548445739665283,0.40048063584036764,2586.3394859863597,0.4003257912664011,stopped,0.0061
D,FD,strong,0.005,u,y_half,0.0001548445739665283,8.569609500971002e-05,0.5534329864747755,0.00011161212018251376,completed,0.01
D,FD,strong,0.005,u,combined,0.0001548445739665283,0.10493150174631528,677.656950181526,0.11219051582728046,stopped,0.0066500000000000005
D,FD,strong,0.005,v,time_half,0.00031336161726835954,6.297184995673888e-13,2.009558493655924e-09,0.0003133616176613785,completed,0.01
D,FD,strong,0.005,v,x_half,0.00031336161726835954,0.889376026399336,2838.1779305079467,0.8890715138627865,stopped,0.0061
D,FD,strong,0.005,v,y_half,0.00031336161726835954,0.0002121845202327909,0.6771235165380142,0.0001496156401992188,completed,0.01
D,FD,strong,0.005,v,combined,0.00031336161726835954,0.2354537278747346,751.3802421854829,0.23926239067802957,stopped,0.0066500000000000005
D,FD,strong,0.01,u,time_half,0.003712054061231207,2.3189228315345645e-11,6.2470071644523105e-09,0.0037120540730672946,completed,0.01
D,FD,strong,0.01,u,x_half,0.003712054061231207,,,,stopped,0.0061
D,FD,strong,0.01,u,y_half,0.003712054061231207,0.0025338036821887476,0.6825880335773828,0.0022784070107453314,completed,0.01
D,FD,strong,0.01,u,combined,0.003712054061231207,,,,stopped,0.0066500000000000005
D,FD,strong,0.01,v,time_half,0.007003924299230135,4.57291982058905e-11,6.529082304746927e-09,0.007003924330160061,completed,0.01
D,FD,strong,0.01,v,x_half,0.007003924299230135,,,,stopped,0.0061
D,FD,strong,0.01,v,y_half,0.007003924299230135,0.0052246762384841015,0.7459641217222169,0.003003735788977835,completed,0.01
D,FD,strong,0.01,v,combined,0.007003924299230135,,,,stopped,0.0066500000000000005
D,SD,mass,0.001,u,time_half,0.00011069863262064272,1.5765166949677223e-14,1.4241519137552008e-10,0.00011069863262036517,completed,0.01
D,SD,mass,0.001,u,x_half,0.00011069863262064272,0.0001082182485581118,0.9775933631354684,3.922934407674106e-05,stopped,0.004200000000000001
D,SD,mass,0.001,u,y_half,0.00011069863262064272,2.9442297130417933e-05,0.26596802899377125,0.000111611068242784,completed,0.01
D,SD,mass,0.001,u,combined,0.00011069863262064272,0.00010648649441396858,0.9619495010285369,9.99680213431553e-06,stopped,0.004675
D,SD,mass,0.001,v,time_half,0.00011762911802826181,4.3520742565306136e-14,3.699827329730531e-10,0.00011762911802792875,completed,0.01
D,SD,mass,0.001,v,x_half,0.00011762911802826181,0.00011549640163810437,0.9818691457871424,2.856072882595484e-05,stopped,0.004200000000000001
D,SD,mass,0.001,v,y_half,0.00011762911802826181,1.714391995534426e-05,0.1457455453438427,0.00011908341811095458,completed,0.01
D,SD,mass,0.001,v,combined,0.00011762911802826181,0.00011327664746081138,0.9629983575460908,8.974021860175263e-06,stopped,0.004675
D,SD,mass,0.002,u,time_half,0.00010748440732200049,6.816769371198461e-14,6.342100720504385e-10,0.00010748440732183395,completed,0.01
D,SD,mass,0.002,u,x_half,0.00010748440732200049,0.0004398817623407769,4.092516982700425,0.0004098673059929059,stopped,0.004200000000000001
D,SD,mass,0.002,u,y_half,0.00010748440732200049,5.953545783461813e-05,0.5538985543853121,0.00010937657731743822,completed,0.01
D,SD,mass,0.002,u,combined,0.00010748440732200049,0.0001680626470298285,1.5636002580946318,0.00011788237787069278,stopped,0.004675
D,SD,mass,0.002,v,time_half,0.00011795910679368582,1.1102230246251565e-13,9.41193142948235e-10,0.00011795910679379684,completed,0.01
D,SD,mass,0.002,v,x_half,0.00011795910679368582,0.00048450196487648256,4.107372275409746,0.0005097636865478705,stopped,0.004200000000000001
D,SD,mass,0.002,v,y_half,0.00011795910679368582,3.346551946960533e-05,0.2837044157017701,0.00012091442885686643,completed,0.01
D,SD,mass,0.002,v,combined,0.00011795910679368582,0.00014722470191205135,1.2480994974771382,0.0001413504009875055,stopped,0.004675
D,SD,mass,0.005,u,time_half,0.0003466527576587719,2.014166611274959e-12,5.810329116889953e-09,0.0003466527593471991,completed,0.01
D,SD,mass,0.005,u,x_half,0.0003466527576587719,,,,stopped,0.004200000000000001
D,SD,mass,0.005,u,y_half,0.0003466527576587719,0.00023864710508447582,0.6884327322137976,0.00016080381600480642,completed,0.01
D,SD,mass,0.005,u,combined,0.0003466527576587719,,,,stopped,0.004675
D,SD,mass,0.005,v,time_half,0.0004126882302175616,2.7928770407470438e-12,6.767522881073421e-09,0.00041268823255835585,completed,0.01
D,SD,mass,0.005,v,x_half,0.0004126882302175616,,,,stopped,0.004200000000000001
D,SD,mass,0.005,v,y_half,0.0004126882302175616,0.0002156840557131237,0.5226319529379819,0.00020282030286145059,completed,0.01
D,SD,mass,0.005,v,combined,0.0004126882302175616,,,,stopped,0.004675
D,SD,mass,0.01,u,time_half,0.021077094684199604,4.193423386311679e-10,1.989564239826312e-08,0.021077094980372024,completed,0.01
D,SD,mass,0.01,u,x_half,0.021077094684199604,,,,stopped,0.004200000000000001
D,SD,mass,0.01,u,y_half,0.021077094684199604,0.010886495669232207,0.5165083628624226,0.010846723175617967,completed,0.01
D,SD,mass,0.01,u,combined,0.021077094684199604,,,,stopped,0.004675
D,SD,mass,0.01,v,time_half,0.02838910297221231,5.419567017383997e-10,1.909030737141907e-08,0.02838910349531476,completed,0.01
D,SD,mass,0.01,v,x_half,0.02838910297221231,,,,stopped,0.004200000000000001
D,SD,mass,0.01,v,y_half,0.02838910297221231,0.013391367425195038,0.4717080155122448,0.015243431392654383,completed,0.01
D,SD,mass,0.01,v,combined,0.02838910297221231,,,,stopped,0.004675
D,SD,strong,0.001,u,time_half,4.01616708320951e-05,8.43769498715119e-15,2.1009322601210673e-10,4.016167083498168e-05,completed,0.01
D,SD,strong,0.001,u,x_half,4.01616708320951e-05,1.8537744737118222e-05,0.46157802584009605,3.933189412741456e-05,stopped,0.004837500000000001
D,SD,strong,0.001,u,y_half,4.01616708320951e-05,2.9431845626749664e-05,0.7328341928251969,2.9060148108772665e-05,completed,0.01
D,SD,strong,0.001,u,combined,4.01616708320951e-05,3.296905412298936e-05,0.8209084293535472,9.931515378758249e-06,stopped,0.00545
D,SD,strong,0.001,v,time_half,2.222792374784177e-05,2.0872192862952943e-14,9.390077588771437e-10,2.222792374828586e-05,completed,0.01
D,SD,strong,0.001,v,x_half,2.222792374784177e-05,1.892367717337695e-05,0.8513470438377923,2.292703782469374e-05,stopped,0.004837500000000001
D,SD,strong,0.001,v,y_half,2.222792374784177e-05,1.7162538817196524e-05,0.7721161459744043,1.7523475695280233e-05,completed,0.01
D,SD,strong,0.001,v,combined,2.222792374784177e-05,1.8077472876502126e-05,0.813277617899754,6.1165472793334175e-06,stopped,0.00545
D,SD,strong,0.002,u,time_half,8.190039353928036e-05,2.1760371282653068e-14,2.6569312236841143e-10,8.190039354838419e-05,completed,0.01
D,SD,strong,0.002,u,x_half,8.190039353928036e-05,0.0002479654809550702,3.0276470019175568,0.0002643298414024553,stopped,0.004837500000000001
D,SD,strong,0.002,u,y_half,8.190039353928036e-05,5.932832973726852e-05,0.7243961496816738,3.4542454606878437e-05,completed,0.01
D,SD,strong,0.002,u,combined,8.190039353928036e-05,0.00010755871125339174,1.3132868671968636,6.317911796505093e-05,stopped,0.00545
D,SD,strong,0.002,v,time_half,4.1920824807917256e-05,6.350475700855895e-14,1.5148737482990866e-09,4.192082480858339e-05,completed,0.01
D,SD,strong,0.002,v,x_half,4.1920824807917256e-05,0.00027411143575495345,6.538789182010182,0.0002977641109445095,stopped,0.004837500000000001
D,SD,strong,0.002,v,y_half,4.1920824807917256e-05,3.350374244183143e-05,0.7992147720219437,2.2465236759305895e-05,completed,0.01
D,SD,strong,0.002,v,combined,4.1920824807917256e-05,7.921376417901193e-05,1.8896041416640126,7.790635995563733e-05,stopped,0.00545
D,SD,strong,0.005,u,time_half,0.00027403333912423555,4.740652315149418e-13,1.72995458519746e-09,0.00027403333947173536,completed,0.01
D,SD,strong,0.005,u,x_half,0.00027403333912423555,,,,stopped,0.004837500000000001
D,SD,strong,0.005,u,y_half,0.00027403333912423555,0.0001916717064539236,0.6994466697609646,0.00011238986855932609,completed,0.01
D,SD,strong,0.005,u,combined,0.00027403333912423555,0.17657834970892272,644.3681278826781,0.18428606117293267,stopped,0.00545
D,SD,strong,0.005,v,time_half,0.00022618366767046538,6.821210263296962e-13,3.0157837360896515e-09,0.00022618366825177816,completed,0.01
D,SD,strong,0.005,v,x_half,0.00022618366767046538,,,,stopped,0.004837500000000001
D,SD,strong,0.005,v,y_half,0.00022618366767046538,0.0001523235732381622,0.6734508057411447,0.00014098986055666174,completed,0.01
D,SD,strong,0.005,v,combined,0.00022618366767046538,0.24937376390121413,1102.5277221365743,0.2525688218858009,stopped,0.00545
D,SD,strong,0.01,u,time_half,0.005963362417146456,2.839617430083763e-11,4.761772355003967e-09,0.005963362444819653,completed,0.01
D,SD,strong,0.01,u,x_half,0.005963362417146456,,,,stopped,0.004837500000000001
D,SD,strong,0.01,u,y_half,0.005963362417146456,0.0040882183722795624,0.685555913979789,0.002332254093831976,completed,0.01
D,SD,strong,0.01,u,combined,0.005963362417146456,,,,stopped,0.00545
D,SD,strong,0.01,v,time_half,0.008265679877092591,5.0254911343472486e-11,6.079948908104748e-09,0.008265679926821257,completed,0.01
D,SD,strong,0.01,v,x_half,0.008265679877092591,,,,stopped,0.004837500000000001
D,SD,strong,0.01,v,y_half,0.008265679877092591,0.00505051921335686,0.61102284245895,0.0035389591140519983,completed,0.01
D,SD,strong,0.01,v,combined,0.008265679877092591,,,,stopped,0.00545
E,FD,mass,0.001,u,time_half,4.316818083549556e-10,1.3877787807814457e-17,3.214818771423251e-08,4.316818083549556e-10,completed,0.01
E,FD,mass,0.001,u,x_half,4.316818083549556e-10,4.054386305851754e-10,0.9392071260315851,6.46381170810173e-10,stopped,0.0073875
E,FD,mass,0.001,u,y_half,4.316818083549556e-10,3.224989937398664e-10,0.7470757106231534,1.1218654477618273e-10,completed,0.01
E,FD,mass,0.001,u,combined,4.316818083549556e-10,3.711837620113956e-10,0.8598550015945662,1.6578324824045865e-10,stopped,0.0079
E,FD,mass,0.001,v,time_half,1.4026392547439315e-10,1.6653345369377348e-16,1.1872864183041572e-06,1.4026392547439315e-10,completed,0.01
E,FD,mass,0.001,v,x_half,1.4026392547439315e-10,3.285970384681036e-10,2.342705277616752,4.0444668447658927e-10,stopped,0.0073875
E,FD,mass,0.001,v,y_half,1.4026392547439315e-10,1.047814494311216e-10,0.7470306358298143,3.744778792613701e-11,completed,0.01
E,FD,mass,0.001,v,combined,1.4026392547439315e-10,1.4628899145076984e-10,1.0429552071639163,1.0184537935220561e-10,stopped,0.0079
E,FD,mass,0.002,u,time_half,9.208829289397702e-10,4.475586568020162e-16,4.860103741061841e-07,9.208829358786641e-10,completed,0.01
E,FD,mass,0.002,u,x_half,9.208829289397702e-10,5.155903672754425e-09,5.598869857095205,5.611410273942408e-09,stopped,0.0073875
E,FD,mass,0.002,u,y_half,9.208829289397702e-10,6.894053227221573e-10,0.7486351424886143,2.374770727286979e-10,completed,0.01
E,FD,mass,0.002,u,combined,9.208829289397702e-10,1.7762951783429978e-09,1.9289044486774012,1.4407864554200067e-09,stopped,0.0079
E,FD,mass,0.002,v,time_half,3.898636483090634e-10,3.7470027081099033e-16,9.611059467487148e-07,3.898636413701695e-10,completed,0.01
E,FD,mass,0.002,v,x_half,3.898636483090634e-10,4.256124258583682e-09,10.916955907645052,4.464719843833009e-09,stopped,0.0073875
E,FD,mass,0.002,v,y_half,3.898636483090634e-10,2.934375011130701e-10,0.7526669962326118,9.733539668710378e-11,completed,0.01
E,FD,mass,0.002,v,combined,3.898636483090634e-10,1.2274468568989938e-09,3.1484003759333277,1.144474973124865e-09,stopped,0.0079
E,FD,mass,0.005,u,time_half,4.351169733546323e-09,6.175615574477433e-16,1.419300085414994e-07,4.351169910488117e-09,completed,0.01
E,FD,mass,0.005,u,x_half,4.351169733546323e-09,1.3641875597599634e-05,3135.220281669208,1.3637917029164781e-05,stopped,0.0073875
E,FD,mass,0.005,u,y_half,4.351169733546323e-09,3.2585247137474753e-09,0.7488847627857735,1.1150001720527936e-09,completed,0.01
E,FD,mass,0.005,u,combined,4.351169733546323e-09,3.4992504323731103e-06,804.2091314882182,3.543761028269865e-06,stopped,0.0079
E,FD,mass,0.005,v,time_half,3.0382431848163804e-09,1.2073675392798577e-15,3.973900263526227e-07,3.038243295838683e-09,completed,0.01
E,FD,mass,0.005,v,x_half,3.0382431848163804e-09,1.1311882791076311e-05,3723.165692465778,1.1309379324128677e-05,stopped,0.0073875
E,FD,mass,0.005,v,y_half,3.0382431848163804e-09,2.274696350486375e-09,0.7486880450696538,7.669079399308387e-10,completed,0.01
E,FD,mass,0.005,v,combined,3.0382431848163804e-09,2.9877475748331774e-06,983.3799972841033,2.992448432645456e-06,stopped,0.0079
E,FD,mass,0.01,u,time_half,8.59444681255983e-08,7.098488463697095e-15,8.259389601810603e-08,8.594447337487154e-08,completed,0.01
E,FD,mass,0.01,u,x_half,8.59444681255983e-08,,,,stopped,0.0073875
E,FD,mass,0.01,u,y_half,8.59444681255983e-08,6.420188543855925e-08,0.7470159143312787,2.2082000228351717e-08,completed,0.01
E,FD,mass,0.01,u,combined,8.59444681255983e-08,,,,stopped,0.0079
E,FD,mass,0.01,v,time_half,6.799857030226342e-08,1.4349632593280148e-14,2.110284455907524e-07,6.799857313333213e-08,completed,0.01
E,FD,mass,0.01,v,x_half,6.799857030226342e-08,,,,stopped,0.0073875
E,FD,mass,0.01,v,y_half,6.799857030226342e-08,5.0578642247121496e-08,0.7438192012316165,1.7471637872579215e-08,completed,0.01
E,FD,mass,0.01,v,combined,6.799857030226342e-08,,,,stopped,0.0079
E,FD,strong,0.001,u,time_half,4.2890513710092115e-10,3.5735303605122226e-16,8.331749963795311e-07,4.289051405703681e-10,completed,0.01
E,FD,strong,0.001,u,x_half,4.2890513710092115e-10,3.1976146383505544e-10,0.7455295732674233,5.639185646222344e-10,stopped,0.0099375
E,FD,strong,0.001,u,y_half,4.2890513710092115e-10,3.2036125898429417e-10,0.7469280063878398,1.1153488202464423e-10,completed,0.01
E,FD,strong,0.001,u,combined,4.2890513710092115e-10,3.541312112572835e-10,0.8256632542359982,1.4469553333285035e-10,completed,0.01
E,FD,strong,0.001,v,time_half,1.3705184209733545e-10,1.8041124150158794e-16,1.3163722481997597e-06,1.3705181434175984e-10,completed,0.01
E,FD,strong,0.001,v,x_half,1.3705184209733545e-10,2.544801591675139e-10,1.8568167729316603,3.212723004297757e-10,stopped,0.0099375
E,FD,strong,0.001,v,y_half,1.3705184209733545e-10,1.0154930074850112e-10,0.740955387351743,3.6871047881525953e-11,completed,0.01
E,FD,strong,0.001,v,combined,1.3705184209733545e-10,1.3132992444441411e-10,0.9582499763202191,8.054024114301228e-11,completed,0.01
E,FD,strong,0.002,u,time_half,8.961744540902927e-10,5.655198531684391e-16,6.310376853382846e-07,8.961744818458683e-10,completed,0.01
E,FD,strong,0.002,u,x_half,8.961744540902927e-10,2.876561475129158e-09,3.209823112006866,3.3535116003569065e-09,stopped,0.0099375
E,FD,strong,0.002,u,y_half,8.961744540902927e-10,6.709705811188911e-10,0.7487053196578716,2.3128737813848943e-10,completed,0.01
E,FD,strong,0.002,u,combined,8.961744540902927e-10,1.2027741926047256e-09,1.34212059617975,8.604193191263931e-10,completed,0.01
E,FD,strong,0.002,v,time_half,3.5257832070589856e-10,2.914335439641036e-16,8.2657817242031e-07,3.525783484614742e-10,completed,0.01
E,FD,strong,0.002,v,x_half,3.5257832070589856e-10,2.3802845250386895e-09,6.751080214668649,2.5864515251772247e-09,stopped,0.0099375
E,FD,strong,0.002,v,y_half,3.5257832070589856e-10,2.658035549555052e-10,0.753885135147671,8.811942842079645e-11,completed,0.01
E,FD,strong,0.002,v,combined,3.5257832070589856e-10,7.129097614497627e-10,2.021989780944112,6.600578000837132e-10,completed,0.01
E,FD,strong,0.005,u,time_half,3.485468566544192e-09,4.544975507059235e-16,1.3039783375712763e-07,3.4854688128749256e-09,completed,0.01
E,FD,strong,0.005,u,x_half,3.485468566544192e-09,2.298397910074218e-06,659.4229344472491,2.295078960937863e-06,stopped,0.0099375
E,FD,strong,0.005,u,y_half,3.485468566544192e-09,2.6115755809520315e-09,0.7492753215506354,8.926964757682843e-10,completed,0.01
E,FD,strong,0.005,u,combined,3.485468566544192e-09,5.896391743635547e-07,169.17070491563095,5.953129469209173e-07,completed,0.01
E,FD,strong,0.005,v,time_half,2.2659994297624664e-09,7.771561172376096e-16,3.429639509305062e-07,2.265999443640254e-09,completed,0.01
E,FD,strong,0.005,v,x_half,2.2659994297624664e-09,1.9275344075447842e-06,850.6332270996371,1.925575014646852e-06,stopped,0.0099375
E,FD,strong,0.005,v,y_half,2.2659994297624664e-09,1.6994025441776088e-09,0.7499571808611394,5.683644527243459e-10,completed,0.01
E,FD,strong,0.005,v,combined,2.2659994297624664e-09,5.055214694095684e-07,223.0898484659194,5.059790376960027e-07,completed,0.01
E,FD,strong,0.01,u,time_half,4.088433281507209e-08,5.277028813921447e-15,1.290721518629273e-07,4.08843380921009e-08,completed,0.01
E,FD,strong,0.01,u,x_half,4.088433281507209e-08,,,,stopped,0.0099375
E,FD,strong,0.01,u,y_half,4.088433281507209e-08,3.0552699461227786e-08,0.7472960265592122,1.0505161875812297e-08,completed,0.01
E,FD,strong,0.01,u,combined,4.088433281507209e-08,0.04204022371835689,1028272.2212568106,0.04223837133554515,completed,0.01
E,FD,strong,0.01,v,time_half,3.211399221547673e-08,1.4349632593280148e-14,4.468342801168338e-07,3.211399125790937e-08,completed,0.01
E,FD,strong,0.01,v,x_half,3.211399221547673e-08,,,,stopped,0.0099375
E,FD,strong,0.01,v,y_half,3.211399221547673e-08,2.392950343619781e-08,0.7451425931611655,8.219360442263124e-09,completed,0.01
E,FD,strong,0.01,v,combined,3.211399221547673e-08,0.03557538439348689,1107784.5493261972,0.035695933084347244,completed,0.01
E,SD,mass,0.001,u,time_half,9.632172112000736e-09,5.325601071248798e-16,5.528972083683621e-08,9.632171758117147e-09,completed,0.01
E,SD,mass,0.001,u,x_half,9.632172112000736e-09,1.1327573382763356e-08,1.1760144286303105,1.640517959325405e-08,stopped,0.0072375
E,SD,mass,0.001,u,y_half,9.632172112000736e-09,7.1973257662209145e-09,0.7472173132427479,2.4621427743842794e-09,completed,0.01
E,SD,mass,0.001,u,combined,9.632172112000736e-09,8.14279038828883e-09,0.8453742617559455,4.17487222223456e-09,stopped,0.0077875
E,SD,mass,0.001,v,time_half,5.440454677041462e-09,6.7307270867900115e-15,1.2371626061317001e-06,5.440454649285886e-09,completed,0.01
E,SD,mass,0.001,v,x_half,5.440454677041462e-09,7.140639017577666e-09,1.3125077666230591,1.018796142587819e-08,stopped,0.0072375
E,SD,mass,0.001,v,y_half,5.440454677041462e-09,4.080984878134432e-09,0.7501183486292153,1.361066551130996e-09,completed,0.01
E,SD,mass,0.001,v,combined,5.440454677041462e-09,4.887633094592562e-09,0.8983868784383429,2.5535155240286045e-09,stopped,0.0077875
E,SD,mass,0.002,u,time_half,2.1018893573560016e-08,5.655198531684391e-16,2.6905310271888674e-08,2.1018893549273887e-08,completed,0.01
E,SD,mass,0.002,u,x_half,2.1018893573560016e-08,1.4719348476535665e-07,7.002913081519837,1.5751609501457597e-07,stopped,0.0072375
E,SD,mass,0.002,u,y_half,2.1018893573560016e-08,1.570293875404246e-08,0.7470868387570802,5.374897842774784e-09,completed,0.01
E,SD,mass,0.002,u,combined,2.1018893573560016e-08,4.7264856079487584e-08,2.2486843046268983,3.999139523008788e-08,stopped,0.0077875
E,SD,mass,0.002,v,time_half,1.2400920353095035e-08,4.649058915617843e-15,3.7489628053755914e-07,1.2400920269828308e-08,completed,0.01
E,SD,mass,0.002,v,x_half,1.2400920353095035e-08,9.332061265410196e-08,7.525297316405302,9.96762782867755e-08,stopped,0.0072375
E,SD,mass,0.002,v,y_half,1.2400920353095035e-08,9.295705008187255e-09,0.7495979930124479,3.1085864160562693e-09,completed,0.01
E,SD,mass,0.002,v,combined,1.2400920353095035e-08,2.998498696690815e-08,2.4179646440051896,2.4897603388696066e-08,stopped,0.0077875
E,SD,mass,0.005,u,time_half,1.161223235346398e-07,4.597017211338539e-16,3.95877129513967e-09,1.1612232382607335e-07,completed,0.01
E,SD,mass,0.005,u,x_half,1.161223235346398e-07,0.0003759321019268097,3237.380121959646,0.0003758300284027877,stopped,0.0072375
E,SD,mass,0.005,u,y_half,1.161223235346398e-07,8.669789132595607e-08,0.7466083065423136,2.9539334291117658e-08,completed,0.01
E,SD,mass,0.005,u,combined,1.161223235346398e-07,9.549561666265825e-05,822.3708737120774,9.5514340034384e-05,stopped,0.0077875
E,SD,mass,0.005,v,time_half,7.202551271373592e-08,4.246603069191224e-15,5.895970620951037e-08,7.202551233209675e-08,completed,0.01
E,SD,mass,0.005,v,x_half,7.202551271373592e-08,0.0002591290105030952,3597.739200177564,0.00025906737986831213,stopped,0.0072375
E,SD,mass,0.005,v,y_half,7.202551271373592e-08,5.400529601268288e-08,0.7498078663782087,1.8032798504430403e-08,completed,0.01
E,SD,mass,0.005,v,combined,7.202551271373592e-08,6.492036459543632e-05,901.352342377084,6.486003480487418e-05,stopped,0.0077875
E,SD,mass,0.01,u,time_half,2.3695721873898123e-06,1.1501216645726231e-14,4.853710178964974e-09,2.3695721988077623e-06,completed,0.01
E,SD,mass,0.01,u,x_half,2.3695721873898123e-06,,,,stopped,0.0072375
E,SD,mass,0.01,u,y_half,2.3695721873898123e-06,1.770299060920127e-06,0.7470964887000083,5.990020050562761e-07,completed,0.01
E,SD,mass,0.01,u,combined,2.3695721873898123e-06,,,,stopped,0.0077875
E,SD,mass,0.01,v,time_half,1.5063696124431591e-06,6.025735466153037e-14,4.0001706197325525e-08,1.506369607023883e-06,completed,0.01
E,SD,mass,0.01,v,x_half,1.5063696124431591e-06,,,,stopped,0.0072375
E,SD,mass,0.01,v,y_half,1.5063696124431591e-06,1.131186584332042e-06,0.7509356103495654,3.75039932519472e-07,completed,0.01
E,SD,mass,0.01,v,combined,1.5063696124431591e-06,,,,stopped,0.0077875
E,SD,strong,0.001,u,time_half,9.779418427835473e-09,1.1449174941446927e-16,1.1707419031032327e-08,9.77941842089658e-09,completed,0.01
E,SD,strong,0.001,u,x_half,9.779418427835473e-09,9.402304494005032e-09,0.9614379999574361,1.518514965506701e-08,stopped,0.009787500000000001
E,SD,strong,0.001,u,y_half,9.779418427835473e-09,7.307211414167476e-09,0.7472030640767681,2.4999063895358997e-09,completed,0.01
E,SD,strong,0.001,u,combined,9.779418427835473e-09,8.487363334456334e-09,0.8678801706958851,3.8835639738776795e-09,completed,0.01
E,SD,strong,0.001,v,time_half,5.5370411242150475e-09,4.08006961549745e-15,7.368682160683531e-07,5.537041103398366e-09,completed,0.01
E,SD,strong,0.001,v,x_half,5.5370411242150475e-09,5.807983052830146e-09,1.0489326198843265,9.108315678074685e-09,stopped,0.009787500000000001
E,SD,strong,0.001,v,y_half,5.5370411242150475e-09,4.152865075628804e-09,0.750015212541433,1.3859614636513307e-09,completed,0.01
E,SD,strong,0.001,v,combined,5.5370411242150475e-09,4.854795078247114e-09,0.8767850859939836,2.28011974579001e-09,completed,0.01
E,SD,strong,0.002,u,time_half,2.185623087028188e-08,6.591949208711867e-17,3.016050318939027e-09,2.1856230863342985e-08,completed,0.01
E,SD,strong,0.002,u,x_half,2.185623087028188e-08,8.214966727704276e-08,3.7586383381748787,9.335210020625095e-08,stopped,0.009787500000000001
E,SD,strong,0.002,u,y_half,2.185623087028188e-08,1.6328133991216952e-08,0.7470699814677776,5.589190110733e-09,completed,0.01
E,SD,strong,0.002,u,combined,2.185623087028188e-08,3.3646849390020905e-08,1.5394625720105675,2.3722566949019308e-08,completed,0.01
E,SD,strong,0.002,v,time_half,1.2611272234841486e-08,4.496403249731884e-15,3.565384337124652e-07,1.261127220708591e-08,completed,0.01
E,SD,strong,0.002,v,x_half,1.2611272234841486e-08,5.180399086784915e-08,4.107752961253896,5.8660535311172435e-08,stopped,0.009787500000000001
E,SD,strong,0.002,v,y_half,1.2611272234841486e-08,9.45401069796312e-09,0.7496476582151864,3.1591612381642875e-09,completed,0.01
E,SD,strong,0.002,v,combined,1.2611272234841486e-08,1.9781327122445798e-08,1.5685433439296803,1.4668191675171194e-08,completed,0.01
E,SD,strong,0.005,u,time_half,9.246406740964774e-08,5.048045315092509e-16,5.459467073547528e-09,9.246406736454493e-08,completed,0.01
E,SD,strong,0.005,u,x_half,9.246406740964774e-08,6.4960396516274e-05,702.5474688289129,6.487687095066766e-05,stopped,0.009787500000000001
E,SD,strong,0.005,u,y_half,9.246406740964774e-08,6.906314737359668e-08,0.7469187686458038,2.3662123548734426e-08,completed,0.01
E,SD,strong,0.005,u,combined,9.246406740964774e-08,1.64930667173899e-05,178.37271471435406,1.6403273511142458e-05,completed,0.01
E,SD,strong,0.005,v,time_half,5.7163269943927286e-08,7.369105325949477e-15,1.2891329227978026e-07,5.716326983984388e-08,completed,0.01
E,SD,strong,0.005,v,x_half,5.7163269943927286e-08,4.3825842363259815e-05,766.6783654302764,4.3775006198440436e-05,stopped,0.009787500000000001
E,SD,strong,0.005,v,y_half,5.7163269943927286e-08,4.2832716659261717e-08,0.7493048718395094,1.4343078814926802e-08,completed,0.01
E,SD,strong,0.005,v,combined,5.7163269943927286e-08,1.098076251494239e-05,192.09472316250736,1.0937882322217818e-05,completed,0.01
E,SD,strong,0.01,u,time_half,1.1350154002567892e-06,3.066991105526995e-15,2.7021581423768436e-09,1.135015400884759e-06,completed,0.01
E,SD,strong,0.01,u,x_half,1.1350154002567892e-06,,,,stopped,0.009787500000000001
E,SD,strong,0.01,u,y_half,1.1350154002567892e-06,8.477448437603246e-07,0.7469016222762513,2.876012728837696e-07,completed,0.01
E,SD,strong,0.01,u,combined,1.1350154002567892e-06,0.8566716590096789,754766.5510228875,0.8581021052519517,completed,0.01
E,SD,strong,0.01,v,time_half,7.094985618877336e-07,9.645062526431047e-15,1.3594196020311622e-08,7.094985638791962e-07,completed,0.01
E,SD,strong,0.01,v,x_half,7.094985618877336e-07,,,,stopped,0.009787500000000001
E,SD,strong,0.01,v,y_half,7.094985618877336e-07,5.325600313704886e-07,0.7506146734864804,1.771545220380366e-07,completed,0.01
E,SD,strong,0.01,v,combined,7.094985618877336e-07,0.794626261127329,1119982.9059739031,0.8346994144032682,completed,0.01
