case,model,mesh,motion,variant,nx,h,dt,T,status,reached,t,field,max_error,rms_error,nodal_error,relative_initial_peak
A,FD,fixed,fixed,combined,65,0.0625,1.25e-05,0.01,stopped,0.0095375,0.0,u,2.466537777578992e-06,1.5602543396767842e-07,1.6653345369377348e-16,1.2332688994221585e-06
A,FD,fixed,fixed,combined,65,0.0625,1.25e-05,0.01,stopped,0.0095375,0.0,v,1.329192876653451e-06,1.0352618329158577e-07,0.0,6.645964426241032e-07
A,FD,fixed,fixed,combined,65,0.0625,1.25e-05,0.01,stopped,0.0095375,0.001,u,2.6891546445195758e-06,7.831234123970569e-07,2.693602525027927e-06,1.344577333852099e-06
A,FD,fixed,fixed,combined,65,0.0625,1.25e-05,0.01,stopped,0.0095375,0.001,v,8.17108030859437e-06,2.7714984529077355e-06,8.060922596753173e-06,4.085540180714884e-06
A,FD,fixed,fixed,combined,65,0.0625,1.25e-05,0.01,stopped,0.0095375,0.002,u,3.01728594542805e-05,2.7533435797191417e-06,3.005811779055456e-05,1.5086429857208328e-05
A,FD,fixed,fixed,combined,65,0.0625,1.25e-05,0.01,stopped,0.0095375,0.002,v,4.708502609895859e-05,6.560980853196471e-06,4.1249619539218685e-05,2.3542513201708624e-05
A,FD,fixed,fixed,combined,65,0.0625,1.25e-05,0.01,stopped,0.0095375,0.005,u,0.01901078946473289,0.0011256544432800353,0.01885387548086559,0.009505394814317473
A,FD,fixed,fixed,combined,65,0.0625,1.25e-05,0.01,stopped,0.0095375,0.005,v,0.030125549835892107,0.0024749186793326786,0.030026890119282168,0.015062775015344155
A,FD,fixed,fixed,combined,65,0.0625,1.25e-05,0.01,stopped,0.0095375,0.0095375,u,158.24116378320042,10.930832675238197,154.38655555588622,79.12058257374053
A,FD,fixed,fixed,combined,65,0.0625,1.25e-05,0.01,stopped,0.0095375,0.0095375,v,1183.7340921268537,44.92041664625506,981.8605071070709,591.8670498905255
A,FD,fixed,fixed,main,33,0.125,2.5e-05,0.01,completed,0.01,0.0,u,4.355442737913329e-05,3.470875542685943e-06,5.551115123125783e-17,2.1777219917949294e-05
A,FD,fixed,fixed,main,33,0.125,2.5e-05,0.01,completed,0.01,0.0,v,2.1314452439247233e-05,2.209733656579494e-06,0.0,1.0657228505635227e-05
A,FD,fixed,fixed,main,33,0.125,2.5e-05,0.01,completed,0.01,0.001,u,3.932894159008882e-05,4.864852547475979e-06,8.021610800712509e-06,1.9664476419172935e-05
A,FD,fixed,fixed,main,33,0.125,2.5e-05,0.01,completed,0.01,0.001,v,3.698506052463024e-05,1.1774579132733019e-05,2.6022292893168597e-05,1.8492534229026348e-05
A,FD,fixed,fixed,main,33,0.125,2.5e-05,0.01,completed,0.01,0.002,u,3.0855199307344705e-05,7.436338883098304e-06,1.7784981289015178e-05,1.5427604066036368e-05
A,FD,fixed,fixed,main,33,0.125,2.5e-05,0.01,completed,0.01,0.002,v,6.870046953144637e-05,2.3584958997740035e-05,5.7125132317814575e-05,3.435024213396646e-05
A,FD,fixed,fixed,main,33,0.125,2.5e-05,0.01,completed,0.01,0.005,u,9.028902535757055e-05,2.1363243687448674e-05,7.98256451115531e-05,4.5144525590322234e-05
A,FD,fixed,fixed,main,33,0.125,2.5e-05,0.01,completed,0.01,0.005,v,0.0002469523288037845,6.300698408251194e-05,0.00024729187179084455,0.0001234761908879534
A,FD,fixed,fixed,main,33,0.125,2.5e-05,0.01,completed,0.01,0.01,u,0.001898401806885719,0.0002132397884772932,0.001898401806885719,0.0009492011749186563
A,FD,fixed,fixed,main,33,0.125,2.5e-05,0.01,completed,0.01,0.01,v,0.0032324049435079605,0.0003917629892488763,0.0026243709656037506,0.0016162028184349589
A,FD,fixed,fixed,time_half,33,0.125,1.25e-05,0.01,completed,0.01,0.0,u,4.355442737913329e-05,3.470875542685943e-06,5.551115123125783e-17,2.1777219917949294e-05
A,FD,fixed,fixed,time_half,33,0.125,1.25e-05,0.01,completed,0.01,0.0,v,2.1314452439247233e-05,2.209733656579494e-06,0.0,1.0657228505635227e-05
A,FD,fixed,fixed,time_half,33,0.125,1.25e-05,0.01,completed,0.01,0.001,u,3.932894158786837e-05,4.8648525474337e-06,8.021610800490464e-06,1.9664476418062712e-05
A,FD,fixed,fixed,time_half,33,0.125,1.25e-05,0.01,completed,0.01,0.001,v,3.698506052463024e-05,1.1774579132653164e-05,2.6022292889615883e-05,1.8492534229026348e-05
A,FD,fixed,fixed,time_half,33,0.125,1.25e-05,0.01,completed,0.01,0.002,u,3.085519930046132e-05,7.436338883156675e-06,1.778498129345607e-05,1.5427604062594673e-05
A,FD,fixed,fixed,time_half,33,0.125,1.25e-05,0.01,completed,0.01,0.002,v,6.870046953233455e-05,2.358495899763531e-05,5.712513232758454e-05,3.435024213441055e-05
A,FD,fixed,fixed,time_half,33,0.125,1.25e-05,0.01,completed,0.01,0.005,u,9.028902539820471e-05,2.13632436928574e-05,7.982564512420964e-05,4.514452561063932e-05
A,FD,fixed,fixed,time_half,33,0.125,1.25e-05,0.01,completed,0.01,0.005,v,0.00024695232889171415,6.300698408450071e-05,0.0002472918718692263,0.00012347619093191825
A,FD,fixed,fixed,time_half,33,0.125,1.25e-05,0.01,completed,0.01,0.01,u,0.0018984018098893163,0.0002132397886882544,0.0018984018098893163,0.0009492011764204553
A,FD,fixed,fixed,time_half,33,0.125,1.25e-05,0.01,completed,0.01,0.01,v,0.003232404947432377,0.000391762989668012,0.002624370967387657,0.0016162028203971675
A,FD,fixed,fixed,x_half,65,0.125,1.25e-05,0.01,stopped,0.008700000000000001,0.0,u,2.3815123251225145e-06,1.559507513516827e-07,5.551115123125783e-17,1.1907565031229623e-06
A,FD,fixed,fixed,x_half,65,0.125,1.25e-05,0.01,stopped,0.008700000000000001,0.0,v,1.3280308459595602e-06,1.0351890725472971e-07,0.0,6.640155654133679e-07
A,FD,fixed,fixed,x_half,65,0.125,1.25e-05,0.01,stopped,0.008700000000000001,0.001,u,1.4235790720240615e-05,2.8035892752036656e-06,1.3378628393345693e-05,7.117897395870913e-06
A,FD,fixed,fixed,x_half,65,0.125,1.25e-05,0.01,stopped,0.008700000000000001,0.001,v,3.000672504493984e-05,1.0891168500311939e-05,2.996016299228188e-05,1.5003365740742688e-05
A,FD,fixed,fixed,x_half,65,0.125,1.25e-05,0.01,stopped,0.008700000000000001,0.002,u,0.0001195908274755908,9.180134392962833e-06,8.934802286431065e-05,5.979543083955703e-05
A,FD,fixed,fixed,x_half,65,0.125,1.25e-05,0.01,stopped,0.008700000000000001,0.002,v,0.00016582887697502713,2.4802500855233116e-05,0.0001352587423189,8.291445627294526e-05
A,FD,fixed,fixed,x_half,65,0.125,1.25e-05,0.01,stopped,0.008700000000000001,0.005,u,0.07492314215995455,0.004505720189236354,0.07510780494089175,0.037461581794157824
A,FD,fixed,fixed,x_half,65,0.125,1.25e-05,0.01,stopped,0.008700000000000001,0.005,v,0.10074933171651357,0.008410418274283727,0.10077269287758495,0.050374676663795546
A,FD,fixed,fixed,x_half,65,0.125,1.25e-05,0.01,stopped,0.008700000000000001,0.008700000000000001,u,234.1793980609768,11.317928379343865,198.0484158707548,117.0897325186775
A,FD,fixed,fixed,x_half,65,0.125,1.25e-05,0.01,stopped,0.008700000000000001,0.008700000000000001,v,1314.6952175944207,57.298103163533376,975.9601997871478,657.3477498005291
A,FD,fixed,fixed,y_half,33,0.0625,2.5e-05,0.01,completed,0.01,0.0,u,4.4642747257350734e-05,3.472445497281283e-06,1.6653345369377348e-16,2.2321373821119718e-05
A,FD,fixed,fixed,y_half,33,0.0625,2.5e-05,0.01,completed,0.01,0.0,v,2.1326649056740976e-05,2.2100677997594493e-06,0.0,1.0663324597321101e-05
A,FD,fixed,fixed,y_half,33,0.0625,2.5e-05,0.01,completed,0.01,0.001,u,4.319503465288754e-05,3.808327258617532e-06,6.0635161194255716e-06,2.1597517512647373e-05
A,FD,fixed,fixed,y_half,33,0.0625,2.5e-05,0.01,completed,0.01,0.001,v,2.3360205309463922e-05,4.506433755426098e-06,1.5698773632166763e-05,1.168010273025721e-05
A,FD,fixed,fixed,y_half,33,0.0625,2.5e-05,0.01,completed,0.01,0.002,u,4.057749835939539e-05,4.8151373475514345e-06,1.5809848693315587e-05,2.0288749354617718e-05
A,FD,fixed,fixed,y_half,33,0.0625,2.5e-05,0.01,completed,0.01,0.002,v,4.230596740484316e-05,8.506925574487455e-06,3.259080677131543e-05,2.115298383919986e-05
A,FD,fixed,fixed,y_half,33,0.0625,2.5e-05,0.01,completed,0.01,0.005,u,9.374619576152377e-05,1.6011593021381597e-05,8.446110422077879e-05,4.6873098284879614e-05
A,FD,fixed,fixed,y_half,33,0.0625,2.5e-05,0.01,completed,0.01,0.005,v,0.00014823263167396128,2.6589532242301894e-05,0.00013322911100854817,7.411631631622756e-05
A,FD,fixed,fixed,y_half,33,0.0625,2.5e-05,0.01,completed,0.01,0.01,u,0.0010307265373874497,0.00016465367546438517,0.0010274971130352917,0.0005153632731369437
A,FD,fixed,fixed,y_half,33,0.0625,2.5e-05,0.01,completed,0.01,0.01,v,0.0019072795561434486,0.00024572041792885206,0.001685936152790335,0.0009536397842380983
A,FD,minus,frozen,main,33,0.125,2.5e-05,0.01,completed,0.01,0.0,u,4.828301909687305e-05,3.7425607225302507e-06,1.1102230246251565e-16,2.4141516453018594e-05
A,FD,minus,frozen,main,33,0.125,2.5e-05,0.01,completed,0.01,0.0,v,2.3501672637538107e-05,2.4537554872372884e-06,0.0,1.1750838839363784e-05
A,FD,minus,frozen,main,33,0.125,2.5e-05,0.01,completed,0.01,0.001,u,4.4930191068104364e-05,4.933640516831081e-06,1.1269694610405168e-05,2.2465101959172183e-05
A,FD,minus,frozen,main,33,0.125,2.5e-05,0.01,completed,0.01,0.001,v,4.339566281008622e-05,1.1618883906848213e-05,3.349962768828263e-05,2.1697836059302436e-05
A,FD,minus,frozen,main,33,0.125,2.5e-05,0.01,completed,0.01,0.002,u,4.7496605667163294e-05,7.262813674615574e-06,2.742259828858451e-05,2.37483096257048e-05
A,FD,minus,frozen,main,33,0.125,2.5e-05,0.01,completed,0.01,0.002,v,8.372311978654956e-05,2.3280233438778975e-05,6.910871518828188e-05,4.186156887272309e-05
A,FD,minus,frozen,main,33,0.125,2.5e-05,0.01,completed,0.01,0.005,u,0.00018365781710083517,1.9954458040182916e-05,0.00017493281605451827,9.182893481390515e-05
A,FD,minus,frozen,main,33,0.125,2.5e-05,0.01,completed,0.01,0.005,v,0.0002839021962064425,6.422002343867238e-05,0.00027111197960838496,0.0001419511285522191
A,FD,minus,frozen,main,33,0.125,2.5e-05,0.01,completed,0.01,0.01,u,0.0021092643392259802,0.0001770456094173934,0.0017998869341711021,0.001054632471242611
A,FD,minus,frozen,main,33,0.125,2.5e-05,0.01,completed,0.01,0.01,v,0.0028043072714454276,0.00037443996363181926,0.002557420784186526,0.0014021539364894823
A,FD,minus,moving,combined,65,0.0625,1.25e-05,0.01,stopped,0.009362500000000001,0.0,u,2.83197733463858e-06,1.6805533092462578e-07,1.1102230246251565e-16,1.415988679527276e-06
A,FD,minus,moving,combined,65,0.0625,1.25e-05,0.01,stopped,0.009362500000000001,0.0,v,1.5185946229401281e-06,1.1696612033374735e-07,0.0,7.592973163797913e-07
A,FD,minus,moving,combined,65,0.0625,1.25e-05,0.01,stopped,0.009362500000000001,0.001,u,4.40805463486349e-06,7.476454393592289e-07,4.044450952589429e-06,2.2040273364338283e-06
A,FD,minus,moving,combined,65,0.0625,1.25e-05,0.01,stopped,0.009362500000000001,0.001,v,9.582018428044847e-06,2.7764607895161306e-06,8.916627058042081e-06,4.791009245001789e-06
A,FD,minus,moving,combined,65,0.0625,1.25e-05,0.01,stopped,0.009362500000000001,0.002,u,3.0014702732783505e-05,2.176569974717722e-06,2.6227290535363323e-05,1.5007351495778054e-05
A,FD,minus,moving,combined,65,0.0625,1.25e-05,0.01,stopped,0.009362500000000001,0.002,v,4.541950942082984e-05,6.4326217087371664e-06,4.3317858074543025e-05,2.270975485725951e-05
A,FD,minus,moving,combined,65,0.0625,1.25e-05,0.01,stopped,0.009362500000000001,0.005,u,0.015084804160996113,0.000929570929628734,0.015075912403949232,0.007542402145525088
A,FD,minus,moving,combined,65,0.0625,1.25e-05,0.01,stopped,0.009362500000000001,0.005,v,0.018648981913504947,0.001860857958489029,0.01854599486577868,0.009324491017045994
A,FD,minus,moving,combined,65,0.0625,1.25e-05,0.01,stopped,0.009362500000000001,0.009362500000000001,u,266.8736965634876,12.263487304324842,249.49812760156397,133.43684943217335
A,FD,minus,moving,combined,65,0.0625,1.25e-05,0.01,stopped,0.009362500000000001,0.009362500000000001,v,1013.0951881406564,46.208191407746426,958.7249862900842,506.5475973457389
A,FD,minus,moving,main,33,0.125,2.5e-05,0.01,completed,0.01,0.0,u,4.828301909687305e-05,3.7425607225302507e-06,1.1102230246251565e-16,2.4141516453018594e-05
A,FD,minus,moving,main,33,0.125,2.5e-05,0.01,completed,0.01,0.0,v,2.3501672637538107e-05,2.4537554872372884e-06,0.0,1.1750838839363784e-05
A,FD,minus,moving,main,33,0.125,2.5e-05,0.01,completed,0.01,0.001,u,4.501295563374974e-05,4.932222508183181e-06,1.124888379133715e-05,2.2506484253830392e-05
A,FD,minus,moving,main,33,0.125,2.5e-05,0.01,completed,0.01,0.001,v,4.343072399670689e-05,1.1618374682816614e-05,3.349724617907057e-05,2.171536665637314e-05
A,FD,minus,moving,main,33,0.125,2.5e-05,0.01,completed,0.01,0.002,u,4.7594893426428087e-05,7.253579314789201e-06,2.7377296820008112e-05,2.3797453519392572e-05
A,FD,minus,moving,main,33,0.125,2.5e-05,0.01,completed,0.01,0.002,v,8.382149796326566e-05,2.328149192097027e-05,6.910950388849812e-05,4.191075797163236e-05
A,FD,minus,moving,main,33,0.125,2.5e-05,0.01,completed,0.01,0.005,u,0.00018388773318789298,1.9930141680495136e-05,0.000175105600025649,9.194389289031257e-05
A,FD,minus,moving,main,33,0.125,2.5e-05,0.01,completed,0.01,0.005,v,0.0002841137305413799,6.424353358867994e-05,0.0002714228537821217,0.00014205689574237523
A,FD,minus,moving,main,33,0.125,2.5e-05,0.01,completed,0.01,0.01,u,0.0020795423834747417,0.00017480902937186957,0.0017748295791562008,0.001039771489116684
A,FD,minus,moving,main,33,0.125,2.5e-05,0.01,completed,0.01,0.01,v,0.0027695687245670175,0.0003705021542853266,0.0025239229529860907,0.0013847846593245084
A,FD,minus,moving,time_half,33,0.125,1.25e-05,0.01,completed,0.01,0.0,u,4.828301909687305e-05,3.7425607225302507e-06,1.1102230246251565e-16,2.4141516453018594e-05
A,FD,minus,moving,time_half,33,0.125,1.25e-05,0.01,completed,0.01,0.0,v,2.3501672637538107e-05,2.4537554872372884e-06,0.0,1.1750838839363784e-05
A,FD,minus,moving,time_half,33,0.125,1.25e-05,0.01,completed,0.01,0.001,u,4.5012955631085205e-05,4.932222508035177e-06,1.1248883788672615e-05,2.2506484252498124e-05
A,FD,minus,moving,time_half,33,0.125,1.25e-05,0.01,completed,0.01,0.001,v,4.343072399692893e-05,1.1618374682828767e-05,3.349724617662808e-05,2.1715366656484164e-05
A,FD,minus,moving,time_half,33,0.125,1.25e-05,0.01,completed,0.01,0.002,u,4.759489342420764e-05,7.2535793144799725e-06,2.7377296809127927e-05,2.379745351828235e-05
A,FD,minus,moving,time_half,33,0.125,1.25e-05,0.01,completed,0.01,0.002,v,8.382149796415383e-05,2.3281491921047485e-05,6.910950388161474e-05,4.191075797207645e-05
A,FD,minus,moving,time_half,33,0.125,1.25e-05,0.01,completed,0.01,0.005,u,0.00018388773320232588,1.9930141681004193e-05,0.00017510560009070808,9.194389289752902e-05
A,FD,minus,moving,time_half,33,0.125,1.25e-05,0.01,completed,0.01,0.005,v,0.000284113730581792,6.424353359087275e-05,0.0002714228538740482,0.0001420568957625813
A,FD,minus,moving,time_half,33,0.125,1.25e-05,0.01,completed,0.01,0.01,u,0.0020795423858979145,0.00017480902959875997,0.0017748295802735292,0.0010397714903282707
A,FD,minus,moving,time_half,33,0.125,1.25e-05,0.01,completed,0.01,0.01,v,0.002769568728040017,0.00037050215470022034,0.0025239229552911358,0.0013847846610610087
A,FD,minus,moving,x_half,65,0.125,1.25e-05,0.01,stopped,0.008275000000000001,0.0,u,2.734344638266606e-06,1.6789069049145904e-07,1.1102230246251565e-16,1.3671727101508349e-06
A,FD,minus,moving,x_half,65,0.125,1.25e-05,0.01,stopped,0.008275000000000001,0.0,v,1.5170575033973677e-06,1.1691373929604036e-07,0.0,7.58528914405705e-07
A,FD,minus,moving,x_half,65,0.125,1.25e-05,0.01,stopped,0.008275000000000001,0.001,u,1.4144314272490632e-05,2.776305628971725e-06,1.3965074125099619e-05,7.0721591589145805e-06
A,FD,minus,moving,x_half,65,0.125,1.25e-05,0.01,stopped,0.008275000000000001,0.001,v,3.0261329822200977e-05,1.0884295155016956e-05,3.0252759402493723e-05,1.5130668156680055e-05
A,FD,minus,moving,x_half,65,0.125,1.25e-05,0.01,stopped,0.008275000000000001,0.002,u,0.00011061682485125068,8.25969733278481e-06,8.524358691630596e-05,5.530842824408409e-05
A,FD,minus,moving,x_half,65,0.125,1.25e-05,0.01,stopped,0.008275000000000001,0.002,v,0.00014822135474035214,2.4052972749762094e-05,0.00012897509996934176,7.411069326717078e-05
A,FD,minus,moving,x_half,65,0.125,1.25e-05,0.01,stopped,0.008275000000000001,0.005,u,0.05382598026508312,0.0034762126259212027,0.05383608581128341,0.026912997829779742
A,FD,minus,moving,x_half,65,0.125,1.25e-05,0.01,stopped,0.008275000000000001,0.005,v,0.06549211699906876,0.0061630986450296145,0.06533240878495739,0.03274606552367634
A,FD,minus,moving,x_half,65,0.125,1.25e-05,0.01,stopped,0.008275000000000001,0.008275000000000001,u,79.33872339959939,4.437557678307541,76.39143353177845,39.66937304541845
A,FD,minus,moving,x_half,65,0.125,1.25e-05,0.01,stopped,0.008275000000000001,0.008275000000000001,v,194.88649534862415,11.104763611878319,191.1454861208128,97.44326857622322
A,FD,minus,moving,y_half,33,0.0625,2.5e-05,0.01,completed,0.01,0.0,u,4.948672264015741e-05,3.745968075898097e-06,1.1102230246251565e-16,2.474336153340429e-05
A,FD,minus,moving,y_half,33,0.0625,2.5e-05,0.01,completed,0.01,0.0,v,2.3516999419159745e-05,2.4550796495697895e-06,0.0,1.1758499785612049e-05
A,FD,minus,moving,y_half,33,0.0625,2.5e-05,0.01,completed,0.01,0.001,u,4.905796719611999e-05,4.025543294745363e-06,7.608502746947465e-06,2.4528983809537318e-05
A,FD,minus,moving,y_half,33,0.0625,2.5e-05,0.01,completed,0.01,0.001,v,2.748580389533295e-05,4.581790733179996e-06,1.9217825802275712e-05,1.3742902036530085e-05
A,FD,minus,moving,y_half,33,0.0625,2.5e-05,0.01,completed,0.01,0.002,u,4.675455419334007e-05,4.6427658736825705e-06,2.012818830365859e-05,2.3377277298217886e-05
A,FD,minus,moving,y_half,33,0.0625,2.5e-05,0.01,completed,0.01,0.002,v,5.232011006883752e-05,8.50827620283904e-06,4.219302557362248e-05,2.6160055203573497e-05
A,FD,minus,moving,y_half,33,0.0625,2.5e-05,0.01,completed,0.01,0.005,u,0.00013606419627953947,1.1382751610780244e-05,9.979088595946095e-05,6.803209872631039e-05
A,FD,minus,moving,y_half,33,0.0625,2.5e-05,0.01,completed,0.01,0.005,v,0.00019583023259928112,2.9217619256151296e-05,0.00015484774170682059,9.7915116932774e-05
A,FD,minus,moving,y_half,33,0.0625,2.5e-05,0.01,completed,0.01,0.01,u,0.0012314583253274503,0.0001123406900744977,0.0012185772731607702,0.0006157291679722514
A,FD,minus,moving,y_half,33,0.0625,2.5e-05,0.01,completed,0.01,0.01,v,0.0017087944170923741,0.0002631054381806576,0.0017088217343763645,0.0008543972140708442
A,FD,plus,frozen,main,33,0.125,2.5e-05,0.01,completed,0.01,0.0,u,1.7643715287674056e-05,1.6941010038089626e-06,1.1102230246251565e-16,8.821860166928635e-06
A,FD,plus,frozen,main,33,0.125,2.5e-05,0.01,completed,0.01,0.0,v,9.018132910432186e-06,1.2824225050336719e-06,0.0,4.509067422426327e-06
A,FD,plus,frozen,main,33,0.125,2.5e-05,0.01,completed,0.01,0.001,u,1.3076192357130978e-05,3.6300802610360748e-06,7.161908070318912e-06,6.538098048490879e-06
A,FD,plus,frozen,main,33,0.125,2.5e-05,0.01,completed,0.01,0.001,v,2.8063302240921573e-05,1.099662753468213e-05,2.4126559861725738e-05,1.4031654130298122e-05
A,FD,plus,frozen,main,33,0.125,2.5e-05,0.01,completed,0.01,0.002,u,2.5949241806655365e-05,6.4363204927315365e-06,2.3978492377896288e-05,1.2974624614128562e-05
A,FD,plus,frozen,main,33,0.125,2.5e-05,0.01,completed,0.01,0.002,v,5.867994603825366e-05,2.227820998404004e-05,5.678683169096921e-05,2.9339979312651766e-05
A,FD,plus,frozen,main,33,0.125,2.5e-05,0.01,completed,0.01,0.005,u,0.00029010059915202113,2.6352016059007813e-05,0.00021958326037374576,0.0001450503410610592
A,FD,plus,frozen,main,33,0.125,2.5e-05,0.01,completed,0.01,0.005,v,0.0004350651042366316,6.828896348387045e-05,0.0003789061217571721,0.000217532598779795
A,FD,plus,frozen,main,33,0.125,2.5e-05,0.01,completed,0.01,0.01,u,0.020140080287763817,0.0015324189426224792,0.02015099089674055,0.010070043023959415
A,FD,plus,frozen,main,33,0.125,2.5e-05,0.01,completed,0.01,0.01,v,0.02565494543222613,0.002959894909983468,0.02507222944266352,0.012827475467649998
A,FD,plus,moving,combined,65,0.0625,1.25e-05,0.01,stopped,0.005275,0.0,u,1.0376424026681264e-06,8.596487776425482e-08,2.220446049250313e-16,5.188212058070948e-07
A,FD,plus,moving,combined,65,0.0625,1.25e-05,0.01,stopped,0.005275,0.0,v,5.734999324324974e-07,6.731047282269043e-08,0.0,2.8674996807041585e-07
A,FD,plus,moving,combined,65,0.0625,1.25e-05,0.01,stopped,0.005275,0.001,u,7.564480117405736e-06,8.048181042503998e-07,6.646444731028822e-06,3.782240091311557e-06
A,FD,plus,moving,combined,65,0.0625,1.25e-05,0.01,stopped,0.005275,0.001,v,1.1899799068348926e-05,2.7844822035188764e-06,1.1275041998493052e-05,5.949899572647382e-06
A,FD,plus,moving,combined,65,0.0625,1.25e-05,0.01,stopped,0.005275,0.002,u,0.00019722028935698077,1.1382125332365097e-05,0.00019860594893073014,9.861014552866053e-05
A,FD,plus,moving,combined,65,0.0625,1.25e-05,0.01,stopped,0.005275,0.002,v,0.0002198443290801766,2.0651013761928882e-05,0.00020557634033924188,0.00010992216525086106
A,FD,plus,moving,combined,65,0.0625,1.25e-05,0.01,stopped,0.005275,0.005,u,2.831126075567304,0.17165620050553768,2.6122026364120132,1.4155630499879683
A,FD,plus,moving,combined,65,0.0625,1.25e-05,0.01,stopped,0.005275,0.005,v,4.468921478273506,0.33754889972218316,4.414888109332566,2.234460753585102
A,FD,plus,moving,combined,65,0.0625,1.25e-05,0.01,stopped,0.005275,0.005275,u,3487.153746717959,129.74844652860727,48.87415848087185,1743.5768883912767
A,FD,plus,moving,combined,65,0.0625,1.25e-05,0.01,stopped,0.005275,0.005275,v,4037.172755053724,227.65599938373532,69.47100027167744,2018.5863905793362
A,FD,plus,moving,main,33,0.125,2.5e-05,0.01,completed,0.01,0.0,u,1.7643715287674056e-05,1.6941010038089626e-06,1.1102230246251565e-16,8.821860166928635e-06
A,FD,plus,moving,main,33,0.125,2.5e-05,0.01,completed,0.01,0.0,v,9.018132910432186e-06,1.2824225050336719e-06,0.0,4.509067422426327e-06
A,FD,plus,moving,main,33,0.125,2.5e-05,0.01,completed,0.01,0.001,u,1.3106421511643873e-05,3.6324218051678023e-06,7.1788853128751384e-06,6.5532126300701645e-06
A,FD,plus,moving,main,33,0.125,2.5e-05,0.01,completed,0.01,0.001,v,2.8074137985889536e-05,1.0995707783652494e-05,2.4131458606024836e-05,1.4037072003944256e-05
A,FD,plus,moving,main,33,0.125,2.5e-05,0.01,completed,0.01,0.002,u,2.5955407385591656e-05,6.439282000019976e-06,2.3963580598973522e-05,1.2977707404478399e-05
A,FD,plus,moving,main,33,0.125,2.5e-05,0.01,completed,0.01,0.002,v,5.869193866137046e-05,2.227571945298932e-05,5.6789600066942114e-05,2.9345975625496394e-05
A,FD,plus,moving,main,33,0.125,2.5e-05,0.01,completed,0.01,0.005,u,0.0002879181857884383,2.6230652892155014e-05,0.00021803832520861377,0.0001439591340671777
A,FD,plus,moving,main,33,0.125,2.5e-05,0.01,completed,0.01,0.005,v,0.00043272546120975974,6.814849968999389e-05,0.00037686501937628236,0.00021636277701542834
A,FD,plus,moving,main,33,0.125,2.5e-05,0.01,completed,0.01,0.01,u,0.019533097214656125,0.001491812335686946,0.019557121300114666,0.009766551400605603
A,FD,plus,moving,main,33,0.125,2.5e-05,0.01,completed,0.01,0.01,v,0.024868843449505906,0.002874221922856067,0.024376508106173533,0.0124344243919791
A,FD,plus,moving,time_half,33,0.125,1.25e-05,0.01,completed,0.01,0.0,u,1.7643715287674056e-05,1.6941010038089626e-06,1.1102230246251565e-16,8.821860166928635e-06
A,FD,plus,moving,time_half,33,0.125,1.25e-05,0.01,completed,0.01,0.0,v,9.018132910432186e-06,1.2824225050336719e-06,0.0,4.509067422426327e-06
A,FD,plus,moving,time_half,33,0.125,1.25e-05,0.01,completed,0.01,0.001,u,1.3106421498543241e-05,3.6324218049088414e-06,7.178885313319228e-06,6.553212623519847e-06
A,FD,plus,moving,time_half,33,0.125,1.25e-05,0.01,completed,0.01,0.001,v,2.8074137983891134e-05,1.0995707783513082e-05,2.413145861868138e-05,1.4037072002945054e-05
A,FD,plus,moving,time_half,33,0.125,1.25e-05,0.01,completed,0.01,0.002,u,2.5955407388922325e-05,6.439282000016614e-06,2.3963580628061365e-05,1.2977707406143735e-05
A,FD,plus,moving,time_half,33,0.125,1.25e-05,0.01,completed,0.01,0.002,v,5.869193867891198e-05,2.2275719452895618e-05,5.678960011312739e-05,2.9345975634267156e-05
A,FD,plus,moving,time_half,33,0.125,1.25e-05,0.01,completed,0.01,0.005,u,0.000287918186931746,2.623065300224511e-05,0.00021803832541866797,0.0001439591346388317
A,FD,plus,moving,time_half,33,0.125,1.25e-05,0.01,completed,0.01,0.005,v,0.0004327254629847843,6.814849981038966e-05,0.0003768650204127866,0.00021636277790294082
A,FD,plus,moving,time_half,33,0.125,1.25e-05,0.01,completed,0.01,0.01,u,0.019533097420421308,0.0014918123498082955,0.0195571215039565,0.009766551503488223
A,FD,plus,moving,time_half,33,0.125,1.25e-05,0.01,completed,0.01,0.01,v,0.024868843823220743,0.0028742219537789596,0.024376508483732184,0.012434424578836558
A,FD,plus,moving,x_half,65,0.125,1.25e-05,0.01,stopped,0.0048125,0.0,u,1.000108161397506e-06,8.594766103555943e-08,1.1102230246251565e-16,5.000542237165056e-07
A,FD,plus,moving,x_half,65,0.125,1.25e-05,0.01,stopped,0.0048125,0.0,v,5.724056133527e-07,6.731682755237725e-08,0.0,2.8620286806783456e-07
A,FD,plus,moving,x_half,65,0.125,1.25e-05,0.01,stopped,0.0048125,0.001,u,3.1457415907709674e-05,3.087486130931251e-06,2.605988330328657e-05,1.57287124523372e-05
A,FD,plus,moving,x_half,65,0.125,1.25e-05,0.01,stopped,0.0048125,0.001,v,4.6057765086926494e-05,1.1062146199822078e-05,4.240923842369071e-05,2.302888748323761e-05
A,FD,plus,moving,x_half,65,0.125,1.25e-05,0.01,stopped,0.0048125,0.002,u,0.0007642937521332716,4.6062592366875767e-05,0.000769803983773798,0.00038214698536238894
A,FD,plus,moving,x_half,65,0.125,1.25e-05,0.01,stopped,0.0048125,0.002,v,0.0008185881097266812,7.93507882309668e-05,0.000803168524585951,0.0004092941426583204
A,FD,plus,moving,x_half,65,0.125,1.25e-05,0.01,stopped,0.0048125,0.0048125,u,422.9918372656916,18.141327245118198,35.169027921023776,211.49597912164518
A,FD,plus,moving,x_half,65,0.125,1.25e-05,0.01,stopped,0.0048125,0.0048125,v,427.95350897624,26.64902872819297,45.26098519050281,213.9768003868684
A,FD,plus,moving,y_half,33,0.0625,2.5e-05,0.01,completed,0.01,0.0,u,1.814682389023048e-05,1.6943631304342834e-06,2.220446049250313e-16,9.073412023341915e-06
A,FD,plus,moving,y_half,33,0.0625,2.5e-05,0.01,completed,0.01,0.0,v,9.031360000300026e-06,1.2822589600726038e-06,0.0,4.515680029349059e-06
A,FD,plus,moving,y_half,33,0.0625,2.5e-05,0.01,completed,0.01,0.001,u,1.684355139341953e-05,2.1045825796943605e-06,3.1546781132929524e-06,8.421775769318341e-06
A,FD,plus,moving,y_half,33,0.0625,2.5e-05,0.01,completed,0.01,0.001,v,1.1487014612621138e-05,3.188400056768775e-06,8.119851056642702e-06,5.743507343448926e-06
A,FD,plus,moving,y_half,33,0.0625,2.5e-05,0.01,completed,0.01,0.002,u,1.340486984302558e-05,2.8730705481450196e-06,6.4746569212736915e-06,6.702434979298021e-06
A,FD,plus,moving,y_half,33,0.0625,2.5e-05,0.01,completed,0.01,0.002,v,2.2571170575469424e-05,6.367307092059487e-06,1.777252970680543e-05,1.1285585360708953e-05
A,FD,plus,moving,y_half,33,0.0625,2.5e-05,0.01,completed,0.01,0.005,u,7.378297554749835e-05,9.6454042624188e-06,6.139748413924728e-05,3.689148809181018e-05
A,FD,plus,moving,y_half,33,0.0625,2.5e-05,0.01,completed,0.01,0.005,v,0.00015750795745317347,2.231158350960121e-05,0.0001535331414039831,7.875397923582147e-05
A,FD,plus,moving,y_half,33,0.0625,2.5e-05,0.01,completed,0.01,0.01,u,0.006227613959992162,0.0004952354337535446,0.006233643529228061,0.0031138070068418553
A,FD,plus,moving,y_half,33,0.0625,2.5e-05,0.01,completed,0.01,0.01,v,0.009237536269200985,0.0010884637641471505,0.008329246768248977,0.004618768164466122
A,FD,zero,frozen,main,33,0.125,2.5e-05,0.01,completed,0.01,0.0,u,2.8948355899061085e-05,2.3294021523120176e-06,1.6653345369377348e-16,1.447418208921159e-05
A,FD,zero,frozen,main,33,0.125,2.5e-05,0.01,completed,0.01,0.0,v,1.4456274749941045e-05,1.623087124241813e-06,0.0,7.2281389254308034e-06
A,FD,zero,frozen,main,33,0.125,2.5e-05,0.01,completed,0.01,0.001,u,2.494905715266782e-05,3.9008400416903885e-06,7.146851331851778e-06,1.2474532144106098e-05
A,FD,zero,frozen,main,33,0.125,2.5e-05,0.01,completed,0.01,0.001,v,3.3265261084602926e-05,1.1159262187961887e-05,2.590239163602348e-05,1.6632634110057813e-05
A,FD,zero,frozen,main,33,0.125,2.5e-05,0.01,completed,0.01,0.002,u,3.0160054135697223e-05,6.46003870827113e-06,2.2092240383742023e-05,1.5080031380805277e-05
A,FD,zero,frozen,main,33,0.125,2.5e-05,0.01,completed,0.01,0.002,v,6.559594449528916e-05,2.2508718802832054e-05,5.790640067582231e-05,3.279797928292222e-05
A,FD,zero,frozen,main,33,0.125,2.5e-05,0.01,completed,0.01,0.005,u,0.00018219443535416602,1.954860112446987e-05,0.00017001889005352488,9.109724373130363e-05
A,FD,zero,frozen,main,33,0.125,2.5e-05,0.01,completed,0.01,0.005,v,0.00030138216922681593,6.24562263675647e-05,0.00029611832917098013,0.00015069111693716294
A,FD,zero,frozen,main,33,0.125,2.5e-05,0.01,completed,0.01,0.01,u,0.004815424828738868,0.00043913170716705657,0.004771071493756995,0.002407713102986189
A,FD,zero,frozen,main,33,0.125,2.5e-05,0.01,completed,0.01,0.01,v,0.007170064340662696,0.0008540172362569626,0.005258242376507072,0.003585032939333056
A,FD,zero,moving,combined,65,0.0625,1.25e-05,0.01,stopped,0.0067625,0.0,u,1.7088861090641672e-06,1.0860625502198353e-07,2.220446049250313e-16,8.544430618986884e-07
A,FD,zero,moving,combined,65,0.0625,1.25e-05,0.01,stopped,0.0067625,0.0,v,9.314621640665877e-07,7.958847355417526e-08,0.0,4.65731085044779e-07
A,FD,zero,moving,combined,65,0.0625,1.25e-05,0.01,stopped,0.0067625,0.001,u,4.8020900964562685e-06,7.52981743595385e-07,4.758510560032292e-06,2.401045068928812e-06
A,FD,zero,moving,combined,65,0.0625,1.25e-05,0.01,stopped,0.0067625,0.001,v,9.431062560016912e-06,2.759290896932391e-06,9.449314399390119e-06,4.715531310499769e-06
A,FD,zero,moving,combined,65,0.0625,1.25e-05,0.01,stopped,0.0067625,0.002,u,6.127567035152381e-05,4.056988874504339e-06,5.3449182110920646e-05,3.063783543990686e-05
A,FD,zero,moving,combined,65,0.0625,1.25e-05,0.01,stopped,0.0067625,0.002,v,8.514548431493019e-05,8.668219694338155e-06,6.74576393546733e-05,4.257274243274666e-05
A,FD,zero,moving,combined,65,0.0625,1.25e-05,0.01,stopped,0.0067625,0.005,u,0.160421661669361,0.009044674172393604,0.15939387484110856,0.08021083152622044
A,FD,zero,moving,combined,65,0.0625,1.25e-05,0.01,stopped,0.0067625,0.005,v,0.2311206827145793,0.018773488366389778,0.23287314659846725,0.1155603421045197
A,FD,zero,moving,combined,65,0.0625,1.25e-05,0.01,stopped,0.0067625,0.0067625,u,1256.2538965012754,53.79837656985755,78.29208469689168,628.1269536660519
A,FD,zero,moving,combined,65,0.0625,1.25e-05,0.01,stopped,0.0067625,0.0067625,v,1563.8875209825758,88.6949169456995,110.32091115110372,781.9437655474504
A,FD,zero,moving,main,33,0.125,2.5e-05,0.01,completed,0.01,0.0,u,2.8948355899061085e-05,2.3294021523120176e-06,1.6653345369377348e-16,1.447418208921159e-05
A,FD,zero,moving,main,33,0.125,2.5e-05,0.01,completed,0.01,0.0,v,1.4456274749941045e-05,1.623087124241813e-06,0.0,7.2281389254308034e-06
A,FD,zero,moving,main,33,0.125,2.5e-05,0.01,completed,0.01,0.001,u,2.500076423905817e-05,3.8974380990142475e-06,7.127041142807045e-06,1.2500385694695505e-05
A,FD,zero,moving,main,33,0.125,2.5e-05,0.01,completed,0.01,0.001,v,3.328225263010687e-05,1.115899194485914e-05,2.59035516467776e-05,1.6641129884632155e-05
A,FD,zero,moving,main,33,0.125,2.5e-05,0.01,completed,0.01,0.002,u,3.0210542767195037e-05,6.450108131005697e-06,2.210329129526123e-05,1.5105275703774174e-05
A,FD,zero,moving,main,33,0.125,2.5e-05,0.01,completed,0.01,0.002,v,6.564743547166074e-05,2.250861695756398e-05,5.7940350910445915e-05,3.282372477663051e-05
A,FD,zero,moving,main,33,0.125,2.5e-05,0.01,completed,0.01,0.005,u,0.00018140086266704714,1.94841927798857e-05,0.00016950626988387896,9.070045727426147e-05
A,FD,zero,moving,main,33,0.125,2.5e-05,0.01,completed,0.01,0.005,v,0.0003006346793539283,6.242793186902462e-05,0.0002954391993816863,0.00015031737192054955
A,FD,zero,moving,main,33,0.125,2.5e-05,0.01,completed,0.01,0.01,u,0.004695862118646366,0.0004289825470752448,0.00465262646251241,0.0023479317308421972
A,FD,zero,moving,main,33,0.125,2.5e-05,0.01,completed,0.01,0.01,v,0.006999849797540314,0.000835823273630405,0.005120949055168245,0.003499925649516063
A,FD,zero,moving,time_half,33,0.125,1.25e-05,0.01,completed,0.01,0.0,u,2.8948355899061085e-05,2.3294021523120176e-06,1.6653345369377348e-16,1.447418208921159e-05
A,FD,zero,moving,time_half,33,0.125,1.25e-05,0.01,completed,0.01,0.0,v,1.4456274749941045e-05,1.623087124241813e-06,0.0,7.2281389254308034e-06
A,FD,zero,moving,time_half,33,0.125,1.25e-05,0.01,completed,0.01,0.001,u,2.500076423417319e-05,3.897438098846497e-06,7.127041143251134e-06,1.2500385692253015e-05
A,FD,zero,moving,time_half,33,0.125,1.25e-05,0.01,completed,0.01,0.001,v,3.3282252631439135e-05,1.1158991944882893e-05,2.5903551640116262e-05,1.664112988529829e-05
A,FD,zero,moving,time_half,33,0.125,1.25e-05,0.01,completed,0.01,0.002,u,3.021054276297619e-05,6.4501081307127765e-06,2.2103291304143013e-05,1.5105275701664749e-05
A,FD,zero,moving,time_half,33,0.125,1.25e-05,0.01,completed,0.01,0.002,v,6.564743547010643e-05,2.25086169574915e-05,5.7940350930651974e-05,3.2823724775853355e-05
A,FD,zero,moving,time_half,33,0.125,1.25e-05,0.01,completed,0.01,0.005,u,0.00018140086291906776,1.9484192795712732e-05,0.00016950627000333895,9.070045740027183e-05
A,FD,zero,moving,time_half,33,0.125,1.25e-05,0.01,completed,0.01,0.005,v,0.0003006346797302939,6.242793188216362e-05,0.0002954391996585759,0.00015031737210873238
A,FD,zero,moving,time_half,33,0.125,1.25e-05,0.01,completed,0.01,0.01,u,0.004695862142528151,0.00042898254885879176,0.004652626487533729,0.0023479317427830934
A,FD,zero,moving,time_half,33,0.125,1.25e-05,0.01,completed,0.01,0.01,v,0.006999849825779725,0.0008358232771163495,0.005120949068278202,0.0034999256636357714
A,FD,zero,moving,x_half,65,0.125,1.25e-05,0.01,stopped,0.006200000000000001,0.0,u,1.6483938969358292e-06,1.085546393883279e-07,1.6653345369377348e-16,8.241971841920089e-07
A,FD,zero,moving,x_half,65,0.125,1.25e-05,0.01,stopped,0.006200000000000001,0.0,v,9.300623871055791e-07,7.958538896389591e-08,0.0,4.65031293303577e-07
A,FD,zero,moving,x_half,65,0.125,1.25e-05,0.01,stopped,0.006200000000000001,0.001,u,2.0101591060583957e-05,2.8567881392551862e-06,1.8210926379769177e-05,1.0050798404865438e-05
A,FD,zero,moving,x_half,65,0.125,1.25e-05,0.01,stopped,0.006200000000000001,0.001,v,3.478881345331253e-05,1.092003643217935e-05,3.419028078233133e-05,1.739441045781622e-05
A,FD,zero,moving,x_half,65,0.125,1.25e-05,0.01,stopped,0.006200000000000001,0.002,u,0.00023660119121737822,1.590233524863199e-05,0.00020731022639575158,0.00011830062944320015
A,FD,zero,moving,x_half,65,0.125,1.25e-05,0.01,stopped,0.006200000000000001,0.002,v,0.00029768477872793575,3.2873723528934054e-05,0.00021937495088453218,0.00014884242129117135
A,FD,zero,moving,x_half,65,0.125,1.25e-05,0.01,stopped,0.006200000000000001,0.005,u,0.5819040453896385,0.035596361120442364,0.5730530091835879,0.2909521059084275
A,FD,zero,moving,x_half,65,0.125,1.25e-05,0.01,stopped,0.006200000000000001,0.005,v,0.7954671030662372,0.06446081769690662,0.802609915518055,0.39773363684833085
A,FD,zero,moving,x_half,65,0.125,1.25e-05,0.01,stopped,0.006200000000000001,0.006200000000000001,u,681.889972914995,33.51544769715498,62.56583757556694,340.94508396932196
A,FD,zero,moving,x_half,65,0.125,1.25e-05,0.01,stopped,0.006200000000000001,0.006200000000000001,v,726.911875943066,44.98826662996573,79.5348503065485,363.4560159340794
A,FD,zero,moving,y_half,33,0.0625,2.5e-05,0.01,completed,0.01,0.0,u,2.9728289677954933e-05,2.3304597685569633e-06,2.220446049250313e-16,1.486414496712911e-05
A,FD,zero,moving,y_half,33,0.0625,2.5e-05,0.01,completed,0.01,0.0,v,1.4486466536123288e-05,1.6232324460500759e-06,0.0,7.243233314897447e-06
A,FD,zero,moving,y_half,33,0.0625,2.5e-05,0.01,completed,0.01,0.001,u,2.8762070680032892e-05,2.6132310207179186e-06,2.547367639937903e-06,1.4381035464002947e-05
A,FD,zero,moving,y_half,33,0.0625,2.5e-05,0.01,completed,0.01,0.001,v,1.7390741056333425e-05,3.538181600077731e-06,1.1808359640763655e-05,8.695370584392248e-06
A,FD,zero,moving,y_half,33,0.0625,2.5e-05,0.01,completed,0.01,0.002,u,2.582760616975932e-05,3.1790908170522084e-06,7.3601710546267185e-06,1.2913803196216376e-05
A,FD,zero,moving,y_half,33,0.0625,2.5e-05,0.01,completed,0.01,0.002,v,3.321922351395834e-05,6.851574956227986e-06,2.566710142759554e-05,1.6609611864379346e-05
A,FD,zero,moving,y_half,33,0.0625,2.5e-05,0.01,completed,0.01,0.005,u,6.589291752012727e-05,8.115682853103028e-06,6.523862351670573e-05,3.2946459044112454e-05
A,FD,zero,moving,y_half,33,0.0625,2.5e-05,0.01,completed,0.01,0.005,v,0.00014568484314114727,2.2982802458283512e-05,0.00013978337453468548,7.284242204158337e-05
A,FD,zero,moving,y_half,33,0.0625,2.5e-05,0.01,completed,0.01,0.01,u,0.001739214079469864,0.00018085058163470102,0.0015898409446959416,0.0008696070472322735
A,FD,zero,moving,y_half,33,0.0625,2.5e-05,0.01,completed,0.01,0.01,v,0.003366852163778633,0.00041066649611531047,0.002856727018767602,0.0016834260927745953
A,SD,fixed,fixed,combined,65,0.0625,1.25e-05,0.01,stopped,0.0096375,0.0,u,2.466537777578992e-06,1.5602543396767842e-07,1.6653345369377348e-16,1.2332688994221585e-06
A,SD,fixed,fixed,combined,65,0.0625,1.25e-05,0.01,stopped,0.0096375,0.0,v,1.329192876653451e-06,1.0352618328935618e-07,1.7208456881689926e-15,6.645964426241032e-07
A,SD,fixed,fixed,combined,65,0.0625,1.25e-05,0.01,stopped,0.0096375,0.001,u,1.0710867444752026e-05,2.8683145967224794e-06,1.0272454312953982e-05,5.3554337685480355e-06
A,SD,fixed,fixed,combined,65,0.0625,1.25e-05,0.01,stopped,0.0096375,0.001,v,4.577827221963204e-06,1.9207662348632172e-06,4.466996719854066e-06,2.288913625782052e-06
A,SD,fixed,fixed,combined,65,0.0625,1.25e-05,0.01,stopped,0.0096375,0.002,u,5.1471976863171065e-05,6.553851237399462e-06,4.440583170195467e-05,2.573598865346908e-05
A,SD,fixed,fixed,combined,65,0.0625,1.25e-05,0.01,stopped,0.0096375,0.002,v,3.181646113548098e-05,5.037126470673709e-06,2.5562189083006004e-05,1.590823067060543e-05
A,SD,fixed,fixed,combined,65,0.0625,1.25e-05,0.01,stopped,0.0096375,0.005,u,0.025345378935673013,0.0021303972981023232,0.025452683497521278,0.012672689577094455
A,SD,fixed,fixed,combined,65,0.0625,1.25e-05,0.01,stopped,0.0096375,0.005,v,0.01785973976881472,0.0021611912180773576,0.01790219927553105,0.008929869942149202
A,SD,fixed,fixed,combined,65,0.0625,1.25e-05,0.01,stopped,0.0096375,0.0096375,u,166.3558283347986,27.000983066715445,147.79874493173594,83.17791488452002
A,SD,fixed,fixed,combined,65,0.0625,1.25e-05,0.01,stopped,0.0096375,0.0096375,v,239.63824437156464,27.87610088526181,239.2832735500686,119.81912296055026
A,SD,fixed,fixed,main,33,0.125,2.5e-05,0.01,completed,0.01,0.0,u,4.355442737913329e-05,3.470875542685943e-06,5.551115123125783e-17,2.1777219917949294e-05
A,SD,fixed,fixed,main,33,0.125,2.5e-05,0.01,completed,0.01,0.0,v,2.1314452439247233e-05,2.2097336565841803e-06,6.661338147750939e-16,1.0657228505635227e-05
A,SD,fixed,fixed,main,33,0.125,2.5e-05,0.01,completed,0.01,0.001,u,6.201405981220987e-05,1.1490638291546034e-05,3.9218261203011195e-05,3.1007038774257205e-05
A,SD,fixed,fixed,main,33,0.125,2.5e-05,0.01,completed,0.01,0.001,v,2.7784960524801505e-05,8.314310819056011e-06,2.3251426574777412e-05,1.389248324238546e-05
A,SD,fixed,fixed,main,33,0.125,2.5e-05,0.01,completed,0.01,0.002,u,8.84025442566827e-05,2.292733432282575e-05,7.853184060602203e-05,4.420128477010721e-05
A,SD,fixed,fixed,main,33,0.125,2.5e-05,0.01,completed,0.01,0.002,v,5.087543935489158e-05,1.575860444107614e-05,4.80901787185406e-05,2.543772513392399e-05
A,SD,fixed,fixed,main,33,0.125,2.5e-05,0.01,completed,0.01,0.005,u,0.00025889126323419553,6.133456620555054e-05,0.0002524880423433462,0.00012944566863914005
A,SD,fixed,fixed,main,33,0.125,2.5e-05,0.01,completed,0.01,0.005,v,0.00016143967028292572,4.2080961621217595e-05,0.00015837066180091064,8.07198524561446e-05
A,SD,fixed,fixed,main,33,0.125,2.5e-05,0.01,completed,0.01,0.01,u,0.0017860018965096813,0.00025500844450085267,0.001472014063032212,0.0008930012036571934
A,SD,fixed,fixed,main,33,0.125,2.5e-05,0.01,completed,0.01,0.01,v,0.001292419810422718,0.00022451110675803087,0.0012155385702745658,0.000646210043825602
A,SD,fixed,fixed,time_half,33,0.125,1.25e-05,0.01,completed,0.01,0.0,u,4.355442737913329e-05,3.470875542685943e-06,5.551115123125783e-17,2.1777219917949294e-05
A,SD,fixed,fixed,time_half,33,0.125,1.25e-05,0.01,completed,0.01,0.0,v,2.1314452439247233e-05,2.2097336565841803e-06,6.661338147750939e-16,1.0657228505635227e-05
A,SD,fixed,fixed,time_half,33,0.125,1.25e-05,0.01,completed,0.01,0.001,u,6.2014059812876e-05,1.1490638291543953e-05,3.9218261202567106e-05,3.100703877459027e-05
A,SD,fixed,fixed,time_half,33,0.125,1.25e-05,0.01,completed,0.01,0.001,v,2.778496052457946e-05,8.31431081899563e-06,2.3251426574111278e-05,1.3892483242274438e-05
A,SD,fixed,fixed,time_half,33,0.125,1.25e-05,0.01,completed,0.01,0.002,u,8.840254425845906e-05,2.2927334322811516e-05,7.853184060424567e-05,4.4201284770995385e-05
A,SD,fixed,fixed,time_half,33,0.125,1.25e-05,0.01,completed,0.01,0.002,v,5.087543935533567e-05,1.575860444105449e-05,4.809017871765242e-05,2.5437725134146035e-05
A,SD,fixed,fixed,time_half,33,0.125,1.25e-05,0.01,completed,0.01,0.005,u,0.0002588912632628393,6.133456620586281e-05,0.00025248804236222,0.00012944566865346192
A,SD,fixed,fixed,time_half,33,0.125,1.25e-05,0.01,completed,0.01,0.005,v,0.00016143967026915895,4.2080961621809806e-05,0.0001583706617838132,8.071985244926121e-05
A,SD,fixed,fixed,time_half,33,0.125,1.25e-05,0.01,completed,0.01,0.01,u,0.0017860018977342573,0.0002550084446644542,0.0014720140636002021,0.0008930012042694816
A,SD,fixed,fixed,time_half,33,0.125,1.25e-05,0.01,completed,0.01,0.01,v,0.0012924198113863916,0.00022451110688473242,0.0012155385708008115,0.0006462100443074389
A,SD,fixed,fixed,x_half,65,0.125,1.25e-05,0.01,stopped,0.009025,0.0,u,2.3815123251225145e-06,1.559507513516827e-07,5.551115123125783e-17,1.1907565031229623e-06
A,SD,fixed,fixed,x_half,65,0.125,1.25e-05,0.01,stopped,0.009025,0.0,v,1.3280308459595602e-06,1.035189072618352e-07,8.881784197001252e-16,6.640155654133679e-07
A,SD,fixed,fixed,x_half,65,0.125,1.25e-05,0.01,stopped,0.009025,0.001,u,3.7622745273635516e-05,1.121474278037313e-05,3.748175034345991e-05,1.881137801695631e-05
A,SD,fixed,fixed,x_half,65,0.125,1.25e-05,0.01,stopped,0.009025,0.001,v,1.7957028322301838e-05,7.565633814869837e-06,1.786511682566605e-05,8.97851608707303e-06
A,SD,fixed,fixed,x_half,65,0.125,1.25e-05,0.01,stopped,0.009025,0.002,u,0.00018543213439659034,2.48505644606508e-05,0.00015265741408820865,9.271609371551415e-05
A,SD,fixed,fixed,x_half,65,0.125,1.25e-05,0.01,stopped,0.009025,0.002,v,0.00012877929167331992,1.9823495912487822e-05,9.225023934189558e-05,6.438965964846004e-05
A,SD,fixed,fixed,x_half,65,0.125,1.25e-05,0.01,stopped,0.009025,0.005,u,0.09753649024907296,0.007777190894860827,0.09872205623797514,0.048768259072477484
A,SD,fixed,fixed,x_half,65,0.125,1.25e-05,0.01,stopped,0.009025,0.005,v,0.08413017179580518,0.00916012693388927,0.08412709509093252,0.04206509492100792
A,SD,fixed,fixed,x_half,65,0.125,1.25e-05,0.01,stopped,0.009025,0.009025,u,166.62019953993274,26.069265666620726,143.8741348450433,83.31012359703568
A,SD,fixed,fixed,x_half,65,0.125,1.25e-05,0.01,stopped,0.009025,0.009025,v,212.83474845011395,29.273708054517627,214.19075739625032,106.41739705194907
A,SD,fixed,fixed,y_half,33,0.0625,2.5e-05,0.01,completed,0.01,0.0,u,4.4642747257350734e-05,3.472445497281283e-06,1.6653345369377348e-16,2.2321373821119718e-05
A,SD,fixed,fixed,y_half,33,0.0625,2.5e-05,0.01,completed,0.01,0.0,v,2.1326649056740976e-05,2.2100677997579513e-06,1.3322676295501878e-15,1.0663324597321101e-05
A,SD,fixed,fixed,y_half,33,0.0625,2.5e-05,0.01,completed,0.01,0.001,u,4.888036751515834e-05,4.462988800411872e-06,1.3682119002211834e-05,2.44401839682909e-05
A,SD,fixed,fixed,y_half,33,0.0625,2.5e-05,0.01,completed,0.01,0.001,v,2.2429034030047035e-05,3.73520033668116e-06,1.672154821741323e-05,1.1214517087538221e-05
A,SD,fixed,fixed,y_half,33,0.0625,2.5e-05,0.01,completed,0.01,0.002,u,5.4288578065886384e-05,7.323841699025929e-06,2.9669742701798896e-05,2.7144289266968444e-05
A,SD,fixed,fixed,y_half,33,0.0625,2.5e-05,0.01,completed,0.01,0.002,v,4.073985201813457e-05,6.303534633516115e-06,3.502387095810633e-05,2.03699261407822e-05
A,SD,fixed,fixed,y_half,33,0.0625,2.5e-05,0.01,completed,0.01,0.005,u,0.00011925078278740564,2.2915604239720938e-05,0.00010894693732366179,5.962539190776481e-05
A,SD,fixed,fixed,y_half,33,0.0625,2.5e-05,0.01,completed,0.01,0.005,v,0.00013407292759759493,2.075042779908781e-05,0.00011246786096741346,6.703646423226503e-05
A,SD,fixed,fixed,y_half,33,0.0625,2.5e-05,0.01,completed,0.01,0.01,u,0.0009743906621779708,0.00016325826996180275,0.0009732276522573802,0.00048719533528935363
A,SD,fixed,fixed,y_half,33,0.0625,2.5e-05,0.01,completed,0.01,0.01,v,0.0011261595840770244,0.0001823541520568684,0.0010942773801316807,0.0005630797956794684
A,SD,minus,frozen,main,33,0.125,2.5e-05,0.01,completed,0.01,0.0,u,4.828301909687305e-05,3.7425607225302507e-06,1.1102230246251565e-16,2.4141516453018594e-05
A,SD,minus,frozen,main,33,0.125,2.5e-05,0.01,completed,0.01,0.0,v,2.3501672637538107e-05,2.453755487236611e-06,8.881784197001252e-16,1.1750838839363784e-05
A,SD,minus,frozen,main,33,0.125,2.5e-05,0.01,completed,0.01,0.001,u,6.711987403029696e-05,1.1436575631408115e-05,3.466454692291343e-05,3.355994661344385e-05
A,SD,minus,frozen,main,33,0.125,2.5e-05,0.01,completed,0.01,0.001,v,2.8433703470609473e-05,8.42893085872513e-06,2.301718117192486e-05,1.4216854784868239e-05
A,SD,minus,frozen,main,33,0.125,2.5e-05,0.01,completed,0.01,0.002,u,9.102719535047932e-05,2.2223146940395165e-05,7.045187988174995e-05,4.5513610692336614e-05
A,SD,minus,frozen,main,33,0.125,2.5e-05,0.01,completed,0.01,0.002,v,5.388198861289162e-05,1.5998719715412174e-05,5.0210651367121883e-05,2.6941000085381573e-05
A,SD,minus,frozen,main,33,0.125,2.5e-05,0.01,completed,0.01,0.005,u,0.0002169819047812549,5.6255586566624376e-05,0.00019483555268817732,0.00010849098341953569
A,SD,minus,frozen,main,33,0.125,2.5e-05,0.01,completed,0.01,0.005,v,0.00021206782315519312,4.3975582861741265e-05,0.00020814252078782403,0.0001060339343222346
A,SD,minus,frozen,main,33,0.125,2.5e-05,0.01,completed,0.01,0.01,u,0.0016968113158886133,0.0002148066210693975,0.0016751606808147468,0.0008484059005922025
A,SD,minus,frozen,main,33,0.125,2.5e-05,0.01,completed,0.01,0.01,v,0.002079898523787538,0.0003011056352454283,0.0020485295729317787,0.0010399494849664557
A,SD,minus,moving,combined,65,0.0625,1.25e-05,0.01,stopped,0.0099375,0.0,u,2.83197733463858e-06,1.6805533092462578e-07,1.1102230246251565e-16,1.415988679527276e-06
A,SD,minus,moving,combined,65,0.0625,1.25e-05,0.01,stopped,0.0099375,0.0,v,1.5185946229401281e-06,1.1696612033287355e-07,1.7763568394002505e-15,7.592973163797913e-07
A,SD,minus,moving,combined,65,0.0625,1.25e-05,0.01,stopped,0.0099375,0.001,u,9.969384090480204e-06,2.839891603195291e-06,9.239832050145225e-06,4.984692088215765e-06
A,SD,minus,moving,combined,65,0.0625,1.25e-05,0.01,stopped,0.0099375,0.001,v,5.68442333936936e-06,1.9177401014972502e-06,5.641331006334127e-06,2.8422116880628356e-06
A,SD,minus,moving,combined,65,0.0625,1.25e-05,0.01,stopped,0.0099375,0.002,u,3.8422627225642714e-05,6.073515635964179e-06,2.782954987079478e-05,1.9211313778452236e-05
A,SD,minus,moving,combined,65,0.0625,1.25e-05,0.01,stopped,0.0099375,0.002,v,3.127863288931998e-05,4.798271424217632e-06,3.130935581330263e-05,1.5639316545786095e-05
A,SD,minus,moving,combined,65,0.0625,1.25e-05,0.01,stopped,0.0099375,0.005,u,0.01516846682453088,0.0011547613723465273,0.01518208208789562,0.007584233477653121
A,SD,minus,moving,combined,65,0.0625,1.25e-05,0.01,stopped,0.0099375,0.005,v,0.011408281097231132,0.0013214363426212515,0.011419906443526084,0.005704140585499372
A,SD,minus,moving,combined,65,0.0625,1.25e-05,0.01,stopped,0.0099375,0.0099375,u,675.9533946791684,54.534489011980924,373.69183122345333,337.9767002534598
A,SD,minus,moving,combined,65,0.0625,1.25e-05,0.01,stopped,0.0099375,0.0099375,v,1510.2213976287399,93.89046337321847,1073.4342523464748,755.110703697026
A,SD,minus,moving,main,33,0.125,2.5e-05,0.01,completed,0.01,0.0,u,4.828301909687305e-05,3.7425607225302507e-06,1.1102230246251565e-16,2.4141516453018594e-05
A,SD,minus,moving,main,33,0.125,2.5e-05,0.01,completed,0.01,0.0,v,2.3501672637538107e-05,2.453755487236611e-06,8.881784197001252e-16,1.1750838839363784e-05
A,SD,minus,moving,main,33,0.125,2.5e-05,0.01,completed,0.01,0.001,u,6.719728517756707e-05,1.1441695156032504e-05,3.4704919045669413e-05,3.359865219814888e-05
A,SD,minus,moving,main,33,0.125,2.5e-05,0.01,completed,0.01,0.001,v,2.8466227555146162e-05,8.432923357979725e-06,2.3018079525538582e-05,1.4233116830624848e-05
A,SD,minus,moving,main,33,0.125,2.5e-05,0.01,completed,0.01,0.002,u,9.113518732117853e-05,2.2230445936770297e-05,7.054957504526449e-05,4.556760669312932e-05
A,SD,minus,moving,main,33,0.125,2.5e-05,0.01,completed,0.01,0.002,v,5.3962248509842325e-05,1.6006478809851243e-05,5.022630970730191e-05,2.698113004246494e-05
A,SD,minus,moving,main,33,0.125,2.5e-05,0.01,completed,0.01,0.005,u,0.00021696088583356143,5.62444136987849e-05,0.00019418629339473803,0.00010848047394268321
A,SD,minus,moving,main,33,0.125,2.5e-05,0.01,completed,0.01,0.005,v,0.00021161826734483746,4.39543705086497e-05,0.00020745552373835352,0.00010580915636884114
A,SD,minus,moving,main,33,0.125,2.5e-05,0.01,completed,0.01,0.01,u,0.0016340837910489014,0.0002101286248658034,0.0016109127385970368,0.0008170421292021672
A,SD,minus,moving,main,33,0.125,2.5e-05,0.01,completed,0.01,0.01,v,0.0020199882481615195,0.00029398523917884375,0.001985024776363531,0.0010099943407279666
A,SD,minus,moving,time_half,33,0.125,1.25e-05,0.01,completed,0.01,0.0,u,4.828301909687305e-05,3.7425607225302507e-06,1.1102230246251565e-16,2.4141516453018594e-05
A,SD,minus,moving,time_half,33,0.125,1.25e-05,0.01,completed,0.01,0.0,v,2.3501672637538107e-05,2.453755487236611e-06,8.881784197001252e-16,1.1750838839363784e-05
A,SD,minus,moving,time_half,33,0.125,1.25e-05,0.01,completed,0.01,0.001,u,6.719728517579071e-05,1.1441695156060697e-05,3.470491904633555e-05,3.35986521972607e-05
A,SD,minus,moving,time_half,33,0.125,1.25e-05,0.01,completed,0.01,0.001,v,2.8466227555368206e-05,8.432923358104193e-06,2.301807952642676e-05,1.423311683073587e-05
A,SD,minus,moving,time_half,33,0.125,1.25e-05,0.01,completed,0.01,0.002,u,9.113518732095649e-05,2.2230445936585597e-05,7.054957504659676e-05,4.55676066930183e-05
A,SD,minus,moving,time_half,33,0.125,1.25e-05,0.01,completed,0.01,0.002,v,5.396224851472731e-05,1.600647881002969e-05,5.022630971085462e-05,2.698113004490743e-05
A,SD,minus,moving,time_half,33,0.125,1.25e-05,0.01,completed,0.01,0.005,u,0.00021696088588551987,5.6244413698922415e-05,0.0001941862934349281,0.00010848047396866243
A,SD,minus,moving,time_half,33,0.125,1.25e-05,0.01,completed,0.01,0.005,v,0.00021161826740168088,4.395437051286148e-05,0.00020745552379364263,0.00010580915639726286
A,SD,minus,moving,time_half,33,0.125,1.25e-05,0.01,completed,0.01,0.01,u,0.0016340837926274165,0.00021012862501133982,0.0016109127400749657,0.000817042129991425
A,SD,minus,moving,time_half,33,0.125,1.25e-05,0.01,completed,0.01,0.01,v,0.0020199882499549737,0.0002939852394421908,0.00198502477809126,0.001009994341624694
A,SD,minus,moving,x_half,65,0.125,1.25e-05,0.01,stopped,0.0092625,0.0,u,2.734344638266606e-06,1.6789069049145904e-07,1.1102230246251565e-16,1.3671727101508349e-06
A,SD,minus,moving,x_half,65,0.125,1.25e-05,0.01,stopped,0.0092625,0.0,v,1.5170575033973677e-06,1.1691373929586015e-07,8.881784197001252e-16,7.58528914405705e-07
A,SD,minus,moving,x_half,65,0.125,1.25e-05,0.01,stopped,0.0092625,0.001,u,3.5973825534663106e-05,1.1182166611904324e-05,3.594503010662109e-05,1.7986917911670816e-05
A,SD,minus,moving,x_half,65,0.125,1.25e-05,0.01,stopped,0.0092625,0.001,v,1.781591522731496e-05,7.538007781237688e-06,1.7752161505457664e-05,8.907959524444969e-06
A,SD,minus,moving,x_half,65,0.125,1.25e-05,0.01,stopped,0.0092625,0.002,u,0.00015662214111200612,2.3846445527498258e-05,0.00012659061352948697,7.831109295332717e-05
A,SD,minus,moving,x_half,65,0.125,1.25e-05,0.01,stopped,0.0092625,0.002,v,0.0001053290113073313,1.8431751174733496e-05,8.50884008432029e-05,5.266451695038291e-05
A,SD,minus,moving,x_half,65,0.125,1.25e-05,0.01,stopped,0.0092625,0.005,u,0.06508543882671236,0.004816183177699349,0.0650979543781749,0.03254272872072267
A,SD,minus,moving,x_half,65,0.125,1.25e-05,0.01,stopped,0.0092625,0.005,v,0.055953232472762515,0.006091482805604643,0.05588117193463038,0.027976622237461484
A,SD,minus,moving,x_half,65,0.125,1.25e-05,0.01,stopped,0.0092625,0.0092625,u,723.1644447677546,51.057876734496034,313.5599429240227,361.58232579804553
A,SD,minus,moving,x_half,65,0.125,1.25e-05,0.01,stopped,0.0092625,0.0092625,v,1169.335406987542,96.8576444640619,1072.1822183879297,584.6678289070005
A,SD,minus,moving,y_half,33,0.0625,2.5e-05,0.01,completed,0.01,0.0,u,4.948672264015741e-05,3.745968075898097e-06,1.1102230246251565e-16,2.474336153340429e-05
A,SD,minus,moving,y_half,33,0.0625,2.5e-05,0.01,completed,0.01,0.0,v,2.3516999419159745e-05,2.455079649569005e-06,1.7763568394002505e-15,1.1758499785612049e-05
A,SD,minus,moving,y_half,33,0.0625,2.5e-05,0.01,completed,0.01,0.001,u,5.4632061283976796e-05,4.609880287177412e-06,8.955269725108295e-06,2.7316030877494325e-05
A,SD,minus,moving,y_half,33,0.0625,2.5e-05,0.01,completed,0.01,0.001,v,2.495478993047584e-05,4.0174749414346386e-06,1.7033634776897344e-05,1.2477395045918577e-05
A,SD,minus,moving,y_half,33,0.0625,2.5e-05,0.01,completed,0.01,0.002,u,5.996326779955652e-05,6.708836293705704e-06,1.9733997346671472e-05,2.998163415826576e-05
A,SD,minus,moving,y_half,33,0.0625,2.5e-05,0.01,completed,0.01,0.002,v,4.521820328151627e-05,6.756352563848251e-06,3.839839734287587e-05,2.2609101786951887e-05
A,SD,minus,moving,y_half,33,0.0625,2.5e-05,0.01,completed,0.01,0.005,u,9.259392242921827e-05,1.6261863286285603e-05,7.898386035609661e-05,4.629696161375969e-05
A,SD,minus,moving,y_half,33,0.0625,2.5e-05,0.01,completed,0.01,0.005,v,0.0001822665538997459,2.4152201360982814e-05,0.0001639862032516426,9.113327753915402e-05
A,SD,minus,moving,y_half,33,0.0625,2.5e-05,0.01,completed,0.01,0.01,u,0.0009898114333632968,0.00010626168392644242,0.000759437501479665,0.000494905720948492
A,SD,minus,moving,y_half,33,0.0625,2.5e-05,0.01,completed,0.01,0.01,v,0.0014782313862358176,0.0002372903152419402,0.0012436155915749314,0.0007391156978971388
A,SD,plus,frozen,main,33,0.125,2.5e-05,0.01,completed,0.01,0.0,u,1.7643715287674056e-05,1.6941010038089626e-06,1.1102230246251565e-16,8.821860166928635e-06
A,SD,plus,frozen,main,33,0.125,2.5e-05,0.01,completed,0.01,0.0,v,9.018132910432186e-06,1.2824225050320867e-06,8.881784197001252e-16,4.509067422426327e-06
A,SD,plus,frozen,main,33,0.125,2.5e-05,0.01,completed,0.01,0.001,u,3.835367103843801e-05,1.1409068593740072e-05,3.491083110063187e-05,1.917684100388161e-05
A,SD,plus,frozen,main,33,0.125,2.5e-05,0.01,completed,0.01,0.001,v,2.0277097288801116e-05,8.13239288798352e-06,1.9189750124493088e-05,1.0138550819154047e-05
A,SD,plus,frozen,main,33,0.125,2.5e-05,0.01,completed,0.01,0.002,u,7.352083042233559e-05,2.3018286104410598e-05,7.00290007089599e-05,3.676042572481456e-05
A,SD,plus,frozen,main,33,0.125,2.5e-05,0.01,completed,0.01,0.002,v,3.8679116514561684e-05,1.5751408453475282e-05,3.747373933138398e-05,1.933956240568248e-05
A,SD,plus,frozen,main,33,0.125,2.5e-05,0.01,completed,0.01,0.005,u,0.0004192598468117925,6.407756348127227e-05,0.00034197229455878997,0.0002096299833610125
A,SD,plus,frozen,main,33,0.125,2.5e-05,0.01,completed,0.01,0.005,v,0.00026403778581629567,5.187335425760113e-05,0.00023590786520855112,0.00013201892122665358
A,SD,plus,frozen,main,33,0.125,2.5e-05,0.01,completed,0.01,0.01,u,0.021628111505593406,0.0019894689752060833,0.02166120419129891,0.010814058845666075
A,SD,plus,frozen,main,33,0.125,2.5e-05,0.01,completed,0.01,0.01,v,0.017533605744763037,0.0023934600105890223,0.01745144587024461,0.00876680475289083
A,SD,plus,moving,combined,65,0.0625,1.25e-05,0.01,stopped,0.0043,0.0,u,1.0376424026681264e-06,8.596487776425482e-08,2.220446049250313e-16,5.188212058070948e-07
A,SD,plus,moving,combined,65,0.0625,1.25e-05,0.01,stopped,0.0043,0.0,v,5.734999324324974e-07,6.731047282465385e-08,1.3322676295501878e-15,2.8674996807041585e-07
A,SD,plus,moving,combined,65,0.0625,1.25e-05,0.01,stopped,0.0043,0.001,u,1.4011324303231376e-05,2.9064391806049023e-06,1.2582154751417107e-05,7.005662212015201e-06
A,SD,plus,moving,combined,65,0.0625,1.25e-05,0.01,stopped,0.0043,0.001,v,8.235675302836754e-06,2.004988291002404e-06,6.0674253063996986e-06,4.117837678044916e-06
A,SD,plus,moving,combined,65,0.0625,1.25e-05,0.01,stopped,0.0043,0.002,u,0.00022959264527622203,1.721674918316641e-05,0.00023141057406617094,0.00011479632362783074
A,SD,plus,moving,combined,65,0.0625,1.25e-05,0.01,stopped,0.0043,0.002,v,0.00019735174266055644,2.0091907501469975e-05,0.00019862034387307936,9.86758719683308e-05
A,SD,plus,moving,combined,65,0.0625,1.25e-05,0.01,stopped,0.0043,0.0043,u,0.8537845260210526,0.04902439355526684,0.8766193607529549,0.42689226669098995
A,SD,plus,moving,combined,65,0.0625,1.25e-05,0.01,stopped,0.0043,0.0043,v,0.9059283193997438,0.0664463000613727,0.9222104144058507,0.4529641626288043
A,SD,plus,moving,main,33,0.125,2.5e-05,0.01,completed,0.01,0.0,u,1.7643715287674056e-05,1.6941010038089626e-06,1.1102230246251565e-16,8.821860166928635e-06
A,SD,plus,moving,main,33,0.125,2.5e-05,0.01,completed,0.01,0.0,v,9.018132910432186e-06,1.2824225050320867e-06,8.881784197001252e-16,4.509067422426327e-06
A,SD,plus,moving,main,33,0.125,2.5e-05,0.01,completed,0.01,0.001,u,3.837982924448369e-05,1.1409751559847333e-05,3.4911243080193444e-05,1.9189920110645134e-05
A,SD,plus,moving,main,33,0.125,2.5e-05,0.01,completed,0.01,0.001,v,2.0275485513199243e-05,8.130370556892073e-06,1.9188310449447243e-05,1.0137744931180244e-05
A,SD,plus,moving,main,33,0.125,2.5e-05,0.01,completed,0.01,0.002,u,7.354008046345228e-05,2.3018113996002466e-05,7.00075291661939e-05,3.677005074812571e-05
A,SD,plus,moving,main,33,0.125,2.5e-05,0.01,completed,0.01,0.002,v,3.8671527218925306e-05,1.574681119877834e-05,3.7468471631108e-05,1.9335767757050325e-05
A,SD,plus,moving,main,33,0.125,2.5e-05,0.01,completed,0.01,0.005,u,0.00041719633503278786,6.400608504780837e-05,0.000340018700154765,0.00020859822717642326
A,SD,plus,moving,main,33,0.125,2.5e-05,0.01,completed,0.01,0.005,v,0.0002621170945245055,5.17413202572935e-05,0.00023523760667720772,0.00013105857537476105
A,SD,plus,moving,main,33,0.125,2.5e-05,0.01,completed,0.01,0.01,u,0.021262568092789813,0.001962872239427843,0.021297217468409402,0.010631287086990735
A,SD,plus,moving,main,33,0.125,2.5e-05,0.01,completed,0.01,0.01,v,0.017221804409926378,0.002358487118784605,0.01712526936924519,0.008610904052031272
A,SD,plus,moving,time_half,33,0.125,1.25e-05,0.01,completed,0.01,0.0,u,1.7643715287674056e-05,1.6941010038089626e-06,1.1102230246251565e-16,8.821860166928635e-06
A,SD,plus,moving,time_half,33,0.125,1.25e-05,0.01,completed,0.01,0.0,v,9.018132910432186e-06,1.2824225050320867e-06,8.881784197001252e-16,4.509067422426327e-06
A,SD,plus,moving,time_half,33,0.125,1.25e-05,0.01,completed,0.01,0.001,u,3.8379829256918185e-05,1.1409751559987459e-05,3.49112430799714e-05,1.9189920116862387e-05
A,SD,plus,moving,time_half,33,0.125,1.25e-05,0.01,completed,0.01,0.001,v,2.0275485515863778e-05,8.130370556978556e-06,1.9188310449447243e-05,1.0137744932512514e-05
A,SD,plus,moving,time_half,33,0.125,1.25e-05,0.01,completed,0.01,0.002,u,7.354008049631489e-05,2.3018113995988337e-05,7.00075291826252e-05,3.6770050764557016e-05
A,SD,plus,moving,time_half,33,0.125,1.25e-05,0.01,completed,0.01,0.002,v,3.867152722292211e-05,1.5746811199279856e-05,3.746847163865752e-05,1.9335767759048726e-05
A,SD,plus,moving,time_half,33,0.125,1.25e-05,0.01,completed,0.01,0.005,u,0.00041719633585457494,6.400608508502668e-05,0.00034001870036370896,0.0002085982275873169
A,SD,plus,moving,time_half,33,0.125,1.25e-05,0.01,completed,0.01,0.005,v,0.00026211709527190763,5.174132036055754e-05,0.00023523760804389227,0.0001310585757484622
A,SD,plus,moving,time_half,33,0.125,1.25e-05,0.01,completed,0.01,0.01,u,0.021262568314298402,0.0019628722573821734,0.021297217689360437,0.010631287197745061
A,SD,plus,moving,time_half,33,0.125,1.25e-05,0.01,completed,0.01,0.01,v,0.017221804611915026,0.002358487143420895,0.017125269572694224,0.008610904153025619
A,SD,plus,moving,x_half,65,0.125,1.25e-05,0.01,stopped,0.00385,0.0,u,1.000108161397506e-06,8.594766103555943e-08,1.1102230246251565e-16,5.000542237165056e-07
A,SD,plus,moving,x_half,65,0.125,1.25e-05,0.01,stopped,0.00385,0.0,v,5.724056133527e-07,6.731682755272979e-08,8.881784197001252e-16,2.8620286806783456e-07
A,SD,plus,moving,x_half,65,0.125,1.25e-05,0.01,stopped,0.00385,0.001,u,5.371059301273462e-05,1.1356929589343155e-05,4.931574817579332e-05,2.6855304187104853e-05
A,SD,plus,moving,x_half,65,0.125,1.25e-05,0.01,stopped,0.00385,0.001,v,3.2369633812923126e-05,7.925793344787093e-06,2.473174932382527e-05,1.6184820378160352e-05
A,SD,plus,moving,x_half,65,0.125,1.25e-05,0.01,stopped,0.00385,0.002,u,0.0009101591771294437,6.868748173893141e-05,0.0009172110462203342,0.00045507971871956417
A,SD,plus,moving,x_half,65,0.125,1.25e-05,0.01,stopped,0.00385,0.002,v,0.0007998158129907118,8.184228169108614e-05,0.0007967901437495595,0.0003999079922769747
A,SD,plus,moving,x_half,65,0.125,1.25e-05,0.01,stopped,0.00385,0.00385,u,0.7153052583291348,0.0436907200706042,0.7218709446102078,0.35765273145485404
A,SD,plus,moving,x_half,65,0.125,1.25e-05,0.01,stopped,0.00385,0.00385,v,0.7859586182113465,0.060369718656368504,0.7909959692364117,0.3929793934010841
A,SD,plus,moving,y_half,33,0.0625,2.5e-05,0.01,completed,0.01,0.0,u,1.814682389023048e-05,1.6943631304342834e-06,2.220446049250313e-16,9.073412023341915e-06
A,SD,plus,moving,y_half,33,0.0625,2.5e-05,0.01,completed,0.01,0.0,v,9.031360000300026e-06,1.2822589600775401e-06,1.3322676295501878e-15,4.515680029349059e-06
A,SD,plus,moving,y_half,33,0.0625,2.5e-05,0.01,completed,0.01,0.001,u,2.2854436870556327e-05,3.4725059614306706e-06,8.940896262688014e-06,1.1427218533798248e-05
A,SD,plus,moving,y_half,33,0.0625,2.5e-05,0.01,completed,0.01,0.001,v,9.686002283126882e-06,2.7742098946350534e-06,6.570378687786871e-06,4.843001172878994e-06
A,SD,plus,moving,y_half,33,0.0625,2.5e-05,0.01,completed,0.01,0.002,u,3.002847519306684e-05,6.579850861613537e-06,1.7727581027582318e-05,1.5014237725979092e-05
A,SD,plus,moving,y_half,33,0.0625,2.5e-05,0.01,completed,0.01,0.002,v,1.6731434392625033e-05,4.850907018248224e-06,1.5330344546038432e-05,8.365717250406465e-06
A,SD,plus,moving,y_half,33,0.0625,2.5e-05,0.01,completed,0.01,0.005,u,0.00010789972456981545,1.8635123730592365e-05,8.375597237053611e-05,5.394986275003798e-05
A,SD,plus,moving,y_half,33,0.0625,2.5e-05,0.01,completed,0.01,0.005,v,9.796069733125634e-05,1.580365607125143e-05,9.401443867051995e-05,4.898034898234225e-05
A,SD,plus,moving,y_half,33,0.0625,2.5e-05,0.01,completed,0.01,0.01,u,0.004166896745001036,0.0005045918032607329,0.004178800617514522,0.002083448390463027
A,SD,plus,moving,y_half,33,0.0625,2.5e-05,0.01,completed,0.01,0.01,v,0.0030754825777226102,0.0004723604726434606,0.0024529832439363908,0.0015377412988045649
A,SD,zero,frozen,main,33,0.125,2.5e-05,0.01,completed,0.01,0.0,u,2.8948355899061085e-05,2.3294021523120176e-06,1.6653345369377348e-16,1.447418208921159e-05
A,SD,zero,frozen,main,33,0.125,2.5e-05,0.01,completed,0.01,0.0,v,1.4456274749941045e-05,1.6230871242427364e-06,6.661338147750939e-16,7.2281389254308034e-06
A,SD,zero,frozen,main,33,0.125,2.5e-05,0.01,completed,0.01,0.001,u,4.810740772009936e-05,1.1276535988135128e-05,3.4836340426558365e-05,2.4053710739518924e-05
A,SD,zero,frozen,main,33,0.125,2.5e-05,0.01,completed,0.01,0.001,v,1.9598615341287484e-05,8.083104497600696e-06,1.851596733759564e-05,9.799309772628878e-06
A,SD,zero,frozen,main,33,0.125,2.5e-05,0.01,completed,0.01,0.002,u,7.682142334020092e-05,2.2566513552769446e-05,6.898128204779752e-05,3.8410722655739557e-05
A,SD,zero,frozen,main,33,0.125,2.5e-05,0.01,completed,0.01,0.002,v,3.776115389730883e-05,1.556635057626046e-05,3.706246764023646e-05,1.8880580998602987e-05
A,SD,zero,frozen,main,33,0.125,2.5e-05,0.01,completed,0.01,0.005,u,0.0002751899536563851,5.888124746067302e-05,0.0002351206225479352,0.00013759501618098482
A,SD,zero,frozen,main,33,0.125,2.5e-05,0.01,completed,0.01,0.005,v,0.0001810950304128589,4.33841853215102e-05,0.00018151903225072097,9.054753462918231e-05
A,SD,zero,frozen,main,33,0.125,2.5e-05,0.01,completed,0.01,0.01,u,0.004529371767669765,0.0004911255885104222,0.004523442679890355,0.0022646865315453964
A,SD,zero,frozen,main,33,0.125,2.5e-05,0.01,completed,0.01,0.01,v,0.003977444695155707,0.0005721607626504174,0.003987839662159098,0.0019887227741656245
A,SD,zero,moving,combined,65,0.0625,1.25e-05,0.01,stopped,0.0056,0.0,u,1.7088861090641672e-06,1.0860625502198353e-07,2.220446049250313e-16,8.544430618986884e-07
A,SD,zero,moving,combined,65,0.0625,1.25e-05,0.01,stopped,0.0056,0.0,v,9.314621640665877e-07,7.958847355368963e-08,1.5543122344752192e-15,4.65731085044779e-07
A,SD,zero,moving,combined,65,0.0625,1.25e-05,0.01,stopped,0.0056,0.001,u,1.1119524055525076e-05,2.8651594752745833e-06,1.0138254704195049e-05,5.559762075696183e-06
A,SD,zero,moving,combined,65,0.0625,1.25e-05,0.01,stopped,0.0056,0.001,v,5.26310456172574e-06,1.9328086342184914e-06,4.755105052378639e-06,2.6315522978788712e-06
A,SD,zero,moving,combined,65,0.0625,1.25e-05,0.01,stopped,0.0056,0.002,u,7.952242563202816e-05,7.69025595215406e-06,5.3750562250431955e-05,3.976121315881649e-05
A,SD,zero,moving,combined,65,0.0625,1.25e-05,0.01,stopped,0.0056,0.002,v,6.02444934023616e-05,7.3844348234242405e-06,5.975024808102525e-05,3.0122246895955643e-05
A,SD,zero,moving,combined,65,0.0625,1.25e-05,0.01,stopped,0.0056,0.005,u,0.20459124708068188,0.01404067252474943,0.2051356014106478,0.10229562442228554
A,SD,zero,moving,combined,65,0.0625,1.25e-05,0.01,stopped,0.0056,0.005,v,0.1650199946492381,0.01699842217637916,0.16647655963309882,0.08250999785814074
A,SD,zero,moving,combined,65,0.0625,1.25e-05,0.01,stopped,0.0056,0.0056,u,1.748654667234078,0.10579609067665112,1.750958096254232,0.8743273411550767
A,SD,zero,moving,combined,65,0.0625,1.25e-05,0.01,stopped,0.0056,0.0056,v,1.7980425395998894,0.13571728036477293,1.7989336859481684,0.8990212756131475
A,SD,zero,moving,main,33,0.125,2.5e-05,0.01,completed,0.01,0.0,u,2.8948355899061085e-05,2.3294021523120176e-06,1.6653345369377348e-16,1.447418208921159e-05
A,SD,zero,moving,main,33,0.125,2.5e-05,0.01,completed,0.01,0.0,v,1.4456274749941045e-05,1.6230871242427364e-06,6.661338147750939e-16,7.2281389254308034e-06
A,SD,zero,moving,main,33,0.125,2.5e-05,0.01,completed,0.01,0.001,u,4.8154584188386806e-05,1.1275564137432503e-05,3.4845137991901254e-05,2.407729898040899e-05
A,SD,zero,moving,main,33,0.125,2.5e-05,0.01,completed,0.01,0.001,v,1.9597308744012665e-05,8.086011431420831e-06,1.8516886413078026e-05,9.798656473851333e-06
A,SD,zero,moving,main,33,0.125,2.5e-05,0.01,completed,0.01,0.002,u,7.688034346675643e-05,2.2562956232947305e-05,6.901096408018503e-05,3.8440182727443024e-05
A,SD,zero,moving,main,33,0.125,2.5e-05,0.01,completed,0.01,0.002,v,3.779111840995775e-05,1.5571449982280374e-05,3.707460219715131e-05,1.889556325814119e-05
A,SD,zero,moving,main,33,0.125,2.5e-05,0.01,completed,0.01,0.005,u,0.0002740123302884534,5.883828777112158e-05,0.00023392200469496416,0.00013700620432861613
A,SD,zero,moving,main,33,0.125,2.5e-05,0.01,completed,0.01,0.005,v,0.000180599131287984,4.333933355460672e-05,0.0001809725698664888,9.029958501355882e-05
A,SD,zero,moving,main,33,0.125,2.5e-05,0.01,completed,0.01,0.01,u,0.004412927740879535,0.0004805204100148929,0.004407296041507802,0.0022064645014985194
A,SD,zero,moving,main,33,0.125,2.5e-05,0.01,completed,0.01,0.01,v,0.003875950716989429,0.0005586427044824697,0.0038834072573585843,0.0019379757741970819
A,SD,zero,moving,time_half,33,0.125,1.25e-05,0.01,completed,0.01,0.0,u,2.8948355899061085e-05,2.3294021523120176e-06,1.6653345369377348e-16,1.447418208921159e-05
A,SD,zero,moving,time_half,33,0.125,1.25e-05,0.01,completed,0.01,0.0,v,1.4456274749941045e-05,1.6230871242427364e-06,6.661338147750939e-16,7.2281389254308034e-06
A,SD,zero,moving,time_half,33,0.125,1.25e-05,0.01,completed,0.01,0.001,u,4.8154584187276583e-05,1.1275564137264407e-05,3.484513798968081e-05,2.407729897985388e-05
A,SD,zero,moving,time_half,33,0.125,1.25e-05,0.01,completed,0.01,0.001,v,1.9597308740681996e-05,8.086011431474384e-06,1.8516886408193045e-05,9.798656472185999e-06
A,SD,zero,moving,time_half,33,0.125,1.25e-05,0.01,completed,0.01,0.002,u,7.688034347363981e-05,2.256295623298973e-05,6.901096408418184e-05,3.8440182730884716e-05
A,SD,zero,moving,time_half,33,0.125,1.25e-05,0.01,completed,0.01,0.002,v,3.779111842305838e-05,1.5571449982337155e-05,3.707460221091807e-05,1.889556326469151e-05
A,SD,zero,moving,time_half,33,0.125,1.25e-05,0.01,completed,0.01,0.005,u,0.00027401233040613704,5.883828777305752e-05,0.00023392200470384594,0.00013700620438745795
A,SD,zero,moving,time_half,33,0.125,1.25e-05,0.01,completed,0.01,0.005,v,0.00018059913147006057,4.333933356543587e-05,0.00018097257004989764,9.029958510459713e-05
A,SD,zero,moving,time_half,33,0.125,1.25e-05,0.01,completed,0.01,0.01,u,0.004412927756763496,0.0004805204114444967,0.0044072960575038955,0.002206464509440502
A,SD,zero,moving,time_half,33,0.125,1.25e-05,0.01,completed,0.01,0.01,v,0.003875950728966293,0.0005586427061605347,0.00388340726936498,0.0019379757801855151
A,SD,zero,moving,x_half,65,0.125,1.25e-05,0.01,stopped,0.005025,0.0,u,1.6483938969358292e-06,1.085546393883279e-07,1.6653345369377348e-16,8.241971841920089e-07
A,SD,zero,moving,x_half,65,0.125,1.25e-05,0.01,stopped,0.005025,0.0,v,9.300623871055791e-07,7.958538896472448e-08,6.661338147750939e-16,4.65031293303577e-07
A,SD,zero,moving,x_half,65,0.125,1.25e-05,0.01,stopped,0.005025,0.001,u,4.1366416724919475e-05,1.1237680053882691e-05,4.020842757590515e-05,2.0683214277951863e-05
A,SD,zero,moving,x_half,65,0.125,1.25e-05,0.01,stopped,0.005025,0.001,v,1.9747428114946786e-05,7.643046789786761e-06,1.776385592133778e-05,9.873716175418953e-06
A,SD,zero,moving,x_half,65,0.125,1.25e-05,0.01,stopped,0.005025,0.002,u,0.0003153186834303767,3.0367223213097575e-05,0.00021789735941690758,0.0001576593868064807
A,SD,zero,moving,x_half,65,0.125,1.25e-05,0.01,stopped,0.005025,0.002,v,0.0002499126965309628,2.9916107468942775e-05,0.00022267342790915912,0.00012495637506904707
A,SD,zero,moving,x_half,65,0.125,1.25e-05,0.01,stopped,0.005025,0.005,u,1.0270633428174762,0.0741598885528917,0.9495807799628309,0.5135318182811432
A,SD,zero,moving,x_half,65,0.125,1.25e-05,0.01,stopped,0.005025,0.005,v,1.1875843693693628,0.10253454953323157,1.1330438828348834,0.5937923120551435
A,SD,zero,moving,x_half,65,0.125,1.25e-05,0.01,stopped,0.005025,0.005025,u,1.507108194921662,0.09322679797837519,1.4949833511472082,0.753554312980747
A,SD,zero,moving,x_half,65,0.125,1.25e-05,0.01,stopped,0.005025,0.005025,v,1.6952957746939177,0.13010751585359281,1.6884978643295432,0.8476480691703406
A,SD,zero,moving,y_half,33,0.0625,2.5e-05,0.01,completed,0.01,0.0,u,2.9728289677954933e-05,2.3304597685569633e-06,2.220446049250313e-16,1.486414496712911e-05
A,SD,zero,moving,y_half,33,0.0625,2.5e-05,0.01,completed,0.01,0.0,v,1.4486466536123288e-05,1.623232446045704e-06,9.43689570931383e-16,7.243233314897447e-06
A,SD,zero,moving,y_half,33,0.0625,2.5e-05,0.01,completed,0.01,0.001,u,3.405878537798834e-05,3.6312115138763126e-06,8.821850995710534e-06,1.702939283581356e-05
A,SD,zero,moving,y_half,33,0.0625,2.5e-05,0.01,completed,0.01,0.001,v,1.5352705320381688e-05,2.985733551208324e-06,1.0604376854628228e-05,7.67635270982726e-06
A,SD,zero,moving,y_half,33,0.0625,2.5e-05,0.01,completed,0.01,0.002,u,4.015802744672392e-05,6.31590346767e-06,1.7904422744852155e-05,2.0079013896473743e-05
A,SD,zero,moving,y_half,33,0.0625,2.5e-05,0.01,completed,0.01,0.002,v,2.7395941861962925e-05,5.083181115240469e-06,2.4005897933054854e-05,1.3697971019554542e-05
A,SD,zero,moving,y_half,33,0.0625,2.5e-05,0.01,completed,0.01,0.005,u,7.278783528130717e-05,1.654166274685838e-05,5.484003789857361e-05,3.639391795442477e-05
A,SD,zero,moving,y_half,33,0.0625,2.5e-05,0.01,completed,0.01,0.005,v,0.00012436526967540829,1.7154692699514518e-05,0.00011292819438213364,6.218263523978614e-05
A,SD,zero,moving,y_half,33,0.0625,2.5e-05,0.01,completed,0.01,0.01,u,0.0009321603386664989,0.00013765052307396084,0.000819781350764659,0.00046608017335157274
A,SD,zero,moving,y_half,33,0.0625,2.5e-05,0.01,completed,0.01,0.01,v,0.0014664332212313003,0.00024370608102576978,0.0014061731144154876,0.0007332166153567358
B,FD,fixed,fixed,combined,65,0.0625,1.25e-05,0.01,completed,0.01,0.0,u,8.168468901281756e-09,6.174073576383534e-10,0.0,2.3804663380673318e-08
B,FD,fixed,fixed,combined,65,0.0625,1.25e-05,0.01,completed,0.01,0.0,v,9.840568582220044e-09,7.619039799292187e-10,0.0,2.0278068164930847e-08
B,FD,fixed,fixed,combined,65,0.0625,1.25e-05,0.01,completed,0.01,0.001,u,6.887967879398715e-08,2.201647288938112e-08,6.569829136271466e-08,2.0073009853810908e-07
B,FD,fixed,fixed,combined,65,0.0625,1.25e-05,0.01,completed,0.01,0.001,v,5.8823595605606016e-08,2.954698569055105e-08,5.878150710625363e-08,1.2121544313526868e-07
B,FD,fixed,fixed,combined,65,0.0625,1.25e-05,0.01,completed,0.01,0.002,u,5.233445724561747e-07,6.283210964550713e-08,4.0505280995972726e-07,1.5251378844653229e-06
B,FD,fixed,fixed,combined,65,0.0625,1.25e-05,0.01,completed,0.01,0.002,v,3.6490622085105784e-07,6.963552554512408e-08,2.964813934913657e-07,7.519477313124628e-07
B,FD,fixed,fixed,combined,65,0.0625,1.25e-05,0.01,completed,0.01,0.005,u,0.00034946999225948794,3.7746498992344204e-05,0.00034623815281970005,0.0010184302135346616
B,FD,fixed,fixed,combined,65,0.0625,1.25e-05,0.01,completed,0.01,0.005,v,0.0002644837110082898,3.193169543993237e-05,0.000259832373412372,0.0005450110606444271
B,FD,fixed,fixed,combined,65,0.0625,1.25e-05,0.01,completed,0.01,0.01,u,18.679153541573175,2.146979516612049,18.759549501114,54.43504378443418
B,FD,fixed,fixed,combined,65,0.0625,1.25e-05,0.01,completed,0.01,0.01,v,20.548451081764807,2.0566077516326517,20.26529317230459,42.34337561273005
B,FD,fixed,fixed,main,33,0.125,2.5e-05,0.01,completed,0.01,0.0,u,1.3245502605840898e-07,1.3262508410756117e-08,0.0,3.860022431510827e-07
B,FD,fixed,fixed,main,33,0.125,2.5e-05,0.01,completed,0.01,0.0,v,1.5935522490462262e-07,1.6356620659860854e-08,0.0,3.283769729629743e-07
B,FD,fixed,fixed,main,33,0.125,2.5e-05,0.01,completed,0.01,0.001,u,2.0943954504026863e-07,8.385190995056412e-08,2.094494107596212e-07,6.103515781608461e-07
B,FD,fixed,fixed,main,33,0.125,2.5e-05,0.01,completed,0.01,0.001,v,2.078261717164409e-07,1.1614986314581825e-07,1.740970684838139e-07,4.282591249303209e-07
B,FD,fixed,fixed,main,33,0.125,2.5e-05,0.01,completed,0.01,0.002,u,4.1900924907523063e-07,1.7073787147602864e-07,4.190143974014404e-07,1.2210824674389296e-06
B,FD,fixed,fixed,main,33,0.125,2.5e-05,0.01,completed,0.01,0.002,v,3.9613180108366564e-07,2.329179818367385e-07,3.709202737178785e-07,8.162930447500612e-07
B,FD,fixed,fixed,main,33,0.125,2.5e-05,0.01,completed,0.01,0.005,u,1.886434712050633e-06,4.6949709352717616e-07,1.733025177363956e-06,5.497473762064033e-06
B,FD,fixed,fixed,main,33,0.125,2.5e-05,0.01,completed,0.01,0.005,v,1.455658496796186e-06,6.042090454993386e-07,1.4201111688261214e-06,2.999617559649272e-06
B,FD,fixed,fixed,main,33,0.125,2.5e-05,0.01,completed,0.01,0.01,u,2.5557268405806965e-05,3.4264445748558836e-06,1.8855666670813953e-05,7.447934009771379e-05
B,FD,fixed,fixed,main,33,0.125,2.5e-05,0.01,completed,0.01,0.01,v,1.8268504818175213e-05,3.0952540956241937e-06,1.406167212486542e-05,3.7645181175216475e-05
B,FD,fixed,fixed,time_half,33,0.125,1.25e-05,0.01,completed,0.01,0.0,u,1.3245502605840898e-07,1.3262508410756117e-08,0.0,3.860022431510827e-07
B,FD,fixed,fixed,time_half,33,0.125,1.25e-05,0.01,completed,0.01,0.0,v,1.5935522490462262e-07,1.6356620659860854e-08,0.0,3.283769729629743e-07
B,FD,fixed,fixed,time_half,33,0.125,1.25e-05,0.01,completed,0.01,0.001,u,2.0943954504026863e-07,8.385190996604473e-08,2.094494107596212e-07,6.103515781608461e-07
B,FD,fixed,fixed,time_half,33,0.125,1.25e-05,0.01,completed,0.01,0.001,v,2.0782617193848552e-07,1.1614986315299919e-07,1.7409706920545887e-07,4.282591253878794e-07
B,FD,fixed,fixed,time_half,33,0.125,1.25e-05,0.01,completed,0.01,0.002,u,4.1900924918625293e-07,1.7073787154446196e-07,4.1901439745695157e-07,1.2210824677624722e-06
B,FD,fixed,fixed,time_half,33,0.125,1.25e-05,0.01,completed,0.01,0.002,v,3.9613180197184406e-07,2.3291798186146872e-07,3.70920276104858e-07,8.162930465802951e-07
B,FD,fixed,fixed,time_half,33,0.125,1.25e-05,0.01,completed,0.01,0.005,u,1.8864347605673792e-06,4.6949709564751477e-07,1.7330252120029144e-06,5.497473903452196e-06
B,FD,fixed,fixed,time_half,33,0.125,1.25e-05,0.01,completed,0.01,0.005,v,1.4556585216096707e-06,6.042090464373417e-07,1.4201111889766693e-06,2.9996176107814325e-06
B,FD,fixed,fixed,time_half,33,0.125,1.25e-05,0.01,completed,0.01,0.01,u,2.555726925751456e-05,3.426444694138005e-06,1.885566722414911e-05,7.447934257977167e-05
B,FD,fixed,fixed,time_half,33,0.125,1.25e-05,0.01,completed,0.01,0.01,v,1.8268505476481955e-05,3.095254190284546e-06,1.40616725722853e-05,3.7645182531762996e-05
B,FD,fixed,fixed,x_half,65,0.125,1.25e-05,0.01,completed,0.01,0.0,u,8.093532510855539e-09,6.173274629964581e-10,0.0,2.3586282809901088e-08
B,FD,fixed,fixed,x_half,65,0.125,1.25e-05,0.01,completed,0.01,0.0,v,9.764021813296608e-09,7.618019177153676e-10,0.0,2.012033134723895e-08
B,FD,fixed,fixed,x_half,65,0.125,1.25e-05,0.01,completed,0.01,0.001,u,2.7115074618944135e-07,8.645955675643176e-08,2.5776867496052347e-07,7.90191202069297e-07
B,FD,fixed,fixed,x_half,65,0.125,1.25e-05,0.01,completed,0.01,0.001,v,2.3631262469070435e-07,1.1846866596398256e-07,2.3501967083561226e-07,4.869600254106126e-07
B,FD,fixed,fixed,x_half,65,0.125,1.25e-05,0.01,completed,0.01,0.002,u,2.0208280634981257e-06,2.431006329775491e-07,1.5787666838851244e-06,5.889124699495792e-06
B,FD,fixed,fixed,x_half,65,0.125,1.25e-05,0.01,completed,0.01,0.002,v,1.467436894553309e-06,2.770426208051142e-07,1.1839736311358706e-06,3.023888835374011e-06
B,FD,fixed,fixed,x_half,65,0.125,1.25e-05,0.01,completed,0.01,0.005,u,0.0013002443252885798,0.00013936003855057706,0.0012866664026816577,0.003789189743426838
B,FD,fixed,fixed,x_half,65,0.125,1.25e-05,0.01,completed,0.01,0.005,v,0.0010359132671928228,0.00012057823768973517,0.0010168025772095968,0.002134665262068205
B,FD,fixed,fixed,x_half,65,0.125,1.25e-05,0.01,completed,0.01,0.01,u,58.78448568022247,6.522786041202102,57.95733748691543,171.3105497789302
B,FD,fixed,fixed,x_half,65,0.125,1.25e-05,0.01,completed,0.01,0.01,v,64.79171931543227,6.596998058211147,64.90792937020157,133.51371864086985
B,FD,fixed,fixed,y_half,33,0.0625,2.5e-05,0.01,completed,0.01,0.0,u,1.3339590582139849e-07,1.3264394569120404e-08,0.0,3.887441664789978e-07
B,FD,fixed,fixed,y_half,33,0.0625,2.5e-05,0.01,completed,0.01,0.0,v,1.6031427835239143e-07,1.6359055160026165e-08,0.0,3.303532552087648e-07
B,FD,fixed,fixed,y_half,33,0.0625,2.5e-05,0.01,completed,0.01,0.001,u,1.3299014417489374e-07,2.3818994736759837e-08,5.6912104362538685e-08,3.875616903595971e-07
B,FD,fixed,fixed,y_half,33,0.0625,2.5e-05,0.01,completed,0.01,0.001,v,1.5238892864255504e-07,3.168887208021094e-08,4.5682923333068004e-08,3.1402180237611553e-07
B,FD,fixed,fixed,y_half,33,0.0625,2.5e-05,0.01,completed,0.01,0.002,u,1.3266058640493128e-07,4.521475510763991e-08,1.138590404736739e-07,3.8660128861561655e-07
B,FD,fixed,fixed,y_half,33,0.0625,2.5e-05,0.01,completed,0.01,0.002,v,1.4302141215782882e-07,5.814979280136398e-08,9.64263798808318e-08,2.947185338478515e-07
B,FD,fixed,fixed,y_half,33,0.0625,2.5e-05,0.01,completed,0.01,0.005,u,4.972753611109937e-07,1.2379993290511765e-07,4.4357472689382504e-07,1.4491666335281627e-06
B,FD,fixed,fixed,y_half,33,0.0625,2.5e-05,0.01,completed,0.01,0.005,v,3.667907377269408e-07,1.4856424876748184e-07,3.661488306438976e-07,7.558310802620513e-07
B,FD,fixed,fixed,y_half,33,0.0625,2.5e-05,0.01,completed,0.01,0.01,u,7.4937878137282254e-06,9.548841466650929e-07,5.369919620967778e-06,2.183849856170728e-05
B,FD,fixed,fixed,y_half,33,0.0625,2.5e-05,0.01,completed,0.01,0.01,v,4.88725210417984e-06,9.044524827521242e-07,3.842973537948602e-06,1.0070965969062178e-05
B,FD,minus,frozen,main,33,0.125,2.5e-05,0.01,completed,0.01,0.0,u,1.398476402458826e-07,1.3935195623718064e-08,0.0,4.0754590022497123e-07
B,FD,minus,frozen,main,33,0.125,2.5e-05,0.01,completed,0.01,0.0,v,1.6823935439225224e-07,1.718654691978111e-08,0.0,3.466841451959839e-07
B,FD,minus,frozen,main,33,0.125,2.5e-05,0.01,completed,0.01,0.001,u,2.0854029436634391e-07,8.38850494745699e-08,2.0866287181453558e-07,6.077309695843395e-07
B,FD,minus,frozen,main,33,0.125,2.5e-05,0.01,completed,0.01,0.001,v,2.1024512536493845e-07,1.165665375320787e-07,1.739239018916372e-07,4.332437664901241e-07
B,FD,minus,frozen,main,33,0.125,2.5e-05,0.01,completed,0.01,0.002,u,4.170550224613656e-07,1.7055811072816234e-07,4.1721296850649736e-07,1.2153874335921596e-06
B,FD,minus,frozen,main,33,0.125,2.5e-05,0.01,completed,0.01,0.002,v,3.991171128037152e-07,2.33571486091979e-07,3.694284486654986e-07,8.224447578587308e-07
B,FD,minus,frozen,main,33,0.125,2.5e-05,0.01,completed,0.01,0.005,u,1.7946959858239353e-06,4.6558454545503117e-07,1.6766036143311958e-06,5.230127515106874e-06
B,FD,minus,frozen,main,33,0.125,2.5e-05,0.01,completed,0.01,0.005,v,1.4074814272402314e-06,6.042557743194363e-07,1.3851183665036793e-06,2.900340988852928e-06
B,FD,minus,frozen,main,33,0.125,2.5e-05,0.01,completed,0.01,0.01,u,2.278754473933331e-05,3.0399642550044572e-06,1.713696513233609e-05,6.640777361977568e-05
B,FD,minus,frozen,main,33,0.125,2.5e-05,0.01,completed,0.01,0.01,v,1.6093029308994478e-05,2.7824694609824936e-06,1.2631993354106363e-05,3.3162265331776616e-05
B,FD,minus,moving,combined,65,0.0625,1.25e-05,0.01,completed,0.01,0.0,u,8.620289204674947e-09,6.458443139988954e-10,0.0,2.5121364265601816e-08
B,FD,minus,moving,combined,65,0.0625,1.25e-05,0.01,completed,0.01,0.0,v,1.0384500037652344e-08,7.970572706273173e-10,0.0,2.139892607452715e-08
B,FD,minus,moving,combined,65,0.0625,1.25e-05,0.01,completed,0.01,0.001,u,6.676641478575718e-08,2.1983882591641954e-08,6.428898358112889e-08,1.9457159576869618e-07
B,FD,minus,moving,combined,65,0.0625,1.25e-05,0.01,completed,0.01,0.001,v,5.7857361346336234e-08,2.9558987906482156e-08,5.798968810699634e-08,1.1922436263935452e-07
B,FD,minus,moving,combined,65,0.0625,1.25e-05,0.01,completed,0.01,0.002,u,4.826897371801309e-07,6.003545884244947e-08,3.805331456052663e-07,1.4066610095162013e-06
B,FD,minus,moving,combined,65,0.0625,1.25e-05,0.01,completed,0.01,0.002,v,3.36149157620369e-07,6.796362304729322e-08,2.7890795351037667e-07,6.92689195228608e-07
B,FD,minus,moving,combined,65,0.0625,1.25e-05,0.01,completed,0.01,0.005,u,0.0002660738022053355,2.9057330125634193e-05,0.000263553756829904,0.0007753959000713093
B,FD,minus,moving,combined,65,0.0625,1.25e-05,0.01,completed,0.01,0.005,v,0.00019830638813428392,2.462672745590628e-05,0.00019556442189849754,0.00040864208429926307
B,FD,minus,moving,combined,65,0.0625,1.25e-05,0.01,completed,0.01,0.01,u,9.909965658871668,1.134625286458723,9.91395623903448,28.879756962342814
B,FD,minus,moving,combined,65,0.0625,1.25e-05,0.01,completed,0.01,0.01,v,10.367716018386826,1.070191400004543,10.309759818982432,21.364339913788164
B,FD,minus,moving,main,33,0.125,2.5e-05,0.01,completed,0.01,0.0,u,1.398476402458826e-07,1.3935195623718064e-08,0.0,4.0754590022497123e-07
B,FD,minus,moving,main,33,0.125,2.5e-05,0.01,completed,0.01,0.0,v,1.6823935439225224e-07,1.718654691978111e-08,0.0,3.466841451959839e-07
B,FD,minus,moving,main,33,0.125,2.5e-05,0.01,completed,0.01,0.001,u,2.0847589282668721e-07,8.386921968456723e-08,2.0861363464463878e-07,6.075432897392658e-07
B,FD,minus,moving,main,33,0.125,2.5e-05,0.01,completed,0.01,0.001,v,2.10286759505518e-07,1.1658421731199278e-07,1.739244943621543e-07,4.333295603074502e-07
B,FD,minus,moving,main,33,0.125,2.5e-05,0.01,completed,0.01,0.002,u,4.169983746082906e-07,1.7052417796179848e-07,4.171263233154754e-07,1.2152223496462547e-06
B,FD,minus,moving,main,33,0.125,2.5e-05,0.01,completed,0.01,0.002,v,3.991546249637601e-07,2.33604642731863e-07,3.694039265034199e-07,8.225220576747376e-07
B,FD,minus,moving,main,33,0.125,2.5e-05,0.01,completed,0.01,0.005,u,1.7901247821305866e-06,4.6536663999086764e-07,1.6724981907190184e-06,5.216806050968887e-06
B,FD,minus,moving,main,33,0.125,2.5e-05,0.01,completed,0.01,0.005,v,1.4046788675559085e-06,6.042674521759611e-07,1.3827573853708586e-06,2.89456586559458e-06
B,FD,minus,moving,main,33,0.125,2.5e-05,0.01,completed,0.01,0.01,u,2.24870052430437e-05,3.0102496090396588e-06,1.6908895712319794e-05,6.553193732140728e-05
B,FD,minus,moving,main,33,0.125,2.5e-05,0.01,completed,0.01,0.01,v,1.5883515011305693e-05,2.7619067304104335e-06,1.2471923515555705e-05,3.273052755280712e-05
B,FD,minus,moving,time_half,33,0.125,1.25e-05,0.01,completed,0.01,0.0,u,1.398476402458826e-07,1.3935195623718064e-08,0.0,4.0754590022497123e-07
B,FD,minus,moving,time_half,33,0.125,1.25e-05,0.01,completed,0.01,0.0,v,1.6823935439225224e-07,1.718654691978111e-08,0.0,3.466841451959839e-07
B,FD,minus,moving,time_half,33,0.125,1.25e-05,0.01,completed,0.01,0.001,u,2.084758926046426e-07,8.386921964851654e-08,2.0861363442259417e-07,6.075432890921804e-07
B,FD,minus,moving,time_half,33,0.125,1.25e-05,0.01,completed,0.01,0.001,v,2.1028675956102916e-07,1.1658421729797416e-07,1.7392449558339962e-07,4.3332956042183985e-07
B,FD,minus,moving,time_half,33,0.125,1.25e-05,0.01,completed,0.01,0.002,u,4.1699837444175714e-07,1.7052417799335906e-07,4.1712632303791963e-07,1.2152223491609406e-06
B,FD,minus,moving,time_half,33,0.125,1.25e-05,0.01,completed,0.01,0.002,v,3.9915462601847196e-07,2.3360464271759308e-07,3.694039287793771e-07,8.225220598481404e-07
B,FD,minus,moving,time_half,33,0.125,1.25e-05,0.01,completed,0.01,0.005,u,1.7901248248186619e-06,4.6536664177195214e-07,1.6724982228044638e-06,5.216806175371059e-06
B,FD,minus,moving,time_half,33,0.125,1.25e-05,0.01,completed,0.01,0.005,v,1.4046788899269025e-06,6.042674529004818e-07,1.3827574032454493e-06,2.894565911693597e-06
B,FD,minus,moving,time_half,33,0.125,1.25e-05,0.01,completed,0.01,0.01,u,2.2487005980453834e-05,3.0102497103965454e-06,1.6908896191547562e-05,6.553193947037795e-05
B,FD,minus,moving,time_half,33,0.125,1.25e-05,0.01,completed,0.01,0.01,v,1.5883515579961927e-05,2.7619068090500976e-06,1.2471923901913318e-05,3.27305287246144e-05
B,FD,minus,moving,x_half,65,0.125,1.25e-05,0.01,completed,0.01,0.0,u,8.541187979105302e-09,6.457475357942726e-10,0.0,2.4890846479890167e-08
B,FD,minus,moving,x_half,65,0.125,1.25e-05,0.01,completed,0.01,0.0,v,1.0303652764331872e-08,7.969333621648779e-10,0.0,2.1232327382035738e-08
B,FD,minus,moving,x_half,65,0.125,1.25e-05,0.01,completed,0.01,0.001,u,2.6313021866952724e-07,8.633623013262671e-08,2.5137326187252285e-07,7.668176713995238e-07
B,FD,minus,moving,x_half,65,0.125,1.25e-05,0.01,completed,0.01,0.001,v,2.3245385516457162e-07,1.1843276865876437e-07,2.3121907510859074e-07,4.79008412546261e-07
B,FD,minus,moving,x_half,65,0.125,1.25e-05,0.01,completed,0.01,0.002,u,1.8666515521070792e-06,2.330373626697869e-07,1.4774578434018082e-06,5.439821407585155e-06
B,FD,minus,moving,x_half,65,0.125,1.25e-05,0.01,completed,0.01,0.002,v,1.3553912387442857e-06,2.7080819189348437e-07,1.1101614011965744e-06,2.7930008095170624e-06
B,FD,minus,moving,x_half,65,0.125,1.25e-05,0.01,completed,0.01,0.005,u,0.0009939593099691502,0.00010791658660181015,0.000983966346909615,0.002896609775153464
B,FD,minus,moving,x_half,65,0.125,1.25e-05,0.01,completed,0.01,0.005,v,0.0007818944897606261,9.352783599233485e-05,0.0007702218106866998,0.0016112188720369697
B,FD,minus,moving,x_half,65,0.125,1.25e-05,0.01,completed,0.01,0.01,u,28.354716562125482,3.459828378266606,27.25748432522751,82.63170166202042
B,FD,minus,moving,x_half,65,0.125,1.25e-05,0.01,completed,0.01,0.01,v,29.953005993826164,3.3430282952189967,29.826694224798363,61.72296794963225
B,FD,minus,moving,y_half,33,0.0625,2.5e-05,0.01,completed,0.01,0.0,u,1.408382686030052e-07,1.39374458802333e-08,0.0,4.104328015113476e-07
B,FD,minus,moving,y_half,33,0.0625,2.5e-05,0.01,completed,0.01,0.0,v,1.6924992651823345e-07,1.718945536077953e-08,0.0,3.487665898744235e-07
B,FD,minus,moving,y_half,33,0.0625,2.5e-05,0.01,completed,0.01,0.001,u,1.405721559155637e-07,2.4099941400540915e-08,5.601999275572922e-08,4.0965729229139125e-07
B,FD,minus,moving,y_half,33,0.0625,2.5e-05,0.01,completed,0.01,0.001,v,1.6215043380229943e-07,3.247297834788687e-08,4.5662412462288415e-08,3.341369476919327e-07
B,FD,minus,moving,y_half,33,0.0625,2.5e-05,0.01,completed,0.01,0.002,u,1.402777572434566e-07,4.514576630434974e-08,1.1202512650854146e-07,4.0879935166948016e-07
B,FD,minus,moving,y_half,33,0.0625,2.5e-05,0.01,completed,0.01,0.002,v,1.5436903449961292e-07,5.9118655222992455e-08,9.631939623666597e-08,3.1810212773615073e-07
B,FD,minus,moving,y_half,33,0.0625,2.5e-05,0.01,completed,0.01,0.005,u,4.5363373940565666e-07,1.2164639147234045e-07,4.266614918035927e-07,1.3219856248670146e-06
B,FD,minus,moving,y_half,33,0.0625,2.5e-05,0.01,completed,0.01,0.005,v,3.5789714952771945e-07,1.49761835537449e-07,3.5656519187243774e-07,7.375044168962288e-07
B,FD,minus,moving,y_half,33,0.0625,2.5e-05,0.01,completed,0.01,0.01,u,6.2592244614023684e-06,7.740733072037569e-07,4.663239993818458e-06,1.8240717217443223e-05
B,FD,minus,moving,y_half,33,0.0625,2.5e-05,0.01,completed,0.01,0.01,v,4.073215517430562e-06,7.640772802148038e-07,3.1505398451203703e-06,8.39351316164264e-06
B,FD,plus,frozen,main,33,0.125,2.5e-05,0.01,completed,0.01,0.0,u,1.2420863143569605e-07,1.3281405135379147e-08,0.0,3.6197048749031563e-07
B,FD,plus,frozen,main,33,0.125,2.5e-05,0.01,completed,0.01,0.0,v,1.4944411208528408e-07,1.632326827912126e-08,0.0,3.079535370307238e-07
B,FD,plus,frozen,main,33,0.125,2.5e-05,0.01,completed,0.01,0.001,u,2.0866713851264151e-07,8.38940359232331e-08,2.0866301730926295e-07,6.081006205251794e-07
B,FD,plus,frozen,main,33,0.125,2.5e-05,0.01,completed,0.01,0.001,v,2.0570751718684832e-07,1.1633145562700934e-07,1.7373645050389186e-07,4.238932978192343e-07
B,FD,plus,frozen,main,33,0.125,2.5e-05,0.01,completed,0.01,0.002,u,4.173954676889302e-07,1.707426859966351e-07,4.173789793227023e-07,1.2163795637167807e-06
B,FD,plus,frozen,main,33,0.125,2.5e-05,0.01,completed,0.01,0.002,v,3.951822435399599e-07,2.3336423915581303e-07,3.720522597228104e-07,8.14336329292235e-07
B,FD,plus,frozen,main,33,0.125,2.5e-05,0.01,completed,0.01,0.005,u,1.9734703577412027e-06,4.7232414032358106e-07,1.8086685422136206e-06,5.751114227589651e-06
B,FD,plus,frozen,main,33,0.125,2.5e-05,0.01,completed,0.01,0.005,v,1.5105508793245015e-06,6.066008371195758e-07,1.4645565892257295e-06,3.112732108759051e-06
B,FD,plus,frozen,main,33,0.125,2.5e-05,0.01,completed,0.01,0.01,u,2.8893777358318662e-05,3.819047514529393e-06,2.1185765533282552e-05,8.420263998514316e-05
B,FD,plus,frozen,main,33,0.125,2.5e-05,0.01,completed,0.01,0.01,v,2.0890319500532772e-05,3.3653365101010776e-06,1.5922572589199824e-05,4.304785039787767e-05
B,FD,plus,moving,combined,65,0.0625,1.25e-05,0.01,stopped,0.00915,0.0,u,7.707446292304354e-09,6.205911865173877e-10,0.0,2.2461145011415064e-08
B,FD,plus,moving,combined,65,0.0625,1.25e-05,0.01,stopped,0.00915,0.0,v,9.285527791114134e-09,7.634767429866942e-10,0.0,1.9134317689302985e-08
B,FD,plus,moving,combined,65,0.0625,1.25e-05,0.01,stopped,0.00915,0.001,u,7.136490060011269e-08,2.204597987721748e-08,6.7907104883691e-08,2.0797256579067393e-07
B,FD,plus,moving,combined,65,0.0625,1.25e-05,0.01,stopped,0.00915,0.001,v,6.007362296500673e-08,2.957144695270949e-08,5.997567109616853e-08,1.2379132478175763e-07
B,FD,plus,moving,combined,65,0.0625,1.25e-05,0.01,stopped,0.00915,0.002,u,5.721706752281897e-07,6.545921267087358e-08,4.3855482612098484e-07,1.6674275784978968e-06
B,FD,plus,moving,combined,65,0.0625,1.25e-05,0.01,stopped,0.00915,0.002,v,3.992315892875631e-07,7.08701422436899e-08,3.194246268045653e-07,8.226806523958489e-07
B,FD,plus,moving,combined,65,0.0625,1.25e-05,0.01,stopped,0.00915,0.005,u,0.0004665491630579388,4.9586018550411406e-05,0.0004640830406579255,0.0013596239284679647
B,FD,plus,moving,combined,65,0.0625,1.25e-05,0.01,stopped,0.00915,0.005,v,0.0003577150696726372,4.1233258418706386e-05,0.0003516392641378929,0.0007371292121830084
B,FD,plus,moving,combined,65,0.0625,1.25e-05,0.01,stopped,0.00915,0.00915,u,111.70359667264349,6.064332405104388,16.98398927434197,325.5281435650114
B,FD,plus,moving,combined,65,0.0625,1.25e-05,0.01,stopped,0.00915,0.00915,v,106.59667327013925,8.83352776141777,13.990889233714558,219.65952360032145
B,FD,plus,moving,main,33,0.125,2.5e-05,0.01,completed,0.01,0.0,u,1.2420863143569605e-07,1.3281405135379147e-08,0.0,3.6197048749031563e-07
B,FD,plus,moving,main,33,0.125,2.5e-05,0.01,completed,0.01,0.0,v,1.4944411208528408e-07,1.632326827912126e-08,0.0,3.079535370307238e-07
B,FD,plus,moving,main,33,0.125,2.5e-05,0.01,completed,0.01,0.001,u,2.0861696042873135e-07,8.38813390133105e-08,2.086176212334756e-07,6.079543908687991e-07
B,FD,plus,moving,main,33,0.125,2.5e-05,0.01,completed,0.01,0.001,v,2.0574571729659041e-07,1.1634460612777561e-07,1.7373496496997376e-07,4.239720152658161e-07
B,FD,plus,moving,main,33,0.125,2.5e-05,0.01,completed,0.01,0.002,u,4.1729264493861606e-07,1.7071412107922576e-07,4.172842325567139e-07,1.2160799162556814e-06
B,FD,plus,moving,main,33,0.125,2.5e-05,0.01,completed,0.01,0.002,v,3.952448896504812e-07,2.3338984894312143e-07,3.72014535565679e-07,8.14465421640184e-07
B,FD,plus,moving,main,33,0.125,2.5e-05,0.01,completed,0.01,0.005,u,1.9676720027228534e-06,4.7205144307087155e-07,1.8038821516519477e-06,5.734216582326404e-06
B,FD,plus,moving,main,33,0.125,2.5e-05,0.01,completed,0.01,0.005,v,1.5069364561748344e-06,6.065703008071022e-07,1.4616912042408892e-06,3.105284010752818e-06
B,FD,plus,moving,main,33,0.125,2.5e-05,0.01,completed,0.01,0.01,u,2.8494193986761118e-05,3.7733869843695333e-06,2.0881326351362972e-05,8.30381686748656e-05
B,FD,plus,moving,main,33,0.125,2.5e-05,0.01,completed,0.01,0.01,v,2.0602482002529676e-05,3.3296123411256375e-06,1.5702049505683657e-05,4.2454715115642243e-05
B,FD,plus,moving,time_half,33,0.125,1.25e-05,0.01,completed,0.01,0.0,u,1.2420863143569605e-07,1.3281405135379147e-08,0.0,3.6197048749031563e-07
B,FD,plus,moving,time_half,33,0.125,1.25e-05,0.01,completed,0.01,0.0,v,1.4944411208528408e-07,1.632326827912126e-08,0.0,3.079535370307238e-07
B,FD,plus,moving,time_half,33,0.125,1.25e-05,0.01,completed,0.01,0.001,u,2.0861696042873135e-07,8.388133902485839e-08,2.086176212334756e-07,6.079543908687991e-07
B,FD,plus,moving,time_half,33,0.125,1.25e-05,0.01,completed,0.01,0.001,v,2.0574571768516847e-07,1.1634460613160814e-07,1.7373496574712988e-07,4.2397201606654345e-07
B,FD,plus,moving,time_half,33,0.125,1.25e-05,0.01,completed,0.01,0.002,u,4.1729264504963837e-07,1.707141211667886e-07,4.17284232612225e-07,1.216079916579224e-06
B,FD,plus,moving,time_half,33,0.125,1.25e-05,0.01,completed,0.01,0.002,v,3.9524489053865963e-07,2.333898489437287e-07,3.720145378416362e-07,8.14465423470418e-07
B,FD,plus,moving,time_half,33,0.125,1.25e-05,0.01,completed,0.01,0.005,u,1.96767205801196e-06,4.720514455824643e-07,1.8038821911203762e-06,5.734216743450672e-06
B,FD,plus,moving,time_half,33,0.125,1.25e-05,0.01,completed,0.01,0.005,v,1.506936485762278e-06,6.065703018614479e-07,1.4616912263343274e-06,3.105284071722486e-06
B,FD,plus,moving,time_half,33,0.125,1.25e-05,0.01,completed,0.01,0.01,u,2.8494195030537295e-05,3.773387132561762e-06,2.0881327024768748e-05,8.303817171665237e-05
B,FD,plus,moving,time_half,33,0.125,1.25e-05,0.01,completed,0.01,0.01,v,2.0602482811660217e-05,3.329612459768089e-06,1.5702050093213682e-05,4.2454716782985367e-05
B,FD,plus,moving,x_half,65,0.125,1.25e-05,0.01,stopped,0.0085625,0.0,u,7.636748511341551e-09,6.205298740344134e-10,0.0,2.225511664962137e-08
B,FD,plus,moving,x_half,65,0.125,1.25e-05,0.01,stopped,0.0085625,0.0,v,9.213351748194043e-09,7.633876001543785e-10,0.0,1.898558744920904e-08
B,FD,plus,moving,x_half,65,0.125,1.25e-05,0.01,stopped,0.0085625,0.001,u,2.8034551247113626e-07,8.656252207384946e-08,2.656394197941836e-07,8.169867153510586e-07
B,FD,plus,moving,x_half,65,0.125,1.25e-05,0.01,stopped,0.0085625,0.001,v,2.4112385471619646e-07,1.185153824119945e-07,2.3967304491057106e-07,4.96874335738029e-07
B,FD,plus,moving,x_half,65,0.125,1.25e-05,0.01,stopped,0.0085625,0.002,u,2.2091853167371944e-06,2.5293903574533e-07,1.7045024973683098e-06,6.438037975402707e-06
B,FD,plus,moving,x_half,65,0.125,1.25e-05,0.01,stopped,0.0085625,0.002,v,1.604135760724379e-06,2.815791065381041e-07,1.2749959726887639e-06,3.30557875114297e-06
B,FD,plus,moving,x_half,65,0.125,1.25e-05,0.01,stopped,0.0085625,0.005,u,0.001739826861279714,0.00018262295807400288,0.0017282503050754516,0.005070227164141967
B,FD,plus,moving,x_half,65,0.125,1.25e-05,0.01,stopped,0.0085625,0.005,v,0.0014017784196140859,0.00015525658684543427,0.0013770526584109821,0.0028885890278979027
B,FD,plus,moving,x_half,65,0.125,1.25e-05,0.01,stopped,0.0085625,0.0085625,u,325.4922265257403,17.61848101340419,18.589373452616563,948.5538850883019
B,FD,plus,moving,x_half,65,0.125,1.25e-05,0.01,stopped,0.0085625,0.0085625,v,314.9265298968194,25.668095102249055,15.606502585560847,648.9565726831169
B,FD,plus,moving,y_half,33,0.0625,2.5e-05,0.01,completed,0.01,0.0,u,1.2509429442308928e-07,1.3282951213032652e-08,0.0,3.6455149741920597e-07
B,FD,plus,moving,y_half,33,0.0625,2.5e-05,0.01,completed,0.01,0.0,v,1.5034618588982696e-07,1.632551382360735e-08,0.0,3.098124036572161e-07
B,FD,plus,moving,y_half,33,0.0625,2.5e-05,0.01,completed,0.01,0.001,u,1.2485115308269457e-07,2.383167803347672e-08,5.592210117200125e-08,3.638429316118349e-07
B,FD,plus,moving,y_half,33,0.0625,2.5e-05,0.01,completed,0.01,0.001,v,1.4324556890654705e-07,3.180862489289574e-08,4.5090955747006944e-08,2.9518044474173526e-07
B,FD,plus,moving,y_half,33,0.0625,2.5e-05,0.01,completed,0.01,0.002,u,1.2491068884790124e-07,4.5117143494051086e-08,1.1184470866121288e-07,3.64016431550071e-07
B,FD,plus,moving,y_half,33,0.0625,2.5e-05,0.01,completed,0.01,0.002,v,1.3360431638798076e-07,5.854007862124696e-08,9.5930321852844e-08,2.7531309925927616e-07
B,FD,plus,moving,y_half,33,0.0625,2.5e-05,0.01,completed,0.01,0.005,u,5.118408580861988e-07,1.2398020724871588e-07,4.6357625199666685e-07,1.4916136032916844e-06
B,FD,plus,moving,y_half,33,0.0625,2.5e-05,0.01,completed,0.01,0.005,v,3.757388610803325e-07,1.4988312063152098e-07,3.753448258869696e-07,7.742701220503613e-07
B,FD,plus,moving,y_half,33,0.0625,2.5e-05,0.01,completed,0.01,0.01,u,8.130065861006175e-06,1.028081174012263e-06,5.801624342605116e-06,2.3692748717398884e-05
B,FD,plus,moving,y_half,33,0.0625,2.5e-05,0.01,completed,0.01,0.01,v,5.315041660958197e-06,9.451574488361538e-07,4.0313401629687995e-06,1.0952494888871815e-05
B,FD,zero,frozen,main,33,0.125,2.5e-05,0.01,completed,0.01,0.0,u,1.3180397279155542e-07,1.3567315656866538e-08,0.0,3.841049348427857e-07
B,FD,zero,frozen,main,33,0.125,2.5e-05,0.01,completed,0.01,0.0,v,1.5857268403918212e-07,1.6704755536655675e-08,0.0,3.26764422130286e-07
B,FD,zero,frozen,main,33,0.125,2.5e-05,0.01,completed,0.01,0.001,u,2.0849776843911982e-07,8.388290196164277e-08,2.086202716689023e-07,6.076070399473219e-07
B,FD,zero,frozen,main,33,0.125,2.5e-05,0.01,completed,0.01,0.001,v,2.0802739847392004e-07,1.1643498920197289e-07,1.7382363914908439e-07,4.286737849048508e-07
B,FD,zero,frozen,main,33,0.125,2.5e-05,0.01,completed,0.01,0.002,u,4.172586673956147e-07,1.7064557818544088e-07,4.1733603117766194e-07,1.215980898436535e-06
B,FD,zero,frozen,main,33,0.125,2.5e-05,0.01,completed,0.01,0.002,v,3.9727917344745123e-07,2.334493839409402e-07,3.706952093063265e-07,8.186573893387421e-07
B,FD,zero,frozen,main,33,0.125,2.5e-05,0.01,completed,0.01,0.005,u,1.8797966926942244e-06,4.687439767616578e-07,1.7404443590773866e-06,5.478129155536802e-06
B,FD,zero,frozen,main,33,0.125,2.5e-05,0.01,completed,0.01,0.005,v,1.4556381738861646e-06,6.052779109296772e-07,1.4233414541986456e-06,2.9995756810370164e-06
B,FD,zero,frozen,main,33,0.125,2.5e-05,0.01,completed,0.01,0.01,u,2.5641440865253884e-05,3.3953479700800455e-06,1.9026012278100524e-05,7.472463662684456e-05
B,FD,zero,frozen,main,33,0.125,2.5e-05,0.01,completed,0.01,0.01,v,1.8323070801851138e-05,3.0430085907923455e-06,1.4154646966246798e-05,3.775762312719497e-05
B,FD,zero,moving,combined,65,0.0625,1.25e-05,0.01,stopped,0.0097125,0.0,u,8.150950525642742e-09,6.314197783075909e-10,0.0,2.3753611091669992e-08
B,FD,zero,moving,combined,65,0.0625,1.25e-05,0.01,stopped,0.0097125,0.0,v,9.819475677019796e-09,7.780556744769279e-10,0.0,2.0234602854377564e-08
B,FD,zero,moving,combined,65,0.0625,1.25e-05,0.01,stopped,0.0097125,0.001,u,6.903228833010644e-08,2.2013369078443786e-08,6.604036317803264e-08,2.0117483532781889e-07
B,FD,zero,moving,combined,65,0.0625,1.25e-05,0.01,stopped,0.0097125,0.001,v,5.8971013794373306e-08,2.9563986914001832e-08,5.8945973546720154e-08,1.2151922193174746e-07
B,FD,zero,moving,combined,65,0.0625,1.25e-05,0.01,stopped,0.0097125,0.002,u,5.250514777399573e-07,6.248171125183785e-08,4.0794821359879663e-07,1.5301121711026585e-06
B,FD,zero,moving,combined,65,0.0625,1.25e-05,0.01,stopped,0.0097125,0.002,v,3.6588331059350665e-07,6.923639625849711e-08,2.980073725011856e-07,7.539611812706726e-07
B,FD,zero,moving,combined,65,0.0625,1.25e-05,0.01,stopped,0.0097125,0.005,u,0.00035204175414410566,3.770094662484308e-05,0.0003487173782474873,0.0010259248770632164
B,FD,zero,moving,combined,65,0.0625,1.25e-05,0.01,stopped,0.0097125,0.005,v,0.0002660164728247594,3.151999339325029e-05,0.0002613588510237963,0.0005481695619378513
B,FD,zero,moving,combined,65,0.0625,1.25e-05,0.01,stopped,0.0097125,0.0097125,u,884.9982422679611,53.7836564714312,40.35333516230158,2579.073937145142
B,FD,zero,moving,combined,65,0.0625,1.25e-05,0.01,stopped,0.0097125,0.0097125,v,755.2854008360837,60.09225685984472,34.83102037720548,1556.3865760565611
B,FD,zero,moving,main,33,0.125,2.5e-05,0.01,completed,0.01,0.0,u,1.3180397279155542e-07,1.3567315656866538e-08,0.0,3.841049348427857e-07
B,FD,zero,moving,main,33,0.125,2.5e-05,0.01,completed,0.01,0.0,v,1.5857268403918212e-07,1.6704755536655675e-08,0.0,3.26764422130286e-07
B,FD,zero,moving,main,33,0.125,2.5e-05,0.01,completed,0.01,0.001,u,2.0843070031029143e-07,8.38685242920245e-08,2.0856885574183082e-07,6.074115890917214e-07
B,FD,zero,moving,main,33,0.125,2.5e-05,0.01,completed,0.01,0.001,v,2.080628732081813e-07,1.1645044725691732e-07,1.7382300598889344e-07,4.2874688627859205e-07
B,FD,zero,moving,main,33,0.125,2.5e-05,0.01,completed,0.01,0.002,u,4.171254547324921e-07,1.7061416886283021e-07,4.172305267946541e-07,1.21559268827712e-06
B,FD,zero,moving,main,33,0.125,2.5e-05,0.01,completed,0.01,0.002,v,3.9732867501696134e-07,2.3347883885199547e-07,3.70663633397772e-07,8.187593952539067e-07
B,FD,zero,moving,main,33,0.125,2.5e-05,0.01,completed,0.01,0.005,u,1.874406267976525e-06,4.6850057194651003e-07,1.7360326503013113e-06,5.462420306318415e-06
B,FD,zero,moving,main,33,0.125,2.5e-05,0.01,completed,0.01,0.005,v,1.4527332122260539e-06,6.052693630851996e-07,1.4207461956905476e-06,2.9935895421006144e-06
B,FD,zero,moving,main,33,0.125,2.5e-05,0.01,completed,0.01,0.01,u,2.5296311255140758e-05,3.3581224441388734e-06,1.8763861409309968e-05,7.371885521072239e-05
B,FD,zero,moving,main,33,0.125,2.5e-05,0.01,completed,0.01,0.01,v,1.807849326251887e-05,3.0151193940832748e-06,1.3967160158778746e-05,3.725363192095286e-05
B,FD,zero,moving,time_half,33,0.125,1.25e-05,0.01,completed,0.01,0.0,u,1.3180397279155542e-07,1.3567315656866538e-08,0.0,3.841049348427857e-07
B,FD,zero,moving,time_half,33,0.125,1.25e-05,0.01,completed,0.01,0.0,v,1.5857268403918212e-07,1.6704755536655675e-08,0.0,3.26764422130286e-07
B,FD,zero,moving,time_half,33,0.125,1.25e-05,0.01,completed,0.01,0.001,u,2.0843070036580258e-07,8.386852436523398e-08,2.0856885574183082e-07,6.074115892534927e-07
B,FD,zero,moving,time_half,33,0.125,1.25e-05,0.01,completed,0.01,0.001,v,2.080628737632928e-07,1.164504472341558e-07,1.738230064884938e-07,4.2874688742248824e-07
B,FD,zero,moving,time_half,33,0.125,1.25e-05,0.01,completed,0.01,0.002,u,4.171254547880032e-07,1.7061416897190124e-07,4.172305266836318e-07,1.2155926884388912e-06
B,FD,zero,moving,time_half,33,0.125,1.25e-05,0.01,completed,0.01,0.002,v,3.973286766822959e-07,2.334788388557074e-07,3.706636362288407e-07,8.187593986855953e-07
B,FD,zero,moving,time_half,33,0.125,1.25e-05,0.01,completed,0.01,0.005,u,1.8744063180475834e-06,4.685005740927797e-07,1.7360326861060038e-06,5.462420452236176e-06
B,FD,zero,moving,time_half,33,0.125,1.25e-05,0.01,completed,0.01,0.005,v,1.4527332377611835e-06,6.052693639872938e-07,1.4207462166182516e-06,2.99358959471984e-06
B,FD,zero,moving,time_half,33,0.125,1.25e-05,0.01,completed,0.01,0.01,u,2.5296312134603927e-05,3.358122566948686e-06,1.8763861979742558e-05,7.371885777366595e-05
B,FD,zero,moving,time_half,33,0.125,1.25e-05,0.01,completed,0.01,0.01,v,1.8078493921047656e-05,3.015119490786924e-06,1.3967160605310447e-05,3.7253633277956933e-05
B,FD,zero,moving,x_half,65,0.125,1.25e-05,0.01,stopped,0.0091,0.0,u,8.076168178661192e-09,6.313428558869658e-10,0.0,2.353567943623309e-08
B,FD,zero,moving,x_half,65,0.125,1.25e-05,0.01,stopped,0.0091,0.0,v,9.743086393232403e-09,7.779518110673457e-10,0.0,2.0077190559903568e-08
B,FD,zero,moving,x_half,65,0.125,1.25e-05,0.01,stopped,0.0091,0.001,u,2.7158168330876364e-07,8.644376776918552e-08,2.582941056594734e-07,7.914470448988632e-07
B,FD,zero,moving,x_half,65,0.125,1.25e-05,0.01,stopped,0.0091,0.001,v,2.3659572018219777e-07,1.1847110713585901e-07,2.3530640974600558e-07,4.87543389028666e-07
B,FD,zero,moving,x_half,65,0.125,1.25e-05,0.01,stopped,0.0091,0.002,u,2.0286497255384006e-06,2.4199919359871397e-07,1.5848292118647578e-06,5.911918693672989e-06
B,FD,zero,moving,x_half,65,0.125,1.25e-05,0.01,stopped,0.0091,0.002,v,1.472838803029397e-06,2.7551887585261083e-07,1.187900816379539e-06,3.0350203332879486e-06
B,FD,zero,moving,x_half,65,0.125,1.25e-05,0.01,stopped,0.0091,0.005,u,0.0013137585250031503,0.00013936387944120285,0.001300104244280953,0.003828573008520271
B,FD,zero,moving,x_half,65,0.125,1.25e-05,0.01,stopped,0.0091,0.005,v,0.0010457180453029569,0.00011912355639229167,0.0010266245554074183,0.00215486957829509
B,FD,zero,moving,x_half,65,0.125,1.25e-05,0.01,stopped,0.0091,0.0091,u,393.15717604470376,23.01614656147717,35.018574469230344,1145.7440036837788
B,FD,zero,moving,x_half,65,0.125,1.25e-05,0.01,stopped,0.0091,0.0091,v,362.65006531755427,29.366214729827828,30.4892472077538,747.2985637281662
B,FD,zero,moving,y_half,33,0.0625,2.5e-05,0.01,completed,0.01,0.0,u,1.3274077953484564e-07,1.3569167007533178e-08,0.0,3.868349885275737e-07
B,FD,zero,moving,y_half,33,0.0625,2.5e-05,0.01,completed,0.01,0.0,v,1.5952759924164894e-07,1.67072729266315e-08,0.0,3.287321768637202e-07
B,FD,zero,moving,y_half,33,0.0625,2.5e-05,0.01,completed,0.01,0.001,u,1.3248560437606471e-07,2.3942385778898577e-08,5.595021662641031e-08,3.860913536026814e-07
B,FD,zero,moving,y_half,33,0.0625,2.5e-05,0.01,completed,0.01,0.001,v,1.5233975564354907e-07,3.210487812980448e-08,4.537412173766242e-08,3.139204735334388e-07
B,FD,zero,moving,y_half,33,0.0625,2.5e-05,0.01,completed,0.01,0.002,u,1.3227169981533393e-07,4.5117228163422917e-08,1.119274178340568e-07,3.8546799001700523e-07
B,FD,zero,moving,y_half,33,0.0625,2.5e-05,0.01,completed,0.01,0.002,v,1.436854257796938e-07,5.8794681675505175e-08,9.610828666239968e-08,2.9608684030028035e-07
B,FD,zero,moving,y_half,33,0.0625,2.5e-05,0.01,completed,0.01,0.005,u,4.81069859836758e-07,1.2271573205884643e-07,4.446441671523971e-07,1.4019403408887037e-06
B,FD,zero,moving,y_half,33,0.0625,2.5e-05,0.01,completed,0.01,0.005,v,3.652441520896055e-07,1.4971372248860112e-07,3.6530115343769154e-07,7.526440927709572e-07
B,FD,zero,moving,y_half,33,0.0625,2.5e-05,0.01,completed,0.01,0.01,u,7.137815368540856e-06,8.907741157239047e-07,5.198705983255891e-06,2.080111881124378e-05
B,FD,zero,moving,y_half,33,0.0625,2.5e-05,0.01,completed,0.01,0.01,v,4.646733453517182e-06,8.453853730834591e-07,3.532586518473213e-06,9.575338754808847e-06
B,SD,fixed,fixed,combined,65,0.0625,1.25e-05,0.01,completed,0.01,0.0,u,8.168468901281756e-09,6.174073576383534e-10,0.0,2.3804663380673318e-08
B,SD,fixed,fixed,combined,65,0.0625,1.25e-05,0.01,completed,0.01,0.0,v,9.840568582220044e-09,7.619039799292187e-10,0.0,2.0278068164930847e-08
B,SD,fixed,fixed,combined,65,0.0625,1.25e-05,0.01,completed,0.01,0.001,u,2.0790281080040884e-07,7.552494158748305e-08,2.0702341951839287e-07,6.058732042455306e-07
B,SD,fixed,fixed,combined,65,0.0625,1.25e-05,0.01,completed,0.01,0.001,v,1.2692837964012327e-07,5.189441092325046e-08,1.2522869857756191e-07,2.615562620087928e-07
B,SD,fixed,fixed,combined,65,0.0625,1.25e-05,0.01,completed,0.01,0.002,u,1.1860054296430889e-06,1.851645761306842e-07,9.750574503919474e-07,3.4562731843019524e-06
B,SD,fixed,fixed,combined,65,0.0625,1.25e-05,0.01,completed,0.01,0.002,v,7.354402373760394e-07,1.4140187860176915e-07,5.739839329388374e-07,1.5154924372652244e-06
B,SD,fixed,fixed,combined,65,0.0625,1.25e-05,0.01,completed,0.01,0.005,u,0.0007436562703043159,8.541520170350563e-05,0.0007362806240405195,0.002167173236436447
B,SD,fixed,fixed,combined,65,0.0625,1.25e-05,0.01,completed,0.01,0.005,v,0.0005453170349073444,7.344561434522467e-05,0.0005315268487348646,0.0011237131180944842
B,SD,fixed,fixed,combined,65,0.0625,1.25e-05,0.01,completed,0.01,0.01,u,50.43838097467127,6.468633261646199,49.03741165747427,146.9882171406448
B,SD,fixed,fixed,combined,65,0.0625,1.25e-05,0.01,completed,0.01,0.01,v,50.805544265078936,5.667584085586511,49.53600562465629,104.6929637404406
B,SD,fixed,fixed,main,33,0.125,2.5e-05,0.01,completed,0.01,0.0,u,1.3245502605840898e-07,1.3262508410756117e-08,0.0,3.860022431510827e-07
B,SD,fixed,fixed,main,33,0.125,2.5e-05,0.01,completed,0.01,0.0,v,1.5935522490462262e-07,1.6356620659860854e-08,0.0,3.283769729629743e-07
B,SD,fixed,fixed,main,33,0.125,2.5e-05,0.01,completed,0.01,0.001,u,6.816229682349295e-07,2.932730822547021e-07,6.788823396775001e-07,1.98639494892371e-06
B,SD,fixed,fixed,main,33,0.125,2.5e-05,0.01,completed,0.01,0.001,v,3.6818891957501876e-07,1.9871008150377791e-07,3.51929727471223e-07,7.587122603662141e-07
B,SD,fixed,fixed,main,33,0.125,2.5e-05,0.01,completed,0.01,0.002,u,1.3593931459943143e-06,5.868452476037093e-07,1.356075553904379e-06,3.961562043305338e-06
B,SD,fixed,fixed,main,33,0.125,2.5e-05,0.01,completed,0.01,0.002,v,7.784188213455501e-07,4.0060856032598397e-07,7.736409742276074e-07,1.604056700392778e-06
B,SD,fixed,fixed,main,33,0.125,2.5e-05,0.01,completed,0.01,0.005,u,4.970284853800244e-06,1.5329326314005975e-06,4.8578803986676355e-06,1.448447189781022e-05
B,SD,fixed,fixed,main,33,0.125,2.5e-05,0.01,completed,0.01,0.005,v,3.1675882508075404e-06,1.0736226546091378e-06,2.9770627650305137e-06,6.527323104817063e-06
B,SD,fixed,fixed,main,33,0.125,2.5e-05,0.01,completed,0.01,0.01,u,5.433509380270429e-05,8.308390307259376e-06,4.166200519561958e-05,0.00015834407129571387
B,SD,fixed,fixed,main,33,0.125,2.5e-05,0.01,completed,0.01,0.01,v,3.841617551453291e-05,7.175135278898942e-06,2.947420634286102e-05,7.91626847241876e-05
B,SD,fixed,fixed,time_half,33,0.125,1.25e-05,0.01,completed,0.01,0.0,u,1.3245502605840898e-07,1.3262508410756117e-08,0.0,3.860022431510827e-07
B,SD,fixed,fixed,time_half,33,0.125,1.25e-05,0.01,completed,0.01,0.0,v,1.5935522490462262e-07,1.6356620659860854e-08,0.0,3.283769729629743e-07
B,SD,fixed,fixed,time_half,33,0.125,1.25e-05,0.01,completed,0.01,0.001,u,6.816229683459518e-07,2.932730822530776e-07,6.788823397885224e-07,1.9863949492472527e-06
B,SD,fixed,fixed,time_half,33,0.125,1.25e-05,0.01,completed,0.01,0.001,v,3.681889195195076e-07,1.987100814825278e-07,3.519297279153122e-07,7.587122602518245e-07
B,SD,fixed,fixed,time_half,33,0.125,1.25e-05,0.01,completed,0.01,0.002,u,1.3593931461608477e-06,5.868452475716295e-07,1.356075554292957e-06,3.961562043790653e-06
B,SD,fixed,fixed,time_half,33,0.125,1.25e-05,0.01,completed,0.01,0.002,v,7.784188224002619e-07,4.0060856028764154e-07,7.736409755043638e-07,1.6040567025661808e-06
B,SD,fixed,fixed,time_half,33,0.125,1.25e-05,0.01,completed,0.01,0.005,u,4.970284809058256e-06,1.5329326303375873e-06,4.8578803646393e-06,1.448447176742251e-05
B,SD,fixed,fixed,time_half,33,0.125,1.25e-05,0.01,completed,0.01,0.005,v,3.167588256525189e-06,1.0736226536357288e-06,2.977062769859984e-06,6.527323116599194e-06
B,SD,fixed,fixed,time_half,33,0.125,1.25e-05,0.01,completed,0.01,0.01,u,5.43350930177211e-05,8.308390223518164e-06,4.166200468314063e-05,0.00015834406900810515
B,SD,fixed,fixed,time_half,33,0.125,1.25e-05,0.01,completed,0.01,0.01,v,3.841617489580562e-05,7.175135218719668e-06,2.9474205895108074e-05,7.916268344920089e-05
B,SD,fixed,fixed,x_half,65,0.125,1.25e-05,0.01,stopped,0.0099375,0.0,u,8.093532510855539e-09,6.173274629964581e-10,0.0,2.3586282809901088e-08
B,SD,fixed,fixed,x_half,65,0.125,1.25e-05,0.01,stopped,0.0099375,0.0,v,9.764021813296608e-09,7.618019177153676e-10,0.0,2.012033134723895e-08
B,SD,fixed,fixed,x_half,65,0.125,1.25e-05,0.01,stopped,0.0099375,0.001,u,8.072818047377694e-07,2.957875588578873e-07,8.040475170112416e-07,2.352591643796294e-06
B,SD,fixed,fixed,x_half,65,0.125,1.25e-05,0.01,stopped,0.0099375,0.001,v,5.066169610490334e-07,2.0588244292442503e-07,4.99315608304407e-07,1.0439654188970166e-06
B,SD,fixed,fixed,x_half,65,0.125,1.25e-05,0.01,stopped,0.0099375,0.002,u,4.622753070449015e-06,7.261161019330389e-07,3.7927925182756894e-06,1.3471690035680542e-05
B,SD,fixed,fixed,x_half,65,0.125,1.25e-05,0.01,stopped,0.0099375,0.002,v,2.918698334297698e-06,5.60226764943801e-07,2.2741547973104126e-06,6.014445554467356e-06
B,SD,fixed,fixed,x_half,65,0.125,1.25e-05,0.01,stopped,0.0099375,0.005,u,0.002928872858839693,0.00033491937563037623,0.0028981656642863562,0.008535361224555602
B,SD,fixed,fixed,x_half,65,0.125,1.25e-05,0.01,stopped,0.0099375,0.005,v,0.0021640088892336262,0.0002901497176997399,0.002111782488785241,0.004459287035845995
B,SD,fixed,fixed,x_half,65,0.125,1.25e-05,0.01,stopped,0.0099375,0.0099375,u,452.4889439461639,46.28031442781166,334.0842039865601,1318.6494507748073
B,SD,fixed,fixed,x_half,65,0.125,1.25e-05,0.01,stopped,0.0099375,0.0099375,v,397.1709135727224,42.37818601380041,289.40127654020796,818.4343025213624
B,SD,fixed,fixed,y_half,33,0.0625,2.5e-05,0.01,completed,0.01,0.0,u,1.3339590582139849e-07,1.3264394569120404e-08,0.0,3.887441664789978e-07
B,SD,fixed,fixed,y_half,33,0.0625,2.5e-05,0.01,completed,0.01,0.0,v,1.6031427835239143e-07,1.6359055160026165e-08,0.0,3.303532552087648e-07
B,SD,fixed,fixed,y_half,33,0.0625,2.5e-05,0.01,completed,0.01,0.001,u,1.741517876019394e-07,7.73721341116479e-08,1.7387045442296412e-07,5.075155125284462e-07
B,SD,fixed,fixed,y_half,33,0.0625,2.5e-05,0.01,completed,0.01,0.001,v,1.7851149330949667e-07,5.0527087185065546e-08,8.85709264264456e-08,3.6785153208463527e-07
B,SD,fixed,fixed,y_half,33,0.0625,2.5e-05,0.01,completed,0.01,0.002,u,3.4969277151741807e-07,1.5123854607159074e-07,3.449875597971719e-07,1.0190794398838481e-06
B,SD,fixed,fixed,y_half,33,0.0625,2.5e-05,0.01,completed,0.01,0.002,v,2.2469254618018297e-07,9.98023990884233e-08,1.9515389731994404e-07,4.630149903965924e-07
B,SD,fixed,fixed,y_half,33,0.0625,2.5e-05,0.01,completed,0.01,0.005,u,1.2712012963933539e-06,3.9009695343447495e-07,1.2500471862630924e-06,3.7045521401166124e-06
B,SD,fixed,fixed,y_half,33,0.0625,2.5e-05,0.01,completed,0.01,0.005,v,8.405465490857189e-07,2.6863357134202875e-07,7.7317409735711e-07,1.7320808320927635e-06
B,SD,fixed,fixed,y_half,33,0.0625,2.5e-05,0.01,completed,0.01,0.01,u,1.3060252508190207e-05,2.0721944703200166e-06,1.0203126053764944e-05,3.806036582636413e-05
B,SD,fixed,fixed,y_half,33,0.0625,2.5e-05,0.01,completed,0.01,0.01,v,1.0795941059404957e-05,1.7804568842323933e-06,8.085136913693614e-06,2.2246766218644722e-05
B,SD,minus,frozen,main,33,0.125,2.5e-05,0.01,completed,0.01,0.0,u,1.398476402458826e-07,1.3935195623718064e-08,0.0,4.0754590022497123e-07
B,SD,minus,frozen,main,33,0.125,2.5e-05,0.01,completed,0.01,0.0,v,1.6823935439225224e-07,1.718654691978111e-08,0.0,3.466841451959839e-07
B,SD,minus,frozen,main,33,0.125,2.5e-05,0.01,completed,0.01,0.001,u,6.818555624010791e-07,2.931594119792905e-07,6.790453953575692e-07,1.9870727780144535e-06
B,SD,minus,frozen,main,33,0.125,2.5e-05,0.01,completed,0.01,0.001,v,3.6917272888681296e-07,1.9892958840402596e-07,3.517210290238104e-07,7.607395570800377e-07
B,SD,minus,frozen,main,33,0.125,2.5e-05,0.01,completed,0.01,0.002,u,1.359823502966595e-06,5.865487332627435e-07,1.3563880132405615e-06,3.962816195462485e-06
B,SD,minus,frozen,main,33,0.125,2.5e-05,0.01,completed,0.01,0.002,v,7.764960636702511e-07,4.008172020428629e-07,7.705400583146726e-07,1.6000945501367455e-06
B,SD,minus,frozen,main,33,0.125,2.5e-05,0.01,completed,0.01,0.005,u,4.862502489322296e-06,1.5283434945461504e-06,4.751959907900449e-06,1.4170371061483562e-05
B,SD,minus,frozen,main,33,0.125,2.5e-05,0.01,completed,0.01,0.005,v,3.088350427782327e-06,1.0693326862004748e-06,2.917569702831635e-06,6.364040874913595e-06
B,SD,minus,frozen,main,33,0.125,2.5e-05,0.01,completed,0.01,0.01,u,4.999436489389053e-05,7.714453145536878e-06,3.8490320763140407e-05,0.0001456942599176692
B,SD,minus,frozen,main,33,0.125,2.5e-05,0.01,completed,0.01,0.01,v,3.513078516420576e-05,6.627593740257616e-06,2.698150629487639e-05,7.239261151894499e-05
B,SD,minus,moving,combined,65,0.0625,1.25e-05,0.01,stopped,0.009612500000000001,0.0,u,8.620289204674947e-09,6.458443139988954e-10,0.0,2.5121364265601816e-08
B,SD,minus,moving,combined,65,0.0625,1.25e-05,0.01,stopped,0.009612500000000001,0.0,v,1.0384500037652344e-08,7.970572706273173e-10,0.0,2.139892607452715e-08
B,SD,minus,moving,combined,65,0.0625,1.25e-05,0.01,stopped,0.009612500000000001,0.001,u,2.0452467469622704e-07,7.546307059608868e-08,2.0359375529910295e-07,5.960285939781733e-07
B,SD,minus,moving,combined,65,0.0625,1.25e-05,0.01,stopped,0.009612500000000001,0.001,v,1.2441870594903648e-07,5.184293976086689e-08,1.2328644277692646e-07,2.563846772823226e-07
B,SD,minus,moving,combined,65,0.0625,1.25e-05,0.01,stopped,0.009612500000000001,0.002,u,1.1017999648199606e-06,1.8016064752305326e-07,9.16657851290914e-07,3.210880471279177e-06
B,SD,minus,moving,combined,65,0.0625,1.25e-05,0.01,stopped,0.009612500000000001,0.002,v,6.885441921067326e-07,1.3617704899629445e-07,5.454435821894421e-07,1.418855622563797e-06
B,SD,minus,moving,combined,65,0.0625,1.25e-05,0.01,stopped,0.009612500000000001,0.005,u,0.0005699996163672783,6.679226688836858e-05,0.0005645346263841722,0.0016611006491812515
B,SD,minus,moving,combined,65,0.0625,1.25e-05,0.01,stopped,0.009612500000000001,0.005,v,0.0004112115839490227,5.7718303463966635e-05,0.00040334382318529816,0.0008473673507640218
B,SD,minus,moving,combined,65,0.0625,1.25e-05,0.01,stopped,0.009612500000000001,0.009612500000000001,u,22.95189507973579,2.458323481043043,21.70652467520722,66.88672539793967
B,SD,minus,moving,combined,65,0.0625,1.25e-05,0.01,stopped,0.009612500000000001,0.009612500000000001,v,26.811919117611716,2.101380970739947,25.53055620810135,55.25025499866847
B,SD,minus,moving,main,33,0.125,2.5e-05,0.01,completed,0.01,0.0,u,1.398476402458826e-07,1.3935195623718064e-08,0.0,4.0754590022497123e-07
B,SD,minus,moving,main,33,0.125,2.5e-05,0.01,completed,0.01,0.0,v,1.6823935439225224e-07,1.718654691978111e-08,0.0,3.466841451959839e-07
B,SD,minus,moving,main,33,0.125,2.5e-05,0.01,completed,0.01,0.001,u,6.818882751224997e-07,2.9317161859195344e-07,6.790757593466701e-07,1.9871681098733016e-06
B,SD,minus,moving,main,33,0.125,2.5e-05,0.01,completed,0.01,0.001,v,3.691563009167176e-07,1.9894474740654847e-07,3.517133641550707e-07,7.607057046155511e-07
B,SD,minus,moving,main,33,0.125,2.5e-05,0.01,completed,0.01,0.002,u,1.3598767288902636e-06,5.865704511459004e-07,1.3564433696822142e-06,3.962971307175051e-06
B,SD,minus,moving,main,33,0.125,2.5e-05,0.01,completed,0.01,0.002,v,7.765650639757204e-07,4.0084739956270477e-07,7.706052270739505e-07,1.60023673632146e-06
B,SD,minus,moving,main,33,0.125,2.5e-05,0.01,completed,0.01,0.005,u,4.854922675656681e-06,1.5283022872130366e-06,4.744715772941888e-06,1.4148281865137744e-05
B,SD,minus,moving,main,33,0.125,2.5e-05,0.01,completed,0.01,0.005,v,3.0940706619575487e-06,1.069406735974196e-06,2.922618247136466e-06,6.375828333933046e-06
B,SD,minus,moving,main,33,0.125,2.5e-05,0.01,completed,0.01,0.01,u,4.9364409604291115e-05,7.67839017503838e-06,3.8013001430137194e-05,0.000143858435622387
B,SD,minus,moving,main,33,0.125,2.5e-05,0.01,completed,0.01,0.01,v,3.46682005525345e-05,6.614788530280265e-06,2.6612907076284387e-05,7.143938181084613e-05
B,SD,minus,moving,time_half,33,0.125,1.25e-05,0.01,completed,0.01,0.0,u,1.398476402458826e-07,1.3935195623718064e-08,0.0,4.0754590022497123e-07
B,SD,minus,moving,time_half,33,0.125,1.25e-05,0.01,completed,0.01,0.0,v,1.6823935439225224e-07,1.718654691978111e-08,0.0,3.466841451959839e-07
B,SD,minus,moving,time_half,33,0.125,1.25e-05,0.01,completed,0.01,0.001,u,6.818882754000555e-07,2.9317161855779943e-07,6.790757595132035e-07,1.9871681106821584e-06
B,SD,minus,moving,time_half,33,0.125,1.25e-05,0.01,completed,0.01,0.001,v,3.6915630119427334e-07,1.9894474737427265e-07,3.5171336515427143e-07,7.607057051874992e-07
B,SD,minus,moving,time_half,33,0.125,1.25e-05,0.01,completed,0.01,0.002,u,1.3598767290012859e-06,5.865704510821385e-07,1.3564433699042588e-06,3.9629713074985934e-06
B,SD,minus,moving,time_half,33,0.125,1.25e-05,0.01,completed,0.01,0.002,v,7.765650648638989e-07,4.008473995052857e-07,7.706052280731512e-07,1.6002367381516939e-06
B,SD,minus,moving,time_half,33,0.125,1.25e-05,0.01,completed,0.01,0.005,u,4.854922638852788e-06,1.5283022862561035e-06,4.7447157427993325e-06,1.4148281757883337e-05
B,SD,minus,moving,time_half,33,0.125,1.25e-05,0.01,completed,0.01,0.005,v,3.0940706675086638e-06,1.0694067351264612e-06,2.9226182520769584e-06,6.375828345372008e-06
B,SD,minus,moving,time_half,33,0.125,1.25e-05,0.01,completed,0.01,0.01,u,4.9364408954311045e-05,7.678390106571836e-06,3.801300100642058e-05,0.00014385843372820623
B,SD,minus,moving,time_half,33,0.125,1.25e-05,0.01,completed,0.01,0.01,v,3.4668200044052355e-05,6.6147884811196135e-06,2.6612906705747452e-05,7.143938076303721e-05
B,SD,minus,moving,x_half,65,0.125,1.25e-05,0.01,stopped,0.0089875,0.0,u,8.541187979105302e-09,6.457475357942726e-10,0.0,2.4890846479890167e-08
B,SD,minus,moving,x_half,65,0.125,1.25e-05,0.01,stopped,0.0089875,0.0,v,1.0303652764331872e-08,7.969333621648779e-10,0.0,2.1232327382035738e-08
B,SD,minus,moving,x_half,65,0.125,1.25e-05,0.01,stopped,0.0089875,0.001,u,7.947326137180966e-07,2.9556228131880144e-07,7.916414696551577e-07,2.31602062020079e-06
B,SD,minus,moving,x_half,65,0.125,1.25e-05,0.01,stopped,0.0089875,0.001,v,4.960452726909814e-07,2.0563804182410042e-07,4.912593877248739e-07,1.0221807612292005e-06
B,SD,minus,moving,x_half,65,0.125,1.25e-05,0.01,stopped,0.0089875,0.002,u,4.291908169806735e-06,7.061334402803271e-07,3.5714125444230582e-06,1.2507537314690536e-05
B,SD,minus,moving,x_half,65,0.125,1.25e-05,0.01,stopped,0.0089875,0.002,v,2.7327968967205685e-06,5.391242053523694e-07,2.161538788902906e-06,5.631365857033022e-06
B,SD,minus,moving,x_half,65,0.125,1.25e-05,0.01,stopped,0.0089875,0.005,u,0.002239321558928864,0.0002613705642061813,0.00221690715009909,0.006525861423347967
B,SD,minus,moving,x_half,65,0.125,1.25e-05,0.01,stopped,0.0089875,0.005,v,0.0016277220857013885,0.00022765200089489552,0.0015976673346698167,0.003354182152781712
B,SD,minus,moving,x_half,65,0.125,1.25e-05,0.01,stopped,0.0089875,0.0089875,u,24.844280543662208,2.591780276325406,23.582626784408678,72.40154114725335
B,SD,minus,moving,x_half,65,0.125,1.25e-05,0.01,stopped,0.0089875,0.0089875,v,26.76843486139191,2.1551410456438207,25.555944135142937,55.16064889620976
B,SD,minus,moving,y_half,33,0.0625,2.5e-05,0.01,completed,0.01,0.0,u,1.408382686030052e-07,1.39374458802333e-08,0.0,4.104328015113476e-07
B,SD,minus,moving,y_half,33,0.0625,2.5e-05,0.01,completed,0.01,0.0,v,1.6924992651823345e-07,1.718945536077953e-08,0.0,3.487665898744235e-07
B,SD,minus,moving,y_half,33,0.0625,2.5e-05,0.01,completed,0.01,0.001,u,1.7457430750988934e-07,7.740026636921558e-08,1.719403978084344e-07,5.087468258017089e-07
B,SD,minus,moving,y_half,33,0.0625,2.5e-05,0.01,completed,0.01,0.001,v,1.8834058584937807e-07,5.103734006279674e-08,8.882062640935828e-08,3.8810595202569954e-07
B,SD,minus,moving,y_half,33,0.0625,2.5e-05,0.01,completed,0.01,0.002,u,3.4601235626707805e-07,1.5113692244012437e-07,3.435011902697127e-07,1.008353923609716e-06
B,SD,minus,moving,y_half,33,0.0625,2.5e-05,0.01,completed,0.01,0.002,v,2.350009352669602e-07,1.0033178081584376e-07,1.9509472098944158e-07,4.842570776627674e-07
B,SD,minus,moving,y_half,33,0.0625,2.5e-05,0.01,completed,0.01,0.005,u,1.2527791613536898e-06,3.891879633724841e-07,1.2222480888501863e-06,3.650866103152733e-06
B,SD,minus,moving,y_half,33,0.0625,2.5e-05,0.01,completed,0.01,0.005,v,8.183719001908507e-07,2.68744545170187e-07,7.58477107676292e-07,1.6863864153457485e-06
B,SD,minus,moving,y_half,33,0.0625,2.5e-05,0.01,completed,0.01,0.01,u,1.2232084555974243e-05,1.979622351917671e-06,9.425949128283317e-06,3.564690749489284e-05
B,SD,minus,moving,y_half,33,0.0625,2.5e-05,0.01,completed,0.01,0.01,v,1.010554823299703e-05,1.6924706373065167e-06,7.49170796998655e-06,2.082410118892539e-05
B,SD,plus,frozen,main,33,0.125,2.5e-05,0.01,completed,0.01,0.0,u,1.2420863143569605e-07,1.3281405135379147e-08,0.0,3.6197048749031563e-07
B,SD,plus,frozen,main,33,0.125,2.5e-05,0.01,completed,0.01,0.0,v,1.4944411208528408e-07,1.632326827912126e-08,0.0,3.079535370307238e-07
B,SD,plus,frozen,main,33,0.125,2.5e-05,0.01,completed,0.01,0.001,u,6.824407974836966e-07,2.932602129474531e-07,6.797061676833138e-07,1.9887782780727255e-06
B,SD,plus,frozen,main,33,0.125,2.5e-05,0.01,completed,0.01,0.001,v,3.7005513309207316e-07,1.9879148829299965e-07,3.5122333902348757e-07,7.625578923246247e-07
B,SD,plus,frozen,main,33,0.125,2.5e-05,0.01,completed,0.01,0.002,u,1.361229724938795e-06,5.868884439363726e-07,1.3577088579519447e-06,3.9669142267096965e-06
B,SD,plus,frozen,main,33,0.125,2.5e-05,0.01,completed,0.01,0.002,v,7.730465050315161e-07,4.0076338398565956e-07,7.657414554107511e-07,1.5929861818700375e-06
B,SD,plus,frozen,main,33,0.125,2.5e-05,0.01,completed,0.01,0.005,u,5.163854753020836e-06,1.5341922462268573e-06,5.004056478519203e-06,1.5048575937718292e-05
B,SD,plus,frozen,main,33,0.125,2.5e-05,0.01,completed,0.01,0.005,v,2.9689966253854116e-06,1.073391202245011e-06,2.8302151469650205e-06,6.118093242094038e-06
B,SD,plus,frozen,main,33,0.125,2.5e-05,0.01,completed,0.01,0.01,u,6.235379663382945e-05,8.852441927561512e-06,4.7005613709127925e-05,0.00018171228443253612
B,SD,plus,frozen,main,33,0.125,2.5e-05,0.01,completed,0.01,0.01,v,4.4316447595116326e-05,7.380230708255069e-06,3.375139010486361e-05,9.132114069348245e-05
B,SD,plus,moving,combined,65,0.0625,1.25e-05,0.01,stopped,0.007575,0.0,u,7.707446292304354e-09,6.205911865173877e-10,0.0,2.2461145011415064e-08
B,SD,plus,moving,combined,65,0.0625,1.25e-05,0.01,stopped,0.007575,0.0,v,9.285527791114134e-09,7.634767429866942e-10,0.0,1.9134317689302985e-08
B,SD,plus,moving,combined,65,0.0625,1.25e-05,0.01,stopped,0.007575,0.001,u,2.1118447957046982e-07,7.551439396315795e-08,2.1039812664325197e-07,6.154366880932699e-07
B,SD,plus,moving,combined,65,0.0625,1.25e-05,0.01,stopped,0.007575,0.001,v,1.21621128890137e-07,5.187371464270633e-08,1.205310751761779e-07,2.506198215401951e-07
B,SD,plus,moving,combined,65,0.0625,1.25e-05,0.01,stopped,0.007575,0.002,u,1.2909082440781816e-06,1.8594417934334653e-07,1.0417141797502971e-06,3.7619823955986714e-06
B,SD,plus,moving,combined,65,0.0625,1.25e-05,0.01,stopped,0.007575,0.002,v,7.781713982635274e-07,1.4025504419600783e-07,5.928555616430131e-07,1.6035468404232607e-06
B,SD,plus,moving,combined,65,0.0625,1.25e-05,0.01,stopped,0.007575,0.005,u,0.0010008152588565356,0.0001068440464962132,0.000994889280206468,0.002916589465081137
B,SD,plus,moving,combined,65,0.0625,1.25e-05,0.01,stopped,0.007575,0.005,v,0.000744958780777849,8.735144267768475e-05,0.0007247569242244123,0.0015351069209528331
B,SD,plus,moving,combined,65,0.0625,1.25e-05,0.01,stopped,0.007575,0.007575,u,0.7133316992486318,0.06858066192688166,0.7121916697125994,2.078800958244802
B,SD,plus,moving,combined,65,0.0625,1.25e-05,0.01,stopped,0.007575,0.007575,v,0.770773023284245,0.0558221737460382,0.7727339641840674,1.5883013034518838
B,SD,plus,moving,main,33,0.125,2.5e-05,0.01,completed,0.01,0.0,u,1.2420863143569605e-07,1.3281405135379147e-08,0.0,3.6197048749031563e-07
B,SD,plus,moving,main,33,0.125,2.5e-05,0.01,completed,0.01,0.0,v,1.4944411208528408e-07,1.632326827912126e-08,0.0,3.079535370307238e-07
B,SD,plus,moving,main,33,0.125,2.5e-05,0.01,completed,0.01,0.001,u,6.824627220014534e-07,2.9327028680638083e-07,6.797276573267119e-07,1.9888421708013446e-06
B,SD,plus,moving,main,33,0.125,2.5e-05,0.01,completed,0.01,0.001,v,3.7005041814142103e-07,1.9880063735663183e-07,3.5121961716733097e-07,7.62548176413372e-07
B,SD,plus,moving,main,33,0.125,2.5e-05,0.01,completed,0.01,0.002,u,1.3612755835890056e-06,5.869052607651136e-07,1.3577369392669958e-06,3.967047868613488e-06
B,SD,plus,moving,main,33,0.125,2.5e-05,0.01,completed,0.01,0.002,v,7.730675771200346e-07,4.007811250593582e-07,7.657684728545888e-07,1.5930296042846203e-06
B,SD,plus,moving,main,33,0.125,2.5e-05,0.01,completed,0.01,0.005,u,5.154568891885258e-06,1.534026762609204e-06,4.995638837046457e-06,1.5021514954571139e-05
B,SD,plus,moving,main,33,0.125,2.5e-05,0.01,completed,0.01,0.005,v,2.9714701256233766e-06,1.0732890146224503e-06,2.8323424308696055e-06,6.123190285640946e-06
B,SD,plus,moving,main,33,0.125,2.5e-05,0.01,completed,0.01,0.01,u,6.155061380869187e-05,8.774559933721577e-06,4.638799516548664e-05,0.00017937163809098608
B,SD,plus,moving,main,33,0.125,2.5e-05,0.01,completed,0.01,0.01,v,4.3721233468796417e-05,7.3239144220750966e-06,3.32737046562781e-05,9.009460662042198e-05
B,SD,plus,moving,time_half,33,0.125,1.25e-05,0.01,completed,0.01,0.0,u,1.2420863143569605e-07,1.3281405135379147e-08,0.0,3.6197048749031563e-07
B,SD,plus,moving,time_half,33,0.125,1.25e-05,0.01,completed,0.01,0.0,v,1.4944411208528408e-07,1.632326827912126e-08,0.0,3.079535370307238e-07
B,SD,plus,moving,time_half,33,0.125,1.25e-05,0.01,completed,0.01,0.001,u,6.824627223345203e-07,2.9327028681787824e-07,6.797276576597788e-07,1.988842171771973e-06
B,SD,plus,moving,time_half,33,0.125,1.25e-05,0.01,completed,0.01,0.001,v,3.7005041836346564e-07,1.9880063737423063e-07,3.5121961799999823e-07,7.625481768709305e-07
B,SD,plus,moving,time_half,33,0.125,1.25e-05,0.01,completed,0.01,0.002,u,1.3612755834779833e-06,5.869052607181508e-07,1.35773693898944e-06,3.967047868289945e-06
B,SD,plus,moving,time_half,33,0.125,1.25e-05,0.01,completed,0.01,0.002,v,7.730675774531015e-07,4.0078112502672137e-07,7.657684739648118e-07,1.593029604970958e-06
B,SD,plus,moving,time_half,33,0.125,1.25e-05,0.01,completed,0.01,0.005,u,5.154568840093354e-06,1.534026761222989e-06,4.995638797522517e-06,1.5021514803638465e-05
B,SD,plus,moving,time_half,33,0.125,1.25e-05,0.01,completed,0.01,0.005,v,2.971470130952447e-06,1.073289013270093e-06,2.8323424360321425e-06,6.1231902966223495e-06
B,SD,plus,moving,time_half,33,0.125,1.25e-05,0.01,completed,0.01,0.01,u,6.155061283541485e-05,8.77455981248447e-06,4.638799453760001e-05,0.00017937163525464893
B,SD,plus,moving,time_half,33,0.125,1.25e-05,0.01,completed,0.01,0.01,v,4.3721232672711e-05,7.323914327987263e-06,3.3273704084069156e-05,9.009460497996042e-05
B,SD,plus,moving,x_half,65,0.125,1.25e-05,0.01,stopped,0.0069500000000000004,0.0,u,7.636748511341551e-09,6.205298740344134e-10,0.0,2.225511664962137e-08
B,SD,plus,moving,x_half,65,0.125,1.25e-05,0.01,stopped,0.0069500000000000004,0.0,v,9.213351748194043e-09,7.633876001543785e-10,0.0,1.898558744920904e-08
B,SD,plus,moving,x_half,65,0.125,1.25e-05,0.01,stopped,0.0069500000000000004,0.001,u,8.20766291098618e-07,2.957454355611863e-07,8.17875749348218e-07,2.3918883178291273e-06
B,SD,plus,moving,x_half,65,0.125,1.25e-05,0.01,stopped,0.0069500000000000004,0.001,v,4.846619809928399e-07,2.0574999614657157e-07,4.799127630850109e-07,9.987236648432642e-07
B,SD,plus,moving,x_half,65,0.125,1.25e-05,0.01,stopped,0.0069500000000000004,0.002,u,5.031502497032658e-06,7.284758905711423e-07,4.056951581898893e-06,1.4662873188507294e-05
B,SD,plus,moving,x_half,65,0.125,1.25e-05,0.01,stopped,0.0069500000000000004,0.002,v,3.0863602596964412e-06,5.54935697759298e-07,2.3675047394200455e-06,6.359939814705987e-06
B,SD,plus,moving,x_half,65,0.125,1.25e-05,0.01,stopped,0.0069500000000000004,0.005,u,0.0039422025589714305,0.0004185844842070077,0.003914626765315843,0.011488420454863552
B,SD,plus,moving,x_half,65,0.125,1.25e-05,0.01,stopped,0.0069500000000000004,0.005,v,0.002956817738321016,0.00034451931141905455,0.0028799647667964723,0.006092996693984882
B,SD,plus,moving,x_half,65,0.125,1.25e-05,0.01,stopped,0.0069500000000000004,0.0069500000000000004,u,0.8892610199940285,0.07746193718699647,0.8873654440716514,2.591496590798662
B,SD,plus,moving,x_half,65,0.125,1.25e-05,0.01,stopped,0.0069500000000000004,0.0069500000000000004,v,0.8791490884927087,0.06207700266928873,0.8766768714644448,1.8116275549495284
B,SD,plus,moving,y_half,33,0.0625,2.5e-05,0.01,completed,0.01,0.0,u,1.2509429442308928e-07,1.3282951213032652e-08,0.0,3.6455149741920597e-07
B,SD,plus,moving,y_half,33,0.0625,2.5e-05,0.01,completed,0.01,0.0,v,1.5034618588982696e-07,1.632551382360735e-08,0.0,3.098124036572161e-07
B,SD,plus,moving,y_half,33,0.0625,2.5e-05,0.01,completed,0.01,0.001,u,1.75119042600258e-07,7.73436426178347e-08,1.7280226299876134e-07,5.103343002249551e-07
B,SD,plus,moving,y_half,33,0.0625,2.5e-05,0.01,completed,0.01,0.001,v,1.6945145053792743e-07,5.066526386048138e-08,8.913294996526488e-08,3.4918186240406255e-07
B,SD,plus,moving,y_half,33,0.0625,2.5e-05,0.01,completed,0.01,0.002,u,3.4738632376241085e-07,1.5126184334681812e-07,3.452124286429381e-07,1.012357958407137e-06
B,SD,plus,moving,y_half,33,0.0625,2.5e-05,0.01,completed,0.01,0.002,v,2.1731428129223573e-07,1.0013531558821485e-07,1.9498505005044464e-07,4.478108934903386e-07
B,SD,plus,moving,y_half,33,0.0625,2.5e-05,0.01,completed,0.01,0.005,u,1.3201283416419685e-06,3.908299947249288e-07,1.283672509677647e-06,3.847136002089997e-06
B,SD,plus,moving,y_half,33,0.0625,2.5e-05,0.01,completed,0.01,0.005,v,7.934371968887355e-07,2.6961340783863897e-07,7.413624578678224e-07,1.6350044642920067e-06
B,SD,plus,moving,y_half,33,0.0625,2.5e-05,0.01,completed,0.01,0.01,u,1.5044649221696016e-05,2.221397586370666e-06,1.1443177486969436e-05,4.384332176946723e-05
B,SD,plus,moving,y_half,33,0.0625,2.5e-05,0.01,completed,0.01,0.01,v,1.2181981958181431e-05,1.8353714920779372e-06,9.079766564557001e-06,2.510292555435158e-05
B,SD,zero,frozen,main,33,0.125,2.5e-05,0.01,completed,0.01,0.0,u,1.3180397279155542e-07,1.3567315656866538e-08,0.0,3.841049348427857e-07
B,SD,zero,frozen,main,33,0.125,2.5e-05,0.01,completed,0.01,0.0,v,1.5857268403918212e-07,1.6704755536655675e-08,0.0,3.26764422130286e-07
B,SD,zero,frozen,main,33,0.125,2.5e-05,0.01,completed,0.01,0.001,u,6.821520215360977e-07,2.9320962229198557e-07,6.793852588837801e-07,1.9879367232683646e-06
B,SD,zero,frozen,main,33,0.125,2.5e-05,0.01,completed,0.01,0.001,v,3.696356816185187e-07,1.98855074147374e-07,3.514567484819153e-07,7.616935453584482e-07
B,SD,zero,frozen,main,33,0.125,2.5e-05,0.01,completed,0.01,0.002,u,1.3605035448782665e-06,5.867204698366736e-07,1.3569672172586422e-06,3.964797982874812e-06
B,SD,zero,frozen,main,33,0.125,2.5e-05,0.01,completed,0.01,0.002,v,7.742954135081526e-07,4.0078405805716405e-07,7.680912073593227e-07,1.5955597578874612e-06
B,SD,zero,frozen,main,33,0.125,2.5e-05,0.01,completed,0.01,0.005,u,5.0038196877100205e-06,1.5309960558948696e-06,4.872842287673151e-06,1.4582199568084994e-05
B,SD,zero,frozen,main,33,0.125,2.5e-05,0.01,completed,0.01,0.005,v,3.0280902999502146e-06,1.0710499659881451e-06,2.8731219279820586e-06,6.2398652265800406e-06
B,SD,zero,frozen,main,33,0.125,2.5e-05,0.01,completed,0.01,0.01,u,5.572269601866742e-05,8.199788684664329e-06,4.244276627130006e-05,0.00016238784059539288
B,SD,zero,frozen,main,33,0.125,2.5e-05,0.01,completed,0.01,0.01,v,3.9369577482240015e-05,6.927910484308804e-06,3.0108699548225815e-05,8.112732223362593e-05
B,SD,zero,moving,combined,65,0.0625,1.25e-05,0.01,stopped,0.008075,0.0,u,8.150950525642742e-09,6.314197783075909e-10,0.0,2.3753611091669992e-08
B,SD,zero,moving,combined,65,0.0625,1.25e-05,0.01,stopped,0.008075,0.0,v,9.819475677019796e-09,7.780556744769279e-10,0.0,2.0234602854377564e-08
B,SD,zero,moving,combined,65,0.0625,1.25e-05,0.01,stopped,0.008075,0.001,u,2.0782649173822776e-07,7.548700018683704e-08,2.0688565394166858e-07,6.056507941945521e-07
B,SD,zero,moving,combined,65,0.0625,1.25e-05,0.01,stopped,0.008075,0.001,v,1.2302642216077686e-07,5.185613303115677e-08,1.218892340393296e-07,2.535156534726346e-07
B,SD,zero,moving,combined,65,0.0625,1.25e-05,0.01,stopped,0.008075,0.002,u,1.1911062581249077e-06,1.8255436413118969e-07,9.75759334720383e-07,3.4711380881706803e-06
B,SD,zero,moving,combined,65,0.0625,1.25e-05,0.01,stopped,0.008075,0.002,v,7.118455335186624e-07,1.377374990849137e-07,5.459910762395381e-07,1.4668717697546378e-06
B,SD,zero,moving,combined,65,0.0625,1.25e-05,0.01,stopped,0.008075,0.005,u,0.000754331229290861,8.28975927768416e-05,0.0007469388394540366,0.002198282347378563
B,SD,zero,moving,combined,65,0.0625,1.25e-05,0.01,stopped,0.008075,0.005,v,0.0005525489799437233,6.90441461849049e-05,0.0005386808774557328,0.0011386156995040271
B,SD,zero,moving,combined,65,0.0625,1.25e-05,0.01,stopped,0.008075,0.008075,u,1.3334451060851957,0.1317151262818488,1.3308096381528631,3.8859438984928345
B,SD,zero,moving,combined,65,0.0625,1.25e-05,0.01,stopped,0.008075,0.008075,v,1.4794412293851658,0.10825696477330005,1.484795906742277,3.0486256810085055
B,SD,zero,moving,main,33,0.125,2.5e-05,0.01,completed,0.01,0.0,u,1.3180397279155542e-07,1.3567315656866538e-08,0.0,3.841049348427857e-07
B,SD,zero,moving,main,33,0.125,2.5e-05,0.01,completed,0.01,0.0,v,1.5857268403918212e-07,1.6704755536655675e-08,0.0,3.26764422130286e-07
B,SD,zero,moving,main,33,0.125,2.5e-05,0.01,completed,0.01,0.001,u,6.82179089495083e-07,2.932208402615217e-07,6.794109700947182e-07,1.9880156050835492e-06
B,SD,zero,moving,main,33,0.125,2.5e-05,0.01,completed,0.01,0.001,v,3.6962532773410217e-07,1.988672599578215e-07,3.5145072324604953e-07,7.616722095206986e-07
B,SD,zero,moving,main,33,0.125,2.5e-05,0.01,completed,0.01,0.002,u,1.3605589661014328e-06,5.867399084501817e-07,1.3570160940501452e-06,3.96495949215911e-06
B,SD,zero,moving,main,33,0.125,2.5e-05,0.01,completed,0.01,0.002,v,7.743502615786824e-07,4.0080807137054684e-07,7.681355256861089e-07,1.5956727811245984e-06
B,SD,zero,moving,main,33,0.125,2.5e-05,0.01,completed,0.01,0.005,u,4.994912682854125e-06,1.5308928175841253e-06,4.865076712545768e-06,1.455624265307433e-05
B,SD,zero,moving,main,33,0.125,2.5e-05,0.01,completed,0.01,0.005,v,3.0321293991719678e-06,1.0710337956890396e-06,2.8766350457787304e-06,6.248188437674814e-06
B,SD,zero,moving,main,33,0.125,2.5e-05,0.01,completed,0.01,0.01,u,5.5016342924818495e-05,8.142583168755811e-06,4.190336781201287e-05,0.00016032937677717463
B,SD,zero,moving,main,33,0.125,2.5e-05,0.01,completed,0.01,0.01,v,3.884853604746441e-05,6.892517472433734e-06,2.9692004619386037e-05,8.005363287551229e-05
B,SD,zero,moving,time_half,33,0.125,1.25e-05,0.01,completed,0.01,0.0,u,1.3180397279155542e-07,1.3567315656866538e-08,0.0,3.841049348427857e-07
B,SD,zero,moving,time_half,33,0.125,1.25e-05,0.01,completed,0.01,0.0,v,1.5857268403918212e-07,1.6704755536655675e-08,0.0,3.26764422130286e-07
B,SD,zero,moving,time_half,33,0.125,1.25e-05,0.01,completed,0.01,0.001,u,6.821790898281499e-07,2.9322084027783856e-07,6.794109702057405e-07,1.9880156060541774e-06
B,SD,zero,moving,time_half,33,0.125,1.25e-05,0.01,completed,0.01,0.001,v,3.696253277896133e-07,1.9886725998147345e-07,3.5145072391218335e-07,7.616722096350883e-07
B,SD,zero,moving,time_half,33,0.125,1.25e-05,0.01,completed,0.01,0.002,u,1.3605589664344997e-06,5.867399084359562e-07,1.3570160944942344e-06,3.964959493129738e-06
B,SD,zero,moving,time_half,33,0.125,1.25e-05,0.01,completed,0.01,0.002,v,7.743502620227716e-07,4.0080807129502824e-07,7.681355265742873e-07,1.5956727820397154e-06
B,SD,zero,moving,time_half,33,0.125,1.25e-05,0.01,completed,0.01,0.005,u,4.994912636779869e-06,1.53089281639498e-06,4.865076677684765e-06,1.4556242518804105e-05
B,SD,zero,moving,time_half,33,0.125,1.25e-05,0.01,completed,0.01,0.005,v,3.032129403668371e-06,1.0710337945979409e-06,2.8766350498310445e-06,6.248188446940374e-06
B,SD,zero,moving,time_half,33,0.125,1.25e-05,0.01,completed,0.01,0.01,u,5.5016342116687156e-05,8.142583076111114e-06,4.190336728926436e-05,0.00016032937442210727
B,SD,zero,moving,time_half,33,0.125,1.25e-05,0.01,completed,0.01,0.01,v,3.884853539587452e-05,6.8925174026775254e-06,2.9692004149151074e-05,8.005363153280691e-05
B,SD,zero,moving,x_half,65,0.125,1.25e-05,0.01,stopped,0.007425,0.0,u,8.076168178661192e-09,6.313428558869658e-10,0.0,2.353567943623309e-08
B,SD,zero,moving,x_half,65,0.125,1.25e-05,0.01,stopped,0.007425,0.0,v,9.743086393232403e-09,7.779518110673457e-10,0.0,2.0077190559903568e-08
B,SD,zero,moving,x_half,65,0.125,1.25e-05,0.01,stopped,0.007425,0.001,u,8.076557864722389e-07,2.9564671500233143e-07,8.043184876460607e-07,2.353681506466655e-06
B,SD,zero,moving,x_half,65,0.125,1.25e-05,0.01,stopped,0.007425,0.001,v,4.903796723132459e-07,2.0568551427478243e-07,4.855113137081091e-07,1.0105058839029491e-06
B,SD,zero,moving,x_half,65,0.125,1.25e-05,0.01,stopped,0.007425,0.002,u,4.6413448359095e-06,7.153516311251367e-07,3.8007677723439492e-06,1.3525870412110511e-05
B,SD,zero,moving,x_half,65,0.125,1.25e-05,0.01,stopped,0.007425,0.002,v,2.8185925662338462e-06,5.45138394414252e-07,2.181551888968958e-06,5.808161580329601e-06
B,SD,zero,moving,x_half,65,0.125,1.25e-05,0.01,stopped,0.007425,0.005,u,0.0029673211303530844,0.00032444614286933164,0.002936013606103738,0.008647407701696502
B,SD,zero,moving,x_half,65,0.125,1.25e-05,0.01,stopped,0.007425,0.005,v,0.0021903315972086057,0.0002721930757443013,0.002137356219186648,0.004513529193077963
B,SD,zero,moving,x_half,65,0.125,1.25e-05,0.01,stopped,0.007425,0.007425,u,1.3038577359855663,0.12455492492055759,1.3026670068514237,3.7997199941539628
B,SD,zero,moving,x_half,65,0.125,1.25e-05,0.01,stopped,0.007425,0.007425,v,1.3311830423594015,0.100783674176699,1.3360583783705953,2.7431159422055615
B,SD,zero,moving,y_half,33,0.0625,2.5e-05,0.01,completed,0.01,0.0,u,1.3274077953484564e-07,1.3569167007533178e-08,0.0,3.868349885275737e-07
B,SD,zero,moving,y_half,33,0.0625,2.5e-05,0.01,completed,0.01,0.0,v,1.5952759924164894e-07,1.67072729266315e-08,0.0,3.287321768637202e-07
B,SD,zero,moving,y_half,33,0.0625,2.5e-05,0.01,completed,0.01,0.001,u,1.74827435472924e-07,7.736612914389343e-08,1.7236932425834794e-07,5.094844947608611e-07
B,SD,zero,moving,y_half,33,0.0625,2.5e-05,0.01,completed,0.01,0.001,v,1.7858134387926938e-07,5.0830443978553e-08,8.896211989295466e-08,3.6799547037472244e-07
B,SD,zero,moving,y_half,33,0.0625,2.5e-05,0.01,completed,0.01,0.002,u,3.4668459075737346e-07,1.5119888551256887e-07,3.4435612750183253e-07,1.0103129585216134e-06
B,SD,zero,moving,y_half,33,0.0625,2.5e-05,0.01,completed,0.01,0.002,v,2.2576667429996533e-07,1.0021821003413491e-07,1.9500401926553224e-07,4.6522840347824806e-07
B,SD,zero,moving,y_half,33,0.0625,2.5e-05,0.01,completed,0.01,0.005,u,1.284418762348416e-06,3.8994459261231916e-07,1.2515702015880592e-06,3.7430706595121375e-06
B,SD,zero,moving,y_half,33,0.0625,2.5e-05,0.01,completed,0.01,0.005,v,8.048014460415587e-07,2.690818881218883e-07,7.496337349754967e-07,1.6584223203883074e-06
B,SD,zero,moving,y_half,33,0.0625,2.5e-05,0.01,completed,0.01,0.01,u,1.3525379502998813e-05,2.0809121527490324e-06,1.0359185087127631e-05,3.9415845252740557e-05
B,SD,zero,moving,y_half,33,0.0625,2.5e-05,0.01,completed,0.01,0.01,v,1.1060123844552905e-05,1.7462301859148422e-06,8.224618178842569e-06,2.2791157173341242e-05
C,FD,fixed,fixed,combined,65,0.0625,1.25e-05,0.01,completed,0.01,0.0,u,1.567302820859595e-08,1.3809292753236798e-09,0.0,3.0069727529276405e-08
C,FD,fixed,fixed,combined,65,0.0625,1.25e-05,0.01,completed,0.01,0.0,v,1.683879635727692e-08,1.4721323018355068e-09,0.0,2.7717162209490344e-08
C,FD,fixed,fixed,combined,65,0.0625,1.25e-05,0.01,completed,0.01,0.001,u,9.74376277995681e-08,2.7819884470142795e-08,9.310535015183419e-08,1.8694044826800796e-07
C,FD,fixed,fixed,combined,65,0.0625,1.25e-05,0.01,completed,0.01,0.001,v,7.842450866490935e-08,3.809261316564512e-08,7.838402560356172e-08,1.2908908580781682e-07
C,FD,fixed,fixed,combined,65,0.0625,1.25e-05,0.01,completed,0.01,0.002,u,7.355592481772533e-07,8.061936812766544e-08,5.677001070347742e-07,1.4112184244139012e-06
C,FD,fixed,fixed,combined,65,0.0625,1.25e-05,0.01,completed,0.01,0.002,v,4.837457110440369e-07,9.021310625901237e-08,3.8938993263126775e-07,7.962599022321744e-07
C,FD,fixed,fixed,combined,65,0.0625,1.25e-05,0.01,completed,0.01,0.005,u,0.0005018734668228997,5.115261002091393e-05,0.0004964337351749393,0.0009628770012205485
C,FD,fixed,fixed,combined,65,0.0625,1.25e-05,0.01,completed,0.01,0.005,v,0.00035355595961350517,4.319907180740884e-05,0.0003481571285520735,0.0005819636792807127
C,FD,fixed,fixed,combined,65,0.0625,1.25e-05,0.01,completed,0.01,0.01,u,26.476883049361735,2.967474460258049,26.71684963588836,50.797628162384754
C,FD,fixed,fixed,combined,65,0.0625,1.25e-05,0.01,completed,0.01,0.01,v,26.43945143993946,2.7651467819749884,26.147365433703193,43.52012749260743
C,FD,fixed,fixed,main,33,0.125,2.5e-05,0.01,completed,0.01,0.0,u,2.597522865688262e-07,2.999216273084087e-08,0.0,4.983604045362169e-07
C,FD,fixed,fixed,main,33,0.125,2.5e-05,0.01,completed,0.01,0.0,v,2.764963982215818e-07,3.204407505860348e-08,0.0,4.5512737107218147e-07
C,FD,fixed,fixed,main,33,0.125,2.5e-05,0.01,completed,0.01,0.001,u,2.8024980569529845e-07,1.0753957540246912e-07,2.804527666766532e-07,5.376869184960886e-07
C,FD,fixed,fixed,main,33,0.125,2.5e-05,0.01,completed,0.01,0.001,v,2.889599597377668e-07,1.5007306312484687e-07,2.383467856414967e-07,4.75643037907421e-07
C,FD,fixed,fixed,main,33,0.125,2.5e-05,0.01,completed,0.01,0.002,u,5.607473302915444e-07,2.173172019178046e-07,5.609166741082916e-07,1.075849110158463e-06
C,FD,fixed,fixed,main,33,0.125,2.5e-05,0.01,completed,0.01,0.002,v,5.390195373378148e-07,2.991621236275356e-07,5.045925566271592e-07,8.872540350001373e-07
C,FD,fixed,fixed,main,33,0.125,2.5e-05,0.01,completed,0.01,0.005,u,2.7276423110178527e-06,6.017310741942603e-07,2.485209737779215e-06,5.233251046622736e-06
C,FD,fixed,fixed,main,33,0.125,2.5e-05,0.01,completed,0.01,0.005,v,1.980877781249113e-06,7.785596733811518e-07,1.9187156842237485e-06,3.260627273244655e-06
C,FD,fixed,fixed,main,33,0.125,2.5e-05,0.01,completed,0.01,0.01,u,3.7957784784714566e-05,4.706277842044416e-06,2.7921779101824917e-05,7.282575730318619e-05
C,FD,fixed,fixed,main,33,0.125,2.5e-05,0.01,completed,0.01,0.01,v,2.5118080949737553e-05,4.2930893299973705e-06,1.899100270952303e-05,4.1345660278261026e-05
C,FD,fixed,fixed,time_half,33,0.125,1.25e-05,0.01,completed,0.01,0.0,u,2.597522865688262e-07,2.999216273084087e-08,0.0,4.983604045362169e-07
C,FD,fixed,fixed,time_half,33,0.125,1.25e-05,0.01,completed,0.01,0.0,v,2.764963982215818e-07,3.204407505860348e-08,0.0,4.5512737107218147e-07
C,FD,fixed,fixed,time_half,33,0.125,1.25e-05,0.01,completed,0.01,0.001,u,2.8024980558427615e-07,1.075395754651621e-07,2.804527666766532e-07,5.376869182830814e-07
C,FD,fixed,fixed,time_half,33,0.125,1.25e-05,0.01,completed,0.01,0.001,v,2.889599604039006e-07,1.5007306313193863e-07,2.3834678697376432e-07,4.756430390039117e-07
C,FD,fixed,fixed,time_half,33,0.125,1.25e-05,0.01,completed,0.01,0.002,u,5.607473303470556e-07,2.1731720208959912e-07,5.609166741082916e-07,1.0758491102649665e-06
C,FD,fixed,fixed,time_half,33,0.125,1.25e-05,0.01,completed,0.01,0.002,v,5.390195390031494e-07,2.991621236549239e-07,5.045925606239621e-07,8.872540377413641e-07
C,FD,fixed,fixed,time_half,33,0.125,1.25e-05,0.01,completed,0.01,0.005,u,2.727642404332098e-06,6.017310785006015e-07,2.485209804614641e-06,5.233251225655327e-06
C,FD,fixed,fixed,time_half,33,0.125,1.25e-05,0.01,completed,0.01,0.005,v,1.980877824547811e-06,7.785596753922295e-07,1.9187157160871493e-06,3.2606273445165514e-06
C,FD,fixed,fixed,time_half,33,0.125,1.25e-05,0.01,completed,0.01,0.01,u,3.7957786432840646e-05,4.706278068146213e-06,2.7921780184736456e-05,7.282576046527878e-05
C,FD,fixed,fixed,time_half,33,0.125,1.25e-05,0.01,completed,0.01,0.01,v,2.5118081965369576e-05,4.293089515333057e-06,1.899100346269833e-05,4.1345661950043856e-05
C,FD,fixed,fixed,x_half,65,0.125,1.25e-05,0.01,completed,0.01,0.0,u,1.5538895281608234e-08,1.3809206116012966e-09,0.0,2.981290459799776e-08
C,FD,fixed,fixed,x_half,65,0.125,1.25e-05,0.01,completed,0.01,0.0,v,1.6727228713264708e-08,1.4721461011185177e-09,0.0,2.7533883546252447e-08
C,FD,fixed,fixed,x_half,65,0.125,1.25e-05,0.01,completed,0.01,0.001,u,3.8468787105783164e-07,1.0950695354908562e-07,3.6734835651142106e-07,7.380616570232156e-07
C,FD,fixed,fixed,x_half,65,0.125,1.25e-05,0.01,completed,0.01,0.001,v,3.151794256694984e-07,1.5315670407061294e-07,3.134819611672057e-07,5.188016348265118e-07
C,FD,fixed,fixed,x_half,65,0.125,1.25e-05,0.01,completed,0.01,0.002,u,2.834657975181454e-06,3.111108654133985e-07,2.2219844245663367e-06,5.438571162910346e-06
C,FD,fixed,fixed,x_half,65,0.125,1.25e-05,0.01,completed,0.01,0.002,v,1.9355651852404065e-06,3.5909274357875376e-07,1.5563035238308487e-06,3.1860403967770228e-06
C,FD,fixed,fixed,x_half,65,0.125,1.25e-05,0.01,completed,0.01,0.005,u,0.001855833523912831,0.0001888058419514921,0.0018332549687342103,0.003560599823570788
C,FD,fixed,fixed,x_half,65,0.125,1.25e-05,0.01,completed,0.01,0.005,v,0.0013730377474506783,0.00016284553179670653,0.0013493986685368942,0.002260091141871953
C,FD,fixed,fixed,x_half,65,0.125,1.25e-05,0.01,completed,0.01,0.01,u,80.62946354111446,9.038082732487442,77.34211393571753,154.69558554681228
C,FD,fixed,fixed,x_half,65,0.125,1.25e-05,0.01,completed,0.01,0.01,v,84.05156107962594,9.27736803590848,83.83993968003173,138.35321644235847
C,FD,fixed,fixed,y_half,33,0.0625,2.5e-05,0.01,completed,0.01,0.0,u,2.614122089905635e-07,2.9991981517976905e-08,0.0,5.015363841980021e-07
C,FD,fixed,fixed,y_half,33,0.0625,2.5e-05,0.01,completed,0.01,0.0,v,2.7781545919314254e-07,3.2043364136443245e-08,0.0,4.572925512833758e-07
C,FD,fixed,fixed,y_half,33,0.0625,2.5e-05,0.01,completed,0.01,0.001,u,2.5864597330560457e-07,3.763123953527972e-08,8.049779731678086e-08,4.962291804961128e-07
C,FD,fixed,fixed,y_half,33,0.0625,2.5e-05,0.01,completed,0.01,0.001,v,2.690231902802154e-07,4.5580213726881417e-08,6.496576521186626e-08,4.428202138028083e-07
C,FD,fixed,fixed,y_half,33,0.0625,2.5e-05,0.01,completed,0.01,0.002,u,2.558073570746444e-07,6.202196871667636e-08,1.6094866217564174e-07,4.907831099927535e-07
C,FD,fixed,fixed,y_half,33,0.0625,2.5e-05,0.01,completed,0.01,0.002,v,2.5945389769965743e-07,7.553964183400755e-08,1.3573545676326404e-07,4.270688721357553e-07
C,FD,fixed,fixed,y_half,33,0.0625,2.5e-05,0.01,completed,0.01,0.005,u,7.650011796256351e-07,1.6577315361636791e-07,6.517998658583934e-07,1.4677046914457516e-06
C,FD,fixed,fixed,y_half,33,0.0625,2.5e-05,0.01,completed,0.01,0.005,v,5.294236500308358e-07,1.897867849529145e-07,5.152373752093098e-07,8.714471553724606e-07
C,FD,fixed,fixed,y_half,33,0.0625,2.5e-05,0.01,completed,0.01,0.01,u,1.235078163380754e-05,1.4591586733695334e-06,9.487698750809681e-06,2.3695780646811838e-05
C,FD,fixed,fixed,y_half,33,0.0625,2.5e-05,0.01,completed,0.01,0.01,v,7.913331491082864e-06,1.4542729249469083e-06,7.3665091563368534e-06,1.302558020787666e-05
C,FD,minus,frozen,main,33,0.125,2.5e-05,0.01,completed,0.01,0.0,u,2.715234782568743e-07,3.2045295947797097e-08,0.0,5.209445978421519e-07
C,FD,minus,frozen,main,33,0.125,2.5e-05,0.01,completed,0.01,0.0,v,2.889640676739802e-07,3.419829370379223e-08,0.0,4.7564979978287895e-07
C,FD,minus,frozen,main,33,0.125,2.5e-05,0.01,completed,0.01,0.001,u,2.775596006365788e-07,1.0805144384984355e-07,2.778483064735937e-07,5.325254945138067e-07
C,FD,minus,frozen,main,33,0.125,2.5e-05,0.01,completed,0.01,0.001,v,2.930840715675842e-07,1.5133673018689022e-07,2.3783956926148875e-07,4.824315392665175e-07
C,FD,minus,frozen,main,33,0.125,2.5e-05,0.01,completed,0.01,0.002,u,5.555574225102333e-07,2.1718470001716125e-07,5.557866656902277e-07,1.0658917597321576e-06
C,FD,minus,frozen,main,33,0.125,2.5e-05,0.01,completed,0.01,0.002,v,5.457261469388186e-07,3.00968892205448e-07,5.033574018709075e-07,8.982934612499728e-07
C,FD,minus,frozen,main,33,0.125,2.5e-05,0.01,completed,0.01,0.005,u,2.580577322663924e-06,5.951080870124548e-07,2.4103121781249293e-06,4.951092348205434e-06
C,FD,minus,frozen,main,33,0.125,2.5e-05,0.01,completed,0.01,0.005,v,1.913214147886144e-06,7.801917672427568e-07,1.8780377395444248e-06,3.1492494333604603e-06
C,FD,minus,frozen,main,33,0.125,2.5e-05,0.01,completed,0.01,0.01,u,3.392623717873855e-05,4.137991097381332e-06,2.5558298487160513e-05,6.509083522661438e-05
C,FD,minus,frozen,main,33,0.125,2.5e-05,0.01,completed,0.01,0.01,v,2.2354349831332776e-05,3.825287851126966e-06,1.721905824747516e-05,3.679641592513235e-05
C,FD,minus,moving,combined,65,0.0625,1.25e-05,0.01,completed,0.01,0.0,u,1.640267155433861e-08,1.4682222365631516e-09,0.0,3.146959590876405e-08
C,FD,minus,moving,combined,65,0.0625,1.25e-05,0.01,completed,0.01,0.0,v,1.762044654629591e-08,1.565490978546475e-09,0.0,2.9003781788493418e-08
C,FD,minus,moving,combined,65,0.0625,1.25e-05,0.01,completed,0.01,0.001,u,9.492313263192997e-08,2.778583975470027e-08,9.181585741702136e-08,1.821162251786185e-07
C,FD,minus,moving,combined,65,0.0625,1.25e-05,0.01,completed,0.01,0.001,v,7.749303643223016e-08,3.8146031977200546e-08,7.770817667118735e-08,1.2755585466593368e-07
C,FD,minus,moving,combined,65,0.0625,1.25e-05,0.01,completed,0.01,0.002,u,6.85470932848542e-07,7.711172835659117e-08,5.404288916932565e-07,1.3151207224070374e-06
C,FD,minus,moving,combined,65,0.0625,1.25e-05,0.01,completed,0.01,0.002,v,4.50581165489794e-07,8.807105076543128e-08,3.7141701292320306e-07,7.416700687769028e-07
C,FD,minus,moving,combined,65,0.0625,1.25e-05,0.01,completed,0.01,0.005,u,0.00039479217163690405,4.05267943774932e-05,0.00039053684677436973,0.0007574345476710211
C,FD,minus,moving,combined,65,0.0625,1.25e-05,0.01,completed,0.01,0.005,v,0.0002751503459744731,3.415758431253998e-05,0.0002714162424767297,0.0004529056952503675
C,FD,minus,moving,combined,65,0.0625,1.25e-05,0.01,completed,0.01,0.01,u,14.641165037768928,1.6327175364040072,14.681835764108973,28.090030690777358
C,FD,minus,moving,combined,65,0.0625,1.25e-05,0.01,completed,0.01,0.01,v,13.842939476015015,1.5033061436945996,13.801269313723662,22.785892220084623
C,FD,minus,moving,main,33,0.125,2.5e-05,0.01,completed,0.01,0.0,u,2.715234782568743e-07,3.2045295947797097e-08,0.0,5.209445978421519e-07
C,FD,minus,moving,main,33,0.125,2.5e-05,0.01,completed,0.01,0.0,v,2.889640676739802e-07,3.419829370379223e-08,0.0,4.7564979978287895e-07
C,FD,minus,moving,main,33,0.125,2.5e-05,0.01,completed,0.01,0.001,u,2.7732205420960554e-07,1.0800388022770474e-07,2.776752485722511e-07,5.320697382430677e-07
C,FD,minus,moving,main,33,0.125,2.5e-05,0.01,completed,0.01,0.001,v,2.931912116421742e-07,1.513962746529926e-07,2.3783612068672966e-07,4.826078973702695e-07
C,FD,minus,moving,main,33,0.125,2.5e-05,0.01,completed,0.01,0.002,u,5.55103556509895e-07,2.1708113546216473e-07,5.554554504128006e-07,1.0650209730048426e-06
C,FD,minus,moving,main,33,0.125,2.5e-05,0.01,completed,0.01,0.002,v,5.458516967316029e-07,3.0108339404630975e-07,5.033013379396323e-07,8.985001227019705e-07
C,FD,minus,moving,main,33,0.125,2.5e-05,0.01,completed,0.01,0.005,u,2.569302091526282e-06,5.944857054917761e-07,2.4002554622759575e-06,4.929459704176695e-06
C,FD,minus,moving,main,33,0.125,2.5e-05,0.01,completed,0.01,0.005,v,1.9066505625442431e-06,7.802516226918283e-07,1.872522727097703e-06,3.1384454324379117e-06
C,FD,minus,moving,main,33,0.125,2.5e-05,0.01,completed,0.01,0.01,u,3.317001262898023e-05,4.058859535992184e-06,2.4982818132401885e-05,6.363994377339162e-05
C,FD,minus,moving,main,33,0.125,2.5e-05,0.01,completed,0.01,0.01,v,2.1862911693038e-05,3.7619125906806825e-06,1.68499825515811e-05,3.598748333373034e-05
C,FD,minus,moving,time_half,33,0.125,1.25e-05,0.01,completed,0.01,0.0,u,2.715234782568743e-07,3.2045295947797097e-08,0.0,5.209445978421519e-07
C,FD,minus,moving,time_half,33,0.125,1.25e-05,0.01,completed,0.01,0.0,v,2.889640676739802e-07,3.419829370379223e-08,0.0,4.7564979978287895e-07
C,FD,minus,moving,time_half,33,0.125,1.25e-05,0.01,completed,0.01,0.001,u,2.7732205432062784e-07,1.0800388019835306e-07,2.776752485722511e-07,5.32069738456075e-07
C,FD,minus,moving,time_half,33,0.125,1.25e-05,0.01,completed,0.01,0.001,v,2.93191212308308e-07,1.513962746454878e-07,2.378361220189973e-07,4.826078984667603e-07
C,FD,minus,moving,time_half,33,0.125,1.25e-05,0.01,completed,0.01,0.002,u,5.551035558992723e-07,2.170811355003286e-07,5.554554495246222e-07,1.0650209718333027e-06
C,FD,minus,moving,time_half,33,0.125,1.25e-05,0.01,completed,0.01,0.002,v,5.458516985079598e-07,3.0108339405168904e-07,5.033013413813237e-07,8.985001256259457e-07
C,FD,minus,moving,time_half,33,0.125,1.25e-05,0.01,completed,0.01,0.005,u,2.5693021735717636e-06,5.944857091821221e-07,2.4002555235602685e-06,4.92945986158905e-06
C,FD,minus,moving,time_half,33,0.125,1.25e-05,0.01,completed,0.01,0.005,v,1.9066506042886289e-06,7.802516241608532e-07,1.872522760515416e-06,3.1384455011513297e-06
C,FD,minus,moving,time_half,33,0.125,1.25e-05,0.01,completed,0.01,0.01,u,3.317001406760722e-05,4.058859732260881e-06,2.4982819070151763e-05,6.363994653353954e-05
C,FD,minus,moving,time_half,33,0.125,1.25e-05,0.01,completed,0.01,0.01,v,2.1862912603642926e-05,3.7619127458681244e-06,1.6849983200839524e-05,3.598748483263314e-05
C,FD,minus,moving,x_half,65,0.125,1.25e-05,0.01,completed,0.01,0.0,u,1.6262082458418092e-08,1.468213028953092e-09,0.0,3.120041058976838e-08
C,FD,minus,moving,x_half,65,0.125,1.25e-05,0.01,completed,0.01,0.0,v,1.7503401728014012e-08,1.5655021644817352e-09,0.0,2.8811504469968506e-08
C,FD,minus,moving,x_half,65,0.125,1.25e-05,0.01,completed,0.01,0.001,u,3.752652892319297e-07,1.0936905505691335e-07,3.602245234324286e-07,7.199835035926476e-07
C,FD,minus,moving,x_half,65,0.125,1.25e-05,0.01,completed,0.01,0.001,v,3.110260936578513e-07,1.5314979271691755e-07,3.094271142645155e-07,5.119650355369397e-07
C,FD,minus,moving,x_half,65,0.125,1.25e-05,0.01,completed,0.01,0.002,u,2.6498320855328217e-06,2.992940708636242e-07,2.1024016549353597e-06,5.083964447601789e-06
C,FD,minus,moving,x_half,65,0.125,1.25e-05,0.01,completed,0.01,0.002,v,1.8119791140858155e-06,3.5138827598319997e-07,1.477678687300532e-06,2.982611332139977e-06
C,FD,minus,moving,x_half,65,0.125,1.25e-05,0.01,completed,0.01,0.005,u,0.0014719112031672532,0.0001510591601062828,0.0014551658013091107,0.0028240069503967825
C,FD,minus,moving,x_half,65,0.125,1.25e-05,0.01,completed,0.01,0.005,v,0.0010790802772417951,0.00012985819655089554,0.001063309170587945,0.0017762219432721888
C,FD,minus,moving,x_half,65,0.125,1.25e-05,0.01,completed,0.01,0.01,u,41.65665440697949,5.235896875245465,39.67159395666981,79.92240382602725
C,FD,minus,moving,x_half,65,0.125,1.25e-05,0.01,completed,0.01,0.01,v,39.941156541787755,4.9736571067803235,38.64969991128595,65.7452093096648
C,FD,minus,moving,y_half,33,0.0625,2.5e-05,0.01,completed,0.01,0.0,u,2.732578372466321e-07,3.204510585193551e-08,0.0,5.242629951204353e-07
C,FD,minus,moving,y_half,33,0.0625,2.5e-05,0.01,completed,0.01,0.0,v,2.903435758483397e-07,3.419766155049613e-08,0.0,4.779142058330168e-07
C,FD,minus,moving,y_half,33,0.0625,2.5e-05,0.01,completed,0.01,0.001,u,2.708917091753804e-07,3.905118280189685e-08,7.766202864134542e-08,5.19723423988745e-07
C,FD,minus,moving,y_half,33,0.0625,2.5e-05,0.01,completed,0.01,0.001,v,2.8524990269840345e-07,4.788469427522536e-08,6.459183055085305e-08,4.6952986754996027e-07
C,FD,minus,moving,y_half,33,0.0625,2.5e-05,0.01,completed,0.01,0.002,u,2.684385431717118e-07,6.22472027338802e-08,1.5537697767298297e-07,5.150168649031216e-07
C,FD,minus,moving,y_half,33,0.0625,2.5e-05,0.01,completed,0.01,0.002,v,2.782999574124645e-07,7.824434106026968e-08,1.352151567379778e-07,4.580900498367301e-07
C,FD,minus,moving,y_half,33,0.0625,2.5e-05,0.01,completed,0.01,0.005,u,6.655518021703166e-07,1.5961449690224358e-07,6.188333692147552e-07,1.2769045701649464e-06
C,FD,minus,moving,y_half,33,0.0625,2.5e-05,0.01,completed,0.01,0.005,v,5.013527921704508e-07,1.9221686395813692e-07,5.015812801767439e-07,8.252416841399752e-07
C,FD,minus,moving,y_half,33,0.0625,2.5e-05,0.01,completed,0.01,0.01,u,9.796291166097593e-06,1.0791250937389393e-06,7.24642223809413e-06,1.8794823963913538e-05
C,FD,minus,moving,y_half,33,0.0625,2.5e-05,0.01,completed,0.01,0.01,v,6.524211824676662e-06,1.1601121034495751e-06,5.604589803476223e-06,1.0739047708448047e-05
C,FD,plus,frozen,main,33,0.125,2.5e-05,0.01,completed,0.01,0.0,u,2.3511939828413375e-07,3.124550734447221e-08,0.0,4.510997766025259e-07
C,FD,plus,frozen,main,33,0.125,2.5e-05,0.01,completed,0.01,0.0,v,2.5045814600055394e-07,3.30699454481746e-08,0.0,4.1226706129276175e-07
C,FD,plus,frozen,main,33,0.125,2.5e-05,0.01,completed,0.01,0.001,u,2.7715679268291993e-07,1.0809971524730222e-07,2.7739791169656414e-07,5.317526676894982e-07
C,FD,plus,frozen,main,33,0.125,2.5e-05,0.01,completed,0.01,0.001,v,2.825289496799499e-07,1.5087383301516184e-07,2.3687947248163255e-07,4.650572627588878e-07
C,FD,plus,frozen,main,33,0.125,2.5e-05,0.01,completed,0.01,0.002,u,5.544403379742491e-07,2.175606108664483e-07,5.546704415770876e-07,1.0637485227712512e-06
C,FD,plus,frozen,main,33,0.125,2.5e-05,0.01,completed,0.01,0.002,v,5.363801920399425e-07,3.005005030734694e-07,5.054391539749403e-07,8.829095361404823e-07
C,FD,plus,frozen,main,33,0.125,2.5e-05,0.01,completed,0.01,0.005,u,2.9154081201965276e-06,6.088079732367319e-07,2.650785092150887e-06,5.593498287778628e-06
C,FD,plus,frozen,main,33,0.125,2.5e-05,0.01,completed,0.01,0.005,v,2.0934598573552066e-06,7.8512699012678e-07,2.0089492849262314e-06,3.4459431929368603e-06
C,FD,plus,frozen,main,33,0.125,2.5e-05,0.01,completed,0.01,0.01,u,4.591410860355083e-05,5.682823102918933e-06,3.3446135526915555e-05,8.809074999816194e-05
C,FD,plus,frozen,main,33,0.125,2.5e-05,0.01,completed,0.01,0.01,v,3.065338972541021e-05,5.054020090054778e-06,2.2937922418475587e-05,5.045706479328747e-05
C,FD,plus,moving,combined,65,0.0625,1.25e-05,0.01,stopped,0.00885,0.0,u,1.4295707728706475e-08,1.4415305016215776e-09,0.0,2.7427248296829535e-08
C,FD,plus,moving,combined,65,0.0625,1.25e-05,0.01,stopped,0.00885,0.0,v,1.5362856764511434e-08,1.5248333541091955e-09,0.0,2.528772151574318e-08
C,FD,plus,moving,combined,65,0.0625,1.25e-05,0.01,stopped,0.00885,0.001,u,1.0287979113066115e-07,2.790425319027654e-08,9.797456085314238e-08,1.9738159380528425e-07
C,FD,plus,moving,combined,65,0.0625,1.25e-05,0.01,stopped,0.00885,0.001,v,8.103133197767676e-08,3.8173497673190417e-08,8.090965919471671e-08,1.3337999491310038e-07
C,FD,plus,moving,combined,65,0.0625,1.25e-05,0.01,stopped,0.00885,0.002,u,8.459779738956286e-07,8.760940469557193e-08,6.437356289690221e-07,1.6230639562595236e-06
C,FD,plus,moving,combined,65,0.0625,1.25e-05,0.01,stopped,0.00885,0.002,v,5.562626947952509e-07,9.420907078955355e-08,4.3815188044415976e-07,9.156250254232251e-07
C,FD,plus,moving,combined,65,0.0625,1.25e-05,0.01,stopped,0.00885,0.005,u,0.0007906844016905556,8.016703011844663e-05,0.00078758240871174,0.00151697962921065
C,FD,plus,moving,combined,65,0.0625,1.25e-05,0.01,stopped,0.00885,0.005,v,0.0005647804085375796,6.701119872839503e-05,0.0005584459946699205,0.0009296454368850042
C,FD,plus,moving,combined,65,0.0625,1.25e-05,0.01,stopped,0.00885,0.00885,u,84.23446289924566,4.390790054350516,16.474559530452733,161.60931469300064
C,FD,plus,moving,combined,65,0.0625,1.25e-05,0.01,stopped,0.00885,0.00885,v,95.30006143196934,7.425931977985742,12.40692683518998,156.8667501666639
C,FD,plus,moving,main,33,0.125,2.5e-05,0.01,completed,0.01,0.0,u,2.3511939828413375e-07,3.124550734447221e-08,0.0,4.510997766025259e-07
C,FD,plus,moving,main,33,0.125,2.5e-05,0.01,completed,0.01,0.0,v,2.5045814600055394e-07,3.30699454481746e-08,0.0,4.1226706129276175e-07
C,FD,plus,moving,main,33,0.125,2.5e-05,0.01,completed,0.01,0.001,u,2.7707520666719887e-07,1.0806624677086371e-07,2.772751905855131e-07,5.315961368641634e-07
C,FD,plus,moving,main,33,0.125,2.5e-05,0.01,completed,0.01,0.001,v,2.8263165896547093e-07,1.5091388583178098e-07,2.3687014127915518e-07,4.6522632755468467e-07
C,FD,plus,moving,main,33,0.125,2.5e-05,0.01,completed,0.01,0.002,u,5.542754977216902e-07,2.1748292161755853e-07,5.544295766379825e-07,1.063432260473682e-06
C,FD,plus,moving,main,33,0.125,2.5e-05,0.01,completed,0.01,0.002,v,5.364427346776779e-07,3.0057930667093615e-07,5.0534211237796e-07,8.830124845567204e-07
C,FD,plus,moving,main,33,0.125,2.5e-05,0.01,completed,0.01,0.005,u,2.9016101811274453e-06,6.080830857997259e-07,2.63941649009114e-06,5.567025579541614e-06
C,FD,plus,moving,main,33,0.125,2.5e-05,0.01,completed,0.01,0.005,v,2.0854000983838716e-06,7.850510314551717e-07,2.0024602608303965e-06,3.4326764128424613e-06
C,FD,plus,moving,main,33,0.125,2.5e-05,0.01,completed,0.01,0.01,u,4.487196390795534e-05,5.568743292364604e-06,3.268226575064981e-05,8.609129251910476e-05
C,FD,plus,moving,main,33,0.125,2.5e-05,0.01,completed,0.01,0.01,v,2.9987001508913202e-05,4.958864284734528e-06,2.24285310065353e-05,4.93601553252491e-05
C,FD,plus,moving,time_half,33,0.125,1.25e-05,0.01,completed,0.01,0.0,u,2.3511939828413375e-07,3.124550734447221e-08,0.0,4.510997766025259e-07
C,FD,plus,moving,time_half,33,0.125,1.25e-05,0.01,completed,0.01,0.0,v,2.5045814600055394e-07,3.30699454481746e-08,0.0,4.1226706129276175e-07
C,FD,plus,moving,time_half,33,0.125,1.25e-05,0.01,completed,0.01,0.001,u,2.770752063896431e-07,1.0806624700226725e-07,2.772751900859127e-07,5.315961363316452e-07
C,FD,plus,moving,time_half,33,0.125,1.25e-05,0.01,completed,0.01,0.001,v,2.8263165929853784e-07,1.5091388578601127e-07,2.3687014327755662e-07,4.6522632810293e-07
C,FD,plus,moving,time_half,33,0.125,1.25e-05,0.01,completed,0.01,0.002,u,5.54275497666179e-07,2.1748292172847165e-07,5.544295764159379e-07,1.0634322603671784e-06
C,FD,plus,moving,time_half,33,0.125,1.25e-05,0.01,completed,0.01,0.002,v,5.364427371201685e-07,3.005793066424054e-07,5.053421172629413e-07,8.830124885771863e-07
C,FD,plus,moving,time_half,33,0.125,1.25e-05,0.01,completed,0.01,0.005,u,2.9016102964796175e-06,6.080830915854232e-07,2.6394165730248e-06,5.567025800856144e-06
C,FD,plus,moving,time_half,33,0.125,1.25e-05,0.01,completed,0.01,0.005,v,2.0854001530068444e-06,7.850510339259106e-07,2.0024603011314923e-06,3.4326765027546994e-06
C,FD,plus,moving,time_half,33,0.125,1.25e-05,0.01,completed,0.01,0.01,u,4.487196624924916e-05,5.5687436167137315e-06,3.268226725766654e-05,8.60912970111081e-05
C,FD,plus,moving,time_half,33,0.125,1.25e-05,0.01,completed,0.01,0.01,v,2.9987003123066458e-05,4.958864548261227e-06,2.242853207645723e-05,4.9360157982228836e-05
C,FD,plus,moving,x_half,65,0.125,1.25e-05,0.01,stopped,0.008275000000000001,0.0,u,1.4173109352810798e-08,1.4416207788578108e-09,0.0,2.7192509463169907e-08
C,FD,plus,moving,x_half,65,0.125,1.25e-05,0.01,stopped,0.008275000000000001,0.0,v,1.5260914310033513e-08,1.5249478301746344e-09,0.0,2.5120254204965073e-08
C,FD,plus,moving,x_half,65,0.125,1.25e-05,0.01,stopped,0.008275000000000001,0.001,u,4.049765306990416e-07,1.098005884733573e-07,3.847291194514213e-07,7.769874534419967e-07
C,FD,plus,moving,x_half,65,0.125,1.25e-05,0.01,stopped,0.008275000000000001,0.001,v,3.263255189400738e-07,1.5332307467198973e-07,3.233571834737603e-07,5.371486807938046e-07
C,FD,plus,moving,x_half,65,0.125,1.25e-05,0.01,stopped,0.008275000000000001,0.002,u,3.2636809003672163e-06,3.378790223111603e-07,2.5095599109903333e-06,6.26169399803594e-06
C,FD,plus,moving,x_half,65,0.125,1.25e-05,0.01,stopped,0.008275000000000001,0.002,v,2.2226346891862647e-06,3.741306745884512e-07,1.7469565853911462e-06,3.6585716466820193e-06
C,FD,plus,moving,x_half,65,0.125,1.25e-05,0.01,stopped,0.008275000000000001,0.005,u,0.0029409495203949754,0.00029602065491446226,0.0029247332603291043,0.005642501985507184
C,FD,plus,moving,x_half,65,0.125,1.25e-05,0.01,stopped,0.008275000000000001,0.005,v,0.0022063021924000337,0.00025278324066929284,0.0021760910866183147,0.0036316875123020655
C,FD,plus,moving,x_half,65,0.125,1.25e-05,0.01,stopped,0.008275000000000001,0.008275000000000001,u,126.6887692068312,6.548402519143584,17.29074702895637,243.06491044259806
C,FD,plus,moving,x_half,65,0.125,1.25e-05,0.01,stopped,0.008275000000000001,0.008275000000000001,v,151.68613497996836,11.526165558019894,13.295782120780876,249.68322294819845
C,FD,plus,moving,y_half,33,0.0625,2.5e-05,0.01,completed,0.01,0.0,u,2.3664947546020443e-07,3.124308097076357e-08,0.0,4.5402746376298436e-07
C,FD,plus,moving,y_half,33,0.0625,2.5e-05,0.01,completed,0.01,0.0,v,2.516770146732128e-07,3.306704147077014e-08,0.0,4.1426789017987776e-07
C,FD,plus,moving,y_half,33,0.0625,2.5e-05,0.01,completed,0.01,0.001,u,2.344979674884229e-07,3.861844660138745e-08,7.709692007029645e-08,4.4989965529945753e-07
C,FD,plus,moving,y_half,33,0.0625,2.5e-05,0.01,completed,0.01,0.001,v,2.450556142452598e-07,4.6617201550935356e-08,6.29966704357443e-08,4.0336886712492816e-07
C,FD,plus,moving,y_half,33,0.0625,2.5e-05,0.01,completed,0.01,0.002,u,2.3227591883223653e-07,6.22392546662031e-08,1.5407639131215234e-07,4.4563650992901324e-07
C,FD,plus,moving,y_half,33,0.0625,2.5e-05,0.01,completed,0.01,0.002,v,2.355274680843067e-07,7.692601910389555e-08,1.3334541659748567e-07,3.876852536946404e-07
C,FD,plus,moving,y_half,33,0.0625,2.5e-05,0.01,completed,0.01,0.005,u,7.899445336745359e-07,1.651646371155682e-07,6.920045763636473e-07,1.5155601441339155e-06
C,FD,plus,moving,y_half,33,0.0625,2.5e-05,0.01,completed,0.01,0.005,v,5.422878555094712e-07,1.9250297543047734e-07,5.300757013326773e-07,8.926220221730479e-07
C,FD,plus,moving,y_half,33,0.0625,2.5e-05,0.01,completed,0.01,0.01,u,1.3864519697648348e-05,1.6323923065676318e-06,1.0382953196552691e-05,2.659998591745782e-05
C,FD,plus,moving,y_half,33,0.0625,2.5e-05,0.01,completed,0.01,0.01,v,8.854111664180486e-06,1.5751067080703793e-06,7.832367419524644e-06,1.4574132497954716e-05
C,FD,zero,frozen,main,33,0.125,2.5e-05,0.01,completed,0.01,0.0,u,2.524620504873454e-07,3.152301236304914e-08,0.0,4.8437336692156e-07
C,FD,zero,frozen,main,33,0.125,2.5e-05,0.01,completed,0.01,0.0,v,2.687704599990681e-07,3.3501495372818725e-08,0.0,4.424100771945925e-07
C,FD,zero,frozen,main,33,0.125,2.5e-05,0.01,completed,0.01,0.001,u,2.7780358324847043e-07,1.0804235673421747e-07,2.777689078747869e-07,5.329935992406919e-07
C,FD,zero,frozen,main,33,0.125,2.5e-05,0.01,completed,0.01,0.001,v,2.8774563720634916e-07,1.5105909072927632e-07,2.3735073195751966e-07,4.736442002194345e-07
C,FD,zero,frozen,main,33,0.125,2.5e-05,0.01,completed,0.01,0.002,u,5.555574246751682e-07,2.1735262376762724e-07,5.555179810601274e-07,1.0658917638857988e-06
C,FD,zero,frozen,main,33,0.125,2.5e-05,0.01,completed,0.01,0.002,v,5.407370918808496e-07,3.0068197023443047e-07,5.042015379652653e-07,8.900812186049597e-07
C,FD,zero,frozen,main,33,0.125,2.5e-05,0.01,completed,0.01,0.005,u,2.7413849546520375e-06,6.014534221524575e-07,2.525823859511611e-06,5.259617665109132e-06
C,FD,zero,frozen,main,33,0.125,2.5e-05,0.01,completed,0.01,0.005,v,1.9956462831149935e-06,7.822833330037412e-07,1.9404226099251076e-06,3.2849369911003875e-06
C,FD,zero,frozen,main,33,0.125,2.5e-05,0.01,completed,0.01,0.01,u,3.93986425789028e-05,4.837417210538586e-06,2.917660808032796e-05,7.559018522286321e-05
C,FD,zero,frozen,main,33,0.125,2.5e-05,0.01,completed,0.01,0.01,v,2.611511013361767e-05,4.375009746487728e-06,1.982574090542144e-05,4.2986821878413035e-05
C,FD,zero,moving,combined,65,0.0625,1.25e-05,0.01,stopped,0.00945,0.0,u,1.5314226442519896e-08,1.4497733094193297e-09,0.0,2.938134292361272e-08
C,FD,zero,moving,combined,65,0.0625,1.25e-05,0.01,stopped,0.00945,0.0,v,1.645432801122837e-08,1.539525767037951e-09,0.0,2.708431581799414e-08
C,FD,zero,moving,combined,65,0.0625,1.25e-05,0.01,stopped,0.00945,0.001,u,9.88303228699472e-08,2.7841405038077265e-08,9.476378282080589e-08,1.896124246557425e-07
C,FD,zero,moving,combined,65,0.0625,1.25e-05,0.01,stopped,0.00945,0.001,v,7.92748344746741e-08,3.815666209297433e-08,7.922868616727641e-08,1.304887475116642e-07
C,FD,zero,moving,combined,65,0.0625,1.25e-05,0.01,stopped,0.00945,0.002,u,7.603696078328781e-07,8.179605173491751e-08,5.884518059495747e-07,1.4588187186785935e-06
C,FD,zero,moving,combined,65,0.0625,1.25e-05,0.01,stopped,0.00945,0.002,v,4.998949245660356e-07,9.074078652789754e-08,4.021293135147985e-07,8.22841990479325e-07
C,FD,zero,moving,combined,65,0.0625,1.25e-05,0.01,stopped,0.00945,0.005,u,0.0005577606627829024,5.667061020620869e-05,0.0005519388092368738,0.001070100234186522
C,FD,zero,moving,combined,65,0.0625,1.25e-05,0.01,stopped,0.00945,0.005,v,0.0003934544441588361,4.748905378400745e-05,0.0003874376822350367,0.0006476377776302589
C,FD,zero,moving,combined,65,0.0625,1.25e-05,0.01,stopped,0.00945,0.00945,u,308.7030320971902,17.417001582144398,35.570768960305195,592.2669147965216
C,FD,zero,moving,combined,65,0.0625,1.25e-05,0.01,stopped,0.00945,0.00945,v,284.2152143273385,23.27042071602942,27.856504300411437,467.82673955858894
C,FD,zero,moving,main,33,0.125,2.5e-05,0.01,completed,0.01,0.0,u,2.524620504873454e-07,3.152301236304914e-08,0.0,4.8437336692156e-07
C,FD,zero,moving,main,33,0.125,2.5e-05,0.01,completed,0.01,0.0,v,2.687704599990681e-07,3.3501495372818725e-08,0.0,4.424100771945925e-07
C,FD,zero,moving,main,33,0.125,2.5e-05,0.01,completed,0.01,0.001,u,2.776508578605785e-07,1.0800109295840047e-07,2.776216817546029e-07,5.327005805069663e-07
C,FD,zero,moving,main,33,0.125,2.5e-05,0.01,completed,0.01,0.001,v,2.87855790426228e-07,1.5110910440836153e-07,2.3734355758531223e-07,4.738255181161632e-07
C,FD,zero,moving,main,33,0.125,2.5e-05,0.01,completed,0.01,0.002,u,5.552606737735388e-07,2.1726096940693458e-07,5.552338109837684e-07,1.0653224179857645e-06
C,FD,zero,moving,main,33,0.125,2.5e-05,0.01,completed,0.01,0.002,v,5.408935311868035e-07,3.0077913934061797e-07,5.041283421824971e-07,8.903387257931513e-07
C,FD,zero,moving,main,33,0.125,2.5e-05,0.01,completed,0.01,0.005,u,2.7282852625432064e-06,6.007839498425124e-07,2.5151537915713007e-06,5.2344846125963215e-06
C,FD,zero,moving,main,33,0.125,2.5e-05,0.01,completed,0.01,0.005,v,1.987775237966005e-06,7.822788944066461e-07,1.934432416361709e-06,3.2719808437173076e-06
C,FD,zero,moving,main,33,0.125,2.5e-05,0.01,completed,0.01,0.01,u,3.853024383693171e-05,4.742159654211303e-06,2.8515991114530514e-05,7.392407650804048e-05
C,FD,zero,moving,main,33,0.125,2.5e-05,0.01,completed,0.01,0.01,v,2.5545148621075597e-05,4.2966996879842964e-06,1.93934708638821e-05,4.204863575199662e-05
C,FD,zero,moving,time_half,33,0.125,1.25e-05,0.01,completed,0.01,0.0,u,2.524620504873454e-07,3.152301236304914e-08,0.0,4.8437336692156e-07
C,FD,zero,moving,time_half,33,0.125,1.25e-05,0.01,completed,0.01,0.0,v,2.687704599990681e-07,3.3501495372818725e-08,0.0,4.424100771945925e-07
C,FD,zero,moving,time_half,33,0.125,1.25e-05,0.01,completed,0.01,0.001,u,2.7765085885977925e-07,1.0800109307712344e-07,2.776216831978928e-07,5.327005824240315e-07
C,FD,zero,moving,time_half,33,0.125,1.25e-05,0.01,completed,0.01,0.001,v,2.878557912033841e-07,1.5110910435872763e-07,2.3734355902860216e-07,4.7382551939540234e-07
C,FD,zero,moving,time_half,33,0.125,1.25e-05,0.01,completed,0.01,0.002,u,5.552606742731392e-07,2.1726096954552725e-07,5.55233811927458e-07,1.065322418944297e-06
C,FD,zero,moving,time_half,33,0.125,1.25e-05,0.01,completed,0.01,0.002,v,5.408935330741826e-07,3.0077913932053815e-07,5.041283468454338e-07,8.90338728899875e-07
C,FD,zero,moving,time_half,33,0.125,1.25e-05,0.01,completed,0.01,0.005,u,2.7282853620747005e-06,6.007839543599969e-07,2.51515386290313e-06,5.234484803557319e-06
C,FD,zero,moving,time_half,33,0.125,1.25e-05,0.01,completed,0.01,0.005,v,1.9877752868158183e-06,7.822788963702649e-07,1.934432452443957e-06,3.2719809241266264e-06
C,FD,zero,moving,time_half,33,0.125,1.25e-05,0.01,completed,0.01,0.01,u,3.8530245665080454e-05,4.742159903854024e-06,2.851599231307178e-05,7.392408001552432e-05
C,FD,zero,moving,time_half,33,0.125,1.25e-05,0.01,completed,0.01,0.01,v,2.5545149737071782e-05,4.296699890747089e-06,1.939347167723149e-05,4.204863758898405e-05
C,FD,zero,moving,x_half,65,0.125,1.25e-05,0.01,stopped,0.00885,0.0,u,1.5182922474821225e-08,1.449818471920546e-09,0.0,2.912993562653017e-08
C,FD,zero,moving,x_half,65,0.125,1.25e-05,0.01,stopped,0.00885,0.0,v,1.6345080400270717e-08,1.539593451829853e-09,0.0,2.6904847659451343e-08
C,FD,zero,moving,x_half,65,0.125,1.25e-05,0.01,stopped,0.00885,0.001,u,3.8977150190744325e-07,1.0957241248105158e-07,3.7199924374231585e-07,7.478151046643933e-07
C,FD,zero,moving,x_half,65,0.125,1.25e-05,0.01,stopped,0.00885,0.001,v,3.1772273834107523e-07,1.5322951713224603e-07,3.160940494906228e-07,5.229880590167527e-07
C,FD,zero,moving,x_half,65,0.125,1.25e-05,0.01,stopped,0.00885,0.002,u,2.9357591946332917e-06,3.1649193581264153e-07,2.291932154341314e-06,5.632543833144271e-06
C,FD,zero,moving,x_half,65,0.125,1.25e-05,0.01,stopped,0.00885,0.002,v,2.003072527845262e-06,3.612766585534065e-07,1.6018269276552033e-06,3.2971609739904544e-06
C,FD,zero,moving,x_half,65,0.125,1.25e-05,0.01,stopped,0.00885,0.005,u,0.0020763819412561446,0.00021016883732079218,0.002052521609042679,0.0039837437347906525
C,FD,zero,moving,x_half,65,0.125,1.25e-05,0.01,stopped,0.00885,0.005,v,0.001539464700518578,0.00017977340970583148,0.001513135096035123,0.002534038513745654
C,FD,zero,moving,x_half,65,0.125,1.25e-05,0.01,stopped,0.00885,0.00885,u,212.48535410266555,11.883618608149188,32.68278726565719,407.67412840682357
C,FD,zero,moving,x_half,65,0.125,1.25e-05,0.01,stopped,0.00885,0.00885,v,217.47156555967254,17.721233556485483,25.970907422062023,357.96944391588715
C,FD,zero,moving,y_half,33,0.0625,2.5e-05,0.01,completed,0.01,0.0,u,2.5408308657048906e-07,3.152160238887824e-08,0.0,4.874749844948179e-07
C,FD,zero,moving,y_half,33,0.0625,2.5e-05,0.01,completed,0.01,0.0,v,2.7005983205263817e-07,3.349962133076831e-08,0.0,4.4452655715121277e-07
C,FD,zero,moving,y_half,33,0.0625,2.5e-05,0.01,completed,0.01,0.001,u,2.518472097534641e-07,3.874375962193905e-08,7.75095303495732e-08,4.831853088953002e-07
C,FD,zero,moving,y_half,33,0.0625,2.5e-05,0.01,completed,0.01,0.001,v,2.6375163675318447e-07,4.713517723453534e-08,6.379402162082215e-08,4.3414307910121884e-07
C,FD,zero,moving,y_half,33,0.0625,2.5e-05,0.01,completed,0.01,0.002,u,2.495327265927827e-07,6.21850710623058e-08,1.549847428172768e-07,4.787448218951799e-07
C,FD,zero,moving,y_half,33,0.0625,2.5e-05,0.01,completed,0.01,0.002,v,2.560976277710125e-07,7.747338518892918e-08,1.3425159450797253e-07,4.215443514956037e-07
C,FD,zero,moving,y_half,33,0.0625,2.5e-05,0.01,completed,0.01,0.005,u,7.269852445035418e-07,1.6208945694714563e-07,6.545581476280482e-07,1.3947686387775738e-06
C,FD,zero,moving,y_half,33,0.0625,2.5e-05,0.01,completed,0.01,0.005,v,5.192503904627443e-07,1.920270462231978e-07,5.150257835762062e-07,8.547016659879902e-07
C,FD,zero,moving,y_half,33,0.0625,2.5e-05,0.01,completed,0.01,0.01,u,1.1664687863066625e-05,1.3313521858350082e-06,8.368050903817537e-06,2.2379464969258337e-05
C,FD,zero,moving,y_half,33,0.0625,2.5e-05,0.01,completed,0.01,0.01,v,7.557684097658779e-06,1.3462002375775245e-06,6.60546446284993e-06,1.2440173966019127e-05
C,SD,fixed,fixed,combined,65,0.0625,1.25e-05,0.01,completed,0.01,0.0,u,1.567302820859595e-08,1.3809292753236798e-09,0.0,3.0069727529276405e-08
C,SD,fixed,fixed,combined,65,0.0625,1.25e-05,0.01,completed,0.01,0.0,v,1.683879635727692e-08,1.4721323018355068e-09,0.0,2.7717162209490344e-08
C,SD,fixed,fixed,combined,65,0.0625,1.25e-05,0.01,completed,0.01,0.001,u,2.740273295498419e-07,8.566549766280815e-08,2.730739568357343e-07,5.257393163255935e-07
C,SD,fixed,fixed,combined,65,0.0625,1.25e-05,0.01,completed,0.01,0.001,v,1.516229969911187e-07,6.665792843579448e-08,1.5080692827851294e-07,2.495759859032774e-07
C,SD,fixed,fixed,combined,65,0.0625,1.25e-05,0.01,completed,0.01,0.002,u,1.542710497737243e-06,2.0859043532302846e-07,1.2788991460843668e-06,2.9597907759823377e-06
C,SD,fixed,fixed,combined,65,0.0625,1.25e-05,0.01,completed,0.01,0.002,v,8.406044168518534e-07,1.7255113302545482e-07,6.560980617686951e-07,1.3836600004862032e-06
C,SD,fixed,fixed,combined,65,0.0625,1.25e-05,0.01,completed,0.01,0.005,u,0.0009698957440128497,0.00010268931664321098,0.0009584681160327291,0.0018608082858088514
C,SD,fixed,fixed,combined,65,0.0625,1.25e-05,0.01,completed,0.01,0.005,v,0.0006376386232933573,8.752939891094984e-05,0.0006236130524431838,0.001049572236510862
C,SD,fixed,fixed,combined,65,0.0625,1.25e-05,0.01,completed,0.01,0.01,u,77.1920333643676,9.18265005738278,69.60158829659672,148.09795400127618
C,SD,fixed,fixed,combined,65,0.0625,1.25e-05,0.01,completed,0.01,0.01,v,63.690511695435966,7.661927542456279,59.510427632002724,104.83648631482819
C,SD,fixed,fixed,main,33,0.125,2.5e-05,0.01,completed,0.01,0.0,u,2.597522865688262e-07,2.999216273084087e-08,0.0,4.983604045362169e-07
C,SD,fixed,fixed,main,33,0.125,2.5e-05,0.01,completed,0.01,0.0,v,2.764963982215818e-07,3.204407505860348e-08,0.0,4.5512737107218147e-07
C,SD,fixed,fixed,main,33,0.125,2.5e-05,0.01,completed,0.01,0.001,u,8.687968416909442e-07,3.353932646338403e-07,8.556202988341255e-07,1.6668725084356937e-06
C,SD,fixed,fixed,main,33,0.125,2.5e-05,0.01,completed,0.01,0.001,v,4.71174582239442e-07,2.5755344422215776e-07,4.3121166604098704e-07,7.75577730162028e-07
C,SD,fixed,fixed,main,33,0.125,2.5e-05,0.01,completed,0.01,0.002,u,1.791981740606463e-06,6.672415335321127e-07,1.7480359933430556e-06,3.438093873847459e-06
C,SD,fixed,fixed,main,33,0.125,2.5e-05,0.01,completed,0.01,0.002,v,9.597832623109426e-07,5.164825310406182e-07,9.436717032240693e-07,1.5798528869970834e-06
C,SD,fixed,fixed,main,33,0.125,2.5e-05,0.01,completed,0.01,0.005,u,6.465559283352906e-06,1.7379156927814725e-06,6.349146078610257e-06,1.2404813765328955e-05
C,SD,fixed,fixed,main,33,0.125,2.5e-05,0.01,completed,0.01,0.005,v,3.746398740511747e-06,1.3617227022349055e-06,3.5675012068914214e-06,6.166766079863363e-06
C,SD,fixed,fixed,main,33,0.125,2.5e-05,0.01,completed,0.01,0.01,u,6.976621712739828e-05,9.484460005134622e-06,5.425679302029085e-05,0.00013385337488206915
C,SD,fixed,fixed,main,33,0.125,2.5e-05,0.01,completed,0.01,0.01,v,4.5503836671123565e-05,8.242579975887234e-06,3.497785390405017e-05,7.490166848838858e-05
C,SD,fixed,fixed,time_half,33,0.125,1.25e-05,0.01,completed,0.01,0.0,u,2.597522865688262e-07,2.999216273084087e-08,0.0,4.983604045362169e-07
C,SD,fixed,fixed,time_half,33,0.125,1.25e-05,0.01,completed,0.01,0.0,v,2.764963982215818e-07,3.204407505860348e-08,0.0,4.5512737107218147e-07
C,SD,fixed,fixed,time_half,33,0.125,1.25e-05,0.01,completed,0.01,0.001,u,8.687968424681003e-07,3.353932646390169e-07,8.556203028864395e-07,1.6668725099267445e-06
C,SD,fixed,fixed,time_half,33,0.125,1.25e-05,0.01,completed,0.01,0.001,v,4.7117458251699773e-07,2.575534441936489e-07,4.3121166726223237e-07,7.755777306188992e-07
C,SD,fixed,fixed,time_half,33,0.125,1.25e-05,0.01,completed,0.01,0.002,u,1.7919817366096602e-06,6.672415334886123e-07,1.748035983240026e-06,3.438093866179198e-06
C,SD,fixed,fixed,time_half,33,0.125,1.25e-05,0.01,completed,0.01,0.002,v,9.597832650865001e-07,5.164825309619257e-07,9.436717062216715e-07,1.5798528915657947e-06
C,SD,fixed,fixed,time_half,33,0.125,1.25e-05,0.01,completed,0.01,0.005,u,6.46555920347236e-06,1.7379156906411574e-06,6.349146012718521e-06,1.240481361207024e-05
C,SD,fixed,fixed,time_half,33,0.125,1.25e-05,0.01,completed,0.01,0.005,v,3.7463987506147767e-06,1.3617227003111806e-06,3.567501214774005e-06,6.166766096493472e-06
C,SD,fixed,fixed,time_half,33,0.125,1.25e-05,0.01,completed,0.01,0.01,u,6.976621555165874e-05,9.484459822091193e-06,5.425679198883815e-05,0.00013385337185885729
C,SD,fixed,fixed,time_half,33,0.125,1.25e-05,0.01,completed,0.01,0.01,v,4.5503835469973275e-05,8.242579844607201e-06,3.497785303696599e-05,7.490166651123308e-05
C,SD,fixed,fixed,x_half,65,0.125,1.25e-05,0.01,stopped,0.009825,0.0,u,1.5538895281608234e-08,1.3809206116012966e-09,0.0,2.981290459799776e-08
C,SD,fixed,fixed,x_half,65,0.125,1.25e-05,0.01,stopped,0.009825,0.0,v,1.6727228713264708e-08,1.4721461011185177e-09,0.0,2.7533883546252447e-08
C,SD,fixed,fixed,x_half,65,0.125,1.25e-05,0.01,stopped,0.009825,0.001,u,1.0628664283696132e-06,3.3542251830456933e-07,1.0591833831674613e-06,2.039214169034439e-06
C,SD,fixed,fixed,x_half,65,0.125,1.25e-05,0.01,stopped,0.009825,0.001,v,6.077047918773282e-07,2.6505876718203457e-07,6.030068332441019e-07,1.0003135161762372e-06
C,SD,fixed,fixed,x_half,65,0.125,1.25e-05,0.01,stopped,0.009825,0.002,u,6.026020315630376e-06,8.19808139347955e-07,4.969311815095079e-06,1.1561514864452523e-05
C,SD,fixed,fixed,x_half,65,0.125,1.25e-05,0.01,stopped,0.009825,0.002,v,3.3570915501379694e-06,6.867407622955823e-07,2.610558916704697e-06,5.525946310658555e-06
C,SD,fixed,fixed,x_half,65,0.125,1.25e-05,0.01,stopped,0.009825,0.005,u,0.003842893990455565,0.00040544304066517854,0.0037961027151495186,0.00737297149130496
C,SD,fixed,fixed,x_half,65,0.125,1.25e-05,0.01,stopped,0.009825,0.005,v,0.0025539341310327757,0.0003489159789839344,0.0025008023326322792,0.004203907661816824
C,SD,fixed,fixed,x_half,65,0.125,1.25e-05,0.01,stopped,0.009825,0.009825,u,509.1306409904501,49.682284120792936,374.13548486853836,976.8173961331173
C,SD,fixed,fixed,x_half,65,0.125,1.25e-05,0.01,stopped,0.009825,0.009825,v,421.1302284235034,44.301425017878586,307.71853485600826,693.2021356307702
C,SD,fixed,fixed,y_half,33,0.0625,2.5e-05,0.01,completed,0.01,0.0,u,2.614122089905635e-07,2.9991981517976905e-08,0.0,5.015363841980021e-07
C,SD,fixed,fixed,y_half,33,0.0625,2.5e-05,0.01,completed,0.01,0.0,v,2.7781545919314254e-07,3.2043364136443245e-08,0.0,4.572925512833758e-07
C,SD,fixed,fixed,y_half,33,0.0625,2.5e-05,0.01,completed,0.01,0.001,u,2.5864597330560457e-07,9.314551751765303e-08,2.445033028264376e-07,4.962291804961128e-07
C,SD,fixed,fixed,y_half,33,0.0625,2.5e-05,0.01,completed,0.01,0.001,v,2.940509752358267e-07,6.85229207743756e-08,1.0750696777250823e-07,4.840166960596376e-07
C,SD,fixed,fixed,y_half,33,0.0625,2.5e-05,0.01,completed,0.01,0.002,u,4.875861054909336e-07,1.7480252951960926e-07,4.836729167179143e-07,9.354657660305988e-07
C,SD,fixed,fixed,y_half,33,0.0625,2.5e-05,0.01,completed,0.01,0.002,v,3.4516224589609124e-07,1.286175192228322e-07,2.3505879942486985e-07,5.681473755669948e-07
C,SD,fixed,fixed,y_half,33,0.0625,2.5e-05,0.01,completed,0.01,0.005,u,1.6219513623294546e-06,4.4214389396393244e-07,1.617105205853342e-06,3.1118195464126274e-06
C,SD,fixed,fixed,y_half,33,0.0625,2.5e-05,0.01,completed,0.01,0.005,v,9.427594367394931e-07,3.348303458686453e-07,8.940699576243105e-07,1.5518102172037898e-06
C,SD,fixed,fixed,y_half,33,0.0625,2.5e-05,0.01,completed,0.01,0.01,u,1.5381455198082428e-05,2.223875565666367e-06,1.253487196367642e-05,2.9510325678890916e-05
C,SD,fixed,fixed,y_half,33,0.0625,2.5e-05,0.01,completed,0.01,0.01,v,1.3047984736558327e-05,1.9057953812650518e-06,9.721143275909228e-06,2.147737295331398e-05
C,SD,minus,frozen,main,33,0.125,2.5e-05,0.01,completed,0.01,0.0,u,2.715234782568743e-07,3.2045295947797097e-08,0.0,5.209445978421519e-07
C,SD,minus,frozen,main,33,0.125,2.5e-05,0.01,completed,0.01,0.0,v,2.889640676739802e-07,3.419829370379223e-08,0.0,4.7564979978287895e-07
C,SD,minus,frozen,main,33,0.125,2.5e-05,0.01,completed,0.01,0.001,u,8.582994032724223e-07,3.3519033782398553e-07,8.514676955728717e-07,1.6467321365223078e-06
C,SD,minus,frozen,main,33,0.125,2.5e-05,0.01,completed,0.01,0.001,v,4.766411838552642e-07,2.582233081374586e-07,4.315177596359021e-07,7.845760391386037e-07
C,SD,minus,frozen,main,33,0.125,2.5e-05,0.01,completed,0.01,0.002,u,1.7731722353198087e-06,6.666580411586197e-07,1.7411596610616975e-06,3.4020059810800575e-06
C,SD,minus,frozen,main,33,0.125,2.5e-05,0.01,completed,0.01,0.002,v,9.603093881205282e-07,5.172715655981664e-07,9.39000587396599e-07,1.580718917289377e-06
C,SD,minus,frozen,main,33,0.125,2.5e-05,0.01,completed,0.01,0.005,u,6.388243768862267e-06,1.7332379528168485e-06,6.253271697620466e-06,1.2256476318188634e-05
C,SD,minus,frozen,main,33,0.125,2.5e-05,0.01,completed,0.01,0.005,v,3.5819398424008497e-06,1.359212847712496e-06,3.452642727497235e-06,5.896058228231037e-06
C,SD,minus,frozen,main,33,0.125,2.5e-05,0.01,completed,0.01,0.01,u,6.650799936813723e-05,9.016504296213878e-06,5.150944617893227e-05,0.00012760216245956684
C,SD,minus,frozen,main,33,0.125,2.5e-05,0.01,completed,0.01,0.01,v,4.331111851396674e-05,7.7103319857308e-06,3.3163535963498525e-05,7.129234100062412e-05
C,SD,minus,moving,combined,65,0.0625,1.25e-05,0.01,stopped,0.009475,0.0,u,1.640267155433861e-08,1.4682222365631516e-09,0.0,3.146959590876405e-08
C,SD,minus,moving,combined,65,0.0625,1.25e-05,0.01,stopped,0.009475,0.0,v,1.762044654629591e-08,1.565490978546475e-09,0.0,2.9003781788493418e-08
C,SD,minus,moving,combined,65,0.0625,1.25e-05,0.01,stopped,0.009475,0.001,u,2.700541784084187e-07,8.557760294578367e-08,2.6896030719258945e-07,5.18116566550301e-07
C,SD,minus,moving,combined,65,0.0625,1.25e-05,0.01,stopped,0.009475,0.001,v,1.472599810425912e-07,6.661514602106239e-08,1.4667004688551089e-07,2.423943312171531e-07
C,SD,minus,moving,combined,65,0.0625,1.25e-05,0.01,stopped,0.009475,0.002,u,1.4518095758364602e-06,2.0300807311369415e-07,1.211387812727338e-06,2.7853914246038056e-06
C,SD,minus,moving,combined,65,0.0625,1.25e-05,0.01,stopped,0.009475,0.002,v,7.819725571511782e-07,1.662390624188295e-07,6.010748779816666e-07,1.2871502065860353e-06
C,SD,minus,moving,combined,65,0.0625,1.25e-05,0.01,stopped,0.009475,0.005,u,0.0007753815976967449,8.2067071264755e-05,0.0007669690904257842,0.0014876202010003798
C,SD,minus,moving,combined,65,0.0625,1.25e-05,0.01,stopped,0.009475,0.005,v,0.0005053865446176253,6.892448997363651e-05,0.0004966972639059986,0.0008318813612593525
C,SD,minus,moving,combined,65,0.0625,1.25e-05,0.01,stopped,0.009475,0.009475,u,25.98697813440477,2.6803508477517552,24.75506421371617,49.857713609054855
C,SD,minus,moving,combined,65,0.0625,1.25e-05,0.01,stopped,0.009475,0.009475,v,27.04374851959589,2.1973698159851516,25.929218518247595,44.51481855152746
C,SD,minus,moving,main,33,0.125,2.5e-05,0.01,completed,0.01,0.0,u,2.715234782568743e-07,3.2045295947797097e-08,0.0,5.209445978421519e-07
C,SD,minus,moving,main,33,0.125,2.5e-05,0.01,completed,0.01,0.0,v,2.889640676739802e-07,3.419829370379223e-08,0.0,4.7564979978287895e-07
C,SD,minus,moving,main,33,0.125,2.5e-05,0.01,completed,0.01,0.001,u,8.583818961183098e-07,3.352226278579422e-07,8.515308679846179e-07,1.6468904071908394e-06
C,SD,minus,moving,main,33,0.125,2.5e-05,0.01,completed,0.01,0.001,v,4.765921879923418e-07,2.5827730978585677e-07,4.3149703676803597e-07,7.844953894143081e-07
C,SD,minus,moving,main,33,0.125,2.5e-05,0.01,completed,0.01,0.002,u,1.773123269765975e-06,6.667127941129204e-07,1.7411544146472835e-06,3.401912035831146e-06
C,SD,minus,moving,main,33,0.125,2.5e-05,0.01,completed,0.01,0.002,v,9.603188466655865e-07,5.173787744640497e-07,9.390812389931114e-07,1.5807344865437118e-06
C,SD,minus,moving,main,33,0.125,2.5e-05,0.01,completed,0.01,0.005,u,6.372105614771417e-06,1.7329419611413804e-06,6.237809176967701e-06,1.2225513676406258e-05
C,SD,minus,moving,main,33,0.125,2.5e-05,0.01,completed,0.01,0.005,v,3.591463520358218e-06,1.3592524923757464e-06,3.460303034885648e-06,5.911734694686132e-06
C,SD,minus,moving,main,33,0.125,2.5e-05,0.01,completed,0.01,0.01,u,6.511738303538461e-05,8.890194616478572e-06,5.044904945128437e-05,0.00012493412774349272
C,SD,minus,moving,main,33,0.125,2.5e-05,0.01,completed,0.01,0.01,v,4.235991095369318e-05,7.630804974231423e-06,3.240107194091291e-05,6.972660416269125e-05
C,SD,minus,moving,time_half,33,0.125,1.25e-05,0.01,completed,0.01,0.0,u,2.715234782568743e-07,3.2045295947797097e-08,0.0,5.209445978421519e-07
C,SD,minus,moving,time_half,33,0.125,1.25e-05,0.01,completed,0.01,0.0,v,2.889640676739802e-07,3.419829370379223e-08,0.0,4.7564979978287895e-07
C,SD,minus,moving,time_half,33,0.125,1.25e-05,0.01,completed,0.01,0.001,u,8.583818955076872e-07,3.3522262780948007e-07,8.51530866208261e-07,1.6468904060192994e-06
C,SD,minus,moving,time_half,33,0.125,1.25e-05,0.01,completed,0.01,0.001,v,4.7659218804785297e-07,2.582773097351113e-07,4.314970372121252e-07,7.844953895056823e-07
C,SD,minus,moving,time_half,33,0.125,1.25e-05,0.01,completed,0.01,0.002,u,1.7731232656026386e-06,6.667127939238506e-07,1.74115440532141e-06,3.4019120278433743e-06
C,SD,minus,moving,time_half,33,0.125,1.25e-05,0.01,completed,0.01,0.002,v,9.603188603213297e-07,5.173787745023354e-07,9.390812540921445e-07,1.5807345090217714e-06
C,SD,minus,moving,time_half,33,0.125,1.25e-05,0.01,completed,0.01,0.005,u,6.372105541718742e-06,1.7329419591394693e-06,6.2378091168491245e-06,1.222551353624749e-05
C,SD,minus,moving,time_half,33,0.125,1.25e-05,0.01,completed,0.01,0.005,v,3.591463573537901e-06,1.3592524910129467e-06,3.4603030807378587e-06,5.91173478222264e-06
C,SD,minus,moving,time_half,33,0.125,1.25e-05,0.01,completed,0.01,0.01,u,6.511738168257786e-05,8.890194459163374e-06,5.0449048559164655e-05,0.0001249341251479994
C,SD,minus,moving,time_half,33,0.125,1.25e-05,0.01,completed,0.01,0.01,v,4.2359909952827124e-05,7.630804857442526e-06,3.240107121504909e-05,6.972660251521395e-05
C,SD,minus,moving,x_half,65,0.125,1.25e-05,0.01,stopped,0.00885,0.0,u,1.6262082458418092e-08,1.468213028953092e-09,0.0,3.120041058976838e-08
C,SD,minus,moving,x_half,65,0.125,1.25e-05,0.01,stopped,0.00885,0.0,v,1.7503401728014012e-08,1.5655021644817352e-09,0.0,2.8811504469968506e-08
C,SD,minus,moving,x_half,65,0.125,1.25e-05,0.01,stopped,0.00885,0.001,u,1.0488946486364448e-06,3.3514183103320734e-07,1.0453103707619427e-06,2.0124079303218193e-06
C,SD,minus,moving,x_half,65,0.125,1.25e-05,0.01,stopped,0.00885,0.001,v,5.898235306833755e-07,2.6477375973651477e-07,5.853747389039654e-07,9.708800354835273e-07
C,SD,minus,moving,x_half,65,0.125,1.25e-05,0.01,stopped,0.00885,0.002,u,5.662894213942504e-06,7.966420103704431e-07,4.719978593414886e-06,1.0864821590544128e-05
C,SD,minus,moving,x_half,65,0.125,1.25e-05,0.01,stopped,0.00885,0.002,v,3.0944961950662986e-06,6.602770376598198e-07,2.3843725736050203e-06,5.093700775533147e-06
C,SD,minus,moving,x_half,65,0.125,1.25e-05,0.01,stopped,0.00885,0.005,u,0.003057533923811806,0.000322269033877626,0.003023127494206912,0.005866180672678357
C,SD,minus,moving,x_half,65,0.125,1.25e-05,0.01,stopped,0.00885,0.005,v,0.0020118613356707726,0.0002734261842071918,0.0019787295720781195,0.003311627806203139
C,SD,minus,moving,x_half,65,0.125,1.25e-05,0.01,stopped,0.00885,0.00885,u,27.309590427599783,2.7427167786419764,26.0039034367013,52.39614523897866
C,SD,minus,moving,x_half,65,0.125,1.25e-05,0.01,stopped,0.00885,0.00885,v,26.10921243732057,2.212383900607636,25.00859668717854,42.9771139652961
C,SD,minus,moving,y_half,33,0.0625,2.5e-05,0.01,completed,0.01,0.0,u,2.732578372466321e-07,3.204510585193551e-08,0.0,5.242629951204353e-07
C,SD,minus,moving,y_half,33,0.0625,2.5e-05,0.01,completed,0.01,0.0,v,2.903435758483397e-07,3.419766155049613e-08,0.0,4.779142058330168e-07
C,SD,minus,moving,y_half,33,0.0625,2.5e-05,0.01,completed,0.01,0.001,u,2.7089171117378186e-07,9.34806278088819e-08,2.2872028548892587e-07,5.197234278228086e-07
C,SD,minus,moving,y_half,33,0.0625,2.5e-05,0.01,completed,0.01,0.001,v,3.0971238129673395e-07,7.008339528413122e-08,1.089854674285462e-07,5.097958386425497e-07
C,SD,minus,moving,y_half,33,0.0625,2.5e-05,0.01,completed,0.01,0.002,u,4.606477986279778e-07,1.7458571322190182e-07,4.586845077092505e-07,8.837828661666877e-07
C,SD,minus,moving,y_half,33,0.0625,2.5e-05,0.01,completed,0.01,0.002,v,3.642307762063979e-07,1.3018191544084352e-07,2.373165640667807e-07,5.995347465223392e-07
C,SD,minus,moving,y_half,33,0.0625,2.5e-05,0.01,completed,0.01,0.005,u,1.6315577071601695e-06,4.411305947900948e-07,1.599533946960996e-06,3.1302499459351294e-06
C,SD,minus,moving,y_half,33,0.0625,2.5e-05,0.01,completed,0.01,0.005,v,9.828089461150213e-07,3.374029313573821e-07,8.857357930436294e-07,1.617732906938814e-06
C,SD,minus,moving,y_half,33,0.0625,2.5e-05,0.01,completed,0.01,0.01,u,1.5490698958620097e-05,2.2693345178397533e-06,1.2100547076454582e-05,2.9719916963352438e-05
C,SD,minus,moving,y_half,33,0.0625,2.5e-05,0.01,completed,0.01,0.01,v,1.3020708390154567e-05,1.9080883052113206e-06,9.509304515820105e-06,2.1432475271691473e-05
C,SD,plus,frozen,main,33,0.125,2.5e-05,0.01,completed,0.01,0.0,u,2.3511939828413375e-07,3.124550734447221e-08,0.0,4.510997766025259e-07
C,SD,plus,frozen,main,33,0.125,2.5e-05,0.01,completed,0.01,0.0,v,2.5045814600055394e-07,3.30699454481746e-08,0.0,4.1226706129276175e-07
C,SD,plus,frozen,main,33,0.125,2.5e-05,0.01,completed,0.01,0.001,u,8.612523290096874e-07,3.353487216164275e-07,8.534398431292445e-07,1.6523976160621727e-06
C,SD,plus,frozen,main,33,0.125,2.5e-05,0.01,completed,0.01,0.001,v,4.797609599038744e-07,2.5791341101530186e-07,4.3112081515861433e-07,7.897113518604715e-07
C,SD,plus,frozen,main,33,0.125,2.5e-05,0.01,completed,0.01,0.002,u,1.787575288958454e-06,6.673972579598949e-07,1.754087104288704e-06,3.429639661355708e-06
C,SD,plus,frozen,main,33,0.125,2.5e-05,0.01,completed,0.01,0.002,v,9.595004061835333e-07,5.170536180835054e-07,9.338929179980582e-07,1.5793872911828613e-06
C,SD,plus,frozen,main,33,0.125,2.5e-05,0.01,completed,0.01,0.005,u,6.860511784223533e-06,1.746513488070018e-06,6.658187743757704e-06,1.3162569127972597e-05
C,SD,plus,frozen,main,33,0.125,2.5e-05,0.01,completed,0.01,0.005,v,3.4624918521242165e-06,1.368450605231053e-06,3.3593897612593793e-06,5.699440658728766e-06
C,SD,plus,frozen,main,33,0.125,2.5e-05,0.01,completed,0.01,0.01,u,8.706525452678582e-05,1.1263543052179267e-05,6.592743142086466e-05,0.0001670432858943119
C,SD,plus,frozen,main,33,0.125,2.5e-05,0.01,completed,0.01,0.01,v,5.700253444429482e-05,9.393127652943242e-06,4.337222461259227e-05,9.382911970264635e-05
C,SD,plus,moving,combined,65,0.0625,1.25e-05,0.01,stopped,0.0073375,0.0,u,1.4295707728706475e-08,1.4415305016215776e-09,0.0,2.7427248296829535e-08
C,SD,plus,moving,combined,65,0.0625,1.25e-05,0.01,stopped,0.0073375,0.0,v,1.5362856764511434e-08,1.5248333541091955e-09,0.0,2.528772151574318e-08
C,SD,plus,moving,combined,65,0.0625,1.25e-05,0.01,stopped,0.0073375,0.001,u,2.8110679456405663e-07,8.570177800745831e-08,2.8003339869187016e-07,5.393217320015718e-07
C,SD,plus,moving,combined,65,0.0625,1.25e-05,0.01,stopped,0.0073375,0.001,v,1.4378358770272825e-07,6.670093100583302e-08,1.4367174627771817e-07,2.3667208385097885e-07
C,SD,plus,moving,combined,65,0.0625,1.25e-05,0.01,stopped,0.0073375,0.002,u,1.7661035368599087e-06,2.1650239489689263e-07,1.4215437590392455e-06,3.388384901441218e-06
C,SD,plus,moving,combined,65,0.0625,1.25e-05,0.01,stopped,0.0073375,0.002,v,9.678449399697087e-07,1.767288076177077e-07,7.238446858570668e-07,1.5931017054661385e-06
C,SD,plus,moving,combined,65,0.0625,1.25e-05,0.01,stopped,0.0073375,0.005,u,0.0015537335556701226,0.00015830756162125127,0.0015463626832343813,0.0029809392320541087
C,SD,plus,moving,combined,65,0.0625,1.25e-05,0.01,stopped,0.0073375,0.005,v,0.0010405704006750671,0.00012891317531174974,0.0010163722897167382,0.001712809987956248
C,SD,plus,moving,combined,65,0.0625,1.25e-05,0.01,stopped,0.0073375,0.0073375,u,0.7068391121385329,0.06561925290050835,0.7046800364658605,1.3561169689839656
C,SD,plus,moving,combined,65,0.0625,1.25e-05,0.01,stopped,0.0073375,0.0073375,v,0.6750657135364471,0.052285624048197275,0.6760777486871963,1.111178345955178
C,SD,plus,moving,main,33,0.125,2.5e-05,0.01,completed,0.01,0.0,u,2.3511939828413375e-07,3.124550734447221e-08,0.0,4.510997766025259e-07
C,SD,plus,moving,main,33,0.125,2.5e-05,0.01,completed,0.01,0.0,v,2.5045814600055394e-07,3.30699454481746e-08,0.0,4.1226706129276175e-07
C,SD,plus,moving,main,33,0.125,2.5e-05,0.01,completed,0.01,0.001,u,8.612191265133795e-07,3.3537463198886923e-07,8.534768802248571e-07,1.6523339137952546e-06
C,SD,plus,moving,main,33,0.125,2.5e-05,0.01,completed,0.01,0.001,v,4.797386053412289e-07,2.579448465374048e-07,4.3111423730923804e-07,7.896745550942433e-07
C,SD,plus,moving,main,33,0.125,2.5e-05,0.01,completed,0.01,0.002,u,1.7874106515436416e-06,6.674394486642675e-07,1.7540510102720397e-06,3.42932378822238e-06
C,SD,plus,moving,main,33,0.125,2.5e-05,0.01,completed,0.01,0.002,v,9.595177021259893e-07,5.171157629587396e-07,9.339290661936062e-07,1.5794157611986404e-06
C,SD,plus,moving,main,33,0.125,2.5e-05,0.01,completed,0.01,0.005,u,6.84224623348495e-06,1.7460738838896983e-06,6.641316908861938e-06,1.312752486570488e-05
C,SD,plus,moving,main,33,0.125,2.5e-05,0.01,completed,0.01,0.005,v,3.465643594546819e-06,1.3682274356484221e-06,3.3622084703033295e-06,5.704628589755434e-06
C,SD,plus,moving,main,33,0.125,2.5e-05,0.01,completed,0.01,0.01,u,8.534633553469728e-05,1.1078684576829443e-05,6.459345350168233e-05,0.0001637453701162529
C,SD,plus,moving,main,33,0.125,2.5e-05,0.01,completed,0.01,0.01,v,5.582648961854897e-05,9.250878376782203e-06,4.24216958886392e-05,9.189328909780858e-05
C,SD,plus,moving,time_half,33,0.125,1.25e-05,0.01,completed,0.01,0.0,u,2.3511939828413375e-07,3.124550734447221e-08,0.0,4.510997766025259e-07
C,SD,plus,moving,time_half,33,0.125,1.25e-05,0.01,completed,0.01,0.0,v,2.5045814600055394e-07,3.30699454481746e-08,0.0,4.1226706129276175e-07
C,SD,plus,moving,time_half,33,0.125,1.25e-05,0.01,completed,0.01,0.001,u,8.61219125958268e-07,3.3537463181091375e-07,8.534768775048107e-07,1.6523339127302185e-06
C,SD,plus,moving,time_half,33,0.125,1.25e-05,0.01,completed,0.01,0.001,v,4.797386053412289e-07,2.5794484671962383e-07,4.3111422942665456e-07,7.896745550942433e-07
C,SD,plus,moving,time_half,33,0.125,1.25e-05,0.01,completed,0.01,0.002,u,1.7874106458815042e-06,6.674394486947657e-07,1.7540509987257202e-06,3.42932377735901e-06
C,SD,plus,moving,time_half,33,0.125,1.25e-05,0.01,completed,0.01,0.002,v,9.595177035692792e-07,5.171157628033199e-07,9.33929077517881e-07,1.5794157635743703e-06
C,SD,plus,moving,time_half,33,0.125,1.25e-05,0.01,completed,0.01,0.005,u,6.842246126348428e-06,1.7460738806179868e-06,6.641316826594412e-06,1.3127524660152886e-05
C,SD,plus,moving,time_half,33,0.125,1.25e-05,0.01,completed,0.01,0.005,v,3.4656436090907405e-06,1.368227432741171e-06,3.3622084824047604e-06,5.704628613695481e-06
C,SD,plus,moving,time_half,33,0.125,1.25e-05,0.01,completed,0.01,0.01,u,8.534633333839858e-05,1.1078684283302006e-05,6.459345207149303e-05,0.00016374536590243704
C,SD,plus,moving,time_half,33,0.125,1.25e-05,0.01,completed,0.01,0.01,v,5.5826487870946906e-05,9.250878145508091e-06,4.2421694627092776e-05,9.189328622116521e-05
C,SD,plus,moving,x_half,65,0.125,1.25e-05,0.01,stopped,0.006725,0.0,u,1.4173109352810798e-08,1.4416207788578108e-09,0.0,2.7192509463169907e-08
C,SD,plus,moving,x_half,65,0.125,1.25e-05,0.01,stopped,0.006725,0.0,v,1.5260914310033513e-08,1.5249478301746344e-09,0.0,2.5120254204965073e-08
C,SD,plus,moving,x_half,65,0.125,1.25e-05,0.01,stopped,0.006725,0.001,u,1.0905628768931308e-06,3.356048117470379e-07,1.0878082652432397e-06,2.0923525397210795e-06
C,SD,plus,moving,x_half,65,0.125,1.25e-05,0.01,stopped,0.006725,0.001,v,5.765931375689703e-07,2.6512100749123166e-07,5.732156251880838e-07,9.4910212417929e-07
C,SD,plus,moving,x_half,65,0.125,1.25e-05,0.01,stopped,0.006725,0.002,u,6.894750708419384e-06,8.497566542004599e-07,5.5336478126388755e-06,1.3228259884110013e-05
C,SD,plus,moving,x_half,65,0.125,1.25e-05,0.01,stopped,0.006725,0.002,v,3.852997085052046e-06,7.020944861500366e-07,2.9082037121819226e-06,6.342232467936862e-06
C,SD,plus,moving,x_half,65,0.125,1.25e-05,0.01,stopped,0.006725,0.005,u,0.0061488078625459575,0.0006239939678168382,0.006112654728930911,0.01179709489480057
C,SD,plus,moving,x_half,65,0.125,1.25e-05,0.01,stopped,0.006725,0.005,v,0.004166643121931712,0.0005126675135089666,0.004070193973092273,0.006858510065512847
C,SD,plus,moving,x_half,65,0.125,1.25e-05,0.01,stopped,0.006725,0.006725,u,0.8324676013096763,0.07085259358835402,0.8327691352499252,1.5971712743404751
C,SD,plus,moving,x_half,65,0.125,1.25e-05,0.01,stopped,0.006725,0.006725,v,0.7283465521694199,0.05622053014411011,0.7288073384782461,1.1988960928623091
C,SD,plus,moving,y_half,33,0.0625,2.5e-05,0.01,completed,0.01,0.0,u,2.3664947546020443e-07,3.124308097076357e-08,0.0,4.5402746376298436e-07
C,SD,plus,moving,y_half,33,0.0625,2.5e-05,0.01,completed,0.01,0.0,v,2.516770146732128e-07,3.306704147077014e-08,0.0,4.1426789017987776e-07
C,SD,plus,moving,y_half,33,0.0625,2.5e-05,0.01,completed,0.01,0.001,u,2.3449794783747535e-07,9.330040665723273e-08,2.3390646919363434e-07,4.4989961759783216e-07
C,SD,plus,moving,y_half,33,0.0625,2.5e-05,0.01,completed,0.01,0.001,v,2.6963129873269764e-07,6.922253643036675e-08,1.0952216578097307e-07,4.4382117849534285e-07
C,SD,plus,moving,y_half,33,0.0625,2.5e-05,0.01,completed,0.01,0.002,u,4.675383893371077e-07,1.7485768328305515e-07,4.59534311825216e-07,8.970029141613477e-07
C,SD,plus,moving,y_half,33,0.0625,2.5e-05,0.01,completed,0.01,0.002,v,3.243317437950921e-07,1.2944903254457815e-07,2.3740209686984315e-07,5.338597463690198e-07
C,SD,plus,moving,y_half,33,0.0625,2.5e-05,0.01,completed,0.01,0.005,u,1.7203855146030733e-06,4.4460099470661506e-07,1.6915576961928913e-06,3.300671891922964e-06
C,SD,plus,moving,y_half,33,0.0625,2.5e-05,0.01,completed,0.01,0.005,v,9.836277231611845e-07,3.3814160578849e-07,8.679396537036865e-07,1.619080638434605e-06
C,SD,plus,moving,y_half,33,0.0625,2.5e-05,0.01,completed,0.01,0.01,u,1.967716688833221e-05,2.6853423181520347e-06,1.5267799287677075e-05,3.775192891924583e-05
C,SD,plus,moving,y_half,33,0.0625,2.5e-05,0.01,completed,0.01,0.01,v,1.5785423943426302e-05,2.184191571505434e-06,1.1698620899336376e-05,2.598327972512366e-05
C,SD,zero,frozen,main,33,0.125,2.5e-05,0.01,completed,0.01,0.0,u,2.524620504873454e-07,3.152301236304914e-08,0.0,4.8437336692156e-07
C,SD,zero,frozen,main,33,0.125,2.5e-05,0.01,completed,0.01,0.0,v,2.687704599990681e-07,3.3501495372818725e-08,0.0,4.424100771945925e-07
C,SD,zero,frozen,main,33,0.125,2.5e-05,0.01,completed,0.01,0.001,u,8.596999139798278e-07,3.3526557477704653e-07,8.524877413984555e-07,1.6494191545729264e-06
C,SD,zero,frozen,main,33,0.125,2.5e-05,0.01,completed,0.01,0.001,v,4.78023279903983e-07,2.5804949176949885e-07,4.31296464542541e-07,7.868510407128322e-07
C,SD,zero,frozen,main,33,0.125,2.5e-05,0.01,completed,0.01,0.002,u,1.7805808208981588e-06,6.670342613517429e-07,1.747320493961091e-06,3.416220083887924e-06
C,SD,zero,frozen,main,33,0.125,2.5e-05,0.01,completed,0.01,0.002,v,9.600131031795023e-07,5.171483049693957e-07,9.363909355686317e-07,1.5802312169534422e-06
C,SD,zero,frozen,main,33,0.125,2.5e-05,0.01,completed,0.01,0.005,u,6.605769269973916e-06,1.739368570566052e-06,6.444690768270256e-06,1.2673820466195664e-05
C,SD,zero,frozen,main,33,0.125,2.5e-05,0.01,completed,0.01,0.005,v,3.5202289078717364e-06,1.3632946893969366e-06,3.405332855033194e-06,5.794478838483852e-06
C,SD,zero,frozen,main,33,0.125,2.5e-05,0.01,completed,0.01,0.01,u,7.582390425614483e-05,9.99698661958414e-06,5.8058275758332556e-05,0.00014547564565363383
C,SD,zero,frozen,main,33,0.125,2.5e-05,0.01,completed,0.01,0.01,v,4.9489597630625326e-05,8.424483250860766e-06,3.777794344006491e-05,8.146243715983589e-05
C,SD,zero,moving,combined,65,0.0625,1.25e-05,0.01,stopped,0.007875,0.0,u,1.5314226442519896e-08,1.4497733094193297e-09,0.0,2.938134292361272e-08
C,SD,zero,moving,combined,65,0.0625,1.25e-05,0.01,stopped,0.007875,0.0,v,1.645432801122837e-08,1.539525767037951e-09,0.0,2.708431581799414e-08
C,SD,zero,moving,combined,65,0.0625,1.25e-05,0.01,stopped,0.007875,0.001,u,2.753430622948194e-07,8.563665096031829e-08,2.7427103332922087e-07,5.282636354690456e-07
C,SD,zero,moving,combined,65,0.0625,1.25e-05,0.01,stopped,0.007875,0.001,v,1.4553839960962378e-07,6.66542144254757e-08,1.4515478941046212e-07,2.395605567108308e-07
C,SD,zero,moving,combined,65,0.0625,1.25e-05,0.01,stopped,0.007875,0.002,u,1.5978650252934656e-06,2.0881248765591267e-07,1.3091864542458254e-06,3.0656083367975464e-06
C,SD,zero,moving,combined,65,0.0625,1.25e-05,0.01,stopped,0.007875,0.002,v,8.680541033756484e-07,1.7065125498507558e-07,6.534576508787637e-07,1.4288430051283903e-06
C,SD,zero,moving,combined,65,0.0625,1.25e-05,0.01,stopped,0.007875,0.005,u,0.0010947046742080802,0.00011271334791183408,0.0010828230289444685,0.0021002623641300225
C,SD,zero,moving,combined,65,0.0625,1.25e-05,0.01,stopped,0.007875,0.005,v,0.0007223405370516689,9.260497941776976e-05,0.00070608959722962,0.0011889941187690214
C,SD,zero,moving,combined,65,0.0625,1.25e-05,0.01,stopped,0.007875,0.007875,u,1.413671068822762,0.1327479326139677,1.4139894841967955,2.7122202097618437
C,SD,zero,moving,combined,65,0.0625,1.25e-05,0.01,stopped,0.007875,0.007875,v,1.3872384361188068,0.10625496745318233,1.3936058563273601,2.283435938135109
C,SD,zero,moving,main,33,0.125,2.5e-05,0.01,completed,0.01,0.0,u,2.524620504873454e-07,3.152301236304914e-08,0.0,4.8437336692156e-07
C,SD,zero,moving,main,33,0.125,2.5e-05,0.01,completed,0.01,0.0,v,2.687704599990681e-07,3.3501495372818725e-08,0.0,4.424100771945925e-07
C,SD,zero,moving,main,33,0.125,2.5e-05,0.01,completed,0.01,0.001,u,8.596814602968017e-07,3.3529485600126353e-07,8.525369878942257e-07,1.6493837493602927e-06
C,SD,zero,moving,main,33,0.125,2.5e-05,0.01,completed,0.01,0.001,v,4.779735124360585e-07,2.580927075256199e-07,4.312818467910873e-07,7.86769120886798e-07
C,SD,zero,moving,main,33,0.125,2.5e-05,0.01,completed,0.01,0.002,u,1.780437342557839e-06,6.670832636321963e-07,1.7472999812584433e-06,3.4159448065278344e-06
C,SD,zero,moving,main,33,0.125,2.5e-05,0.01,completed,0.01,0.002,v,9.600092411576888e-07,5.172340490955101e-07,9.364453950055918e-07,1.5802248598658047e-06
C,SD,zero,moving,main,33,0.125,2.5e-05,0.01,completed,0.01,0.005,u,6.587538210367505e-06,1.7390047202644377e-06,6.428631541877117e-06,1.2638842378569986e-05
C,SD,zero,moving,main,33,0.125,2.5e-05,0.01,completed,0.01,0.005,v,3.525809916749001e-06,1.3632048134623463e-06,3.410451446694829e-06,5.803665467729577e-06
C,SD,zero,moving,main,33,0.125,2.5e-05,0.01,completed,0.01,0.01,u,7.428894508848538e-05,9.842373484516792e-06,5.68772897311387e-05,0.00014253067495926175
C,SD,zero,moving,main,33,0.125,2.5e-05,0.01,completed,0.01,0.01,v,4.843958028544204e-05,8.313165113599383e-06,3.6933014333384584e-05,7.973405430578337e-05
C,SD,zero,moving,time_half,33,0.125,1.25e-05,0.01,completed,0.01,0.0,u,2.524620504873454e-07,3.152301236304914e-08,0.0,4.8437336692156e-07
C,SD,zero,moving,time_half,33,0.125,1.25e-05,0.01,completed,0.01,0.0,v,2.687704599990681e-07,3.3501495372818725e-08,0.0,4.424100771945925e-07
C,SD,zero,moving,time_half,33,0.125,1.25e-05,0.01,completed,0.01,0.001,u,8.596814602968017e-07,3.3529485605991024e-07,8.525369864509358e-07,1.6493837493602927e-06
C,SD,zero,moving,time_half,33,0.125,1.25e-05,0.01,completed,0.01,0.001,v,4.779735126025919e-07,2.580927073879027e-07,4.3128183702112466e-07,7.867691211609207e-07
C,SD,zero,moving,time_half,33,0.125,1.25e-05,0.01,completed,0.01,0.002,u,1.7804373366181458e-06,6.67083263437815e-07,1.7472999707113246e-06,3.4159447951319467e-06
C,SD,zero,moving,time_half,33,0.125,1.25e-05,0.01,completed,0.01,0.002,v,9.600092424344453e-07,5.172340490033927e-07,9.364453789073579e-07,1.5802248619674118e-06
C,SD,zero,moving,time_half,33,0.125,1.25e-05,0.01,completed,0.01,0.005,u,6.587538119273706e-06,1.7390047179365176e-06,6.428631472821245e-06,1.263884220379754e-05
C,SD,zero,moving,time_half,33,0.125,1.25e-05,0.01,completed,0.01,0.005,v,3.5258099280177646e-06,1.3632048113885752e-06,3.4104514531341223e-06,5.803665486278545e-06
C,SD,zero,moving,time_half,33,0.125,1.25e-05,0.01,completed,0.01,0.01,u,7.428894339300829e-05,9.842373270538012e-06,5.687728862574515e-05,0.00014253067170632157
C,SD,zero,moving,time_half,33,0.125,1.25e-05,0.01,completed,0.01,0.01,v,4.8439578946180006e-05,8.31316494894624e-06,3.6933013364714995e-05,7.97340521012888e-05
C,SD,zero,moving,x_half,65,0.125,1.25e-05,0.01,stopped,0.0072375,0.0,u,1.5182922474821225e-08,1.449818471920546e-09,0.0,2.912993562653017e-08
C,SD,zero,moving,x_half,65,0.125,1.25e-05,0.01,stopped,0.0072375,0.0,v,1.6345080400270717e-08,1.539593451829853e-09,0.0,2.6904847659451343e-08
C,SD,zero,moving,x_half,65,0.125,1.25e-05,0.01,stopped,0.0072375,0.001,u,1.0695135730931504e-06,3.3535990086335995e-07,1.0656483648285864e-06,2.051967372392882e-06
C,SD,zero,moving,x_half,65,0.125,1.25e-05,0.01,stopped,0.0072375,0.001,v,5.832588620413581e-07,2.6493245963290445e-07,5.792339661248036e-07,9.600742513929623e-07
C,SD,zero,moving,x_half,65,0.125,1.25e-05,0.01,stopped,0.0072375,0.002,u,6.235875139648517e-06,8.194699588983922e-07,5.098338489661902e-06,1.1964142061206172e-05
C,SD,zero,moving,x_half,65,0.125,1.25e-05,0.01,stopped,0.0072375,0.002,v,3.4463187531530437e-06,6.778712043918823e-07,2.6257374197147243e-06,5.672818901395995e-06
C,SD,zero,moving,x_half,65,0.125,1.25e-05,0.01,stopped,0.0072375,0.005,u,0.004324473808513751,0.00044328091764917046,0.00427417874164604,0.00829692991382442
C,SD,zero,moving,x_half,65,0.125,1.25e-05,0.01,stopped,0.0072375,0.005,v,0.002884002643827821,0.00036768758169984054,0.002820813756450047,0.004747217504072802
C,SD,zero,moving,x_half,65,0.125,1.25e-05,0.01,stopped,0.0072375,0.0072375,u,1.5128119786525551,0.13360075411721295,1.516036898065509,2.90247912589118
C,SD,zero,moving,x_half,65,0.125,1.25e-05,0.01,stopped,0.0072375,0.0072375,v,1.3596154505428688,0.10628740229463397,1.3652155513874553,2.2379973469990593
C,SD,zero,moving,y_half,33,0.0625,2.5e-05,0.01,completed,0.01,0.0,u,2.5408308657048906e-07,3.152160238887824e-08,0.0,4.874749844948179e-07
C,SD,zero,moving,y_half,33,0.0625,2.5e-05,0.01,completed,0.01,0.0,v,2.7005983205263817e-07,3.349962133076831e-08,0.0,4.4452655715121277e-07
C,SD,zero,moving,y_half,33,0.0625,2.5e-05,0.01,completed,0.01,0.001,u,2.5184719898430075e-07,9.335884321472527e-08,2.318203659035234e-07,4.831852882339575e-07
C,SD,zero,moving,y_half,33,0.0625,2.5e-05,0.01,completed,0.01,0.001,v,2.88892022637377e-07,6.958098161685735e-08,1.0922987825345842e-07,4.7552490585276177e-07
C,SD,zero,moving,y_half,33,0.0625,2.5e-05,0.01,completed,0.01,0.002,u,4.6392228364444676e-07,1.7471542232970637e-07,4.590471939236451e-07,8.900651793823251e-07
C,SD,zero,moving,y_half,33,0.0625,2.5e-05,0.01,completed,0.01,0.002,v,3.4331750653482374e-07,1.29766725867529e-07,2.373094043495172e-07,5.651108794288141e-07
C,SD,zero,moving,y_half,33,0.0625,2.5e-05,0.01,completed,0.01,0.005,u,1.6712262430051972e-06,4.427486363641507e-07,1.6423978388968585e-06,3.206356620948393e-06
C,SD,zero,moving,y_half,33,0.0625,2.5e-05,0.01,completed,0.01,0.005,v,9.794792755757342e-07,3.375849772829858e-07,8.765393488818773e-07,1.6122521696887492e-06
C,SD,zero,moving,y_half,33,0.0625,2.5e-05,0.01,completed,0.01,0.01,u,1.7349904084917878e-05,2.4459820583406405e-06,1.352492348816181e-05,3.328692334047019e-05
C,SD,zero,moving,y_half,33,0.0625,2.5e-05,0.01,completed,0.01,0.01,v,1.425665599041892e-05,2.0187506829851896e-06,1.0495684747091616e-05,2.34668819710844e-05
D,FD,fixed,fixed,combined,65,0.0625,1.25e-05,0.01,completed,0.01,0.0,u,1.9191792308692612e-06,1.5566364243514537e-07,0.0,1.0967179326852544e-06
D,FD,fixed,fixed,combined,65,0.0625,1.25e-05,0.01,completed,0.01,0.0,v,1.438016827837174e-06,1.1317352869593274e-07,0.0,5.666625625908037e-07
D,FD,fixed,fixed,combined,65,0.0625,1.25e-05,0.01,completed,0.01,0.001,u,2.9354323693997486e-06,9.049252495562769e-07,2.8780642340464624e-06,1.677457356730211e-06
D,FD,fixed,fixed,combined,65,0.0625,1.25e-05,0.01,completed,0.01,0.001,v,9.196679938483499e-06,3.2078997406224038e-06,9.093686961669789e-06,3.624028676428382e-06
D,FD,fixed,fixed,combined,65,0.0625,1.25e-05,0.01,completed,0.01,0.002,u,2.6850596454242037e-05,2.6430385140680825e-06,2.6942726299772346e-05,1.5343814773008233e-05
D,FD,fixed,fixed,combined,65,0.0625,1.25e-05,0.01,completed,0.01,0.002,v,5.220483170687018e-05,7.214852258791551e-06,4.410643292906968e-05,2.0571750720838098e-05
D,FD,fixed,fixed,combined,65,0.0625,1.25e-05,0.01,completed,0.01,0.005,u,0.009326171411395912,0.0008751877282798087,0.008332024374131164,0.005329455042894434
D,FD,fixed,fixed,combined,65,0.0625,1.25e-05,0.01,completed,0.01,0.005,v,0.03032328503857773,0.002134276348749733,0.030656537305424614,0.011949144177941056
D,FD,fixed,fixed,combined,65,0.0625,1.25e-05,0.01,completed,0.01,0.01,u,208.13048206987506,22.62008411947784,194.20556431091768,118.93648511456217
D,FD,fixed,fixed,combined,65,0.0625,1.25e-05,0.01,completed,0.01,0.01,v,564.3352049865987,32.535369201099755,561.974805668891,222.38100919784364
D,FD,fixed,fixed,main,33,0.125,2.5e-05,0.01,completed,0.01,0.0,u,3.641730954462297e-05,3.3444047960363256e-06,0.0,2.082305626892543e-05
D,FD,fixed,fixed,main,33,0.125,2.5e-05,0.01,completed,0.01,0.0,v,2.3346251993405787e-05,2.378430621091821e-06,0.0,9.204640575923873e-06
D,FD,fixed,fixed,main,33,0.125,2.5e-05,0.01,completed,0.01,0.001,u,3.4194885402571984e-05,5.30036902736461e-06,9.769759543143408e-06,1.9552296195157738e-05
D,FD,fixed,fixed,main,33,0.125,2.5e-05,0.01,completed,0.01,0.001,v,4.1500044676290315e-05,1.3624515960216355e-05,2.952292746982721e-05,1.636206939074976e-05
D,FD,fixed,fixed,main,33,0.125,2.5e-05,0.01,completed,0.01,0.002,u,2.8804114954317228e-05,8.720854995289955e-06,2.0414346916908244e-05,1.6469907139499363e-05
D,FD,fixed,fixed,main,33,0.125,2.5e-05,0.01,completed,0.01,0.002,v,7.73370656634853e-05,2.725872641142852e-05,6.50137526791994e-05,3.0491399340248386e-05
D,FD,fixed,fixed,main,33,0.125,2.5e-05,0.01,completed,0.01,0.005,u,0.00011963365033973439,2.63183577635412e-05,0.00010830771137992912,6.840533427184647e-05
D,FD,fixed,fixed,main,33,0.125,2.5e-05,0.01,completed,0.01,0.005,v,0.0002862093023447976,7.136845305144084e-05,0.00028586469635571987,0.00011284268491207481
D,FD,fixed,fixed,main,33,0.125,2.5e-05,0.01,completed,0.01,0.01,u,0.0016986543191459536,0.00021898665336031781,0.001663560119436358,0.0009712736858193296
D,FD,fixed,fixed,main,33,0.125,2.5e-05,0.01,completed,0.01,0.01,v,0.003396508933930509,0.00039201643733147303,0.002529022787496338,0.0013391290370109602
D,FD,fixed,fixed,time_half,33,0.125,1.25e-05,0.01,completed,0.01,0.0,u,3.641730954462297e-05,3.3444047960363256e-06,0.0,2.082305626892543e-05
D,FD,fixed,fixed,time_half,33,0.125,1.25e-05,0.01,completed,0.01,0.0,v,2.3346251993405787e-05,2.378430621091821e-06,0.0,9.204640575923873e-06
D,FD,fixed,fixed,time_half,33,0.125,1.25e-05,0.01,completed,0.01,0.001,u,3.4194885402571984e-05,5.300369027349714e-06,9.769759543143408e-06,1.9552296195157738e-05
D,FD,fixed,fixed,time_half,33,0.125,1.25e-05,0.01,completed,0.01,0.001,v,4.1500044676734404e-05,1.3624515960087626e-05,2.9522927473379923e-05,1.6362069390924847e-05
D,FD,fixed,fixed,time_half,33,0.125,1.25e-05,0.01,completed,0.01,0.002,u,2.880411495298496e-05,8.720854995382574e-06,2.0414346916908244e-05,1.6469907138737585e-05
D,FD,fixed,fixed,time_half,33,0.125,1.25e-05,0.01,completed,0.01,0.002,v,7.733706566259713e-05,2.72587264112423e-05,6.50137526876371e-05,3.0491399339898206e-05
D,FD,fixed,fixed,time_half,33,0.125,1.25e-05,0.01,completed,0.01,0.005,u,0.00011963365034550755,2.6318357766692944e-05,0.00010830771140346585,6.84053342751475e-05
D,FD,fixed,fixed,time_half,33,0.125,1.25e-05,0.01,completed,0.01,0.005,v,0.0002862093024211809,7.136845305209478e-05,0.000285864696421001,0.00011284268494219018
D,FD,fixed,fixed,time_half,33,0.125,1.25e-05,0.01,completed,0.01,0.01,u,0.0016986543202077709,0.00021898665348215232,0.0016635601203707218,0.0009712736864264663
D,FD,fixed,fixed,time_half,33,0.125,1.25e-05,0.01,completed,0.01,0.01,v,0.00339650893603638,0.0003920164376392543,0.0025290227874941174,0.0013391290378412342
D,FD,fixed,fixed,x_half,65,0.125,1.25e-05,0.01,stopped,0.00915,0.0,u,1.8028793098423535e-06,1.555833074163741e-07,0.0,1.0308685013902073e-06
D,FD,fixed,fixed,x_half,65,0.125,1.25e-05,0.01,stopped,0.00915,0.0,v,1.4261162135653649e-06,1.1316863175137399e-07,0.0,5.622695741087005e-07
D,FD,fixed,fixed,x_half,65,0.125,1.25e-05,0.01,stopped,0.00915,0.001,u,8.933326115068141e-06,3.1905648379957053e-06,8.842957533339302e-06,5.107987237079975e-06
D,FD,fixed,fixed,x_half,65,0.125,1.25e-05,0.01,stopped,0.00915,0.001,v,3.368842405615524e-05,1.262379469384738e-05,3.362585648414296e-05,1.3282210570407711e-05
D,FD,fixed,fixed,x_half,65,0.125,1.25e-05,0.01,stopped,0.00915,0.002,u,6.922481028648342e-05,7.765100170303734e-06,6.849460614999359e-05,3.9582059680572036e-05
D,FD,fixed,fixed,x_half,65,0.125,1.25e-05,0.01,stopped,0.00915,0.002,v,0.00018706833043058424,2.750409847311892e-05,0.0001501525427216599,7.375473995731927e-05
D,FD,fixed,fixed,x_half,65,0.125,1.25e-05,0.01,stopped,0.00915,0.005,u,0.04133165567023722,0.002420791871358669,0.040567247475799206,0.023633030623929657
D,FD,fixed,fixed,x_half,65,0.125,1.25e-05,0.01,stopped,0.00915,0.005,v,0.10137209185126883,0.007087411370059123,0.10227958204328003,0.039967600374742195
D,FD,fixed,fixed,x_half,65,0.125,1.25e-05,0.01,stopped,0.00915,0.00915,u,288.6354821745966,14.34587964238043,284.61025548681687,165.03890489673657
D,FD,fixed,fixed,x_half,65,0.125,1.25e-05,0.01,stopped,0.00915,0.00915,v,952.7157503100003,53.35852808906943,946.8685969514113,375.6237213194704
D,FD,fixed,fixed,y_half,33,0.0625,2.5e-05,0.01,completed,0.01,0.0,u,3.810410286830823e-05,3.3465374098974625e-06,0.0,2.1774648376967593e-05
D,FD,fixed,fixed,y_half,33,0.0625,2.5e-05,0.01,completed,0.01,0.0,v,2.341166594588273e-05,2.3786287926311618e-06,0.0,9.225562846414703e-06
D,FD,fixed,fixed,y_half,33,0.0625,2.5e-05,0.01,completed,0.01,0.001,u,3.7001384963541994e-05,3.90446101443178e-06,8.40441876137632e-06,2.1144498528846073e-05
D,FD,fixed,fixed,y_half,33,0.0625,2.5e-05,0.01,completed,0.01,0.001,v,2.613182645738732e-05,5.035247700581041e-06,1.7276884455519337e-05,1.0297464854978705e-05
D,FD,fixed,fixed,y_half,33,0.0625,2.5e-05,0.01,completed,0.01,0.002,u,3.552394018280225e-05,5.458865211216429e-06,2.1642702809909764e-05,2.030021042926321e-05
D,FD,fixed,fixed,y_half,33,0.0625,2.5e-05,0.01,completed,0.01,0.002,v,4.649164661207905e-05,9.536142168599987e-06,3.505004880999252e-05,1.8320422333228645e-05
D,FD,fixed,fixed,y_half,33,0.0625,2.5e-05,0.01,completed,0.01,0.005,u,0.0001243129638299756,2.0391213005704836e-05,0.00011239727793088683,7.103883498980776e-05
D,FD,fixed,fixed,y_half,33,0.0625,2.5e-05,0.01,completed,0.01,0.005,v,0.00015658759409120648,2.8822043723150635e-05,0.00014946897442991158,6.170465158680242e-05
D,FD,fixed,fixed,y_half,33,0.0625,2.5e-05,0.01,completed,0.01,0.01,u,0.0012149015957709786,0.000198926921406207,0.0011285229376216677,0.0006942573914404405
D,FD,fixed,fixed,y_half,33,0.0625,2.5e-05,0.01,completed,0.01,0.01,v,0.002070765067840874,0.0002564861001875588,0.00168154683380628,0.0008160023006344787
D,FD,minus,frozen,main,33,0.125,2.5e-05,0.01,completed,0.01,0.0,u,4.8143920002630125e-05,4.19136083195729e-06,0.0,2.7528215778626393e-05
D,FD,minus,frozen,main,33,0.125,2.5e-05,0.01,completed,0.01,0.0,v,3.0150635411452242e-05,3.047378552413352e-06,0.0,1.188737970345426e-05
D,FD,minus,frozen,main,33,0.125,2.5e-05,0.01,completed,0.01,0.001,u,4.690145992580774e-05,5.563644065412393e-06,8.192064541168165e-06,2.6817789434256705e-05
D,FD,minus,frozen,main,33,0.125,2.5e-05,0.01,completed,0.01,0.001,v,5.1643332603656944e-05,1.3579013150639123e-05,3.9596963891774806e-05,2.0361226071483305e-05
D,FD,minus,frozen,main,33,0.125,2.5e-05,0.01,completed,0.01,0.002,u,4.190252240143799e-05,8.114204173294859e-06,1.711343100052609e-05,2.3959446556750987e-05
D,FD,minus,frozen,main,33,0.125,2.5e-05,0.01,completed,0.01,0.002,v,9.885149927946202e-05,2.7034794220361873e-05,8.128441167221112e-05,3.897381564782421e-05
D,FD,minus,frozen,main,33,0.125,2.5e-05,0.01,completed,0.01,0.005,u,0.00011162134431796922,1.9159766516309176e-05,0.00010109070249564311,6.382397718585327e-05
D,FD,minus,frozen,main,33,0.125,2.5e-05,0.01,completed,0.01,0.005,v,0.0003198968715389938,7.239663168002284e-05,0.00030089376557951297,0.0001261245584392142
D,FD,minus,frozen,main,33,0.125,2.5e-05,0.01,completed,0.01,0.01,u,0.0011132986180728555,0.0001085335467960443,0.0009311861403744626,0.0006365731037830296
D,FD,minus,frozen,main,33,0.125,2.5e-05,0.01,completed,0.01,0.01,v,0.0027292679685704258,0.0003266323055751264,0.0025206535804898067,0.0010760584051422225
D,FD,minus,moving,combined,65,0.0625,1.25e-05,0.01,completed,0.01,0.0,u,2.59378270128785e-06,1.9226418865050066e-07,0.0,1.4822211267379901e-06
D,FD,minus,moving,combined,65,0.0625,1.25e-05,0.01,completed,0.01,0.0,v,1.9108848343663e-06,1.4624801975863708e-07,0.0,7.530001569498455e-07
D,FD,minus,moving,combined,65,0.0625,1.25e-05,0.01,completed,0.01,0.001,u,2.827879165723246e-06,8.630743283094047e-07,2.2241753936391717e-06,1.615995912539642e-06
D,FD,minus,moving,combined,65,0.0625,1.25e-05,0.01,completed,0.01,0.001,v,1.0966916661470094e-05,3.206755642012299e-06,9.891352617419358e-06,4.321605268316161e-06
D,FD,minus,moving,combined,65,0.0625,1.25e-05,0.01,completed,0.01,0.002,u,1.3529767079134558e-05,2.0004523333778787e-06,1.1223291895179344e-05,7.731606273177872e-06
D,FD,minus,moving,combined,65,0.0625,1.25e-05,0.01,completed,0.01,0.002,v,4.462890546541587e-05,6.9205107912396366e-06,4.362534086377323e-05,1.7586393599226227e-05
D,FD,minus,moving,combined,65,0.0625,1.25e-05,0.01,completed,0.01,0.005,u,0.004962993701913776,0.00034334776200503094,0.004965071697319523,0.00283611040862895
D,FD,minus,moving,combined,65,0.0625,1.25e-05,0.01,completed,0.01,0.005,v,0.011082012017224141,0.0009319281261243928,0.010910160468711183,0.004366959556229455
D,FD,minus,moving,combined,65,0.0625,1.25e-05,0.01,completed,0.01,0.01,u,51.35642326387672,7.822066425479116,48.265519455387576,29.347707314734205
D,FD,minus,moving,combined,65,0.0625,1.25e-05,0.01,completed,0.01,0.01,v,146.2976573825227,18.52164942079553,146.75042458797907,57.64981593302927
D,FD,minus,moving,main,33,0.125,2.5e-05,0.01,completed,0.01,0.0,u,4.8143920002630125e-05,4.19136083195729e-06,0.0,2.7528215778626393e-05
D,FD,minus,moving,main,33,0.125,2.5e-05,0.01,completed,0.01,0.0,v,3.0150635411452242e-05,3.047378552413352e-06,0.0,1.188737970345426e-05
D,FD,minus,moving,main,33,0.125,2.5e-05,0.01,completed,0.01,0.001,u,4.693363037411302e-05,5.5634916640916765e-06,8.18034380256627e-06,2.6836184177405882e-05
D,FD,minus,moving,main,33,0.125,2.5e-05,0.01,completed,0.01,0.001,v,5.166420424229656e-05,1.357929925070308e-05,3.959851136858816e-05,2.036945505538884e-05
D,FD,minus,moving,main,33,0.125,2.5e-05,0.01,completed,0.01,0.002,u,4.1957922936264325e-05,8.110959960271192e-06,1.7069364203647908e-05,2.399112403288644e-05
D,FD,minus,moving,main,33,0.125,2.5e-05,0.01,completed,0.01,0.002,v,9.89141906759805e-05,2.7036663667665976e-05,8.129429708780833e-05,3.899853275326445e-05
D,FD,minus,moving,main,33,0.125,2.5e-05,0.01,completed,0.01,0.005,u,0.00011166491076108898,1.9148904876133143e-05,0.00010118023187444258,6.384888804576751e-05
D,FD,minus,moving,main,33,0.125,2.5e-05,0.01,completed,0.01,0.005,v,0.00032015849992017564,7.241613619820722e-05,0.00030121055698639765,0.00012622770969509544
D,FD,minus,moving,main,33,0.125,2.5e-05,0.01,completed,0.01,0.01,u,0.0011086543642491176,0.00010823958398853745,0.0009267993313786249,0.000633917565526411
D,FD,minus,moving,main,33,0.125,2.5e-05,0.01,completed,0.01,0.01,v,0.002720161959189671,0.00032573782086484484,0.002511809775684437,0.001072468212444289
D,FD,minus,moving,time_half,33,0.125,1.25e-05,0.01,completed,0.01,0.0,u,4.8143920002630125e-05,4.19136083195729e-06,0.0,2.7528215778626393e-05
D,FD,minus,moving,time_half,33,0.125,1.25e-05,0.01,completed,0.01,0.0,v,3.0150635411452242e-05,3.047378552413352e-06,0.0,1.188737970345426e-05
D,FD,minus,moving,time_half,33,0.125,1.25e-05,0.01,completed,0.01,0.001,u,4.693363037433507e-05,5.563491663832077e-06,8.18034380256627e-06,2.6836184177532846e-05
D,FD,minus,moving,time_half,33,0.125,1.25e-05,0.01,completed,0.01,0.001,v,5.166420424318474e-05,1.3579299250683856e-05,3.959851136947634e-05,2.0369455055739016e-05
D,FD,minus,moving,time_half,33,0.125,1.25e-05,0.01,completed,0.01,0.002,u,4.195792292893685e-05,8.110959959913029e-06,1.706936420187155e-05,2.3991124028696667e-05
D,FD,minus,moving,time_half,33,0.125,1.25e-05,0.01,completed,0.01,0.002,v,9.891419067820095e-05,2.7036663667644732e-05,8.129429708247926e-05,3.89985327541399e-05
D,FD,minus,moving,time_half,33,0.125,1.25e-05,0.01,completed,0.01,0.005,u,0.00011166491076353147,1.9148904876264444e-05,0.00010118023189908953,6.38488880471641e-05
D,FD,minus,moving,time_half,33,0.125,1.25e-05,0.01,completed,0.01,0.005,v,0.00032015849994104784,7.241613619806668e-05,0.00030121055705567557,0.00012622770970332464
D,FD,minus,moving,time_half,33,0.125,1.25e-05,0.01,completed,0.01,0.01,u,0.0011086543649465597,0.00010823958406304121,0.0009267993315540402,0.0006339175659252015
D,FD,minus,moving,time_half,33,0.125,1.25e-05,0.01,completed,0.01,0.01,v,0.0027201619613546058,0.00032573782105025647,0.0025118097769665226,0.00107246821329785
D,FD,minus,moving,x_half,65,0.125,1.25e-05,0.01,stopped,0.0097375,0.0,u,2.4405440599561956e-06,1.9207048011393246e-07,0.0,1.3954788786631578e-06
D,FD,minus,moving,x_half,65,0.125,1.25e-05,0.01,stopped,0.0097375,0.0,v,1.8954192628761746e-06,1.461955299411421e-07,0.0,7.472999546302168e-07
D,FD,minus,moving,x_half,65,0.125,1.25e-05,0.01,stopped,0.0097375,0.001,u,8.786397109217248e-06,3.1496406075700035e-06,8.734356466311155e-06,5.023974689348477e-06
D,FD,minus,moving,x_half,65,0.125,1.25e-05,0.01,stopped,0.0097375,0.001,v,3.316134384956371e-05,1.2606616684174491e-05,3.304526632241789e-05,1.3074400603406193e-05
D,FD,minus,moving,x_half,65,0.125,1.25e-05,0.01,stopped,0.0097375,0.002,u,5.413540146270712e-05,6.90498517520814e-06,4.0791519471117255e-05,3.095408543065366e-05
D,FD,minus,moving,x_half,65,0.125,1.25e-05,0.01,stopped,0.0097375,0.002,v,0.00014357712313461946,2.6329724292395027e-05,0.00012800656594835758,5.660762223215183e-05
D,FD,minus,moving,x_half,65,0.125,1.25e-05,0.01,stopped,0.0097375,0.005,u,0.017033900057221274,0.00102063030721919,0.0170254378381407,0.00973981504416605
D,FD,minus,moving,x_half,65,0.125,1.25e-05,0.01,stopped,0.0097375,0.005,v,0.0364150245445094,0.002873087712913879,0.03648908512773108,0.014357217277973764
D,FD,minus,moving,x_half,65,0.125,1.25e-05,0.01,stopped,0.0097375,0.0097375,u,164.49346586455727,11.987279380130676,118.11275594516695,94.05573169459963
D,FD,minus,moving,x_half,65,0.125,1.25e-05,0.01,stopped,0.0097375,0.0097375,v,1141.6624899499525,53.85474058606703,993.0850263542142,450.11905474042663
D,FD,minus,moving,y_half,33,0.0625,2.5e-05,0.01,completed,0.01,0.0,u,5.029999183880918e-05,4.1958524671678535e-06,0.0,2.8744007946854405e-05
D,FD,minus,moving,y_half,33,0.0625,2.5e-05,0.01,completed,0.01,0.0,v,3.023153683390234e-05,3.0486866873164886e-06,0.0,1.1912990030250965e-05
D,FD,minus,moving,y_half,33,0.0625,2.5e-05,0.01,completed,0.01,0.001,u,5.010527946591736e-05,4.495418579806195e-06,4.15487947424964e-06,2.8632739260933166e-05
D,FD,minus,moving,y_half,33,0.0625,2.5e-05,0.01,completed,0.01,0.001,v,3.419307300855934e-05,5.440389861779755e-06,2.3616198263631816e-05,1.3474066505206854e-05
D,FD,minus,moving,y_half,33,0.0625,2.5e-05,0.01,completed,0.01,0.002,u,4.85637660541105e-05,5.114900629347436e-06,1.1581039214503264e-05,2.7751839043272058e-05
D,FD,minus,moving,y_half,33,0.0625,2.5e-05,0.01,completed,0.01,0.002,v,6.401828760216333e-05,9.853763445576228e-06,5.108434247036442e-05,2.5226941857056314e-05
D,FD,minus,moving,y_half,33,0.0625,2.5e-05,0.01,completed,0.01,0.005,u,8.619737570469965e-05,1.0464681931098738e-05,6.049272646446724e-05,4.925762334502475e-05
D,FD,minus,moving,y_half,33,0.0625,2.5e-05,0.01,completed,0.01,0.005,v,0.00022628022139947745,3.148496951314907e-05,0.0001754355127889795,8.916761448104634e-05
D,FD,minus,moving,y_half,33,0.0625,2.5e-05,0.01,completed,0.01,0.01,u,0.0007296454691503307,8.463106008942788e-05,0.0006940300982380965,0.00041695702915525435
D,FD,minus,moving,y_half,33,0.0625,2.5e-05,0.01,completed,0.01,0.01,v,0.0017680519307474718,0.00024079849166665717,0.0017665178308936547,0.0006967156562262594
D,FD,plus,frozen,main,33,0.125,2.5e-05,0.01,completed,0.01,0.0,u,1.8668966130563902e-05,1.964092043679623e-06,0.0,1.0674729601950881e-05
D,FD,plus,frozen,main,33,0.125,2.5e-05,0.01,completed,0.01,0.0,v,1.2649198382064242e-05,1.5665008022978165e-06,0.0,4.98715274354725e-06
D,FD,plus,frozen,main,33,0.125,2.5e-05,0.01,completed,0.01,0.001,u,1.66328003181615e-05,4.191952128096322e-06,8.475788655593064e-06,9.51047019304082e-06
D,FD,plus,frozen,main,33,0.125,2.5e-05,0.01,completed,0.01,0.001,v,3.38534486323816e-05,1.2873484868087013e-05,2.788927047925327e-05,1.3347274200783448e-05
D,FD,plus,frozen,main,33,0.125,2.5e-05,0.01,completed,0.01,0.002,u,1.820613564018636e-05,7.359457200707454e-06,1.680634290579519e-05,1.0410087719708132e-05
D,FD,plus,frozen,main,33,0.125,2.5e-05,0.01,completed,0.01,0.002,v,6.84738936516105e-05,2.5992934061862976e-05,6.398601365464884e-05,2.6996949235154906e-05
D,FD,plus,frozen,main,33,0.125,2.5e-05,0.01,completed,0.01,0.005,u,0.00012994791921205895,2.0163694115032328e-05,0.00010416789039080498,7.430293087595781e-05
D,FD,plus,frozen,main,33,0.125,2.5e-05,0.01,completed,0.01,0.005,v,0.0003951266143271681,7.086871022906874e-05,0.00036547038195999804,0.00015578511136993446
D,FD,plus,frozen,main,33,0.125,2.5e-05,0.01,completed,0.01,0.01,u,0.006085678821244445,0.0004737347152875319,0.006081761992245749,0.0034797307685265695
D,FD,plus,frozen,main,33,0.125,2.5e-05,0.01,completed,0.01,0.01,v,0.012797846563245674,0.001327719836903242,0.012585103984462442,0.005045759713112488
D,FD,plus,moving,combined,65,0.0625,1.25e-05,0.01,stopped,0.006175,0.0,u,1.0396401681767031e-06,9.939272090712909e-08,0.0,5.941039782213944e-07
D,FD,plus,moving,combined,65,0.0625,1.25e-05,0.01,stopped,0.006175,0.0,v,8.015780443848541e-07,8.133010432733993e-08,0.0,3.1586853502320634e-07
D,FD,plus,moving,combined,65,0.0625,1.25e-05,0.01,stopped,0.006175,0.001,u,3.3219889741253894e-06,8.528682427456013e-07,3.0765757583761655e-06,1.8983557249396863e-06
D,FD,plus,moving,combined,65,0.0625,1.25e-05,0.01,stopped,0.006175,0.001,v,1.149583690862599e-05,3.1924983279737265e-06,1.136045850325118e-05,4.530030717071381e-06
D,FD,plus,moving,combined,65,0.0625,1.25e-05,0.01,stopped,0.006175,0.002,u,6.697609957129202e-05,4.025943453980156e-06,6.65062337905642e-05,3.827359544104663e-05
D,FD,plus,moving,combined,65,0.0625,1.25e-05,0.01,stopped,0.006175,0.002,v,0.0001404102589370737,1.183582023423527e-05,0.00010519565632005623,5.5329837316986964e-05
D,FD,plus,moving,combined,65,0.0625,1.25e-05,0.01,stopped,0.006175,0.005,u,0.274317774930638,0.01810387403093671,0.2563944054289067,0.15675931574378463
D,FD,plus,moving,combined,65,0.0625,1.25e-05,0.01,stopped,0.006175,0.005,v,0.8343038131731269,0.05527574739431442,0.8380298819196081,0.32876439802378626
D,FD,plus,moving,combined,65,0.0625,1.25e-05,0.01,stopped,0.006175,0.006175,u,43.78594897105151,1.638344831050725,34.042729661012466,25.021548099206655
D,FD,plus,moving,combined,65,0.0625,1.25e-05,0.01,stopped,0.006175,0.006175,v,111.91402069847346,3.675564288261039,53.64862138833442,44.1006562170898
D,FD,plus,moving,main,33,0.125,2.5e-05,0.01,completed,0.01,0.0,u,1.8668966130563902e-05,1.964092043679623e-06,0.0,1.0674729601950881e-05
D,FD,plus,moving,main,33,0.125,2.5e-05,0.01,completed,0.01,0.0,v,1.2649198382064242e-05,1.5665008022978165e-06,0.0,4.98715274354725e-06
D,FD,plus,moving,main,33,0.125,2.5e-05,0.01,completed,0.01,0.001,u,1.6662672516876142e-05,4.199028581242011e-06,8.46818503963398e-06,9.527550819877059e-06
D,FD,plus,moving,main,33,0.125,2.5e-05,0.01,completed,0.01,0.001,v,3.386548361694608e-05,1.2872048838094132e-05,2.78962931594684e-05,1.3352019189712897e-05
D,FD,plus,moving,main,33,0.125,2.5e-05,0.01,completed,0.01,0.002,u,1.8196483630106286e-05,7.371859277801632e-06,1.6791945983696266e-05,1.0404568796110568e-05
D,FD,plus,moving,main,33,0.125,2.5e-05,0.01,completed,0.01,0.002,v,6.850211810460749e-05,2.5989172082617614e-05,6.399998496009474e-05,2.700807718602954e-05
D,FD,plus,moving,main,33,0.125,2.5e-05,0.01,completed,0.01,0.005,u,0.0001291205571116727,2.0156318302174123e-05,0.00010366644209902631,7.382985343595613e-05
D,FD,plus,moving,main,33,0.125,2.5e-05,0.01,completed,0.01,0.005,v,0.00039380203531802493,7.081270679419886e-05,0.0003643613722488226,0.00015526287449452422
D,FD,plus,moving,main,33,0.125,2.5e-05,0.01,completed,0.01,0.01,u,0.005967257442545337,0.0004667610984944298,0.005963617031780499,0.0034120185991508025
D,FD,plus,moving,main,33,0.125,2.5e-05,0.01,completed,0.01,0.01,v,0.012538422250457426,0.0013046573517823711,0.012350193292163247,0.004943477447139074
D,FD,plus,moving,time_half,33,0.125,1.25e-05,0.01,completed,0.01,0.0,u,1.8668966130563902e-05,1.964092043679623e-06,0.0,1.0674729601950881e-05
D,FD,plus,moving,time_half,33,0.125,1.25e-05,0.01,completed,0.01,0.0,v,1.2649198382064242e-05,1.5665008022978165e-06,0.0,4.98715274354725e-06
D,FD,plus,moving,time_half,33,0.125,1.25e-05,0.01,completed,0.01,0.001,u,1.666267251532183e-05,4.1990285810474704e-06,8.468185040744203e-06,9.52755081898832e-06
D,FD,plus,moving,time_half,33,0.125,1.25e-05,0.01,completed,0.01,0.001,v,3.386548361516972e-05,1.2872048837954929e-05,2.7896293168350184e-05,1.335201918901254e-05
D,FD,plus,moving,time_half,33,0.125,1.25e-05,0.01,completed,0.01,0.002,u,1.8196483632548777e-05,7.371859277612119e-06,1.6791945980143552e-05,1.0404568797507159e-05
D,FD,plus,moving,time_half,33,0.125,1.25e-05,0.01,completed,0.01,0.002,v,6.850211810371931e-05,2.5989172082209123e-05,6.399998498496373e-05,2.700807718567936e-05
D,FD,plus,moving,time_half,33,0.125,1.25e-05,0.01,completed,0.01,0.005,u,0.00012912055726310712,2.0156318314648374e-05,0.00010366644203729791,7.382985352254482e-05
D,FD,plus,moving,time_half,33,0.125,1.25e-05,0.01,completed,0.01,0.005,v,0.00039380203612049414,7.08127068136187e-05,0.0003643613726351802,0.00015526287481091078
D,FD,plus,moving,time_half,33,0.125,1.25e-05,0.01,completed,0.01,0.01,u,0.005967257470488985,0.0004667611006109009,0.005963617058729831,0.003412018615128703
D,FD,plus,moving,time_half,33,0.125,1.25e-05,0.01,completed,0.01,0.01,v,0.012538422344490208,0.0013046573587415472,0.012350193393036335,0.004943477484213032
D,FD,plus,moving,x_half,65,0.125,1.25e-05,0.01,stopped,0.0056500000000000005,0.0,u,9.743099766978958e-07,9.936731866044991e-08,0.0,5.571007776754133e-07
D,FD,plus,moving,x_half,65,0.125,1.25e-05,0.01,stopped,0.0056500000000000005,0.0,v,7.9447885736883e-07,8.133906601431429e-08,0.0,3.132362457715403e-07
D,FD,plus,moving,x_half,65,0.125,1.25e-05,0.01,stopped,0.0056500000000000005,0.001,u,1.4519051036554487e-05,3.20396601543839e-06,1.2131416956551178e-05,8.30184932621453e-06
D,FD,plus,moving,x_half,65,0.125,1.25e-05,0.01,stopped,0.0056500000000000005,0.001,v,4.4008914284798806e-05,1.267109142467327e-05,4.207184703197697e-05,1.7351232148210883e-05
D,FD,plus,moving,x_half,65,0.125,1.25e-05,0.01,stopped,0.0056500000000000005,0.002,u,0.0002557990426008683,1.538111621118249e-05,0.00025376195643200816,0.00014626335454815596
D,FD,plus,moving,x_half,65,0.125,1.25e-05,0.01,stopped,0.0056500000000000005,0.002,v,0.0005141161767108215,4.536539664301256e-05,0.00043887362081784786,0.00020269868680539876
D,FD,plus,moving,x_half,65,0.125,1.25e-05,0.01,stopped,0.0056500000000000005,0.005,u,1.1116692395628123,0.06784764539398411,1.0045938162915684,0.635641441317508
D,FD,plus,moving,x_half,65,0.125,1.25e-05,0.01,stopped,0.0056500000000000005,0.005,v,2.8257725081471463,0.19534052463386328,2.760902310617154,1.1141068936533391
D,FD,plus,moving,x_half,65,0.125,1.25e-05,0.01,stopped,0.0056500000000000005,0.0056500000000000005,u,201.57595952472604,6.9945921694295095,44.960918046165744,115.25913364090778
D,FD,plus,moving,x_half,65,0.125,1.25e-05,0.01,stopped,0.0056500000000000005,0.0056500000000000005,v,313.1620839953272,16.60118280327192,97.68053628122668,123.46925862011818
D,FD,plus,moving,y_half,33,0.0625,2.5e-05,0.01,completed,0.01,0.0,u,1.961209870837699e-05,1.9646617370312835e-06,0.0,1.1207364067465566e-05
D,FD,plus,moving,y_half,33,0.0625,2.5e-05,0.01,completed,0.01,0.0,v,1.269757457000864e-05,1.566271512524075e-06,0.0,5.003585497223147e-06
D,FD,plus,moving,y_half,33,0.0625,2.5e-05,0.01,completed,0.01,0.001,u,1.9032331332713426e-05,2.4349813199163407e-06,3.516327997998836e-06,1.0876055106088308e-05
D,FD,plus,moving,y_half,33,0.0625,2.5e-05,0.01,completed,0.01,0.001,v,1.557437891097635e-05,3.82377320919302e-06,1.036294398293336e-05,6.137214317392764e-06
D,FD,plus,moving,y_half,33,0.0625,2.5e-05,0.01,completed,0.01,0.002,u,1.689700170670605e-05,3.3379191082889692e-06,6.8067106798741506e-06,9.65581769659129e-06
D,FD,plus,moving,y_half,33,0.0625,2.5e-05,0.01,completed,0.01,0.002,v,3.0038480685057323e-05,7.557604339786615e-06,2.2147765414537446e-05,1.1836914639538766e-05
D,FD,plus,moving,y_half,33,0.0625,2.5e-05,0.01,completed,0.01,0.005,u,4.670484537516728e-05,8.947610010814606e-06,4.22532400081721e-05,2.6689555953061106e-05
D,FD,plus,moving,y_half,33,0.0625,2.5e-05,0.01,completed,0.01,0.005,v,0.00015885226804668306,2.312141601716819e-05,0.00015901436450960205,6.259706530700425e-05
D,FD,plus,moving,y_half,33,0.0625,2.5e-05,0.01,completed,0.01,0.01,u,0.002247156492072744,0.0002308209159881182,0.0022476878038988346,0.0012841410446537678
D,FD,plus,moving,y_half,33,0.0625,2.5e-05,0.01,completed,0.01,0.01,v,0.00549120176939244,0.0005687487668481785,0.004261511547048347,0.002163854000948734
D,FD,zero,frozen,main,33,0.125,2.5e-05,0.01,completed,0.01,0.0,u,2.9512250342866864e-05,2.706850510670467e-06,0.0,1.6874811928627685e-05
D,FD,zero,frozen,main,33,0.125,2.5e-05,0.01,completed,0.01,0.0,v,1.9303826332972562e-05,2.0462081839086416e-06,0.0,7.610848335966499e-06
D,FD,zero,frozen,main,33,0.125,2.5e-05,0.01,completed,0.01,0.001,u,2.7886089912332324e-05,4.534006260296648e-06,8.694393589303573e-06,1.5944989529039673e-05
D,FD,zero,frozen,main,33,0.125,2.5e-05,0.01,completed,0.01,0.001,v,4.022176183537951e-05,1.306382395581184e-05,3.1318785800760196e-05,1.5858085534656787e-05
D,FD,zero,frozen,main,33,0.125,2.5e-05,0.01,completed,0.01,0.002,u,2.2122791587531054e-05,7.468768032336482e-06,1.7454774837277753e-05,1.2649592729754154e-05
D,FD,zero,frozen,main,33,0.125,2.5e-05,0.01,completed,0.01,0.002,v,7.831945273517604e-05,2.6241034881622267e-05,6.650683332720675e-05,3.0878721463898116e-05
D,FD,zero,frozen,main,33,0.125,2.5e-05,0.01,completed,0.01,0.005,u,9.038641745817699e-05,1.922215444639553e-05,8.780511979855632e-05,5.1682056698120344e-05
D,FD,zero,frozen,main,33,0.125,2.5e-05,0.01,completed,0.01,0.005,v,0.0003139501924667165,6.974799704707287e-05,0.0003136208092739956,0.0001237799832373299
D,FD,zero,frozen,main,33,0.125,2.5e-05,0.01,completed,0.01,0.01,u,0.0020499097821347068,0.0002037553387941002,0.0020421359814362106,0.0011721180744367807
D,FD,zero,frozen,main,33,0.125,2.5e-05,0.01,completed,0.01,0.01,v,0.005144370275329546,0.0005422136487795066,0.003814443976541959,0.002028251874744166
D,FD,zero,moving,combined,65,0.0625,1.25e-05,0.01,stopped,0.0076125,0.0,u,1.6363384975903728e-06,1.2789899608379314e-07,0.0,9.350881592428305e-07
D,FD,zero,moving,combined,65,0.0625,1.25e-05,0.01,stopped,0.0076125,0.0,v,1.235468878757473e-06,1.0023551215947044e-07,0.0,4.868468485802503e-07
D,FD,zero,moving,combined,65,0.0625,1.25e-05,0.01,stopped,0.0076125,0.001,u,2.312084355304833e-06,8.487388888624682e-07,2.258301334379098e-06,1.321244172278443e-06
D,FD,zero,moving,combined,65,0.0625,1.25e-05,0.01,stopped,0.0076125,0.001,v,1.0228292377068016e-05,3.188836610334433e-06,1.015222693778739e-05,4.0305441891349144e-06
D,FD,zero,moving,combined,65,0.0625,1.25e-05,0.01,stopped,0.0076125,0.002,u,2.5117507304051045e-05,2.403632657526817e-06,2.462215782994548e-05,1.4353438304054985e-05
D,FD,zero,moving,combined,65,0.0625,1.25e-05,0.01,stopped,0.0076125,0.002,v,7.026380550501088e-05,7.707713930120625e-06,5.901887924020244e-05,2.768804044159601e-05
D,FD,zero,moving,combined,65,0.0625,1.25e-05,0.01,stopped,0.0076125,0.005,u,0.030975989159314876,0.0020124593010071782,0.030471169175428692,0.017701276799612732
D,FD,zero,moving,combined,65,0.0625,1.25e-05,0.01,stopped,0.0076125,0.005,v,0.08232088183899755,0.005863587394251327,0.08232733082959465,0.03243923225000191
D,FD,zero,moving,combined,65,0.0625,1.25e-05,0.01,stopped,0.0076125,0.0076125,u,45.242531452925164,1.92198119308373,43.9531840852627,25.853914405912928
D,FD,zero,moving,combined,65,0.0625,1.25e-05,0.01,stopped,0.0076125,0.0076125,v,216.1428160244062,5.0172526019448,211.75977410523126,85.1728850754805
D,FD,zero,moving,main,33,0.125,2.5e-05,0.01,completed,0.01,0.0,u,2.9512250342866864e-05,2.706850510670467e-06,0.0,1.6874811928627685e-05
D,FD,zero,moving,main,33,0.125,2.5e-05,0.01,completed,0.01,0.0,v,1.9303826332972562e-05,2.0462081839086416e-06,0.0,7.610848335966499e-06
D,FD,zero,moving,main,33,0.125,2.5e-05,0.01,completed,0.01,0.001,u,2.7917589238812823e-05,4.534854335218516e-06,8.681233550467127e-06,1.596300053138824e-05
D,FD,zero,moving,main,33,0.125,2.5e-05,0.01,completed,0.01,0.001,v,4.0235097748198e-05,1.3063760619286361e-05,3.132169681796526e-05,1.5863343435765744e-05
D,FD,zero,moving,main,33,0.125,2.5e-05,0.01,completed,0.01,0.002,u,2.219032421857392e-05,7.468393474296113e-06,1.7427407156489494e-05,1.268820721813285e-05
D,FD,zero,moving,main,33,0.125,2.5e-05,0.01,completed,0.01,0.002,v,7.836126783944408e-05,2.6240911883406465e-05,6.6537149738366e-05,3.089520775067086e-05
D,FD,zero,moving,main,33,0.125,2.5e-05,0.01,completed,0.01,0.005,u,9.016174918641262e-05,1.9206088625738942e-05,8.77033464945498e-05,5.155359360946028e-05
D,FD,zero,moving,main,33,0.125,2.5e-05,0.01,completed,0.01,0.005,v,0.0003136520521205277,6.97411027062014e-05,0.00031337011017251726,0.0001236624365438125
D,FD,zero,moving,main,33,0.125,2.5e-05,0.01,completed,0.01,0.01,u,0.002022386352620309,0.00020186041171069721,0.0020161349496907732,0.001156380450525002
D,FD,zero,moving,main,33,0.125,2.5e-05,0.01,completed,0.01,0.01,v,0.005087856577367322,0.0005372575952205534,0.0037703969193900733,0.0020059704277048075
D,FD,zero,moving,time_half,33,0.125,1.25e-05,0.01,completed,0.01,0.0,u,2.9512250342866864e-05,2.706850510670467e-06,0.0,1.6874811928627685e-05
D,FD,zero,moving,time_half,33,0.125,1.25e-05,0.01,completed,0.01,0.0,v,1.9303826332972562e-05,2.0462081839086416e-06,0.0,7.610848335966499e-06
D,FD,zero,moving,time_half,33,0.125,1.25e-05,0.01,completed,0.01,0.001,u,2.7917589231041262e-05,4.534854335152873e-06,8.681233550689171e-06,1.596300052694454e-05
D,FD,zero,moving,time_half,33,0.125,1.25e-05,0.01,completed,0.01,0.001,v,4.023509774997436e-05,1.3063760619250713e-05,3.132169681707708e-05,1.5863343436466102e-05
D,FD,zero,moving,time_half,33,0.125,1.25e-05,0.01,completed,0.01,0.002,u,2.219032420791578e-05,7.4683934741565005e-06,1.742740715537927e-05,1.268820721203863e-05
D,FD,zero,moving,time_half,33,0.125,1.25e-05,0.01,completed,0.01,0.002,v,7.836126783899999e-05,2.6240911883215418e-05,6.653714975346503e-05,3.089520775049577e-05
D,FD,zero,moving,time_half,33,0.125,1.25e-05,0.01,completed,0.01,0.005,u,9.016174923437426e-05,1.9206088627875088e-05,8.770334650654021e-05,5.155359363688427e-05
D,FD,zero,moving,time_half,33,0.125,1.25e-05,0.01,completed,0.01,0.005,v,0.00031365205232880555,6.974110270826637e-05,0.0003133701103319453,0.00012366243662592942
D,FD,zero,moving,time_half,33,0.125,1.25e-05,0.01,completed,0.01,0.01,u,0.002022386358538464,0.00020186041211441003,0.0020161349556655495,0.001156380453908944
D,FD,zero,moving,time_half,33,0.125,1.25e-05,0.01,completed,0.01,0.01,v,0.005087856586869943,0.0005372575963468586,0.0037703969219156086,0.0020059704314513704
D,FD,zero,moving,x_half,65,0.125,1.25e-05,0.01,stopped,0.007137500000000001,0.0,u,1.5360969738420494e-06,1.2782951538304975e-07,0.0,8.783250086513282e-07
D,FD,zero,moving,x_half,65,0.125,1.25e-05,0.01,stopped,0.007137500000000001,0.0,v,1.2249653718043874e-06,1.0023434441084143e-07,0.0,4.829625744036814e-07
D,FD,zero,moving,x_half,65,0.125,1.25e-05,0.01,stopped,0.007137500000000001,0.001,u,9.386609625350317e-06,3.1639844675950074e-06,8.772024391756617e-06,5.367170250828322e-06
D,FD,zero,moving,x_half,65,0.125,1.25e-05,0.01,stopped,0.007137500000000001,0.001,v,3.6026533465793875e-05,1.261950108181727e-05,3.6003811895835014e-05,1.4204048334730137e-05
D,FD,zero,moving,x_half,65,0.125,1.25e-05,0.01,stopped,0.007137500000000001,0.002,u,0.00010067106989541941,8.579209173116401e-06,8.829871727478178e-05,5.7562718918502856e-05
D,FD,zero,moving,x_half,65,0.125,1.25e-05,0.01,stopped,0.007137500000000001,0.002,v,0.0002445154815795547,2.9497853529650223e-05,0.00018784289392748121,9.640421613818123e-05
D,FD,zero,moving,x_half,65,0.125,1.25e-05,0.01,stopped,0.007137500000000001,0.005,u,0.11754881504474479,0.006800785801226056,0.11663456246269632,0.06721324613568651
D,FD,zero,moving,x_half,65,0.125,1.25e-05,0.01,stopped,0.007137500000000001,0.005,v,0.2784426928285284,0.019717370513152737,0.27826469845160773,0.1097805724534669
D,FD,zero,moving,x_half,65,0.125,1.25e-05,0.01,stopped,0.007137500000000001,0.007137500000000001,u,334.4369031953817,12.87616506076736,85.26124179601092,191.2277029995709
D,FD,zero,moving,x_half,65,0.125,1.25e-05,0.01,stopped,0.007137500000000001,0.007137500000000001,v,548.3124278211202,28.376982411562125,172.89440338721803,216.18111647347752
D,FD,zero,moving,y_half,33,0.0625,2.5e-05,0.01,completed,0.01,0.0,u,3.092675726623639e-05,2.7085424821456636e-06,0.0,1.767314315835049e-05
D,FD,zero,moving,y_half,33,0.0625,2.5e-05,0.01,completed,0.01,0.0,v,1.936752176634471e-05,2.0463016420733073e-06,0.0,7.631933995971805e-06
D,FD,zero,moving,y_half,33,0.0625,2.5e-05,0.01,completed,0.01,0.001,u,3.0424731677358707e-05,3.0550778485802213e-06,3.1778037961061045e-06,1.7386259860984015e-05
D,FD,zero,moving,y_half,33,0.0625,2.5e-05,0.01,completed,0.01,0.001,v,2.2635780092983282e-05,4.261215871730097e-06,1.5360651488993682e-05,8.919818534407433e-06
D,FD,zero,moving,y_half,33,0.0625,2.5e-05,0.01,completed,0.01,0.002,u,2.8676605435817848e-05,3.781221431523665e-06,8.122404766774949e-06,1.6387290422977348e-05
D,FD,zero,moving,y_half,33,0.0625,2.5e-05,0.01,completed,0.01,0.002,v,4.273316367697788e-05,8.100665590427658e-06,3.310207773576934e-05,1.6839360686223086e-05
D,FD,zero,moving,y_half,33,0.0625,2.5e-05,0.01,completed,0.01,0.005,u,5.707363316576064e-05,9.566668274717374e-06,4.46389921457957e-05,3.261481573455689e-05
D,FD,zero,moving,y_half,33,0.0625,2.5e-05,0.01,completed,0.01,0.005,v,0.00017055433741441917,2.516520000381056e-05,0.00015695610300969776,6.720836365009118e-05
D,FD,zero,moving,y_half,33,0.0625,2.5e-05,0.01,completed,0.01,0.01,u,0.0009248075834304981,0.0001340603266365816,0.0009079640402795963,0.0005284827204867948
D,FD,zero,moving,y_half,33,0.0625,2.5e-05,0.01,completed,0.01,0.01,v,0.0028484858688391235,0.00031040095600657773,0.0024807047925645698,0.001122469689292702
D,SD,fixed,fixed,combined,65,0.0625,1.25e-05,0.01,stopped,0.009525,0.0,u,1.9191792308692612e-06,1.5566364243514537e-07,0.0,1.0967179326852544e-06
D,SD,fixed,fixed,combined,65,0.0625,1.25e-05,0.01,stopped,0.009525,0.0,v,1.438016827837174e-06,1.131735286955608e-07,2.220446049250313e-16,5.666625625908037e-07
D,SD,fixed,fixed,combined,65,0.0625,1.25e-05,0.01,stopped,0.009525,0.001,u,9.808928110865978e-06,3.162042727805736e-06,9.813583852880114e-06,5.605327103677919e-06
D,SD,fixed,fixed,combined,65,0.0625,1.25e-05,0.01,stopped,0.009525,0.001,v,5.074020087203479e-06,2.23374554601265e-06,4.949885403338072e-06,1.99946006861159e-06
D,SD,fixed,fixed,combined,65,0.0625,1.25e-05,0.01,stopped,0.009525,0.002,u,4.7903866683851604e-05,6.966998274295006e-06,4.311544699131531e-05,2.7374738529943325e-05
D,SD,fixed,fixed,combined,65,0.0625,1.25e-05,0.01,stopped,0.009525,0.002,v,3.6407988087017173e-05,5.615517857484987e-06,2.863203410896631e-05,1.4346872323597487e-05
D,SD,fixed,fixed,combined,65,0.0625,1.25e-05,0.01,stopped,0.009525,0.005,u,0.022271587474672172,0.0018624844778483839,0.022387134223197824,0.012727133026433423
D,SD,fixed,fixed,combined,65,0.0625,1.25e-05,0.01,stopped,0.009525,0.005,v,0.019817062128601126,0.0021719525297929304,0.019933308446744125,0.007809079136927737
D,SD,fixed,fixed,combined,65,0.0625,1.25e-05,0.01,stopped,0.009525,0.009525,u,130.1453223305148,22.288930836726095,121.6767355533024,74.371745254001
D,SD,fixed,fixed,combined,65,0.0625,1.25e-05,0.01,stopped,0.009525,0.009525,v,232.67500538540907,24.423901940063825,231.3520450237304,91.68753261450294
D,SD,fixed,fixed,main,33,0.125,2.5e-05,0.01,completed,0.01,0.0,u,3.641730954462297e-05,3.3444047960363256e-06,0.0,2.082305626892543e-05
D,SD,fixed,fixed,main,33,0.125,2.5e-05,0.01,completed,0.01,0.0,v,2.3346251993405787e-05,2.378430621092345e-06,2.220446049250313e-16,9.204640575923873e-06
D,SD,fixed,fixed,main,33,0.125,2.5e-05,0.01,completed,0.01,0.001,u,5.173808283731596e-05,1.2537228434599145e-05,4.198288334178457e-05,2.9583322426596603e-05
D,SD,fixed,fixed,main,33,0.125,2.5e-05,0.01,completed,0.01,0.001,v,2.614953952351229e-05,9.578989101064152e-06,2.1863338796279663e-05,1.0309882400302704e-05
D,SD,fixed,fixed,main,33,0.125,2.5e-05,0.01,completed,0.01,0.002,u,8.672599074954768e-05,2.5298217256437264e-05,8.672599074954768e-05,4.958906102449239e-05
D,SD,fixed,fixed,main,33,0.125,2.5e-05,0.01,completed,0.01,0.002,v,4.595067384727258e-05,1.8212739672408868e-05,4.4004599023761415e-05,1.81168025216688e-05
D,SD,fixed,fixed,main,33,0.125,2.5e-05,0.01,completed,0.01,0.005,u,0.00026372680570041496,6.79292960224756e-05,0.00026340933535795585,0.00015079637083005056
D,SD,fixed,fixed,main,33,0.125,2.5e-05,0.01,completed,0.01,0.005,v,0.00015066243462702467,4.788911517615049e-05,0.00014870493288920983,5.9401121834335246e-05
D,SD,fixed,fixed,main,33,0.125,2.5e-05,0.01,completed,0.01,0.01,u,0.001866462908217903,0.00026994581180817673,0.0016685672677394514,0.0010672249720716147
D,SD,fixed,fixed,main,33,0.125,2.5e-05,0.01,completed,0.01,0.01,v,0.0013002593616895375,0.00023317000010331294,0.00124118197673595,0.0005126484578001174
D,SD,fixed,fixed,time_half,33,0.125,1.25e-05,0.01,completed,0.01,0.0,u,3.641730954462297e-05,3.3444047960363256e-06,0.0,2.082305626892543e-05
D,SD,fixed,fixed,time_half,33,0.125,1.25e-05,0.01,completed,0.01,0.0,v,2.3346251993405787e-05,2.378430621092345e-06,2.220446049250313e-16,9.204640575923873e-06
D,SD,fixed,fixed,time_half,33,0.125,1.25e-05,0.01,completed,0.01,0.001,u,5.173808283887027e-05,1.2537228434592577e-05,4.198288334111844e-05,2.9583322427485343e-05
D,SD,fixed,fixed,time_half,33,0.125,1.25e-05,0.01,completed,0.01,0.001,v,2.61495395230682e-05,9.578989101066693e-06,2.1863338794503306e-05,1.0309882400127614e-05
D,SD,fixed,fixed,time_half,33,0.125,1.25e-05,0.01,completed,0.01,0.002,u,8.672599074643905e-05,2.5298217256436586e-05,8.672599074643905e-05,4.958906102271491e-05
D,SD,fixed,fixed,time_half,33,0.125,1.25e-05,0.01,completed,0.01,0.002,v,4.5950673846384404e-05,1.8212739672353465e-05,4.4004599023761415e-05,1.811680252131862e-05
D,SD,fixed,fixed,time_half,33,0.125,1.25e-05,0.01,completed,0.01,0.005,u,0.0002637268057359421,6.792929602323504e-05,0.0002634093353965916,0.0001507963708503646
D,SD,fixed,fixed,time_half,33,0.125,1.25e-05,0.01,completed,0.01,0.005,v,0.00015066243461880902,4.788911517721103e-05,0.00014870493288432485,5.940112183109609e-05
D,SD,fixed,fixed,time_half,33,0.125,1.25e-05,0.01,completed,0.01,0.01,u,0.0018664629096580843,0.00026994581201250856,0.001668567268549026,0.001067224972895096
D,SD,fixed,fixed,time_half,33,0.125,1.25e-05,0.01,completed,0.01,0.01,v,0.0013002593627835513,0.0002331700002842203,0.0012411819774351684,0.0005126484582314502
D,SD,fixed,fixed,x_half,65,0.125,1.25e-05,0.01,stopped,0.008925,0.0,u,1.8028793098423535e-06,1.555833074163741e-07,0.0,1.0308685013902073e-06
D,SD,fixed,fixed,x_half,65,0.125,1.25e-05,0.01,stopped,0.008925,0.0,v,1.4261162135653649e-06,1.13168631751906e-07,2.220446049250313e-16,5.622695741087005e-07
D,SD,fixed,fixed,x_half,65,0.125,1.25e-05,0.01,stopped,0.008925,0.001,u,3.91759096083355e-05,1.2429381903725397e-05,3.9176167585530663e-05,2.2400396414818464e-05
D,SD,fixed,fixed,x_half,65,0.125,1.25e-05,0.01,stopped,0.008925,0.001,v,1.994618642875423e-05,8.817119250384223e-06,1.9800678700221397e-05,7.864109279250087e-06
D,SD,fixed,fixed,x_half,65,0.125,1.25e-05,0.01,stopped,0.008925,0.002,u,0.00016251510603026986,2.652714366253196e-05,0.00013484646344386064,9.292452517043094e-05
D,SD,fixed,fixed,x_half,65,0.125,1.25e-05,0.01,stopped,0.008925,0.002,v,0.00015011714519275188,2.2081616049806207e-05,0.00010824346823579134,5.918613258236677e-05
D,SD,fixed,fixed,x_half,65,0.125,1.25e-05,0.01,stopped,0.008925,0.005,u,0.08052257295722165,0.0066094941505378535,0.0811274887185407,0.04604200828049498
D,SD,fixed,fixed,x_half,65,0.125,1.25e-05,0.01,stopped,0.008925,0.005,v,0.09721319263988448,0.008965468455799127,0.097562787709494,0.03832788653788741
D,SD,fixed,fixed,x_half,65,0.125,1.25e-05,0.01,stopped,0.008925,0.008925,u,135.0820994808603,21.616228462679864,121.74940566252758,77.23860421286534
D,SD,fixed,fixed,x_half,65,0.125,1.25e-05,0.01,stopped,0.008925,0.008925,v,210.70144282218686,25.777955414370375,212.9903711475754,83.07247992331287
D,SD,fixed,fixed,y_half,33,0.0625,2.5e-05,0.01,completed,0.01,0.0,u,3.810410286830823e-05,3.3465374098974625e-06,0.0,2.1774648376967593e-05
D,SD,fixed,fixed,y_half,33,0.0625,2.5e-05,0.01,completed,0.01,0.0,v,2.341166594588273e-05,2.378628792631687e-06,2.220446049250313e-16,9.225562846414703e-06
D,SD,fixed,fixed,y_half,33,0.0625,2.5e-05,0.01,completed,0.01,0.001,u,4.1331224494900454e-05,4.548179007721652e-06,1.6651609419993108e-05,2.361879200978351e-05
D,SD,fixed,fixed,y_half,33,0.0625,2.5e-05,0.01,completed,0.01,0.001,v,2.407176406071798e-05,4.08811596041338e-06,1.6040122049254535e-05,9.485680031466347e-06
D,SD,fixed,fixed,y_half,33,0.0625,2.5e-05,0.01,completed,0.01,0.002,u,4.631129951260249e-05,7.911466413389848e-06,3.6813385105638474e-05,2.6464663562675343e-05
D,SD,fixed,fixed,y_half,33,0.0625,2.5e-05,0.01,completed,0.01,0.002,v,3.9518596822940566e-05,6.891245702370953e-06,3.315989416563525e-05,1.5572633721791138e-05
D,SD,fixed,fixed,y_half,33,0.0625,2.5e-05,0.01,completed,0.01,0.005,u,0.00015062592399806007,2.636520145270961e-05,0.0001399389189948863,8.607541667754328e-05
D,SD,fixed,fixed,y_half,33,0.0625,2.5e-05,0.01,completed,0.01,0.005,v,0.0001338905218708497,2.2078054107880134e-05,0.00011555093965709418,5.276068037678524e-05
D,SD,fixed,fixed,y_half,33,0.0625,2.5e-05,0.01,completed,0.01,0.01,u,0.0011896912415370053,0.0001990314606296062,0.00118808286049088,0.000679850895615023
D,SD,fixed,fixed,y_half,33,0.0625,2.5e-05,0.01,completed,0.01,0.01,v,0.0011742908064387159,0.00019496748480207177,0.0011117212843527735,0.00046273911731909865
D,SD,minus,frozen,main,33,0.125,2.5e-05,0.01,completed,0.01,0.0,u,4.8143920002630125e-05,4.19136083195729e-06,0.0,2.7528215778626393e-05
D,SD,minus,frozen,main,33,0.125,2.5e-05,0.01,completed,0.01,0.0,v,3.0150635411452242e-05,3.0473785524136104e-06,2.220446049250313e-16,1.188737970345426e-05
D,SD,minus,frozen,main,33,0.125,2.5e-05,0.01,completed,0.01,0.001,u,6.370390672172377e-05,1.2716271320471503e-05,3.819819231987154e-05,3.642526180006317e-05
D,SD,minus,frozen,main,33,0.125,2.5e-05,0.01,completed,0.01,0.001,v,3.4752274874705336e-05,9.821025554580522e-06,2.7381458382436108e-05,1.3701651104756519e-05
D,SD,minus,frozen,main,33,0.125,2.5e-05,0.01,completed,0.01,0.002,u,8.405540953915214e-05,2.4854809561391776e-05,7.760111279364601e-05,4.806204918561227e-05
D,SD,minus,frozen,main,33,0.125,2.5e-05,0.01,completed,0.01,0.002,v,6.486991215659543e-05,1.8525222506377262e-05,5.953228840205327e-05,2.557602075750186e-05
D,SD,minus,frozen,main,33,0.125,2.5e-05,0.01,completed,0.01,0.005,u,0.00021764725738493418,6.31247156754616e-05,0.0002126964825024391,0.0001244485422996588
D,SD,minus,frozen,main,33,0.125,2.5e-05,0.01,completed,0.01,0.005,v,0.0002408769091908347,4.896877689248645e-05,0.0002337828240190909,9.496964963658139e-05
D,SD,minus,frozen,main,33,0.125,2.5e-05,0.01,completed,0.01,0.01,u,0.000913792144283665,0.00016279238079760456,0.0007725947152585899,0.0005224972815524826
D,SD,minus,frozen,main,33,0.125,2.5e-05,0.01,completed,0.01,0.01,v,0.001842811278026879,0.00024119526004132873,0.0017428109575416961,0.000726558398679472
D,SD,minus,moving,combined,65,0.0625,1.25e-05,0.01,completed,0.01,0.0,u,2.59378270128785e-06,1.9226418865050066e-07,0.0,1.4822211267379901e-06
D,SD,minus,moving,combined,65,0.0625,1.25e-05,0.01,completed,0.01,0.0,v,1.9108848343663e-06,1.4624801975886679e-07,2.220446049250313e-16,7.530001569498455e-07
D,SD,minus,moving,combined,65,0.0625,1.25e-05,0.01,completed,0.01,0.001,u,9.83051415759384e-06,3.1491242396127733e-06,9.835823303161462e-06,5.61766248338683e-06
D,SD,minus,moving,combined,65,0.0625,1.25e-05,0.01,completed,0.01,0.001,v,5.9040429802870165e-06,2.222094783266467e-06,5.8576795050058195e-06,2.3265375342565236e-06
D,SD,minus,moving,combined,65,0.0625,1.25e-05,0.01,completed,0.01,0.002,u,3.0336381644069377e-05,6.514977719562042e-06,2.504040720352485e-05,1.7335772098140803e-05
D,SD,minus,moving,combined,65,0.0625,1.25e-05,0.01,completed,0.01,0.002,v,3.035419403563111e-05,5.0127360268981754e-06,3.0387821635891044e-05,1.1961324126838958e-05
D,SD,minus,moving,combined,65,0.0625,1.25e-05,0.01,completed,0.01,0.005,u,0.006243555840464765,0.0004497680578772916,0.006288396234440885,0.0035678896185522154
D,SD,minus,moving,combined,65,0.0625,1.25e-05,0.01,completed,0.01,0.005,v,0.006202350383258004,0.0006279524805180449,0.006168294519119932,0.0024440880622719633
D,SD,minus,moving,combined,65,0.0625,1.25e-05,0.01,completed,0.01,0.01,u,46.177555469977776,5.736472438745732,43.010941653366594,26.388235323156565
D,SD,minus,moving,combined,65,0.0625,1.25e-05,0.01,completed,0.01,0.01,v,56.438196756030194,9.834363839350766,55.08400332195064,22.239943638126395
D,SD,minus,moving,main,33,0.125,2.5e-05,0.01,completed,0.01,0.0,u,4.8143920002630125e-05,4.19136083195729e-06,0.0,2.7528215778626393e-05
D,SD,minus,moving,main,33,0.125,2.5e-05,0.01,completed,0.01,0.0,v,3.0150635411452242e-05,3.0473785524136104e-06,2.220446049250313e-16,1.188737970345426e-05
D,SD,minus,moving,main,33,0.125,2.5e-05,0.01,completed,0.01,0.001,u,6.373509479207229e-05,1.2720108808960304e-05,3.8216637267440845e-05,3.6443094829243724e-05
D,SD,minus,moving,main,33,0.125,2.5e-05,0.01,completed,0.01,0.001,v,3.4774448020247206e-05,9.821316428813244e-06,2.7386646345384236e-05,1.3710393228983063e-05
D,SD,minus,moving,main,33,0.125,2.5e-05,0.01,completed,0.01,0.002,u,8.409780912210785e-05,2.4861066351157615e-05,7.762507540798325e-05,4.808629284646217e-05
D,SD,minus,moving,main,33,0.125,2.5e-05,0.01,completed,0.01,0.002,v,6.4933461576544e-05,1.8525549350135206e-05,5.955975100757627e-05,2.560107615267194e-05
D,SD,minus,moving,main,33,0.125,2.5e-05,0.01,completed,0.01,0.005,u,0.00021751619680654422,6.313145349122763e-05,0.00021251436370173238,0.00012437360316130462
D,SD,minus,moving,main,33,0.125,2.5e-05,0.01,completed,0.01,0.005,v,0.00024087547203643922,4.896177571091477e-05,0.00023361634391871888,9.496908301502405e-05
D,SD,minus,moving,main,33,0.125,2.5e-05,0.01,completed,0.01,0.01,u,0.0009058399815280449,0.00016216028049126187,0.0007633864157439163,0.0005179503137893361
D,SD,minus,moving,main,33,0.125,2.5e-05,0.01,completed,0.01,0.01,v,0.0018238353708039945,0.00023943299459410305,0.0017209252241023876,0.0007190768378003183
D,SD,minus,moving,time_half,33,0.125,1.25e-05,0.01,completed,0.01,0.0,u,4.8143920002630125e-05,4.19136083195729e-06,0.0,2.7528215778626393e-05
D,SD,minus,moving,time_half,33,0.125,1.25e-05,0.01,completed,0.01,0.0,v,3.0150635411452242e-05,3.0473785524136104e-06,2.220446049250313e-16,1.188737970345426e-05
D,SD,minus,moving,time_half,33,0.125,1.25e-05,0.01,completed,0.01,0.001,u,6.373509479229433e-05,1.2720108809071969e-05,3.821663727210378e-05,3.6443094829370684e-05
D,SD,minus,moving,time_half,33,0.125,1.25e-05,0.01,completed,0.01,0.001,v,3.4774448044228023e-05,9.821316428632387e-06,2.7386646339166987e-05,1.3710393238437892e-05
D,SD,minus,moving,time_half,33,0.125,1.25e-05,0.01,completed,0.01,0.002,u,8.409780911855513e-05,2.4861066351151158e-05,7.762507540931551e-05,4.8086292844430766e-05
D,SD,minus,moving,time_half,33,0.125,1.25e-05,0.01,completed,0.01,0.002,v,6.493346157476765e-05,1.8525549350306177e-05,5.955975100091493e-05,2.5601076151971584e-05
D,SD,minus,moving,time_half,33,0.125,1.25e-05,0.01,completed,0.01,0.005,u,0.00021751619682053303,6.313145349097119e-05,0.00021251436371017007,0.0001243736031693033
D,SD,minus,moving,time_half,33,0.125,1.25e-05,0.01,completed,0.01,0.005,v,0.00024087547199780346,4.896177571180198e-05,0.0002336163438765304,9.496908299979126e-05
D,SD,minus,moving,time_half,33,0.125,1.25e-05,0.01,completed,0.01,0.01,u,0.0009058399819001917,0.00016216028052651378,0.0007633864159199977,0.0005179503140021259
D,SD,minus,moving,time_half,33,0.125,1.25e-05,0.01,completed,0.01,0.01,v,0.001823835371284055,0.00023943299469786887,0.001720925224417691,0.00071907683798959
D,SD,minus,moving,x_half,65,0.125,1.25e-05,0.01,completed,0.01,0.0,u,2.4405440599561956e-06,1.9207048011393246e-07,0.0,1.3954788786631578e-06
D,SD,minus,moving,x_half,65,0.125,1.25e-05,0.01,completed,0.01,0.0,v,1.8954192628761746e-06,1.4619552994143218e-07,2.220446049250313e-16,7.472999546302168e-07
D,SD,minus,moving,x_half,65,0.125,1.25e-05,0.01,completed,0.01,0.001,u,3.9177461205186503e-05,1.2408996205649068e-05,3.918029220306707e-05,2.2401283602503086e-05
D,SD,minus,moving,x_half,65,0.125,1.25e-05,0.01,completed,0.01,0.001,v,1.976732413622173e-05,8.769294185947025e-06,1.9702832916745905e-05,7.793589903557044e-06
D,SD,minus,moving,x_half,65,0.125,1.25e-05,0.01,completed,0.01,0.002,u,0.00011642664165489869,2.5442963568466226e-05,0.00010024270285091674,6.657159852545807e-05
D,SD,minus,moving,x_half,65,0.125,1.25e-05,0.01,completed,0.01,0.002,v,9.886733097941303e-05,1.9542283645958453e-05,7.894418679432746e-05,3.898005755371112e-05
D,SD,minus,moving,x_half,65,0.125,1.25e-05,0.01,completed,0.01,0.005,u,0.027224260736615324,0.0018289696187010643,0.027423552578002663,0.01556656217296371
D,SD,minus,moving,x_half,65,0.125,1.25e-05,0.01,completed,0.01,0.005,v,0.032465333325061074,0.003007267075026286,0.03255917073821557,0.012799987103675421
D,SD,minus,moving,x_half,65,0.125,1.25e-05,0.01,completed,0.01,0.01,u,271.5361689582572,29.397397253830245,253.14868861949844,155.26168725720922
D,SD,minus,moving,x_half,65,0.125,1.25e-05,0.01,completed,0.01,0.01,v,619.3149242222843,63.93051661221444,613.6599872381701,244.17500857875598
D,SD,minus,moving,y_half,33,0.0625,2.5e-05,0.01,completed,0.01,0.0,u,5.029999183880918e-05,4.1958524671678535e-06,0.0,2.8744007946854405e-05
D,SD,minus,moving,y_half,33,0.0625,2.5e-05,0.01,completed,0.01,0.0,v,3.023153683390234e-05,3.048686687316551e-06,2.220446049250313e-16,1.1912990030250965e-05
D,SD,minus,moving,y_half,33,0.0625,2.5e-05,0.01,completed,0.01,0.001,u,5.4227472397361254e-05,5.118497401594165e-06,9.485482646010013e-06,3.09883727719603e-05
D,SD,minus,moving,y_half,33,0.0625,2.5e-05,0.01,completed,0.01,0.001,v,3.189441801998427e-05,4.747053452003908e-06,2.1215863431400805e-05,1.256826227460047e-05
D,SD,minus,moving,y_half,33,0.0625,2.5e-05,0.01,completed,0.01,0.002,u,5.851011324375932e-05,7.5106756577817776e-06,2.0095486330973245e-05,3.343569449155173e-05
D,SD,minus,moving,y_half,33,0.0625,2.5e-05,0.01,completed,0.01,0.002,v,5.631003088835129e-05,7.740754638803687e-06,4.692849509746466e-05,2.218943880563091e-05
D,SD,minus,moving,y_half,33,0.0625,2.5e-05,0.01,completed,0.01,0.005,u,6.910499571111117e-05,1.786141684880262e-05,6.309658094139081e-05,3.9490156424934817e-05
D,SD,minus,moving,y_half,33,0.0625,2.5e-05,0.01,completed,0.01,0.005,v,0.0002100955535815352,2.5394398217250903e-05,0.0001846565334542305,8.278991071370591e-05
D,SD,minus,moving,y_half,33,0.0625,2.5e-05,0.01,completed,0.01,0.01,u,0.00046602970277032085,8.329902684204487e-05,0.0004452500171252538,0.00026631339271043173
D,SD,minus,moving,y_half,33,0.0625,2.5e-05,0.01,completed,0.01,0.01,v,0.0014694174918745695,0.00021354255345135302,0.0013090838375724445,0.0005790362569774303
D,SD,plus,frozen,main,33,0.125,2.5e-05,0.01,completed,0.01,0.0,u,1.8668966130563902e-05,1.964092043679623e-06,0.0,1.0674729601950881e-05
D,SD,plus,frozen,main,33,0.125,2.5e-05,0.01,completed,0.01,0.0,v,1.2649198382064242e-05,1.5665008022976994e-06,2.220446049250313e-16,4.98715274354725e-06
D,SD,plus,frozen,main,33,0.125,2.5e-05,0.01,completed,0.01,0.001,u,3.930724745826453e-05,1.264348454606977e-05,3.935645821107059e-05,2.2475494094287637e-05
D,SD,plus,frozen,main,33,0.125,2.5e-05,0.01,completed,0.01,0.001,v,2.2870115934381374e-05,9.46947655475682e-06,2.1685127222781375e-05,9.016916169890969e-06
D,SD,plus,frozen,main,33,0.125,2.5e-05,0.01,completed,0.01,0.002,u,7.922070481369836e-05,2.5509328129583813e-05,7.926689498582995e-05,4.529761299302626e-05
D,SD,plus,frozen,main,33,0.125,2.5e-05,0.01,completed,0.01,0.002,v,4.353800365564098e-05,1.8264390922564417e-05,4.2324023886042283e-05,1.716556795311848e-05
D,SD,plus,frozen,main,33,0.125,2.5e-05,0.01,completed,0.01,0.005,u,0.00029375277137488887,6.647929818189469e-05,0.00025509343891250147,0.000167964920088262
D,SD,plus,frozen,main,33,0.125,2.5e-05,0.01,completed,0.01,0.005,v,0.0002275884969940023,5.1375804527376585e-05,0.00022559021782120325,8.973047642234924e-05
D,SD,plus,frozen,main,33,0.125,2.5e-05,0.01,completed,0.01,0.01,u,0.007705462021592169,0.0006823956802124822,0.007727309273114269,0.004405906731167962
D,SD,plus,frozen,main,33,0.125,2.5e-05,0.01,completed,0.01,0.01,v,0.009064131517487084,0.0010406811281065157,0.009077316931312307,0.003573681667401588
D,SD,plus,moving,combined,65,0.0625,1.25e-05,0.01,stopped,0.0049375,0.0,u,1.0396401681767031e-06,9.939272090712909e-08,0.0,5.941039782213944e-07
D,SD,plus,moving,combined,65,0.0625,1.25e-05,0.01,stopped,0.0049375,0.0,v,8.015780443848541e-07,8.133010432667698e-08,2.220446049250313e-16,3.1586853502320634e-07
D,SD,plus,moving,combined,65,0.0625,1.25e-05,0.01,stopped,0.0049375,0.001,u,1.0514369369829524e-05,3.1866935617117797e-06,9.938527973929467e-06,6.008452599575956e-06
D,SD,plus,moving,combined,65,0.0625,1.25e-05,0.01,stopped,0.0049375,0.001,v,7.4295609082675185e-06,2.2701556837517364e-06,5.375354719561187e-06,2.9276806374619378e-06
D,SD,plus,moving,combined,65,0.0625,1.25e-05,0.01,stopped,0.0049375,0.002,u,0.00010724040495957432,9.081347626811926e-06,9.354117534998707e-05,6.128269488114624e-05
D,SD,plus,moving,combined,65,0.0625,1.25e-05,0.01,stopped,0.0049375,0.002,v,0.00012051014218172895,1.1565915594926196e-05,0.00011936957836766737,4.7488029809490464e-05
D,SD,plus,moving,combined,65,0.0625,1.25e-05,0.01,stopped,0.0049375,0.0049375,u,0.8189149444840784,0.04653359117079533,0.8158789379328262,0.46797020857340665
D,SD,plus,moving,combined,65,0.0625,1.25e-05,0.01,stopped,0.0049375,0.0049375,v,1.19210453864586,0.08016768777031184,1.1889253241219104,0.46975876753904006
D,SD,plus,moving,main,33,0.125,2.5e-05,0.01,completed,0.01,0.0,u,1.8668966130563902e-05,1.964092043679623e-06,0.0,1.0674729601950881e-05
D,SD,plus,moving,main,33,0.125,2.5e-05,0.01,completed,0.01,0.0,v,1.2649198382064242e-05,1.5665008022976994e-06,2.220446049250313e-16,4.98715274354725e-06
D,SD,plus,moving,main,33,0.125,2.5e-05,0.01,completed,0.01,0.001,u,3.930479612623827e-05,1.2648095402499421e-05,3.9357029470332705e-05,2.247409244695688e-05
D,SD,plus,moving,main,33,0.125,2.5e-05,0.01,completed,0.01,0.001,v,2.286544508978139e-05,9.462879662622914e-06,2.1682410327628077e-05,9.015074613235923e-06
D,SD,plus,moving,main,33,0.125,2.5e-05,0.01,completed,0.01,0.002,u,7.923151635891301e-05,2.5516808147266074e-05,7.927308517285958e-05,4.530379492730899e-05
D,SD,plus,moving,main,33,0.125,2.5e-05,0.01,completed,0.01,0.002,v,4.352158858234034e-05,1.8250438164689874e-05,4.231234479856738e-05,1.715909604277491e-05
D,SD,plus,moving,main,33,0.125,2.5e-05,0.01,completed,0.01,0.005,u,0.0002928771453862833,6.647662426630444e-05,0.00025419323268405236,0.0001674642458358457
D,SD,plus,moving,main,33,0.125,2.5e-05,0.01,completed,0.01,0.005,v,0.00022705011767065741,5.1296617301506344e-05,0.00022515390260213763,8.951821159430326e-05
D,SD,plus,moving,main,33,0.125,2.5e-05,0.01,completed,0.01,0.01,u,0.0076020997894117315,0.0006748702568688781,0.007619627860633749,0.0043468052323563135
D,SD,plus,moving,main,33,0.125,2.5e-05,0.01,completed,0.01,0.01,v,0.008927365577268365,0.0010270987627148656,0.008936689163721923,0.0035197594651098806
D,SD,plus,moving,time_half,33,0.125,1.25e-05,0.01,completed,0.01,0.0,u,1.8668966130563902e-05,1.964092043679623e-06,0.0,1.0674729601950881e-05
D,SD,plus,moving,time_half,33,0.125,1.25e-05,0.01,completed,0.01,0.0,v,1.2649198382064242e-05,1.5665008022976994e-06,2.220446049250313e-16,4.98715274354725e-06
D,SD,plus,moving,time_half,33,0.125,1.25e-05,0.01,completed,0.01,0.001,u,3.930479613001303e-05,1.2648095402630352e-05,3.9357029473663374e-05,2.247409244911525e-05
D,SD,plus,moving,time_half,33,0.125,1.25e-05,0.01,completed,0.01,0.001,v,2.286544507201782e-05,9.462879662853029e-06,2.168241030853224e-05,9.015074606232346e-06
D,SD,plus,moving,time_half,33,0.125,1.25e-05,0.01,completed,0.01,0.002,u,7.923151637068138e-05,2.5516808147341826e-05,7.92730851864043e-05,4.5303794934038025e-05
D,SD,plus,moving,time_half,33,0.125,1.25e-05,0.01,completed,0.01,0.002,v,4.352158859033395e-05,1.825043816492445e-05,4.231234480389645e-05,1.7159096045926518e-05
D,SD,plus,moving,time_half,33,0.125,1.25e-05,0.01,completed,0.01,0.005,u,0.00029287714567782785,6.647662427032683e-05,0.0002541932327280172,0.00016746424600254798
D,SD,plus,moving,time_half,33,0.125,1.25e-05,0.01,completed,0.01,0.005,v,0.00022705011831058997,5.129661733070051e-05,0.0002251539032451788,8.951821184660709e-05
D,SD,plus,moving,time_half,33,0.125,1.25e-05,0.01,completed,0.01,0.01,u,0.007602099834268072,0.000674870260309014,0.007619627906572779,0.004346805258004724
D,SD,plus,moving,time_half,33,0.125,1.25e-05,0.01,completed,0.01,0.01,v,0.008927365633313755,0.0010270987682096944,0.00893668922022739,0.00351975948720669
D,SD,plus,moving,x_half,65,0.125,1.25e-05,0.01,stopped,0.004425,0.0,u,9.743099766978958e-07,9.936731866044991e-08,0.0,5.571007776754133e-07
D,SD,plus,moving,x_half,65,0.125,1.25e-05,0.01,stopped,0.004425,0.0,v,7.9447885736883e-07,8.133906601397751e-08,2.220446049250313e-16,3.132362457715403e-07
D,SD,plus,moving,x_half,65,0.125,1.25e-05,0.01,stopped,0.004425,0.001,u,3.93064604631288e-05,1.2482421049524758e-05,3.931441038584893e-05,2.247504409827751e-05
D,SD,plus,moving,x_half,65,0.125,1.25e-05,0.01,stopped,0.004425,0.001,v,2.8923237005429314e-05,8.980850816753377e-06,2.2668911443535222e-05,1.1403457865632325e-05
D,SD,plus,moving,x_half,65,0.125,1.25e-05,0.01,stopped,0.004425,0.002,u,0.0004153270854296842,3.602889334256601e-05,0.00037266590639495334,0.0002374799066173204
D,SD,plus,moving,x_half,65,0.125,1.25e-05,0.01,stopped,0.004425,0.002,v,0.0004785552847188512,4.7133350014872965e-05,0.0004661897404796278,0.0001886782252153418
D,SD,plus,moving,x_half,65,0.125,1.25e-05,0.01,stopped,0.004425,0.004425,u,0.8085639646928695,0.04532276329178293,0.8060611217769567,0.4623288525253237
D,SD,plus,moving,x_half,65,0.125,1.25e-05,0.01,stopped,0.004425,0.004425,v,1.2583823958104867,0.08334281486912994,1.2555913590156038,0.49613778107839923
D,SD,plus,moving,y_half,33,0.0625,2.5e-05,0.01,completed,0.01,0.0,u,1.961209870837699e-05,1.9646617370312835e-06,0.0,1.1207364067465566e-05
D,SD,plus,moving,y_half,33,0.0625,2.5e-05,0.01,completed,0.01,0.0,v,1.269757457000864e-05,1.5662715125227482e-06,2.220446049250313e-16,5.003585497223147e-06
D,SD,plus,moving,y_half,33,0.0625,2.5e-05,0.01,completed,0.01,0.001,u,2.326925831730442e-05,3.853554289855011e-06,1.0035500061178482e-05,1.3297253568815704e-05
D,SD,plus,moving,y_half,33,0.0625,2.5e-05,0.01,completed,0.01,0.001,v,1.345897795435036e-05,3.2550021898322255e-06,8.14600726783965e-06,5.303622871323503e-06
D,SD,plus,moving,y_half,33,0.0625,2.5e-05,0.01,completed,0.01,0.002,u,2.9075118855192983e-05,7.260429742301076e-06,2.0135087114958594e-05,1.6615021531367092e-05
D,SD,plus,moving,y_half,33,0.0625,2.5e-05,0.01,completed,0.01,0.002,v,2.151056911214866e-05,5.611202939850687e-06,1.9142501459956662e-05,8.47641973300811e-06
D,SD,plus,moving,y_half,33,0.0625,2.5e-05,0.01,completed,0.01,0.005,u,7.834087079738872e-05,1.9321730362994256e-05,6.351315450436879e-05,4.4768011493517295e-05
D,SD,plus,moving,y_half,33,0.0625,2.5e-05,0.01,completed,0.01,0.005,v,0.0001151262302769851,1.6270038075131733e-05,0.00010724893119995471,4.536645427737803e-05
D,SD,plus,moving,y_half,33,0.0625,2.5e-05,0.01,completed,0.01,0.01,u,0.001445780690213061,0.000203905995666854,0.001205891723006225,0.00082619360619516
D,SD,plus,moving,y_half,33,0.0625,2.5e-05,0.01,completed,0.01,0.01,v,0.0017484385942774239,0.00026084001785042353,0.0016368314340837742,0.0006889868568896139
D,SD,zero,frozen,main,33,0.125,2.5e-05,0.01,completed,0.01,0.0,u,2.9512250342866864e-05,2.706850510670467e-06,0.0,1.6874811928627685e-05
D,SD,zero,frozen,main,33,0.125,2.5e-05,0.01,completed,0.01,0.0,v,1.9303826332972562e-05,2.046208183908113e-06,2.220446049250313e-16,7.610848335966499e-06
D,SD,zero,frozen,main,33,0.125,2.5e-05,0.01,completed,0.01,0.001,u,4.539031968864293e-05,1.2510140054540425e-05,3.901032086162104e-05,2.5953734440019323e-05
D,SD,zero,frozen,main,33,0.125,2.5e-05,0.01,completed,0.01,0.001,v,2.2540252546665585e-05,9.43306296911662e-06,2.065859505906431e-05,8.886862149916453e-06
D,SD,zero,frozen,main,33,0.125,2.5e-05,0.01,completed,0.01,0.002,u,7.838020695905001e-05,2.5062634223744904e-05,7.848538618127066e-05,4.481702465906907e-05
D,SD,zero,frozen,main,33,0.125,2.5e-05,0.01,completed,0.01,0.002,v,4.2815913510185766e-05,1.8087041377127444e-05,4.167142879918373e-05,1.688087213752422e-05
D,SD,zero,frozen,main,33,0.125,2.5e-05,0.01,completed,0.01,0.005,u,0.00022209912044002245,6.454024067053357e-05,0.00021294883113087693,0.00012699407342364435
D,SD,zero,frozen,main,33,0.125,2.5e-05,0.01,completed,0.01,0.005,v,0.00019790635311300875,4.765095040520256e-05,0.0001976552880855742,7.802780714487492e-05
D,SD,zero,frozen,main,33,0.125,2.5e-05,0.01,completed,0.01,0.01,u,0.001867079220276846,0.0002507276961910154,0.001848367267999862,0.0010675773731919354
D,SD,zero,frozen,main,33,0.125,2.5e-05,0.01,completed,0.01,0.01,v,0.0028698293116393714,0.00034555139321979406,0.002849841937108355,0.0011314770069025485
D,SD,zero,moving,combined,65,0.0625,1.25e-05,0.01,stopped,0.0063,0.0,u,1.6363384975903728e-06,1.2789899608379314e-07,0.0,9.350881592428305e-07
D,SD,zero,moving,combined,65,0.0625,1.25e-05,0.01,stopped,0.0063,0.0,v,1.235468878757473e-06,1.0023551216032427e-07,2.220446049250313e-16,4.868468485802503e-07
D,SD,zero,moving,combined,65,0.0625,1.25e-05,0.01,stopped,0.0063,0.001,u,9.86660686663754e-06,3.1629669567539157e-06,9.874049295532927e-06,5.638287717659237e-06
D,SD,zero,moving,combined,65,0.0625,1.25e-05,0.01,stopped,0.0063,0.001,v,5.286192100939502e-06,2.2308856848159285e-06,4.867307406453136e-06,2.083068225822473e-06
D,SD,zero,moving,combined,65,0.0625,1.25e-05,0.01,stopped,0.0063,0.002,u,5.133955219793762e-05,6.902364418225828e-06,3.835784620909166e-05,2.933806631807203e-05
D,SD,zero,moving,combined,65,0.0625,1.25e-05,0.01,stopped,0.0063,0.002,v,4.8012386484774794e-05,6.203591121868785e-06,4.8007637058145036e-05,1.8919682603772124e-05
D,SD,zero,moving,combined,65,0.0625,1.25e-05,0.01,stopped,0.0063,0.005,u,0.05374524699361061,0.003396569612101181,0.05378380178675979,0.030712804320935445
D,SD,zero,moving,combined,65,0.0625,1.25e-05,0.01,stopped,0.0063,0.005,v,0.057018208968230955,0.0050809605927861785,0.05702212676045049,0.022468502303183167
D,SD,zero,moving,combined,65,0.0625,1.25e-05,0.01,stopped,0.0063,0.0063,u,2.137258880954002,0.11942351517412016,2.13936351282373,1.2213398852130186
D,SD,zero,moving,combined,65,0.0625,1.25e-05,0.01,stopped,0.0063,0.0063,v,2.7307809253666226,0.17976767813596078,2.72985859204891,1.076087071505085
D,SD,zero,moving,main,33,0.125,2.5e-05,0.01,completed,0.01,0.0,u,2.9512250342866864e-05,2.706850510670467e-06,0.0,1.6874811928627685e-05
D,SD,zero,moving,main,33,0.125,2.5e-05,0.01,completed,0.01,0.0,v,1.9303826332972562e-05,2.046208183908113e-06,2.220446049250313e-16,7.610848335966499e-06
D,SD,zero,moving,main,33,0.125,2.5e-05,0.01,completed,0.01,0.001,u,4.542143706087742e-05,1.2512270781462775e-05,3.9017130876395356e-05,2.5971527044719732e-05
D,SD,zero,moving,main,33,0.125,2.5e-05,0.01,completed,0.01,0.001,v,2.255422464880752e-05,9.431516913796779e-06,2.065886346303003e-05,8.892370879041066e-06
D,SD,zero,moving,main,33,0.125,2.5e-05,0.01,completed,0.01,0.002,u,7.840164719974396e-05,2.5065558341644293e-05,7.849918296098934e-05,4.482928397597007e-05
D,SD,zero,moving,main,33,0.125,2.5e-05,0.01,completed,0.01,0.002,v,4.284843543267414e-05,1.8083298901327825e-05,4.168780731683697e-05,1.689369443582838e-05
D,SD,zero,moving,main,33,0.125,2.5e-05,0.01,completed,0.01,0.005,u,0.00022175614066455296,6.453523507003853e-05,0.0002129766714800141,0.00012679796099103992
D,SD,zero,moving,main,33,0.125,2.5e-05,0.01,completed,0.01,0.005,v,0.00019769385269041706,4.762551631153624e-05,0.00019742352851181977,7.794402538783995e-05
D,SD,zero,moving,main,33,0.125,2.5e-05,0.01,completed,0.01,0.01,u,0.0018422462276475038,0.0002489275250272451,0.0018252295895027082,0.0010533781143968013
D,SD,zero,moving,main,33,0.125,2.5e-05,0.01,completed,0.01,0.01,v,0.0028344613619544212,0.00034220101406787375,0.0028133671986911857,0.0011175326159635114
D,SD,zero,moving,time_half,33,0.125,1.25e-05,0.01,completed,0.01,0.0,u,2.9512250342866864e-05,2.706850510670467e-06,0.0,1.6874811928627685e-05
D,SD,zero,moving,time_half,33,0.125,1.25e-05,0.01,completed,0.01,0.0,v,1.9303826332972562e-05,2.046208183908113e-06,2.220446049250313e-16,7.610848335966499e-06
D,SD,zero,moving,time_half,33,0.125,1.25e-05,0.01,completed,0.01,0.001,u,4.5421437061987646e-05,1.2512270781390042e-05,3.9017130876839445e-05,2.5971527045354546e-05
D,SD,zero,moving,time_half,33,0.125,1.25e-05,0.01,completed,0.01,0.001,v,2.2554224663462463e-05,9.43151691399252e-06,2.0658863475908618e-05,8.892370884819017e-06
D,SD,zero,moving,time_half,33,0.125,1.25e-05,0.01,completed,0.01,0.002,u,7.840164720263054e-05,2.5065558341257334e-05,7.849918296165548e-05,4.482928397762059e-05
D,SD,zero,moving,time_half,33,0.125,1.25e-05,0.01,completed,0.01,0.002,v,4.284843543711503e-05,1.808329890148824e-05,4.1687807312840164e-05,1.6893694437579275e-05
D,SD,zero,moving,time_half,33,0.125,1.25e-05,0.01,completed,0.01,0.005,u,0.0002217561407185098,6.453523506974387e-05,0.00021297667153596933,0.0001267979610218919
D,SD,zero,moving,time_half,33,0.125,1.25e-05,0.01,completed,0.01,0.005,v,0.0001976938527921135,4.762551631543598e-05,0.00019742352860774304,7.794402542793543e-05
D,SD,zero,moving,time_half,33,0.125,1.25e-05,0.01,completed,0.01,0.01,u,0.0018422462295339948,0.0002489275253549619,0.0018252295941385555,0.0010533781154754781
D,SD,zero,moving,time_half,33,0.125,1.25e-05,0.01,completed,0.01,0.01,v,0.002834461366044927,0.0003422010145394841,0.002813367202725736,0.00111753261757626
D,SD,zero,moving,x_half,65,0.125,1.25e-05,0.01,stopped,0.0056625,0.0,u,1.5360969738420494e-06,1.2782951538304975e-07,0.0,8.783250086513282e-07
D,SD,zero,moving,x_half,65,0.125,1.25e-05,0.01,stopped,0.0056625,0.0,v,1.2249653718043874e-06,1.0023434441041045e-07,2.220446049250313e-16,4.829625744036814e-07
D,SD,zero,moving,x_half,65,0.125,1.25e-05,0.01,stopped,0.0056625,0.001,u,3.9196733053747934e-05,1.2436356353707211e-05,3.917677589182489e-05,2.2412303054297272e-05
D,SD,zero,moving,x_half,65,0.125,1.25e-05,0.01,stopped,0.0056625,0.001,v,1.9833404844682434e-05,8.836463202726851e-06,1.9718090779718978e-05,7.819643300502944e-06
D,SD,zero,moving,x_half,65,0.125,1.25e-05,0.01,stopped,0.0056625,0.002,u,0.00019780829171178738,2.702522377299346e-05,0.0001474043842937256,0.00011310481856787062
D,SD,zero,moving,x_half,65,0.125,1.25e-05,0.01,stopped,0.0056625,0.002,v,0.00019761996487011046,2.4983902780216446e-05,0.0001673385644549441,7.791489390973149e-05
D,SD,zero,moving,x_half,65,0.125,1.25e-05,0.01,stopped,0.0056625,0.005,u,0.22162079631554188,0.013771050373806099,0.22244524722837666,0.1267205724351477
D,SD,zero,moving,x_half,65,0.125,1.25e-05,0.01,stopped,0.0056625,0.005,v,0.28578168688700734,0.02366797807741014,0.2850152371285284,0.11267409054434588
D,SD,zero,moving,x_half,65,0.125,1.25e-05,0.01,stopped,0.0056625,0.0056625,u,1.5811731573501904,0.09371473962873302,1.5569391571648743,0.9040991231401625
D,SD,zero,moving,x_half,65,0.125,1.25e-05,0.01,stopped,0.0056625,0.0056625,v,2.487343100484223,0.1711529012186973,2.466752709128446,0.9806755806211701
D,SD,zero,moving,y_half,33,0.0625,2.5e-05,0.01,completed,0.01,0.0,u,3.092675726623639e-05,2.7085424821456636e-06,0.0,1.767314315835049e-05
D,SD,zero,moving,y_half,33,0.0625,2.5e-05,0.01,completed,0.01,0.0,v,1.936752176634471e-05,2.0463016420733014e-06,2.220446049250313e-16,7.631933995971805e-06
D,SD,zero,moving,y_half,33,0.0625,2.5e-05,0.01,completed,0.01,0.001,u,3.472189722120156e-05,4.075931026287262e-06,9.752307807975313e-06,1.9841881741341205e-05
D,SD,zero,moving,y_half,33,0.0625,2.5e-05,0.01,completed,0.01,0.001,v,2.047529564652706e-05,3.5646129686138276e-06,1.3424574760723118e-05,8.06846156196658e-06
D,SD,zero,moving,y_half,33,0.0625,2.5e-05,0.01,completed,0.01,0.002,u,3.961988584344489e-05,7.042393906624579e-06,1.972010871886809e-05,2.264084489689264e-05
D,SD,zero,moving,y_half,33,0.0625,2.5e-05,0.01,completed,0.01,0.002,v,3.5195240307484e-05,5.929147482913534e-06,3.0149598365891705e-05,1.3868978914269186e-05
D,SD,zero,moving,y_half,33,0.0625,2.5e-05,0.01,completed,0.01,0.005,u,6.537452324639759e-05,1.8496256629829045e-05,5.527666495197536e-05,3.735837217902732e-05
D,SD,zero,moving,y_half,33,0.0625,2.5e-05,0.01,completed,0.01,0.005,v,0.00014737477971626944,1.8428703798001456e-05,0.00013013791415339426,5.807426500069611e-05
D,SD,zero,moving,y_half,33,0.0625,2.5e-05,0.01,completed,0.01,0.01,u,0.0007513076195315715,0.00011660346642299437,0.0007364714835311759,0.00042933589841431314
D,SD,zero,moving,y_half,33,0.0625,2.5e-05,0.01,completed,0.01,0.01,v,0.001549032198525424,0.00021231448390449247,0.0015391431819722357,0.0006104090982525511
E,FD,fixed,fixed,combined,65,0.0625,1.25e-05,0.01,completed,0.01,0.0,u,3.858094399511458e-13,5.120300880788925e-14,0.0,1.8135537147206516e-11
E,FD,fixed,fixed,combined,65,0.0625,1.25e-05,0.01,completed,0.01,0.0,v,7.612244168342386e-13,9.723396735973413e-14,0.0,9.457376833783144e-12
E,FD,fixed,fixed,combined,65,0.0625,1.25e-05,0.01,completed,0.01,0.001,u,1.4402027487259161e-10,4.154117263565244e-11,1.4334889178457821e-10,6.769883715736752e-09
E,FD,fixed,fixed,combined,65,0.0625,1.25e-05,0.01,completed,0.01,0.001,v,7.97691773746223e-11,1.9066717853234547e-11,7.433625243136177e-11,9.910443667717616e-10
E,FD,fixed,fixed,combined,65,0.0625,1.25e-05,0.01,completed,0.01,0.002,u,8.409981010204515e-10,1.0084060386950457e-10,6.89389087482617e-10,3.953234608183215e-08
E,FD,fixed,fixed,combined,65,0.0625,1.25e-05,0.01,completed,0.01,0.002,v,6.441751854158184e-10,8.225988267386171e-11,4.902439842968676e-10,8.003168764325303e-09
E,FD,fixed,fixed,combined,65,0.0625,1.25e-05,0.01,completed,0.01,0.005,u,5.490996593804365e-07,4.666798406737779e-08,5.411778837560721e-07,2.5811232797915304e-05
E,FD,fixed,fixed,combined,65,0.0625,1.25e-05,0.01,completed,0.01,0.005,v,4.672087962759308e-07,5.4464607887616554e-08,4.6310440551811105e-07,5.804555855966281e-06
E,FD,fixed,fixed,combined,65,0.0625,1.25e-05,0.01,completed,0.01,0.01,u,0.034534389613716715,0.0029407314537826133,0.0343057430386617,1.6233395060913214
E,FD,fixed,fixed,combined,65,0.0625,1.25e-05,0.01,completed,0.01,0.01,v,0.029175362718933708,0.0030445917166112375,0.029052872358786428,0.3624718196018506
E,FD,fixed,fixed,main,33,0.125,2.5e-05,0.01,completed,0.01,0.0,u,6.205553432225841e-12,1.110064168588449e-12,0.0,2.9423506906268543e-10
E,FD,fixed,fixed,main,33,0.125,2.5e-05,0.01,completed,0.01,0.0,v,1.2230869095297692e-11,2.10783672183831e-12,0.0,1.540101784867497e-10
E,FD,fixed,fixed,main,33,0.125,2.5e-05,0.01,completed,0.01,0.001,u,4.287928762058968e-10,1.6312685771152473e-10,4.134309943004677e-10,2.033112806487845e-08
E,FD,fixed,fixed,main,33,0.125,2.5e-05,0.01,completed,0.01,0.001,v,1.3727644021521712e-10,6.959567283247e-11,1.3570817386510114e-10,1.7285745513946759e-09
E,FD,fixed,fixed,main,33,0.125,2.5e-05,0.01,completed,0.01,0.002,u,8.954541032279995e-10,3.2760277646954885e-10,8.834006512414838e-10,4.245777637454831e-08
E,FD,fixed,fixed,main,33,0.125,2.5e-05,0.01,completed,0.01,0.002,v,3.511363144692581e-10,1.436879571769768e-10,3.4994763337126145e-10,4.421481911320683e-09
E,FD,fixed,fixed,main,33,0.125,2.5e-05,0.01,completed,0.01,0.005,u,3.452897006511746e-09,8.519338806397451e-10,3.349904867389064e-09,1.637184177484251e-07
E,FD,fixed,fixed,main,33,0.125,2.5e-05,0.01,completed,0.01,0.005,v,2.23699848922454e-09,4.725724121178203e-10,2.008901461847401e-09,2.8168115766402566e-08
E,FD,fixed,fixed,main,33,0.125,2.5e-05,0.01,completed,0.01,0.01,u,3.9583284913713435e-08,4.523326158056655e-09,3.046003474449499e-08,1.8768335004307416e-06
E,FD,fixed,fixed,main,33,0.125,2.5e-05,0.01,completed,0.01,0.01,v,3.1086724527895626e-08,5.2210759925263805e-09,2.2591407092265037e-08,3.9144168380890485e-07
E,FD,fixed,fixed,time_half,33,0.125,1.25e-05,0.01,completed,0.01,0.0,u,6.205553432225841e-12,1.110064168588449e-12,0.0,2.9423506906268543e-10
E,FD,fixed,fixed,time_half,33,0.125,1.25e-05,0.01,completed,0.01,0.0,v,1.2230869095297692e-11,2.10783672183831e-12,0.0,1.540101784867497e-10
E,FD,fixed,fixed,time_half,33,0.125,1.25e-05,0.01,completed,0.01,0.001,u,4.287928831447907e-10,1.6312685773698688e-10,4.134310012393616e-10,2.033112839388471e-08
E,FD,fixed,fixed,time_half,33,0.125,1.25e-05,0.01,completed,0.01,0.001,v,1.3727643327632322e-10,6.959567401806046e-11,1.3570816692620724e-10,1.7285744640206489e-09
E,FD,fixed,fixed,time_half,33,0.125,1.25e-05,0.01,completed,0.01,0.002,u,8.954541275141281e-10,3.2760277696351863e-10,8.834006789970594e-10,4.245777752607022e-08
E,FD,fixed,fixed,time_half,33,0.125,1.25e-05,0.01,completed,0.01,0.002,v,3.511363422248337e-10,1.4368796051888643e-10,3.4994766806573097e-10,4.421482260816791e-09
E,FD,fixed,fixed,time_half,33,0.125,1.25e-05,0.01,completed,0.01,0.005,u,3.4528971799840935e-09,8.519338837667431e-10,3.349905016575283e-09,1.637184259735816e-07
E,FD,fixed,fixed,time_half,33,0.125,1.25e-05,0.01,completed,0.01,0.005,v,2.23699861412463e-09,4.725724211113397e-10,2.0089016283808547e-09,2.8168117339135057e-08
E,FD,fixed,fixed,time_half,33,0.125,1.25e-05,0.01,completed,0.01,0.01,u,3.958328816111578e-08,4.523326297205937e-09,3.046003717310786e-08,1.8768336544056713e-06
E,FD,fixed,fixed,time_half,33,0.125,1.25e-05,0.01,completed,0.01,0.01,v,3.108672537444068e-08,5.221076221476202e-09,2.2591408133099122e-08,3.914416944685362e-07
E,FD,fixed,fixed,x_half,65,0.125,1.25e-05,0.01,completed,0.01,0.0,u,3.857261732242989e-13,5.120819867019199e-14,0.0,1.828912899670711e-11
E,FD,fixed,fixed,x_half,65,0.125,1.25e-05,0.01,completed,0.01,0.0,v,7.602807272633072e-13,9.724291417664277e-14,0.0,9.573397408927782e-12
E,FD,fixed,fixed,x_half,65,0.125,1.25e-05,0.01,completed,0.01,0.001,u,5.612829125090091e-10,1.6571204144151892e-10,5.585708909294773e-10,2.661311651401847e-08
E,FD,fixed,fixed,x_half,65,0.125,1.25e-05,0.01,completed,0.01,0.001,v,3.1825261870288557e-10,7.602231483850632e-11,2.956248579266685e-10,4.0074129016024705e-09
E,FD,fixed,fixed,x_half,65,0.125,1.25e-05,0.01,completed,0.01,0.002,u,3.2778764563756724e-09,4.016918736459341e-10,2.688277343787515e-09,1.55419853531856e-07
E,FD,fixed,fixed,x_half,65,0.125,1.25e-05,0.01,completed,0.01,0.002,v,2.52458749738782e-09,3.275304628708993e-10,1.9311014037848295e-09,3.178941480353171e-08
E,FD,fixed,fixed,x_half,65,0.125,1.25e-05,0.01,completed,0.01,0.005,u,2.1170151266181048e-06,1.835881384226645e-07,2.085938717047431e-06,0.00010037784684158343
E,FD,fixed,fixed,x_half,65,0.125,1.25e-05,0.01,completed,0.01,0.005,v,1.7779569537190731e-06,2.1386326782405623e-07,1.7598618713421388e-06,2.2387899473906318e-05
E,FD,fixed,fixed,x_half,65,0.125,1.25e-05,0.01,completed,0.01,0.01,u,0.1309606628989868,0.011268423496510686,0.13005290639089181,6.209473516491364
E,FD,fixed,fixed,x_half,65,0.125,1.25e-05,0.01,completed,0.01,0.01,v,0.10626864490449753,0.011508867172486783,0.10585295067999155,1.3381267383181277
E,FD,fixed,fixed,y_half,33,0.0625,2.5e-05,0.01,completed,0.01,0.0,u,6.213717040903788e-12,1.1100009515453964e-12,0.0,2.9208485990340296e-10
E,FD,fixed,fixed,y_half,33,0.0625,2.5e-05,0.01,completed,0.01,0.0,v,1.2249534719899202e-11,2.10773000852092e-12,0.0,1.521870073038182e-10
E,FD,fixed,fixed,y_half,33,0.0625,2.5e-05,0.01,completed,0.01,0.001,u,1.1156640195020273e-10,4.0994528892075926e-11,1.0634486694027778e-10,5.244341940426038e-09
E,FD,fixed,fixed,y_half,33,0.0625,2.5e-05,0.01,completed,0.01,0.001,v,3.68539018746894e-11,1.7733955219849235e-11,3.3990803227634814e-11,4.578692303036067e-10
E,FD,fixed,fixed,y_half,33,0.0625,2.5e-05,0.01,completed,0.01,0.002,u,2.3113690475473625e-10,8.219963604136957e-11,2.2700886309623414e-10,1.0864928351158673e-08
E,FD,fixed,fixed,y_half,33,0.0625,2.5e-05,0.01,completed,0.01,0.002,v,8.779321714058597e-11,3.616260987739565e-11,8.782174293342493e-11,1.0907342428684505e-09
E,FD,fixed,fixed,y_half,33,0.0625,2.5e-05,0.01,completed,0.01,0.005,u,8.843266362246194e-10,2.1358789826141818e-10,8.591768616006412e-10,4.1569067266852236e-08
E,FD,fixed,fixed,y_half,33,0.0625,2.5e-05,0.01,completed,0.01,0.005,v,5.60891902368077e-10,1.1816561598471706e-10,5.056690899341021e-10,6.968465496381352e-09
E,FD,fixed,fixed,y_half,33,0.0625,2.5e-05,0.01,completed,0.01,0.01,u,1.0170303696432903e-08,1.140576999927557e-09,7.814192855282176e-09,4.780700039594324e-07
E,FD,fixed,fixed,y_half,33,0.0625,2.5e-05,0.01,completed,0.01,0.01,v,7.95572260847699e-09,1.315259879707347e-09,5.760331503457117e-09,9.884111049186054e-08
E,FD,minus,frozen,main,33,0.125,2.5e-05,0.01,completed,0.01,0.0,u,6.230602839218946e-12,1.1099535469977812e-12,0.0,2.9542278166190674e-10
E,FD,minus,frozen,main,33,0.125,2.5e-05,0.01,completed,0.01,0.0,v,1.2279732786169006e-11,2.107616698511174e-12,0.0,1.546254663860786e-10
E,FD,minus,frozen,main,33,0.125,2.5e-05,0.01,completed,0.01,0.001,u,4.288207566816027e-10,1.6312763449874695e-10,4.134730509364193e-10,2.033245001203182e-08
E,FD,minus,frozen,main,33,0.125,2.5e-05,0.01,completed,0.01,0.001,v,1.3722084579725902e-10,6.95956176616341e-11,1.3563942330430123e-10,1.7278745106889924e-09
E,FD,minus,frozen,main,33,0.125,2.5e-05,0.01,completed,0.01,0.002,u,8.956333452658782e-10,3.2760523768065335e-10,8.836928341859895e-10,4.2466275099757945e-08
E,FD,minus,frozen,main,33,0.125,2.5e-05,0.01,completed,0.01,0.002,v,3.5149413935009477e-10,1.4368947315706503e-10,3.503094897494563e-10,4.425987615153769e-09
E,FD,minus,frozen,main,33,0.125,2.5e-05,0.01,completed,0.01,0.005,u,3.460929237641963e-09,8.520315753601337e-10,3.356318750702414e-09,1.640992643734906e-07
E,FD,minus,frozen,main,33,0.125,2.5e-05,0.01,completed,0.01,0.005,v,2.244138916362992e-09,4.727048638236389e-10,2.0145087820111485e-09,2.8258027484817366e-08
E,FD,minus,frozen,main,33,0.125,2.5e-05,0.01,completed,0.01,0.01,u,3.990112025856196e-08,4.542544660307341e-09,3.068075079062926e-08,1.8919035994418019e-06
E,FD,minus,frozen,main,33,0.125,2.5e-05,0.01,completed,0.01,0.01,v,3.133761317108963e-08,5.2384338241179335e-09,2.27591764739854e-08,3.946008546264114e-07
E,FD,minus,moving,combined,65,0.0625,1.25e-05,0.01,completed,0.01,0.0,u,3.87363752185621e-13,5.119909991130609e-14,0.0,1.8208599867678707e-11
E,FD,minus,moving,combined,65,0.0625,1.25e-05,0.01,completed,0.01,0.0,v,7.639860966079937e-13,9.72219117486837e-14,0.0,9.49168767003201e-12
E,FD,minus,moving,combined,65,0.0625,1.25e-05,0.01,completed,0.01,0.001,u,1.4418818222727836e-10,4.1541883933899327e-11,1.4351966143300032e-10,6.777776446584904e-09
E,FD,minus,moving,combined,65,0.0625,1.25e-05,0.01,completed,0.01,0.001,v,7.995974715679921e-11,1.9067648718227847e-11,7.450353528559717e-11,9.93411986889196e-10
E,FD,minus,moving,combined,65,0.0625,1.25e-05,0.01,completed,0.01,0.002,u,8.45769003443575e-10,1.0092301855773835e-10,6.925488377218514e-10,3.975660932985223e-08
E,FD,minus,moving,combined,65,0.0625,1.25e-05,0.01,completed,0.01,0.002,v,6.480091047089687e-10,8.234414446775052e-11,4.928080443722394e-10,8.05080099826812e-09
E,FD,minus,moving,combined,65,0.0625,1.25e-05,0.01,completed,0.01,0.005,u,5.602205414706463e-07,4.734191202116077e-08,5.521545329220667e-07,2.6333986129928753e-05
E,FD,minus,moving,combined,65,0.0625,1.25e-05,0.01,completed,0.01,0.005,v,4.765234908332694e-07,5.511222131091772e-08,4.7241868643410623e-07,5.920280699484434e-06
E,FD,minus,moving,combined,65,0.0625,1.25e-05,0.01,completed,0.01,0.01,u,0.03595468829983131,0.003059395945370412,0.0357234996289852,1.6901027236668724
E,FD,minus,moving,combined,65,0.0625,1.25e-05,0.01,completed,0.01,0.01,v,0.030377971589942883,0.003164353821044779,0.030258124580661596,0.37741291322058157
E,FD,minus,moving,main,33,0.125,2.5e-05,0.01,completed,0.01,0.0,u,6.230602839218946e-12,1.1099535469977812e-12,0.0,2.9542278166190674e-10
E,FD,minus,moving,main,33,0.125,2.5e-05,0.01,completed,0.01,0.0,v,1.2279732786169006e-11,2.107616698511174e-12,0.0,1.546254663860786e-10
E,FD,minus,moving,main,33,0.125,2.5e-05,0.01,completed,0.01,0.001,u,4.2882055892312643e-10,1.6312758091328818e-10,4.1347270052227714e-10,2.0332440635353406e-08
E,FD,minus,moving,main,33,0.125,2.5e-05,0.01,completed,0.01,0.001,v,1.3722087355283463e-10,6.959561794686626e-11,1.3563933309868048e-10,1.7278748601851012e-09
E,FD,minus,moving,main,33,0.125,2.5e-05,0.01,completed,0.01,0.002,u,8.956334181242642e-10,3.2760524930812686e-10,8.836926433664072e-10,4.246627855432368e-08
E,FD,minus,moving,main,33,0.125,2.5e-05,0.01,completed,0.01,0.002,v,3.514941740445643e-10,1.4368947422415523e-10,3.5030973954963684e-10,4.425988052023905e-09
E,FD,minus,moving,main,33,0.125,2.5e-05,0.01,completed,0.01,0.005,u,3.4609322525913644e-09,8.520315810441188e-10,3.3563214638099303e-09,1.6409940732671065e-07
E,FD,minus,moving,main,33,0.125,2.5e-05,0.01,completed,0.01,0.005,v,2.244141678042766e-09,4.727048756511341e-10,2.014511196746227e-09,2.825806225968018e-08
E,FD,minus,moving,main,33,0.125,2.5e-05,0.01,completed,0.01,0.01,u,3.990134383666244e-08,4.54255561656296e-09,3.068092306601766e-08,1.8919142003525109e-06
E,FD,minus,moving,main,33,0.125,2.5e-05,0.01,completed,0.01,0.01,v,3.133779598318842e-08,5.238442674645152e-09,2.275931509920781e-08,3.946031565825312e-07
E,FD,minus,moving,time_half,33,0.125,1.25e-05,0.01,completed,0.01,0.0,u,6.230602839218946e-12,1.1099535469977812e-12,0.0,2.9542278166190674e-10
E,FD,minus,moving,time_half,33,0.125,1.25e-05,0.01,completed,0.01,0.0,v,1.2279732786169006e-11,2.107616698511174e-12,0.0,1.546254663860786e-10
E,FD,minus,moving,time_half,33,0.125,1.25e-05,0.01,completed,0.01,0.001,u,4.288208850511399e-10,1.6312759862167163e-10,4.1347336318664496e-10,2.0332456098647634e-08
E,FD,minus,moving,time_half,33,0.125,1.25e-05,0.01,completed,0.01,0.001,v,1.3722085273615292e-10,6.95956196274181e-11,1.3563931922089267e-10,1.7278745980630197e-09
E,FD,minus,moving,time_half,33,0.125,1.25e-05,0.01,completed,0.01,0.002,u,8.956334111853703e-10,3.2760526064915123e-10,8.836926433664072e-10,4.2466278225317415e-08
E,FD,minus,moving,time_half,33,0.125,1.25e-05,0.01,completed,0.01,0.002,v,3.514941740445643e-10,1.43689476761381e-10,3.5030973954963684e-10,4.425988052023905e-09
E,FD,minus,moving,time_half,33,0.125,1.25e-05,0.01,completed,0.01,0.005,u,3.4609322491219174e-09,8.520315911225082e-10,3.3563214325849078e-09,1.6409940716220754e-07
E,FD,minus,moving,time_half,33,0.125,1.25e-05,0.01,completed,0.01,0.005,v,2.2441412200757682e-09,4.727048791446281e-10,2.0145107942903806e-09,2.8258056492994386e-08
E,FD,minus,moving,time_half,33,0.125,1.25e-05,0.01,completed,0.01,0.01,u,3.990134466586026e-08,4.5425556337005354e-09,3.0680923232551116e-08,1.891914239668759e-06
E,FD,minus,moving,time_half,33,0.125,1.25e-05,0.01,completed,0.01,0.01,v,3.1337788988783366e-08,5.238442827753561e-09,2.275930933992587e-08,3.946030685095118e-07
E,FD,minus,moving,x_half,65,0.125,1.25e-05,0.01,completed,0.01,0.0,u,3.8707925753556083e-13,5.1209019321547736e-14,0.0,1.835328521744067e-11
E,FD,minus,moving,x_half,65,0.125,1.25e-05,0.01,completed,0.01,0.0,v,7.63139551551717e-13,9.72329892666997e-14,0.0,9.609395508121692e-12
E,FD,minus,moving,x_half,65,0.125,1.25e-05,0.01,completed,0.01,0.001,u,5.619367263176578e-10,1.6571477734388243e-10,5.592386137509564e-10,2.6644116964380055e-08
E,FD,minus,moving,x_half,65,0.125,1.25e-05,0.01,completed,0.01,0.001,v,3.1900115882166347e-10,7.602600868948424e-11,2.9627598985282333e-10,4.016838462157427e-09
E,FD,minus,moving,x_half,65,0.125,1.25e-05,0.01,completed,0.01,0.002,u,3.2964419527381494e-09,4.0201006805184174e-10,2.700591229809479e-09,1.5630013281138468e-07
E,FD,minus,moving,x_half,65,0.125,1.25e-05,0.01,completed,0.01,0.002,v,2.5397821207251425e-09,3.278581166386563e-10,1.941165839181025e-09,3.198074435125123e-08
E,FD,minus,moving,x_half,65,0.125,1.25e-05,0.01,completed,0.01,0.005,u,2.159869274171583e-06,1.8620193812207802e-07,2.1282126049376737e-06,0.00010240976763684076
E,FD,minus,moving,x_half,65,0.125,1.25e-05,0.01,completed,0.01,0.005,v,1.8134886189402621e-06,2.1635766723391968e-07,1.7952760849732075e-06,2.2835311514703207e-05
E,FD,minus,moving,x_half,65,0.125,1.25e-05,0.01,completed,0.01,0.01,u,0.13645368938528607,0.011733834823326465,0.13552211799350575,6.469924263586085
E,FD,minus,moving,x_half,65,0.125,1.25e-05,0.01,completed,0.01,0.01,v,0.11071781153305052,0.01197029126353573,0.11030689124928687,1.394150307963246
E,FD,minus,moving,y_half,33,0.0625,2.5e-05,0.01,completed,0.01,0.0,u,6.238544403291968e-12,1.109899935412339e-12,0.0,2.9325190639380254e-10
E,FD,minus,moving,y_half,33,0.0625,2.5e-05,0.01,completed,0.01,0.0,v,1.2298731477677904e-11,2.1075133545915924e-12,0.0,1.5279822295458318e-10
E,FD,minus,moving,y_half,33,0.0625,2.5e-05,0.01,completed,0.01,0.001,u,1.1155467175005818e-10,4.099459817962509e-11,1.0635312769347038e-10,5.243790545207474e-09
E,FD,minus,moving,y_half,33,0.0625,2.5e-05,0.01,completed,0.01,0.001,v,3.685855787249892e-11,1.773379309502268e-11,3.397596787246826e-11,4.579270759596946e-10
E,FD,minus,moving,y_half,33,0.0625,2.5e-05,0.01,completed,0.01,0.002,u,2.311740902871673e-10,8.220016514772795e-11,2.270786648994605e-10,1.0866676311511398e-08
E,FD,minus,moving,y_half,33,0.0625,2.5e-05,0.01,completed,0.01,0.002,v,8.787343075411513e-11,3.616273846206164e-11,8.791269795471734e-11,1.0917308088660305e-09
E,FD,minus,moving,y_half,33,0.0625,2.5e-05,0.01,completed,0.01,0.005,u,8.863909571610318e-10,2.1361284495330845e-10,8.607984602893026e-10,4.166610369247936e-08
E,FD,minus,moving,y_half,33,0.0625,2.5e-05,0.01,completed,0.01,0.005,v,5.627271010277823e-10,1.1819908972468882e-10,5.07079433997859e-10,6.9912658229419055e-09
E,FD,minus,moving,y_half,33,0.0625,2.5e-05,0.01,completed,0.01,0.01,u,1.0252173054947633e-08,1.1455416974894348e-09,7.870722844305345e-09,4.819183929277009e-07
E,FD,minus,moving,y_half,33,0.0625,2.5e-05,0.01,completed,0.01,0.01,v,8.02007964206819e-09,1.3197355876617455e-09,5.803069164089791e-09,9.964067590925434e-08
E,FD,plus,frozen,main,33,0.125,2.5e-05,0.01,completed,0.01,0.0,u,6.232996757615794e-12,1.1099708341209602e-12,0.0,2.9553628882166613e-10
E,FD,plus,frozen,main,33,0.125,2.5e-05,0.01,completed,0.01,0.0,v,1.2284590011901741e-11,2.1076597257151697e-12,0.0,1.546866282050974e-10
E,FD,plus,frozen,main,33,0.125,2.5e-05,0.01,completed,0.01,0.001,u,4.2882380632547346e-10,1.6312761321073615e-10,4.1347716916995125e-10,2.0332594610283166e-08
E,FD,plus,frozen,main,33,0.125,2.5e-05,0.01,completed,0.01,0.001,v,1.3721528080434808e-10,6.959561124442505e-11,1.356328035995169e-10,1.7278044367192024e-09
E,FD,plus,frozen,main,33,0.125,2.5e-05,0.01,completed,0.01,0.002,u,8.956502518808751e-10,3.276054117073013e-10,8.837189278965152e-10,4.246707672351086e-08
E,FD,plus,frozen,main,33,0.125,2.5e-05,0.01,completed,0.01,0.002,v,3.5152551008943433e-10,1.4368954419925353e-10,3.503414433558838e-10,4.426382633130603e-09
E,FD,plus,frozen,main,33,0.125,2.5e-05,0.01,completed,0.01,0.005,u,3.461629469181382e-09,8.520395359203133e-10,3.3568801419137095e-09,1.641324657112296e-07
E,FD,plus,frozen,main,33,0.125,2.5e-05,0.01,completed,0.01,0.005,v,2.244762972725134e-09,4.727137489899208e-10,2.0149994311990937e-09,2.8265885555324898e-08
E,FD,plus,frozen,main,33,0.125,2.5e-05,0.01,completed,0.01,0.01,u,3.99289072396114e-08,4.5441576574791246e-09,3.070005993172087e-08,1.8932211135648238e-06
E,FD,plus,frozen,main,33,0.125,2.5e-05,0.01,completed,0.01,0.01,v,3.135957024613667e-08,5.239837133269138e-09,2.2773870123060647e-08,3.948773364545377e-07
E,FD,plus,moving,combined,65,0.0625,1.25e-05,0.01,completed,0.01,0.0,u,3.8751987729845894e-13,5.120001299775897e-14,0.0,1.821593875701185e-11
E,FD,plus,moving,combined,65,0.0625,1.25e-05,0.01,completed,0.01,0.0,v,7.642775301519578e-13,9.722635577578395e-14,0.0,9.49530841154571e-12
E,FD,plus,moving,combined,65,0.0625,1.25e-05,0.01,completed,0.01,0.001,u,1.442030696241492e-10,4.154193362827482e-11,1.4353501026631577e-10,6.7784762504544265e-09
E,FD,plus,moving,combined,65,0.0625,1.25e-05,0.01,completed,0.01,0.001,v,7.997602580189778e-11,1.906767784642905e-11,7.450812883336155e-11,9.936142311651754e-10
E,FD,plus,moving,combined,65,0.0625,1.25e-05,0.01,completed,0.01,0.002,u,8.461792377900679e-10,1.0092896293366369e-10,6.928204537848259e-10,3.977589299546401e-08
E,FD,plus,moving,combined,65,0.0625,1.25e-05,0.01,completed,0.01,0.002,v,6.484294212683039e-10,8.234920766001008e-11,4.930353486587435e-10,8.056022969612187e-09
E,FD,plus,moving,combined,65,0.0625,1.25e-05,0.01,completed,0.01,0.005,u,5.611907201372168e-07,4.7399806568941435e-08,5.531125756921829e-07,2.6379590797479775e-05
E,FD,plus,moving,combined,65,0.0625,1.25e-05,0.01,completed,0.01,0.005,v,4.773481347003505e-07,5.5167103685901906e-08,4.7324304201790124e-07,5.9305259932929124e-06
E,FD,plus,moving,combined,65,0.0625,1.25e-05,0.01,completed,0.01,0.01,u,0.03668101236698694,0.0031407731680433877,0.036322814114720214,1.7242446490238026
E,FD,plus,moving,combined,65,0.0625,1.25e-05,0.01,completed,0.01,0.01,v,0.030991360650937726,0.0032423011711258196,0.03079116922244944,0.3850335982212991
E,FD,plus,moving,main,33,0.125,2.5e-05,0.01,completed,0.01,0.0,u,6.232996757615794e-12,1.1099708341209602e-12,0.0,2.9553628882166613e-10
E,FD,plus,moving,main,33,0.125,2.5e-05,0.01,completed,0.01,0.0,v,1.2284590011901741e-11,2.1076597257151697e-12,0.0,1.546866282050974e-10
E,FD,plus,moving,main,33,0.125,2.5e-05,0.01,completed,0.01,0.001,u,4.2882395204224544e-10,1.6312760316029204e-10,4.134771136588e-10,2.0332601519414628e-08
E,FD,plus,moving,main,33,0.125,2.5e-05,0.01,completed,0.01,0.001,v,1.3721528080434808e-10,6.959560922742112e-11,1.3563229706026192e-10,1.7278044367192024e-09
E,FD,plus,moving,main,33,0.125,2.5e-05,0.01,completed,0.01,0.002,u,8.956502831058977e-10,3.276053847743097e-10,8.837190354493707e-10,4.2467078204039024e-08
E,FD,plus,moving,main,33,0.125,2.5e-05,0.01,completed,0.01,0.002,v,3.5152557253947947e-10,1.4368954318903956e-10,3.503414433558838e-10,4.426383419496848e-09
E,FD,plus,moving,main,33,0.125,2.5e-05,0.01,completed,0.01,0.005,u,3.4616312594160092e-09,8.520395704193664e-10,3.356881765614883e-09,1.6413255059484473e-07
E,FD,plus,moving,main,33,0.125,2.5e-05,0.01,completed,0.01,0.005,v,2.244764693570822e-09,4.727137570769891e-10,2.015000943877965e-09,2.8265907224083635e-08
E,FD,plus,moving,main,33,0.125,2.5e-05,0.01,completed,0.01,0.01,u,3.992906297267673e-08,4.5441648280213906e-09,3.0700181067461196e-08,1.893228497616824e-06
E,FD,plus,moving,main,33,0.125,2.5e-05,0.01,completed,0.01,0.01,v,3.13596972417729e-08,5.239842683284067e-09,2.277396701777512e-08,3.94878935573983e-07
E,FD,plus,moving,time_half,33,0.125,1.25e-05,0.01,completed,0.01,0.0,u,6.232996757615794e-12,1.1099708341209602e-12,0.0,2.9553628882166613e-10
E,FD,plus,moving,time_half,33,0.125,1.25e-05,0.01,completed,0.01,0.0,v,1.2284590011901741e-11,2.1076597257151697e-12,0.0,1.546866282050974e-10
E,FD,plus,moving,time_half,33,0.125,1.25e-05,0.01,completed,0.01,0.001,u,4.288239416339046e-10,1.6312761371460414e-10,4.134771067199061e-10,2.0332601025905238e-08
E,FD,plus,moving,time_half,33,0.125,1.25e-05,0.01,completed,0.01,0.001,v,1.372152946821359e-10,6.95956112304264e-11,1.3563231093804973e-10,1.7278046114672567e-09
E,FD,plus,moving,time_half,33,0.125,1.25e-05,0.01,completed,0.01,0.002,u,8.956502657586629e-10,3.2760538408949235e-10,8.837190215715829e-10,4.246707738152337e-08
E,FD,plus,moving,time_half,33,0.125,1.25e-05,0.01,completed,0.01,0.002,v,3.5152557253947947e-10,1.4368954456869194e-10,3.503414433558838e-10,4.426383419496848e-09
E,FD,plus,moving,time_half,33,0.125,1.25e-05,0.01,completed,0.01,0.005,u,3.4616312281909867e-09,8.520395708914465e-10,3.356881626837005e-09,1.6413254911431658e-07
E,FD,plus,moving,time_half,33,0.125,1.25e-05,0.01,completed,0.01,0.005,v,2.2447647907153367e-09,4.727137533797072e-10,2.015001013266904e-09,2.8265908447320015e-08
E,FD,plus,moving,time_half,33,0.125,1.25e-05,0.01,completed,0.01,0.01,u,3.9929062275317895e-08,4.544164754461686e-09,3.070018026601895e-08,1.8932284645516949e-06
E,FD,plus,moving,time_half,33,0.125,1.25e-05,0.01,completed,0.01,0.01,v,3.135969811607353e-08,5.2398427283609225e-09,2.2773967295330877e-08,3.948789465831104e-07
E,FD,plus,moving,x_half,65,0.125,1.25e-05,0.01,completed,0.01,0.0,u,3.873880383142847e-13,5.12084510225674e-14,0.0,1.836792599601833e-11
E,FD,plus,moving,x_half,65,0.125,1.25e-05,0.01,completed,0.01,0.0,v,7.633754739444498e-13,9.722902142684775e-14,0.0,9.61236622504546e-12
E,FD,plus,moving,x_half,65,0.125,1.25e-05,0.01,completed,0.01,0.001,u,5.619928238054239e-10,1.6571492212272377e-10,5.592961718758893e-10,2.6646776815490418e-08
E,FD,plus,moving,x_half,65,0.125,1.25e-05,0.01,completed,0.01,0.001,v,3.1906205455456416e-10,7.602617280672463e-11,2.9632911402455164e-10,4.0176052566198684e-09
E,FD,plus,moving,x_half,65,0.125,1.25e-05,0.01,completed,0.01,0.002,u,3.298042661886713e-09,4.020346176505366e-10,2.7016568739102187e-09,1.5637603011402188e-07
E,FD,plus,moving,x_half,65,0.125,1.25e-05,0.01,completed,0.01,0.002,v,2.5410710063900055e-09,3.278783389445362e-10,1.94201840719721e-09,3.199697390204994e-08
E,FD,plus,moving,x_half,65,0.125,1.25e-05,0.01,completed,0.01,0.005,u,2.1635903320015026e-06,1.8642643074751963e-07,2.1318845060853964e-06,0.0001025862008461476
E,FD,plus,moving,x_half,65,0.125,1.25e-05,0.01,completed,0.01,0.005,v,1.816572821042306e-06,2.1656815948971007e-07,1.7983515313985121e-06,2.2874147554278483e-05
E,FD,plus,moving,x_half,65,0.125,1.25e-05,0.01,completed,0.01,0.01,u,0.1479812441504747,0.013249582432961355,0.14341466768047406,7.01650095646335
E,FD,plus,moving,x_half,65,0.125,1.25e-05,0.01,completed,0.01,0.01,v,0.11997964652571311,0.01338721644222665,0.11725416234740219,1.5107746336117964
E,FD,plus,moving,y_half,33,0.0625,2.5e-05,0.01,completed,0.01,0.0,u,6.241004241180903e-12,1.1099221102506604e-12,0.0,2.93367534672407e-10
E,FD,plus,moving,y_half,33,0.0625,2.5e-05,0.01,completed,0.01,0.0,v,1.2303741359076525e-11,2.1075455166438858e-12,0.0,1.528604652253663e-10
E,FD,plus,moving,y_half,33,0.0625,2.5e-05,0.01,completed,0.01,0.001,u,1.1155452256383924e-10,4.099467730628332e-11,1.0635461608621277e-10,5.243783532491e-09
E,FD,plus,moving,y_half,33,0.0625,2.5e-05,0.01,completed,0.01,0.001,v,3.685898808392096e-11,1.7733783487613975e-11,3.397458703258138e-11,4.579324208638339e-10
E,FD,plus,moving,y_half,33,0.0625,2.5e-05,0.01,completed,0.01,0.002,u,2.3117860056820483e-10,8.220028809987359e-11,2.270856246100461e-10,1.0866888323869911e-08
E,FD,plus,moving,y_half,33,0.0625,2.5e-05,0.01,completed,0.01,0.002,v,8.788016842009583e-11,3.616276438906459e-11,8.79204278825263e-11,1.091814516961502e-09
E,FD,plus,moving,y_half,33,0.0625,2.5e-05,0.01,completed,0.01,0.005,u,8.865771311539206e-10,2.13615122484937e-10,8.609467271047944e-10,4.1674855073379494e-08
E,FD,plus,moving,y_half,33,0.0625,2.5e-05,0.01,completed,0.01,0.005,v,5.628916777133952e-10,1.1820188193222814e-10,5.072072623013568e-10,6.9933105073995705e-09
E,FD,plus,moving,y_half,33,0.0625,2.5e-05,0.01,completed,0.01,0.01,u,1.0259429895909111e-08,1.1459662439974991e-09,7.875760526382392e-09,4.822595113535355e-07
E,FD,plus,moving,y_half,33,0.0625,2.5e-05,0.01,completed,0.01,0.01,v,8.025729289484751e-09,1.3201111416163678e-09,5.8068290037516235e-09,9.971086656974135e-08
E,FD,zero,frozen,main,33,0.125,2.5e-05,0.01,completed,0.01,0.0,u,6.231747756713091e-12,1.1099704680913187e-12,0.0,2.954770676948351e-10
E,FD,zero,frozen,main,33,0.125,2.5e-05,0.01,completed,0.01,0.0,v,1.2282397321428107e-11,2.1076370777352848e-12,0.0,1.5465901801251175e-10
E,FD,zero,frozen,main,33,0.125,2.5e-05,0.01,completed,0.01,0.001,u,4.288228938609251e-10,1.6312760456279412e-10,4.134752887297033e-10,2.0332551345959953e-08
E,FD,zero,frozen,main,33,0.125,2.5e-05,0.01,completed,0.01,0.001,v,1.372184935122256e-10,6.959560357307499e-11,1.35636335496514e-10,1.7278448908937819e-09
E,FD,zero,frozen,main,33,0.125,2.5e-05,0.01,completed,0.01,0.002,u,8.956423935835289e-10,3.2760533907529494e-10,8.837065315625559e-10,4.246670412392121e-08
E,FD,zero,frozen,main,33,0.125,2.5e-05,0.01,completed,0.01,0.002,v,3.515092453221236e-10,1.4368950381942365e-10,3.503249010328169e-10,4.4261778284109176e-09
E,FD,zero,frozen,main,33,0.125,2.5e-05,0.01,completed,0.01,0.005,u,3.4612820942747646e-09,8.520356024590771e-10,3.356601871451481e-09,1.641159949998329e-07
E,FD,zero,frozen,main,33,0.125,2.5e-05,0.01,completed,0.01,0.005,v,2.2444516523112412e-09,4.727094737950868e-10,2.014754696411103e-09,2.8261965432221902e-08
E,FD,zero,frozen,main,33,0.125,2.5e-05,0.01,completed,0.01,0.01,u,3.991506853165405e-08,4.543351522924065e-09,3.069045248493829e-08,1.8925649540077368e-06
E,FD,zero,frozen,main,33,0.125,2.5e-05,0.01,completed,0.01,0.01,v,3.1348614218384974e-08,5.23914053001256e-09,2.276653827959496e-08,3.9473937898181867e-07
E,FD,zero,moving,combined,65,0.0625,1.25e-05,0.01,completed,0.01,0.0,u,3.874019161020925e-13,5.1201577196154346e-14,0.0,1.8210393818404587e-11
E,FD,zero,moving,combined,65,0.0625,1.25e-05,0.01,completed,0.01,0.0,v,7.643746746666125e-13,9.722953624760906e-14,0.0,9.49651532538361e-12
E,FD,zero,moving,combined,65,0.0625,1.25e-05,0.01,completed,0.01,0.001,u,1.4419502397666761e-10,4.154191727372203e-11,1.435269195160238e-10,6.778098053024125e-09
E,FD,zero,moving,combined,65,0.0625,1.25e-05,0.01,completed,0.01,0.001,v,7.996554807210288e-11,1.9067607132030728e-11,7.450552674814759e-11,9.93484056886945e-10
E,FD,zero,moving,combined,65,0.0625,1.25e-05,0.01,completed,0.01,0.002,u,8.459594968979189e-10,1.0092589610754477e-10,6.926779427818275e-10,3.976556375335725e-08
E,FD,zero,moving,combined,65,0.0625,1.25e-05,0.01,completed,0.01,0.002,v,6.482361036841411e-10,8.234517957604578e-11,4.929116004248613e-10,8.053621211074768e-09
E,FD,zero,moving,combined,65,0.0625,1.25e-05,0.01,completed,0.01,0.005,u,5.606824168766233e-07,4.737036562149988e-08,5.526106135536613e-07,2.635569725909018e-05
E,FD,zero,moving,combined,65,0.0625,1.25e-05,0.01,completed,0.01,0.005,v,4.769462979836714e-07,5.5137902670275775e-08,4.7284107686229593e-07,5.925533613685478e-06
E,FD,zero,moving,combined,65,0.0625,1.25e-05,0.01,completed,0.01,0.01,u,0.03630467238793916,0.0030982249673629568,0.03601615489695839,1.7065542377397651
E,FD,zero,moving,combined,65,0.0625,1.25e-05,0.01,completed,0.01,0.01,v,0.030675880381482598,0.0032015471370440097,0.030520287197741424,0.3811141025694534
E,FD,zero,moving,main,33,0.125,2.5e-05,0.01,completed,0.01,0.0,u,6.231747756713091e-12,1.1099704680913187e-12,0.0,2.954770676948351e-10
E,FD,zero,moving,main,33,0.125,2.5e-05,0.01,completed,0.01,0.0,v,1.2282397321428107e-11,2.1076370777352848e-12,0.0,1.5465901801251175e-10
E,FD,zero,moving,main,33,0.125,2.5e-05,0.01,completed,0.01,0.001,u,4.2882291814705376e-10,1.631276112812121e-10,4.134755489382247e-10,2.0332552497481862e-08
E,FD,zero,moving,main,33,0.125,2.5e-05,0.01,completed,0.01,0.001,v,1.3721847963443778e-10,6.959560491595468e-11,1.3563663386895186e-10,1.7278447161457276e-09
E,FD,zero,moving,main,33,0.125,2.5e-05,0.01,completed,0.01,0.002,u,8.956424074613167e-10,3.276053094910208e-10,8.83706521154215e-10,4.246670478193373e-08
E,FD,zero,moving,main,33,0.125,2.5e-05,0.01,completed,0.01,0.002,v,3.515093147110626e-10,1.436895029206885e-10,3.50324963482862e-10,4.426178702151189e-09
E,FD,zero,moving,main,33,0.125,2.5e-05,0.01,completed,0.01,0.005,u,3.4612846339099335e-09,8.520356226102137e-10,3.3566043798616274e-09,1.641161154161241e-07
E,FD,zero,moving,main,33,0.125,2.5e-05,0.01,completed,0.01,0.005,v,2.244453969901805e-09,4.727094716503611e-10,2.0147566948125473e-09,2.8261994615146977e-08
E,FD,zero,moving,main,33,0.125,2.5e-05,0.01,completed,0.01,0.01,u,3.991526007635082e-08,4.5433606684135125e-09,3.0690600429095216e-08,1.8925740360610458e-06
E,FD,zero,moving,main,33,0.125,2.5e-05,0.01,completed,0.01,0.01,v,3.1348768927963455e-08,5.239147729272616e-09,2.2766655741190966e-08,3.947413270731285e-07
E,FD,zero,moving,time_half,33,0.125,1.25e-05,0.01,completed,0.01,0.0,u,6.231747756713091e-12,1.1099704680913187e-12,0.0,2.954770676948351e-10
E,FD,zero,moving,time_half,33,0.125,1.25e-05,0.01,completed,0.01,0.0,v,1.2282397321428107e-11,2.1076370777352848e-12,0.0,1.5465901801251175e-10
E,FD,zero,moving,time_half,33,0.125,1.25e-05,0.01,completed,0.01,0.001,u,4.2882274467470616e-10,1.6312759953252673e-10,4.134755489382247e-10,2.033254427232536e-08
E,FD,zero,moving,time_half,33,0.125,1.25e-05,0.01,completed,0.01,0.001,v,1.372184935122256e-10,6.959560383009486e-11,1.3563665468563357e-10,1.7278448908937819e-09
E,FD,zero,moving,time_half,33,0.125,1.25e-05,0.01,completed,0.01,0.002,u,8.956423970529759e-10,3.2760530568570067e-10,8.837062470679058e-10,4.246670428842434e-08
E,FD,zero,moving,time_half,33,0.125,1.25e-05,0.01,completed,0.01,0.002,v,3.515092661388053e-10,1.4368950353750949e-10,3.503249149106047e-10,4.426178090532999e-09
E,FD,zero,moving,time_half,33,0.125,1.25e-05,0.01,completed,0.01,0.005,u,3.46128467207385e-09,8.520356286188125e-10,3.356604189042045e-09,1.6411611722565854e-07
E,FD,zero,moving,time_half,33,0.125,1.25e-05,0.01,completed,0.01,0.005,v,2.2444540254129564e-09,4.727094841674547e-10,2.014756569912457e-09,2.8261995314139195e-08
E,FD,zero,moving,time_half,33,0.125,1.25e-05,0.01,completed,0.01,0.01,u,3.991526005553414e-08,4.543360670375307e-09,3.0690600533178625e-08,1.8925740350740271e-06
E,FD,zero,moving,time_half,33,0.125,1.25e-05,0.01,completed,0.01,0.01,v,3.1348768678163275e-08,5.239147876089389e-09,2.2766655616290876e-08,3.947413239276635e-07
E,FD,zero,moving,x_half,65,0.125,1.25e-05,0.01,completed,0.01,0.0,u,3.8719027983802334e-13,5.1207760233658836e-14,0.0,1.8358549317603426e-11
E,FD,zero,moving,x_half,65,0.125,1.25e-05,0.01,completed,0.01,0.0,v,7.63139551551717e-13,9.723733056670288e-14,0.0,9.609395508121692e-12
E,FD,zero,moving,x_half,65,0.125,1.25e-05,0.01,completed,0.01,0.001,u,5.619650821075961e-10,1.657148583011898e-10,5.592677362886711e-10,2.664546144846225e-08
E,FD,zero,moving,x_half,65,0.125,1.25e-05,0.01,completed,0.01,0.001,v,3.190312736212064e-10,7.602606862318403e-11,2.963022188717801e-10,4.017217665435344e-09
E,FD,zero,moving,x_half,65,0.125,1.25e-05,0.01,completed,0.01,0.002,u,3.2972394432839724e-09,4.0202236783213377e-10,2.7011207090477107e-09,1.563379456653694e-07
E,FD,zero,moving,x_half,65,0.125,1.25e-05,0.01,completed,0.01,0.002,v,2.5404228304326537e-09,3.278680176804576e-10,1.941588126386229e-09,3.198881211942397e-08
E,FD,zero,moving,x_half,65,0.125,1.25e-05,0.01,completed,0.01,0.005,u,2.1617309197315138e-06,1.863139921556066e-07,2.1300496357429255e-06,0.0001024980371869911
E,FD,zero,moving,x_half,65,0.125,1.25e-05,0.01,completed,0.01,0.005,v,1.8150327695531931e-06,2.1646316547019576e-07,1.7968158755043984e-06,2.285475534241937e-05
E,FD,zero,moving,x_half,65,0.125,1.25e-05,0.01,completed,0.01,0.01,u,0.1413326712077395,0.012322667084381029,0.1392641010784377,6.701260206328948
E,FD,zero,moving,x_half,65,0.125,1.25e-05,0.01,completed,0.01,0.01,v,0.11465436120711382,0.012520730111774844,0.11356654698903657,1.4437190436925438
E,FD,zero,moving,y_half,33,0.0625,2.5e-05,0.01,completed,0.01,0.0,u,6.239727484702584e-12,1.109906347652017e-12,0.0,2.933075188663048e-10
E,FD,zero,moving,y_half,33,0.0625,2.5e-05,0.01,completed,0.01,0.0,v,1.2301284990634542e-11,2.107539298764354e-12,0.0,1.5282994754689367e-10
E,FD,zero,moving,y_half,33,0.0625,2.5e-05,0.01,completed,0.01,0.001,u,1.1155487297798139e-10,4.09946845048995e-11,1.0635406444414741e-10,5.2438000042203926e-09
E,FD,zero,moving,y_half,33,0.0625,2.5e-05,0.01,completed,0.01,0.001,v,3.685908522843562e-11,1.7733793216967463e-11,3.3976120528134146e-11,4.579336277776718e-10
E,FD,zero,moving,y_half,33,0.0625,2.5e-05,0.01,completed,0.01,0.002,u,2.311765154305867e-10,8.220024030528939e-11,2.2708226965484357e-10,1.0866790308925706e-08
E,FD,zero,moving,y_half,33,0.0625,2.5e-05,0.01,completed,0.01,0.002,v,8.78755054833924e-11,3.6162771050485274e-11,8.7915105750902e-11,1.0917565850972828e-09
E,FD,zero,moving,y_half,33,0.0625,2.5e-05,0.01,completed,0.01,0.005,u,8.864876506475827e-10,2.1361416297151813e-10,8.608753987449091e-10,4.167064891127302e-08
E,FD,zero,moving,y_half,33,0.0625,2.5e-05,0.01,completed,0.01,0.005,v,5.628093546761193e-10,1.182008483008835e-10,5.071433689662896e-10,6.992287734130082e-09
E,FD,zero,moving,y_half,33,0.0625,2.5e-05,0.01,completed,0.01,0.01,u,1.0255882990084508e-08,1.14575696274811e-09,7.873296015148412e-09,4.820927838562822e-07
E,FD,zero,moving,y_half,33,0.0625,2.5e-05,0.01,completed,0.01,0.01,v,8.022847886035578e-09,1.3199339277627628e-09,5.804908193018932e-09,9.96750682983954e-08
E,SD,fixed,fixed,combined,65,0.0625,1.25e-05,0.01,completed,0.01,0.0,u,3.858094399511458e-13,5.120300880788925e-14,0.0,1.8135537147206516e-11
E,SD,fixed,fixed,combined,65,0.0625,1.25e-05,0.01,completed,0.01,0.0,v,7.612244168342386e-13,9.723396735973413e-14,0.0,9.457376833783144e-12
E,SD,fixed,fixed,combined,65,0.0625,1.25e-05,0.01,completed,0.01,0.001,u,3.909802342993984e-09,1.2760524612506369e-09,3.785626340180315e-09,1.8378597900191655e-07
E,SD,fixed,fixed,combined,65,0.0625,1.25e-05,0.01,completed,0.01,0.001,v,2.2965578258538066e-09,1.003291646426749e-09,2.2149315923036816e-09,2.8532207190619732e-08
E,SD,fixed,fixed,combined,65,0.0625,1.25e-05,0.01,completed,0.01,0.002,u,2.3176783044837057e-08,3.4614229535136047e-09,1.845948215117854e-08,1.0894585936404593e-06
E,SD,fixed,fixed,combined,65,0.0625,1.25e-05,0.01,completed,0.01,0.002,v,1.4329292578885156e-08,2.8499311834252815e-09,1.1231923613408412e-08,1.7802571315780454e-07
E,SD,fixed,fixed,combined,65,0.0625,1.25e-05,0.01,completed,0.01,0.005,u,1.5153055689429151e-05,1.7656209816560345e-06,1.5008834767037127e-05,0.0007122915509380222
E,SD,fixed,fixed,combined,65,0.0625,1.25e-05,0.01,completed,0.01,0.005,v,1.0096193359232508e-05,1.521564493909792e-06,1.0002319260606074e-05,0.00012543410730582604
E,SD,fixed,fixed,combined,65,0.0625,1.25e-05,0.01,completed,0.01,0.01,u,0.8652390426922587,0.09778503318837994,0.8622002915092728,40.67182700855078
E,SD,fixed,fixed,combined,65,0.0625,1.25e-05,0.01,completed,0.01,0.01,v,0.6968473080527023,0.08681134644645615,0.6873214024439962,8.657562004210991
E,SD,fixed,fixed,main,33,0.125,2.5e-05,0.01,completed,0.01,0.0,u,6.205553432225841e-12,1.110064168588449e-12,0.0,2.9423506906268543e-10
E,SD,fixed,fixed,main,33,0.125,2.5e-05,0.01,completed,0.01,0.0,v,1.2230869095297692e-11,2.10783672183831e-12,0.0,1.540101784867497e-10
E,SD,fixed,fixed,main,33,0.125,2.5e-05,0.01,completed,0.01,0.001,u,9.785668990403007e-09,4.88975304620836e-09,9.65619314369226e-09,4.6398552887539155e-07
E,SD,fixed,fixed,main,33,0.125,2.5e-05,0.01,completed,0.01,0.001,v,5.5414658139962825e-09,3.8582246613579005e-09,5.479602792346494e-09,6.97777183650756e-08
E,SD,fixed,fixed,main,33,0.125,2.5e-05,0.01,completed,0.01,0.002,u,2.189696550469744e-08,9.86656668470418e-09,2.189824769086024e-08,1.0382402194910978e-06
E,SD,fixed,fixed,main,33,0.125,2.5e-05,0.01,completed,0.01,0.002,v,1.2637750554378435e-08,7.80101895815027e-09,1.264629721081656e-08,1.5913359904237206e-07
E,SD,fixed,fixed,main,33,0.125,2.5e-05,0.01,completed,0.01,0.005,u,9.328817872356066e-08,2.6472096245571724e-08,8.566540288246216e-08,4.423240249115635e-06
E,SD,fixed,fixed,main,33,0.125,2.5e-05,0.01,completed,0.01,0.005,v,5.7718205867529626e-08,2.127158525304933e-08,5.307057437259344e-08,7.267832823924802e-07
E,SD,fixed,fixed,main,33,0.125,2.5e-05,0.01,completed,0.01,0.01,u,1.0992669120385434e-06,1.7193324514715707e-07,8.248168728644534e-07,5.2121519750732624e-05
E,SD,fixed,fixed,main,33,0.125,2.5e-05,0.01,completed,0.01,0.01,v,6.867484528619294e-07,1.4997413637759274e-07,5.071211061913328e-07,8.647484571756892e-06
E,SD,fixed,fixed,time_half,33,0.125,1.25e-05,0.01,completed,0.01,0.0,u,6.205553432225841e-12,1.110064168588449e-12,0.0,2.9423506906268543e-10
E,SD,fixed,fixed,time_half,33,0.125,1.25e-05,0.01,completed,0.01,0.0,v,1.2230869095297692e-11,2.10783672183831e-12,0.0,1.540101784867497e-10
E,SD,fixed,fixed,time_half,33,0.125,1.25e-05,0.01,completed,0.01,0.001,u,9.785668990403007e-09,4.889753046332538e-09,9.65619314369226e-09,4.6398552887539155e-07
E,SD,fixed,fixed,time_half,33,0.125,1.25e-05,0.01,completed,0.01,0.001,v,5.54146582787407e-09,3.858224661572815e-09,5.479602799285388e-09,6.977771853982364e-08
E,SD,fixed,fixed,time_half,33,0.125,1.25e-05,0.01,completed,0.01,0.002,u,2.1896965497758547e-08,9.86656668450079e-09,2.1898247687390793e-08,1.0382402191620916e-06
E,SD,fixed,fixed,time_half,33,0.125,1.25e-05,0.01,completed,0.01,0.002,v,1.263775052662286e-08,7.801018958858022e-09,1.2646297183060984e-08,1.5913359869287597e-07
E,SD,fixed,fixed,time_half,33,0.125,1.25e-05,0.01,completed,0.01,0.005,u,9.328817870274397e-08,2.6472096241409612e-08,8.566540285470658e-08,4.423240248128617e-06
E,SD,fixed,fixed,time_half,33,0.125,1.25e-05,0.01,completed,0.01,0.005,v,5.771820574956843e-08,2.1271585249985403e-08,5.307057425463224e-08,7.267832809071218e-07
E,SD,fixed,fixed,time_half,33,0.125,1.25e-05,0.01,completed,0.01,0.01,u,1.0992669088119578e-06,1.7193324506805706e-07,8.24816870470535e-07,5.212151959774471e-05
E,SD,fixed,fixed,time_half,33,0.125,1.25e-05,0.01,completed,0.01,0.01,v,6.867484510716948e-07,1.49974136267463e-07,5.071211044704871e-07,8.647484549214394e-06
E,SD,fixed,fixed,x_half,65,0.125,1.25e-05,0.01,completed,0.01,0.0,u,3.857261732242989e-13,5.120819867019199e-14,0.0,1.828912899670711e-11
E,SD,fixed,fixed,x_half,65,0.125,1.25e-05,0.01,completed,0.01,0.0,v,7.602807272633072e-13,9.724291417664277e-14,0.0,9.573397408927782e-12
E,SD,fixed,fixed,x_half,65,0.125,1.25e-05,0.01,completed,0.01,0.001,u,1.5287703335892244e-08,5.0151775498478195e-09,1.480141994386619e-08,7.248633818035905e-07
E,SD,fixed,fixed,x_half,65,0.125,1.25e-05,0.01,completed,0.01,0.001,v,9.17383842502506e-09,3.974254005812055e-09,8.848096998137489e-09,1.1551627952505072e-07
E,SD,fixed,fixed,x_half,65,0.125,1.25e-05,0.01,completed,0.01,0.002,u,9.120037806203962e-08,1.3598866638857968e-08,7.268026773477043e-08,4.324247600266357e-06
E,SD,fixed,fixed,x_half,65,0.125,1.25e-05,0.01,completed,0.01,0.002,v,5.7301498962436526e-08,1.1292441426333586e-08,4.495856954084276e-08,7.215361405638817e-07
E,SD,fixed,fixed,x_half,65,0.125,1.25e-05,0.01,completed,0.01,0.005,u,5.9921877930128875e-05,6.937583302849005e-06,5.9313810047832705e-05,0.0028411838015248952
E,SD,fixed,fixed,x_half,65,0.125,1.25e-05,0.01,completed,0.01,0.005,v,4.041107527451987e-05,6.02519081172047e-06,4.004217316085079e-05,0.0005088532031025553
E,SD,fixed,fixed,x_half,65,0.125,1.25e-05,0.01,completed,0.01,0.01,u,3.406077332391486,0.3819833730857824,3.400139772062199,161.49847230782547
E,SD,fixed,fixed,x_half,65,0.125,1.25e-05,0.01,completed,0.01,0.01,v,2.8164285391414388,0.33980009472744477,2.774999556500931,35.46425512600021
E,SD,fixed,fixed,y_half,33,0.0625,2.5e-05,0.01,completed,0.01,0.0,u,6.213717040903788e-12,1.1100009515453964e-12,0.0,2.9208485990340296e-10
E,SD,fixed,fixed,y_half,33,0.0625,2.5e-05,0.01,completed,0.01,0.0,v,1.2249534719899202e-11,2.10773000852092e-12,0.0,1.521870073038182e-10
E,SD,fixed,fixed,y_half,33,0.0625,2.5e-05,0.01,completed,0.01,0.001,u,2.501523443249054e-09,1.2439984319966793e-09,2.469626961265625e-09,1.1758776906909231e-07
E,SD,fixed,fixed,y_half,33,0.0625,2.5e-05,0.01,completed,0.01,0.001,v,1.3874826565452025e-09,9.73813667406106e-10,1.3733957165973365e-09,1.723794723750155e-08
E,SD,fixed,fixed,y_half,33,0.0625,2.5e-05,0.01,completed,0.01,0.002,u,5.5996237507960345e-09,2.5103201891253263e-09,5.600197638955251e-09,2.6321850641031666e-07
E,SD,fixed,fixed,y_half,33,0.0625,2.5e-05,0.01,completed,0.01,0.002,v,3.1657426263764776e-09,1.9692309342617437e-09,3.168354016647168e-09,3.9330873148978675e-08
E,SD,fixed,fixed,y_half,33,0.0625,2.5e-05,0.01,completed,0.01,0.005,u,2.3873607132851582e-08,6.736424910586563e-09,2.192557857147448e-08,1.1222138293206853e-06
E,SD,fixed,fixed,y_half,33,0.0625,2.5e-05,0.01,completed,0.01,0.005,v,1.4483159643807753e-08,5.369806308492025e-09,1.3320419850471055e-08,1.799373423476996e-07
E,SD,fixed,fixed,y_half,33,0.0625,2.5e-05,0.01,completed,0.01,0.01,u,2.7857512716403243e-07,4.379024707526323e-08,2.0859230077593938e-07,1.3094831395548088e-05
E,SD,fixed,fixed,y_half,33,0.0625,2.5e-05,0.01,completed,0.01,0.01,v,1.7150287410366838e-07,3.7869891921490236e-08,1.2627076878546362e-07,2.1307347381481247e-06
E,SD,minus,frozen,main,33,0.125,2.5e-05,0.01,completed,0.01,0.0,u,6.230602839218946e-12,1.1099535469977812e-12,0.0,2.9542278166190674e-10
E,SD,minus,frozen,main,33,0.125,2.5e-05,0.01,completed,0.01,0.0,v,1.2279732786169006e-11,2.107616698511174e-12,0.0,1.546254663860786e-10
E,SD,minus,frozen,main,33,0.125,2.5e-05,0.01,completed,0.01,0.001,u,9.78415077429462e-09,4.889750775123511e-09,9.654004005932304e-09,4.639135429636784e-07
E,SD,minus,frozen,main,33,0.125,2.5e-05,0.01,completed,0.01,0.001,v,5.540038691687066e-09,3.8582157729747635e-09,5.4781639641232616e-09,6.97597481489076e-08
E,SD,minus,frozen,main,33,0.125,2.5e-05,0.01,completed,0.01,0.002,u,2.188697692875885e-08,9.86657761542548e-09,2.1887217198368614e-08,1.0377666131700456e-06
E,SD,minus,frozen,main,33,0.125,2.5e-05,0.01,completed,0.01,0.002,v,1.2631248942629458e-08,7.800991272794923e-09,1.2638973777290285e-08,1.590517312390206e-07
E,SD,minus,frozen,main,33,0.125,2.5e-05,0.01,completed,0.01,0.005,u,9.308433554511275e-08,2.6474097633048583e-08,8.552759503746565e-08,4.4135750657691974e-06
E,SD,minus,frozen,main,33,0.125,2.5e-05,0.01,completed,0.01,0.005,v,5.758087038426618e-08,2.127164354302161e-08,5.2973175686255036e-08,7.250539643754884e-07
E,SD,minus,frozen,main,33,0.125,2.5e-05,0.01,completed,0.01,0.01,u,1.1080041010524955e-06,1.723810849372382e-07,8.307567219770218e-07,5.2535791812203184e-05
E,SD,minus,frozen,main,33,0.125,2.5e-05,0.01,completed,0.01,0.01,v,6.923071019654392e-07,1.5020928560986663e-07,5.108609844872714e-07,8.717478660803752e-06
E,SD,minus,moving,combined,65,0.0625,1.25e-05,0.01,completed,0.01,0.0,u,3.87363752185621e-13,5.119909991130609e-14,0.0,1.8208599867678707e-11
E,SD,minus,moving,combined,65,0.0625,1.25e-05,0.01,completed,0.01,0.0,v,7.639860966079937e-13,9.72219117486837e-14,0.0,9.49168767003201e-12
E,SD,minus,moving,combined,65,0.0625,1.25e-05,0.01,completed,0.01,0.001,u,3.903320760362261e-09,1.276058533672198e-09,3.780589126478606e-09,1.8348130272804105e-07
E,SD,minus,moving,combined,65,0.0625,1.25e-05,0.01,completed,0.01,0.001,v,2.292502028489185e-09,1.003285096751563e-09,2.2117078446459715e-09,2.848181836547115e-08
E,SD,minus,moving,combined,65,0.0625,1.25e-05,0.01,completed,0.01,0.002,u,2.3310718428454225e-08,3.462623428771462e-09,1.85479005279654e-08,1.095754422288981e-06
E,SD,minus,moving,combined,65,0.0625,1.25e-05,0.01,completed,0.01,0.002,v,1.441269276841739e-08,2.850082294054749e-09,1.1286425592726967e-08,1.7906186886034427e-07
E,SD,minus,moving,combined,65,0.0625,1.25e-05,0.01,completed,0.01,0.005,u,1.545405767871752e-05,1.7844322160376523e-06,1.5309437793604996e-05,0.0007264405897972412
E,SD,minus,moving,combined,65,0.0625,1.25e-05,0.01,completed,0.01,0.005,v,1.029891393612703e-05,1.5341240225825195e-06,1.0204762791558852e-05,0.0001279526876945459
E,SD,minus,moving,combined,65,0.0625,1.25e-05,0.01,completed,0.01,0.01,u,0.8909679220387507,0.10026278702031714,0.8887395723884404,41.881250622455575
E,SD,minus,moving,combined,65,0.0625,1.25e-05,0.01,completed,0.01,0.01,v,0.7186011042546714,0.08906122433764077,0.7092839113711427,8.927829015748722
E,SD,minus,moving,main,33,0.125,2.5e-05,0.01,completed,0.01,0.0,u,6.230602839218946e-12,1.1099535469977812e-12,0.0,2.9542278166190674e-10
E,SD,minus,moving,main,33,0.125,2.5e-05,0.01,completed,0.01,0.0,v,1.2279732786169006e-11,2.107616698511174e-12,0.0,1.546254663860786e-10
E,SD,minus,moving,main,33,0.125,2.5e-05,0.01,completed,0.01,0.001,u,9.784150132446934e-09,4.889750726889885e-09,9.654003443881898e-09,4.6391351253059934e-07
E,SD,minus,moving,main,33,0.125,2.5e-05,0.01,completed,0.01,0.001,v,5.540038622298127e-09,3.858215773370229e-09,5.4781643318846385e-09,6.975974727516733e-08
E,SD,minus,moving,main,33,0.125,2.5e-05,0.01,completed,0.01,0.002,u,2.1886975076074178e-08,9.866577554801337e-09,2.188721519996717e-08,1.0377665253253742e-06
E,SD,minus,moving,main,33,0.125,2.5e-05,0.01,completed,0.01,0.002,v,1.2631247839345328e-08,7.800991268393294e-09,1.2638972375633717e-08,1.5905171734655026e-07
E,SD,minus,moving,main,33,0.125,2.5e-05,0.01,completed,0.01,0.005,u,9.308423512197073e-08,2.6474097655350027e-08,8.552751341178721e-08,4.413570304226097e-06
E,SD,minus,moving,main,33,0.125,2.5e-05,0.01,completed,0.01,0.005,v,5.758080499213003e-08,2.127164299308533e-08,5.29731214310436e-08,7.250531409626563e-07
E,SD,minus,moving,main,33,0.125,2.5e-05,0.01,completed,0.01,0.01,u,1.1080104210317576e-06,1.7238130338750593e-07,8.307615122250811e-07,5.253609147274998e-05
E,SD,minus,moving,main,33,0.125,2.5e-05,0.01,completed,0.01,0.01,v,6.923110678139222e-07,1.5020936478395008e-07,5.108639724096808e-07,8.717528598467867e-06
E,SD,minus,moving,time_half,33,0.125,1.25e-05,0.01,completed,0.01,0.0,u,6.230602839218946e-12,1.1099535469977812e-12,0.0,2.9542278166190674e-10
E,SD,minus,moving,time_half,33,0.125,1.25e-05,0.01,completed,0.01,0.0,v,1.2279732786169006e-11,2.107616698511174e-12,0.0,1.546254663860786e-10
E,SD,minus,moving,time_half,33,0.125,1.25e-05,0.01,completed,0.01,0.001,u,9.784150101221911e-09,4.889750735479067e-09,9.654003436943004e-09,4.639135110500712e-07
E,SD,minus,moving,time_half,33,0.125,1.25e-05,0.01,completed,0.01,0.001,v,5.540038629237021e-09,3.858215767868278e-09,5.4781643318846385e-09,6.975974736254136e-08
E,SD,minus,moving,time_half,33,0.125,1.25e-05,0.01,completed,0.01,0.002,u,2.188697507260473e-08,9.866577562828501e-09,2.1887215196497722e-08,1.037766525160871e-06
E,SD,minus,moving,time_half,33,0.125,1.25e-05,0.01,completed,0.01,0.002,v,1.263124782546754e-08,7.800991263326053e-09,1.2638972361755929e-08,1.590517171718022e-07
E,SD,minus,moving,time_half,33,0.125,1.25e-05,0.01,completed,0.01,0.005,u,9.308423499707064e-08,2.6474097647136e-08,8.55275131377009e-08,4.413570298303985e-06
E,SD,minus,moving,time_half,33,0.125,1.25e-05,0.01,completed,0.01,0.005,v,5.7580804804779895e-08,2.1271642994040702e-08,5.297312127144904e-08,7.250531386035576e-07
E,SD,minus,moving,time_half,33,0.125,1.25e-05,0.01,completed,0.01,0.01,u,1.10801042289832e-06,1.723813035921138e-07,8.307615132971402e-07,5.2536091561252666e-05
E,SD,minus,moving,time_half,33,0.125,1.25e-05,0.01,completed,0.01,0.01,v,6.923110679457611e-07,1.502093649422213e-07,5.108639720002861e-07,8.717528600127974e-06
E,SD,minus,moving,x_half,65,0.125,1.25e-05,0.01,completed,0.01,0.0,u,3.8707925753556083e-13,5.1209019321547736e-14,0.0,1.835328521744067e-11
E,SD,minus,moving,x_half,65,0.125,1.25e-05,0.01,completed,0.01,0.0,v,7.63139551551717e-13,9.72329892666997e-14,0.0,9.609395508121692e-12
E,SD,minus,moving,x_half,65,0.125,1.25e-05,0.01,completed,0.01,0.001,u,1.5262371477753334e-08,5.015200865657801e-09,1.4781741313613095e-08,7.236622768400458e-07
E,SD,minus,moving,x_half,65,0.125,1.25e-05,0.01,completed,0.01,0.001,v,9.157646668755959e-09,3.974227020182165e-09,8.835224989123258e-09,1.1531239415487886e-07
E,SD,minus,moving,x_half,65,0.125,1.25e-05,0.01,completed,0.01,0.002,u,9.172845970295551e-08,1.3603562947224354e-08,7.302944319415028e-08,4.3492864851591575e-06
E,SD,minus,moving,x_half,65,0.125,1.25e-05,0.01,completed,0.01,0.002,v,5.7635028020974755e-08,1.1292966538336779e-08,4.517625859512542e-08,7.25735913240358e-07
E,SD,minus,moving,x_half,65,0.125,1.25e-05,0.01,completed,0.01,0.005,u,6.11154708124867e-05,7.011868404629746e-06,6.0504005805789296e-05,0.0028977777682047236
E,SD,minus,moving,x_half,65,0.125,1.25e-05,0.01,completed,0.01,0.005,v,4.1221227460710996e-05,6.075014329609074e-06,4.0851559941698645e-05,0.0005190545781499504
E,SD,minus,moving,x_half,65,0.125,1.25e-05,0.01,completed,0.01,0.01,u,3.4128469922136753,0.37894077942691856,3.4161904373918808,161.81945436801834
E,SD,minus,moving,x_half,65,0.125,1.25e-05,0.01,completed,0.01,0.01,v,2.825863067487861,0.33799433685881736,2.792661653932531,35.58305399329652
E,SD,minus,moving,y_half,33,0.0625,2.5e-05,0.01,completed,0.01,0.0,u,6.238544403291968e-12,1.109899935412339e-12,0.0,2.9325190639380254e-10
E,SD,minus,moving,y_half,33,0.0625,2.5e-05,0.01,completed,0.01,0.0,v,1.2298731477677904e-11,2.1075133545915924e-12,0.0,1.5279822295458318e-10
E,SD,minus,moving,y_half,33,0.0625,2.5e-05,0.01,completed,0.01,0.001,u,2.5011305700151087e-09,1.2439980327323872e-09,2.4690635438973096e-09,1.1756930148797439e-07
E,SD,minus,moving,y_half,33,0.0625,2.5e-05,0.01,completed,0.01,0.001,v,1.387108858330599e-09,9.738116834547316e-10,1.3730347275808796e-09,1.7233303205469577e-08
E,SD,minus,moving,y_half,33,0.0625,2.5e-05,0.01,completed,0.01,0.002,u,5.597064877543856e-09,2.5103231453637067e-09,5.597368419457682e-09,2.630982228295786e-07
E,SD,minus,moving,y_half,33,0.0625,2.5e-05,0.01,completed,0.01,0.002,v,3.164123726917545e-09,1.9692244692815326e-09,3.1665192481988846e-09,3.931076010228634e-08
E,SD,minus,moving,y_half,33,0.0625,2.5e-05,0.01,completed,0.01,0.005,u,2.382127304439985e-08,6.736935611603396e-09,2.189011493250459e-08,1.1197537889305336e-06
E,SD,minus,moving,y_half,33,0.0625,2.5e-05,0.01,completed,0.01,0.005,v,1.444849009879512e-08,5.369825123039366e-09,1.3295720135975131e-08,1.7950661135091435e-07
E,SD,minus,moving,y_half,33,0.0625,2.5e-05,0.01,completed,0.01,0.01,u,2.807826308057204e-07,4.3903893985342684e-08,2.10088217295068e-07,1.3198598333706718e-05
E,SD,minus,moving,y_half,33,0.0625,2.5e-05,0.01,completed,0.01,0.01,v,1.7288423267286523e-07,3.792937659562502e-08,1.272039652708279e-07,2.1478966003303714e-06
E,SD,plus,frozen,main,33,0.125,2.5e-05,0.01,completed,0.01,0.0,u,6.232996757615794e-12,1.1099708341209602e-12,0.0,2.9553628882166613e-10
E,SD,plus,frozen,main,33,0.125,2.5e-05,0.01,completed,0.01,0.0,v,1.2284590011901741e-11,2.1076597257151697e-12,0.0,1.546866282050974e-10
E,SD,plus,frozen,main,33,0.125,2.5e-05,0.01,completed,0.01,0.001,u,9.783997868828553e-09,4.889749901702937e-09,9.653785746494004e-09,4.6390629298172926e-07
E,SD,plus,frozen,main,33,0.125,2.5e-05,0.01,completed,0.01,0.001,v,5.5399421716728625e-09,3.858214281719954e-09,5.4780215710814595e-09,6.975853277618967e-08
E,SD,plus,frozen,main,33,0.125,2.5e-05,0.01,completed,0.01,0.002,u,2.1885981155850276e-08,9.866576132581692e-09,2.188612139436552e-08,1.0377193987976735e-06
E,SD,plus,frozen,main,33,0.125,2.5e-05,0.01,completed,0.01,0.002,v,1.2630602501395582e-08,7.800986357351187e-09,1.2638247288976334e-08,1.5904359129990141e-07
E,SD,plus,frozen,main,33,0.125,2.5e-05,0.01,completed,0.01,0.005,u,9.306415257523404e-08,2.6474218317987414e-08,8.551393454458989e-08,4.412618094307907e-06
E,SD,plus,frozen,main,33,0.125,2.5e-05,0.01,completed,0.01,0.005,v,5.756727980421594e-08,2.127158632034625e-08,5.296352549588601e-08,7.248828328195076e-07
E,SD,plus,frozen,main,33,0.125,2.5e-05,0.01,completed,0.01,0.01,u,1.1087668277919016e-06,1.7241598670177988e-07,8.31274793236525e-07,5.257195634729198e-05
E,SD,plus,frozen,main,33,0.125,2.5e-05,0.01,completed,0.01,0.01,v,6.927932094322187e-07,1.5022528368600222e-07,5.111878069105624e-07,8.723599689255542e-06
E,SD,plus,moving,combined,65,0.0625,1.25e-05,0.01,completed,0.01,0.0,u,3.8751987729845894e-13,5.120001299775897e-14,0.0,1.821593875701185e-11
E,SD,plus,moving,combined,65,0.0625,1.25e-05,0.01,completed,0.01,0.0,v,7.642775301519578e-13,9.722635577578395e-14,0.0,9.49530841154571e-12
E,SD,plus,moving,combined,65,0.0625,1.25e-05,0.01,completed,0.01,0.001,u,3.902675252409615e-09,1.2760583116490048e-09,3.780087257099218e-09,1.834509596823771e-07
E,SD,plus,moving,combined,65,0.0625,1.25e-05,0.01,completed,0.01,0.001,v,2.292102119216821e-09,1.0032837414730422e-09,2.211389495132554e-09,2.8476849932241175e-08
E,SD,plus,moving,combined,65,0.0625,1.25e-05,0.01,completed,0.01,0.002,u,2.3322324904651026e-08,3.4626738938215746e-09,1.855555938762299e-08,1.0963000016823777e-06
E,SD,plus,moving,combined,65,0.0625,1.25e-05,0.01,completed,0.01,0.002,v,1.4419787988662058e-08,2.850040120718868e-09,1.1291101116583935e-08,1.791500191746124e-07
E,SD,plus,moving,combined,65,0.0625,1.25e-05,0.01,completed,0.01,0.005,u,1.548023124761308e-05,1.7860058201750301e-06,1.533561511361803e-05,0.0007276709166939612
E,SD,plus,moving,combined,65,0.0625,1.25e-05,0.01,completed,0.01,0.005,v,1.0316465196578972e-05,1.5351452664250278e-06,1.0222316342456406e-05,0.0001281707428177541
E,SD,plus,moving,combined,65,0.0625,1.25e-05,0.01,completed,0.01,0.01,u,0.7724609136299825,0.08597993566832933,0.7650138637626651,36.31065532164158
E,SD,plus,moving,combined,65,0.0625,1.25e-05,0.01,completed,0.01,0.01,v,0.6179498155122799,0.07812684092746854,0.6211742513723711,7.6773473635686225
E,SD,plus,moving,main,33,0.125,2.5e-05,0.01,completed,0.01,0.0,u,6.232996757615794e-12,1.1099708341209602e-12,0.0,2.9553628882166613e-10
E,SD,plus,moving,main,33,0.125,2.5e-05,0.01,completed,0.01,0.0,v,1.2284590011901741e-11,2.1076597257151697e-12,0.0,1.546866282050974e-10
E,SD,plus,moving,main,33,0.125,2.5e-05,0.01,completed,0.01,0.001,u,9.78399806658703e-09,4.8897499516568295e-09,9.653786110785934e-09,4.639063023584077e-07
E,SD,plus,moving,main,33,0.125,2.5e-05,0.01,completed,0.01,0.001,v,5.539942123100605e-09,3.858214302754012e-09,5.478021612714823e-09,6.975853216457148e-08
E,SD,plus,moving,main,33,0.125,2.5e-05,0.01,completed,0.01,0.002,u,2.1885979563374125e-08,9.8665760924521e-09,2.1886119371677948e-08,1.0377193232907366e-06
E,SD,plus,moving,main,33,0.125,2.5e-05,0.01,completed,0.01,0.002,v,1.2630601654850526e-08,7.800986373540835e-09,1.2638246685292565e-08,1.5904358064027008e-07
E,SD,plus,moving,main,33,0.125,2.5e-05,0.01,completed,0.01,0.005,u,9.306407326020727e-08,2.647421811984999e-08,8.551387037369906e-08,4.41261433360185e-06
E,SD,plus,moving,main,33,0.125,2.5e-05,0.01,completed,0.01,0.005,v,5.756722781108392e-08,2.1271585671563065e-08,5.296348128819295e-08,7.24882178125922e-07
E,SD,plus,moving,main,33,0.125,2.5e-05,0.01,completed,0.01,0.01,u,1.1087703704684704e-06,1.7241600212832523e-07,8.312767007488675e-07,5.2572124322589635e-05
E,SD,plus,moving,main,33,0.125,2.5e-05,0.01,completed,0.01,0.01,v,6.927954511390388e-07,1.5022522180381867e-07,5.111889964590222e-07,8.723627916658257e-06
E,SD,plus,moving,time_half,33,0.125,1.25e-05,0.01,completed,0.01,0.0,u,6.232996757615794e-12,1.1099708341209602e-12,0.0,2.9553628882166613e-10
E,SD,plus,moving,time_half,33,0.125,1.25e-05,0.01,completed,0.01,0.0,v,1.2284590011901741e-11,2.1076597257151697e-12,0.0,1.546866282050974e-10
E,SD,plus,moving,time_half,33,0.125,1.25e-05,0.01,completed,0.01,0.001,u,9.783998056178689e-09,4.88974994463603e-09,9.653785937313586e-09,4.639063018648983e-07
E,SD,plus,moving,time_half,33,0.125,1.25e-05,0.01,completed,0.01,0.001,v,5.539942088406136e-09,3.858214293948923e-09,5.4780215710814595e-09,6.975853172770135e-08
E,SD,plus,moving,time_half,33,0.125,1.25e-05,0.01,completed,0.01,0.002,u,2.1885979549496337e-08,9.866576092304503e-09,2.1886119361269607e-08,1.0377193226327241e-06
E,SD,plus,moving,time_half,33,0.125,1.25e-05,0.01,completed,0.01,0.002,v,1.2630601578522693e-08,7.800986365020627e-09,1.2638246491003535e-08,1.590435796791558e-07
E,SD,plus,moving,time_half,33,0.125,1.25e-05,0.01,completed,0.01,0.005,u,9.306407319428778e-08,2.6474218117776165e-08,8.551387048125192e-08,4.412614330476291e-06
E,SD,plus,moving,time_half,33,0.125,1.25e-05,0.01,completed,0.01,0.005,v,5.7567227498833695e-08,2.127158569458964e-08,5.296348105920945e-08,7.248821741940908e-07
E,SD,plus,moving,time_half,33,0.125,1.25e-05,0.01,completed,0.01,0.01,u,1.1087703722621745e-06,1.7241600220625324e-07,8.312767016474543e-07,5.2572124407637753e-05
E,SD,plus,moving,time_half,33,0.125,1.25e-05,0.01,completed,0.01,0.01,v,6.927954459209906e-07,1.5022522186868577e-07,5.111889921985413e-07,8.723627850952988e-06
E,SD,plus,moving,x_half,65,0.125,1.25e-05,0.01,stopped,0.009962500000000001,0.0,u,3.873880383142847e-13,5.12084510225674e-14,0.0,1.836792599601833e-11
E,SD,plus,moving,x_half,65,0.125,1.25e-05,0.01,stopped,0.009962500000000001,0.0,v,7.633754739444498e-13,9.722902142684775e-14,0.0,9.61236622504546e-12
E,SD,plus,moving,x_half,65,0.125,1.25e-05,0.01,stopped,0.009962500000000001,0.001,u,1.525984619915599e-08,5.015199938546997e-09,1.47797804966876e-08,7.23542541262775e-07
E,SD,plus,moving,x_half,65,0.125,1.25e-05,0.01,stopped,0.009962500000000001,0.001,v,9.156037122926008e-09,3.974221500603899e-09,8.833945637498619e-09,1.1529212687553658e-07
E,SD,plus,moving,x_half,65,0.125,1.25e-05,0.01,stopped,0.009962500000000001,0.002,u,9.177406871604954e-08,1.3603749883446194e-08,7.305957067452185e-08,4.351449027350465e-06
E,SD,plus,moving,x_half,65,0.125,1.25e-05,0.01,stopped,0.009962500000000001,0.002,v,5.766378003563277e-08,1.1292788724182421e-08,4.519503188360474e-08,7.260979564340864e-07
E,SD,plus,moving,x_half,65,0.125,1.25e-05,0.01,stopped,0.009962500000000001,0.005,u,6.12177790817875e-05,7.017896050944017e-06,6.0606464289784945e-05,0.0029026286942360874
E,SD,plus,moving,x_half,65,0.125,1.25e-05,0.01,stopped,0.009962500000000001,0.005,v,4.129057746612291e-05,6.07891976602868e-06,4.0921116607160746e-05,0.000519927828172359
E,SD,plus,moving,x_half,65,0.125,1.25e-05,0.01,stopped,0.009962500000000001,0.009962500000000001,u,3.3779119334411285,0.35884964156128246,3.252958315327027,160.16301557606963
E,SD,plus,moving,x_half,65,0.125,1.25e-05,0.01,stopped,0.009962500000000001,0.009962500000000001,v,4.186136799707642,0.38138637801447894,2.703275313532239,52.711517936267576
E,SD,plus,moving,y_half,33,0.0625,2.5e-05,0.01,completed,0.01,0.0,u,6.241004241180903e-12,1.1099221102506604e-12,0.0,2.93367534672407e-10
E,SD,plus,moving,y_half,33,0.0625,2.5e-05,0.01,completed,0.01,0.0,v,1.2303741359076525e-11,2.1075455166438858e-12,0.0,1.528604652253663e-10
E,SD,plus,moving,y_half,33,0.0625,2.5e-05,0.01,completed,0.01,0.001,u,2.501090824030827e-09,1.243997679454423e-09,2.469007331917794e-09,1.175674331698366e-07
E,SD,plus,moving,y_half,33,0.0625,2.5e-05,0.01,completed,0.01,0.001,v,1.3870719017816668e-09,9.738113126741444e-10,1.3729988257438208e-09,1.7232844060962387e-08
E,SD,plus,moving,y_half,33,0.0625,2.5e-05,0.01,completed,0.01,0.002,u,5.596808901747741e-09,2.510322718469385e-09,5.5970860585174975e-09,2.6308619031280086e-07
E,SD,plus,moving,y_half,33,0.0625,2.5e-05,0.01,completed,0.01,0.002,v,3.1639629943791547e-09,1.9692232658462747e-09,3.166337816939979e-09,3.93087631771334e-08
E,SD,plus,moving,y_half,33,0.0625,2.5e-05,0.01,completed,0.01,0.005,u,2.381608850757222e-08,6.7369661532586914e-09,2.1886600767850872e-08,1.1195100821922006e-06
E,SD,plus,moving,y_half,33,0.0625,2.5e-05,0.01,completed,0.01,0.005,v,1.4445076704228121e-08,5.369810720519146e-09,1.3293284216453483e-08,1.7946420367455954e-07
E,SD,plus,moving,y_half,33,0.0625,2.5e-05,0.01,completed,0.01,0.01,u,2.8097490453737883e-07,4.3912712650943594e-08,2.1021826155515067e-07,1.3207636441751366e-05
E,SD,plus,moving,y_half,33,0.0625,2.5e-05,0.01,completed,0.01,0.01,v,1.7300499319944374e-07,3.793340433352886e-08,1.2728489066915483e-07,2.149396917163676e-06
E,SD,zero,frozen,main,33,0.125,2.5e-05,0.01,completed,0.01,0.0,u,6.231747756713091e-12,1.1099704680913187e-12,0.0,2.954770676948351e-10
E,SD,zero,frozen,main,33,0.125,2.5e-05,0.01,completed,0.01,0.0,v,1.2282397321428107e-11,2.1076370777352848e-12,0.0,1.5465901801251175e-10
E,SD,zero,frozen,main,33,0.125,2.5e-05,0.01,completed,0.01,0.001,u,9.784073887880718e-09,4.889750367412142e-09,9.653894506717053e-09,4.6390989740981257e-07
E,SD,zero,frozen,main,33,0.125,2.5e-05,0.01,completed,0.01,0.001,v,5.5399906259689935e-09,3.858215023096774e-09,5.478093194344336e-09,6.97591429090214e-08
E,SD,zero,frozen,main,33,0.125,2.5e-05,0.01,completed,0.01,0.002,u,2.18864782026984e-08,9.866576858980754e-09,2.1886668311044133e-08,1.037742966174102e-06
E,SD,zero,frozen,main,33,0.125,2.5e-05,0.01,completed,0.01,0.002,v,1.2630926034262746e-08,7.800988808779653e-09,1.263861069272787e-08,1.5904766520129223e-07
E,SD,zero,frozen,main,33,0.125,2.5e-05,0.01,completed,0.01,0.005,u,9.307423034371487e-08,2.6474157832635124e-08,8.552075419013261e-08,4.4130959296754276e-06
E,SD,zero,frozen,main,33,0.125,2.5e-05,0.01,completed,0.01,0.005,v,5.757407195439157e-08,2.1271614802493817e-08,5.296834835327724e-08,7.249683590607507e-07
E,SD,zero,frozen,main,33,0.125,2.5e-05,0.01,completed,0.01,0.01,u,1.1083857259994168e-06,1.7239853031094936e-07,8.310159211460943e-07,5.2553886482378826e-05
E,SD,zero,frozen,main,33,0.125,2.5e-05,0.01,completed,0.01,0.01,v,6.925499713081318e-07,1.5021727404393149e-07,5.110242930345121e-07,8.720536853195936e-06
E,SD,zero,moving,combined,65,0.0625,1.25e-05,0.01,completed,0.01,0.0,u,3.874019161020925e-13,5.1201577196154346e-14,0.0,1.8210393818404587e-11
E,SD,zero,moving,combined,65,0.0625,1.25e-05,0.01,completed,0.01,0.0,v,7.643746746666125e-13,9.722953624760906e-14,0.0,9.49651532538361e-12
E,SD,zero,moving,combined,65,0.0625,1.25e-05,0.01,completed,0.01,0.001,u,3.9029957044078856e-09,1.2760584023902593e-09,3.78033698789082e-09,1.8346602299736304e-07
E,SD,zero,moving,combined,65,0.0625,1.25e-05,0.01,completed,0.01,0.001,v,2.292288352190308e-09,1.0032844362720064e-09,2.211538695229276e-09,2.847916367227656e-08
E,SD,zero,moving,combined,65,0.0625,1.25e-05,0.01,completed,0.01,0.002,u,2.3316528534322867e-08,3.4626469529194737e-09,1.8551730207594375e-08,1.0960275348152668e-06
E,SD,zero,moving,combined,65,0.0625,1.25e-05,0.01,completed,0.01,0.002,v,1.4415990234883935e-08,2.8500610634927223e-09,1.1288701383393995e-08,1.7910283625744981e-07
E,SD,zero,moving,combined,65,0.0625,1.25e-05,0.01,completed,0.01,0.005,u,1.546715639395152e-05,1.7852174698710696e-06,1.5322538207102054e-05,0.0007270563140696617
E,SD,zero,moving,combined,65,0.0625,1.25e-05,0.01,completed,0.01,0.005,v,1.0307474595031008e-05,1.5346331533149277e-06,1.0213327343515377e-05,0.00012805904447371635
E,SD,zero,moving,combined,65,0.0625,1.25e-05,0.01,completed,0.01,0.01,u,0.805699260651147,0.08959011648095525,0.8038132919290881,37.87307244961647
E,SD,zero,moving,combined,65,0.0625,1.25e-05,0.01,completed,0.01,0.01,v,0.6456274792844455,0.08043256816729306,0.6480632288894744,8.021211919648827
E,SD,zero,moving,main,33,0.125,2.5e-05,0.01,completed,0.01,0.0,u,6.231747756713091e-12,1.1099704680913187e-12,0.0,2.954770676948351e-10
E,SD,zero,moving,main,33,0.125,2.5e-05,0.01,completed,0.01,0.0,v,1.2282397321428107e-11,2.1076370777352848e-12,0.0,1.5465901801251175e-10
E,SD,zero,moving,main,33,0.125,2.5e-05,0.01,completed,0.01,0.001,u,9.784073742163946e-09,4.889750370614019e-09,9.653894517125394e-09,4.639098905006811e-07
E,SD,zero,moving,main,33,0.125,2.5e-05,0.01,completed,0.01,0.001,v,5.539990591274524e-09,3.858215034514021e-09,5.47809304168867e-09,6.975914247215126e-08
E,SD,zero,moving,main,33,0.125,2.5e-05,0.01,completed,0.01,0.002,u,2.1886476329197047e-08,9.866576837303108e-09,2.1886666191212045e-08,1.0377428773424118e-06
E,SD,zero,moving,main,33,0.125,2.5e-05,0.01,completed,0.01,0.002,v,1.2630925090573175e-08,7.800988808095093e-09,1.2638609762916087e-08,1.5904765331842453e-07
E,SD,zero,moving,main,33,0.125,2.5e-05,0.01,completed,0.01,0.005,u,9.307414080422793e-08,2.6474157752674694e-08,8.552068152603565e-08,4.413091684178646e-06
E,SD,zero,moving,main,33,0.125,2.5e-05,0.01,completed,0.01,0.005,v,5.7574013376249233e-08,2.1271614221832674e-08,5.296829926060287e-08,7.249676214492133e-07
E,SD,zero,moving,main,33,0.125,2.5e-05,0.01,completed,0.01,0.01,u,1.1083906548900457e-06,1.7239864722857414e-07,8.310192678474826e-07,5.25541201847376e-05
E,SD,zero,moving,main,33,0.125,2.5e-05,0.01,completed,0.01,0.01,v,6.925530774554156e-07,1.502172826431419e-07,5.110263833971174e-07,8.72057596556758e-06
E,SD,zero,moving,time_half,33,0.125,1.25e-05,0.01,completed,0.01,0.0,u,6.231747756713091e-12,1.1099704680913187e-12,0.0,2.954770676948351e-10
E,SD,zero,moving,time_half,33,0.125,1.25e-05,0.01,completed,0.01,0.0,v,1.2282397321428107e-11,2.1076370777352848e-12,0.0,1.5465901801251175e-10
E,SD,zero,moving,time_half,33,0.125,1.25e-05,0.01,completed,0.01,0.001,u,9.784073742163946e-09,4.889750370462479e-09,9.653894517125394e-09,4.639098905006811e-07
E,SD,zero,moving,time_half,33,0.125,1.25e-05,0.01,completed,0.01,0.001,v,5.5399905496411606e-09,3.858215026775931e-09,5.478092833521853e-09,6.97591419479071e-08
E,SD,zero,moving,time_half,33,0.125,1.25e-05,0.01,completed,0.01,0.002,u,2.188647644021935e-08,9.866576805000064e-09,2.18866662987649e-08,1.037742882606512e-06
E,SD,zero,moving,time_half,33,0.125,1.25e-05,0.01,completed,0.01,0.002,v,1.2630925069756493e-08,7.800988796765548e-09,1.2638609735160511e-08,1.5904765305630243e-07
E,SD,zero,moving,time_half,33,0.125,1.25e-05,0.01,completed,0.01,0.005,u,9.30741407799418e-08,2.647415776658991e-08,8.552068149134118e-08,4.413091683027124e-06
E,SD,zero,moving,time_half,33,0.125,1.25e-05,0.01,completed,0.01,0.005,v,5.757401314032684e-08,2.127161422402683e-08,5.296829914264167e-08,7.249676184784964e-07
E,SD,zero,moving,time_half,33,0.125,1.25e-05,0.01,completed,0.01,0.01,u,1.108390657353353e-06,1.723986475338914e-07,8.310192694226115e-07,5.255412030153482e-05
E,SD,zero,moving,time_half,33,0.125,1.25e-05,0.01,completed,0.01,0.01,v,6.925530739027019e-07,1.502172828340857e-07,5.110263804342097e-07,8.72057592083208e-06
E,SD,zero,moving,x_half,65,0.125,1.25e-05,0.01,completed,0.01,0.0,u,3.8719027983802334e-13,5.1207760233658836e-14,0.0,1.8358549317603426e-11
E,SD,zero,moving,x_half,65,0.125,1.25e-05,0.01,completed,0.01,0.0,v,7.63139551551717e-13,9.723733056670288e-14,0.0,9.609395508121692e-12
E,SD,zero,moving,x_half,65,0.125,1.25e-05,0.01,completed,0.01,0.001,u,1.5261105046349144e-08,5.0152003588550875e-09,1.478075748254093e-08,7.236022292494892e-07
E,SD,zero,moving,x_half,65,0.125,1.25e-05,0.01,completed,0.01,0.001,v,9.156835435730759e-09,3.9742242509958924e-09,8.834579914851481e-09,1.1530217916998843e-07
E,SD,zero,moving,x_half,65,0.125,1.25e-05,0.01,completed,0.01,0.002,u,9.175128416402667e-08,1.3603654787521638e-08,7.304452194142885e-08,4.350368702394564e-06
E,SD,zero,moving,x_half,65,0.125,1.25e-05,0.01,completed,0.01,0.002,v,5.764952767245424e-08,1.1292876735618519e-08,4.518573355760669e-08,7.259184917550124e-07
E,SD,zero,moving,x_half,65,0.125,1.25e-05,0.01,completed,0.01,0.005,u,6.116665742892519e-05,7.014880772611733e-06,6.055526609383133e-05,0.002900204771337861
E,SD,zero,moving,x_half,65,0.125,1.25e-05,0.01,completed,0.01,0.005,v,4.125602858470745e-05,6.0769653745395e-06,4.088646111783528e-05,0.0005194927912709047
E,SD,zero,moving,x_half,65,0.125,1.25e-05,0.01,completed,0.01,0.01,u,2.993399987966797,0.3296831225944232,2.9355312189596674,141.93145894414374
E,SD,zero,moving,x_half,65,0.125,1.25e-05,0.01,completed,0.01,0.01,v,2.541104998182335,0.31080776584687075,2.469988286211456,31.997401924127765
E,SD,zero,moving,y_half,33,0.0625,2.5e-05,0.01,completed,0.01,0.0,u,6.239727484702584e-12,1.109906347652017e-12,0.0,2.933075188663048e-10
E,SD,zero,moving,y_half,33,0.0625,2.5e-05,0.01,completed,0.01,0.0,v,1.2301284990634542e-11,2.107539298764354e-12,0.0,1.5282994754689367e-10
E,SD,zero,moving,y_half,33,0.0625,2.5e-05,0.01,completed,0.01,0.001,u,2.5011101731364782e-09,1.243997789536669e-09,2.4690352332101817e-09,1.1756834270285462e-07
E,SD,zero,moving,y_half,33,0.0625,2.5e-05,0.01,completed,0.01,0.001,v,1.3870918441627467e-09,9.738115045133624e-10,1.3730184905691445e-09,1.723309182313168e-08
E,SD,zero,moving,y_half,33,0.0625,2.5e-05,0.01,completed,0.01,0.002,u,5.596936431678801e-09,2.510322821289677e-09,5.597226925002641e-09,2.63092185043781e-07
E,SD,zero,moving,y_half,33,0.0625,2.5e-05,0.01,completed,0.01,0.002,v,3.1640467954008322e-09,1.9692238678812e-09,3.1664325952918126e-09,3.930980431273485e-08
E,SD,zero,moving,y_half,33,0.0625,2.5e-05,0.01,completed,0.01,0.005,u,2.3818673380859856e-08,6.736950569355483e-09,2.1888350507093257e-08,1.1196315879426424e-06
E,SD,zero,moving,y_half,33,0.0625,2.5e-05,0.01,completed,0.01,0.005,v,1.4446789237121394e-08,5.369817728260314e-09,1.329450644016461e-08,1.7948548001377534e-07
E,SD,zero,moving,y_half,33,0.0625,2.5e-05,0.01,completed,0.01,0.01,u,2.8087877362859004e-07,4.390829600515025e-08,2.101532408718687e-07,1.3203117667748441e-05
E,SD,zero,moving,y_half,33,0.0625,2.5e-05,0.01,completed,0.01,0.01,v,1.729446542503288e-07,3.793138352136699e-08,1.2724422692594883e-07,2.1486472720302374e-06
A,FD,mass,frozen,main,33,0.125,2.5e-05,0.01,completed,0.01,0.0,u,0.0022443456294949926,0.00039692940521437206,5.551115123125783e-17,0.0011221731356940504
A,FD,mass,frozen,main,33,0.125,2.5e-05,0.01,completed,0.01,0.0,v,0.004796120618766497,0.0006077717687712303,0.0,0.0023980608237754173
A,FD,mass,frozen,main,33,0.125,2.5e-05,0.01,completed,0.01,0.001,u,0.0025752177986985147,0.0006130853165147161,0.0006888492239614102,0.0012876092676112876
A,FD,mass,frozen,main,33,0.125,2.5e-05,0.01,completed,0.01,0.001,v,0.005522387153162167,0.000702010178801509,0.0003179633271596094,0.0027611941688665846
A,FD,mass,frozen,main,33,0.125,2.5e-05,0.01,completed,0.01,0.002,u,0.0036432102472905292,0.0008739888074145165,0.0013556924983494922,0.0018216056446326556
A,FD,mass,frozen,main,33,0.125,2.5e-05,0.01,completed,0.01,0.002,v,0.006222223862143272,0.0008128869718252139,0.000627366953974362,0.0031111125984158257
A,FD,mass,frozen,main,33,0.125,2.5e-05,0.01,completed,0.01,0.005,u,0.00683626060632523,0.0017104229141186422,0.0032666486449343946,0.0034181312807635045
A,FD,mass,frozen,main,33,0.125,2.5e-05,0.01,completed,0.01,0.005,v,0.008161148144196939,0.0011752984082588904,0.0014953147468652617,0.004080574947395617
A,FD,mass,frozen,main,33,0.125,2.5e-05,0.01,completed,0.01,0.01,u,0.6918189212276382,0.05888119246718695,0.692157577127515,0.34590955954550584
A,FD,mass,frozen,main,33,0.125,2.5e-05,0.01,completed,0.01,0.01,v,0.8459744274404013,0.1011988113139101,0.8453943673438351,0.42298730445241006
A,FD,mass,moving,combined,65,0.0625,1.25e-05,0.01,stopped,0.003625,0.0,u,0.0003115552579202041,6.265210723298118e-05,1.3877787807814457e-16,0.00015577763030314327
A,FD,mass,moving,combined,65,0.0625,1.25e-05,0.01,stopped,0.003625,0.0,v,0.0003078945701943392,5.531821313442019e-05,0.0,0.0001539472860926152
A,FD,mass,moving,combined,65,0.0625,1.25e-05,0.01,stopped,0.003625,0.001,u,0.00042591234421025803,0.00010616459676619875,0.00023018322351248122,0.00021295617394113665
A,FD,mass,moving,combined,65,0.0625,1.25e-05,0.01,stopped,0.003625,0.001,v,0.0004148496382249123,5.7390712925393895e-05,0.00011132693587045939,0.0002074248204536953
A,FD,mass,moving,combined,65,0.0625,1.25e-05,0.01,stopped,0.003625,0.002,u,0.0019493655138642652,0.00019491083828171747,0.0019541164107992337,0.0009746827653353873
A,FD,mass,moving,combined,65,0.0625,1.25e-05,0.01,stopped,0.003625,0.002,v,0.0021307262400185323,0.00018972078895943676,0.0021324495104910746,0.0010653631268980597
A,FD,mass,moving,combined,65,0.0625,1.25e-05,0.01,stopped,0.003625,0.003625,u,22.38508665634784,1.0890886634118462,10.59642911870996,11.192543424670747
A,FD,mass,moving,combined,65,0.0625,1.25e-05,0.01,stopped,0.003625,0.003625,v,23.896397360081785,1.660702887403062,11.683037532102162,11.94819875729969
A,FD,mass,moving,main,33,0.125,2.5e-05,0.01,completed,0.01,0.0,u,0.0022443456294949926,0.00039692940521437206,5.551115123125783e-17,0.0011221731356940504
A,FD,mass,moving,main,33,0.125,2.5e-05,0.01,completed,0.01,0.0,v,0.004796120618766497,0.0006077717687712303,0.0,0.0023980608237754173
A,FD,mass,moving,main,33,0.125,2.5e-05,0.01,completed,0.01,0.001,u,0.0025040636223653823,0.0005992362862417366,0.0007039441486126757,0.0012520321692695115
A,FD,mass,moving,main,33,0.125,2.5e-05,0.01,completed,0.01,0.001,v,0.005373456397959442,0.0006801664560285441,0.0002724754561320708,0.002686728775292143
A,FD,mass,moving,main,33,0.125,2.5e-05,0.01,completed,0.01,0.002,u,0.0035091997939006928,0.000849997334035354,0.0013895111362622892,0.0017546003987739364
A,FD,mass,moving,main,33,0.125,2.5e-05,0.01,completed,0.01,0.002,v,0.00593173711345113,0.0007653263872544478,0.0005401391817817514,0.002965869192914552
A,FD,mass,moving,main,33,0.125,2.5e-05,0.01,completed,0.01,0.005,u,0.006592757745483957,0.0016731756775933964,0.003372231948940943,0.0032963798155214025
A,FD,mass,moving,main,33,0.125,2.5e-05,0.01,completed,0.01,0.005,v,0.007480351408985952,0.0010481044303370338,0.0012997111746039236,0.0037401765067735047
A,FD,mass,moving,main,33,0.125,2.5e-05,0.01,completed,0.01,0.01,u,0.5368366314436179,0.048079715573775855,0.5232269892062247,0.26841839249067406
A,FD,mass,moving,main,33,0.125,2.5e-05,0.01,completed,0.01,0.01,v,0.651166298360017,0.08153460684206593,0.6482557596056355,0.32558321901871173
A,FD,mass,moving,time_half,33,0.125,1.25e-05,0.01,completed,0.01,0.0,u,0.0022443456294949926,0.00039692940521437206,5.551115123125783e-17,0.0011221731356940504
A,FD,mass,moving,time_half,33,0.125,1.25e-05,0.01,completed,0.01,0.0,v,0.004796120618766497,0.0006077717687712303,0.0,0.0023980608237754173
A,FD,mass,moving,time_half,33,0.125,1.25e-05,0.01,completed,0.01,0.001,u,0.002504063622365729,0.0005992362862418001,0.000703944148612759,0.001252032169269685
A,FD,mass,moving,time_half,33,0.125,1.25e-05,0.01,completed,0.01,0.001,v,0.005373456397960108,0.0006801664560285976,0.00027247545613140467,0.0026867287752924763
A,FD,mass,moving,time_half,33,0.125,1.25e-05,0.01,completed,0.01,0.002,u,0.0035091997939014005,0.0008499973340355718,0.0013895111362629553,0.0017546003987742903
A,FD,mass,moving,time_half,33,0.125,1.25e-05,0.01,completed,0.01,0.002,v,0.005931737113450353,0.000765326387254497,0.0005401391817815293,0.0029658691929141633
A,FD,mass,moving,time_half,33,0.125,1.25e-05,0.01,completed,0.01,0.005,u,0.006592757745443177,0.0016731756777922896,0.0033722319489495056,0.0032963798155010125
A,FD,mass,moving,time_half,33,0.125,1.25e-05,0.01,completed,0.01,0.005,v,0.007480351408895802,0.0010481044312536908,0.0012997111745824963,0.0037401765067284296
A,FD,mass,moving,time_half,33,0.125,1.25e-05,0.01,completed,0.01,0.01,u,0.5368366781067158,0.04807972102558114,0.5232270322850412,0.2684184158222297
A,FD,mass,moving,time_half,33,0.125,1.25e-05,0.01,completed,0.01,0.01,v,0.6511663657112345,0.08153461659772565,0.6482558266085976,0.3255832526943277
A,FD,mass,moving,x_half,65,0.125,1.25e-05,0.01,stopped,0.0033125000000000003,0.0,u,0.00031187940894790434,6.270337407778855e-05,1.1102230246251565e-16,0.00015593974907342038
A,FD,mass,moving,x_half,65,0.125,1.25e-05,0.01,stopped,0.0033125000000000003,0.0,v,0.00028704822087485815,5.526764076698528e-05,0.0,0.00014352414122384348
A,FD,mass,moving,x_half,65,0.125,1.25e-05,0.01,stopped,0.0033125000000000003,0.001,u,0.0004216386061891425,0.00010423151587504434,0.00022265338578737748,0.0002108193633898555
A,FD,mass,moving,x_half,65,0.125,1.25e-05,0.01,stopped,0.0033125000000000003,0.001,v,0.0003804915053439717,5.8639421153304246e-05,0.00010672449636661696,0.0001902457934803529
A,FD,mass,moving,x_half,65,0.125,1.25e-05,0.01,stopped,0.0033125000000000003,0.002,u,0.007970869120267121,0.0004697016682630553,0.008004383001697146,0.00398543569998606
A,FD,mass,moving,x_half,65,0.125,1.25e-05,0.01,stopped,0.0033125000000000003,0.002,v,0.008791688717343815,0.0007326315668012292,0.00876719762516509,0.004395845301595613
A,FD,mass,moving,x_half,65,0.125,1.25e-05,0.01,stopped,0.0033125000000000003,0.0033125000000000003,u,20.281250850925556,1.0736944075989794,10.088247348960712,10.140628325727999
A,FD,mass,moving,x_half,65,0.125,1.25e-05,0.01,stopped,0.0033125000000000003,0.0033125000000000003,v,19.81970733620811,1.4224542907463171,11.052624897358598,9.909855793801688
A,FD,mass,moving,y_half,33,0.0625,2.5e-05,0.01,completed,0.01,0.0,u,0.0024486302722449838,0.00039766001367143495,1.1102230246251565e-16,0.0012243151466779592
A,FD,mass,moving,y_half,33,0.0625,2.5e-05,0.01,completed,0.01,0.0,v,0.005046467010523581,0.0006088382643792998,0.0,0.0025232335215773865
A,FD,mass,moving,y_half,33,0.0625,2.5e-05,0.01,completed,0.01,0.001,u,0.002531513694112947,0.0006070315603540834,0.000728033184295207,0.0012657568579692317
A,FD,mass,moving,y_half,33,0.0625,2.5e-05,0.01,completed,0.01,0.001,v,0.005631406336219891,0.0006809289219478146,0.00028000347777623613,0.002815703186316693
A,FD,mass,moving,y_half,33,0.0625,2.5e-05,0.01,completed,0.01,0.002,u,0.0035690766411161645,0.0008675354911422668,0.0014371684694847453,0.0017845383359435295
A,FD,mass,moving,y_half,33,0.0625,2.5e-05,0.01,completed,0.01,0.002,v,0.006196349849963534,0.0007650552366287775,0.0005547155931333592,0.0030981749450150185
A,FD,mass,moving,y_half,33,0.0625,2.5e-05,0.01,completed,0.01,0.005,u,0.00676694569692704,0.0017207591868520402,0.0034895132091957437,0.0033834728776342264
A,FD,mass,moving,y_half,33,0.0625,2.5e-05,0.01,completed,0.01,0.005,v,0.007760486009660672,0.0010333562320056628,0.0013325491413280766,0.0038802430299205537
A,FD,mass,moving,y_half,33,0.0625,2.5e-05,0.01,completed,0.01,0.01,u,0.053812674275827366,0.012687248237197392,0.04794295997710529,0.026906337369887425
A,FD,mass,moving,y_half,33,0.0625,2.5e-05,0.01,completed,0.01,0.01,v,0.1253575102910105,0.01625851213594,0.11861844063846982,0.06267875555079523
A,FD,strong,frozen,main,33,0.125,2.5e-05,0.01,completed,0.01,0.0,u,2.7822748448119716e-05,4.616696562385728e-06,1.1102230246251565e-16,1.3911378202776469e-05
A,FD,strong,frozen,main,33,0.125,2.5e-05,0.01,completed,0.01,0.0,v,2.5605521043470247e-05,4.14561597766942e-06,0.0,1.2802763267971207e-05
A,FD,strong,frozen,main,33,0.125,2.5e-05,0.01,completed,0.01,0.001,u,2.7915613011422757e-05,5.577391159790803e-06,8.470826748929738e-06,1.3957810497707835e-05
A,FD,strong,frozen,main,33,0.125,2.5e-05,0.01,completed,0.01,0.001,v,2.9255283776175034e-05,1.1350198111156796e-05,2.4745847617912986e-05,1.4627645025766919e-05
A,FD,strong,frozen,main,33,0.125,2.5e-05,0.01,completed,0.01,0.002,u,3.272965250733506e-05,7.62101317688371e-06,2.8947344311136547e-05,1.6364830934082637e-05
A,FD,strong,frozen,main,33,0.125,2.5e-05,0.01,completed,0.01,0.002,v,6.123362973808888e-05,2.1997526337375437e-05,5.8158572212363424e-05,3.061682143645634e-05
A,FD,strong,frozen,main,33,0.125,2.5e-05,0.01,completed,0.01,0.005,u,0.0003582228288088185,2.911706816864778e-05,0.00030185561510331915,0.0001791114656310924
A,FD,strong,frozen,main,33,0.125,2.5e-05,0.01,completed,0.01,0.005,v,0.00045142891477634173,6.886506186635587e-05,0.0003947780134754275,0.00022571450580469683
A,FD,strong,frozen,main,33,0.125,2.5e-05,0.01,completed,0.01,0.01,u,0.02797924056101264,0.002347682239623558,0.0279342269974463,0.013989624281601661
A,FD,strong,frozen,main,33,0.125,2.5e-05,0.01,completed,0.01,0.01,v,0.03091312255486156,0.004041340314403376,0.030298354163885932,0.015456564592916236
A,FD,strong,moving,combined,65,0.0625,1.25e-05,0.01,stopped,0.0050750000000000005,0.0,u,1.8439276639192759e-06,2.1624025928079303e-07,2.220446049250313e-16,9.21963839908375e-07
A,FD,strong,moving,combined,65,0.0625,1.25e-05,0.01,stopped,0.0050750000000000005,0.0,v,1.6977007585988746e-06,2.0673219047878238e-07,0.0,8.488503847882277e-07
A,FD,strong,moving,combined,65,0.0625,1.25e-05,0.01,stopped,0.0050750000000000005,0.001,u,8.283811308906763e-06,8.218387881877139e-07,7.63528966940541e-06,4.141905690162938e-06
A,FD,strong,moving,combined,65,0.0625,1.25e-05,0.01,stopped,0.0050750000000000005,0.001,v,1.2063995519895343e-05,2.7782556452153133e-06,1.1564376686923339e-05,6.03199779895145e-06
A,FD,strong,moving,combined,65,0.0625,1.25e-05,0.01,stopped,0.0050750000000000005,0.002,u,0.00019785608582867376,1.2102040704158194e-05,0.00019560553490505228,9.892804376724779e-05
A,FD,strong,moving,combined,65,0.0625,1.25e-05,0.01,stopped,0.0050750000000000005,0.002,v,0.00022822963043656053,2.1406780228663505e-05,0.00020322935823169352,0.00011411481595616333
A,FD,strong,moving,combined,65,0.0625,1.25e-05,0.01,stopped,0.0050750000000000005,0.005,u,7.4521056982478475,0.4793141359847828,7.378527447191771,3.7260528812481932
A,FD,strong,moving,combined,65,0.0625,1.25e-05,0.01,stopped,0.0050750000000000005,0.005,v,8.831014242896178,0.7973415141960143,8.82909709551088,4.415507149999402
A,FD,strong,moving,combined,65,0.0625,1.25e-05,0.01,stopped,0.0050750000000000005,0.0050750000000000005,u,1973.0671223017341,86.00794108250457,32.1682374325878,986.5335696562939
A,FD,strong,moving,combined,65,0.0625,1.25e-05,0.01,stopped,0.0050750000000000005,0.0050750000000000005,v,2077.3270384804364,127.31967577389678,37.72187736629485,1038.6635259563682
A,FD,strong,moving,main,33,0.125,2.5e-05,0.01,completed,0.01,0.0,u,2.7822748448119716e-05,4.616696562385728e-06,1.1102230246251565e-16,1.3911378202776469e-05
A,FD,strong,moving,main,33,0.125,2.5e-05,0.01,completed,0.01,0.0,v,2.5605521043470247e-05,4.14561597766942e-06,0.0,1.2802763267971207e-05
A,FD,strong,moving,main,33,0.125,2.5e-05,0.01,completed,0.01,0.001,u,2.7918101372773063e-05,5.574369880080325e-06,8.482673333087831e-06,1.3959054678738828e-05
A,FD,strong,moving,main,33,0.125,2.5e-05,0.01,completed,0.01,0.001,v,2.927439012645472e-05,1.1344481371587507e-05,2.4760483624319818e-05,1.4637198202955949e-05
A,FD,strong,moving,main,33,0.125,2.5e-05,0.01,completed,0.01,0.002,u,3.280340533740045e-05,7.610553491316543e-06,2.896641397831523e-05,1.640170735966215e-05
A,FD,strong,moving,main,33,0.125,2.5e-05,0.01,completed,0.01,0.002,v,6.127934886546171e-05,2.198531423808939e-05,5.8183265905675796e-05,3.063968100504621e-05
A,FD,strong,moving,main,33,0.125,2.5e-05,0.01,completed,0.01,0.005,u,0.00035381039863002783,2.8884330231049225e-05,0.00029863569814958524,0.00017690524991070946
A,FD,strong,moving,main,33,0.125,2.5e-05,0.01,completed,0.01,0.005,v,0.0004457735478393676,6.853988678542908e-05,0.00039054392636828084,0.00022288682172966198
A,FD,strong,moving,main,33,0.125,2.5e-05,0.01,completed,0.01,0.01,u,0.0260438437064483,0.0021919761870435434,0.025978784010316502,0.013021925577553318
A,FD,strong,moving,main,33,0.125,2.5e-05,0.01,completed,0.01,0.01,v,0.028622730527194884,0.003757632952381783,0.02814886463225763,0.014311368333434422
A,FD,strong,moving,time_half,33,0.125,1.25e-05,0.01,completed,0.01,0.0,u,2.7822748448119716e-05,4.616696562385728e-06,1.1102230246251565e-16,1.3911378202776469e-05
A,FD,strong,moving,time_half,33,0.125,1.25e-05,0.01,completed,0.01,0.0,v,2.5605521043470247e-05,4.14561597766942e-06,0.0,1.2802763267971207e-05
A,FD,strong,moving,time_half,33,0.125,1.25e-05,0.01,completed,0.01,0.001,u,2.791810137273143e-05,5.57436987998419e-06,8.48267334174757e-06,1.3959054678718011e-05
A,FD,strong,moving,time_half,33,0.125,1.25e-05,0.01,completed,0.01,0.001,v,2.9274390127120853e-05,1.134448137142456e-05,2.4760483641639297e-05,1.4637198203289016e-05
A,FD,strong,moving,time_half,33,0.125,1.25e-05,0.01,completed,0.01,0.002,u,3.280340533251547e-05,7.6105534909529155e-06,2.896641402116984e-05,1.640170735721966e-05
A,FD,strong,moving,time_half,33,0.125,1.25e-05,0.01,completed,0.01,0.002,v,6.127934887367736e-05,2.198531423794162e-05,5.818326596229717e-05,3.063968100915403e-05
A,FD,strong,moving,time_half,33,0.125,1.25e-05,0.01,completed,0.01,0.005,u,0.00035381040063664493,2.8884330376054815e-05,0.0002986356989529426,0.0001769052509140183
A,FD,strong,moving,time_half,33,0.125,1.25e-05,0.01,completed,0.01,0.005,v,0.0004457735504959093,6.853988696038094e-05,0.00039054392756310286,0.00022288682305793308
A,FD,strong,moving,time_half,33,0.125,1.25e-05,0.01,completed,0.01,0.01,u,0.026043844177054076,0.0021919762248828307,0.02597878449358859,0.013021925812856272
A,FD,strong,moving,time_half,33,0.125,1.25e-05,0.01,completed,0.01,0.01,v,0.028622731098892462,0.00375763302069846,0.028148865209781437,0.014311368619283272
A,FD,strong,moving,x_half,65,0.125,1.25e-05,0.01,stopped,0.0046500000000000005,0.0,u,1.8425354985363018e-06,2.1629281193330348e-07,1.1102230246251565e-16,9.212680127549379e-07
A,FD,strong,moving,x_half,65,0.125,1.25e-05,0.01,stopped,0.0046500000000000005,0.0,v,1.6963967493371923e-06,2.0680989903767143e-07,0.0,8.481985566100593e-07
A,FD,strong,moving,x_half,65,0.125,1.25e-05,0.01,stopped,0.0046500000000000005,0.001,u,3.208603491078321e-05,3.0868270679497457e-06,2.7036985963402316e-05,1.6043022043767923e-05
A,FD,strong,moving,x_half,65,0.125,1.25e-05,0.01,stopped,0.0046500000000000005,0.001,v,4.63799537211429e-05,1.105638492579416e-05,4.2661650973663257e-05,2.3189981834901096e-05
A,FD,strong,moving,x_half,65,0.125,1.25e-05,0.01,stopped,0.0046500000000000005,0.002,u,0.0007940922467899458,4.93371209169771e-05,0.000800117939435907,0.00039704623695197895
A,FD,strong,moving,x_half,65,0.125,1.25e-05,0.01,stopped,0.0046500000000000005,0.002,v,0.0008597645252534925,8.408986978475214e-05,0.0008348597028271509,0.0004298823548379673
A,FD,strong,moving,x_half,65,0.125,1.25e-05,0.01,stopped,0.0046500000000000005,0.0046500000000000005,u,126.8514645186312,6.180896557347148,23.24744491089222,63.42575039936492
A,FD,strong,moving,x_half,65,0.125,1.25e-05,0.01,stopped,0.0046500000000000005,0.0046500000000000005,v,123.30786905823072,8.09565506405859,26.98573404673497,61.653947754095974
A,FD,strong,moving,y_half,33,0.0625,2.5e-05,0.01,completed,0.01,0.0,u,2.7839416877686873e-05,4.615033159375456e-06,2.220446049250313e-16,1.3919708558852594e-05
A,FD,strong,moving,y_half,33,0.0625,2.5e-05,0.01,completed,0.01,0.0,v,2.5628049867831848e-05,4.144332803318534e-06,0.0,1.281402501677328e-05
A,FD,strong,moving,y_half,33,0.0625,2.5e-05,0.01,completed,0.01,0.001,u,2.8029680932448175e-05,4.909341108875202e-06,4.630853071230234e-06,1.4014840587053429e-05
A,FD,strong,moving,y_half,33,0.0625,2.5e-05,0.01,completed,0.01,0.001,v,2.5271765695542014e-05,4.8103274061779456e-06,8.71357460185962e-06,1.2635882929476471e-05
A,FD,strong,moving,y_half,33,0.0625,2.5e-05,0.01,completed,0.01,0.002,u,2.831741330124038e-05,5.483922539566144e-06,1.1437167824146499e-05,1.4158706772689877e-05
A,FD,strong,moving,y_half,33,0.0625,2.5e-05,0.01,completed,0.01,0.002,v,2.472727978448941e-05,6.8618723129175085e-06,1.9355811512911103e-05,1.2363639972189805e-05
A,FD,strong,moving,y_half,33,0.0625,2.5e-05,0.01,completed,0.01,0.005,u,0.00013148215803182595,1.2899290898115832e-05,0.00013149482729213346,6.574107958270153e-05
A,FD,strong,moving,y_half,33,0.0625,2.5e-05,0.01,completed,0.01,0.005,v,0.00015546733898830212,2.244802293041034e-05,0.00015532098757464752,7.773366999678831e-05
A,FD,strong,moving,y_half,33,0.0625,2.5e-05,0.01,completed,0.01,0.01,u,0.008130362714463324,0.0007370604808938545,0.006453030267108861,0.0040651813922797375
A,FD,strong,moving,y_half,33,0.0625,2.5e-05,0.01,completed,0.01,0.01,v,0.00936931071066871,0.001208744037365494,0.006798456140524545,0.004684655385626021
A,SD,mass,frozen,main,33,0.125,2.5e-05,0.01,completed,0.01,0.0,u,0.0022443456294949926,0.00039692940521437206,5.551115123125783e-17,0.0011221731356940504
A,SD,mass,frozen,main,33,0.125,2.5e-05,0.01,completed,0.01,0.0,v,0.004796120618766442,0.0006077717687712359,9.43689570931383e-16,0.0023980608237753895
A,SD,mass,frozen,main,33,0.125,2.5e-05,0.01,completed,0.01,0.001,u,0.002572781150844382,0.0006127598308247892,0.0006910389970557068,0.001286390943335775
A,SD,mass,frozen,main,33,0.125,2.5e-05,0.01,completed,0.01,0.001,v,0.005987634582361512,0.0007253999220045454,0.0006033972359322792,0.0029938179333648426
A,SD,mass,frozen,main,33,0.125,2.5e-05,0.01,completed,0.01,0.002,u,0.0036386910980880094,0.0008736517609833937,0.0013604430864842532,0.001819346069385147
A,SD,mass,frozen,main,33,0.125,2.5e-05,0.01,completed,0.01,0.002,v,0.007108133094024416,0.0008595469282091329,0.0011829078849143748,0.0035540673093716834
A,SD,mass,frozen,main,33,0.125,2.5e-05,0.01,completed,0.01,0.005,u,0.0068308669664278385,0.0017171857417060442,0.003281892724336405,0.003415434460043506
A,SD,mass,frozen,main,33,0.125,2.5e-05,0.01,completed,0.01,0.005,v,0.010074237507028738,0.0012873654723399338,0.0027704130709134134,0.005037119833993634
A,SD,mass,frozen,main,33,0.125,2.5e-05,0.01,completed,0.01,0.01,u,1.2375382212950128,0.12284784780125628,1.238017391001904,0.6187692876183002
A,SD,mass,frozen,main,33,0.125,2.5e-05,0.01,completed,0.01,0.01,v,1.348958406376667,0.18158979317116575,1.309263293878492,0.674479347866438
A,SD,mass,moving,combined,65,0.0625,1.25e-05,0.01,stopped,0.0029875,0.0,u,0.0003115552579202041,6.265210723298118e-05,1.3877787807814457e-16,0.00015577763030314327
A,SD,mass,moving,combined,65,0.0625,1.25e-05,0.01,stopped,0.0029875,0.0,v,0.0003078945701942837,5.5318213134439264e-05,9.43689570931383e-16,0.00015394728609258745
A,SD,mass,moving,combined,65,0.0625,1.25e-05,0.01,stopped,0.0029875,0.001,u,0.0004255959159500805,0.00010625022047604527,0.00023113610410652186,0.00021279795980968383
A,SD,mass,moving,combined,65,0.0625,1.25e-05,0.01,stopped,0.0029875,0.001,v,0.00048216646788135087,5.9434291300411615e-05,0.00021132571549076218,0.00024108323549955482
A,SD,mass,moving,combined,65,0.0625,1.25e-05,0.01,stopped,0.0029875,0.002,u,0.0027231109909608975,0.00023454085058054202,0.002735077302495892,0.0013615555072191378
A,SD,mass,moving,combined,65,0.0625,1.25e-05,0.01,stopped,0.0029875,0.002,v,0.0023252403173399383,0.000225680958053681,0.002312019998784276,0.0011626201661876407
A,SD,mass,moving,combined,65,0.0625,1.25e-05,0.01,stopped,0.0029875,0.0029875,u,0.4607513203181921,0.025443255237884287,0.457158431273903,0.2303756621452863
A,SD,mass,moving,combined,65,0.0625,1.25e-05,0.01,stopped,0.0029875,0.0029875,v,0.5056374663934609,0.03645232977631437,0.5086766506740734,0.25281873483149325
A,SD,mass,moving,main,33,0.125,2.5e-05,0.01,stopped,0.009025,0.0,u,0.0022443456294949926,0.00039692940521437206,5.551115123125783e-17,0.0011221731356940504
A,SD,mass,moving,main,33,0.125,2.5e-05,0.01,stopped,0.009025,0.0,v,0.004796120618766442,0.0006077717687712359,9.43689570931383e-16,0.0023980608237753895
A,SD,mass,moving,main,33,0.125,2.5e-05,0.01,stopped,0.009025,0.001,u,0.002502214023138119,0.0005990352488259635,0.0007059894177715437,0.0012511073693913832
A,SD,mass,moving,main,33,0.125,2.5e-05,0.01,stopped,0.009025,0.001,v,0.005816279448026929,0.0007025209917407801,0.0005511553943884362,0.0029081403478194187
A,SD,mass,moving,main,33,0.125,2.5e-05,0.01,stopped,0.009025,0.002,u,0.0035060146678345325,0.0008499489073678745,0.0013940109561110803,0.001753007835285376
A,SD,mass,moving,main,33,0.125,2.5e-05,0.01,stopped,0.009025,0.002,v,0.006779261397867442,0.0008107036447089949,0.001086516958539896,0.0033896314260211426
A,SD,mass,moving,main,33,0.125,2.5e-05,0.01,stopped,0.009025,0.005,u,0.00659427183115735,0.001680963194176987,0.003386752532291065,0.0032971368585746168
A,SD,mass,moving,main,33,0.125,2.5e-05,0.01,stopped,0.009025,0.005,v,0.009346328483063715,0.0011628316691844676,0.002579158889532418,0.00467316524394163
A,SD,mass,moving,main,33,0.125,2.5e-05,0.01,stopped,0.009025,0.009025,u,0.5492143348888421,0.041835568721798416,0.5490326074358318,0.27460724598332603
A,SD,mass,moving,main,33,0.125,2.5e-05,0.01,stopped,0.009025,0.009025,v,0.6926609685067988,0.06372828801406398,0.6979904672167272,0.34633055854247724
A,SD,mass,moving,time_half,33,0.125,1.25e-05,0.01,stopped,0.009025,0.0,u,0.0022443456294949926,0.00039692940521437206,5.551115123125783e-17,0.0011221731356940504
A,SD,mass,moving,time_half,33,0.125,1.25e-05,0.01,stopped,0.009025,0.0,v,0.004796120618766442,0.0006077717687712359,9.43689570931383e-16,0.0023980608237753895
A,SD,mass,moving,time_half,33,0.125,1.25e-05,0.01,stopped,0.009025,0.001,u,0.002502214023137758,0.0005990352488258936,0.0007059894177718351,0.0012511073693912027
A,SD,mass,moving,time_half,33,0.125,1.25e-05,0.01,stopped,0.009025,0.001,v,0.005816279448025041,0.0007025209917405127,0.000551155394387548,0.002908140347818475
A,SD,mass,moving,time_half,33,0.125,1.25e-05,0.01,stopped,0.009025,0.002,u,0.0035060146678357537,0.000849948907368165,0.0013940109561109276,0.0017530078352859866
A,SD,mass,moving,time_half,33,0.125,1.25e-05,0.01,stopped,0.009025,0.002,v,0.006779261397873382,0.0008107036447096325,0.001086516958540007,0.0033896314260241124
A,SD,mass,moving,time_half,33,0.125,1.25e-05,0.01,stopped,0.009025,0.005,u,0.006594271831227995,0.0016809631948651292,0.0033867525322807124,0.003297136858609939
A,SD,mass,moving,time_half,33,0.125,1.25e-05,0.01,stopped,0.009025,0.005,v,0.009346328483218314,0.0011628316711175051,0.0025791588895660578,0.004673165244018929
A,SD,mass,moving,time_half,33,0.125,1.25e-05,0.01,stopped,0.009025,0.009025,u,0.5489365433954876,0.04182550145801788,0.548740525023375,0.27446835019692395
A,SD,mass,moving,time_half,33,0.125,1.25e-05,0.01,stopped,0.009025,0.009025,v,0.6923695827562568,0.06371205590861621,0.6976924597223597,0.3461848656359546
A,SD,mass,moving,x_half,65,0.125,1.25e-05,0.01,stopped,0.0026875000000000002,0.0,u,0.00031187940894790434,6.270337407778855e-05,1.1102230246251565e-16,0.00015593974907342038
A,SD,mass,moving,x_half,65,0.125,1.25e-05,0.01,stopped,0.0026875000000000002,0.0,v,0.00028704822087474713,5.526764076695641e-05,9.43689570931383e-16,0.00014352414122378797
A,SD,mass,moving,x_half,65,0.125,1.25e-05,0.01,stopped,0.0026875000000000002,0.001,u,0.0004204159490216186,0.00010501884369839896,0.0002263665282215277,0.00021020803463125078
A,SD,mass,moving,x_half,65,0.125,1.25e-05,0.01,stopped,0.0026875000000000002,0.001,v,0.0004490039911155541,6.177314759488674e-05,0.00020922774647047504,0.0002245020437142258
A,SD,mass,moving,x_half,65,0.125,1.25e-05,0.01,stopped,0.0026875000000000002,0.002,u,0.010407114081301128,0.0006733458881548395,0.010438717382618368,0.005203558528891661
A,SD,mass,moving,x_half,65,0.125,1.25e-05,0.01,stopped,0.0026875000000000002,0.002,v,0.008899497262717437,0.0008229081177423974,0.00885325722353869,0.004449749585845076
A,SD,mass,moving,x_half,65,0.125,1.25e-05,0.01,stopped,0.0026875000000000002,0.0026875000000000002,u,0.5134944781557542,0.02728086961383473,0.5145483389383649,0.256747312508761
A,SD,mass,moving,x_half,65,0.125,1.25e-05,0.01,stopped,0.0026875000000000002,0.0026875000000000002,v,0.5063663326287151,0.03668025124619522,0.5103127185803997,0.2531832206230159
A,SD,mass,moving,y_half,33,0.0625,2.5e-05,0.01,stopped,0.009925,0.0,u,0.0024486302722449838,0.00039766001367143495,1.1102230246251565e-16,0.0012243151466779592
A,SD,mass,moving,y_half,33,0.0625,2.5e-05,0.01,stopped,0.009925,0.0,v,0.005046467010523581,0.000608838264379306,9.43689570931383e-16,0.0025232335215773865
A,SD,mass,moving,y_half,33,0.0625,2.5e-05,0.01,stopped,0.009925,0.001,u,0.002531039705770309,0.0006069602516733589,0.0007285485200554664,0.0012655198637958696
A,SD,mass,moving,y_half,33,0.0625,2.5e-05,0.01,stopped,0.009925,0.001,v,0.006070155392569332,0.0006924473145154239,0.0005499564809288149,0.0030350777159099214
A,SD,mass,moving,y_half,33,0.0625,2.5e-05,0.01,stopped,0.009925,0.002,u,0.0035683352265452536,0.0008674860277515825,0.0014383215593926496,0.001784167628654878
A,SD,mass,moving,y_half,33,0.0625,2.5e-05,0.01,stopped,0.009925,0.002,v,0.007035601005286052,0.0007884773422273836,0.0010835933945930742,0.0035178005253896374
A,SD,mass,moving,y_half,33,0.0625,2.5e-05,0.01,stopped,0.009925,0.005,u,0.006768874650978515,0.00172251052282198,0.0034935136423177304,0.0033844373546682792
A,SD,mass,moving,y_half,33,0.0625,2.5e-05,0.01,stopped,0.009925,0.005,v,0.009600598971578,0.0010902599021877914,0.0025668553816625694,0.004800299516828438
A,SD,mass,moving,y_half,33,0.0625,2.5e-05,0.01,stopped,0.009925,0.009925,u,0.49764316381467344,0.04259953514482602,0.4902018623946933,0.248821584052559
A,SD,mass,moving,y_half,33,0.0625,2.5e-05,0.01,stopped,0.009925,0.009925,v,0.859464825832774,0.0761360129572814,0.8609089438521085,0.4297324156950995
A,SD,strong,frozen,main,33,0.125,2.5e-05,0.01,completed,0.01,0.0,u,2.7822748448119716e-05,4.616696562385728e-06,1.1102230246251565e-16,1.3911378202776469e-05
A,SD,strong,frozen,main,33,0.125,2.5e-05,0.01,completed,0.01,0.0,v,2.5605521043470247e-05,4.145615977668048e-06,7.771561172376096e-16,1.2802763267971207e-05
A,SD,strong,frozen,main,33,0.125,2.5e-05,0.01,completed,0.01,0.001,u,3.815237350734968e-05,1.1931589997418356e-05,3.5597068546611155e-05,1.9076192209551442e-05
A,SD,strong,frozen,main,33,0.125,2.5e-05,0.01,completed,0.01,0.001,v,2.3590796721720264e-05,8.940198245329723e-06,1.79346164077554e-05,1.1795400891013573e-05
A,SD,strong,frozen,main,33,0.125,2.5e-05,0.01,completed,0.01,0.002,u,7.286318666510638e-05,2.2653926831155126e-05,7.224885204593079e-05,3.64316037521554e-05
A,SD,strong,frozen,main,33,0.125,2.5e-05,0.01,completed,0.01,0.002,v,3.62392598507455e-05,1.618379077874039e-05,3.496322898044468e-05,1.811963381209557e-05
A,SD,strong,frozen,main,33,0.125,2.5e-05,0.01,completed,0.01,0.005,u,0.00043718151205318634,6.423297910558748e-05,0.00031445243529493183,0.00021859081854454847
A,SD,strong,frozen,main,33,0.125,2.5e-05,0.01,completed,0.01,0.005,v,0.0003256062702039486,5.895775291087644e-05,0.00032169325201847343,0.00016280317002380568
A,SD,strong,frozen,main,33,0.125,2.5e-05,0.01,completed,0.01,0.01,u,0.03570536828468707,0.003244774401905892,0.03572725813022526,0.017852689248292794
A,SD,strong,frozen,main,33,0.125,2.5e-05,0.01,completed,0.01,0.01,v,0.033383716731559376,0.004412392259056563,0.03310382364939746,0.01669186194624061
A,SD,strong,moving,combined,65,0.0625,1.25e-05,0.01,stopped,0.004200000000000001,0.0,u,1.8439276639192759e-06,2.1624025928079303e-07,2.220446049250313e-16,9.21963839908375e-07
A,SD,strong,moving,combined,65,0.0625,1.25e-05,0.01,stopped,0.004200000000000001,0.0,v,1.6977007585988746e-06,2.0673219048268617e-07,1.7763568394002505e-15,8.488503847882277e-07
A,SD,strong,moving,combined,65,0.0625,1.25e-05,0.01,stopped,0.004200000000000001,0.001,u,1.3686325436301772e-05,2.8876917147058903e-06,1.159940147621441e-05,6.8431627771494055e-06
A,SD,strong,moving,combined,65,0.0625,1.25e-05,0.01,stopped,0.004200000000000001,0.001,v,8.1511728919903e-06,2.0165067332888965e-06,5.97770534271902e-06,4.075586472348487e-06
A,SD,strong,moving,combined,65,0.0625,1.25e-05,0.01,stopped,0.004200000000000001,0.002,u,0.00025691264711191764,1.838950630548505e-05,0.0002586839139309127,0.00012845632466344862
A,SD,strong,moving,combined,65,0.0625,1.25e-05,0.01,stopped,0.004200000000000001,0.002,v,0.00022072672824013928,2.208200114335435e-05,0.0002226624980359304,0.00011036336483369526
A,SD,strong,moving,combined,65,0.0625,1.25e-05,0.01,stopped,0.004200000000000001,0.004200000000000001,u,0.5942421765204906,0.0390514569787041,0.5893340848495408,0.2971210908218831
A,SD,strong,moving,combined,65,0.0625,1.25e-05,0.01,stopped,0.004200000000000001,0.004200000000000001,v,0.6988366478906936,0.05503960814213576,0.6949395904658597,0.3494183262047367
A,SD,strong,moving,main,33,0.125,2.5e-05,0.01,completed,0.01,0.0,u,2.7822748448119716e-05,4.616696562385728e-06,1.1102230246251565e-16,1.3911378202776469e-05
A,SD,strong,moving,main,33,0.125,2.5e-05,0.01,completed,0.01,0.0,v,2.5605521043470247e-05,4.145615977668048e-06,7.771561172376096e-16,1.2802763267971207e-05
A,SD,strong,moving,main,33,0.125,2.5e-05,0.01,completed,0.01,0.001,u,3.820140705745878e-05,1.1926837683361005e-05,3.5615046761083846e-05,1.91007089916179e-05
A,SD,strong,moving,main,33,0.125,2.5e-05,0.01,completed,0.01,0.001,v,2.3593110969638564e-05,8.943612910383644e-06,1.7926577896343332e-05,1.1796558015220931e-05
A,SD,strong,moving,main,33,0.125,2.5e-05,0.01,completed,0.01,0.002,u,7.28628336368331e-05,2.264181562101826e-05,7.22239599975083e-05,3.6431427237968274e-05
A,SD,strong,moving,main,33,0.125,2.5e-05,0.01,completed,0.01,0.002,v,3.627055378352395e-05,1.6188323862697573e-05,3.4949592568223053e-05,1.8135280781841125e-05
A,SD,strong,moving,main,33,0.125,2.5e-05,0.01,completed,0.01,0.005,u,0.00042899589590361664,6.387588689907199e-05,0.0003115746999853286,0.00021449800929920182
A,SD,strong,moving,main,33,0.125,2.5e-05,0.01,completed,0.01,0.005,v,0.00032073352804329325,5.835627704721719e-05,0.00031707747039244616,0.00016036679842086805
A,SD,strong,moving,main,33,0.125,2.5e-05,0.01,completed,0.01,0.01,u,0.033315318788635695,0.0030444945082384795,0.033313240061426885,0.01665766415848457
A,SD,strong,moving,main,33,0.125,2.5e-05,0.01,completed,0.01,0.01,v,0.031124979857254154,0.004132391031606063,0.030831851185253667,0.015562493266834591
A,SD,strong,moving,time_half,33,0.125,1.25e-05,0.01,completed,0.01,0.0,u,2.7822748448119716e-05,4.616696562385728e-06,1.1102230246251565e-16,1.3911378202776469e-05
A,SD,strong,moving,time_half,33,0.125,1.25e-05,0.01,completed,0.01,0.0,v,2.5605521043470247e-05,4.145615977668048e-06,7.771561172376096e-16,1.2802763267971207e-05
A,SD,strong,moving,time_half,33,0.125,1.25e-05,0.01,completed,0.01,0.001,u,3.8201407066340565e-05,1.192683768332189e-05,3.561504676463656e-05,1.9100708996058793e-05
A,SD,strong,moving,time_half,33,0.125,1.25e-05,0.01,completed,0.01,0.001,v,2.359311096979122e-05,8.943612910446824e-06,1.792657788990404e-05,1.1796558015297259e-05
A,SD,strong,moving,time_half,33,0.125,1.25e-05,0.01,completed,0.01,0.002,u,7.286283368168611e-05,2.2641815620986876e-05,7.222396003969678e-05,3.6431427260394786e-05
A,SD,strong,moving,time_half,33,0.125,1.25e-05,0.01,completed,0.01,0.002,v,3.62705537857444e-05,1.6188323863598928e-05,3.4949592572663946e-05,1.8135280782951348e-05
A,SD,strong,moving,time_half,33,0.125,1.25e-05,0.01,completed,0.01,0.005,u,0.00042899589717459996,6.387588699838076e-05,0.00031157470167952894,0.00021449800993469364
A,SD,strong,moving,time_half,33,0.125,1.25e-05,0.01,completed,0.01,0.005,v,0.00032073353063677423,5.8356277290188276e-05,0.0003170774730405501,0.00016036679971760881
A,SD,strong,moving,time_half,33,0.125,1.25e-05,0.01,completed,0.01,0.01,u,0.03331531926863285,0.0030444945523908896,0.033313240541483324,0.016657664398483214
A,SD,strong,moving,time_half,33,0.125,1.25e-05,0.01,completed,0.01,0.01,v,0.031124980510208955,0.004132391101996518,0.030831851782305186,0.015562493593312063
A,SD,strong,moving,x_half,65,0.125,1.25e-05,0.01,stopped,0.0037625000000000002,0.0,u,1.8425354985363018e-06,2.1629281193330348e-07,1.1102230246251565e-16,9.212680127549379e-07
A,SD,strong,moving,x_half,65,0.125,1.25e-05,0.01,stopped,0.0037625000000000002,0.0,v,1.6963967493371923e-06,2.0680989903943549e-07,8.326672684688674e-16,8.481985566100593e-07
A,SD,strong,moving,x_half,65,0.125,1.25e-05,0.01,stopped,0.0037625000000000002,0.001,u,5.33742473556309e-05,1.1333395012359202e-05,4.838382623262305e-05,2.6687131310454796e-05
A,SD,strong,moving,x_half,65,0.125,1.25e-05,0.01,stopped,0.0037625000000000002,0.001,v,3.244681280922812e-05,7.930894781131615e-06,2.4111920524427788e-05,1.6223409884590428e-05
A,SD,strong,moving,x_half,65,0.125,1.25e-05,0.01,stopped,0.0037625000000000002,0.002,u,0.0009752366672581836,7.334044900658984e-05,0.0009842450201826836,0.0004876184730901639
A,SD,strong,moving,x_half,65,0.125,1.25e-05,0.01,stopped,0.0037625000000000002,0.002,v,0.0008553823584713793,8.806776215829167e-05,0.0008530157875434874,0.0004276912709769159
A,SD,strong,moving,x_half,65,0.125,1.25e-05,0.01,stopped,0.0037625000000000002,0.0037625000000000002,u,0.7206752188706136,0.043203992536474625,0.7354565308807666,0.36033771249351004
A,SD,strong,moving,x_half,65,0.125,1.25e-05,0.01,stopped,0.0037625000000000002,0.0037625000000000002,v,0.7736269141279475,0.05939084110053391,0.7842881528387422,0.3868135400367882
A,SD,strong,moving,y_half,33,0.0625,2.5e-05,0.01,completed,0.01,0.0,u,2.7839416877686873e-05,4.615033159375456e-06,2.220446049250313e-16,1.3919708558852594e-05
A,SD,strong,moving,y_half,33,0.0625,2.5e-05,0.01,completed,0.01,0.0,v,2.5628049867831848e-05,4.144332803321552e-06,1.3877787807814457e-15,1.281402501677328e-05
A,SD,strong,moving,y_half,33,0.0625,2.5e-05,0.01,completed,0.01,0.001,u,2.7837017115769913e-05,5.496244645436394e-06,9.687792130730344e-06,1.391850867788377e-05
A,SD,strong,moving,y_half,33,0.0625,2.5e-05,0.01,completed,0.01,0.001,v,2.4797111503771507e-05,4.724586970218275e-06,6.237805756592607e-06,1.2398555832056626e-05
A,SD,strong,moving,y_half,33,0.0625,2.5e-05,0.01,completed,0.01,0.002,u,2.9920263760141452e-05,7.505943014480848e-06,2.0258439975329168e-05,1.4960132009049924e-05
A,SD,strong,moving,y_half,33,0.0625,2.5e-05,0.01,completed,0.01,0.002,v,2.3802161001076905e-05,6.1068335364307216e-06,1.3821958704918202e-05,1.1901080577492576e-05
A,SD,strong,moving,y_half,33,0.0625,2.5e-05,0.01,completed,0.01,0.005,u,0.00012487640373426423,1.8885696900893137e-05,0.00010965631010040333,6.243820240544482e-05
A,SD,strong,moving,y_half,33,0.0625,2.5e-05,0.01,completed,0.01,0.005,v,0.00014848174180759344,2.0630428746024575e-05,0.00014627734538552595,7.424087138384902e-05
A,SD,strong,moving,y_half,33,0.0625,2.5e-05,0.01,completed,0.01,0.01,u,0.00896423426957682,0.0008566559410033691,0.008624809665308986,0.00448211717343111
A,SD,strong,moving,y_half,33,0.0625,2.5e-05,0.01,completed,0.01,0.01,v,0.010605350693538185,0.0012605123894146827,0.010610556221673395,0.005302675381056965
B,FD,mass,frozen,main,33,0.125,2.5e-05,0.01,completed,0.01,0.0,u,1.8703715942702814e-07,2.3591843690215157e-08,0.0,5.450662405185196e-07
B,FD,mass,frozen,main,33,0.125,2.5e-05,0.01,completed,0.01,0.0,v,2.3671681659287458e-07,2.8476831795875234e-08,0.0,4.877929275850486e-07
B,FD,mass,frozen,main,33,0.125,2.5e-05,0.01,completed,0.01,0.001,u,2.0471810147082437e-07,8.5173513087483e-08,2.0475687928511732e-07,5.965922829272089e-07
B,FD,mass,frozen,main,33,0.125,2.5e-05,0.01,completed,0.01,0.001,v,2.621159128635142e-07,1.199267185395733e-07,1.7097019533451885e-07,5.401318349182707e-07
B,FD,mass,frozen,main,33,0.125,2.5e-05,0.01,completed,0.01,0.002,u,4.0941001128169674e-07,1.686630534419254e-07,4.0946605300851147e-07,1.1931082377618254e-06
B,FD,mass,frozen,main,33,0.125,2.5e-05,0.01,completed,0.01,0.002,v,3.903241598268714e-07,2.367596207617147e-07,3.6543506648500923e-07,8.043254694345834e-07
B,FD,mass,frozen,main,33,0.125,2.5e-05,0.01,completed,0.01,0.005,u,1.939051379740153e-06,4.6153152394320686e-07,1.8077042031050539e-06,5.650809972547534e-06
B,FD,mass,frozen,main,33,0.125,2.5e-05,0.01,completed,0.01,0.005,v,1.4911646121773536e-06,6.090619035484336e-07,1.445881492923018e-06,3.072783599216034e-06
B,FD,mass,frozen,main,33,0.125,2.5e-05,0.01,completed,0.01,0.01,u,2.8845670033417203e-05,3.848911196526198e-06,2.1228107830006948e-05,8.406244496290391e-05
B,FD,mass,frozen,main,33,0.125,2.5e-05,0.01,completed,0.01,0.01,v,2.2115218891283206e-05,3.283544817790397e-06,1.6768394659361086e-05,4.557195184707434e-05
B,FD,mass,moving,combined,65,0.0625,1.25e-05,0.01,stopped,0.0085875,0.0,u,1.247560280082105e-08,1.1519814549471483e-09,0.0,3.63565716823541e-08
B,FD,mass,moving,combined,65,0.0625,1.25e-05,0.01,stopped,0.0085875,0.0,v,1.5800860175829712e-08,1.3933605229234365e-09,0.0,3.2560203918392995e-08
B,FD,mass,moving,combined,65,0.0625,1.25e-05,0.01,stopped,0.0085875,0.001,u,7.011247193933201e-08,2.1905323023885605e-08,6.740936081550686e-08,2.043227211210672e-07
B,FD,mass,moving,combined,65,0.0625,1.25e-05,0.01,stopped,0.0085875,0.001,v,5.932246710527167e-08,2.962542979481118e-08,5.9269619767654547e-08,1.2224344778675186e-07
B,FD,mass,moving,combined,65,0.0625,1.25e-05,0.01,stopped,0.0085875,0.002,u,5.427062845231312e-07,6.251238084987513e-08,4.212143531190371e-07,1.5815620496053894e-06
B,FD,mass,moving,combined,65,0.0625,1.25e-05,0.01,stopped,0.0085875,0.002,v,3.791677596343135e-07,6.872064926607301e-08,3.045394076917063e-07,7.813359168799293e-07
B,FD,mass,moving,combined,65,0.0625,1.25e-05,0.01,stopped,0.0085875,0.005,u,0.0003862828263987983,4.1926906788697764e-05,0.0003827772229324511,0.0011257106764176548
B,FD,mass,moving,combined,65,0.0625,1.25e-05,0.01,stopped,0.0085875,0.005,v,0.00029552295253004734,3.462621030461756e-05,0.0002907666806770126,0.0006089723907349647
B,FD,mass,moving,combined,65,0.0625,1.25e-05,0.01,stopped,0.0085875,0.0085875,u,18.555883596621854,0.9055032818013473,3.294535943634248,54.0758088311053
B,FD,mass,moving,combined,65,0.0625,1.25e-05,0.01,stopped,0.0085875,0.0085875,v,27.970359260789927,1.9083499514117357,2.498028333941256,57.63740651253561
B,FD,mass,moving,main,33,0.125,2.5e-05,0.01,completed,0.01,0.0,u,1.8703715942702814e-07,2.3591843690215157e-08,0.0,5.450662405185196e-07
B,FD,mass,moving,main,33,0.125,2.5e-05,0.01,completed,0.01,0.0,v,2.3671681659287458e-07,2.8476831795875234e-08,0.0,4.877929275850486e-07
B,FD,mass,moving,main,33,0.125,2.5e-05,0.01,completed,0.01,0.001,u,2.047114573411335e-07,8.515086935294091e-08,2.0485051133167786e-07,5.965729205138617e-07
B,FD,mass,moving,main,33,0.125,2.5e-05,0.01,completed,0.01,0.001,v,2.5906868222902446e-07,1.1973172424794542e-07,1.7059172963129754e-07,5.338525279656892e-07
B,FD,mass,moving,main,33,0.125,2.5e-05,0.01,completed,0.01,0.002,u,4.096400196273997e-07,1.6866197054758105e-07,4.096716180734816e-07,1.1937785312193623e-06
B,FD,mass,moving,main,33,0.125,2.5e-05,0.01,completed,0.01,0.002,v,3.905639012202755e-07,2.3641249354621396e-07,3.651099319545992e-07,8.048194949872886e-07
B,FD,mass,moving,main,33,0.125,2.5e-05,0.01,completed,0.01,0.005,u,1.8905366078181274e-06,4.597815723060858e-07,1.7651343319213808e-06,5.5094275626448165e-06
B,FD,mass,moving,main,33,0.125,2.5e-05,0.01,completed,0.01,0.005,v,1.457070768651203e-06,6.073919137143948e-07,1.4178563051414628e-06,3.0025277720820855e-06
B,FD,mass,moving,main,33,0.125,2.5e-05,0.01,completed,0.01,0.01,u,2.525563205463266e-05,3.417395272571551e-06,1.8495431531151407e-05,7.360030732988324e-05
B,FD,mass,moving,main,33,0.125,2.5e-05,0.01,completed,0.01,0.01,v,1.933098913187159e-05,2.9421121920759585e-06,1.4601011927017904e-05,3.983460033584381e-05
B,FD,mass,moving,time_half,33,0.125,1.25e-05,0.01,completed,0.01,0.0,u,1.8703715942702814e-07,2.3591843690215157e-08,0.0,5.450662405185196e-07
B,FD,mass,moving,time_half,33,0.125,1.25e-05,0.01,completed,0.01,0.0,v,2.3671681659287458e-07,2.8476831795875234e-08,0.0,4.877929275850486e-07
B,FD,mass,moving,time_half,33,0.125,1.25e-05,0.01,completed,0.01,0.001,u,2.0471145739664465e-07,8.515086938144466e-08,2.0485051127616671e-07,5.96572920675633e-07
B,FD,mass,moving,time_half,33,0.125,1.25e-05,0.01,completed,0.01,0.001,v,2.5906868256209137e-07,1.1973172424821737e-07,1.70591729797831e-07,5.33852528652027e-07
B,FD,mass,moving,time_half,33,0.125,1.25e-05,0.01,completed,0.01,0.002,u,4.0964001968291086e-07,1.6866197055439678e-07,4.0967161818450393e-07,1.1937785313811335e-06
B,FD,mass,moving,time_half,33,0.125,1.25e-05,0.01,completed,0.01,0.002,v,3.905639026080543e-07,2.3641249356664577e-07,3.6510993539629055e-07,8.048194978470291e-07
B,FD,mass,moving,time_half,33,0.125,1.25e-05,0.01,completed,0.01,0.005,u,1.890536663495812e-06,4.597815749982951e-07,1.7651343728886104e-06,5.509427724901485e-06
B,FD,mass,moving,time_half,33,0.125,1.25e-05,0.01,completed,0.01,0.005,v,1.4570708008476707e-06,6.073919147394378e-07,1.4178563292888136e-06,3.002527838428066e-06
B,FD,mass,moving,time_half,33,0.125,1.25e-05,0.01,completed,0.01,0.01,u,2.5255633131104904e-05,3.4173954285625273e-06,1.8495432199727713e-05,7.360031046695333e-05
B,FD,mass,moving,time_half,33,0.125,1.25e-05,0.01,completed,0.01,0.01,v,1.9330989968757706e-05,2.9421123167209148e-06,1.460101249534107e-05,3.9834602060381745e-05
B,FD,mass,moving,x_half,65,0.125,1.25e-05,0.01,stopped,0.007975000000000001,0.0,u,1.2462041426575254e-08,1.152072482952009e-09,0.0,3.6317051062890774e-08
B,FD,mass,moving,x_half,65,0.125,1.25e-05,0.01,stopped,0.007975000000000001,0.0,v,1.58076786660466e-08,1.3933375031255161e-09,0.0,3.257425461282877e-08
B,FD,mass,moving,x_half,65,0.125,1.25e-05,0.01,stopped,0.007975000000000001,0.001,u,2.7527001011939944e-07,8.624489493365543e-08,2.614408581291805e-07,8.021956171859721e-07
B,FD,mass,moving,x_half,65,0.125,1.25e-05,0.01,stopped,0.007975000000000001,0.001,v,2.3822466749257032e-07,1.1842610768498452e-07,2.3678059096754467e-07,4.909000959531893e-07
B,FD,mass,moving,x_half,65,0.125,1.25e-05,0.01,stopped,0.007975000000000001,0.002,u,2.1045123901330953e-06,2.428520418478882e-07,1.6289297654070722e-06,6.1329987053296045e-06
B,FD,mass,moving,x_half,65,0.125,1.25e-05,0.01,stopped,0.007975000000000001,0.002,v,1.5287846134026672e-06,2.7373667331086725e-07,1.217621216076381e-06,3.150305639253477e-06
B,FD,mass,moving,x_half,65,0.125,1.25e-05,0.01,stopped,0.007975000000000001,0.005,u,0.0014574007902747321,0.0001551081177378183,0.0014438928897904657,0.0042471772567402154
B,FD,mass,moving,x_half,65,0.125,1.25e-05,0.01,stopped,0.007975000000000001,0.005,v,0.001157486261016638,0.00013125105602500813,0.0011391113402602349,0.002385185894383868
B,FD,mass,moving,x_half,65,0.125,1.25e-05,0.01,stopped,0.007975000000000001,0.007975000000000001,u,100.88236888165466,4.783317259558294,3.7129196910072872,293.9927750687381
B,FD,mass,moving,x_half,65,0.125,1.25e-05,0.01,stopped,0.007975000000000001,0.007975000000000001,v,153.77784938617907,10.30160540052618,2.84817078664807,316.88389709476553
B,FD,mass,moving,y_half,33,0.0625,2.5e-05,0.01,completed,0.01,0.0,u,1.8703273638176476e-07,2.3592054187097856e-08,0.0,5.450533489863072e-07
B,FD,mass,moving,y_half,33,0.0625,2.5e-05,0.01,completed,0.01,0.0,v,2.368586657364169e-07,2.848000743364235e-08,0.0,4.880852289303451e-07
B,FD,mass,moving,y_half,33,0.0625,2.5e-05,0.01,completed,0.01,0.001,u,1.8912716823193954e-07,3.09706457687511e-08,5.199503239072811e-08,5.511569708240971e-07
B,FD,mass,moving,y_half,33,0.0625,2.5e-05,0.01,completed,0.01,0.001,v,2.4932009445866044e-07,4.09445225349249e-08,4.6699307199027373e-08,5.137639993134558e-07
B,FD,mass,moving,y_half,33,0.0625,2.5e-05,0.01,completed,0.01,0.002,u,1.889762703544129e-07,4.800805892932675e-08,1.0397944555373684e-07,5.507172221731821e-07
B,FD,mass,moving,y_half,33,0.0625,2.5e-05,0.01,completed,0.01,0.002,v,2.618266967679972e-07,6.580129121787095e-08,9.487984042877429e-08,5.395358571102334e-07
B,FD,mass,moving,y_half,33,0.0625,2.5e-05,0.01,completed,0.01,0.005,u,4.64695940061155e-07,1.2014241136753318e-07,4.52043316612194e-07,1.3542232407575864e-06
B,FD,mass,moving,y_half,33,0.0625,2.5e-05,0.01,completed,0.01,0.005,v,3.475218679493963e-07,1.5632273833352348e-07,3.4722921404828355e-07,7.161244869340799e-07
B,FD,mass,moving,y_half,33,0.0625,2.5e-05,0.01,completed,0.01,0.01,u,6.146809154283783e-06,8.820529774538679e-07,4.58381138268571e-06,1.7913114997598445e-05
B,FD,mass,moving,y_half,33,0.0625,2.5e-05,0.01,completed,0.01,0.01,v,4.9466048412938335e-06,7.362767640932319e-07,3.734148274647797e-06,1.0193271793051594e-05
B,FD,strong,frozen,main,33,0.125,2.5e-05,0.01,completed,0.01,0.0,u,1.3046256158721903e-07,1.4522723322606876e-08,0.0,3.801957760190691e-07
B,FD,strong,frozen,main,33,0.125,2.5e-05,0.01,completed,0.01,0.0,v,1.5696035060575042e-07,1.7807299178036007e-08,0.0,3.234419507610906e-07
B,FD,strong,frozen,main,33,0.125,2.5e-05,0.01,completed,0.01,0.001,u,2.0717355186938846e-07,8.396419540442299e-08,2.0722196675260207e-07,6.037479899622444e-07
B,FD,strong,frozen,main,33,0.125,2.5e-05,0.01,completed,0.01,0.001,v,2.0793183103107182e-07,1.1704017494831231e-07,1.7317361050706026e-07,4.2847685287695465e-07
B,FD,strong,frozen,main,33,0.125,2.5e-05,0.01,completed,0.01,0.002,u,4.1444832110659746e-07,1.70398957820492e-07,4.145023753121535e-07,1.2077909489580335e-06
B,FD,strong,frozen,main,33,0.125,2.5e-05,0.01,completed,0.01,0.002,v,3.9858866768271994e-07,2.344751076981416e-07,3.7005795722189205e-07,8.213558120189358e-07
B,FD,strong,frozen,main,33,0.125,2.5e-05,0.01,completed,0.01,0.005,u,1.8756922596230297e-06,4.6748498030102557e-07,1.756855147416747e-06,5.466167960710975e-06
B,FD,strong,frozen,main,33,0.125,2.5e-05,0.01,completed,0.01,0.005,v,1.4579018549620848e-06,6.073647681985817e-07,1.4300231881980707e-06,3.0042403585831035e-06
B,FD,strong,frozen,main,33,0.125,2.5e-05,0.01,completed,0.01,0.01,u,2.596020110701147e-05,3.3836951165256284e-06,1.942633537516114e-05,7.565357207012137e-05
B,FD,strong,frozen,main,33,0.125,2.5e-05,0.01,completed,0.01,0.01,v,1.8614162897667708e-05,2.993211924049339e-06,1.4433938248292755e-05,3.8357465029679835e-05
B,FD,strong,moving,combined,65,0.0625,1.25e-05,0.01,stopped,0.009175,0.0,u,8.114615868137776e-09,6.771616311186312e-10,0.0,2.3647724137650734e-08
B,FD,strong,moving,combined,65,0.0625,1.25e-05,0.01,stopped,0.009175,0.0,v,9.775727005667534e-09,8.312799048501496e-10,0.0,2.0144451707886983e-08
B,FD,strong,moving,combined,65,0.0625,1.25e-05,0.01,stopped,0.009175,0.001,u,6.934379109813094e-08,2.2005496179860204e-08,6.666504720476141e-08,2.020826209391233e-07
B,FD,strong,moving,combined,65,0.0625,1.25e-05,0.01,stopped,0.009175,0.001,v,5.92241698460505e-08,2.959520026423508e-08,5.922365259314333e-08,1.220408905354855e-07
B,FD,strong,moving,combined,65,0.0625,1.25e-05,0.01,stopped,0.009175,0.002,u,5.288081794119215e-07,6.21015571754782e-08,4.133374646442256e-07,1.5410600023062133e-06
B,FD,strong,moving,combined,65,0.0625,1.25e-05,0.01,stopped,0.009175,0.002,v,3.682251257797198e-07,6.877458942484724e-08,3.0081107249557704e-07,7.587868666544929e-07
B,FD,strong,moving,combined,65,0.0625,1.25e-05,0.01,stopped,0.009175,0.005,u,0.00035798940893444486,3.818984718284454e-05,0.0003545105533031556,0.0010432576136996082
B,FD,strong,moving,combined,65,0.0625,1.25e-05,0.01,stopped,0.009175,0.005,v,0.0002700849778921044,3.164983306929162e-05,0.0002653576712230432,0.0005565533684624106
B,FD,strong,moving,combined,65,0.0625,1.25e-05,0.01,stopped,0.009175,0.009175,u,56.364086257525486,3.0319699712899584,10.37387075643327,164.2569882232265
B,FD,strong,moving,combined,65,0.0625,1.25e-05,0.01,stopped,0.009175,0.009175,v,59.18669148054869,4.729682759562736,8.249313493145133,121.96366035879336
B,FD,strong,moving,main,33,0.125,2.5e-05,0.01,completed,0.01,0.0,u,1.3046256158721903e-07,1.4522723322606876e-08,0.0,3.801957760190691e-07
B,FD,strong,moving,main,33,0.125,2.5e-05,0.01,completed,0.01,0.0,v,1.5696035060575042e-07,1.7807299178036007e-08,0.0,3.234419507610906e-07
B,FD,strong,moving,main,33,0.125,2.5e-05,0.01,completed,0.01,0.001,u,2.0710313342053865e-07,8.393207529413025e-08,2.0712192977390131e-07,6.035427755583512e-07
B,FD,strong,moving,main,33,0.125,2.5e-05,0.01,completed,0.01,0.001,v,2.0803691141990655e-07,1.1706237687465793e-07,1.731816915984119e-07,4.286933878542293e-07
B,FD,strong,moving,main,33,0.125,2.5e-05,0.01,completed,0.01,0.002,u,4.143006035461916e-07,1.703286821489898e-07,4.142978253796059e-07,1.2073604684291607e-06
B,FD,strong,moving,main,33,0.125,2.5e-05,0.01,completed,0.01,0.002,v,3.9872784923788984e-07,2.3451501790638276e-07,3.6998604002747015e-07,8.216426179131658e-07
B,FD,strong,moving,main,33,0.125,2.5e-05,0.01,completed,0.01,0.005,u,1.8614347293555156e-06,4.668248461374773e-07,1.7440410377544957e-06,5.42461847158379e-06
B,FD,strong,moving,main,33,0.125,2.5e-05,0.01,completed,0.01,0.005,v,1.4492166455770672e-06,6.072194663268087e-07,1.4223397128976245e-06,2.9863430930926955e-06
B,FD,strong,moving,main,33,0.125,2.5e-05,0.01,completed,0.01,0.01,u,2.491596142445429e-05,3.2683704418794927e-06,1.8632184517641814e-05,7.261043454752786e-05
B,FD,strong,moving,main,33,0.125,2.5e-05,0.01,completed,0.01,0.01,v,1.7869436056916488e-05,2.9041732142129116e-06,1.3862058123426113e-05,3.682283605346313e-05
B,FD,strong,moving,time_half,33,0.125,1.25e-05,0.01,completed,0.01,0.0,u,1.3046256158721903e-07,1.4522723322606876e-08,0.0,3.801957760190691e-07
B,FD,strong,moving,time_half,33,0.125,1.25e-05,0.01,completed,0.01,0.0,v,1.5696035060575042e-07,1.7807299178036007e-08,0.0,3.234419507610906e-07
B,FD,strong,moving,time_half,33,0.125,1.25e-05,0.01,completed,0.01,0.001,u,2.0710313342053865e-07,8.393207530609405e-08,2.0712192994043477e-07,6.035427755583512e-07
B,FD,strong,moving,time_half,33,0.125,1.25e-05,0.01,completed,0.01,0.001,v,2.080369119195069e-07,1.170623768665862e-07,1.7318169248659032e-07,4.286933888837359e-07
B,FD,strong,moving,time_half,33,0.125,1.25e-05,0.01,completed,0.01,0.002,u,4.1430060310210237e-07,1.7032868217580987e-07,4.1429782499102785e-07,1.2073604671349899e-06
B,FD,strong,moving,time_half,33,0.125,1.25e-05,0.01,completed,0.01,0.002,v,3.9872785057015747e-07,2.3451501791907547e-07,3.6998604291405e-07,8.216426206585167e-07
B,FD,strong,moving,time_half,33,0.125,1.25e-05,0.01,completed,0.01,0.005,u,1.8614347785383956e-06,4.6682484829303566e-07,1.7440410746694113e-06,5.424618614913209e-06
B,FD,strong,moving,time_half,33,0.125,1.25e-05,0.01,completed,0.01,0.005,v,1.4492166731661094e-06,6.072194672202779e-07,1.422339735490663e-06,2.9863431499443374e-06
B,FD,strong,moving,time_half,33,0.125,1.25e-05,0.01,completed,0.01,0.01,u,2.491596235265625e-05,3.268370569853155e-06,1.8632185115663447e-05,7.261043725250666e-05
B,FD,strong,moving,time_half,33,0.125,1.25e-05,0.01,completed,0.01,0.01,v,1.7869436751027923e-05,2.9041733154949217e-06,1.3862058594715787e-05,3.682283748379095e-05
B,FD,strong,moving,x_half,65,0.125,1.25e-05,0.01,stopped,0.0085625,0.0,u,8.04015382049883e-09,6.770978737056013e-10,0.0,2.343072590256961e-08
B,FD,strong,moving,x_half,65,0.125,1.25e-05,0.01,stopped,0.0085625,0.0,v,9.699665071138952e-09,8.311770079362961e-10,0.0,1.9987713968724134e-08
B,FD,strong,moving,x_half,65,0.125,1.25e-05,0.01,stopped,0.0085625,0.001,u,2.7247764977644806e-07,8.641365845393356e-08,2.5930715086275313e-07,7.940580825967595e-07
B,FD,strong,moving,x_half,65,0.125,1.25e-05,0.01,stopped,0.0085625,0.001,v,2.371342923690456e-07,1.1847622442476544e-07,2.35841234819123e-07,4.886532033102183e-07
B,FD,strong,moving,x_half,65,0.125,1.25e-05,0.01,stopped,0.0085625,0.002,u,2.0453169614631506e-06,2.4098360945194025e-07,1.5969419615013969e-06,5.960490579886236e-06
B,FD,strong,moving,x_half,65,0.125,1.25e-05,0.01,stopped,0.0085625,0.002,v,1.4845587787415404e-06,2.7380945240818434e-07,1.1957944555662792e-06,3.0591712210285712e-06
B,FD,strong,moving,x_half,65,0.125,1.25e-05,0.01,stopped,0.0085625,0.005,u,0.0013431643921882341,0.00014169016238901736,0.0013294010600216621,0.0039142679876616425
B,FD,strong,moving,x_half,65,0.125,1.25e-05,0.01,stopped,0.0085625,0.005,v,0.0010674917539735818,0.00012008522131454189,0.001048468251208412,0.0021997377936154028
B,FD,strong,moving,x_half,65,0.125,1.25e-05,0.01,stopped,0.0085625,0.0085625,u,48.21169518866945,2.6130810423425834,9.852524299490186,140.49917955349053
B,FD,strong,moving,x_half,65,0.125,1.25e-05,0.01,stopped,0.0085625,0.0085625,v,59.762044523930854,4.511162173247083,7.975664207685606,123.14926787366126
B,FD,strong,moving,y_half,33,0.0625,2.5e-05,0.01,completed,0.01,0.0,u,1.3139095278447144e-07,1.452442357217033e-08,0.0,3.829013050180675e-07
B,FD,strong,moving,y_half,33,0.0625,2.5e-05,0.01,completed,0.01,0.0,v,1.5790671104021214e-07,1.78099735044817e-08,0.0,3.253920770349507e-07
B,FD,strong,moving,y_half,33,0.0625,2.5e-05,0.01,completed,0.01,0.001,u,1.314442791833237e-07,2.4412323144725463e-08,5.437460975921127e-08,3.8305670953626086e-07
B,FD,strong,moving,y_half,33,0.0625,2.5e-05,0.01,completed,0.01,0.001,v,1.5169877420895261e-07,3.309611118889693e-08,4.466530478808295e-08,3.125996285929659e-07
B,FD,strong,moving,y_half,33,0.0625,2.5e-05,0.01,completed,0.01,0.002,u,1.3155005057496894e-07,4.506290512579488e-08,1.087644972974644e-07,3.833649499670992e-07
B,FD,strong,moving,y_half,33,0.0625,2.5e-05,0.01,completed,0.01,0.002,v,1.437865605469213e-07,6.007737950189585e-08,9.527039313006469e-08,2.962952446914036e-07
B,FD,strong,moving,y_half,33,0.0625,2.5e-05,0.01,completed,0.01,0.005,u,4.6324616498338855e-07,1.2140983873119425e-07,4.484106252977682e-07,1.3499982864704365e-06
B,FD,strong,moving,y_half,33,0.0625,2.5e-05,0.01,completed,0.01,0.005,v,3.6625040050752844e-07,1.519788635251987e-07,3.6397453290204496e-07,7.547176288516225e-07
B,FD,strong,moving,y_half,33,0.0625,2.5e-05,0.01,completed,0.01,0.01,u,6.554165370986631e-06,7.992661836925848e-07,5.00527940855422e-06,1.910023803519908e-05
B,FD,strong,moving,y_half,33,0.0625,2.5e-05,0.01,completed,0.01,0.01,v,4.246458620293936e-06,7.50537513466404e-07,3.3638972178895443e-06,8.750508331140772e-06
B,SD,mass,frozen,main,33,0.125,2.5e-05,0.01,completed,0.01,0.0,u,1.8703715942702814e-07,2.3591843690215157e-08,0.0,5.450662405185196e-07
B,SD,mass,frozen,main,33,0.125,2.5e-05,0.01,completed,0.01,0.0,v,2.3671681659287458e-07,2.8476831795875234e-08,0.0,4.877929275850486e-07
B,SD,mass,frozen,main,33,0.125,2.5e-05,0.01,completed,0.01,0.001,u,6.850894312404598e-07,2.9385807850679985e-07,6.829839779287639e-07,1.9964969626845535e-06
B,SD,mass,frozen,main,33,0.125,2.5e-05,0.01,completed,0.01,0.001,v,3.858472423790005e-07,2.0030654413682947e-07,3.3471152272035454e-07,7.951000637372373e-07
B,SD,mass,frozen,main,33,0.125,2.5e-05,0.01,completed,0.01,0.002,u,1.3670527180265069e-06,5.870367093777519e-07,1.3656595898026147e-06,3.983883672570655e-06
B,SD,mass,frozen,main,33,0.125,2.5e-05,0.01,completed,0.01,0.002,v,7.304355232884419e-07,4.0099348685312903e-07,6.840666040286436e-07,1.5051794268160628e-06
B,SD,mass,frozen,main,33,0.125,2.5e-05,0.01,completed,0.01,0.005,u,5.227782653716151e-06,1.5237482586938698e-06,5.019084542923213e-06,1.5234875497671945e-05
B,SD,mass,frozen,main,33,0.125,2.5e-05,0.01,completed,0.01,0.005,v,2.5650519230868696e-06,1.0536593684515295e-06,2.2116326708343514e-06,5.285700462600197e-06
B,SD,mass,frozen,main,33,0.125,2.5e-05,0.01,completed,0.01,0.01,u,6.748527365818546e-05,8.85107391496663e-06,4.995851113864802e-05,0.00019666650475186326
B,SD,mass,frozen,main,33,0.125,2.5e-05,0.01,completed,0.01,0.01,v,4.4525783500726224e-05,7.153431748744059e-06,3.401535550900947e-05,9.175251086699125e-05
B,SD,mass,moving,combined,65,0.0625,1.25e-05,0.01,stopped,0.0069625,0.0,u,1.247560280082105e-08,1.1519814549471483e-09,0.0,3.63565716823541e-08
B,SD,mass,moving,combined,65,0.0625,1.25e-05,0.01,stopped,0.0069625,0.0,v,1.5800860175829712e-08,1.3933605229234365e-09,0.0,3.2560203918392995e-08
B,SD,mass,moving,combined,65,0.0625,1.25e-05,0.01,stopped,0.0069625,0.001,u,2.0861307226116566e-07,7.530819298318151e-08,2.074173972022031e-07,6.079430578729255e-07
B,SD,mass,moving,combined,65,0.0625,1.25e-05,0.01,stopped,0.0069625,0.001,v,9.816964702258346e-08,5.159480243101362e-08,9.779263032694274e-08,2.0229428588587163e-07
B,SD,mass,moving,combined,65,0.0625,1.25e-05,0.01,stopped,0.0069625,0.002,u,1.2378068817153753e-06,1.7670599794491532e-07,9.965956949686827e-07,3.6072336818093087e-06
B,SD,mass,moving,combined,65,0.0625,1.25e-05,0.01,stopped,0.0069625,0.002,v,7.357355228387874e-07,1.2873520813788522e-07,5.642376487702272e-07,1.5161009202702142e-06
B,SD,mass,moving,combined,65,0.0625,1.25e-05,0.01,stopped,0.0069625,0.005,u,0.0008525336852159282,9.045898480086344e-05,0.0008442753153521942,0.002484465282602178
B,SD,mass,moving,combined,65,0.0625,1.25e-05,0.01,stopped,0.0069625,0.005,v,0.0006020838653875704,7.310001968873082e-05,0.0005881555629498325,0.0012406902671654176
B,SD,mass,moving,combined,65,0.0625,1.25e-05,0.01,stopped,0.0069625,0.0069625,u,0.13800466562350552,0.013063315979230208,0.13820999833579442,0.40217507709608075
B,SD,mass,moving,combined,65,0.0625,1.25e-05,0.01,stopped,0.0069625,0.0069625,v,0.1319799994341193,0.010408787548670976,0.13283463079355118,0.27196593393679996
B,SD,mass,moving,main,33,0.125,2.5e-05,0.01,completed,0.01,0.0,u,1.8703715942702814e-07,2.3591843690215157e-08,0.0,5.450662405185196e-07
B,SD,mass,moving,main,33,0.125,2.5e-05,0.01,completed,0.01,0.0,v,2.3671681659287458e-07,2.8476831795875234e-08,0.0,4.877929275850486e-07
B,SD,mass,moving,main,33,0.125,2.5e-05,0.01,completed,0.01,0.001,u,6.850601794172739e-07,2.93792542010186e-07,6.828828317262392e-07,1.996411716622535e-06
B,SD,mass,moving,main,33,0.125,2.5e-05,0.01,completed,0.01,0.001,v,3.8534131369116764e-07,2.0013820867029738e-07,3.3419364631193105e-07,7.94057516615578e-07
B,SD,mass,moving,main,33,0.125,2.5e-05,0.01,completed,0.01,0.002,u,1.3670353187222872e-06,5.869041532480058e-07,1.3654440132460088e-06,3.983832967281034e-06
B,SD,mass,moving,main,33,0.125,2.5e-05,0.01,completed,0.01,0.002,v,7.301095272804758e-07,4.007092776275143e-07,6.85403743372337e-07,1.5045076598102557e-06
B,SD,mass,moving,main,33,0.125,2.5e-05,0.01,completed,0.01,0.005,u,5.129709192808196e-06,1.521121086989191e-06,4.931783681993984e-06,1.4949068480523598e-05
B,SD,mass,moving,main,33,0.125,2.5e-05,0.01,completed,0.01,0.005,v,2.4988766372247007e-06,1.0511964867466008e-06,2.14931346170788e-06,5.149335683413416e-06
B,SD,mass,moving,main,33,0.125,2.5e-05,0.01,completed,0.01,0.01,u,5.913632902943e-05,7.924160635951576e-06,4.364836168607722e-05,0.00017233589646507264
B,SD,mass,moving,main,33,0.125,2.5e-05,0.01,completed,0.01,0.01,v,3.89170718813614e-05,6.388198185665854e-06,2.95678878662331e-05,8.019486194213408e-05
B,SD,mass,moving,time_half,33,0.125,1.25e-05,0.01,completed,0.01,0.0,u,1.8703715942702814e-07,2.3591843690215157e-08,0.0,5.450662405185196e-07
B,SD,mass,moving,time_half,33,0.125,1.25e-05,0.01,completed,0.01,0.0,v,2.3671681659287458e-07,2.8476831795875234e-08,0.0,4.877929275850486e-07
B,SD,mass,moving,time_half,33,0.125,1.25e-05,0.01,completed,0.01,0.001,u,6.850601794172739e-07,2.9379254198052597e-07,6.82882831670728e-07,1.996411716622535e-06
B,SD,mass,moving,time_half,33,0.125,1.25e-05,0.01,completed,0.01,0.001,v,3.853413137466788e-07,2.0013820872835672e-07,3.341936461453976e-07,7.940575167299676e-07
B,SD,mass,moving,time_half,33,0.125,1.25e-05,0.01,completed,0.01,0.002,u,1.3670353188333095e-06,5.869041531559503e-07,1.3654440130794754e-06,3.983832967604577e-06
B,SD,mass,moving,time_half,33,0.125,1.25e-05,0.01,completed,0.01,0.002,v,7.301095270584312e-07,4.0070927755124726e-07,6.854037431502924e-07,1.5045076593526972e-06
B,SD,mass,moving,time_half,33,0.125,1.25e-05,0.01,completed,0.01,0.005,u,5.129709140350158e-06,1.5211210855348686e-06,4.931783643136178e-06,1.4949068327649669e-05
B,SD,mass,moving,time_half,33,0.125,1.25e-05,0.01,completed,0.01,0.005,v,2.498876599199562e-06,1.0511964852859493e-06,2.149313433452704e-06,5.149335605056526e-06
B,SD,mass,moving,time_half,33,0.125,1.25e-05,0.01,completed,0.01,0.01,u,5.9136328062314725e-05,7.924160502572246e-06,4.364836108111669e-05,0.00017233589364669212
B,SD,mass,moving,time_half,33,0.125,1.25e-05,0.01,completed,0.01,0.01,v,3.8917071094324296e-05,6.388198074103301e-06,2.9567887310177898e-05,8.019486032031804e-05
B,SD,mass,moving,x_half,65,0.125,1.25e-05,0.01,stopped,0.006325,0.0,u,1.2462041426575254e-08,1.152072482952009e-09,0.0,3.6317051062890774e-08
B,SD,mass,moving,x_half,65,0.125,1.25e-05,0.01,stopped,0.006325,0.0,v,1.58076786660466e-08,1.3933375031255161e-09,0.0,3.257425461282877e-08
B,SD,mass,moving,x_half,65,0.125,1.25e-05,0.01,stopped,0.006325,0.001,u,8.125364249766953e-07,2.949153497797616e-07,8.085553430126069e-07,2.3679047297507527e-06
B,SD,mass,moving,x_half,65,0.125,1.25e-05,0.01,stopped,0.006325,0.001,v,3.977945315924991e-07,2.0443187000481307e-07,3.979238044626854e-07,8.197193673677897e-07
B,SD,mass,moving,x_half,65,0.125,1.25e-05,0.01,stopped,0.006325,0.002,u,4.8151801586571175e-06,6.917249853843009e-07,3.889339156570859e-06,1.4032463680152173e-05
B,SD,mass,moving,x_half,65,0.125,1.25e-05,0.01,stopped,0.006325,0.002,v,2.929394025963372e-06,5.087250941326946e-07,2.248087326406356e-06,6.036485740818457e-06
B,SD,mass,moving,x_half,65,0.125,1.25e-05,0.01,stopped,0.006325,0.005,u,0.003345491295496106,0.00035501309314246504,0.003306682417167861,0.009749476353841503
B,SD,mass,moving,x_half,65,0.125,1.25e-05,0.01,stopped,0.006325,0.005,v,0.002432429367196731,0.00028848814251396444,0.0023710645297180255,0.005012410437275441
B,SD,mass,moving,x_half,65,0.125,1.25e-05,0.01,stopped,0.006325,0.006325,u,0.13920463383710271,0.012646552410410976,0.139540726167201,0.40567204218020286
B,SD,mass,moving,x_half,65,0.125,1.25e-05,0.01,stopped,0.006325,0.006325,v,0.1258160437875271,0.010052783687348436,0.12656248984690577,0.2592641165914271
B,SD,mass,moving,y_half,33,0.0625,2.5e-05,0.01,completed,0.01,0.0,u,1.8703273638176476e-07,2.3592054187097856e-08,0.0,5.450533489863072e-07
B,SD,mass,moving,y_half,33,0.0625,2.5e-05,0.01,completed,0.01,0.0,v,2.368586657364169e-07,2.848000743364235e-08,0.0,4.880852289303451e-07
B,SD,mass,moving,y_half,33,0.0625,2.5e-05,0.01,completed,0.01,0.001,u,1.9094146877507434e-07,8.014003848522871e-08,1.7604041996355235e-07,5.564442301896705e-07
B,SD,mass,moving,y_half,33,0.0625,2.5e-05,0.01,completed,0.01,0.001,v,2.2671123178774621e-07,5.683574325061867e-08,8.807932228016568e-08,4.671748155135774e-07
B,SD,mass,moving,y_half,33,0.0625,2.5e-05,0.01,completed,0.01,0.002,u,3.5368232931265453e-07,1.533176195753892e-07,3.520406845480828e-07,1.030705863574883e-06
B,SD,mass,moving,y_half,33,0.0625,2.5e-05,0.01,completed,0.01,0.002,v,2.1757984849934964e-07,1.0432275500346876e-07,1.7735503582416712e-07,4.483581372683004e-07
B,SD,mass,moving,y_half,33,0.0625,2.5e-05,0.01,completed,0.01,0.005,u,1.3407818764132884e-06,3.901496813075321e-07,1.2686426423269559e-06,3.9073248145582865e-06
B,SD,mass,moving,y_half,33,0.0625,2.5e-05,0.01,completed,0.01,0.005,v,6.980469873796302e-07,2.661535216004604e-07,5.397884239033424e-07,1.4384376547087047e-06
B,SD,mass,moving,y_half,33,0.0625,2.5e-05,0.01,completed,0.01,0.01,u,1.555688175425285e-05,2.053809620203911e-06,1.1351380609592177e-05,4.533607679583844e-05
B,SD,mass,moving,y_half,33,0.0625,2.5e-05,0.01,completed,0.01,0.01,v,9.620339496141384e-06,1.663572430636886e-06,7.17688407164685e-06,1.9824250849184237e-05
B,SD,strong,frozen,main,33,0.125,2.5e-05,0.01,completed,0.01,0.0,u,1.3046256158721903e-07,1.4522723322606876e-08,0.0,3.801957760190691e-07
B,SD,strong,frozen,main,33,0.125,2.5e-05,0.01,completed,0.01,0.0,v,1.5696035060575042e-07,1.7807299178036007e-08,0.0,3.234419507610906e-07
B,SD,strong,frozen,main,33,0.125,2.5e-05,0.01,completed,0.01,0.001,u,6.831036295507076e-07,2.9314433312704556e-07,6.80343025805108e-07,1.990709912321062e-06
B,SD,strong,frozen,main,33,0.125,2.5e-05,0.01,completed,0.01,0.001,v,3.7325863710968576e-07,1.9920466045275912e-07,3.5019475175257497e-07,7.691592256214021e-07
B,SD,strong,frozen,main,33,0.125,2.5e-05,0.01,completed,0.01,0.002,u,1.3626453872483957e-06,5.865713140067669e-07,1.3593497290576018e-06,3.9710397691168934e-06
B,SD,strong,frozen,main,33,0.125,2.5e-05,0.01,completed,0.01,0.002,v,7.682246790374769e-07,4.012057506973336e-07,7.564232383794334e-07,1.5830500368517337e-06
B,SD,strong,frozen,main,33,0.125,2.5e-05,0.01,completed,0.01,0.005,u,5.067683782222776e-06,1.5283136302472478e-06,4.903723125782022e-06,1.4768313183191344e-05
B,SD,strong,frozen,main,33,0.125,2.5e-05,0.01,completed,0.01,0.005,v,2.77014083283067e-06,1.0673031135210238e-06,2.67452728502926e-06,5.708319020669153e-06
B,SD,strong,frozen,main,33,0.125,2.5e-05,0.01,completed,0.01,0.01,u,5.8575278785222284e-05,8.206301057392626e-06,4.409403398064615e-05,0.00017070087619268872
B,SD,strong,frozen,main,33,0.125,2.5e-05,0.01,completed,0.01,0.01,v,4.1158253074158324e-05,6.735187093609231e-06,3.132441626668703e-05,8.481317487409276e-05
B,SD,strong,moving,combined,65,0.0625,1.25e-05,0.01,stopped,0.00755,0.0,u,8.114615868137776e-09,6.771616311186312e-10,0.0,2.3647724137650734e-08
B,SD,strong,moving,combined,65,0.0625,1.25e-05,0.01,stopped,0.00755,0.0,v,9.775727005667534e-09,8.312799048501496e-10,0.0,2.0144451707886983e-08
B,SD,strong,moving,combined,65,0.0625,1.25e-05,0.01,stopped,0.00755,0.001,u,2.07740759872177e-07,7.542456949367453e-08,2.066894024266297e-07,6.054009532222722e-07
B,SD,strong,moving,combined,65,0.0625,1.25e-05,0.01,stopped,0.00755,0.001,v,1.161137032079651e-07,5.179304678524118e-08,1.1564817548048723e-07,2.3927088855291266e-07
B,SD,strong,moving,combined,65,0.0625,1.25e-05,0.01,stopped,0.00755,0.002,u,1.2016997736341573e-06,1.7932113165408985e-07,9.779566663703498e-07,3.5020098554214632e-06
B,SD,strong,moving,combined,65,0.0625,1.25e-05,0.01,stopped,0.00755,0.002,v,7.18801787369383e-07,1.3307276171965748e-07,5.492792297667748e-07,1.4812062453064205e-06
B,SD,strong,moving,combined,65,0.0625,1.25e-05,0.01,stopped,0.00755,0.005,u,0.0007767814468138678,8.275228353703591e-05,0.0007693132411301651,0.0022637070772045173
B,SD,strong,moving,combined,65,0.0625,1.25e-05,0.01,stopped,0.00755,0.005,v,0.0005667521677676368,6.719696313195623e-05,0.0005527264468121462,0.0011678836435711024
B,SD,strong,moving,combined,65,0.0625,1.25e-05,0.01,stopped,0.00755,0.00755,u,0.4855661989965173,0.04578960697533228,0.4869220344102976,1.4150436337379444
B,SD,strong,moving,combined,65,0.0625,1.25e-05,0.01,stopped,0.00755,0.00755,v,0.508812016051375,0.03699161297919513,0.5117007315335873,1.0484886781103029
B,SD,strong,moving,main,33,0.125,2.5e-05,0.01,completed,0.01,0.0,u,1.3046256158721903e-07,1.4522723322606876e-08,0.0,3.801957760190691e-07
B,SD,strong,moving,main,33,0.125,2.5e-05,0.01,completed,0.01,0.0,v,1.5696035060575042e-07,1.7807299178036007e-08,0.0,3.234419507610906e-07
B,SD,strong,moving,main,33,0.125,2.5e-05,0.01,completed,0.01,0.001,u,6.831738417201194e-07,2.931703883286351e-07,6.804046353559023e-07,1.9909145255826044e-06
B,SD,strong,moving,main,33,0.125,2.5e-05,0.01,completed,0.01,0.001,v,3.7321444273930027e-07,1.992243515472501e-07,3.50169531704303e-07,7.690681560403584e-07
B,SD,strong,moving,main,33,0.125,2.5e-05,0.01,completed,0.01,0.002,u,1.3627667168614188e-06,5.866143185359963e-07,1.3594123498550381e-06,3.971393349529666e-06
B,SD,strong,moving,main,33,0.125,2.5e-05,0.01,completed,0.01,0.002,v,7.682691410826337e-07,4.01243632738145e-07,7.565068353421189e-07,1.5831416580195307e-06
B,SD,strong,moving,main,33,0.125,2.5e-05,0.01,completed,0.01,0.005,u,5.039188887112633e-06,1.5278407138925876e-06,4.878505179939374e-06,1.468527297129316e-05
B,SD,strong,moving,main,33,0.125,2.5e-05,0.01,completed,0.01,0.005,v,2.780007466507417e-06,1.0670160779914498e-06,2.6834835905598098e-06,5.7286508002016024e-06
B,SD,strong,moving,main,33,0.125,2.5e-05,0.01,completed,0.01,0.01,u,5.628938432267194e-05,7.984029902878459e-06,4.2353879600054434e-05,0.0001640392913785196
B,SD,strong,moving,main,33,0.125,2.5e-05,0.01,completed,0.01,0.01,v,3.9491407949898694e-05,6.572070593085641e-06,2.9994854541526283e-05,8.137837343203103e-05
B,SD,strong,moving,time_half,33,0.125,1.25e-05,0.01,completed,0.01,0.0,u,1.3046256158721903e-07,1.4522723322606876e-08,0.0,3.801957760190691e-07
B,SD,strong,moving,time_half,33,0.125,1.25e-05,0.01,completed,0.01,0.0,v,1.5696035060575042e-07,1.7807299178036007e-08,0.0,3.234419507610906e-07
B,SD,strong,moving,time_half,33,0.125,1.25e-05,0.01,completed,0.01,0.001,u,6.831738417201194e-07,2.931703883078087e-07,6.804046354669246e-07,1.9909145255826044e-06
B,SD,strong,moving,time_half,33,0.125,1.25e-05,0.01,completed,0.01,0.001,v,3.7321444273930027e-07,1.9922435158879652e-07,3.5016953175981413e-07,7.690681560403584e-07
B,SD,strong,moving,time_half,33,0.125,1.25e-05,0.01,completed,0.01,0.002,u,1.3627667169724411e-06,5.86614318543855e-07,1.3594123499660604e-06,3.971393349853209e-06
B,SD,strong,moving,time_half,33,0.125,1.25e-05,0.01,completed,0.01,0.002,v,7.682691419153009e-07,4.012436327121241e-07,7.565068362302974e-07,1.5831416597353751e-06
B,SD,strong,moving,time_half,33,0.125,1.25e-05,0.01,completed,0.01,0.005,u,5.039188840982867e-06,1.5278407126616823e-06,4.878505145300416e-06,1.4685272836861164e-05
B,SD,strong,moving,time_half,33,0.125,1.25e-05,0.01,completed,0.01,0.005,v,2.780007468339285e-06,1.0670160768916817e-06,2.6834835923916778e-06,5.72865080397646e-06
B,SD,strong,moving,time_half,33,0.125,1.25e-05,0.01,completed,0.01,0.01,u,5.628938349888646e-05,7.98402979899435e-06,4.2353879071088674e-05,0.0001640392889778327
B,SD,strong,moving,time_half,33,0.125,1.25e-05,0.01,completed,0.01,0.01,v,3.9491407304359516e-05,6.572070510166718e-06,2.999485408428093e-05,8.137837210179413e-05
B,SD,strong,moving,x_half,65,0.125,1.25e-05,0.01,stopped,0.006900000000000001,0.0,u,8.04015382049883e-09,6.770978737056013e-10,0.0,2.343072590256961e-08
B,SD,strong,moving,x_half,65,0.125,1.25e-05,0.01,stopped,0.006900000000000001,0.0,v,9.699665071138952e-09,8.311770079362961e-10,0.0,1.9987713968724134e-08
B,SD,strong,moving,x_half,65,0.125,1.25e-05,0.01,stopped,0.006900000000000001,0.001,u,8.085091672271894e-07,2.954080110850501e-07,8.049740770621483e-07,2.3561684402997856e-06
B,SD,strong,moving,x_half,65,0.125,1.25e-05,0.01,stopped,0.006900000000000001,0.001,v,4.6268575570884707e-07,2.0533998570951253e-07,4.60159862936127e-07,9.534381315937009e-07
B,SD,strong,moving,x_half,65,0.125,1.25e-05,0.01,stopped,0.006900000000000001,0.002,u,4.68035717621218e-06,7.018887450800111e-07,3.8182383291229804e-06,1.3639560706209034e-05
B,SD,strong,moving,x_half,65,0.125,1.25e-05,0.01,stopped,0.006900000000000001,0.002,v,2.8448032647898636e-06,5.257765849370486e-07,2.1955516818494836e-06,5.862172924207541e-06
B,SD,strong,moving,x_half,65,0.125,1.25e-05,0.01,stopped,0.006900000000000001,0.005,u,0.0030494581828781064,0.0003232451228260432,0.0030167794179783436,0.008886772620219835
B,SD,strong,moving,x_half,65,0.125,1.25e-05,0.01,stopped,0.006900000000000001,0.005,v,0.002245572945059726,0.0002642628767346752,0.002190936932701615,0.004627362841146941
B,SD,strong,moving,x_half,65,0.125,1.25e-05,0.01,stopped,0.006900000000000001,0.006900000000000001,u,0.43803409495258616,0.04080073114534458,0.4383067287579053,1.2765249327254073
B,SD,strong,moving,x_half,65,0.125,1.25e-05,0.01,stopped,0.006900000000000001,0.006900000000000001,v,0.42543917908239565,0.03264800758891172,0.42748405260448685,0.8766855927726611
B,SD,strong,moving,y_half,33,0.0625,2.5e-05,0.01,completed,0.01,0.0,u,1.3139095278447144e-07,1.452442357217033e-08,0.0,3.829013050180675e-07
B,SD,strong,moving,y_half,33,0.0625,2.5e-05,0.01,completed,0.01,0.0,v,1.5790671104021214e-07,1.78099735044817e-08,0.0,3.253920770349507e-07
B,SD,strong,moving,y_half,33,0.0625,2.5e-05,0.01,completed,0.01,0.001,u,1.760101518422097e-07,7.747157700695815e-08,1.7345803654533754e-07,5.129311829206508e-07
B,SD,strong,moving,y_half,33,0.0625,2.5e-05,0.01,completed,0.01,0.001,v,1.7811942115697477e-07,5.1590612125864415e-08,8.93290607595354e-08,3.6704360459874025e-07
B,SD,strong,moving,y_half,33,0.0625,2.5e-05,0.01,completed,0.01,0.002,u,3.48936412930545e-07,1.5125954673052818e-07,3.46651104321527e-07,1.0168752493833775e-06
B,SD,strong,moving,y_half,33,0.0625,2.5e-05,0.01,completed,0.01,0.002,v,2.2643332281413464e-07,1.0115770851658014e-07,1.937172565136258e-07,4.666021395484178e-07
B,SD,strong,moving,y_half,33,0.0625,2.5e-05,0.01,completed,0.01,0.005,u,1.3109970623537137e-06,3.900566322414719e-07,1.2532531066811181e-06,3.820525503559763e-06
B,SD,strong,moving,y_half,33,0.0625,2.5e-05,0.01,completed,0.01,0.005,v,7.703407566839182e-07,2.7012702042698887e-07,7.007719428631098e-07,1.5874105488665553e-06
B,SD,strong,moving,y_half,33,0.0625,2.5e-05,0.01,completed,0.01,0.01,u,1.4339009765385047e-05,2.1205379468656593e-06,1.0632286408795988e-05,4.178693765041058e-05
B,SD,strong,moving,y_half,33,0.0625,2.5e-05,0.01,completed,0.01,0.01,v,1.1329137800053513e-05,1.726230590327248e-06,8.34803783006377e-06,2.3345503528572713e-05
C,FD,mass,frozen,main,33,0.125,2.5e-05,0.01,completed,0.01,0.0,u,6.182185769976201e-07,8.897968062613952e-08,0.0,1.1861133705273565e-06
C,FD,mass,frozen,main,33,0.125,2.5e-05,0.01,completed,0.01,0.0,v,6.536309579696642e-07,9.155600418247218e-08,0.0,1.075910360733606e-06
C,FD,mass,frozen,main,33,0.125,2.5e-05,0.01,completed,0.01,0.001,u,6.666700225754774e-07,1.3838323285183422e-07,2.6824424781413114e-07,1.2790722519967117e-06
C,FD,mass,frozen,main,33,0.125,2.5e-05,0.01,completed,0.01,0.001,v,7.112395095099089e-07,1.8088864215054676e-07,2.3071075716529776e-07,1.1707370159176492e-06
C,FD,mass,frozen,main,33,0.125,2.5e-05,0.01,completed,0.01,0.002,u,7.011424861813609e-07,2.3079672851197055e-07,5.365859226946768e-07,1.3452110765472938e-06
C,FD,mass,frozen,main,33,0.125,2.5e-05,0.01,completed,0.01,0.002,v,7.686104208648459e-07,3.246664961651617e-07,4.996567281034814e-07,1.2651725030666082e-06
C,FD,mass,frozen,main,33,0.125,2.5e-05,0.01,completed,0.01,0.005,u,3.1631747821614375e-06,6.13530495447159e-07,2.9045781241299196e-06,6.0688630882909935e-06
C,FD,mass,frozen,main,33,0.125,2.5e-05,0.01,completed,0.01,0.005,v,2.2309529500441627e-06,8.191125309529082e-07,2.1277283546172754e-06,3.6722639342506762e-06
C,FD,mass,frozen,main,33,0.125,2.5e-05,0.01,completed,0.01,0.01,u,6.201629083590898e-05,7.870761044852854e-06,4.444029824357543e-05,0.00011898437621887896
C,FD,mass,frozen,main,33,0.125,2.5e-05,0.01,completed,0.01,0.01,v,4.369594762398954e-05,6.687566879499762e-06,3.2034054789131794e-05,7.192578961797776e-05
C,FD,mass,moving,combined,65,0.0625,1.25e-05,0.01,stopped,0.0079,0.0,u,4.221342198018618e-08,4.396713173213156e-09,0.0,8.098920515732798e-08
C,FD,mass,moving,combined,65,0.0625,1.25e-05,0.01,stopped,0.0079,0.0,v,4.4438371094024376e-08,4.549896445515376e-09,0.0,7.314688733119078e-08
C,FD,mass,moving,combined,65,0.0625,1.25e-05,0.01,stopped,0.0079,0.001,u,1.0963662316898493e-07,2.813818730617691e-08,1.0472121547699942e-07,2.1034501706015012e-07
C,FD,mass,moving,combined,65,0.0625,1.25e-05,0.01,stopped,0.0079,0.001,v,8.409077467685933e-08,3.8756717481540566e-08,8.412559437953604e-08,1.3841592905973779e-07
C,FD,mass,moving,combined,65,0.0625,1.25e-05,0.01,stopped,0.0079,0.002,u,9.956070268768435e-07,9.803161871234116e-08,7.4872263006176e-07,1.9101370600481796e-06
C,FD,mass,moving,combined,65,0.0625,1.25e-05,0.01,stopped,0.0079,0.002,v,6.543324565511099e-07,1.0080845418194436e-07,5.02536554480848e-07,1.077050785124781e-06
C,FD,mass,moving,combined,65,0.0625,1.25e-05,0.01,stopped,0.0079,0.005,u,0.0013013151989423877,0.0001350842693030963,0.0013080858113708738,0.0024966581404123655
C,FD,mass,moving,combined,65,0.0625,1.25e-05,0.01,stopped,0.0079,0.005,v,0.0009459686194024375,0.0001125274729149251,0.0009404373970571811,0.0015570926278073408
C,FD,mass,moving,combined,65,0.0625,1.25e-05,0.01,stopped,0.0079,0.0079,u,103.61382243670192,4.781262921066814,4.815128769032985,198.78988077298712
C,FD,mass,moving,combined,65,0.0625,1.25e-05,0.01,stopped,0.0079,0.0079,v,139.01120791204195,9.309986327562216,3.402884551508065,228.81660404249584
C,FD,mass,moving,main,33,0.125,2.5e-05,0.01,completed,0.01,0.0,u,6.182185769976201e-07,8.897968062613952e-08,0.0,1.1861133705273565e-06
C,FD,mass,moving,main,33,0.125,2.5e-05,0.01,completed,0.01,0.0,v,6.536309579696642e-07,9.155600418247218e-08,0.0,1.075910360733606e-06
C,FD,mass,moving,main,33,0.125,2.5e-05,0.01,completed,0.01,0.001,u,6.581613418155108e-07,1.3753080537393571e-07,2.6831297106344465e-07,1.2627475079814828e-06
C,FD,mass,moving,main,33,0.125,2.5e-05,0.01,completed,0.01,0.001,v,6.996888752830444e-07,1.7957849707313322e-07,2.3073510702076305e-07,1.151724074614608e-06
C,FD,mass,moving,main,33,0.125,2.5e-05,0.01,completed,0.01,0.002,u,6.854112996057538e-07,2.2975584340294225e-07,5.366639113102423e-07,1.3150292421187564e-06
C,FD,mass,moving,main,33,0.125,2.5e-05,0.01,completed,0.01,0.002,v,7.450831923105916e-07,3.226057314700781e-07,4.991191087100333e-07,1.2264454681056286e-06
C,FD,mass,moving,main,33,0.125,2.5e-05,0.01,completed,0.01,0.005,u,3.047399525946126e-06,6.075241987024164e-07,2.804266930223065e-06,5.8467368299049725e-06
C,FD,mass,moving,main,33,0.125,2.5e-05,0.01,completed,0.01,0.005,v,2.158063274415589e-06,8.12389138939077e-07,2.0657121482248186e-06,3.552283758521402e-06
C,FD,mass,moving,main,33,0.125,2.5e-05,0.01,completed,0.01,0.01,u,5.0772324628189924e-05,6.568687171699637e-06,3.624674464297595e-05,9.741171704467124e-05
C,FD,mass,moving,main,33,0.125,2.5e-05,0.01,completed,0.01,0.01,v,3.571149585845923e-05,5.609486474615633e-06,2.6100140938178917e-05,5.8782969079005546e-05
C,FD,mass,moving,time_half,33,0.125,1.25e-05,0.01,completed,0.01,0.0,u,6.182185769976201e-07,8.897968062613952e-08,0.0,1.1861133705273565e-06
C,FD,mass,moving,time_half,33,0.125,1.25e-05,0.01,completed,0.01,0.0,v,6.536309579696642e-07,9.155600418247218e-08,0.0,1.075910360733606e-06
C,FD,mass,moving,time_half,33,0.125,1.25e-05,0.01,completed,0.01,0.001,u,6.581613427592004e-07,1.375308056330815e-07,2.6831297039731083e-07,1.2627475097920443e-06
C,FD,mass,moving,time_half,33,0.125,1.25e-05,0.01,completed,0.01,0.001,v,6.996888750054886e-07,1.7957849704758546e-07,2.307351096852983e-07,1.1517240741577368e-06
C,FD,mass,moving,time_half,33,0.125,1.25e-05,0.01,completed,0.01,0.002,u,6.854112999388207e-07,2.2975584372558356e-07,5.366639104220639e-07,1.3150292427577782e-06
C,FD,mass,moving,time_half,33,0.125,1.25e-05,0.01,completed,0.01,0.002,v,7.450831923105916e-07,3.2260573143844016e-07,4.991191154823937e-07,1.2264454681056286e-06
C,FD,mass,moving,time_half,33,0.125,1.25e-05,0.01,completed,0.01,0.005,u,3.0473996909807788e-06,6.075242074687838e-07,2.8042670465189268e-06,5.846737146540246e-06
C,FD,mass,moving,time_half,33,0.125,1.25e-05,0.01,completed,0.01,0.005,v,2.1580633581264053e-06,8.123891424070279e-07,2.0657122066225497e-06,3.5522838963137345e-06
C,FD,mass,moving,time_half,33,0.125,1.25e-05,0.01,completed,0.01,0.01,u,5.0772328457737714e-05,6.568687717901152e-06,3.624674698277097e-05,9.741172439203673e-05
C,FD,mass,moving,time_half,33,0.125,1.25e-05,0.01,completed,0.01,0.01,v,3.571149864889378e-05,5.60948692691591e-06,2.610014276815953e-05,5.8782973672205126e-05
C,FD,mass,moving,x_half,65,0.125,1.25e-05,0.01,stopped,0.007325000000000001,0.0,u,4.2192320082179435e-08,4.398371198560295e-09,0.0,8.095013130483069e-08
C,FD,mass,moving,x_half,65,0.125,1.25e-05,0.01,stopped,0.007325000000000001,0.0,v,4.443012441290861e-08,4.551644487739671e-09,0.0,7.31342825820531e-08
C,FD,mass,moving,x_half,65,0.125,1.25e-05,0.01,stopped,0.007325000000000001,0.001,u,4.2998770383162466e-07,1.0996702881989783e-07,4.066847101302784e-07,8.249738582006578e-07
C,FD,mass,moving,x_half,65,0.125,1.25e-05,0.01,stopped,0.007325000000000001,0.001,v,3.4219243172373126e-07,1.5377069624278266e-07,3.3566445700738967e-07,5.632664398268551e-07
C,FD,mass,moving,x_half,65,0.125,1.25e-05,0.01,stopped,0.007325000000000001,0.002,u,3.866664726792646e-06,3.804980726467812e-07,2.8988802610596665e-06,7.418577995615492e-06
C,FD,mass,moving,x_half,65,0.125,1.25e-05,0.01,stopped,0.007325000000000001,0.002,v,2.6328646000051137e-06,4.0041037077829484e-07,2.007632669887016e-06,4.333831295802414e-06
C,FD,mass,moving,x_half,65,0.125,1.25e-05,0.01,stopped,0.007325000000000001,0.005,u,0.004923088727573133,0.0005015734906933645,0.004944737237174701,0.009445431731323537
C,FD,mass,moving,x_half,65,0.125,1.25e-05,0.01,stopped,0.007325000000000001,0.005,v,0.003728258722141109,0.0004289084604778452,0.0037062404513700242,0.006136906671475651
C,FD,mass,moving,x_half,65,0.125,1.25e-05,0.01,stopped,0.007325000000000001,0.007325000000000001,u,29.008484732878756,1.371605499844105,4.242182637242669,55.655641678555774
C,FD,mass,moving,x_half,65,0.125,1.25e-05,0.01,stopped,0.007325000000000001,0.007325000000000001,v,51.388547610554426,3.2340364245953137,3.0715598602236405,84.58820703503726
C,FD,mass,moving,y_half,33,0.0625,2.5e-05,0.01,completed,0.01,0.0,u,6.186643400907244e-07,8.894693459456993e-08,0.0,1.1869479140224305e-06
C,FD,mass,moving,y_half,33,0.0625,2.5e-05,0.01,completed,0.01,0.0,v,6.534840776839523e-07,9.152292721646785e-08,0.0,1.0756543281466697e-06
C,FD,mass,moving,y_half,33,0.0625,2.5e-05,0.01,completed,0.01,0.001,u,6.252478991219945e-07,9.487251132596882e-08,1.0766230329473103e-07,1.1995789017044806e-06
C,FD,mass,moving,y_half,33,0.0625,2.5e-05,0.01,completed,0.01,0.001,v,6.898945464905992e-07,1.0375583202168307e-07,6.843892075281133e-08,1.1355870483141237e-06
C,FD,mass,moving,y_half,33,0.0625,2.5e-05,0.01,completed,0.01,0.002,u,6.17939226399411e-07,1.0779416807608952e-07,1.9825895636316204e-07,1.1855567360805966e-06
C,FD,mass,moving,y_half,33,0.0625,2.5e-05,0.01,completed,0.01,0.002,v,7.249608414139352e-07,1.2804511155520877e-07,1.4336333187259243e-07,1.1933072180848039e-06
C,FD,mass,moving,y_half,33,0.0625,2.5e-05,0.01,completed,0.01,0.005,u,7.334859487007073e-07,1.8854402291798087e-07,7.097780003739729e-07,1.4072406640528156e-06
C,FD,mass,moving,y_half,33,0.0625,2.5e-05,0.01,completed,0.01,0.005,v,8.79657892527419e-07,2.4268585117811244e-07,5.027654451650321e-07,1.4479431889740937e-06
C,FD,mass,moving,y_half,33,0.0625,2.5e-05,0.01,completed,0.01,0.01,u,1.201432128028479e-05,1.6277806506245627e-06,8.815815709550812e-06,2.3050259499259498e-05
C,FD,mass,moving,y_half,33,0.0625,2.5e-05,0.01,completed,0.01,0.01,v,8.302003057236718e-06,1.3580751851809504e-06,6.186902785976223e-06,1.3665345225323853e-05
C,FD,strong,frozen,main,33,0.125,2.5e-05,0.01,completed,0.01,0.0,u,2.408641672224654e-07,3.707291578969116e-08,0.0,4.62121682934486e-07
C,FD,strong,frozen,main,33,0.125,2.5e-05,0.01,completed,0.01,0.0,v,2.5458573837955356e-07,3.8951913166989064e-08,0.0,4.190612918158161e-07
C,FD,strong,frozen,main,33,0.125,2.5e-05,0.01,completed,0.01,0.001,u,2.8626052139824054e-07,1.0988620332953346e-07,2.737861621304738e-07,5.492190699502269e-07
C,FD,strong,frozen,main,33,0.125,2.5e-05,0.01,completed,0.01,0.001,v,2.854108358540941e-07,1.5351940626870898e-07,2.355280454002795e-07,4.6980099644440367e-07
C,FD,strong,frozen,main,33,0.125,2.5e-05,0.01,completed,0.01,0.002,u,5.471365448483922e-07,2.1782347531340032e-07,5.474990513731903e-07,1.049735474628607e-06
C,FD,strong,frozen,main,33,0.125,2.5e-05,0.01,completed,0.01,0.002,v,5.420636953745728e-07,3.0372539621482064e-07,5.034489084509985e-07,8.9226487656375e-07
C,FD,strong,frozen,main,33,0.125,2.5e-05,0.01,completed,0.01,0.005,u,2.800041870865133e-06,6.026786186744216e-07,2.614076760831807e-06,5.372156749476575e-06
C,FD,strong,frozen,main,33,0.125,2.5e-05,0.01,completed,0.01,0.005,v,2.03734442161263e-06,7.896810314491564e-07,1.9861609149574022e-06,3.3535742835754394e-06
C,FD,strong,frozen,main,33,0.125,2.5e-05,0.01,completed,0.01,0.01,u,4.305137900290079e-05,5.2437679125244465e-06,3.208698962531287e-05,8.259832065055836e-05
C,FD,strong,frozen,main,33,0.125,2.5e-05,0.01,completed,0.01,0.01,v,2.8667795815562336e-05,4.667995396964019e-06,2.1840771189385322e-05,4.7188674528464635e-05
C,FD,strong,moving,combined,65,0.0625,1.25e-05,0.01,stopped,0.0088,0.0,u,1.5056967006543687e-08,1.7103555846292367e-09,0.0,2.8887773905476372e-08
C,FD,strong,moving,combined,65,0.0625,1.25e-05,0.01,stopped,0.0088,0.0,v,1.583762271328837e-08,1.7999843899270848e-09,0.0,2.6069200460828594e-08
C,FD,strong,moving,combined,65,0.0625,1.25e-05,0.01,stopped,0.0088,0.001,u,1.0165621638913436e-07,2.7888798328698035e-08,9.783517307404566e-08,1.9503408580620873e-07
C,FD,strong,moving,combined,65,0.0625,1.25e-05,0.01,stopped,0.0088,0.001,v,8.084300806565636e-08,3.827330218080228e-08,8.07759009679998e-08,1.3307000812386416e-07
C,FD,strong,moving,combined,65,0.0625,1.25e-05,0.01,stopped,0.0088,0.002,u,8.134104848012136e-07,8.478459482209952e-08,6.299726544867212e-07,1.5605811028920652e-06
C,FD,strong,moving,combined,65,0.0625,1.25e-05,0.01,stopped,0.0088,0.002,v,5.344085621805661e-07,9.242317790664e-08,4.277195889690333e-07,8.79652469797706e-07
C,FD,strong,moving,combined,65,0.0625,1.25e-05,0.01,stopped,0.0088,0.005,u,0.0006896389886830723,7.011466255746194e-05,0.0006837137095292434,0.0013231174095566461
C,FD,strong,moving,combined,65,0.0625,1.25e-05,0.01,stopped,0.0088,0.005,v,0.0004884317386969483,5.857529089009897e-05,0.00048144729336530023,0.0008039732438403337
C,FD,strong,moving,combined,65,0.0625,1.25e-05,0.01,stopped,0.0088,0.0088,u,264.85732690837233,13.495852140079206,13.364812261345149,508.146067771335
C,FD,strong,moving,combined,65,0.0625,1.25e-05,0.01,stopped,0.0088,0.0088,v,270.2899564965452,21.088167228754376,9.818912669579083,444.9053488655851
C,FD,strong,moving,main,33,0.125,2.5e-05,0.01,completed,0.01,0.0,u,2.408641672224654e-07,3.707291578969116e-08,0.0,4.62121682934486e-07
C,FD,strong,moving,main,33,0.125,2.5e-05,0.01,completed,0.01,0.0,v,2.5458573837955356e-07,3.8951913166989064e-08,0.0,4.190612918158161e-07
C,FD,strong,moving,main,33,0.125,2.5e-05,0.01,completed,0.01,0.001,u,2.854753927694631e-07,1.0978746749939365e-07,2.735351570248845e-07,5.477127231679943e-07
C,FD,strong,moving,main,33,0.125,2.5e-05,0.01,completed,0.01,0.001,v,2.8569500398756276e-07,1.5357303108612872e-07,2.3553891781435965e-07,4.7026875188845266e-07
C,FD,strong,moving,main,33,0.125,2.5e-05,0.01,completed,0.01,0.002,u,5.469215515474524e-07,2.1762118522372527e-07,5.470245162952914e-07,1.0493229887566084e-06
C,FD,strong,moving,main,33,0.125,2.5e-05,0.01,completed,0.01,0.002,v,5.425119142810075e-07,3.0383401955888976e-07,5.033099887974402e-07,8.930026680643359e-07
C,FD,strong,moving,main,33,0.125,2.5e-05,0.01,completed,0.01,0.005,u,2.7627451757994415e-06,6.009313196589479e-07,2.5838591016791312e-06,5.3005993580621325e-06
C,FD,strong,moving,main,33,0.125,2.5e-05,0.01,completed,0.01,0.005,v,2.014796098404048e-06,7.892576549177356e-07,1.9686756014269946e-06,3.3164585774396087e-06
C,FD,strong,moving,main,33,0.125,2.5e-05,0.01,completed,0.01,0.01,u,4.0335120884582576e-05,4.942671997867181e-06,3.0016310713865124e-05,7.738691130147774e-05
C,FD,strong,moving,main,33,0.125,2.5e-05,0.01,completed,0.01,0.01,v,2.68707431830828e-05,4.4173626487341805e-06,2.0468052039368523e-05,4.423063295700335e-05
C,FD,strong,moving,time_half,33,0.125,1.25e-05,0.01,completed,0.01,0.0,u,2.408641672224654e-07,3.707291578969116e-08,0.0,4.62121682934486e-07
C,FD,strong,moving,time_half,33,0.125,1.25e-05,0.01,completed,0.01,0.0,v,2.5458573837955356e-07,3.8951913166989064e-08,0.0,4.190612918158161e-07
C,FD,strong,moving,time_half,33,0.125,1.25e-05,0.01,completed,0.01,0.001,u,2.854753952674649e-07,1.0978746777107896e-07,2.735351563587507e-07,5.477127279606574e-07
C,FD,strong,moving,time_half,33,0.125,1.25e-05,0.01,completed,0.01,0.001,v,2.8569500443165197e-07,1.535730310462199e-07,2.355389195907165e-07,4.7026875261944643e-07
C,FD,strong,moving,time_half,33,0.125,1.25e-05,0.01,completed,0.01,0.002,u,5.469215511588743e-07,2.176211854343532e-07,5.470245159622245e-07,1.049322988011083e-06
C,FD,strong,moving,time_half,33,0.125,1.25e-05,0.01,completed,0.01,0.002,v,5.425119158353198e-07,3.038340195487525e-07,5.033099932383323e-07,8.930026706228142e-07
C,FD,strong,moving,time_half,33,0.125,1.25e-05,0.01,completed,0.01,0.005,u,2.7627452899303684e-06,6.009313248090316e-07,2.5838591832805236e-06,5.3005995770335825e-06
C,FD,strong,moving,time_half,33,0.125,1.25e-05,0.01,completed,0.01,0.005,v,2.0147961554695115e-06,7.892576569633048e-07,1.9686756436154695e-06,3.3164586713723125e-06
C,FD,strong,moving,time_half,33,0.125,1.25e-05,0.01,completed,0.01,0.01,u,4.033512308310172e-05,4.942672304604861e-06,3.001631213173095e-05,7.738691551955376e-05
C,FD,strong,moving,time_half,33,0.125,1.25e-05,0.01,completed,0.01,0.01,v,2.6870744671225744e-05,4.4173628943063275e-06,2.0468053010258558e-05,4.423063540656359e-05
C,FD,strong,moving,x_half,65,0.125,1.25e-05,0.01,stopped,0.0082,0.0,u,1.504733426749283e-08,1.710573585701561e-09,0.0,2.8869796265498538e-08
C,FD,strong,moving,x_half,65,0.125,1.25e-05,0.01,stopped,0.0082,0.0,v,1.5840785294596316e-08,1.8002286003834483e-09,0.0,2.6074751834817042e-08
C,FD,strong,moving,x_half,65,0.125,1.25e-05,0.01,stopped,0.0082,0.001,u,3.9996823048005226e-07,1.0970422434235618e-07,3.8112057793027176e-07,7.6737853505231e-07
C,FD,strong,moving,x_half,65,0.125,1.25e-05,0.01,stopped,0.0082,0.001,v,3.2295802632198445e-07,1.5336755770480244e-07,3.212212955627791e-07,5.316056137873848e-07
C,FD,strong,moving,x_half,65,0.125,1.25e-05,0.01,stopped,0.0082,0.002,u,3.1481854597115166e-06,3.293356926073586e-07,2.4360661255995453e-06,6.040104593424435e-06
C,FD,strong,moving,x_half,65,0.125,1.25e-05,0.01,stopped,0.0082,0.002,v,2.1450019936919418e-06,3.6815378315321305e-07,1.6958654678322915e-06,3.530784214958359e-06
C,FD,strong,moving,x_half,65,0.125,1.25e-05,0.01,stopped,0.0082,0.005,u,0.002592003044442681,0.00026187807579067625,0.0025682359877895466,0.004973013723385595
C,FD,strong,moving,x_half,65,0.125,1.25e-05,0.01,stopped,0.0082,0.005,v,0.0019306640826322052,0.00022353475528296492,0.0018999323712445282,0.0031779729284129757
C,FD,strong,moving,x_half,65,0.125,1.25e-05,0.01,stopped,0.0082,0.0082,u,50.59777044717133,2.6432676108910624,10.779517818164775,97.07681761639282
C,FD,strong,moving,x_half,65,0.125,1.25e-05,0.01,stopped,0.0082,0.0082,v,72.56529596260832,5.104052734546965,8.089793864775025,119.44623002311081
C,FD,strong,moving,y_half,33,0.0625,2.5e-05,0.01,completed,0.01,0.0,u,2.4083323535428747e-07,3.7067774974076526e-08,0.0,4.6205428017578157e-07
C,FD,strong,moving,y_half,33,0.0625,2.5e-05,0.01,completed,0.01,0.0,v,2.5583114904303983e-07,3.894640580021926e-08,0.0,4.2110571954282723e-07
C,FD,strong,moving,y_half,33,0.0625,2.5e-05,0.01,completed,0.01,0.001,u,2.4765968359430346e-07,4.326537251203885e-08,7.325362583188166e-08,4.7515126665714373e-07
C,FD,strong,moving,y_half,33,0.0625,2.5e-05,0.01,completed,0.01,0.001,v,2.5257025315639225e-07,5.182143429215437e-08,6.167200861106892e-08,4.157381874270646e-07
C,FD,strong,moving,y_half,33,0.0625,2.5e-05,0.01,completed,0.01,0.002,u,2.5567972899986913e-07,6.448466379073283e-08,1.4648921214943655e-07,4.90538247201562e-07
C,FD,strong,moving,y_half,33,0.0625,2.5e-05,0.01,completed,0.01,0.002,v,2.484957107862229e-07,8.192978283179135e-08,1.3152913902469976e-07,4.0903136887499985e-07
C,FD,strong,moving,y_half,33,0.0625,2.5e-05,0.01,completed,0.01,0.005,u,6.920184962844189e-07,1.6007647085882242e-07,6.676824607643184e-07,1.327682650190048e-06
C,FD,strong,moving,y_half,33,0.0625,2.5e-05,0.01,completed,0.01,0.005,v,5.16015545737325e-07,1.9756810800437975e-07,5.158627435219998e-07,8.493770148624236e-07
C,FD,strong,moving,y_half,33,0.0625,2.5e-05,0.01,completed,0.01,0.01,u,1.0863329302279734e-05,1.198356283033317e-06,8.253167485983148e-06,2.084200626916495e-05
C,FD,strong,moving,y_half,33,0.0625,2.5e-05,0.01,completed,0.01,0.01,v,7.053182808247627e-06,1.2036850641171134e-06,5.334537850121279e-06,1.1609749761294838e-05
C,SD,mass,frozen,main,33,0.125,2.5e-05,0.01,completed,0.01,0.0,u,6.182185769976201e-07,8.897968062613952e-08,0.0,1.1861133705273565e-06
C,SD,mass,frozen,main,33,0.125,2.5e-05,0.01,completed,0.01,0.0,v,6.536309579696642e-07,9.155600418247218e-08,0.0,1.075910360733606e-06
C,SD,mass,frozen,main,33,0.125,2.5e-05,0.01,completed,0.01,0.001,u,8.628898368612248e-07,3.4645731539486383e-07,8.593954353708355e-07,1.655539336530174e-06
C,SD,mass,frozen,main,33,0.125,2.5e-05,0.01,completed,0.01,0.001,v,5.832033625474686e-07,2.755439505977774e-07,4.3148355088895585e-07,9.599828963557457e-07
C,SD,mass,frozen,main,33,0.125,2.5e-05,0.01,completed,0.01,0.002,u,1.77031106329828e-06,6.742072034731366e-07,1.7587146981523638e-06,3.3965165401017624e-06
C,SD,mass,frozen,main,33,0.125,2.5e-05,0.01,completed,0.01,0.002,v,9.814459063228753e-07,5.309603157315504e-07,8.690210865358594e-07,1.6155107193704455e-06
C,SD,mass,frozen,main,33,0.125,2.5e-05,0.01,completed,0.01,0.005,u,7.719366942215977e-06,1.769975601825266e-06,7.2622802576582934e-06,1.481036753478939e-05
C,SD,mass,frozen,main,33,0.125,2.5e-05,0.01,completed,0.01,0.005,v,3.681574655467479e-06,1.3942380413820129e-06,3.0540148361346553e-06,6.060062283365032e-06
C,SD,mass,frozen,main,33,0.125,2.5e-05,0.01,completed,0.01,0.01,u,0.00013567390864915874,1.6892341832701627e-05,9.694530107928756e-05,0.00026030378747595264
C,SD,mass,frozen,main,33,0.125,2.5e-05,0.01,completed,0.01,0.01,v,8.337532939317605e-05,1.406309280727398e-05,6.190893568092104e-05,0.00013724010411370164
C,SD,mass,moving,combined,65,0.0625,1.25e-05,0.01,stopped,0.006425,0.0,u,4.221342198018618e-08,4.396713173213156e-09,0.0,8.098920515732798e-08
C,SD,mass,moving,combined,65,0.0625,1.25e-05,0.01,stopped,0.006425,0.0,v,4.4438371094024376e-08,4.549896445515376e-09,0.0,7.314688733119078e-08
C,SD,mass,moving,combined,65,0.0625,1.25e-05,0.01,stopped,0.006425,0.001,u,2.932434133851025e-07,8.578331835859571e-08,2.8799748735819364e-07,5.626066273146155e-07
C,SD,mass,moving,combined,65,0.0625,1.25e-05,0.01,stopped,0.006425,0.001,v,1.1867825594480408e-07,6.697301237980227e-08,1.1103307118176531e-07,1.953479572392367e-07
C,SD,mass,moving,combined,65,0.0625,1.25e-05,0.01,stopped,0.006425,0.002,u,2.0917118345176178e-06,2.3232365931398827e-07,1.6117852089658768e-06,4.0130856715495075e-06
C,SD,mass,moving,combined,65,0.0625,1.25e-05,0.01,stopped,0.006425,0.002,v,1.1606350751591776e-06,1.8780976412188055e-07,8.508179556443451e-07,1.9104400315589554e-06
C,SD,mass,moving,combined,65,0.0625,1.25e-05,0.01,stopped,0.006425,0.005,u,0.0026948632194921385,0.00027615587690568727,0.002702446507319489,0.005170270968717698
C,SD,mass,moving,combined,65,0.0625,1.25e-05,0.01,stopped,0.006425,0.005,v,0.0017829312145120069,0.00022472831243121525,0.001755344522966884,0.0029347580808314084
C,SD,mass,moving,combined,65,0.0625,1.25e-05,0.01,stopped,0.006425,0.006425,u,0.18423958467030904,0.016141202622003838,0.1841985902805568,0.35347566771460176
C,SD,mass,moving,combined,65,0.0625,1.25e-05,0.01,stopped,0.006425,0.006425,v,0.15558224959094435,0.01275811978582332,0.15591249815272756,0.256093034046703
C,SD,mass,moving,main,33,0.125,2.5e-05,0.01,completed,0.01,0.0,u,6.182185769976201e-07,8.897968062613952e-08,0.0,1.1861133705273565e-06
C,SD,mass,moving,main,33,0.125,2.5e-05,0.01,completed,0.01,0.0,v,6.536309579696642e-07,9.155600418247218e-08,0.0,1.075910360733606e-06
C,SD,mass,moving,main,33,0.125,2.5e-05,0.01,completed,0.01,0.001,u,8.628866827176118e-07,3.460498403304819e-07,8.59281252652e-07,1.6555332849942753e-06
C,SD,mass,moving,main,33,0.125,2.5e-05,0.01,completed,0.01,0.001,v,5.800607952299863e-07,2.744015499934519e-07,4.294939099924733e-07,9.548100680266155e-07
C,SD,mass,moving,main,33,0.125,2.5e-05,0.01,completed,0.01,0.002,u,1.7680928224295123e-06,6.736554743718509e-07,1.757082495279505e-06,3.392260626010223e-06
C,SD,mass,moving,main,33,0.125,2.5e-05,0.01,completed,0.01,0.002,v,9.759526256036821e-07,5.291225321555205e-07,8.64958827118123e-07,1.6064684952099544e-06
C,SD,mass,moving,main,33,0.125,2.5e-05,0.01,completed,0.01,0.005,u,7.486147991508929e-06,1.761826739061259e-06,7.06303259645491e-06,1.4362913954475748e-05
C,SD,mass,moving,main,33,0.125,2.5e-05,0.01,completed,0.01,0.005,v,3.5414240717734913e-06,1.3844914766740684e-06,2.9216019639122237e-06,5.829367174419133e-06
C,SD,mass,moving,main,33,0.125,2.5e-05,0.01,completed,0.01,0.01,u,0.0001111085179340554,1.412694952705517e-05,7.915001897890184e-05,0.0002131726602928806
C,SD,mass,moving,main,33,0.125,2.5e-05,0.01,completed,0.01,0.01,v,6.812241112097439e-05,1.1757636047880449e-05,5.0376512091832026e-05,0.00011213301180053991
C,SD,mass,moving,time_half,33,0.125,1.25e-05,0.01,completed,0.01,0.0,u,6.182185769976201e-07,8.897968062613952e-08,0.0,1.1861133705273565e-06
C,SD,mass,moving,time_half,33,0.125,1.25e-05,0.01,completed,0.01,0.0,v,6.536309579696642e-07,9.155600418247218e-08,0.0,1.075910360733606e-06
C,SD,mass,moving,time_half,33,0.125,1.25e-05,0.01,completed,0.01,0.001,u,8.628866801640989e-07,3.4604984037376727e-07,8.592812509311543e-07,1.6555332800951088e-06
C,SD,mass,moving,time_half,33,0.125,1.25e-05,0.01,completed,0.01,0.001,v,5.800607953965198e-07,2.744015499834904e-07,4.2949390977042867e-07,9.54810068300738e-07
C,SD,mass,moving,time_half,33,0.125,1.25e-05,0.01,completed,0.01,0.002,u,1.7680928095509252e-06,6.736554741862927e-07,1.7570824796253603e-06,3.392260601301382e-06
C,SD,mass,moving,time_half,33,0.125,1.25e-05,0.01,completed,0.01,0.002,v,9.759526246044814e-07,5.291225320100324e-07,8.649588264519892e-07,1.6064684935652185e-06
C,SD,mass,moving,time_half,33,0.125,1.25e-05,0.01,completed,0.01,0.005,u,7.486147830082501e-06,1.7618267333294538e-06,7.063032482934606e-06,1.436291364476321e-05
C,SD,mass,moving,time_half,33,0.125,1.25e-05,0.01,completed,0.01,0.005,v,3.541423970299107e-06,1.3844914713150828e-06,2.9216018896383034e-06,5.829367007387048e-06
C,SD,mass,moving,time_half,33,0.125,1.25e-05,0.01,completed,0.01,0.01,u,0.00011110851431395119,1.4126949006279082e-05,7.915001677882838e-05,0.00021317265334735327
C,SD,mass,moving,time_half,33,0.125,1.25e-05,0.01,completed,0.01,0.01,v,6.812240842524186e-05,1.1757635617978794e-05,5.037651019446088e-05,0.00011213300736322475
C,SD,mass,moving,x_half,65,0.125,1.25e-05,0.01,stopped,0.005837500000000001,0.0,u,4.2192320082179435e-08,4.398371198560295e-09,0.0,8.095013130483069e-08
C,SD,mass,moving,x_half,65,0.125,1.25e-05,0.01,stopped,0.005837500000000001,0.0,v,4.443012441290861e-08,4.551644487739671e-09,0.0,7.31342825820531e-08
C,SD,mass,moving,x_half,65,0.125,1.25e-05,0.01,stopped,0.005837500000000001,0.001,u,1.1390021100177172e-06,3.3557692287178044e-07,1.1231106914477706e-06,2.1852879903932206e-06
C,SD,mass,moving,x_half,65,0.125,1.25e-05,0.01,stopped,0.005837500000000001,0.001,v,4.6814178006338025e-07,2.6473601550102044e-07,4.6214865756510903e-07,7.705855809324138e-07
C,SD,mass,moving,x_half,65,0.125,1.25e-05,0.01,stopped,0.005837500000000001,0.002,u,8.14043201557979e-06,9.08636972283484e-07,6.295590980975874e-06,1.561822244559519e-05
C,SD,mass,moving,x_half,65,0.125,1.25e-05,0.01,stopped,0.005837500000000001,0.002,v,4.621338717591961e-06,7.414030417360582e-07,3.410341183673893e-06,7.606962531519673e-06
C,SD,mass,moving,x_half,65,0.125,1.25e-05,0.01,stopped,0.005837500000000001,0.005,u,0.010676458584905513,0.0010971998868400392,0.010649638763303881,0.020483839775469512
C,SD,mass,moving,x_half,65,0.125,1.25e-05,0.01,stopped,0.005837500000000001,0.005,v,0.007240750110718452,0.0008980454468327042,0.007084559939306567,0.011918649153038662
C,SD,mass,moving,x_half,65,0.125,1.25e-05,0.01,stopped,0.005837500000000001,0.005837500000000001,u,0.18389013630496864,0.015479235286430084,0.18388021480994676,0.35281138014113905
C,SD,mass,moving,x_half,65,0.125,1.25e-05,0.01,stopped,0.005837500000000001,0.005837500000000001,v,0.1472615852499709,0.012298249208147762,0.14750922961859925,0.24240018526762047
C,SD,mass,moving,y_half,33,0.0625,2.5e-05,0.01,completed,0.01,0.0,u,6.186643400907244e-07,8.894693459456993e-08,0.0,1.1869479140224305e-06
C,SD,mass,moving,y_half,33,0.0625,2.5e-05,0.01,completed,0.01,0.0,v,6.534840776839523e-07,9.152292721646785e-08,0.0,1.0756543281466697e-06
C,SD,mass,moving,y_half,33,0.0625,2.5e-05,0.01,completed,0.01,0.001,u,6.256639077939496e-07,1.2737087681980495e-07,2.215577750708242e-07,1.2003770414927218e-06
C,SD,mass,moving,y_half,33,0.0625,2.5e-05,0.01,completed,0.01,0.001,v,6.506052925847605e-07,1.1538313754211136e-07,1.207419400017784e-07,1.0709157618104791e-06
C,SD,mass,moving,y_half,33,0.0625,2.5e-05,0.01,completed,0.01,0.002,u,6.24626727230293e-07,1.977279780583993e-07,4.4870642124106297e-07,1.1983871428890358e-06
C,SD,mass,moving,y_half,33,0.0625,2.5e-05,0.01,completed,0.01,0.002,v,6.469626893657043e-07,1.655244749820658e-07,2.4438927181957837e-07,1.0649199280142137e-06
C,SD,mass,moving,y_half,33,0.0625,2.5e-05,0.01,completed,0.01,0.005,u,1.9806533557154005e-06,4.659540170146955e-07,1.824066868827412e-06,3.8000127316586047e-06
C,SD,mass,moving,y_half,33,0.0625,2.5e-05,0.01,completed,0.01,0.005,v,1.011037100262513e-06,3.7236935740523214e-07,7.464480508145854e-07,1.6641972925623388e-06
C,SD,mass,moving,y_half,33,0.0625,2.5e-05,0.01,completed,0.01,0.01,u,2.958000141145556e-05,3.755218473281093e-06,2.071110246548713e-05,5.6751163267239564e-05
C,SD,mass,moving,y_half,33,0.0625,2.5e-05,0.01,completed,0.01,0.01,v,1.7635918356018188e-05,3.1439653215122967e-06,1.3598050814911389e-05,2.9029248849834855e-05
C,SD,strong,frozen,main,33,0.125,2.5e-05,0.01,completed,0.01,0.0,u,2.408641672224654e-07,3.707291578969116e-08,0.0,4.62121682934486e-07
C,SD,strong,frozen,main,33,0.125,2.5e-05,0.01,completed,0.01,0.0,v,2.5458573837955356e-07,3.8951913166989064e-08,0.0,4.190612918158161e-07
C,SD,strong,frozen,main,33,0.125,2.5e-05,0.01,completed,0.01,0.001,u,8.602758543863054e-07,3.3551018952154054e-07,8.546215783944433e-07,1.6505241530996087e-06
C,SD,strong,frozen,main,33,0.125,2.5e-05,0.01,completed,0.01,0.001,v,4.972656930668506e-07,2.5949497452818195e-07,4.3125141824251756e-07,8.185250479412459e-07
C,SD,strong,frozen,main,33,0.125,2.5e-05,0.01,completed,0.01,0.002,u,1.7674687026181246e-06,6.671556918870675e-07,1.7471468953256242e-06,3.391063190538948e-06
C,SD,strong,frozen,main,33,0.125,2.5e-05,0.01,completed,0.01,0.002,v,9.67324291833993e-07,5.189351232074849e-07,9.232226066968607e-07,1.5922658115924093e-06
C,SD,strong,frozen,main,33,0.125,2.5e-05,0.01,completed,0.01,0.005,u,6.894585742045489e-06,1.7450908578465144e-06,6.63743769374614e-06,1.3227943379836211e-05
C,SD,strong,frozen,main,33,0.125,2.5e-05,0.01,completed,0.01,0.005,v,3.2066978062905704e-06,1.369858624906345e-06,3.1324034017732316e-06,5.278390430353322e-06
C,SD,strong,frozen,main,33,0.125,2.5e-05,0.01,completed,0.01,0.01,u,8.867780788779367e-05,1.1412283737648066e-05,6.626821266619842e-05,0.00017013712870872413
C,SD,strong,frozen,main,33,0.125,2.5e-05,0.01,completed,0.01,0.01,v,5.7586921465624386e-05,9.407899125805335e-06,4.3543759087438794e-05,9.479105096257287e-05
C,SD,strong,moving,combined,65,0.0625,1.25e-05,0.01,stopped,0.00725,0.0,u,1.5056967006543687e-08,1.7103555846292367e-09,0.0,2.8887773905476372e-08
C,SD,strong,moving,combined,65,0.0625,1.25e-05,0.01,stopped,0.00725,0.0,v,1.583762271328837e-08,1.7999843899270848e-09,0.0,2.6069200460828594e-08
C,SD,strong,moving,combined,65,0.0625,1.25e-05,0.01,stopped,0.00725,0.001,u,2.7840274124946163e-07,8.561526173620059e-08,2.7698159760225494e-07,5.341338292356013e-07
C,SD,strong,moving,combined,65,0.0625,1.25e-05,0.01,stopped,0.00725,0.001,v,1.3588014474708032e-07,6.668217239875858e-08,1.3588966074618014e-07,2.2366278046805149e-07
C,SD,strong,moving,combined,65,0.0625,1.25e-05,0.01,stopped,0.00725,0.002,u,1.7118997604481656e-06,2.1231695971404728e-07,1.3741019396773524e-06,3.284391418748128e-06
C,SD,strong,moving,combined,65,0.0625,1.25e-05,0.01,stopped,0.00725,0.002,v,9.365842983388717e-07,1.7170444195271936e-07,6.968155337183646e-07,1.5416457547870856e-06
C,SD,strong,moving,combined,65,0.0625,1.25e-05,0.01,stopped,0.00725,0.005,u,0.0013852274911070328,0.0001413580256221075,0.0013739917759543196,0.002657649349524338
C,SD,strong,moving,combined,65,0.0625,1.25e-05,0.01,stopped,0.00725,0.005,v,0.0009186848280285931,0.00011477320176312335,0.0008980151009223558,0.0015121826915415024
C,SD,strong,moving,combined,65,0.0625,1.25e-05,0.01,stopped,0.00725,0.00725,u,0.5729583639124102,0.05037865993303445,0.5735290994852046,1.0992580156920153
C,SD,strong,moving,combined,65,0.0625,1.25e-05,0.01,stopped,0.00725,0.00725,v,0.5284155360957652,0.03994424660448426,0.5292496813547438,0.8697877696971938
C,SD,strong,moving,main,33,0.125,2.5e-05,0.01,completed,0.01,0.0,u,2.408641672224654e-07,3.707291578969116e-08,0.0,4.62121682934486e-07
C,SD,strong,moving,main,33,0.125,2.5e-05,0.01,completed,0.01,0.0,v,2.5458573837955356e-07,3.8951913166989064e-08,0.0,4.190612918158161e-07
C,SD,strong,moving,main,33,0.125,2.5e-05,0.01,completed,0.01,0.001,u,8.604028906011862e-07,3.3556861625520863e-07,8.547388895552288e-07,1.650767884618877e-06
C,SD,strong,moving,main,33,0.125,2.5e-05,0.01,completed,0.01,0.001,v,4.970704711726448e-07,2.595592367485292e-07,4.3117334058706547e-07,8.182037026070674e-07
C,SD,strong,moving,main,33,0.125,2.5e-05,0.01,completed,0.01,0.002,u,1.7668140735449533e-06,6.672505244233272e-07,1.746789318746167e-06,3.3898072200370662e-06
C,SD,strong,moving,main,33,0.125,2.5e-05,0.01,completed,0.01,0.002,v,9.670620934598695e-07,5.190656554595164e-07,9.232222235588949e-07,1.5918342195084551e-06
C,SD,strong,moving,main,33,0.125,2.5e-05,0.01,completed,0.01,0.005,u,6.8348773583637445e-06,1.743539654023262e-06,6.582729868365167e-06,1.3113386951329263e-05
C,SD,strong,moving,main,33,0.125,2.5e-05,0.01,completed,0.01,0.005,v,3.1834257446794467e-06,1.3688989805619998e-06,3.1435223349918218e-06,5.240083413377237e-06
C,SD,strong,moving,main,33,0.125,2.5e-05,0.01,completed,0.01,0.01,u,8.328557620107535e-05,1.0815213519167444e-05,6.214265954851417e-05,0.00015979159989647283
C,SD,strong,moving,main,33,0.125,2.5e-05,0.01,completed,0.01,0.01,v,5.3957795542736164e-05,8.935288986501497e-06,4.063991667613287e-05,8.881732200553109e-05
C,SD,strong,moving,time_half,33,0.125,1.25e-05,0.01,completed,0.01,0.0,u,2.408641672224654e-07,3.707291578969116e-08,0.0,4.62121682934486e-07
C,SD,strong,moving,time_half,33,0.125,1.25e-05,0.01,completed,0.01,0.0,v,2.5458573837955356e-07,3.8951913166989064e-08,0.0,4.190612918158161e-07
C,SD,strong,moving,time_half,33,0.125,1.25e-05,0.01,completed,0.01,0.001,u,8.604028889913629e-07,3.355686161292387e-07,8.547388879454054e-07,1.6507678815302718e-06
C,SD,strong,moving,time_half,33,0.125,1.25e-05,0.01,completed,0.01,0.001,v,4.970704713391783e-07,2.595592365515561e-07,4.311733291517683e-07,8.182037028811901e-07
C,SD,strong,moving,time_half,33,0.125,1.25e-05,0.01,completed,0.01,0.002,u,1.7668140643856134e-06,6.672505243282511e-07,1.746789305923091e-06,3.3898072024639684e-06
C,SD,strong,moving,time_half,33,0.125,1.25e-05,0.01,completed,0.01,0.002,v,9.670620935708918e-07,5.190656552656926e-07,9.232222250021849e-07,1.5918342196912035e-06
C,SD,strong,moving,time_half,33,0.125,1.25e-05,0.01,completed,0.01,0.005,u,6.834877254224825e-06,1.7435396507359708e-06,6.582729789483821e-06,1.3113386751528465e-05
C,SD,strong,moving,time_half,33,0.125,1.25e-05,0.01,completed,0.01,0.005,v,3.1834257545049205e-06,1.3688989776316307e-06,3.1435223392106693e-06,5.240083429550476e-06
C,SD,strong,moving,time_half,33,0.125,1.25e-05,0.01,completed,0.01,0.01,u,8.328557413966875e-05,1.081521323946502e-05,6.214265821680165e-05,0.00015979159594146076
C,SD,strong,moving,time_half,33,0.125,1.25e-05,0.01,completed,0.01,0.01,v,5.395779392813882e-05,8.935288759822302e-06,4.063991552316626e-05,8.881731934782035e-05
C,SD,strong,moving,x_half,65,0.125,1.25e-05,0.01,stopped,0.006625000000000001,0.0,u,1.504733426749283e-08,1.710573585701561e-09,0.0,2.8869796265498538e-08
C,SD,strong,moving,x_half,65,0.125,1.25e-05,0.01,stopped,0.006625000000000001,0.0,v,1.5840785294596316e-08,1.8002286003834483e-09,0.0,2.6074751834817042e-08
C,SD,strong,moving,x_half,65,0.125,1.25e-05,0.01,stopped,0.006625000000000001,0.001,u,1.0827149103387335e-06,3.35321988618182e-07,1.079031385575746e-06,2.0772954411349623e-06
C,SD,strong,moving,x_half,65,0.125,1.25e-05,0.01,stopped,0.006625000000000001,0.001,v,5.405181343065557e-07,2.647902878115062e-07,5.404739285008731e-07,8.897208031138152e-07
C,SD,strong,moving,x_half,65,0.125,1.25e-05,0.01,stopped,0.006625000000000001,0.002,u,6.673180588057104e-06,8.313753971609867e-07,5.369132069221738e-06,1.2803155734785708e-05
C,SD,strong,moving,x_half,65,0.125,1.25e-05,0.01,stopped,0.006625000000000001,0.002,v,3.716407946829925e-06,6.799077901893032e-07,2.80382179829175e-06,6.1173996824253854e-06
C,SD,strong,moving,x_half,65,0.125,1.25e-05,0.01,stopped,0.006625000000000001,0.005,u,0.0054528554972047005,0.000554325105077229,0.005400407034222565,0.010461841577453909
C,SD,strong,moving,x_half,65,0.125,1.25e-05,0.01,stopped,0.006625000000000001,0.005,v,0.0036597497036632287,0.0004540843079776327,0.003574895718250315,0.0060241372839714225
C,SD,strong,moving,x_half,65,0.125,1.25e-05,0.01,stopped,0.006625000000000001,0.006625000000000001,u,0.5848271291335926,0.04893930976245532,0.5845759801054881,1.1220485813954335
C,SD,strong,moving,x_half,65,0.125,1.25e-05,0.01,stopped,0.006625000000000001,0.006625000000000001,v,0.4972291739705079,0.03878905047163791,0.49691680597083865,0.818464935620003
C,SD,strong,moving,y_half,33,0.0625,2.5e-05,0.01,completed,0.01,0.0,u,2.4083323535428747e-07,3.7067774974076526e-08,0.0,4.6205428017578157e-07
C,SD,strong,moving,y_half,33,0.0625,2.5e-05,0.01,completed,0.01,0.0,v,2.5583114904303983e-07,3.894640580021926e-08,0.0,4.2110571954282723e-07
C,SD,strong,moving,y_half,33,0.0625,2.5e-05,0.01,completed,0.01,0.001,u,2.502183911179401e-07,9.502262330221693e-08,2.1716827780515757e-07,4.800603140370665e-07
C,SD,strong,moving,y_half,33,0.0625,2.5e-05,0.01,completed,0.01,0.001,v,2.7779497646651663e-07,7.30059558769766e-08,1.1201458605114567e-07,4.5725883610300674e-07
C,SD,strong,moving,y_half,33,0.0625,2.5e-05,0.01,completed,0.01,0.002,u,4.534462593741573e-07,1.7557936252095523e-07,4.5343875204606476e-07,8.699662430947657e-07
C,SD,strong,moving,y_half,33,0.0625,2.5e-05,0.01,completed,0.01,0.002,v,3.362356748581874e-07,1.3290720867320111e-07,2.403963290653621e-07,5.534539727736771e-07
C,SD,strong,moving,y_half,33,0.0625,2.5e-05,0.01,completed,0.01,0.005,u,1.773487727951828e-06,4.461689284426038e-07,1.686388203914202e-06,3.4025519539854317e-06
C,SD,strong,moving,y_half,33,0.0625,2.5e-05,0.01,completed,0.01,0.005,v,1.022644546266882e-06,3.4446689697539e-07,8.354541475297239e-07,1.6833034956967432e-06
C,SD,strong,moving,y_half,33,0.0625,2.5e-05,0.01,completed,0.01,0.01,u,2.0924633924057634e-05,2.8997899596048254e-06,1.5364845045551245e-05,4.0145275844088635e-05
C,SD,strong,moving,y_half,33,0.0625,2.5e-05,0.01,completed,0.01,0.01,v,1.6061494239272278e-05,2.3375131356444353e-06,1.1670808803820876e-05,2.643769968536495e-05
D,FD,mass,frozen,main,33,0.125,2.5e-05,0.01,completed,0.01,0.0,u,0.00011372998587305672,2.0450439663050984e-05,0.0,6.502967750533402e-05
D,FD,mass,frozen,main,33,0.125,2.5e-05,0.01,completed,0.01,0.0,v,0.00011756127848439046,1.980431281709606e-05,0.0,4.6350451215919e-05
D,FD,mass,frozen,main,33,0.125,2.5e-05,0.01,completed,0.01,0.001,u,0.00011158904846939044,2.01152270834684e-05,1.0795046944095388e-05,6.380551074007192e-05
D,FD,mass,frozen,main,33,0.125,2.5e-05,0.01,completed,0.01,0.001,v,0.00011908833297646915,2.3467940739738625e-05,2.556300124068045e-05,4.695251735241939e-05
D,FD,mass,frozen,main,33,0.125,2.5e-05,0.01,completed,0.01,0.002,u,0.00010939131247161837,2.044805791009637e-05,2.1078135505503415e-05,6.254886710224975e-05
D,FD,mass,frozen,main,33,0.125,2.5e-05,0.01,completed,0.01,0.002,v,0.00012091059762142642,3.203339364713145e-05,5.4453122383613106e-05,4.7670974905939454e-05
D,FD,mass,frozen,main,33,0.125,2.5e-05,0.01,completed,0.01,0.005,u,0.00016685305687347274,3.014734921458585e-05,0.00016677167077183697,9.54049224218853e-05
D,FD,mass,frozen,main,33,0.125,2.5e-05,0.01,completed,0.01,0.005,v,0.00026233952398557747,6.958524461896443e-05,0.00024222406608354063,0.00010343163552883139
D,FD,mass,frozen,main,33,0.125,2.5e-05,0.01,completed,0.01,0.01,u,0.004824163340121812,0.0009748845271496217,0.0043262446069392,0.002758408733043701
D,FD,mass,frozen,main,33,0.125,2.5e-05,0.01,completed,0.01,0.01,v,0.009173879957118825,0.0012143794056887751,0.00914057665659751,0.0036169517794891293
D,FD,mass,moving,combined,65,0.0625,1.25e-05,0.01,stopped,0.00575,0.0,u,8.951089792319511e-06,1.2092237566938464e-06,0.0,5.1151140729395905e-06
D,FD,mass,moving,combined,65,0.0625,1.25e-05,0.01,stopped,0.00575,0.0,v,9.352822128660954e-06,1.2190673193943574e-06,0.0,3.6855578128763705e-06
D,FD,mass,moving,combined,65,0.0625,1.25e-05,0.01,stopped,0.00575,0.001,u,8.903753374589485e-06,1.4432611820400996e-06,4.342597303530482e-06,5.088063603989858e-06
D,FD,mass,moving,combined,65,0.0625,1.25e-05,0.01,stopped,0.00575,0.001,v,9.88368361642955e-06,3.3779962525706174e-06,9.729590720208847e-06,3.894748223736974e-06
D,FD,mass,moving,combined,65,0.0625,1.25e-05,0.01,stopped,0.00575,0.002,u,6.381514303233082e-05,4.427180925597982e-06,4.9620703092445595e-05,3.646726194964714e-05
D,FD,mass,moving,combined,65,0.0625,1.25e-05,0.01,stopped,0.00575,0.002,v,0.0001042244667135428,1.05841296265539e-05,9.026559885239038e-05,4.107052313246186e-05
D,FD,mass,moving,combined,65,0.0625,1.25e-05,0.01,stopped,0.00575,0.005,u,0.38033458605671244,0.04569795219973358,0.3743378173308385,0.2173427860408285
D,FD,mass,moving,combined,65,0.0625,1.25e-05,0.01,stopped,0.00575,0.005,v,0.7846735979365316,0.08386238312204679,0.7694742029448416,0.3092071964643295
D,FD,mass,moving,combined,65,0.0625,1.25e-05,0.01,stopped,0.00575,0.00575,u,229.85283457805716,23.18322400495051,15.225773212065114,131.34975697195063
D,FD,mass,moving,combined,65,0.0625,1.25e-05,0.01,stopped,0.00575,0.00575,v,304.71663217111194,26.453720916889647,19.518356127465808,120.07613840640893
D,FD,mass,moving,main,33,0.125,2.5e-05,0.01,completed,0.01,0.0,u,0.00011372998587305672,2.0450439663050984e-05,0.0,6.502967750533402e-05
D,FD,mass,moving,main,33,0.125,2.5e-05,0.01,completed,0.01,0.0,v,0.00011756127848439046,1.980431281709606e-05,0.0,4.6350451215919e-05
D,FD,mass,moving,main,33,0.125,2.5e-05,0.01,completed,0.01,0.001,u,0.000111918601116201,2.017609296297242e-05,1.0985748171682408e-05,6.399394567373171e-05
D,FD,mass,moving,main,33,0.125,2.5e-05,0.01,completed,0.01,0.001,v,0.00011965898955690335,2.355633274948921e-05,2.555686991501105e-05,4.7177508015445993e-05
D,FD,mass,moving,main,33,0.125,2.5e-05,0.01,completed,0.01,0.002,u,0.00011005505966180107,2.0571723039037497e-05,2.1497261157715775e-05,6.292839115996686e-05
D,FD,mass,moving,main,33,0.125,2.5e-05,0.01,completed,0.01,0.002,v,0.0001220594579119938,3.216957021020373e-05,5.44686941865713e-05,4.812393181095406e-05
D,FD,mass,moving,main,33,0.125,2.5e-05,0.01,completed,0.01,0.005,u,0.00016695034795510821,3.0400238310819463e-05,0.0001669158784463054,9.546055249705266e-05
D,FD,mass,moving,main,33,0.125,2.5e-05,0.01,completed,0.01,0.005,v,0.0002603071010995883,6.972563250699822e-05,0.00024133812338833494,0.0001026303196615523
D,FD,mass,moving,main,33,0.125,2.5e-05,0.01,completed,0.01,0.01,u,0.004758591007333779,0.0009603804929945467,0.004283993992085122,0.0027209151237572483
D,FD,mass,moving,main,33,0.125,2.5e-05,0.01,completed,0.01,0.01,v,0.008529733671782225,0.0011636512581548587,0.008477834166037646,0.003362986601844572
D,FD,mass,moving,time_half,33,0.125,1.25e-05,0.01,completed,0.01,0.0,u,0.00011372998587305672,2.0450439663050984e-05,0.0,6.502967750533402e-05
D,FD,mass,moving,time_half,33,0.125,1.25e-05,0.01,completed,0.01,0.0,v,0.00011756127848439046,1.980431281709606e-05,0.0,4.6350451215919e-05
D,FD,mass,moving,time_half,33,0.125,1.25e-05,0.01,completed,0.01,0.001,u,0.00011191860111650631,2.0176092963004378e-05,1.0985748171682408e-05,6.39939456739063e-05
D,FD,mass,moving,time_half,33,0.125,1.25e-05,0.01,completed,0.01,0.001,v,0.00011965898955723642,2.3556332749544203e-05,2.5556869905685176e-05,4.717750801557731e-05
D,FD,mass,moving,time_half,33,0.125,1.25e-05,0.01,completed,0.01,0.002,u,0.00011005505966155127,2.057172303895973e-05,2.1497261157604752e-05,6.292839115982403e-05
D,FD,mass,moving,time_half,33,0.125,1.25e-05,0.01,completed,0.01,0.002,v,0.00012205945791232686,3.2169570210167396e-05,5.446869419589717e-05,4.812393181108538e-05
D,FD,mass,moving,time_half,33,0.125,1.25e-05,0.01,completed,0.01,0.005,u,0.00016695034817715282,3.0400238341199967e-05,0.00016691587867168067,9.546055262401557e-05
D,FD,mass,moving,time_half,33,0.125,1.25e-05,0.01,completed,0.01,0.005,v,0.00026030710144020475,6.972563252369453e-05,0.00024133812347271189,0.00010263031979584588
D,FD,mass,moving,time_half,33,0.125,1.25e-05,0.01,completed,0.01,0.01,u,0.004758591022766323,0.0009603805109766177,0.0042839940599521675,0.0027209151325814237
D,FD,mass,moving,time_half,33,0.125,1.25e-05,0.01,completed,0.01,0.01,v,0.008529733735865186,0.001163651274241465,0.0084778342270444,0.0033629866271103243
D,FD,mass,moving,x_half,65,0.125,1.25e-05,0.01,stopped,0.005262500000000001,0.0,u,8.941770147291583e-06,1.2098994938917809e-06,0.0,5.112815450924546e-06
D,FD,mass,moving,x_half,65,0.125,1.25e-05,0.01,stopped,0.005262500000000001,0.0,v,9.352473154811136e-06,1.219609839367969e-06,0.0,3.6873650601530647e-06
D,FD,mass,moving,x_half,65,0.125,1.25e-05,0.01,stopped,0.005262500000000001,0.001,u,1.4588933797909931e-05,3.3544674526310386e-06,1.3009191056401193e-05,8.341807595788212e-06
D,FD,mass,moving,x_half,65,0.125,1.25e-05,0.01,stopped,0.005262500000000001,0.001,v,4.142696184716854e-05,1.2675593967373307e-05,3.953056632211016e-05,1.6333255293543596e-05
D,FD,mass,moving,x_half,65,0.125,1.25e-05,0.01,stopped,0.005262500000000001,0.002,u,0.0002340539374223738,1.4933430209877243e-05,0.00021975415406627619,0.00013382971915972433
D,FD,mass,moving,x_half,65,0.125,1.25e-05,0.01,stopped,0.005262500000000001,0.002,v,0.0004808207656923358,4.4214269839346757e-05,0.0004099857257418016,0.00018957142803429578
D,FD,mass,moving,x_half,65,0.125,1.25e-05,0.01,stopped,0.005262500000000001,0.005,u,1.8605024220182362,0.16332300090211965,1.7385084589823565,1.0638168252019582
D,FD,mass,moving,x_half,65,0.125,1.25e-05,0.01,stopped,0.005262500000000001,0.005,v,4.097848644330351,0.4524453467109951,4.0343709935665935,1.6156436551893505
D,FD,mass,moving,x_half,65,0.125,1.25e-05,0.01,stopped,0.005262500000000001,0.005262500000000001,u,18.78004099529993,1.5648596591481272,10.1425100455108,10.738241107533893
D,FD,mass,moving,x_half,65,0.125,1.25e-05,0.01,stopped,0.005262500000000001,0.005262500000000001,v,43.19036081581413,3.753588951328467,18.99496884513497,17.02850409420428
D,FD,mass,moving,y_half,33,0.0625,2.5e-05,0.01,completed,0.01,0.0,u,0.00011374005535280673,2.0440828178194837e-05,0.0,6.499693012701961e-05
D,FD,mass,moving,y_half,33,0.0625,2.5e-05,0.01,completed,0.01,0.0,v,0.00011756871539925218,1.9819051536932217e-05,0.0,4.632893597556195e-05
D,FD,mass,moving,y_half,33,0.0625,2.5e-05,0.01,completed,0.01,0.001,u,0.00011193703500328445,1.9980280838766212e-05,1.1450314129357597e-05,6.396659136630787e-05
D,FD,mass,moving,y_half,33,0.0625,2.5e-05,0.01,completed,0.01,0.001,v,0.00011959826236995763,2.0457013439170537e-05,1.2446334896276667e-05,4.712869594015715e-05
D,FD,mass,moving,y_half,33,0.0625,2.5e-05,0.01,completed,0.01,0.002,u,0.00011006387491879766,1.9891289687677095e-05,2.237014676087501e-05,6.28961711458283e-05
D,FD,mass,moving,y_half,33,0.0625,2.5e-05,0.01,completed,0.01,0.002,v,0.00012195432975792286,2.1696308026717695e-05,2.443715188704676e-05,4.805712400710058e-05
D,FD,mass,moving,y_half,33,0.0625,2.5e-05,0.01,completed,0.01,0.005,u,0.00014763750945934184,2.7784145376517594e-05,0.00012475549855572865,8.436768257840698e-05
D,FD,mass,moving,y_half,33,0.0625,2.5e-05,0.01,completed,0.01,0.005,v,0.00013097050617161266,3.200571497941408e-05,0.00010651466128797082,5.161002375934933e-05
D,FD,mass,moving,y_half,33,0.0625,2.5e-05,0.01,completed,0.01,0.01,u,0.006600202701200875,0.001210876494332954,0.006399925151521435,0.003771696017409518
D,FD,mass,moving,y_half,33,0.0625,2.5e-05,0.01,completed,0.01,0.01,v,0.006490146466263891,0.0013400210322542215,0.006234094191452932,0.002557496516709172
D,FD,strong,frozen,main,33,0.125,2.5e-05,0.01,completed,0.01,0.0,u,2.380613298913481e-05,3.358297359784458e-06,0.0,1.3612110641256002e-05
D,FD,strong,frozen,main,33,0.125,2.5e-05,0.01,completed,0.01,0.0,v,1.830209097586355e-05,3.093566671211706e-06,0.0,7.215897835261392e-06
D,FD,strong,frozen,main,33,0.125,2.5e-05,0.01,completed,0.01,0.001,u,2.2571934281234718e-05,4.862108213707651e-06,8.589218894350381e-06,1.2906408065667651e-05
D,FD,strong,frozen,main,33,0.125,2.5e-05,0.01,completed,0.01,0.001,v,3.62495455092926e-05,1.2848813015615144e-05,2.983925686050881e-05,1.429197446972979e-05
D,FD,strong,frozen,main,33,0.125,2.5e-05,0.01,completed,0.01,0.002,u,2.8921973300954917e-05,7.511409145562771e-06,1.793312422293525e-05,1.6537297372728754e-05
D,FD,strong,frozen,main,33,0.125,2.5e-05,0.01,completed,0.01,0.002,v,7.244823595664585e-05,2.5550245831982596e-05,6.372498672835292e-05,2.8563898501952508e-05
D,FD,strong,frozen,main,33,0.125,2.5e-05,0.01,completed,0.01,0.005,u,0.0001545006958494355,1.9527856028234382e-05,0.0001546184046925525,8.83419649471592e-05
D,FD,strong,frozen,main,33,0.125,2.5e-05,0.01,completed,0.01,0.005,v,0.00031386440900726953,6.866950018240673e-05,0.00030920327346350973,0.00012374616170949786
D,FD,strong,frozen,main,33,0.125,2.5e-05,0.01,completed,0.01,0.01,u,0.0037675582025111787,0.0003142751135539114,0.0029106710237649658,0.002154252398882259
D,FD,strong,frozen,main,33,0.125,2.5e-05,0.01,completed,0.01,0.01,v,0.007171889965253531,0.0007960330281809186,0.005280852919741452,0.0028276345770139005
D,FD,strong,moving,combined,65,0.0625,1.25e-05,0.01,stopped,0.0066500000000000005,0.0,u,1.3742006226280523e-06,1.605239198711324e-07,0.0,7.852890661289647e-07
D,FD,strong,moving,combined,65,0.0625,1.25e-05,0.01,stopped,0.0066500000000000005,0.0,v,1.2104715909622143e-06,1.5514444719542562e-07,0.0,4.769964581775276e-07
D,FD,strong,moving,combined,65,0.0625,1.25e-05,0.01,stopped,0.0066500000000000005,0.001,u,3.614642052340855e-06,8.342817267272884e-07,3.5897218151337285e-06,2.065592778036113e-06
D,FD,strong,moving,combined,65,0.0625,1.25e-05,0.01,stopped,0.0066500000000000005,0.001,v,1.0547278959993633e-05,3.1764574709588604e-06,1.0538094960210742e-05,4.156243521029786e-06
D,FD,strong,moving,combined,65,0.0625,1.25e-05,0.01,stopped,0.0066500000000000005,0.002,u,4.440844404740574e-05,2.73020721923628e-06,3.429655935782705e-05,2.5377273871070463e-05
D,FD,strong,moving,combined,65,0.0625,1.25e-05,0.01,stopped,0.0066500000000000005,0.002,v,8.91929966670979e-05,8.698526092269914e-06,7.024819070267085e-05,3.514724659554095e-05
D,FD,strong,moving,combined,65,0.0625,1.25e-05,0.01,stopped,0.0066500000000000005,0.005,u,0.11219051582728046,0.006271871858690018,0.11181057576379683,0.06411144337428962
D,FD,strong,moving,combined,65,0.0625,1.25e-05,0.01,stopped,0.0066500000000000005,0.005,v,0.23926239067802957,0.018527741055627035,0.24203739535471502,0.09428334690431456
D,FD,strong,moving,combined,65,0.0625,1.25e-05,0.01,stopped,0.0066500000000000005,0.0066500000000000005,u,451.51565902353013,17.641645033061195,43.46229195709932,258.0193200168282
D,FD,strong,moving,combined,65,0.0625,1.25e-05,0.01,stopped,0.0066500000000000005,0.0066500000000000005,v,744.6795088115551,42.368930142817476,86.9036202030729,293.44719102257795
D,FD,strong,moving,main,33,0.125,2.5e-05,0.01,completed,0.01,0.0,u,2.380613298913481e-05,3.358297359784458e-06,0.0,1.3612110641256002e-05
D,FD,strong,moving,main,33,0.125,2.5e-05,0.01,completed,0.01,0.0,v,1.830209097586355e-05,3.093566671211706e-06,0.0,7.215897835261392e-06
D,FD,strong,moving,main,33,0.125,2.5e-05,0.01,completed,0.01,0.001,u,2.261759185229195e-05,4.870737282111277e-06,8.582241451282613e-06,1.2932514611788591e-05
D,FD,strong,moving,main,33,0.125,2.5e-05,0.01,completed,0.01,0.001,v,3.6269942560895885e-05,1.284982574414097e-05,2.9838748538679738e-05,1.4300016339956745e-05
D,FD,strong,moving,main,33,0.125,2.5e-05,0.01,completed,0.01,0.002,u,2.9014059459209207e-05,7.523884701881055e-06,1.795873119792013e-05,1.6589951324349442e-05
D,FD,strong,moving,main,33,0.125,2.5e-05,0.01,completed,0.01,0.002,v,7.251820005738097e-05,2.5552356532926323e-05,6.378445191401738e-05,2.859148298963243e-05
D,FD,strong,moving,main,33,0.125,2.5e-05,0.01,completed,0.01,0.005,u,0.0001548445739665283,1.9562799391832372e-05,0.00015502105794373833,8.85385910425906e-05
D,FD,strong,moving,main,33,0.125,2.5e-05,0.01,completed,0.01,0.005,v,0.00031336161726835954,6.867946916847661e-05,0.00030882622122296866,0.00012354792786697285
D,FD,strong,moving,main,33,0.125,2.5e-05,0.01,completed,0.01,0.01,u,0.003712054061231207,0.00031088945847626364,0.0028524704219519137,0.002122515681604585
D,FD,strong,moving,main,33,0.125,2.5e-05,0.01,completed,0.01,0.01,v,0.007003924299230135,0.0007806808425268749,0.0051373593337742385,0.0027614113740227863
D,FD,strong,moving,time_half,33,0.125,1.25e-05,0.01,completed,0.01,0.0,u,2.380613298913481e-05,3.358297359784458e-06,0.0,1.3612110641256002e-05
D,FD,strong,moving,time_half,33,0.125,1.25e-05,0.01,completed,0.01,0.0,v,1.830209097586355e-05,3.093566671211706e-06,0.0,7.215897835261392e-06
D,FD,strong,moving,time_half,33,0.125,1.25e-05,0.01,completed,0.01,0.001,u,2.2617591851403773e-05,4.870737282054285e-06,8.582241454169193e-06,1.2932514611280739e-05
D,FD,strong,moving,time_half,33,0.125,1.25e-05,0.01,completed,0.01,0.001,v,3.626994256400451e-05,1.2849825744163378e-05,2.9838748534238846e-05,1.4300016341182371e-05
D,FD,strong,moving,time_half,33,0.125,1.25e-05,0.01,completed,0.01,0.002,u,2.901405945987534e-05,7.523884701632788e-06,1.79587311848195e-05,1.6589951324730333e-05
D,FD,strong,moving,time_half,33,0.125,1.25e-05,0.01,completed,0.01,0.002,v,7.251820005738097e-05,2.55523565328703e-05,6.378445193222504e-05,2.859148298963243e-05
D,FD,strong,moving,time_half,33,0.125,1.25e-05,0.01,completed,0.01,0.005,u,0.00015484457413661445,1.9562799395924147e-05,0.00015502105809206412,8.853859113984419e-05
D,FD,strong,moving,time_half,33,0.125,1.25e-05,0.01,completed,0.01,0.005,v,0.0003133616176613785,6.867946917637159e-05,0.0003088262215040771,0.000123547928021927
D,FD,strong,moving,time_half,33,0.125,1.25e-05,0.01,completed,0.01,0.01,u,0.0037120540730672946,0.0003108894598127817,0.002852470445225297,0.002122515688372343
D,FD,strong,moving,time_half,33,0.125,1.25e-05,0.01,completed,0.01,0.01,v,0.007003924330160061,0.0007806808463954686,0.005137359379364881,0.0027614113862174136
D,FD,strong,moving,x_half,65,0.125,1.25e-05,0.01,stopped,0.0061,0.0,u,1.2890563572121039e-06,1.6051553154354792e-07,0.0,7.370696351731707e-07
D,FD,strong,moving,x_half,65,0.125,1.25e-05,0.01,stopped,0.0061,0.0,v,1.210964407416526e-06,1.5518278444501992e-07,0.0,4.774424658679312e-07
D,FD,strong,moving,x_half,65,0.125,1.25e-05,0.01,stopped,0.0061,0.001,u,1.1914341409680063e-05,3.1549174635954e-06,1.0962207438680593e-05,6.812502205220904e-06
D,FD,strong,moving,x_half,65,0.125,1.25e-05,0.01,stopped,0.0061,0.001,v,3.876297211791169e-05,1.2621855894109962e-05,3.80898611531677e-05,1.5282933898799457e-05
D,FD,strong,moving,x_half,65,0.125,1.25e-05,0.01,stopped,0.0061,0.002,u,0.0001520468090014937,1.0518727214954184e-05,0.00012954052653468828,8.693885679471162e-05
D,FD,strong,moving,x_half,65,0.125,1.25e-05,0.01,stopped,0.0061,0.002,v,0.0003291663716145088,3.3858478634302826e-05,0.00023618860796936758,0.000129779210009741
D,FD,strong,moving,x_half,65,0.125,1.25e-05,0.01,stopped,0.0061,0.005,u,0.4003257912664011,0.024636165579934272,0.3883989411644797,0.2289023154560077
D,FD,strong,moving,x_half,65,0.125,1.25e-05,0.01,stopped,0.0061,0.005,v,0.8890715138627865,0.06892369749912927,0.8911897411314107,0.35053094319854616
D,FD,strong,moving,x_half,65,0.125,1.25e-05,0.01,stopped,0.0061,0.0061,u,1557.757857582521,60.82229235951244,44.382366204167056,890.7104870571345
D,FD,strong,moving,x_half,65,0.125,1.25e-05,0.01,stopped,0.0061,0.0061,v,2262.3860432972665,131.76084540942026,89.03006560003374,891.9825922559136
D,FD,strong,moving,y_half,33,0.0625,2.5e-05,0.01,completed,0.01,0.0,u,2.4978478405213167e-05,3.3583309757479397e-06,0.0,1.4273990025298902e-05
D,FD,strong,moving,y_half,33,0.0625,2.5e-05,0.01,completed,0.01,0.0,v,1.831281111963623e-05,3.0931932382115098e-06,0.0,7.21631644109622e-06
D,FD,strong,moving,y_half,33,0.0625,2.5e-05,0.01,completed,0.01,0.001,u,2.5054829177362237e-05,3.737951989389118e-06,5.995266604497118e-06,1.4317620791849208e-05
D,FD,strong,moving,y_half,33,0.0625,2.5e-05,0.01,completed,0.01,0.001,v,1.806365254175546e-05,4.433963236586827e-06,1.214012266936848e-05,7.118133418825368e-06
D,FD,strong,moving,y_half,33,0.0625,2.5e-05,0.01,completed,0.01,0.002,u,2.4295849494926358e-05,4.471069565130364e-06,1.4993240608163205e-05,1.388390068125059e-05
D,FD,strong,moving,y_half,33,0.0625,2.5e-05,0.01,completed,0.01,0.002,v,3.374230405706058e-05,7.521552237535732e-06,2.7296428255496608e-05,1.329643722838063e-05
D,FD,strong,moving,y_half,33,0.0625,2.5e-05,0.01,completed,0.01,0.005,u,0.00011161212018251376,1.0850131232372728e-05,9.249621039431055e-05,6.378091829064989e-05
D,FD,strong,moving,y_half,33,0.0625,2.5e-05,0.01,completed,0.01,0.005,v,0.0001496156401992188,2.3713722890290168e-05,0.00013469664557597127,5.895729482280632e-05
D,FD,strong,moving,y_half,33,0.0625,2.5e-05,0.01,completed,0.01,0.01,u,0.0022784070107453314,0.00021708312121468252,0.0021187302393641527,0.0013019992017673267
D,FD,strong,moving,y_half,33,0.0625,2.5e-05,0.01,completed,0.01,0.01,v,0.003003735788977835,0.0004101718536929697,0.002773884945689531,0.0011836472192664896
D,SD,mass,frozen,main,33,0.125,2.5e-05,0.01,completed,0.01,0.0,u,0.00011372998587305672,2.0450439663050984e-05,0.0,6.502967750533402e-05
D,SD,mass,frozen,main,33,0.125,2.5e-05,0.01,completed,0.01,0.0,v,0.00011756127848439046,1.980431281709624e-05,2.220446049250313e-16,4.6350451215919e-05
D,SD,mass,frozen,main,33,0.125,2.5e-05,0.01,completed,0.01,0.001,u,0.0001103665096609252,2.298976683630809e-05,4.003054554524432e-05,6.310647517929213e-05
D,SD,mass,frozen,main,33,0.125,2.5e-05,0.01,completed,0.01,0.001,v,0.00011705401796435755,2.207623268388495e-05,2.019093424077134e-05,4.615045548355999e-05
D,SD,mass,frozen,main,33,0.125,2.5e-05,0.01,completed,0.01,0.002,u,0.00010681397337686249,3.067487707666296e-05,8.255224900333147e-05,6.107517017995398e-05
D,SD,mass,frozen,main,33,0.125,2.5e-05,0.01,completed,0.01,0.002,v,0.00011679889958171596,2.747895446181184e-05,3.92327544618265e-05,4.604987090076743e-05
D,SD,mass,frozen,main,33,0.125,2.5e-05,0.01,completed,0.01,0.005,u,0.00034762120814080255,6.862239612381936e-05,0.0003355132264366567,0.00019876635775408464
D,SD,mass,frozen,main,33,0.125,2.5e-05,0.01,completed,0.01,0.005,v,0.0004178437343451691,6.721343463000144e-05,0.0003069177780323784,0.00016474170640475572
D,SD,mass,frozen,main,33,0.125,2.5e-05,0.01,completed,0.01,0.01,u,0.022127565020481965,0.002411611632542406,0.022057312961232256,0.012652322131353989
D,SD,mass,frozen,main,33,0.125,2.5e-05,0.01,completed,0.01,0.01,v,0.029687286312990224,0.004077617909158942,0.028736426835546336,0.011704696765151104
D,SD,mass,moving,combined,65,0.0625,1.25e-05,0.01,stopped,0.004675,0.0,u,8.951089792319511e-06,1.2092237566938464e-06,0.0,5.1151140729395905e-06
D,SD,mass,moving,combined,65,0.0625,1.25e-05,0.01,stopped,0.004675,0.0,v,9.352822128660954e-06,1.219067319394209e-06,2.220446049250313e-16,3.6855578128763705e-06
D,SD,mass,moving,combined,65,0.0625,1.25e-05,0.01,stopped,0.004675,0.001,u,9.99680213431553e-06,3.358104495268212e-06,9.980929470021493e-06,5.712688004259116e-06
D,SD,mass,moving,combined,65,0.0625,1.25e-05,0.01,stopped,0.004675,0.001,v,8.974021860175263e-06,2.586360849449834e-06,5.77999996353995e-06,3.536288397738142e-06
D,SD,mass,moving,combined,65,0.0625,1.25e-05,0.01,stopped,0.004675,0.002,u,0.00011788237787069278,1.0072674426445708e-05,0.00011783471399162693,6.736406672127813e-05
D,SD,mass,moving,combined,65,0.0625,1.25e-05,0.01,stopped,0.004675,0.002,v,0.0001413504009875055,1.362041410650359e-05,0.00013029144027099093,5.5700308157928596e-05
D,SD,mass,moving,combined,65,0.0625,1.25e-05,0.01,stopped,0.004675,0.004675,u,0.5821432269413518,0.04454504408520283,0.581657962692057,0.33266664525577844
D,SD,mass,moving,combined,65,0.0625,1.25e-05,0.01,stopped,0.004675,0.004675,v,1.0930554183889343,0.08321920068179174,1.0925987780057893,0.43072763297883343
D,SD,mass,moving,main,33,0.125,2.5e-05,0.01,completed,0.01,0.0,u,0.00011372998587305672,2.0450439663050984e-05,0.0,6.502967750533402e-05
D,SD,mass,moving,main,33,0.125,2.5e-05,0.01,completed,0.01,0.0,v,0.00011756127848439046,1.980431281709624e-05,2.220446049250313e-16,4.6350451215919e-05
D,SD,mass,moving,main,33,0.125,2.5e-05,0.01,completed,0.01,0.001,u,0.00011069863262064272,2.3042324630204575e-05,4.0029015624387654e-05,6.329637979236975e-05
D,SD,mass,moving,main,33,0.125,2.5e-05,0.01,completed,0.01,0.001,v,0.00011762911802826181,2.216385292826217e-05,2.061464128177981e-05,4.63771980624084e-05
D,SD,mass,moving,main,33,0.125,2.5e-05,0.01,completed,0.01,0.002,u,0.00010748440732200049,3.0755040618742994e-05,8.254427954978993e-05,6.145851765780926e-05
D,SD,mass,moving,main,33,0.125,2.5e-05,0.01,completed,0.01,0.002,v,0.00011795910679368582,2.7617065344215522e-05,3.993333766605378e-05,4.650730151458902e-05
D,SD,mass,moving,main,33,0.125,2.5e-05,0.01,completed,0.01,0.005,u,0.0003466527576587719,6.862422300910212e-05,0.00033357134323153126,0.00019821260737732266
D,SD,mass,moving,main,33,0.125,2.5e-05,0.01,completed,0.01,0.005,v,0.0004126882302175616,6.701569314947652e-05,0.0003018446801936747,0.00016270906482718163
D,SD,mass,moving,main,33,0.125,2.5e-05,0.01,completed,0.01,0.01,u,0.021077094684199604,0.002331248820874056,0.020982044490821083,0.012051673615723204
D,SD,mass,moving,main,33,0.125,2.5e-05,0.01,completed,0.01,0.01,v,0.02838910297221231,0.003918917241981122,0.02746712846413324,0.011192866812450864
D,SD,mass,moving,time_half,33,0.125,1.25e-05,0.01,completed,0.01,0.0,u,0.00011372998587305672,2.0450439663050984e-05,0.0,6.502967750533402e-05
D,SD,mass,moving,time_half,33,0.125,1.25e-05,0.01,completed,0.01,0.0,v,0.00011756127848439046,1.980431281709624e-05,2.220446049250313e-16,4.6350451215919e-05
D,SD,mass,moving,time_half,33,0.125,1.25e-05,0.01,completed,0.01,0.001,u,0.00011069863262036517,2.3042324630217324e-05,4.002901563371353e-05,6.329637979221105e-05
D,SD,mass,moving,time_half,33,0.125,1.25e-05,0.01,completed,0.01,0.001,v,0.00011762911802792875,2.2163852928377938e-05,2.0614641282001855e-05,4.637719806227708e-05
D,SD,mass,moving,time_half,33,0.125,1.25e-05,0.01,completed,0.01,0.002,u,0.00010748440732183395,3.0755040618494834e-05,8.254427958931387e-05,6.145851765771404e-05
D,SD,mass,moving,time_half,33,0.125,1.25e-05,0.01,completed,0.01,0.002,v,0.00011795910679379684,2.7617065344978408e-05,3.993333766505458e-05,4.6507301514632794e-05
D,SD,mass,moving,time_half,33,0.125,1.25e-05,0.01,completed,0.01,0.005,u,0.0003466527593471991,6.862422307974295e-05,0.0003335713447225608,0.0001982126083427486
D,SD,mass,moving,time_half,33,0.125,1.25e-05,0.01,completed,0.01,0.005,v,0.00041268823255835585,6.701569334963687e-05,0.0003018446814082587,0.0001627090657500779
D,SD,mass,moving,time_half,33,0.125,1.25e-05,0.01,completed,0.01,0.01,u,0.021077094980372024,0.0023312488716007982,0.020982044784148002,0.012051673785071654
D,SD,mass,moving,time_half,33,0.125,1.25e-05,0.01,completed,0.01,0.01,v,0.02838910349531476,0.0039189173283021616,0.02746712898619963,0.011192867018692536
D,SD,mass,moving,x_half,65,0.125,1.25e-05,0.01,stopped,0.004200000000000001,0.0,u,8.941770147291583e-06,1.2098994938917809e-06,0.0,5.112815450924546e-06
D,SD,mass,moving,x_half,65,0.125,1.25e-05,0.01,stopped,0.004200000000000001,0.0,v,9.352473154811136e-06,1.219609839368128e-06,2.220446049250313e-16,3.6873650601530647e-06
D,SD,mass,moving,x_half,65,0.125,1.25e-05,0.01,stopped,0.004200000000000001,0.001,u,3.922934407674106e-05,1.247949425720396e-05,3.923456405630077e-05,2.243094971368162e-05
D,SD,mass,moving,x_half,65,0.125,1.25e-05,0.01,stopped,0.004200000000000001,0.001,v,2.856072882595484e-05,9.036846125025982e-06,2.219552668591973e-05,1.1260533104140094e-05
D,SD,mass,moving,x_half,65,0.125,1.25e-05,0.01,stopped,0.004200000000000001,0.002,u,0.0004098673059929059,3.6764881837441104e-05,0.00038505286883738776,0.0002343580589067241
D,SD,mass,moving,x_half,65,0.125,1.25e-05,0.01,stopped,0.004200000000000001,0.002,v,0.0005097636865478705,4.915791664286506e-05,0.00046249025053812787,0.00020098264657883374
D,SD,mass,moving,x_half,65,0.125,1.25e-05,0.01,stopped,0.004200000000000001,0.004200000000000001,u,0.7437166682456087,0.039737451130363206,0.7521107161124219,0.42524981182479027
D,SD,mass,moving,x_half,65,0.125,1.25e-05,0.01,stopped,0.004200000000000001,0.004200000000000001,v,1.1311488097904019,0.07367193987653954,1.1353042545727652,0.4459738648818481
D,SD,mass,moving,y_half,33,0.0625,2.5e-05,0.01,completed,0.01,0.0,u,0.00011374005535280673,2.0440828178194837e-05,0.0,6.499693012701961e-05
D,SD,mass,moving,y_half,33,0.0625,2.5e-05,0.01,completed,0.01,0.0,v,0.0001175687153993632,1.9819051536933258e-05,2.220446049250313e-16,4.6328935975605696e-05
D,SD,mass,moving,y_half,33,0.0625,2.5e-05,0.01,completed,0.01,0.001,u,0.000111611068242784,2.008197569515746e-05,1.1398088199721101e-05,6.378031715806822e-05
D,SD,mass,moving,y_half,33,0.0625,2.5e-05,0.01,completed,0.01,0.001,v,0.00011908341811095458,2.043944785549216e-05,1.958812170865798e-05,4.692581725230436e-05
D,SD,mass,moving,y_half,33,0.0625,2.5e-05,0.01,completed,0.01,0.002,u,0.00010937657731743822,2.044041442901543e-05,2.3855060905297876e-05,6.250341387106296e-05
D,SD,mass,moving,y_half,33,0.0625,2.5e-05,0.01,completed,0.01,0.002,v,0.00012091442885686643,2.1541128556549648e-05,3.777722231101954e-05,4.7647342356409186e-05
D,SD,mass,moving,y_half,33,0.0625,2.5e-05,0.01,completed,0.01,0.005,u,0.00016080381600480642,3.1575967965657784e-05,0.0001475407852966626,9.18915887688163e-05
D,SD,mass,moving,y_half,33,0.0625,2.5e-05,0.01,completed,0.01,0.005,v,0.00020282030286145059,3.563907731364922e-05,0.000156768215161307,7.992303729697803e-05
D,SD,mass,moving,y_half,33,0.0625,2.5e-05,0.01,completed,0.01,0.01,u,0.010846723175617967,0.0015475887651620595,0.010478748956304518,0.006198376694700351
D,SD,mass,moving,y_half,33,0.0625,2.5e-05,0.01,completed,0.01,0.01,v,0.015243431392654383,0.002267372806701932,0.01452148632829875,0.006006801678830354
D,SD,strong,frozen,main,33,0.125,2.5e-05,0.01,completed,0.01,0.0,u,2.380613298913481e-05,3.358297359784458e-06,0.0,1.3612110641256002e-05
D,SD,strong,frozen,main,33,0.125,2.5e-05,0.01,completed,0.01,0.0,v,1.830209097586355e-05,3.093566671210482e-06,2.220446049250313e-16,7.215897835261392e-06
D,SD,strong,frozen,main,33,0.125,2.5e-05,0.01,completed,0.01,0.001,u,4.0121147943716906e-05,1.2697300745698036e-05,3.99879568757644e-05,2.2940874316434854e-05
D,SD,strong,frozen,main,33,0.125,2.5e-05,0.01,completed,0.01,0.001,v,2.2266208340226967e-05,9.72414117190626e-06,1.989764978294062e-05,8.778815752452131e-06
D,SD,strong,frozen,main,33,0.125,2.5e-05,0.01,completed,0.01,0.002,u,8.187951070959265e-05,2.4976776884275114e-05,8.176616155841643e-05,4.681789182390799e-05
D,SD,strong,frozen,main,33,0.125,2.5e-05,0.01,completed,0.01,0.002,v,4.198724026904799e-05,1.834858884941246e-05,3.881521110260522e-05,1.6554154198314383e-05
D,SD,strong,frozen,main,33,0.125,2.5e-05,0.01,completed,0.01,0.005,u,0.0002739491211241063,6.390084462168659e-05,0.0002632958215269543,0.0001566413893645858
D,SD,strong,frozen,main,33,0.125,2.5e-05,0.01,completed,0.01,0.005,v,0.00022703162153536738,5.136162251377321e-05,0.0002262629418963158,8.951091919133267e-05
D,SD,strong,frozen,main,33,0.125,2.5e-05,0.01,completed,0.01,0.01,u,0.00614320561595072,0.0005608064255979133,0.006090582734069816,0.0035126240189648503
D,SD,strong,frozen,main,33,0.125,2.5e-05,0.01,completed,0.01,0.01,v,0.008501537156807348,0.000992650395772349,0.008507444411840925,0.00335186966599077
D,SD,strong,moving,combined,65,0.0625,1.25e-05,0.01,stopped,0.00545,0.0,u,1.3742006226280523e-06,1.605239198711324e-07,0.0,7.852890661289647e-07
D,SD,strong,moving,combined,65,0.0625,1.25e-05,0.01,stopped,0.00545,0.0,v,1.2104715909622143e-06,1.5514444719581462e-07,2.220446049250313e-16,4.769964581775276e-07
D,SD,strong,moving,combined,65,0.0625,1.25e-05,0.01,stopped,0.00545,0.001,u,9.931515378758249e-06,3.162749267389508e-06,9.93607864474555e-06,5.675379787061457e-06
D,SD,strong,moving,combined,65,0.0625,1.25e-05,0.01,stopped,0.00545,0.001,v,6.1165472793334175e-06,2.24735166328723e-06,4.947475904071297e-06,2.410276631274122e-06
D,SD,strong,moving,combined,65,0.0625,1.25e-05,0.01,stopped,0.00545,0.002,u,6.317911796505093e-05,7.474217724571016e-06,5.6703522099521564e-05,3.610380444359271e-05
D,SD,strong,moving,combined,65,0.0625,1.25e-05,0.01,stopped,0.00545,0.002,v,7.790635995563733e-05,8.211289775954168e-06,7.755572998169313e-05,3.069965296649625e-05
D,SD,strong,moving,combined,65,0.0625,1.25e-05,0.01,stopped,0.00545,0.005,u,0.18428606117293267,0.012131923713358733,0.18369991865841118,0.10531055400216302
D,SD,strong,moving,combined,65,0.0625,1.25e-05,0.01,stopped,0.00545,0.005,v,0.2525688218858009,0.021951283657015513,0.25469310030870185,0.09952685745382234
D,SD,strong,moving,combined,65,0.0625,1.25e-05,0.01,stopped,0.00545,0.00545,u,0.8128833260080621,0.05130303909425903,0.8002870437769936,0.46452343088877807
D,SD,strong,moving,combined,65,0.0625,1.25e-05,0.01,stopped,0.00545,0.00545,v,1.4234951847345307,0.0993348176005491,1.41085920270163,0.5609401876267016
D,SD,strong,moving,main,33,0.125,2.5e-05,0.01,completed,0.01,0.0,u,2.380613298913481e-05,3.358297359784458e-06,0.0,1.3612110641256002e-05
D,SD,strong,moving,main,33,0.125,2.5e-05,0.01,completed,0.01,0.0,v,1.830209097586355e-05,3.093566671210482e-06,2.220446049250313e-16,7.215897835261392e-06
D,SD,strong,moving,main,33,0.125,2.5e-05,0.01,completed,0.01,0.001,u,4.01616708320951e-05,1.2702425949621186e-05,3.999479497407421e-05,2.2964044901945696e-05
D,SD,strong,moving,main,33,0.125,2.5e-05,0.01,completed,0.01,0.001,v,2.222792374784177e-05,9.720667567264634e-06,1.989555675985244e-05,8.763721427564308e-06
D,SD,strong,moving,main,33,0.125,2.5e-05,0.01,completed,0.01,0.002,u,8.190039353928036e-05,2.4983041487000024e-05,8.177682749765935e-05,4.6829832418726195e-05
D,SD,strong,moving,main,33,0.125,2.5e-05,0.01,completed,0.01,0.002,v,4.1920824807917256e-05,1.833920192002667e-05,3.880281069035263e-05,1.6527968819669223e-05
D,SD,strong,moving,main,33,0.125,2.5e-05,0.01,completed,0.01,0.005,u,0.00027403333912423555,6.388137552981701e-05,0.0002627838643984859,0.00015668954438145764
D,SD,strong,moving,main,33,0.125,2.5e-05,0.01,completed,0.01,0.005,v,0.00022618366767046538,5.125145004756328e-05,0.00022551708313711671,8.917659955177799e-05
D,SD,strong,moving,main,33,0.125,2.5e-05,0.01,completed,0.01,0.01,u,0.005963362417146456,0.0005486636291560623,0.005900909309362712,0.003409791462273752
D,SD,strong,moving,main,33,0.125,2.5e-05,0.01,completed,0.01,0.01,v,0.008265679877092591,0.0009679758846623613,0.008269248151713704,0.0032588790871345714
D,SD,strong,moving,time_half,33,0.125,1.25e-05,0.01,completed,0.01,0.0,u,2.380613298913481e-05,3.358297359784458e-06,0.0,1.3612110641256002e-05
D,SD,strong,moving,time_half,33,0.125,1.25e-05,0.01,completed,0.01,0.0,v,1.830209097586355e-05,3.093566671210482e-06,2.220446049250313e-16,7.215897835261392e-06
D,SD,strong,moving,time_half,33,0.125,1.25e-05,0.01,completed,0.01,0.001,u,4.016167083498168e-05,1.2702425949514175e-05,3.9994794976294656e-05,2.2964044903596214e-05
D,SD,strong,moving,time_half,33,0.125,1.25e-05,0.01,completed,0.01,0.001,v,2.222792374828586e-05,9.720667567393491e-06,1.989555675985244e-05,8.763721427739397e-06
D,SD,strong,moving,time_half,33,0.125,1.25e-05,0.01,completed,0.01,0.002,u,8.190039354838419e-05,2.4983041486615302e-05,8.177682750565296e-05,4.682983242393167e-05
D,SD,strong,moving,time_half,33,0.125,1.25e-05,0.01,completed,0.01,0.002,v,4.192082480858339e-05,1.8339201920420785e-05,3.8802810687244005e-05,1.6527968819931858e-05
D,SD,strong,moving,time_half,33,0.125,1.25e-05,0.01,completed,0.01,0.005,u,0.00027403333947173536,6.388137553541191e-05,0.00026278386468314707,0.00015668954458015458
D,SD,strong,moving,time_half,33,0.125,1.25e-05,0.01,completed,0.01,0.005,v,0.00022618366825177816,5.1251450079912285e-05,0.00022551708372420265,8.917659978097004e-05
D,SD,strong,moving,time_half,33,0.125,1.25e-05,0.01,completed,0.01,0.01,u,0.005963362444819653,0.0005486636319816128,0.005900909336268523,0.0034097914780970113
D,SD,strong,moving,time_half,33,0.125,1.25e-05,0.01,completed,0.01,0.01,v,0.008265679926821257,0.0009679758902343474,0.00826924820187358,0.0032588791067409088
D,SD,strong,moving,x_half,65,0.125,1.25e-05,0.01,stopped,0.004837500000000001,0.0,u,1.2890563572121039e-06,1.6051553154354792e-07,0.0,7.370696351731707e-07
D,SD,strong,moving,x_half,65,0.125,1.25e-05,0.01,stopped,0.004837500000000001,0.0,v,1.210964407416526e-06,1.5518278444391938e-07,2.220446049250313e-16,4.774424658679312e-07
D,SD,strong,moving,x_half,65,0.125,1.25e-05,0.01,stopped,0.004837500000000001,0.001,u,3.933189412741456e-05,1.2439019646803189e-05,3.9332759809163065e-05,2.2489586815165983e-05
D,SD,strong,moving,x_half,65,0.125,1.25e-05,0.01,stopped,0.004837500000000001,0.001,v,2.292703782469374e-05,8.880034722557323e-06,1.971272518686007e-05,9.039358553421118e-06
D,SD,strong,moving,x_half,65,0.125,1.25e-05,0.01,stopped,0.004837500000000001,0.002,u,0.0002643298414024553,2.9430400959559863e-05,0.0001939862795110603,0.00015114118066122083
D,SD,strong,moving,x_half,65,0.125,1.25e-05,0.01,stopped,0.004837500000000001,0.002,v,0.0002977641109445095,3.21433269680218e-05,0.0002678604620087732,0.00011739835663676892
D,SD,strong,moving,x_half,65,0.125,1.25e-05,0.01,stopped,0.004837500000000001,0.004837500000000001,u,0.7121847486943929,0.04457574662547589,0.6921327383473201,0.4072201730817727
D,SD,strong,moving,x_half,65,0.125,1.25e-05,0.01,stopped,0.004837500000000001,0.004837500000000001,v,1.1302469122027525,0.08250535681097276,1.1095264840258587,0.44561827704989326
D,SD,strong,moving,y_half,33,0.0625,2.5e-05,0.01,completed,0.01,0.0,u,2.4978478405213167e-05,3.3583309757479397e-06,0.0,1.4273990025298902e-05
D,SD,strong,moving,y_half,33,0.0625,2.5e-05,0.01,completed,0.01,0.0,v,1.831281111963623e-05,3.0931932382119655e-06,2.220446049250313e-16,7.21631644109622e-06
D,SD,strong,moving,y_half,33,0.0625,2.5e-05,0.01,completed,0.01,0.001,u,2.9060148108772665e-05,4.656425432426392e-06,1.0754767991727476e-05,1.660646647522603e-05
D,SD,strong,moving,y_half,33,0.0625,2.5e-05,0.01,completed,0.01,0.001,v,1.7523475695280233e-05,4.137670795132267e-06,7.80269263778166e-06,6.905272212926788e-06
D,SD,strong,moving,y_half,33,0.0625,2.5e-05,0.01,completed,0.01,0.002,u,3.4542454606878437e-05,7.353377549023419e-06,2.29228415462579e-05,1.973933898251458e-05
D,SD,strong,moving,y_half,33,0.0625,2.5e-05,0.01,completed,0.01,0.002,v,2.2465236759305895e-05,6.15190087676348e-06,1.9621945417824804e-05,8.852614506871985e-06
D,SD,strong,moving,y_half,33,0.0625,2.5e-05,0.01,completed,0.01,0.005,u,0.00011238986855932609,1.839958164225731e-05,9.20530544767928e-05,6.422536380060916e-05
D,SD,strong,moving,y_half,33,0.0625,2.5e-05,0.01,completed,0.01,0.005,v,0.00014098986055666174,1.969950534575017e-05,0.0001351638373003894,5.555823418458935e-05
D,SD,strong,moving,y_half,33,0.0625,2.5e-05,0.01,completed,0.01,0.01,u,0.002332254093831976,0.000250708480796472,0.0019149806184266538,0.0013327702004807547
D,SD,strong,moving,y_half,33,0.0625,2.5e-05,0.01,completed,0.01,0.01,v,0.0035389591140519983,0.000462724554033331,0.003433090652915194,0.0013945564486119184
E,FD,mass,frozen,main,33,0.125,2.5e-05,0.01,completed,0.01,0.0,u,8.962747211072042e-12,1.2764961292361541e-12,0.0,4.249668580639817e-10
E,FD,mass,frozen,main,33,0.125,2.5e-05,0.01,completed,0.01,0.0,v,1.7664814055962097e-11,2.4219609521998857e-12,0.0,2.224340023997085e-10
E,FD,mass,frozen,main,33,0.125,2.5e-05,0.01,completed,0.01,0.001,u,4.316813989602153e-10,1.6318387390607436e-10,4.1806999528937183e-10,2.0468086790862893e-08
E,FD,mass,frozen,main,33,0.125,2.5e-05,0.01,completed,0.01,0.001,v,1.4026450834148108e-10,6.962297766397752e-11,1.3993969871783918e-10,1.7662000792186478e-09
E,FD,mass,frozen,main,33,0.125,2.5e-05,0.01,completed,0.01,0.002,u,9.208864608367673e-10,3.278369788034811e-10,9.141361348441457e-10,4.3663646500262244e-08
E,FD,mass,frozen,main,33,0.125,2.5e-05,0.01,completed,0.01,0.002,v,3.8987083006425394e-10,1.440148925152843e-10,3.855202684865944e-10,4.909224001756155e-09
E,FD,mass,frozen,main,33,0.125,2.5e-05,0.01,completed,0.01,0.005,u,4.35161086678737e-09,8.686025538082593e-10,4.071774549474494e-09,2.0633075484838018e-07
E,FD,mass,frozen,main,33,0.125,2.5e-05,0.01,completed,0.01,0.005,v,3.0386456267850193e-09,5.061313038761776e-10,2.6255223273263795e-09,3.826239588477517e-08
E,FD,mass,frozen,main,33,0.125,2.5e-05,0.01,completed,0.01,0.01,u,8.599965787073338e-08,8.603484818119186e-09,6.175675607011932e-08,4.077656497413534e-06
E,FD,mass,frozen,main,33,0.125,2.5e-05,0.01,completed,0.01,0.01,v,6.804252340730788e-08,9.713389022558773e-09,5.619975788906384e-08,8.567863079065414e-07
E,FD,mass,moving,combined,65,0.0625,1.25e-05,0.01,stopped,0.0079,0.0,u,5.511320566586875e-13,5.885072818029622e-14,0.0,2.5906768605287642e-11
E,FD,mass,moving,combined,65,0.0625,1.25e-05,0.01,stopped,0.0079,0.0,v,1.0863948629591391e-12,1.1166214819559813e-13,0.0,1.3497262281759021e-11
E,FD,mass,moving,combined,65,0.0625,1.25e-05,0.01,stopped,0.0079,0.001,u,1.6578324824045865e-10,4.1654489438394254e-11,1.6175285416641927e-10,7.792884117169638e-09
E,FD,mass,moving,combined,65,0.0625,1.25e-05,0.01,stopped,0.0079,0.001,v,1.0184537935220561e-10,1.9345820670669388e-11,9.135045497821181e-11,1.2653169157646006e-09
E,FD,mass,moving,combined,65,0.0625,1.25e-05,0.01,stopped,0.0079,0.002,u,1.4407864554200067e-09,1.2395273908209355e-10,1.0894190861920894e-09,6.772627514446055e-08
E,FD,mass,moving,combined,65,0.0625,1.25e-05,0.01,stopped,0.0079,0.002,v,1.144474973124865e-09,1.1543047530240589e-10,8.405166701530575e-10,1.4218843823598237e-08
E,FD,mass,moving,combined,65,0.0625,1.25e-05,0.01,stopped,0.0079,0.005,u,3.543761028269865e-06,2.6483772398912556e-07,3.5155394240149462e-06,0.00016657967150090732
E,FD,mass,moving,combined,65,0.0625,1.25e-05,0.01,stopped,0.0079,0.005,v,2.992448432645456e-06,2.9283623286142484e-07,2.9834305819292917e-06,3.717788323302623e-05
E,FD,mass,moving,combined,65,0.0625,1.25e-05,0.01,stopped,0.0079,0.0079,u,0.013947057668568907,0.0009372306329685253,0.013880041368170129,0.6556018496452337
E,FD,mass,moving,combined,65,0.0625,1.25e-05,0.01,stopped,0.0079,0.0079,v,0.011482630714676048,0.0009520002070678012,0.011421683669916055,0.14265906782587007
E,FD,mass,moving,main,33,0.125,2.5e-05,0.01,completed,0.01,0.0,u,8.962747211072042e-12,1.2764961292361541e-12,0.0,4.249668580639817e-10
E,FD,mass,moving,main,33,0.125,2.5e-05,0.01,completed,0.01,0.0,v,1.7664814055962097e-11,2.4219609521998857e-12,0.0,2.224340023997085e-10
E,FD,mass,moving,main,33,0.125,2.5e-05,0.01,completed,0.01,0.001,u,4.316818083549556e-10,1.63183876739621e-10,4.180705087675207e-10,2.0468106202232242e-08
E,FD,mass,moving,main,33,0.125,2.5e-05,0.01,completed,0.01,0.001,v,1.4026392547439315e-10,6.962295334091845e-11,1.3993923381194762e-10,1.7661927398003654e-09
E,FD,mass,moving,main,33,0.125,2.5e-05,0.01,completed,0.01,0.002,u,9.208829289397702e-10,3.278369609222156e-10,9.141321519190448e-10,4.366347903607582e-08
E,FD,mass,moving,main,33,0.125,2.5e-05,0.01,completed,0.01,0.002,v,3.898636483090634e-10,1.440147660576632e-10,3.8551343367609903e-10,4.9091335696380336e-09
E,FD,mass,moving,main,33,0.125,2.5e-05,0.01,completed,0.01,0.005,u,4.351169733546323e-09,8.685924392303988e-10,4.071382384007727e-09,2.06309838604396e-07
E,FD,mass,moving,main,33,0.125,2.5e-05,0.01,completed,0.01,0.005,v,3.0382431848163804e-09,5.061091800578685e-10,2.625173578518769e-09,3.8257328365947385e-08
E,FD,mass,moving,main,33,0.125,2.5e-05,0.01,completed,0.01,0.01,u,8.59444681255983e-08,8.598531968056842e-09,6.171659241299698e-08,4.075039686737625e-06
E,FD,mass,moving,main,33,0.125,2.5e-05,0.01,completed,0.01,0.01,v,6.799857030226342e-08,9.707766431623454e-09,5.6163938777498146e-08,8.562328537325002e-07
E,FD,mass,moving,time_half,33,0.125,1.25e-05,0.01,completed,0.01,0.0,u,8.962747211072042e-12,1.2764961292361541e-12,0.0,4.249668580639817e-10
E,FD,mass,moving,time_half,33,0.125,1.25e-05,0.01,completed,0.01,0.0,v,1.7664814055962097e-11,2.4219609521998857e-12,0.0,2.224340023997085e-10
E,FD,mass,moving,time_half,33,0.125,1.25e-05,0.01,completed,0.01,0.001,u,4.316818083549556e-10,1.6318387678420252e-10,4.180704532563695e-10,2.0468106202232242e-08
E,FD,mass,moving,time_half,33,0.125,1.25e-05,0.01,completed,0.01,0.001,v,1.4026392547439315e-10,6.962295625648813e-11,1.3993923381194762e-10,1.7661927398003654e-09
E,FD,mass,moving,time_half,33,0.125,1.25e-05,0.01,completed,0.01,0.002,u,9.208829358786641e-10,3.2783695074035455e-10,9.141321657968327e-10,4.3663479365082075e-08
E,FD,mass,moving,time_half,33,0.125,1.25e-05,0.01,completed,0.01,0.002,v,3.898636413701695e-10,1.440147676255739e-10,3.855134267372051e-10,4.909133482264007e-09
E,FD,mass,moving,time_half,33,0.125,1.25e-05,0.01,completed,0.01,0.005,u,4.351169910488117e-09,8.685924615782056e-10,4.07138222094372e-09,2.0630984699405563e-07
E,FD,mass,moving,time_half,33,0.125,1.25e-05,0.01,completed,0.01,0.005,v,3.038243295838683e-09,5.061091815532076e-10,2.6251736756632837e-09,3.825732976393182e-08
E,FD,mass,moving,time_half,33,0.125,1.25e-05,0.01,completed,0.01,0.01,u,8.594447337487154e-08,8.598532901884466e-09,6.171659506018501e-08,4.075039935630861e-06
E,FD,mass,moving,time_half,33,0.125,1.25e-05,0.01,completed,0.01,0.01,v,6.799857313333213e-08,9.707766813739808e-09,5.616394051222162e-08,8.562328893811033e-07
E,FD,mass,moving,x_half,65,0.125,1.25e-05,0.01,stopped,0.0073875,0.0,u,5.50417350586585e-13,5.885906346800184e-14,0.0,2.6097928078761923e-11
E,FD,mass,moving,x_half,65,0.125,1.25e-05,0.01,stopped,0.0073875,0.0,v,1.0846462616953545e-12,1.116842588332395e-13,0.0,1.3657783683001764e-11
E,FD,mass,moving,x_half,65,0.125,1.25e-05,0.01,stopped,0.0073875,0.001,u,6.46381170810173e-10,1.6615728181045972e-10,6.303958605125004e-10,3.064803333196554e-08
E,FD,mass,moving,x_half,65,0.125,1.25e-05,0.01,stopped,0.0073875,0.001,v,4.0444668447658927e-10,7.71251229025294e-11,3.633757877929966e-10,5.092762057976844e-09
E,FD,mass,moving,x_half,65,0.125,1.25e-05,0.01,stopped,0.0073875,0.002,u,5.611410273942408e-09,4.92489713745866e-10,4.246050872014351e-09,2.6606389059811725e-07
E,FD,mass,moving,x_half,65,0.125,1.25e-05,0.01,stopped,0.0073875,0.002,v,4.464719843833009e-09,4.581781720895645e-10,3.2666706423212233e-09,5.621941455545592e-08
E,FD,mass,moving,x_half,65,0.125,1.25e-05,0.01,stopped,0.0073875,0.005,u,1.3637917029164781e-05,1.0361657024184197e-06,1.3525169286581623e-05,0.0006466390955734882
E,FD,mass,moving,x_half,65,0.125,1.25e-05,0.01,stopped,0.0073875,0.005,v,1.1309379324128677e-05,1.1407623790378085e-06,1.1273466215197536e-05,0.00014240684899105455
E,FD,mass,moving,x_half,65,0.125,1.25e-05,0.01,stopped,0.0073875,0.0073875,u,0.015806539520457262,0.0010243575628539406,0.015813347729547213,0.7494638952412697
E,FD,mass,moving,x_half,65,0.125,1.25e-05,0.01,stopped,0.0073875,0.0073875,v,0.012511282536316712,0.0010394000779947645,0.012517683036642968,0.15754112332516895
E,FD,mass,moving,y_half,33,0.0625,2.5e-05,0.01,completed,0.01,0.0,u,8.973606580031657e-12,1.2764011807579531e-12,0.0,4.218175052875546e-10
E,FD,mass,moving,y_half,33,0.0625,2.5e-05,0.01,completed,0.01,0.0,v,1.769064061907244e-11,2.4217851660025395e-12,0.0,2.1978676861337587e-10
E,FD,mass,moving,y_half,33,0.0625,2.5e-05,0.01,completed,0.01,0.001,u,1.1218654477618273e-10,4.101457462642242e-11,1.0763100827260175e-10,5.273492661203005e-09
E,FD,mass,moving,y_half,33,0.0625,2.5e-05,0.01,completed,0.01,0.001,v,3.744778792613701e-11,1.7780123681556702e-11,3.5153387145658854e-11,4.652476118434761e-10
E,FD,mass,moving,y_half,33,0.0625,2.5e-05,0.01,completed,0.01,0.002,u,2.374770727286979e-10,8.226487602995085e-11,2.3506816632101746e-10,1.1162957222162634e-08
E,FD,mass,moving,y_half,33,0.0625,2.5e-05,0.01,completed,0.01,0.002,v,9.733539668710378e-11,3.6269990212341375e-11,9.70667296540384e-11,1.2092853373831817e-09
E,FD,mass,moving,y_half,33,0.0625,2.5e-05,0.01,completed,0.01,0.005,u,1.1150001720527936e-09,2.1780838274132754e-10,1.0449961035385869e-09,5.2412214283729424e-08
E,FD,mass,moving,y_half,33,0.0625,2.5e-05,0.01,completed,0.01,0.005,v,7.669079399308387e-10,1.266575444074396e-10,6.63695695624078e-10,9.52798836236705e-09
E,FD,mass,moving,y_half,33,0.0625,2.5e-05,0.01,completed,0.01,0.01,u,2.2082000228351717e-08,2.171573869370644e-09,1.5843904244139395e-08,1.0379967257322832e-06
E,FD,mass,moving,y_half,33,0.0625,2.5e-05,0.01,completed,0.01,0.01,v,1.7471637872579215e-08,2.453107140898682e-09,1.448592491792855e-08,2.170659001606356e-07
E,FD,strong,frozen,main,33,0.125,2.5e-05,0.01,completed,0.01,0.0,u,6.307225575152842e-12,1.109951777006651e-12,0.0,2.990558332898572e-10
E,FD,strong,frozen,main,33,0.125,2.5e-05,0.01,completed,0.01,0.0,v,1.2431167206727878e-11,2.107574182899532e-12,0.0,1.5653231715502976e-10
E,FD,strong,frozen,main,33,0.125,2.5e-05,0.01,completed,0.01,0.001,u,4.2890506424253516e-10,1.6312984998975972e-10,4.1360324887218525e-10,2.033644743809291e-08
E,FD,strong,frozen,main,33,0.125,2.5e-05,0.01,completed,0.01,0.001,v,1.3705185597512326e-10,6.959550970734885e-11,1.3543377530567113e-10,1.725746603631302e-09
E,FD,strong,frozen,main,33,0.125,2.5e-05,0.01,completed,0.01,0.002,u,8.961742979651799e-10,3.2761281536820533e-10,8.845890131503609e-10,4.249192426329783e-08
E,FD,strong,frozen,main,33,0.125,2.5e-05,0.01,completed,0.01,0.002,v,3.5257811253908145e-10,1.436942901173848e-10,3.5141315551934227e-10,4.439636923556136e-09
E,FD,strong,frozen,main,33,0.125,2.5e-05,0.01,completed,0.01,0.005,u,3.485459601493268e-09,8.523376420972117e-10,3.37597656080435e-09,1.6526236664643852e-07
E,FD,strong,frozen,main,33,0.125,2.5e-05,0.01,completed,0.01,0.005,v,2.2659913528899622e-09,4.731326590222155e-10,2.03169329970887e-09,2.8533191712613976e-08
E,FD,strong,frozen,main,33,0.125,2.5e-05,0.01,completed,0.01,0.01,u,4.0883626546694973e-08,4.6038987054597215e-09,3.136314050133926e-08,1.9384889376716024e-06
E,FD,strong,frozen,main,33,0.125,2.5e-05,0.01,completed,0.01,0.01,v,3.2113425016411234e-08,5.295069002509924e-09,2.32780035386293e-08,4.0436981869913225e-07
E,FD,strong,moving,combined,65,0.0625,1.25e-05,0.01,completed,0.01,0.0,u,3.920717916994221e-13,5.120582172010559e-14,0.0,1.8429908152680406e-11
E,FD,strong,moving,combined,65,0.0625,1.25e-05,0.01,completed,0.01,0.0,v,7.730344142586887e-13,9.72269903045478e-14,0.0,9.604103073219253e-12
E,FD,strong,moving,combined,65,0.0625,1.25e-05,0.01,completed,0.01,0.001,u,1.4469553333285035e-10,4.154404125835282e-11,1.4403964132547742e-10,6.801625227534748e-09
E,FD,strong,moving,combined,65,0.0625,1.25e-05,0.01,completed,0.01,0.001,v,8.054024114301228e-11,1.907064443117182e-11,7.498995174826106e-11,1.0006239867356978e-09
E,FD,strong,moving,combined,65,0.0625,1.25e-05,0.01,completed,0.01,0.002,u,8.604193191263931e-10,1.011887753877233e-10,7.02249536299604e-10,4.044526885129291e-08
E,FD,strong,moving,combined,65,0.0625,1.25e-05,0.01,completed,0.01,0.002,v,6.600578000837132e-10,8.263254171519752e-11,5.007010500657216e-10,8.200492797420211e-09
E,FD,strong,moving,combined,65,0.0625,1.25e-05,0.01,completed,0.01,0.005,u,5.953129469209173e-07,4.953433505348386e-08,5.868655041513238e-07,2.7983555986770024e-05
E,FD,strong,moving,combined,65,0.0625,1.25e-05,0.01,completed,0.01,0.005,v,5.059790376960027e-07,5.726586666646238e-08,5.019411442319655e-07,6.286233499165436e-06
E,FD,strong,moving,combined,65,0.0625,1.25e-05,0.01,completed,0.01,0.01,u,0.04223837133554515,0.003652361951492868,0.04162299492278568,1.985476437513506
E,FD,strong,moving,combined,65,0.0625,1.25e-05,0.01,completed,0.01,0.01,v,0.035695933084347244,0.003752214003515191,0.03534328253857113,0.44348274063007526
E,FD,strong,moving,main,33,0.125,2.5e-05,0.01,completed,0.01,0.0,u,6.307225575152842e-12,1.109951777006651e-12,0.0,2.990558332898572e-10
E,FD,strong,moving,main,33,0.125,2.5e-05,0.01,completed,0.01,0.0,v,1.2431167206727878e-11,2.107574182899532e-12,0.0,1.5653231715502976e-10
E,FD,strong,moving,main,33,0.125,2.5e-05,0.01,completed,0.01,0.001,u,4.2890513710092115e-10,1.6312986928230956e-10,4.136031586665645e-10,2.0336450892658644e-08
E,FD,strong,moving,main,33,0.125,2.5e-05,0.01,completed,0.01,0.001,v,1.3705184209733545e-10,6.959551030577843e-11,1.3543358101664182e-10,1.7257464288832476e-09
E,FD,strong,moving,main,33,0.125,2.5e-05,0.01,completed,0.01,0.002,u,8.961744540902927e-10,3.276128310664535e-10,8.845894225451012e-10,4.249193166593869e-08
E,FD,strong,moving,main,33,0.125,2.5e-05,0.01,completed,0.01,0.002,v,3.5257832070589856e-10,1.436942898197685e-10,3.5141326654164473e-10,4.4396395447769505e-09
E,FD,strong,moving,main,33,0.125,2.5e-05,0.01,completed,0.01,0.005,u,3.485468566544192e-09,8.523377143906045e-10,3.375984727882475e-09,1.6526279172252665e-07
E,FD,strong,moving,main,33,0.125,2.5e-05,0.01,completed,0.01,0.005,v,2.2659994297624664e-09,4.731327273550936e-10,2.0317007520809227e-09,2.85332934159816e-08
E,FD,strong,moving,main,33,0.125,2.5e-05,0.01,completed,0.01,0.01,u,4.088433281507209e-08,4.603934586571479e-09,3.136368536063583e-08,1.9385224252447875e-06
E,FD,strong,moving,main,33,0.125,2.5e-05,0.01,completed,0.01,0.01,v,3.211399221547673e-08,5.2951003865574e-09,2.3278433597395676e-08,4.0437696082686113e-07
E,FD,strong,moving,time_half,33,0.125,1.25e-05,0.01,completed,0.01,0.0,u,6.307225575152842e-12,1.109951777006651e-12,0.0,2.990558332898572e-10
E,FD,strong,moving,time_half,33,0.125,1.25e-05,0.01,completed,0.01,0.0,v,1.2431167206727878e-11,2.107574182899532e-12,0.0,1.5653231715502976e-10
E,FD,strong,moving,time_half,33,0.125,1.25e-05,0.01,completed,0.01,0.001,u,4.289051405703681e-10,1.6312986922728357e-10,4.136031656054584e-10,2.0336451057161773e-08
E,FD,strong,moving,time_half,33,0.125,1.25e-05,0.01,completed,0.01,0.001,v,1.3705181434175984e-10,6.959551162126834e-11,1.354335601999601e-10,1.725746079387139e-09
E,FD,strong,moving,time_half,33,0.125,1.25e-05,0.01,completed,0.01,0.002,u,8.961744818458683e-10,3.2761282972794165e-10,8.845894503006768e-10,4.2491932981963727e-08
E,FD,strong,moving,time_half,33,0.125,1.25e-05,0.01,completed,0.01,0.002,v,3.525783484614742e-10,1.4369429195654597e-10,3.514133498083716e-10,4.4396398942730594e-09
E,FD,strong,moving,time_half,33,0.125,1.25e-05,0.01,completed,0.01,0.005,u,3.4854688128749256e-09,8.523377362857006e-10,3.375984960335421e-09,1.652628034022489e-07
E,FD,strong,moving,time_half,33,0.125,1.25e-05,0.01,completed,0.01,0.005,v,2.265999443640254e-09,4.731327423786856e-10,2.031700668814196e-09,2.8533293590729657e-08
E,FD,strong,moving,time_half,33,0.125,1.25e-05,0.01,completed,0.01,0.01,u,4.08843380921009e-08,4.603934911920235e-09,3.1363689964591934e-08,1.9385226754540486e-06
E,FD,strong,moving,time_half,33,0.125,1.25e-05,0.01,completed,0.01,0.01,v,3.211399125790937e-08,5.295100852617405e-09,2.3278433222695405e-08,4.043769487692454e-07
E,FD,strong,moving,x_half,65,0.125,1.25e-05,0.01,stopped,0.0099375,0.0,u,3.916068858078603e-13,5.121720522133529e-14,0.0,1.856796180220297e-11
E,FD,strong,moving,x_half,65,0.125,1.25e-05,0.01,stopped,0.0099375,0.0,v,7.720074579609104e-13,9.722968222765385e-14,0.0,9.721059514844547e-12
E,FD,strong,moving,x_half,65,0.125,1.25e-05,0.01,stopped,0.0099375,0.001,u,5.639185646222344e-10,1.6572320053857937e-10,5.612778089525428e-10,2.673808542936659e-08
E,FD,strong,moving,x_half,65,0.125,1.25e-05,0.01,stopped,0.0099375,0.001,v,3.212723004297757e-10,7.603802915401664e-11,2.982575297849621e-10,4.045436505494227e-09
E,FD,strong,moving,x_half,65,0.125,1.25e-05,0.01,stopped,0.0099375,0.002,u,3.3535116003569065e-09,4.0304703349233274e-10,2.738458723672288e-09,1.5900607868581498e-07
E,FD,strong,moving,x_half,65,0.125,1.25e-05,0.01,stopped,0.0099375,0.002,v,2.5864515251772247e-09,3.2898047888534745e-10,1.9720797078681684e-09,3.256840196196827e-08
E,FD,strong,moving,x_half,65,0.125,1.25e-05,0.01,stopped,0.0099375,0.005,u,2.295078960937863e-06,1.9472523896653977e-07,2.2618728381176845e-06,0.00010882070776621303
E,FD,strong,moving,x_half,65,0.125,1.25e-05,0.01,stopped,0.0099375,0.005,v,1.925575014646852e-06,2.246640970439593e-07,1.907251693550327e-06,2.4246694931057907e-05
E,FD,strong,moving,x_half,65,0.125,1.25e-05,0.01,stopped,0.0099375,0.0099375,u,0.2988989163566193,0.021145211093686795,0.2987772067834401,14.172232059148765
E,FD,strong,moving,x_half,65,0.125,1.25e-05,0.01,stopped,0.0099375,0.0099375,v,0.23594272496491903,0.020916981799119477,0.2357180894239666,2.9709729456975142
E,FD,strong,moving,y_half,33,0.0625,2.5e-05,0.01,completed,0.01,0.0,u,6.315292039316134e-12,1.1099069400163486e-12,0.0,2.9685954130354655e-10
E,FD,strong,moving,y_half,33,0.0625,2.5e-05,0.01,completed,0.01,0.0,v,1.245033243169047e-11,2.1074785577501336e-12,0.0,1.5468169820675714e-10
E,FD,strong,moving,y_half,33,0.0625,2.5e-05,0.01,completed,0.01,0.001,u,1.1153488202464423e-10,4.0995108677565897e-11,1.0637856567852211e-10,5.242860300212891e-09
E,FD,strong,moving,y_half,33,0.0625,2.5e-05,0.01,completed,0.01,0.001,v,3.6871047881525953e-11,1.773339953756023e-11,3.3928596043786285e-11,4.58082250595996e-10
E,FD,strong,moving,y_half,33,0.0625,2.5e-05,0.01,completed,0.01,0.002,u,2.3128737813848943e-10,8.220196057710174e-11,2.2729179649516595e-10,1.0872001572697956e-08
E,FD,strong,moving,y_half,33,0.0625,2.5e-05,0.01,completed,0.01,0.002,v,8.811942842079645e-11,3.6163302945579996e-11,8.819385499680976e-11,1.0947870595361182e-09
E,FD,strong,moving,y_half,33,0.0625,2.5e-05,0.01,completed,0.01,0.005,u,8.926964757682843e-10,2.1369155324683638e-10,8.65777699532444e-10,4.196250381931065e-08
E,FD,strong,moving,y_half,33,0.0625,2.5e-05,0.01,completed,0.01,0.005,v,5.683644527243459e-10,1.183080593442734e-10,5.114244028270321e-10,7.061303722620284e-09
E,FD,strong,moving,y_half,33,0.0625,2.5e-05,0.01,completed,0.01,0.01,u,1.0505161875812297e-08,1.1613637047190614e-09,8.045545681067967e-09,4.938105025640023e-07
E,FD,strong,moving,y_half,33,0.0625,2.5e-05,0.01,completed,0.01,0.01,v,8.219360442263124e-09,1.3343192934423722e-09,5.9354898912511445e-09,1.021165208526145e-07
E,SD,mass,frozen,main,33,0.125,2.5e-05,0.01,completed,0.01,0.0,u,8.962747211072042e-12,1.2764961292361541e-12,0.0,4.249668580639817e-10
E,SD,mass,frozen,main,33,0.125,2.5e-05,0.01,completed,0.01,0.0,v,1.7664814055962097e-11,2.4219609521998857e-12,0.0,2.224340023997085e-10
E,SD,mass,frozen,main,33,0.125,2.5e-05,0.01,completed,0.01,0.001,u,9.632162407957612e-09,4.889105336400429e-09,9.472514970326751e-09,4.5670704511392037e-07
E,SD,mass,frozen,main,33,0.125,2.5e-05,0.01,completed,0.01,0.001,v,5.440449125926339e-09,3.857072234311197e-09,5.358959928591922e-09,6.850572386995229e-08
E,SD,mass,frozen,main,33,0.125,2.5e-05,0.01,completed,0.01,0.002,u,2.1018806896366815e-08,9.868350656407238e-09,2.0990988523761356e-08,9.966025055318007e-07
E,SD,mass,frozen,main,33,0.125,2.5e-05,0.01,completed,0.01,0.002,v,1.2401050387966794e-08,7.799468096927424e-09,1.240103031374673e-08,1.5615308845127142e-07
E,SD,mass,frozen,main,33,0.125,2.5e-05,0.01,completed,0.01,0.005,u,1.1613653670000668e-07,2.703497126961994e-08,1.0573398183041927e-07,5.506590551484588e-06
E,SD,mass,frozen,main,33,0.125,2.5e-05,0.01,completed,0.01,0.005,v,7.203436361291615e-08,2.163192462255574e-08,6.459153349680502e-08,9.07051257826795e-07
E,SD,mass,frozen,main,33,0.125,2.5e-05,0.01,completed,0.01,0.01,u,2.371324095383487e-06,3.071631083430807e-07,1.7751687283566742e-06,0.00011243585549547126
E,SD,mass,frozen,main,33,0.125,2.5e-05,0.01,completed,0.01,0.01,v,1.5074859540040175e-06,2.560107995012646e-07,1.2265946088899082e-06,1.898214910432545e-05
E,SD,mass,moving,combined,65,0.0625,1.25e-05,0.01,stopped,0.0077875,0.0,u,5.511320566586875e-13,5.885072818029622e-14,0.0,2.5906768605287642e-11
E,SD,mass,moving,combined,65,0.0625,1.25e-05,0.01,stopped,0.0077875,0.0,v,1.0863948629591391e-12,1.1166214819559813e-13,0.0,1.3497262281759021e-11
E,SD,mass,moving,combined,65,0.0625,1.25e-05,0.01,stopped,0.0077875,0.001,u,4.17487222223456e-09,1.2793299520795736e-09,4.000377175350511e-09,1.9624597646123672e-07
E,SD,mass,moving,combined,65,0.0625,1.25e-05,0.01,stopped,0.0077875,0.001,v,2.5535155240286045e-09,1.0052671533208048e-09,2.4173196222498916e-09,3.1724624207518645e-08
E,SD,mass,moving,combined,65,0.0625,1.25e-05,0.01,stopped,0.0077875,0.002,u,3.999139523008788e-08,4.259484724562365e-09,2.9533307143586596e-08,1.8798540384489164e-06
E,SD,mass,moving,combined,65,0.0625,1.25e-05,0.01,stopped,0.0077875,0.002,v,2.4897603388696066e-08,3.4731764415889247e-09,1.8066924171999954e-08,3.0932536095495356e-07
E,SD,mass,moving,combined,65,0.0625,1.25e-05,0.01,stopped,0.0077875,0.005,u,9.5514340034384e-05,9.29063095279765e-06,9.527818489925635e-05,0.0044897912866098625
E,SD,mass,moving,combined,65,0.0625,1.25e-05,0.01,stopped,0.0077875,0.005,v,6.486003480487418e-05,7.652324142701747e-06,6.463982078079578e-05,0.0008058146547019634
E,SD,mass,moving,combined,65,0.0625,1.25e-05,0.01,stopped,0.0077875,0.0077875,u,8.400979403950295,0.48378248344655134,0.4669217723704125,394.90032714738646
E,SD,mass,moving,combined,65,0.0625,1.25e-05,0.01,stopped,0.0077875,0.0077875,v,6.187948183774372,0.5209511916239418,0.3199777788837765,76.87845595554735
E,SD,mass,moving,main,33,0.125,2.5e-05,0.01,completed,0.01,0.0,u,8.962747211072042e-12,1.2764961292361541e-12,0.0,4.249668580639817e-10
E,SD,mass,moving,main,33,0.125,2.5e-05,0.01,completed,0.01,0.0,v,1.7664814055962097e-11,2.4219609521998857e-12,0.0,2.224340023997085e-10
E,SD,mass,moving,main,33,0.125,2.5e-05,0.01,completed,0.01,0.001,u,9.632172112000736e-09,4.889105405899863e-09,9.472518592429369e-09,4.567075052291752e-07
E,SD,mass,moving,main,33,0.125,2.5e-05,0.01,completed,0.01,0.001,v,5.440454677041462e-09,3.857072314229778e-09,5.358962801293998e-09,6.850579376917403e-08
E,SD,mass,moving,main,33,0.125,2.5e-05,0.01,completed,0.01,0.002,u,2.1018893573560016e-08,9.868350074898657e-09,2.0991090286109904e-08,9.966066153134997e-07
E,SD,mass,moving,main,33,0.125,2.5e-05,0.01,completed,0.01,0.002,v,1.2400920353095035e-08,7.799467757721058e-09,1.2400908223908491e-08,1.5615145106200228e-07
E,SD,mass,moving,main,33,0.125,2.5e-05,0.01,completed,0.01,0.005,u,1.161223235346398e-07,2.7034585321701635e-08,1.0572208783421466e-07,5.505916637104671e-06
E,SD,mass,moving,main,33,0.125,2.5e-05,0.01,completed,0.01,0.005,v,7.202551271373592e-08,2.1631618659097173e-08,6.458408085413536e-08,9.069398079738126e-07
E,SD,mass,moving,main,33,0.125,2.5e-05,0.01,completed,0.01,0.01,u,2.3695721873898123e-06,3.069686870849e-07,1.7739534273197854e-06,0.0001123527891299746
E,SD,mass,moving,main,33,0.125,2.5e-05,0.01,completed,0.01,0.01,v,1.5063696124431591e-06,2.558519385434897e-07,1.2257570038975985e-06,1.8968092215832865e-05
E,SD,mass,moving,time_half,33,0.125,1.25e-05,0.01,completed,0.01,0.0,u,8.962747211072042e-12,1.2764961292361541e-12,0.0,4.249668580639817e-10
E,SD,mass,moving,time_half,33,0.125,1.25e-05,0.01,completed,0.01,0.0,v,1.7664814055962097e-11,2.4219609521998857e-12,0.0,2.224340023997085e-10
E,SD,mass,moving,time_half,33,0.125,1.25e-05,0.01,completed,0.01,0.001,u,9.632171758117147e-09,4.889105406135909e-09,9.472518370384764e-09,4.5670748844985593e-07
E,SD,mass,moving,time_half,33,0.125,1.25e-05,0.01,completed,0.01,0.001,v,5.440454649285886e-09,3.8570723199607765e-09,5.358963210688739e-09,6.850579341967791e-08
E,SD,mass,moving,time_half,33,0.125,1.25e-05,0.01,completed,0.01,0.002,u,2.1018893549273887e-08,9.86835009189805e-09,2.0991090282640457e-08,9.966066141619779e-07
E,SD,mass,moving,time_half,33,0.125,1.25e-05,0.01,completed,0.01,0.002,v,1.2400920269828308e-08,7.799467778857976e-09,1.2400907696552554e-08,1.5615145001351396e-07
E,SD,mass,moving,time_half,33,0.125,1.25e-05,0.01,completed,0.01,0.005,u,1.1612232382607335e-07,2.7034585335196395e-08,1.057220880805454e-07,5.505916650922933e-06
E,SD,mass,moving,time_half,33,0.125,1.25e-05,0.01,completed,0.01,0.005,v,7.202551233209675e-08,2.1631618679170253e-08,6.458408075005195e-08,9.069398031682412e-07
E,SD,mass,moving,time_half,33,0.125,1.25e-05,0.01,completed,0.01,0.01,u,2.3695721988077623e-06,3.0696868802169697e-07,1.7739534386301825e-06,0.0001123527896713544
E,SD,mass,moving,time_half,33,0.125,1.25e-05,0.01,completed,0.01,0.01,v,1.506369607023883e-06,2.5585193962929196e-07,1.2257570101703585e-06,1.896809214759375e-05
E,SD,mass,moving,x_half,65,0.125,1.25e-05,0.01,stopped,0.0072375,0.0,u,5.50417350586585e-13,5.885906346800184e-14,0.0,2.6097928078761923e-11
E,SD,mass,moving,x_half,65,0.125,1.25e-05,0.01,stopped,0.0072375,0.0,v,1.0846462616953545e-12,1.116842588332395e-13,0.0,1.3657783683001764e-11
E,SD,mass,moving,x_half,65,0.125,1.25e-05,0.01,stopped,0.0072375,0.001,u,1.640517959325405e-08,5.027990791262637e-09,1.5720863479062874e-08,7.778482940038913e-07
E,SD,mass,moving,x_half,65,0.125,1.25e-05,0.01,stopped,0.0072375,0.001,v,1.018796142587819e-08,3.981995947497909e-09,9.65073894410029e-09,1.2828603964201214e-07
E,SD,mass,moving,x_half,65,0.125,1.25e-05,0.01,stopped,0.0072375,0.002,u,1.5751609501457597e-07,1.6731209527988902e-08,1.1645686722600024e-07,7.468593994278828e-06
E,SD,mass,moving,x_half,65,0.125,1.25e-05,0.01,stopped,0.0072375,0.002,v,9.96762782867755e-08,1.37560774901002e-08,7.23020575910116e-08,1.2551161565242467e-06
E,SD,mass,moving,x_half,65,0.125,1.25e-05,0.01,stopped,0.0072375,0.005,u,0.0003758300284027877,3.6322472460715443e-05,0.0003751890558306506,0.017819905278498423
E,SD,mass,moving,x_half,65,0.125,1.25e-05,0.01,stopped,0.0072375,0.005,v,0.00025906737986831213,3.01260549477833e-05,0.00025804262219841084,0.003262156851057543
E,SD,mass,moving,x_half,65,0.125,1.25e-05,0.01,stopped,0.0072375,0.0072375,u,2.039453428794432,0.11731013588647704,0.37870209642787106,96.70027452430152
E,SD,mass,moving,x_half,65,0.125,1.25e-05,0.01,stopped,0.0072375,0.0072375,v,1.7739356204181884,0.14242289682903295,0.2577616633917944,22.337263149161245
E,SD,mass,moving,y_half,33,0.0625,2.5e-05,0.01,completed,0.01,0.0,u,8.973606580031657e-12,1.2764011807579531e-12,0.0,4.218175052875546e-10
E,SD,mass,moving,y_half,33,0.0625,2.5e-05,0.01,completed,0.01,0.0,v,1.769064061907244e-11,2.4217851660025395e-12,0.0,2.1978676861337587e-10
E,SD,mass,moving,y_half,33,0.0625,2.5e-05,0.01,completed,0.01,0.001,u,2.4621427743842794e-09,1.2438396833780095e-09,2.4228131167980393e-09,1.1573662311691084e-07
E,SD,mass,moving,y_half,33,0.0625,2.5e-05,0.01,completed,0.01,0.001,v,1.361066551130996e-09,9.735283412211954e-10,1.3433335138701707e-09,1.6909756157633062e-08
E,SD,mass,moving,y_half,33,0.0625,2.5e-05,0.01,completed,0.01,0.002,u,5.374897842774784e-09,2.5107894109964902e-09,5.368602708222259e-09,2.5265493633962277e-07
E,SD,mass,moving,y_half,33,0.0625,2.5e-05,0.01,completed,0.01,0.002,v,3.1085864160562693e-09,1.968851518380651e-09,3.1079484125173806e-09,3.862077004740294e-08
E,SD,mass,moving,y_half,33,0.0625,2.5e-05,0.01,completed,0.01,0.005,u,2.9539334291117658e-08,6.879927214439055e-09,2.688223071922735e-08,1.3885396231055193e-06
E,SD,mass,moving,y_half,33,0.0625,2.5e-05,0.01,completed,0.01,0.005,v,1.8032798504430403e-08,5.461018978053974e-09,1.6144266527795548e-08,2.240377043255251e-07
E,SD,mass,moving,y_half,33,0.0625,2.5e-05,0.01,completed,0.01,0.01,u,5.990020050562761e-07,7.813789521968744e-08,4.5190766214883715e-07,2.8156965561352945e-05
E,SD,mass,moving,y_half,33,0.0625,2.5e-05,0.01,completed,0.01,0.01,v,3.75039932519472e-07,6.461830739043078e-08,3.0792801688356297e-07,4.659459012499866e-06
E,SD,strong,frozen,main,33,0.125,2.5e-05,0.01,completed,0.01,0.0,u,6.307225575152842e-12,1.109951777006651e-12,0.0,2.990558332898572e-10
E,SD,strong,frozen,main,33,0.125,2.5e-05,0.01,completed,0.01,0.0,v,1.2431167206727878e-11,2.107574182899532e-12,0.0,1.5653231715502976e-10
E,SD,strong,frozen,main,33,0.125,2.5e-05,0.01,completed,0.01,0.001,u,9.779418913558047e-09,4.889741923047043e-09,9.647329664297377e-09,4.636891827376605e-07
E,SD,strong,frozen,main,33,0.125,2.5e-05,0.01,completed,0.01,0.001,v,5.537041318504077e-09,3.858186965779677e-09,5.4737862922871194e-09,6.972200545251319e-08
E,SD,strong,frozen,main,33,0.125,2.5e-05,0.01,completed,0.01,0.002,u,2.1856236234046866e-08,9.866607161810572e-09,2.1853631012452857e-08,1.0363090493072248e-06
E,SD,strong,frozen,main,33,0.125,2.5e-05,0.01,completed,0.01,0.002,v,1.2611275780616271e-08,7.80090405142795e-09,1.2616691275058045e-08,1.588002306937504e-07
E,SD,strong,frozen,main,33,0.125,2.5e-05,0.01,completed,0.01,0.005,u,9.246438989821137e-08,2.6480590023632248e-08,8.552431228492363e-08,4.384180467491488e-06
E,SD,strong,frozen,main,33,0.125,2.5e-05,0.01,completed,0.01,0.005,v,5.716348000506244e-08,2.1272202764631486e-08,5.267761878091637e-08,7.197982162925877e-07
E,SD,strong,frozen,main,33,0.125,2.5e-05,0.01,completed,0.01,0.01,u,1.1349975601072926e-06,1.738664682735415e-07,8.491048431036319e-07,5.38156812492973e-05
E,SD,strong,frozen,main,33,0.125,2.5e-05,0.01,completed,0.01,0.01,v,7.094873174934291e-07,1.5103616683163574e-07,5.22419013118669e-07,8.933810635194993e-06
E,SD,strong,moving,combined,65,0.0625,1.25e-05,0.01,completed,0.01,0.0,u,3.920717916994221e-13,5.120582172010559e-14,0.0,1.8429908152680406e-11
E,SD,strong,moving,combined,65,0.0625,1.25e-05,0.01,completed,0.01,0.0,v,7.730344142586887e-13,9.72269903045478e-14,0.0,9.604103073219253e-12
E,SD,strong,moving,combined,65,0.0625,1.25e-05,0.01,completed,0.01,0.001,u,3.8835639738776795e-09,1.276079432098331e-09,3.76528877521487e-09,1.825526060760205e-07
E,SD,strong,moving,combined,65,0.0625,1.25e-05,0.01,completed,0.01,0.001,v,2.28011974579001e-09,1.0032675477703512e-09,2.201883453345488e-09,2.832798211040784e-08
E,SD,strong,moving,combined,65,0.0625,1.25e-05,0.01,completed,0.01,0.002,u,2.3722566949019308e-08,3.4670932231254264e-09,1.8819780980144918e-08,1.1151139645144795e-06
E,SD,strong,moving,combined,65,0.0625,1.25e-05,0.01,completed,0.01,0.002,v,1.4668191675171194e-08,2.851277281166028e-09,1.1453795807636613e-08,1.8223616199697196e-07
E,SD,strong,moving,combined,65,0.0625,1.25e-05,0.01,completed,0.01,0.005,u,1.6403273511142458e-05,1.8478296416742723e-06,1.6259750980324172e-05,0.0007710598686615398
E,SD,strong,moving,combined,65,0.0625,1.25e-05,0.01,completed,0.01,0.005,v,1.0937882322217818e-05,1.5779989840872527e-06,1.084440580964574e-05,0.0001358911676992548
E,SD,strong,moving,combined,65,0.0625,1.25e-05,0.01,completed,0.01,0.01,u,0.8581021052519517,0.09439869959881372,0.8444321949467359,40.33634482314245
E,SD,strong,moving,combined,65,0.0625,1.25e-05,0.01,completed,0.01,0.01,v,0.8346994144032682,0.08963168748315214,0.6934643328087918,10.3702229334412
E,SD,strong,moving,main,33,0.125,2.5e-05,0.01,completed,0.01,0.0,u,6.307225575152842e-12,1.109951777006651e-12,0.0,2.990558332898572e-10
E,SD,strong,moving,main,33,0.125,2.5e-05,0.01,completed,0.01,0.0,v,1.2431167206727878e-11,2.107574182899532e-12,0.0,1.5653231715502976e-10
E,SD,strong,moving,main,33,0.125,2.5e-05,0.01,completed,0.01,0.001,u,9.779418427835473e-09,4.889741954455023e-09,9.647329334699917e-09,4.636891597072223e-07
E,SD,strong,moving,main,33,0.125,2.5e-05,0.01,completed,0.01,0.001,v,5.5370411242150475e-09,3.858186956279358e-09,5.473786049425833e-09,6.972200300604044e-08
E,SD,strong,moving,main,33,0.125,2.5e-05,0.01,completed,0.01,0.002,u,2.185623087028188e-08,9.866607090591297e-09,2.1853625371132113e-08,1.0363087949853859e-06
E,SD,strong,moving,main,33,0.125,2.5e-05,0.01,completed,0.01,0.002,v,1.2611272234841486e-08,7.80090400302579e-09,1.2616687375399671e-08,1.588001860456225e-07
E,SD,strong,moving,main,33,0.125,2.5e-05,0.01,completed,0.01,0.005,u,9.246406740964774e-08,2.6480589936058058e-08,8.552454188598402e-08,4.384165176761044e-06
E,SD,strong,moving,main,33,0.125,2.5e-05,0.01,completed,0.01,0.005,v,5.7163269943927286e-08,2.1272200827091933e-08,5.267744358772308e-08,7.197955712186631e-07
E,SD,strong,moving,main,33,0.125,2.5e-05,0.01,completed,0.01,0.01,u,1.1350154002567892e-06,1.7386699508180762e-07,8.491167590857218e-07,5.381652713640093e-05
E,SD,strong,moving,main,33,0.125,2.5e-05,0.01,completed,0.01,0.01,v,7.094985618877336e-07,1.5103630040558868e-07,5.224264535141909e-07,8.933952223757532e-06
E,SD,strong,moving,time_half,33,0.125,1.25e-05,0.01,completed,0.01,0.0,u,6.307225575152842e-12,1.109951777006651e-12,0.0,2.990558332898572e-10
E,SD,strong,moving,time_half,33,0.125,1.25e-05,0.01,completed,0.01,0.0,v,1.2431167206727878e-11,2.107574182899532e-12,0.0,1.5653231715502976e-10
E,SD,strong,moving,time_half,33,0.125,1.25e-05,0.01,completed,0.01,0.001,u,9.77941842089658e-09,4.889741957430901e-09,9.64732933123047e-09,4.63689159378216e-07
E,SD,strong,moving,time_half,33,0.125,1.25e-05,0.01,completed,0.01,0.001,v,5.537041103398366e-09,3.85818694438797e-09,5.473786028609151e-09,6.972200274391835e-08
E,SD,strong,moving,time_half,33,0.125,1.25e-05,0.01,completed,0.01,0.002,u,2.1856230863342985e-08,9.866607091892954e-09,2.1853625308682068e-08,1.0363087946563794e-06
E,SD,strong,moving,time_half,33,0.125,1.25e-05,0.01,completed,0.01,0.002,v,1.261127220708591e-08,7.800904014084122e-09,1.2616687340705202e-08,1.588001856961264e-07
E,SD,strong,moving,time_half,33,0.125,1.25e-05,0.01,completed,0.01,0.005,u,9.246406736454493e-08,2.6480589938985503e-08,8.55245419068007e-08,4.3841651746225035e-06
E,SD,strong,moving,time_half,33,0.125,1.25e-05,0.01,completed,0.01,0.005,v,5.716326983984388e-08,2.1272200818879525e-08,5.26774434558841e-08,7.197955699080528e-07
E,SD,strong,moving,time_half,33,0.125,1.25e-05,0.01,completed,0.01,0.01,u,1.135015400884759e-06,1.738669954410173e-07,8.491167593632776e-07,5.3816527166176e-05
E,SD,strong,moving,time_half,33,0.125,1.25e-05,0.01,completed,0.01,0.01,v,7.094985638791962e-07,1.5103630058031692e-07,5.224264547284974e-07,8.933952248833878e-06
E,SD,strong,moving,x_half,65,0.125,1.25e-05,0.01,stopped,0.009787500000000001,0.0,u,3.916068858078603e-13,5.121720522133529e-14,0.0,1.856796180220297e-11
E,SD,strong,moving,x_half,65,0.125,1.25e-05,0.01,stopped,0.009787500000000001,0.0,v,7.720074579609104e-13,9.722968222765385e-14,0.0,9.721059514844547e-12
E,SD,strong,moving,x_half,65,0.125,1.25e-05,0.01,stopped,0.009787500000000001,0.001,u,1.518514965506701e-08,5.015281239417557e-09,1.4721958745828045e-08,7.200008196341077e-07
E,SD,strong,moving,x_half,65,0.125,1.25e-05,0.01,stopped,0.009787500000000001,0.001,v,9.108315678074685e-09,3.974153959856553e-09,8.796134425004265e-09,1.1469122205169021e-07
E,SD,strong,moving,x_half,65,0.125,1.25e-05,0.01,stopped,0.009787500000000001,0.002,u,9.335210020625095e-08,1.3621041733196419e-08,7.410292167386867e-08,4.426271073373194e-06
E,SD,strong,moving,x_half,65,0.125,1.25e-05,0.01,stopped,0.009787500000000001,0.002,v,5.8660535311172435e-08,1.1297465912663233e-08,4.5845660510968056e-08,7.386490234676214e-07
E,SD,strong,moving,x_half,65,0.125,1.25e-05,0.01,stopped,0.009787500000000001,0.005,u,6.487687095066766e-05,7.261675218489017e-06,6.42644625388697e-05,0.0030761237999515005
E,SD,strong,moving,x_half,65,0.125,1.25e-05,0.01,stopped,0.009787500000000001,0.005,v,4.3775006198440436e-05,6.248695875033086e-06,4.340945051652112e-05,0.0005512115668437947
E,SD,strong,moving,x_half,65,0.125,1.25e-05,0.01,stopped,0.009787500000000001,0.009787500000000001,u,127.9203703821934,7.766580578422163,9.073718916805012,6065.318657715359
E,SD,strong,moving,x_half,65,0.125,1.25e-05,0.01,stopped,0.009787500000000001,0.009787500000000001,v,100.5882679174014,8.589661087584926,6.453034289211401,1266.5998609688277
E,SD,strong,moving,y_half,33,0.0625,2.5e-05,0.01,completed,0.01,0.0,u,6.315292039316134e-12,1.1099069400163486e-12,0.0,2.9685954130354655e-10
E,SD,strong,moving,y_half,33,0.0625,2.5e-05,0.01,completed,0.01,0.0,v,1.245033243169047e-11,2.1074785577501336e-12,0.0,1.5468169820675714e-10
E,SD,strong,moving,y_half,33,0.0625,2.5e-05,0.01,completed,0.01,0.001,u,2.4999063895358997e-09,1.2439957560386022e-09,2.4673461190838353e-09,1.1751175709362677e-07
E,SD,strong,moving,y_half,33,0.0625,2.5e-05,0.01,completed,0.01,0.001,v,1.3859614636513307e-09,9.73805073135334e-10,1.3719407762624591e-09,1.7219048087505745e-08
E,SD,strong,moving,y_half,33,0.0625,2.5e-05,0.01,completed,0.01,0.002,u,5.589190110733e-09,2.510330820909041e-09,5.588752537144526e-09,2.627280578951956e-07
E,SD,strong,moving,y_half,33,0.0625,2.5e-05,0.01,completed,0.01,0.002,v,3.1591612381642875e-09,1.9692040171761943e-09,3.1609496131679293e-09,3.924910663303985e-08
E,SD,strong,moving,y_half,33,0.0625,2.5e-05,0.01,completed,0.01,0.005,u,2.3662123548734426e-08,6.738592190203354e-09,2.1782462722441664e-08,1.1122727340580428e-06
E,SD,strong,moving,y_half,33,0.0625,2.5e-05,0.01,completed,0.01,0.005,v,1.4343078814926802e-08,5.369978227648151e-09,1.3220723835138948e-08,1.7819699199027756e-07
E,SD,strong,moving,y_half,33,0.0625,2.5e-05,0.01,completed,0.01,0.01,u,2.876012728837696e-07,4.428095849835938e-08,2.147076768425904e-07,1.3519118579959957e-05
E,SD,strong,moving,y_half,33,0.0625,2.5e-05,0.01,completed,0.01,0.01,v,1.771545220380366e-07,3.8138506256355815e-08,1.3008515318407854e-07,2.2009502528704167e-06
