case_key,scheme,p,route,method,n,dt,halfwidth,purpose,t,evaluation_points,u_error,rho_error,display,profile,profile_sha256,provenance
p3_integrable_original_euler_n400_dt0.003125_L4,S1,3.0,integrable_original,euler,400,0.003125,4.0,main,0.25,16001,0.008103444393702327,0.0002564838407147496,8.103e-03 / 2.565e-04,C:\Users\msz\aca\Workspaces\hs_conserved_mesh_20260925\out\euler_comparison\profiles\p3_integrable_original_euler_n400_dt0.003125_L4.npz,e8ec823961a354121fd319d49597bc40169f2cb689aa58c05d6e89542f7eade6,reused
p3_integrable_original_euler_n400_dt0.003125_L4,S1,3.0,integrable_original,euler,400,0.003125,4.0,main,0.5,16001,0.04015885909986359,0.0031497898552712567,4.016e-02 / 3.150e-03,C:\Users\msz\aca\Workspaces\hs_conserved_mesh_20260925\out\euler_comparison\profiles\p3_integrable_original_euler_n400_dt0.003125_L4.npz,e8ec823961a354121fd319d49597bc40169f2cb689aa58c05d6e89542f7eade6,reused
p3_integrable_original_euler_n200_dt0.0125_L4,S1,3.0,integrable_original,euler,200,0.0125,4.0,main,0.25,8001,0.015448649245325484,0.00044840749204055896,1.545e-02 / 4.484e-04,C:\Users\msz\aca\Workspaces\hs_four_schemes_20260927\out\profiles\p3_integrable_original_euler_n200_dt0.0125_L4.npz,d87793380a83c17c9c9f0f766b675d201f7aa8e0fe1bc791cd64b72e335fe144,new
p3_integrable_original_euler_n200_dt0.0125_L4,S1,3.0,integrable_original,euler,200,0.0125,4.0,main,0.5,8001,0.07599648353629894,0.005598333882184114,7.600e-02 / 5.598e-03,C:\Users\msz\aca\Workspaces\hs_four_schemes_20260927\out\profiles\p3_integrable_original_euler_n200_dt0.0125_L4.npz,d87793380a83c17c9c9f0f766b675d201f7aa8e0fe1bc791cd64b72e335fe144,new
p3_integrable_original_heun_n400_dt0.003125_L4,S1,3.0,integrable_original,heun,400,0.003125,4.0,main,0.25,16001,0.008239982721575298,0.00026920234667460186,8.240e-03 / 2.692e-04,C:\Users\msz\aca\Workspaces\hs_four_schemes_20260927\out\profiles\p3_integrable_original_heun_n400_dt0.003125_L4.npz,7f8aaaf646c6bee5e1c193570cc3a13421b18ada8a7b5e3cd67af9ce1cdd6bf9,new
p3_integrable_original_heun_n400_dt0.003125_L4,S1,3.0,integrable_original,heun,400,0.003125,4.0,main,0.5,16001,0.04094614505043359,0.0032790647845842846,4.095e-02 / 3.279e-03,C:\Users\msz\aca\Workspaces\hs_four_schemes_20260927\out\profiles\p3_integrable_original_heun_n400_dt0.003125_L4.npz,7f8aaaf646c6bee5e1c193570cc3a13421b18ada8a7b5e3cd67af9ce1cdd6bf9,new
p3_integrable_original_heun_n200_dt0.0125_L4,S1,3.0,integrable_original,heun,200,0.0125,4.0,main,0.25,8001,0.01648677604312684,0.0005344104545136341,1.649e-02 / 5.344e-04,C:\Users\msz\aca\Workspaces\hs_four_schemes_20260927\out\profiles\p3_integrable_original_heun_n200_dt0.0125_L4.npz,7eed3979b44ed774c5c0bb0246d9841ff9b43efbc726cbc5f079dffecfdf2bc6,new
p3_integrable_original_heun_n200_dt0.0125_L4,S1,3.0,integrable_original,heun,200,0.0125,4.0,main,0.5,8001,0.08198513543447046,0.006564225038172444,8.199e-02 / 6.564e-03,C:\Users\msz\aca\Workspaces\hs_four_schemes_20260927\out\profiles\p3_integrable_original_heun_n200_dt0.0125_L4.npz,7eed3979b44ed774c5c0bb0246d9841ff9b43efbc726cbc5f079dffecfdf2bc6,new
p3_integrable_original_rk4_n400_dt0.003125_L4,S1,3.0,integrable_original,rk4,400,0.003125,4.0,main,0.25,16001,0.008240622172799281,0.00026930846436157285,8.241e-03 / 2.693e-04,C:\Users\msz\aca\Workspaces\hs_conserved_mesh_20260925\out\calibration_parameter_scan\profiles\p3_integrable_original_rk4_n400_dt0.003125_L4.npz,6bea040acae4e8e1ebe329d7977d47196fcb012566d8227310a384ad7d53d6b9,reused
p3_integrable_original_rk4_n400_dt0.003125_L4,S1,3.0,integrable_original,rk4,400,0.003125,4.0,main,0.5,16001,0.04094942652506177,0.0032798164860989854,4.095e-02 / 3.280e-03,C:\Users\msz\aca\Workspaces\hs_conserved_mesh_20260925\out\calibration_parameter_scan\profiles\p3_integrable_original_rk4_n400_dt0.003125_L4.npz,6bea040acae4e8e1ebe329d7977d47196fcb012566d8227310a384ad7d53d6b9,reused
p3_integrable_original_rk4_n200_dt0.0125_L4,S1,3.0,integrable_original,rk4,200,0.0125,4.0,main,0.25,8001,0.016506725196616282,0.0005376323455728027,1.651e-02 / 5.376e-04,C:\Users\msz\aca\Workspaces\hs_four_schemes_20260927\out\profiles\p3_integrable_original_rk4_n200_dt0.0125_L4.npz,6d8c2da9eccd4a86e07d29b3ff9d18cc03510b0116a4ff42868e63b9bf1e41a4,new
p3_integrable_original_rk4_n200_dt0.0125_L4,S1,3.0,integrable_original,rk4,200,0.0125,4.0,main,0.5,8001,0.08208789011673694,0.0065876346659163865,8.209e-02 / 6.588e-03,C:\Users\msz\aca\Workspaces\hs_four_schemes_20260927\out\profiles\p3_integrable_original_rk4_n200_dt0.0125_L4.npz,6d8c2da9eccd4a86e07d29b3ff9d18cc03510b0116a4ff42868e63b9bf1e41a4,new
p3_integrable_original_rk8_n400_dt0.003125_L4,S1,3.0,integrable_original,rk8,400,0.003125,4.0,main,0.25,16001,0.008240622177053262,0.00026930846565942357,8.241e-03 / 2.693e-04,C:\Users\msz\aca\Workspaces\hs_four_schemes_20260927\out\profiles\p3_integrable_original_rk8_n400_dt0.003125_L4.npz,8824aa22270f3fe4e68d1edcc73451aa292130397c18b1c647d02b364308e8ba,new
p3_integrable_original_rk8_n400_dt0.003125_L4,S1,3.0,integrable_original,rk8,400,0.003125,4.0,main,0.5,16001,0.04094942654411412,0.003279816492853138,4.095e-02 / 3.280e-03,C:\Users\msz\aca\Workspaces\hs_four_schemes_20260927\out\profiles\p3_integrable_original_rk8_n400_dt0.003125_L4.npz,8824aa22270f3fe4e68d1edcc73451aa292130397c18b1c647d02b364308e8ba,new
p3_integrable_original_rk8_n200_dt0.0125_L4,S1,3.0,integrable_original,rk8,200,0.0125,4.0,main,0.25,8001,0.01650672732565953,0.0005376329718370654,1.651e-02 / 5.376e-04,C:\Users\msz\aca\Workspaces\hs_four_schemes_20260927\out\profiles\p3_integrable_original_rk8_n200_dt0.0125_L4.npz,1d00e688ace21c218119e29fa02db319e44b67e2b2659074a30d5a63fdf8a907,new
p3_integrable_original_rk8_n200_dt0.0125_L4,S1,3.0,integrable_original,rk8,200,0.0125,4.0,main,0.5,8001,0.0820878997002871,0.00658763802835971,8.209e-02 / 6.588e-03,C:\Users\msz\aca\Workspaces\hs_four_schemes_20260927\out\profiles\p3_integrable_original_rk8_n200_dt0.0125_L4.npz,1d00e688ace21c218119e29fa02db319e44b67e2b2659074a30d5a63fdf8a907,new
p3_integrable_calibrated_euler_n400_dt0.003125_L4,S2,3.0,integrable_calibrated,euler,400,0.003125,4.0,main,0.25,16001,1.3989975988172934e-05,5.585023749699047e-06,1.399e-05 / 5.585e-06,C:\Users\msz\aca\Workspaces\hs_conserved_mesh_20260925\out\euler_comparison\profiles\p3_integrable_calibrated_euler_n400_dt0.003125_L4.npz,8b2214d2cfe8c1cfe083c765d11c6dff1c88c7bbba6366d17d1eed23d49d65e5,reused
p3_integrable_calibrated_euler_n400_dt0.003125_L4,S2,3.0,integrable_calibrated,euler,400,0.003125,4.0,main,0.5,16001,6.883208960035969e-05,6.241564474374073e-06,6.883e-05 / 6.242e-06,C:\Users\msz\aca\Workspaces\hs_conserved_mesh_20260925\out\euler_comparison\profiles\p3_integrable_calibrated_euler_n400_dt0.003125_L4.npz,8b2214d2cfe8c1cfe083c765d11c6dff1c88c7bbba6366d17d1eed23d49d65e5,reused
p3_integrable_calibrated_euler_n200_dt0.0125_L4,S2,3.0,integrable_calibrated,euler,200,0.0125,4.0,main,0.25,8001,5.319458230254592e-05,2.2228579812599847e-05,5.319e-05 / 2.223e-05,C:\Users\msz\aca\Workspaces\hs_four_schemes_20260927\out\profiles\p3_integrable_calibrated_euler_n200_dt0.0125_L4.npz,8ce97a11cf01bb08267bf165c3f2217d9496af7e4a2744f9c921c10f602c16dc,new
p3_integrable_calibrated_euler_n200_dt0.0125_L4,S2,3.0,integrable_calibrated,euler,200,0.0125,4.0,main,0.5,8001,0.0002601641209820085,2.226170137009653e-05,2.602e-04 / 2.226e-05,C:\Users\msz\aca\Workspaces\hs_four_schemes_20260927\out\profiles\p3_integrable_calibrated_euler_n200_dt0.0125_L4.npz,8ce97a11cf01bb08267bf165c3f2217d9496af7e4a2744f9c921c10f602c16dc,new
p3_integrable_calibrated_heun_n400_dt0.003125_L4,S2,3.0,integrable_calibrated,heun,400,0.003125,4.0,main,0.25,16001,1.4155280675306851e-05,7.734834300943128e-06,1.416e-05 / 7.735e-06,C:\Users\msz\aca\Workspaces\hs_four_schemes_20260927\out\profiles\p3_integrable_calibrated_heun_n400_dt0.003125_L4.npz,d7f6e3df03399479ed830603167ec907891b0cafc6a5d55ca529969f5a03ec28,new
p3_integrable_calibrated_heun_n400_dt0.003125_L4,S2,3.0,integrable_calibrated,heun,400,0.003125,4.0,main,0.5,16001,6.843230284059743e-05,9.728675965270384e-06,6.843e-05 / 9.729e-06,C:\Users\msz\aca\Workspaces\hs_four_schemes_20260927\out\profiles\p3_integrable_calibrated_heun_n400_dt0.003125_L4.npz,d7f6e3df03399479ed830603167ec907891b0cafc6a5d55ca529969f5a03ec28,new
p3_integrable_calibrated_heun_n200_dt0.0125_L4,S2,3.0,integrable_calibrated,heun,200,0.0125,4.0,main,0.25,8001,5.6545772209007535e-05,3.0911574446568224e-05,5.655e-05 / 3.091e-05,C:\Users\msz\aca\Workspaces\hs_four_schemes_20260927\out\profiles\p3_integrable_calibrated_heun_n200_dt0.0125_L4.npz,1ae514c0e4ae92811453bf3b3d25ea9ff51fc50749382437cbaa0ecb1ba57bf4,new
p3_integrable_calibrated_heun_n200_dt0.0125_L4,S2,3.0,integrable_calibrated,heun,200,0.0125,4.0,main,0.5,8001,0.0002742810691972646,3.889276974733402e-05,2.743e-04 / 3.889e-05,C:\Users\msz\aca\Workspaces\hs_four_schemes_20260927\out\profiles\p3_integrable_calibrated_heun_n200_dt0.0125_L4.npz,1ae514c0e4ae92811453bf3b3d25ea9ff51fc50749382437cbaa0ecb1ba57bf4,new
p3_integrable_calibrated_rk4_n400_dt0.003125_L4,S2,3.0,integrable_calibrated,rk4,400,0.003125,4.0,main,0.25,16001,1.4152176687985338e-05,7.734838594730675e-06,1.415e-05 / 7.735e-06,C:\Users\msz\aca\Workspaces\hs_conserved_mesh_20260925\out\calibration_parameter_scan\profiles\p3_integrable_calibrated_rk4_n400_dt0.003125_L4.npz,9d704484fa8c91dd5b5790815ebdbae4f290d4534c929ecf03f59b8c7e1f6e01,reused
p3_integrable_calibrated_rk4_n400_dt0.003125_L4,S2,3.0,integrable_calibrated,rk4,400,0.003125,4.0,main,0.5,16001,6.841382096947277e-05,9.728615986692724e-06,6.841e-05 / 9.729e-06,C:\Users\msz\aca\Workspaces\hs_conserved_mesh_20260925\out\calibration_parameter_scan\profiles\p3_integrable_calibrated_rk4_n400_dt0.003125_L4.npz,9d704484fa8c91dd5b5790815ebdbae4f290d4534c929ecf03f59b8c7e1f6e01,reused
p3_integrable_calibrated_rk4_n200_dt0.0125_L4,S2,3.0,integrable_calibrated,rk4,200,0.0125,4.0,main,0.25,8001,5.654797202205974e-05,3.091440039015847e-05,5.655e-05 / 3.091e-05,C:\Users\msz\aca\Workspaces\hs_four_schemes_20260927\out\profiles\p3_integrable_calibrated_rk4_n200_dt0.0125_L4.npz,a2a6c3e4d5cc05a01d7858b18e715320da5a801f90d1879ae9f6cfa8322740af,new
p3_integrable_calibrated_rk4_n200_dt0.0125_L4,S2,3.0,integrable_calibrated,rk4,200,0.0125,4.0,main,0.5,8001,0.0002742511633198729,3.890127225469886e-05,2.743e-04 / 3.890e-05,C:\Users\msz\aca\Workspaces\hs_four_schemes_20260927\out\profiles\p3_integrable_calibrated_rk4_n200_dt0.0125_L4.npz,a2a6c3e4d5cc05a01d7858b18e715320da5a801f90d1879ae9f6cfa8322740af,new
p3_integrable_calibrated_rk8_n400_dt0.003125_L4,S2,3.0,integrable_calibrated,rk8,400,0.003125,4.0,main,0.25,16001,1.4152176625215236e-05,7.734838591955118e-06,1.415e-05 / 7.735e-06,C:\Users\msz\aca\Workspaces\hs_four_schemes_20260927\out\profiles\p3_integrable_calibrated_rk8_n400_dt0.003125_L4.npz,38844144d4743f528c4e47bff87bb1d9b325f2c6a58ef80de51c277960928715,new
p3_integrable_calibrated_rk8_n400_dt0.003125_L4,S2,3.0,integrable_calibrated,rk8,400,0.003125,4.0,main,0.5,16001,6.84138207164382e-05,9.728615975479471e-06,6.841e-05 / 9.729e-06,C:\Users\msz\aca\Workspaces\hs_four_schemes_20260927\out\profiles\p3_integrable_calibrated_rk8_n400_dt0.003125_L4.npz,38844144d4743f528c4e47bff87bb1d9b325f2c6a58ef80de51c277960928715,new
p3_integrable_calibrated_rk8_n200_dt0.0125_L4,S2,3.0,integrable_calibrated,rk8,200,0.0125,4.0,main,0.25,8001,5.654796167869035e-05,3.091440001989909e-05,5.655e-05 / 3.091e-05,C:\Users\msz\aca\Workspaces\hs_four_schemes_20260927\out\profiles\p3_integrable_calibrated_rk8_n200_dt0.0125_L4.npz,7f7c2c17900f92ff520326e0ff0743eaaa06fc71b16706c390771df7a3a15db3,new
p3_integrable_calibrated_rk8_n200_dt0.0125_L4,S2,3.0,integrable_calibrated,rk8,200,0.0125,4.0,main,0.5,8001,0.00027425112389487666,3.890127065186988e-05,2.743e-04 / 3.890e-05,C:\Users\msz\aca\Workspaces\hs_four_schemes_20260927\out\profiles\p3_integrable_calibrated_rk8_n200_dt0.0125_L4.npz,7f7c2c17900f92ff520326e0ff0743eaaa06fc71b16706c390771df7a3a15db3,new
p3_difference_paper_ale_euler_n400_dt0.003125_L4,S3,3.0,difference_paper_ale,euler,400,0.003125,4.0,main,0.25,16001,8.256202771346477e-07,3.5476319828475766e-06,8.256e-07 / 3.548e-06,C:\Users\msz\aca\Workspaces\hs_four_schemes_20260927\out\profiles\p3_difference_paper_ale_euler_n400_dt0.003125_L4.npz,2d702b5191292efb7666f15e5d105127275cec97f3d4fd9f8f22cd9284169232,new
p3_difference_paper_ale_euler_n400_dt0.003125_L4,S3,3.0,difference_paper_ale,euler,400,0.003125,4.0,main,0.5,16001,1.3744891890279942e-06,4.49230243071419e-06,1.374e-06 / 4.492e-06,C:\Users\msz\aca\Workspaces\hs_four_schemes_20260927\out\profiles\p3_difference_paper_ale_euler_n400_dt0.003125_L4.npz,2d702b5191292efb7666f15e5d105127275cec97f3d4fd9f8f22cd9284169232,new
p3_difference_paper_ale_euler_n200_dt0.0125_L4,S3,3.0,difference_paper_ale,euler,200,0.0125,4.0,main,0.25,8001,3.3576007976918176e-06,1.4204497210346112e-05,3.358e-06 / 1.420e-05,C:\Users\msz\aca\Workspaces\hs_four_schemes_20260927\out\profiles\p3_difference_paper_ale_euler_n200_dt0.0125_L4.npz,893c4211a5f6d5ad2bc4c05e01d7ac4c245513fce8fab3d3449fd851759ad066,new
p3_difference_paper_ale_euler_n200_dt0.0125_L4,S3,3.0,difference_paper_ale,euler,200,0.0125,4.0,main,0.5,8001,5.59946516400997e-06,1.78446445666669e-05,5.599e-06 / 1.784e-05,C:\Users\msz\aca\Workspaces\hs_four_schemes_20260927\out\profiles\p3_difference_paper_ale_euler_n200_dt0.0125_L4.npz,893c4211a5f6d5ad2bc4c05e01d7ac4c245513fce8fab3d3449fd851759ad066,new
p3_difference_paper_ale_heun_n400_dt0.003125_L4,S3,3.0,difference_paper_ale,heun,400,0.003125,4.0,main,0.25,16001,1.526695762098934e-06,5.64799788782544e-06,1.527e-06 / 5.648e-06,C:\Users\msz\aca\Workspaces\hs_four_schemes_20260927\out\profiles\p3_difference_paper_ale_heun_n400_dt0.003125_L4.npz,895d0723fe7b0c7ce246a663ce649de9c58dd0074d6691106bf8c7d9799a4977,new
p3_difference_paper_ale_heun_n400_dt0.003125_L4,S3,3.0,difference_paper_ale,heun,400,0.003125,4.0,main,0.5,16001,1.4976062250558753e-06,5.915532009903579e-06,1.498e-06 / 5.916e-06,C:\Users\msz\aca\Workspaces\hs_four_schemes_20260927\out\profiles\p3_difference_paper_ale_heun_n400_dt0.003125_L4.npz,895d0723fe7b0c7ce246a663ce649de9c58dd0074d6691106bf8c7d9799a4977,new
p3_difference_paper_ale_heun_n200_dt0.0125_L4,S3,3.0,difference_paper_ale,heun,200,0.0125,4.0,main,0.25,8001,6.115932510108307e-06,2.2589885222412676e-05,6.116e-06 / 2.259e-05,C:\Users\msz\aca\Workspaces\hs_four_schemes_20260927\out\profiles\p3_difference_paper_ale_heun_n200_dt0.0125_L4.npz,8f06343590006ef538db550b58083c734dc8a2a3de4bbf253ae31ceea641786c,new
p3_difference_paper_ale_heun_n200_dt0.0125_L4,S3,3.0,difference_paper_ale,heun,200,0.0125,4.0,main,0.5,8001,6.021366915322929e-06,2.3652985830735496e-05,6.021e-06 / 2.365e-05,C:\Users\msz\aca\Workspaces\hs_four_schemes_20260927\out\profiles\p3_difference_paper_ale_heun_n200_dt0.0125_L4.npz,8f06343590006ef538db550b58083c734dc8a2a3de4bbf253ae31ceea641786c,new
p3_difference_paper_ale_rk4_n400_dt0.003125_L4,S3,3.0,difference_paper_ale,rk4,400,0.003125,4.0,main,0.25,16001,1.5255813163306264e-06,5.6480890212595725e-06,1.526e-06 / 5.648e-06,C:\Users\msz\aca\Workspaces\hs_four_schemes_20260927\out\profiles\p3_difference_paper_ale_rk4_n400_dt0.003125_L4.npz,e4608389029a7851fb18fc82f906f730a96f2227570ec7239c0b30c29cbc3672,new
p3_difference_paper_ale_rk4_n400_dt0.003125_L4,S3,3.0,difference_paper_ale,rk4,400,0.003125,4.0,main,0.5,16001,1.4946534301202297e-06,5.91600085331212e-06,1.495e-06 / 5.916e-06,C:\Users\msz\aca\Workspaces\hs_four_schemes_20260927\out\profiles\p3_difference_paper_ale_rk4_n400_dt0.003125_L4.npz,e4608389029a7851fb18fc82f906f730a96f2227570ec7239c0b30c29cbc3672,new
p3_difference_paper_ale_rk4_n200_dt0.0125_L4,S3,3.0,difference_paper_ale,rk4,200,0.0125,4.0,main,0.25,8001,6.0991069525742625e-06,2.2591717477649098e-05,6.099e-06 / 2.259e-05,C:\Users\msz\aca\Workspaces\hs_four_schemes_20260927\out\profiles\p3_difference_paper_ale_rk4_n200_dt0.0125_L4.npz,3c5737d2ab280309fb34cfd43bde479ea17db12e76972a09958d8a3275f24ae3,new
p3_difference_paper_ale_rk4_n200_dt0.0125_L4,S3,3.0,difference_paper_ale,rk4,200,0.0125,4.0,main,0.5,8001,5.97502725068963e-06,2.3659999639713547e-05,5.975e-06 / 2.366e-05,C:\Users\msz\aca\Workspaces\hs_four_schemes_20260927\out\profiles\p3_difference_paper_ale_rk4_n200_dt0.0125_L4.npz,3c5737d2ab280309fb34cfd43bde479ea17db12e76972a09958d8a3275f24ae3,new
p3_difference_paper_ale_rk8_n400_dt0.003125_L4,S3,3.0,difference_paper_ale,rk8,400,0.003125,4.0,main,0.25,16001,1.5255813354646264e-06,5.648089022036729e-06,1.526e-06 / 5.648e-06,C:\Users\msz\aca\Workspaces\hs_four_schemes_20260927\out\profiles\p3_difference_paper_ale_rk8_n400_dt0.003125_L4.npz,a27bb6b70e7c9fd86e2ca32c78ba445519bc938033684d4f52348ae648f8252d,new
p3_difference_paper_ale_rk8_n400_dt0.003125_L4,S3,3.0,difference_paper_ale,rk8,400,0.003125,4.0,main,0.5,16001,1.4946534728846328e-06,5.9160008564207445e-06,1.495e-06 / 5.916e-06,C:\Users\msz\aca\Workspaces\hs_four_schemes_20260927\out\profiles\p3_difference_paper_ale_rk8_n400_dt0.003125_L4.npz,a27bb6b70e7c9fd86e2ca32c78ba445519bc938033684d4f52348ae648f8252d,new
p3_difference_paper_ale_rk8_n200_dt0.0125_L4,S3,3.0,difference_paper_ale,rk8,200,0.0125,4.0,main,0.25,8001,6.099109906929773e-06,2.2591717651176957e-05,6.099e-06 / 2.259e-05,C:\Users\msz\aca\Workspaces\hs_four_schemes_20260927\out\profiles\p3_difference_paper_ale_rk8_n200_dt0.0125_L4.npz,f86c8857688d56a3cef7741ce71ab7e5bc5f2ed9824f849c315785800874c5b4,new
p3_difference_paper_ale_rk8_n200_dt0.0125_L4,S3,3.0,difference_paper_ale,rk8,200,0.0125,4.0,main,0.5,8001,5.9750354510848536e-06,2.3660000134206882e-05,5.975e-06 / 2.366e-05,C:\Users\msz\aca\Workspaces\hs_four_schemes_20260927\out\profiles\p3_difference_paper_ale_rk8_n200_dt0.0125_L4.npz,f86c8857688d56a3cef7741ce71ab7e5bc5f2ed9824f849c315785800874c5b4,new
p3_difference_fixed_euler_n400_dt0.003125_L4,S4,3.0,difference_fixed,euler,400,0.003125,4.0,main,0.25,16001,7.413489204570467e-07,2.7904042918525107e-06,7.413e-07 / 2.790e-06,C:\Users\msz\aca\Workspaces\hs_conserved_mesh_20260925\out\euler_comparison\profiles\p3_difference_fixed_euler_n400_dt0.003125_L4.npz,063115a62e8100bbacdde797acc1d1a5816b50549cd419bf2bb045f51562ec76,reused
p3_difference_fixed_euler_n400_dt0.003125_L4,S4,3.0,difference_fixed,euler,400,0.003125,4.0,main,0.5,16001,9.784505280163724e-07,3.544438560876273e-06,9.785e-07 / 3.544e-06,C:\Users\msz\aca\Workspaces\hs_conserved_mesh_20260925\out\euler_comparison\profiles\p3_difference_fixed_euler_n400_dt0.003125_L4.npz,063115a62e8100bbacdde797acc1d1a5816b50549cd419bf2bb045f51562ec76,reused
p3_difference_fixed_euler_n200_dt0.0125_L4,S4,3.0,difference_fixed,euler,200,0.0125,4.0,main,0.25,8001,2.965964926077147e-06,1.1166948679641742e-05,2.966e-06 / 1.117e-05,C:\Users\msz\aca\Workspaces\hs_table_data_20260927\out\profiles\p3_difference_fixed_euler_n200_dt0.0125_L4.npz,e210145f5bf087521b15d43186d0e7869f3c3f218ea9c0e4c52692a809922b8a,reused
p3_difference_fixed_euler_n200_dt0.0125_L4,S4,3.0,difference_fixed,euler,200,0.0125,4.0,main,0.5,8001,3.9205286222858404e-06,1.4178617194438026e-05,3.921e-06 / 1.418e-05,C:\Users\msz\aca\Workspaces\hs_table_data_20260927\out\profiles\p3_difference_fixed_euler_n200_dt0.0125_L4.npz,e210145f5bf087521b15d43186d0e7869f3c3f218ea9c0e4c52692a809922b8a,reused
p3_difference_fixed_heun_n400_dt0.003125_L4,S4,3.0,difference_fixed,heun,400,0.003125,4.0,main,0.25,16001,1.228624142587259e-06,4.4579809140854465e-06,1.229e-06 / 4.458e-06,C:\Users\msz\aca\Workspaces\hs_table_data_20260927\out\profiles\p3_difference_fixed_heun_n400_dt0.003125_L4.npz,905e1f24d72771895ceff06e77c8cc5ee1d0dfb769bdb7ba8ef92ea47e7469a2,reused
p3_difference_fixed_heun_n400_dt0.003125_L4,S4,3.0,difference_fixed,heun,400,0.003125,4.0,main,0.5,16001,1.2374721698876767e-06,4.654982589724632e-06,1.237e-06 / 4.655e-06,C:\Users\msz\aca\Workspaces\hs_table_data_20260927\out\profiles\p3_difference_fixed_heun_n400_dt0.003125_L4.npz,905e1f24d72771895ceff06e77c8cc5ee1d0dfb769bdb7ba8ef92ea47e7469a2,reused
p3_difference_fixed_heun_n200_dt0.0125_L4,S4,3.0,difference_fixed,heun,200,0.0125,4.0,main,0.25,8001,4.91258606125089e-06,1.782829684815468e-05,4.913e-06 / 1.783e-05,C:\Users\msz\aca\Workspaces\hs_table_data_20260927\out\profiles\p3_difference_fixed_heun_n200_dt0.0125_L4.npz,557355e4b6bcc2daea5c400e335a220ed54e882466a233309959ed3dcc3c42b8,reused
p3_difference_fixed_heun_n200_dt0.0125_L4,S4,3.0,difference_fixed,heun,200,0.0125,4.0,main,0.5,8001,4.948671616735595e-06,1.8603791092752786e-05,4.949e-06 / 1.860e-05,C:\Users\msz\aca\Workspaces\hs_table_data_20260927\out\profiles\p3_difference_fixed_heun_n200_dt0.0125_L4.npz,557355e4b6bcc2daea5c400e335a220ed54e882466a233309959ed3dcc3c42b8,reused
p3_difference_fixed_rk4_n400_dt0.003125_L4,S4,3.0,difference_fixed,rk4,400,0.003125,4.0,main,0.25,16001,1.2285876290624165e-06,4.458102480286996e-06,1.229e-06 / 4.458e-06,C:\Users\msz\aca\Workspaces\hs_conserved_mesh_20260925\out\calibration_parameter_scan\profiles\p3_difference_fixed_rk4_n400_dt0.003125_L4.npz,0d76a9c3aa106b209b962768d71acbb213317ba43d380fe578d7c9ce2c1ae68c,reused
p3_difference_fixed_rk4_n400_dt0.003125_L4,S4,3.0,difference_fixed,rk4,400,0.003125,4.0,main,0.5,16001,1.2373840561144545e-06,4.655438240019905e-06,1.237e-06 / 4.655e-06,C:\Users\msz\aca\Workspaces\hs_conserved_mesh_20260925\out\calibration_parameter_scan\profiles\p3_difference_fixed_rk4_n400_dt0.003125_L4.npz,0d76a9c3aa106b209b962768d71acbb213317ba43d380fe578d7c9ce2c1ae68c,reused
p3_difference_fixed_rk4_n200_dt0.0125_L4,S4,3.0,difference_fixed,rk4,200,0.0125,4.0,main,0.25,8001,4.912136127743771e-06,1.7830068476998306e-05,4.912e-06 / 1.783e-05,C:\Users\msz\aca\Workspaces\hs_table_data_20260927\out\profiles\p3_difference_fixed_rk4_n200_dt0.0125_L4.npz,aef0a996f101546f8e8229bfa1fba13b91bf605b40041dd27bc052a0d0d9cca7,reused
p3_difference_fixed_rk4_n200_dt0.0125_L4,S4,3.0,difference_fixed,rk4,200,0.0125,4.0,main,0.5,8001,4.947441799570823e-06,1.8611468238338702e-05,4.947e-06 / 1.861e-05,C:\Users\msz\aca\Workspaces\hs_table_data_20260927\out\profiles\p3_difference_fixed_rk4_n200_dt0.0125_L4.npz,aef0a996f101546f8e8229bfa1fba13b91bf605b40041dd27bc052a0d0d9cca7,reused
p3_difference_fixed_rk8_n400_dt0.003125_L4,S4,3.0,difference_fixed,rk8,400,0.003125,4.0,main,0.25,16001,1.2285876298707976e-06,4.4581024803980185e-06,1.229e-06 / 4.458e-06,C:\Users\msz\aca\Workspaces\hs_table_data_20260927\out\profiles\p3_difference_fixed_rk8_n400_dt0.003125_L4.npz,36611636016c1c00fb5e362d7b23c895246b5e3408cd035a015d41fa6724c08c,reused
p3_difference_fixed_rk8_n400_dt0.003125_L4,S4,3.0,difference_fixed,rk8,400,0.003125,4.0,main,0.5,16001,1.23738405764795e-06,4.655438240019905e-06,1.237e-06 / 4.655e-06,C:\Users\msz\aca\Workspaces\hs_table_data_20260927\out\profiles\p3_difference_fixed_rk8_n400_dt0.003125_L4.npz,36611636016c1c00fb5e362d7b23c895246b5e3408cd035a015d41fa6724c08c,reused
p3_difference_fixed_rk8_n200_dt0.0125_L4,S4,3.0,difference_fixed,rk8,200,0.0125,4.0,main,0.25,8001,4.912136245895787e-06,1.783006848099511e-05,4.912e-06 / 1.783e-05,C:\Users\msz\aca\Workspaces\hs_table_data_20260927\out\profiles\p3_difference_fixed_rk8_n200_dt0.0125_L4.npz,9cbf2269be305e30248da402c83394966a585184f1eb473660966ad1cdffb8a6,reused
p3_difference_fixed_rk8_n200_dt0.0125_L4,S4,3.0,difference_fixed,rk8,200,0.0125,4.0,main,0.5,8001,4.947442154991377e-06,1.861146824788662e-05,4.947e-06 / 1.861e-05,C:\Users\msz\aca\Workspaces\hs_table_data_20260927\out\profiles\p3_difference_fixed_rk8_n200_dt0.0125_L4.npz,9cbf2269be305e30248da402c83394966a585184f1eb473660966ad1cdffb8a6,reused
p4_integrable_original_euler_n400_dt0.003125_L4,S1,4.0,integrable_original,euler,400,0.003125,4.0,main,0.25,16001,0.011239442928325388,0.00045070279142300773,1.124e-02 / 4.507e-04,C:\Users\msz\aca\Workspaces\hs_conserved_mesh_20260925\out\euler_comparison\profiles\p4_integrable_original_euler_n400_dt0.003125_L4.npz,7e4f3d5a44402021453178229f34ff4571e4e6262324bc0d9fca8d1d3f30f98f,reused
p4_integrable_original_euler_n400_dt0.003125_L4,S1,4.0,integrable_original,euler,400,0.003125,4.0,main,0.5,16001,0.050373350433966846,0.004234879099734967,5.037e-02 / 4.235e-03,C:\Users\msz\aca\Workspaces\hs_conserved_mesh_20260925\out\euler_comparison\profiles\p4_integrable_original_euler_n400_dt0.003125_L4.npz,7e4f3d5a44402021453178229f34ff4571e4e6262324bc0d9fca8d1d3f30f98f,reused
p4_integrable_original_euler_n200_dt0.0125_L4,S1,4.0,integrable_original,euler,200,0.0125,4.0,main,0.25,8001,0.02163535861217425,0.000840632439219946,2.164e-02 / 8.406e-04,C:\Users\msz\aca\Workspaces\hs_four_schemes_20260927\out\profiles\p4_integrable_original_euler_n200_dt0.0125_L4.npz,6cdfea3f3b2a4afcf0ff59b597180d7d077e049a5a8ebede3b97510ee5c0f08b,new
p4_integrable_original_euler_n200_dt0.0125_L4,S1,4.0,integrable_original,euler,200,0.0125,4.0,main,0.5,8001,0.0966507268003332,0.007598123043165095,9.665e-02 / 7.598e-03,C:\Users\msz\aca\Workspaces\hs_four_schemes_20260927\out\profiles\p4_integrable_original_euler_n200_dt0.0125_L4.npz,6cdfea3f3b2a4afcf0ff59b597180d7d077e049a5a8ebede3b97510ee5c0f08b,new
p4_integrable_original_heun_n400_dt0.003125_L4,S1,4.0,integrable_original,heun,400,0.003125,4.0,main,0.25,16001,0.011401000519982652,0.00046221445087557544,1.140e-02 / 4.622e-04,C:\Users\msz\aca\Workspaces\hs_four_schemes_20260927\out\profiles\p4_integrable_original_heun_n400_dt0.003125_L4.npz,7563e6b4a054186945f1d60a31abc75c5aa7f8272de69d0a29dc70b76a8791fd,new
p4_integrable_original_heun_n400_dt0.003125_L4,S1,4.0,integrable_original,heun,400,0.003125,4.0,main,0.5,16001,0.051175260911014576,0.004397592887786961,5.118e-02 / 4.398e-03,C:\Users\msz\aca\Workspaces\hs_four_schemes_20260927\out\profiles\p4_integrable_original_heun_n400_dt0.003125_L4.npz,7563e6b4a054186945f1d60a31abc75c5aa7f8272de69d0a29dc70b76a8791fd,new
p4_integrable_original_heun_n200_dt0.0125_L4,S1,4.0,integrable_original,heun,200,0.0125,4.0,main,0.25,8001,0.022880889230398816,0.0009366021573777861,2.288e-02 / 9.366e-04,C:\Users\msz\aca\Workspaces\hs_four_schemes_20260927\out\profiles\p4_integrable_original_heun_n200_dt0.0125_L4.npz,0954efd6e7c9f7eeca9d9dce51809776aeed9fd604581253bf07e260f58bba0e,new
p4_integrable_original_heun_n200_dt0.0125_L4,S1,4.0,integrable_original,heun,200,0.0125,4.0,main,0.5,8001,0.10285920125682808,0.008835679767571158,1.029e-01 / 8.836e-03,C:\Users\msz\aca\Workspaces\hs_four_schemes_20260927\out\profiles\p4_integrable_original_heun_n200_dt0.0125_L4.npz,0954efd6e7c9f7eeca9d9dce51809776aeed9fd604581253bf07e260f58bba0e,new
p4_integrable_original_rk4_n400_dt0.003125_L4,S1,4.0,integrable_original,rk4,400,0.003125,4.0,main,0.25,16001,0.011401634405804164,0.00046228895535116443,1.140e-02 / 4.623e-04,C:\Users\msz\aca\Workspaces\hs_conserved_mesh_20260925\out\calibration_parameter_scan\profiles\p4_integrable_original_rk4_n400_dt0.003125_L4.npz,2e91fa36f4357af9339ea9ff6b6191ff4f1e10b203b4c66b22e8005a458d7af4,reused
p4_integrable_original_rk4_n400_dt0.003125_L4,S1,4.0,integrable_original,rk4,400,0.003125,4.0,main,0.5,16001,0.051178066118244624,0.004398467109201332,5.118e-02 / 4.398e-03,C:\Users\msz\aca\Workspaces\hs_conserved_mesh_20260925\out\calibration_parameter_scan\profiles\p4_integrable_original_rk4_n400_dt0.003125_L4.npz,2e91fa36f4357af9339ea9ff6b6191ff4f1e10b203b4c66b22e8005a458d7af4,reused
p4_integrable_original_rk4_n200_dt0.0125_L4,S1,4.0,integrable_original,rk4,200,0.0125,4.0,main,0.25,8001,0.022900997293538485,0.0009384677623293092,2.290e-02 / 9.385e-04,C:\Users\msz\aca\Workspaces\hs_four_schemes_20260927\out\profiles\p4_integrable_original_rk4_n200_dt0.0125_L4.npz,c632754445b54f6331023d56f16c22008b6385e7e8a7ce0d578dd7ba229ad272,new
p4_integrable_original_rk4_n200_dt0.0125_L4,S1,4.0,integrable_original,rk4,200,0.0125,4.0,main,0.5,8001,0.10294861959642293,0.008863239138864665,1.029e-01 / 8.863e-03,C:\Users\msz\aca\Workspaces\hs_four_schemes_20260927\out\profiles\p4_integrable_original_rk4_n200_dt0.0125_L4.npz,c632754445b54f6331023d56f16c22008b6385e7e8a7ce0d578dd7ba229ad272,new
p4_integrable_original_rk8_n400_dt0.003125_L4,S1,4.0,integrable_original,rk8,400,0.003125,4.0,main,0.25,16001,0.011401634408645167,0.00046228895568967143,1.140e-02 / 4.623e-04,C:\Users\msz\aca\Workspaces\hs_four_schemes_20260927\out\profiles\p4_integrable_original_rk8_n400_dt0.003125_L4.npz,143236202fe5f95409744db09666e38d75543c8cdab880952c02320e80c6461f,new
p4_integrable_original_rk8_n400_dt0.003125_L4,S1,4.0,integrable_original,rk8,400,0.003125,4.0,main,0.5,16001,0.05117806612952068,0.004398467115156346,5.118e-02 / 4.398e-03,C:\Users\msz\aca\Workspaces\hs_four_schemes_20260927\out\profiles\p4_integrable_original_rk8_n400_dt0.003125_L4.npz,143236202fe5f95409744db09666e38d75543c8cdab880952c02320e80c6461f,new
p4_integrable_original_rk8_n200_dt0.0125_L4,S1,4.0,integrable_original,rk8,200,0.0125,4.0,main,0.25,8001,0.02290099875375099,0.0009384678781353406,2.290e-02 / 9.385e-04,C:\Users\msz\aca\Workspaces\hs_four_schemes_20260927\out\profiles\p4_integrable_original_rk8_n200_dt0.0125_L4.npz,ea290895023420d4b111990289e1997d12b116dab7477afb70e5cbe61ebc1759,new
p4_integrable_original_rk8_n200_dt0.0125_L4,S1,4.0,integrable_original,rk8,200,0.0125,4.0,main,0.5,8001,0.10294862542776954,0.008863242144614536,1.029e-01 / 8.863e-03,C:\Users\msz\aca\Workspaces\hs_four_schemes_20260927\out\profiles\p4_integrable_original_rk8_n200_dt0.0125_L4.npz,ea290895023420d4b111990289e1997d12b116dab7477afb70e5cbe61ebc1759,new
p4_integrable_calibrated_euler_n400_dt0.003125_L4,S2,4.0,integrable_calibrated,euler,400,0.003125,4.0,main,0.25,16001,5.12510460236623e-05,3.6562059898992416e-05,5.125e-05 / 3.656e-05,C:\Users\msz\aca\Workspaces\hs_conserved_mesh_20260925\out\euler_comparison\profiles\p4_integrable_calibrated_euler_n400_dt0.003125_L4.npz,1cb6b3d07e3b1b07a95f6c0e20f2fa70eb8b48cc76320d2befc757670a328169,reused
p4_integrable_calibrated_euler_n400_dt0.003125_L4,S2,4.0,integrable_calibrated,euler,400,0.003125,4.0,main,0.5,16001,0.00023000101272649008,3.422578486789174e-05,2.300e-04 / 3.423e-05,C:\Users\msz\aca\Workspaces\hs_conserved_mesh_20260925\out\euler_comparison\profiles\p4_integrable_calibrated_euler_n400_dt0.003125_L4.npz,1cb6b3d07e3b1b07a95f6c0e20f2fa70eb8b48cc76320d2befc757670a328169,reused
p4_integrable_calibrated_euler_n200_dt0.0125_L4,S2,4.0,integrable_calibrated,euler,200,0.0125,4.0,main,0.25,8001,0.00019581140517343316,0.00014582392437445524,1.958e-04 / 1.458e-04,C:\Users\msz\aca\Workspaces\hs_four_schemes_20260927\out\profiles\p4_integrable_calibrated_euler_n200_dt0.0125_L4.npz,e00300e77a2f409f28526133688e04ff75a7324e4cfe1aac8b79f671613dfda9,new
p4_integrable_calibrated_euler_n200_dt0.0125_L4,S2,4.0,integrable_calibrated,euler,200,0.0125,4.0,main,0.5,8001,0.0008757106720321097,0.00013512374074708955,8.757e-04 / 1.351e-04,C:\Users\msz\aca\Workspaces\hs_four_schemes_20260927\out\profiles\p4_integrable_calibrated_euler_n200_dt0.0125_L4.npz,e00300e77a2f409f28526133688e04ff75a7324e4cfe1aac8b79f671613dfda9,new
p4_integrable_calibrated_heun_n400_dt0.003125_L4,S2,4.0,integrable_calibrated,heun,400,0.003125,4.0,main,0.25,16001,5.123028400282623e-05,4.572834136229442e-05,5.123e-05 / 4.573e-05,C:\Users\msz\aca\Workspaces\hs_four_schemes_20260927\out\profiles\p4_integrable_calibrated_heun_n400_dt0.003125_L4.npz,4109c09053f725fa477c42e1336136be7d1e14e4d3b15ddfef049b6a9f9b6caf,new
p4_integrable_calibrated_heun_n400_dt0.003125_L4,S2,4.0,integrable_calibrated,heun,400,0.003125,4.0,main,0.5,16001,0.00022685839462933694,5.2273321027640485e-05,2.269e-04 / 5.227e-05,C:\Users\msz\aca\Workspaces\hs_four_schemes_20260927\out\profiles\p4_integrable_calibrated_heun_n400_dt0.003125_L4.npz,4109c09053f725fa477c42e1336136be7d1e14e4d3b15ddfef049b6a9f9b6caf,new
p4_integrable_calibrated_heun_n200_dt0.0125_L4,S2,4.0,integrable_calibrated,heun,200,0.0125,4.0,main,0.25,8001,0.00020433078715305928,0.0001827680582099367,2.043e-04 / 1.828e-04,C:\Users\msz\aca\Workspaces\hs_four_schemes_20260927\out\profiles\p4_integrable_calibrated_heun_n200_dt0.0125_L4.npz,2355f136c84e3e2c4fc12f0035a4ce5609780375e55a0c37564e5a9c8d41e1f6,new
p4_integrable_calibrated_heun_n200_dt0.0125_L4,S2,4.0,integrable_calibrated,heun,200,0.0125,4.0,main,0.5,8001,0.0009064593981050824,0.00020893506652686078,9.065e-04 / 2.089e-04,C:\Users\msz\aca\Workspaces\hs_four_schemes_20260927\out\profiles\p4_integrable_calibrated_heun_n200_dt0.0125_L4.npz,2355f136c84e3e2c4fc12f0035a4ce5609780375e55a0c37564e5a9c8d41e1f6,new
p4_integrable_calibrated_rk4_n400_dt0.003125_L4,S2,4.0,integrable_calibrated,rk4,400,0.003125,4.0,main,0.25,16001,5.1216743536219335e-05,4.572868286334408e-05,5.122e-05 / 4.573e-05,C:\Users\msz\aca\Workspaces\hs_conserved_mesh_20260925\out\calibration_parameter_scan\profiles\p4_integrable_calibrated_rk4_n400_dt0.003125_L4.npz,0b153ef1570b260ece195eeb3553c8ec416f2e5bb5346c4cdf7d3d8fb8dddc7b,reused
p4_integrable_calibrated_rk4_n400_dt0.003125_L4,S2,4.0,integrable_calibrated,rk4,400,0.003125,4.0,main,0.5,16001,0.00022679753530988663,5.227380688910266e-05,2.268e-04 / 5.227e-05,C:\Users\msz\aca\Workspaces\hs_conserved_mesh_20260925\out\calibration_parameter_scan\profiles\p4_integrable_calibrated_rk4_n400_dt0.003125_L4.npz,0b153ef1570b260ece195eeb3553c8ec416f2e5bb5346c4cdf7d3d8fb8dddc7b,reused
p4_integrable_calibrated_rk4_n200_dt0.0125_L4,S2,4.0,integrable_calibrated,rk4,200,0.0125,4.0,main,0.25,8001,0.0002042539898425358,0.0001827711080540917,2.043e-04 / 1.828e-04,C:\Users\msz\aca\Workspaces\hs_four_schemes_20260927\out\profiles\p4_integrable_calibrated_rk4_n200_dt0.0125_L4.npz,5c2a0e42977e506e26ee5326b45f645060c736ecbdace02bb966f19ac1b318ae,new
p4_integrable_calibrated_rk4_n200_dt0.0125_L4,S2,4.0,integrable_calibrated,rk4,200,0.0125,4.0,main,0.5,8001,0.0009061036549957669,0.00020896362859013085,9.061e-04 / 2.090e-04,C:\Users\msz\aca\Workspaces\hs_four_schemes_20260927\out\profiles\p4_integrable_calibrated_rk4_n200_dt0.0125_L4.npz,5c2a0e42977e506e26ee5326b45f645060c736ecbdace02bb966f19ac1b318ae,new
p4_integrable_calibrated_rk8_n400_dt0.003125_L4,S2,4.0,integrable_calibrated,rk8,400,0.003125,4.0,main,0.25,16001,5.1216743388769574e-05,4.5728682857126834e-05,5.122e-05 / 4.573e-05,C:\Users\msz\aca\Workspaces\hs_four_schemes_20260927\out\profiles\p4_integrable_calibrated_rk8_n400_dt0.003125_L4.npz,5f0eedfc7a013ff28ed95c23fe297fc4ee318b357988a2d0017531d8578e63c2,new
p4_integrable_calibrated_rk8_n400_dt0.003125_L4,S2,4.0,integrable_calibrated,rk8,400,0.003125,4.0,main,0.5,16001,0.00022679753484201176,5.227380687000682e-05,2.268e-04 / 5.227e-05,C:\Users\msz\aca\Workspaces\hs_four_schemes_20260927\out\profiles\p4_integrable_calibrated_rk8_n400_dt0.003125_L4.npz,5f0eedfc7a013ff28ed95c23fe297fc4ee318b357988a2d0017531d8578e63c2,new
p4_integrable_calibrated_rk8_n200_dt0.0125_L4,S2,4.0,integrable_calibrated,rk8,200,0.0125,4.0,main,0.25,8001,0.00020425396269716173,0.00018277110676812036,2.043e-04 / 1.828e-04,C:\Users\msz\aca\Workspaces\hs_four_schemes_20260927\out\profiles\p4_integrable_calibrated_rk8_n200_dt0.0125_L4.npz,6e2eaec54c5dc9d587b3ce736675b45270056a5c4d4f7babfdd20e6c627ef9e1,new
p4_integrable_calibrated_rk8_n200_dt0.0125_L4,S2,4.0,integrable_calibrated,rk8,200,0.0125,4.0,main,0.5,8001,0.0009061035758145403,0.00020896362462208273,9.061e-04 / 2.090e-04,C:\Users\msz\aca\Workspaces\hs_four_schemes_20260927\out\profiles\p4_integrable_calibrated_rk8_n200_dt0.0125_L4.npz,6e2eaec54c5dc9d587b3ce736675b45270056a5c4d4f7babfdd20e6c627ef9e1,new
p4_difference_paper_ale_euler_n400_dt0.003125_L4,S3,4.0,difference_paper_ale,euler,400,0.003125,4.0,main,0.25,16001,7.756833419983455e-06,2.5752608756257622e-05,7.757e-06 / 2.575e-05,C:\Users\msz\aca\Workspaces\hs_four_schemes_20260927\out\profiles\p4_difference_paper_ale_euler_n400_dt0.003125_L4.npz,c4b85737a8e3044bffb96b1dbd9c93c0ab48e704f03013ad84b97b64dfda737f,new
p4_difference_paper_ale_euler_n400_dt0.003125_L4,S3,4.0,difference_paper_ale,euler,400,0.003125,4.0,main,0.5,16001,1.0620837606223343e-05,2.2822453977000556e-05,1.062e-05 / 2.282e-05,C:\Users\msz\aca\Workspaces\hs_four_schemes_20260927\out\profiles\p4_difference_paper_ale_euler_n400_dt0.003125_L4.npz,c4b85737a8e3044bffb96b1dbd9c93c0ab48e704f03013ad84b97b64dfda737f,new
p4_difference_paper_ale_euler_n200_dt0.0125_L4,S3,4.0,difference_paper_ale,euler,200,0.0125,4.0,main,0.25,8001,3.110104505265471e-05,0.0001029899581581617,3.110e-05 / 1.030e-04,C:\Users\msz\aca\Workspaces\hs_four_schemes_20260927\out\profiles\p4_difference_paper_ale_euler_n200_dt0.0125_L4.npz,e58fd6690e8227f7ef6c98cc5384701c80859c789af7de8da0a61de04ee41eac,new
p4_difference_paper_ale_euler_n200_dt0.0125_L4,S3,4.0,difference_paper_ale,euler,200,0.0125,4.0,main,0.5,8001,4.315593008143853e-05,9.106817330739592e-05,4.316e-05 / 9.107e-05,C:\Users\msz\aca\Workspaces\hs_four_schemes_20260927\out\profiles\p4_difference_paper_ale_euler_n200_dt0.0125_L4.npz,e58fd6690e8227f7ef6c98cc5384701c80859c789af7de8da0a61de04ee41eac,new
p4_difference_paper_ale_heun_n400_dt0.003125_L4,S3,4.0,difference_paper_ale,heun,400,0.003125,4.0,main,0.25,16001,1.017946426545846e-05,3.4542857497821267e-05,1.018e-05 / 3.454e-05,C:\Users\msz\aca\Workspaces\hs_four_schemes_20260927\out\profiles\p4_difference_paper_ale_heun_n400_dt0.003125_L4.npz,7aa7359bd3d8c6c09ef18f8e9c72f3da7c06bdf7a624b12830778f11dff3b8d3,new
p4_difference_paper_ale_heun_n400_dt0.003125_L4,S3,4.0,difference_paper_ale,heun,400,0.003125,4.0,main,0.5,16001,8.951126377151897e-06,3.766935690130424e-05,8.951e-06 / 3.767e-05,C:\Users\msz\aca\Workspaces\hs_four_schemes_20260927\out\profiles\p4_difference_paper_ale_heun_n400_dt0.003125_L4.npz,7aa7359bd3d8c6c09ef18f8e9c72f3da7c06bdf7a624b12830778f11dff3b8d3,new
p4_difference_paper_ale_heun_n200_dt0.0125_L4,S3,4.0,difference_paper_ale,heun,200,0.0125,4.0,main,0.25,8001,4.0899165044093466e-05,0.0001380827935997253,4.090e-05 / 1.381e-04,C:\Users\msz\aca\Workspaces\hs_four_schemes_20260927\out\profiles\p4_difference_paper_ale_heun_n200_dt0.0125_L4.npz,84d9d10569ee2f2ce88f703a1398f0114acff3d27a39a6765612b8d0b7ffb6b9,new
p4_difference_paper_ale_heun_n200_dt0.0125_L4,S3,4.0,difference_paper_ale,heun,200,0.0125,4.0,main,0.5,8001,3.6444962186181484e-05,0.00015040363946472457,3.644e-05 / 1.504e-04,C:\Users\msz\aca\Workspaces\hs_four_schemes_20260927\out\profiles\p4_difference_paper_ale_heun_n200_dt0.0125_L4.npz,84d9d10569ee2f2ce88f703a1398f0114acff3d27a39a6765612b8d0b7ffb6b9,new
p4_difference_paper_ale_rk4_n400_dt0.003125_L4,S3,4.0,difference_paper_ale,rk4,400,0.003125,4.0,main,0.25,16001,1.0158199196558249e-05,3.454309493045038e-05,1.016e-05 / 3.454e-05,C:\Users\msz\aca\Workspaces\hs_four_schemes_20260927\out\profiles\p4_difference_paper_ale_rk4_n400_dt0.003125_L4.npz,f2bf34122d263bfc3745abdb412d71b53ab9ef9186d765c039c8de99ab2cbeb0,new
p4_difference_paper_ale_rk4_n400_dt0.003125_L4,S3,4.0,difference_paper_ale,rk4,400,0.003125,4.0,main,0.5,16001,8.895758207630444e-06,3.7670985353899233e-05,8.896e-06 / 3.767e-05,C:\Users\msz\aca\Workspaces\hs_four_schemes_20260927\out\profiles\p4_difference_paper_ale_rk4_n400_dt0.003125_L4.npz,f2bf34122d263bfc3745abdb412d71b53ab9ef9186d765c039c8de99ab2cbeb0,new
p4_difference_paper_ale_rk4_n200_dt0.0125_L4,S3,4.0,difference_paper_ale,rk4,200,0.0125,4.0,main,0.25,8001,4.057325927486061e-05,0.00013808995841679828,4.057e-05 / 1.381e-04,C:\Users\msz\aca\Workspaces\hs_four_schemes_20260927\out\profiles\p4_difference_paper_ale_rk4_n200_dt0.0125_L4.npz,c61723d672669edf8e6f3338971ce424f85d076521c663965d1684c95dc5a73e,new
p4_difference_paper_ale_rk4_n200_dt0.0125_L4,S3,4.0,difference_paper_ale,rk4,200,0.0125,4.0,main,0.5,8001,3.557786382674816e-05,0.00015042614387017483,3.558e-05 / 1.504e-04,C:\Users\msz\aca\Workspaces\hs_four_schemes_20260927\out\profiles\p4_difference_paper_ale_rk4_n200_dt0.0125_L4.npz,c61723d672669edf8e6f3338971ce424f85d076521c663965d1684c95dc5a73e,new
p4_difference_paper_ale_rk8_n400_dt0.003125_L4,S3,4.0,difference_paper_ale,rk8,400,0.003125,4.0,main,0.25,16001,1.0158199433417392e-05,3.454309494432817e-05,1.016e-05 / 3.454e-05,C:\Users\msz\aca\Workspaces\hs_four_schemes_20260927\out\profiles\p4_difference_paper_ale_rk8_n400_dt0.003125_L4.npz,afe931ffb1efce2a4460c0dfb273b4a063bf72c32780f7a02f7afb40e21b7b9b,new
p4_difference_paper_ale_rk8_n400_dt0.003125_L4,S3,4.0,difference_paper_ale,rk8,400,0.003125,4.0,main,0.5,16001,8.895758842740464e-06,3.7670985388205125e-05,8.896e-06 / 3.767e-05,C:\Users\msz\aca\Workspaces\hs_four_schemes_20260927\out\profiles\p4_difference_paper_ale_rk8_n400_dt0.003125_L4.npz,afe931ffb1efce2a4460c0dfb273b4a063bf72c32780f7a02f7afb40e21b7b9b,new
p4_difference_paper_ale_rk8_n200_dt0.0125_L4,S3,4.0,difference_paper_ale,rk8,200,0.0125,4.0,main,0.25,8001,4.057331861316571e-05,0.00013808996181186028,4.057e-05 / 1.381e-04,C:\Users\msz\aca\Workspaces\hs_four_schemes_20260927\out\profiles\p4_difference_paper_ale_rk8_n200_dt0.0125_L4.npz,dbaf58a1e5c2006ae30d52cce1105f3d324a3aa114754a8c5cf1ca8cacbfba07,new
p4_difference_paper_ale_rk8_n200_dt0.0125_L4,S3,4.0,difference_paper_ale,rk8,200,0.0125,4.0,main,0.5,8001,3.5578022602657244e-05,0.00015042615245952629,3.558e-05 / 1.504e-04,C:\Users\msz\aca\Workspaces\hs_four_schemes_20260927\out\profiles\p4_difference_paper_ale_rk8_n200_dt0.0125_L4.npz,dbaf58a1e5c2006ae30d52cce1105f3d324a3aa114754a8c5cf1ca8cacbfba07,new
p4_difference_fixed_euler_n400_dt0.003125_L4,S4,4.0,difference_fixed,euler,400,0.003125,4.0,main,0.25,16001,4.444338435084794e-06,1.4455986687145206e-05,4.444e-06 / 1.446e-05,C:\Users\msz\aca\Workspaces\hs_conserved_mesh_20260925\out\euler_comparison\profiles\p4_difference_fixed_euler_n400_dt0.003125_L4.npz,ca9c733610c558f55708f5bc21cda79c031ac2ff02e77e50ec89f1d5228e01ac,reused
p4_difference_fixed_euler_n400_dt0.003125_L4,S4,4.0,difference_fixed,euler,400,0.003125,4.0,main,0.5,16001,3.5793222254720813e-06,1.2536134300522583e-05,3.579e-06 / 1.254e-05,C:\Users\msz\aca\Workspaces\hs_conserved_mesh_20260925\out\euler_comparison\profiles\p4_difference_fixed_euler_n400_dt0.003125_L4.npz,ca9c733610c558f55708f5bc21cda79c031ac2ff02e77e50ec89f1d5228e01ac,reused
p4_difference_fixed_euler_n200_dt0.0125_L4,S4,4.0,difference_fixed,euler,200,0.0125,4.0,main,0.25,8001,1.776476173562941e-05,5.785352851472858e-05,1.776e-05 / 5.785e-05,C:\Users\msz\aca\Workspaces\hs_table_data_20260927\out\profiles\p4_difference_fixed_euler_n200_dt0.0125_L4.npz,e32856c4d2c9b920440f334e628c0293e5ebfc20f1192e34bb6e2bc4a69dbb12,reused
p4_difference_fixed_euler_n200_dt0.0125_L4,S4,4.0,difference_fixed,euler,200,0.0125,4.0,main,0.5,8001,1.4414447043517575e-05,5.016585426842468e-05,1.441e-05 / 5.017e-05,C:\Users\msz\aca\Workspaces\hs_table_data_20260927\out\profiles\p4_difference_fixed_euler_n200_dt0.0125_L4.npz,e32856c4d2c9b920440f334e628c0293e5ebfc20f1192e34bb6e2bc4a69dbb12,reused
p4_difference_fixed_heun_n400_dt0.003125_L4,S4,4.0,difference_fixed,heun,400,0.003125,4.0,main,0.25,16001,6.143822620000017e-06,1.9478839059838826e-05,6.144e-06 / 1.948e-05,C:\Users\msz\aca\Workspaces\hs_table_data_20260927\out\profiles\p4_difference_fixed_heun_n400_dt0.003125_L4.npz,6be0ea45562574cc510dcf60237deeda28f7ddbb8e42bc0140a7ec34a603981b,reused
p4_difference_fixed_heun_n400_dt0.003125_L4,S4,4.0,difference_fixed,heun,400,0.003125,4.0,main,0.5,16001,6.110211533502663e-06,2.1365418310215212e-05,6.110e-06 / 2.137e-05,C:\Users\msz\aca\Workspaces\hs_table_data_20260927\out\profiles\p4_difference_fixed_heun_n400_dt0.003125_L4.npz,6be0ea45562574cc510dcf60237deeda28f7ddbb8e42bc0140a7ec34a603981b,reused
p4_difference_fixed_heun_n200_dt0.0125_L4,S4,4.0,difference_fixed,heun,200,0.0125,4.0,main,0.25,8001,2.456682385349601e-05,7.789685409320679e-05,2.457e-05 / 7.790e-05,C:\Users\msz\aca\Workspaces\hs_table_data_20260927\out\profiles\p4_difference_fixed_heun_n200_dt0.0125_L4.npz,37bd95bd113933d604f04c63acb3f5f6fcbe0d2fe7cc63f47e63eafb5ffc0343,reused
p4_difference_fixed_heun_n200_dt0.0125_L4,S4,4.0,difference_fixed,heun,200,0.0125,4.0,main,0.5,8001,2.44306108792558e-05,8.538239088973221e-05,2.443e-05 / 8.538e-05,C:\Users\msz\aca\Workspaces\hs_table_data_20260927\out\profiles\p4_difference_fixed_heun_n200_dt0.0125_L4.npz,37bd95bd113933d604f04c63acb3f5f6fcbe0d2fe7cc63f47e63eafb5ffc0343,reused
p4_difference_fixed_rk4_n400_dt0.003125_L4,S4,4.0,difference_fixed,rk4,400,0.003125,4.0,main,0.25,16001,6.143610951157841e-06,1.9479710161918184e-05,6.144e-06 / 1.948e-05,C:\Users\msz\aca\Workspaces\hs_conserved_mesh_20260925\out\calibration_parameter_scan\profiles\p4_difference_fixed_rk4_n400_dt0.003125_L4.npz,d383c08e209f4b24c94c9fef1d8a5b19b648661ea2caa96914fb613b365f3fd3,reused
p4_difference_fixed_rk4_n400_dt0.003125_L4,S4,4.0,difference_fixed,rk4,400,0.003125,4.0,main,0.5,16001,6.1096916315339644e-06,2.13683971725942e-05,6.110e-06 / 2.137e-05,C:\Users\msz\aca\Workspaces\hs_conserved_mesh_20260925\out\calibration_parameter_scan\profiles\p4_difference_fixed_rk4_n400_dt0.003125_L4.npz,d383c08e209f4b24c94c9fef1d8a5b19b648661ea2caa96914fb613b365f3fd3,reused
p4_difference_fixed_rk4_n200_dt0.0125_L4,S4,4.0,difference_fixed,rk4,200,0.0125,4.0,main,0.25,8001,2.4564002376901983e-05,7.79119705519582e-05,2.456e-05 / 7.791e-05,C:\Users\msz\aca\Workspaces\hs_table_data_20260927\out\profiles\p4_difference_fixed_rk4_n200_dt0.0125_L4.npz,53b83e162976da5f33795cc06165096abae2e7773e0d4eb500c739f93aafe03b,reused
p4_difference_fixed_rk4_n200_dt0.0125_L4,S4,4.0,difference_fixed,rk4,200,0.0125,4.0,main,0.5,8001,2.4424166666356384e-05,8.542824610380251e-05,2.442e-05 / 8.543e-05,C:\Users\msz\aca\Workspaces\hs_table_data_20260927\out\profiles\p4_difference_fixed_rk4_n200_dt0.0125_L4.npz,53b83e162976da5f33795cc06165096abae2e7773e0d4eb500c739f93aafe03b,reused
p4_difference_fixed_rk8_n400_dt0.003125_L4,S4,4.0,difference_fixed,rk8,400,0.003125,4.0,main,0.25,16001,6.1436109544468764e-06,1.9479710161918184e-05,6.144e-06 / 1.948e-05,C:\Users\msz\aca\Workspaces\hs_table_data_20260927\out\profiles\p4_difference_fixed_rk8_n400_dt0.003125_L4.npz,ad4cccc221ec1ffb02446b0c7709b1f8aeb981b3fd3fe8fd4dab05a8983f1dee,reused
p4_difference_fixed_rk8_n400_dt0.003125_L4,S4,4.0,difference_fixed,rk8,400,0.003125,4.0,main,0.5,16001,6.109691639916148e-06,2.1368397172372156e-05,6.110e-06 / 2.137e-05,C:\Users\msz\aca\Workspaces\hs_table_data_20260927\out\profiles\p4_difference_fixed_rk8_n400_dt0.003125_L4.npz,ad4cccc221ec1ffb02446b0c7709b1f8aeb981b3fd3fe8fd4dab05a8983f1dee,reused
p4_difference_fixed_rk8_n200_dt0.0125_L4,S4,4.0,difference_fixed,rk8,200,0.0125,4.0,main,0.25,8001,2.4564002986206257e-05,7.791197056750132e-05,2.456e-05 / 7.791e-05,C:\Users\msz\aca\Workspaces\hs_table_data_20260927\out\profiles\p4_difference_fixed_rk8_n200_dt0.0125_L4.npz,2b21b2c192d4d48073f41f0c8ebffb931e489aa9bbffed48512d216c5576bfdd,reused
p4_difference_fixed_rk8_n200_dt0.0125_L4,S4,4.0,difference_fixed,rk8,200,0.0125,4.0,main,0.5,8001,2.44241685957991e-05,8.542824615209721e-05,2.442e-05 / 8.543e-05,C:\Users\msz\aca\Workspaces\hs_table_data_20260927\out\profiles\p4_difference_fixed_rk8_n200_dt0.0125_L4.npz,2b21b2c192d4d48073f41f0c8ebffb931e489aa9bbffed48512d216c5576bfdd,reused
p5_integrable_original_euler_n400_dt0.003125_L4,S1,5.0,integrable_original,euler,400,0.003125,4.0,main,0.25,16001,0.012780484705533812,0.0006362422058713291,1.278e-02 / 6.362e-04,C:\Users\msz\aca\Workspaces\hs_conserved_mesh_20260925\out\euler_comparison\profiles\p5_integrable_original_euler_n400_dt0.003125_L4.npz,0973a4db4f2924eaba2cfd67642d6a797428915bc649cd95d89d5595c7092f13,reused
p5_integrable_original_euler_n400_dt0.003125_L4,S1,5.0,integrable_original,euler,400,0.003125,4.0,main,0.5,16001,0.05574281966810508,0.0046182697999930244,5.574e-02 / 4.618e-03,C:\Users\msz\aca\Workspaces\hs_conserved_mesh_20260925\out\euler_comparison\profiles\p5_integrable_original_euler_n400_dt0.003125_L4.npz,0973a4db4f2924eaba2cfd67642d6a797428915bc649cd95d89d5595c7092f13,reused
p5_integrable_original_euler_n400_dt0.0015625_L4,S1,5.0,integrable_original,euler,400,0.0015625,4.0,time_half,0.25,16001,0.012867530529896866,0.0006419264311804396,1.287e-02 / 6.419e-04,C:\Users\msz\aca\Workspaces\hs_conserved_mesh_20260925\out\euler_comparison\profiles\p5_integrable_original_euler_n400_dt0.0015625_L4.npz,b9113be9ef02d155b3c37238b1572316f4f5dc5a027892b6405786432c0a5a9b,reused
p5_integrable_original_euler_n400_dt0.0015625_L4,S1,5.0,integrable_original,euler,400,0.0015625,4.0,time_half,0.5,16001,0.05615257378634262,0.0047068883247909366,5.615e-02 / 4.707e-03,C:\Users\msz\aca\Workspaces\hs_conserved_mesh_20260925\out\euler_comparison\profiles\p5_integrable_original_euler_n400_dt0.0015625_L4.npz,b9113be9ef02d155b3c37238b1572316f4f5dc5a027892b6405786432c0a5a9b,reused
p5_integrable_original_euler_n200_dt0.0125_L4,S1,5.0,integrable_original,euler,200,0.0125,4.0,main,0.25,8001,0.024725442273086578,0.0012435730037377857,2.473e-02 / 1.244e-03,C:\Users\msz\aca\Workspaces\hs_conserved_mesh_20260925\out\parameter_calibration\profiles\p5_integrable_original_euler_n200_dt0.0125_L4.npz,d3bf15efd084752a5df15e8e0e3a57a29c92984b5d26bd95ec0622fce7253d02,reused
p5_integrable_original_euler_n200_dt0.0125_L4,S1,5.0,integrable_original,euler,200,0.0125,4.0,main,0.5,8001,0.10763858872479619,0.00850270176156609,1.076e-01 / 8.503e-03,C:\Users\msz\aca\Workspaces\hs_conserved_mesh_20260925\out\parameter_calibration\profiles\p5_integrable_original_euler_n200_dt0.0125_L4.npz,d3bf15efd084752a5df15e8e0e3a57a29c92984b5d26bd95ec0622fce7253d02,reused
p5_integrable_original_euler_n200_dt0.00625_L4,S1,5.0,integrable_original,euler,200,0.00625,4.0,time_half,0.25,8001,0.025401297634467978,0.0013015132323617173,2.540e-02 / 1.302e-03,C:\Users\msz\aca\Workspaces\hs_conserved_mesh_20260925\out\parameter_calibration\profiles\p5_integrable_original_euler_n200_dt0.00625_L4.npz,1e0ec768aeffa161a85b1c5ee80e6a0f37c81e43f154181004dc5cc1c7c5dded,reused
p5_integrable_original_euler_n200_dt0.00625_L4,S1,5.0,integrable_original,euler,200,0.00625,4.0,time_half,0.5,8001,0.11083511055199895,0.008978513021131507,1.108e-01 / 8.979e-03,C:\Users\msz\aca\Workspaces\hs_conserved_mesh_20260925\out\parameter_calibration\profiles\p5_integrable_original_euler_n200_dt0.00625_L4.npz,1e0ec768aeffa161a85b1c5ee80e6a0f37c81e43f154181004dc5cc1c7c5dded,reused
p5_integrable_original_heun_n400_dt0.003125_L4,S1,5.0,integrable_original,heun,400,0.003125,4.0,main,0.25,16001,0.01295477267978666,0.0006476144364204739,1.295e-02 / 6.476e-04,C:\Users\msz\aca\Workspaces\hs_four_schemes_20260927\out\profiles\p5_integrable_original_heun_n400_dt0.003125_L4.npz,152f866c0303c708d0c0c35f8463a3a56c3f0cb65d9b05742ea537f1acfd2b04,new
p5_integrable_original_heun_n400_dt0.003125_L4,S1,5.0,integrable_original,heun,400,0.003125,4.0,main,0.5,16001,0.056563791351230436,0.00479619351544136,5.656e-02 / 4.796e-03,C:\Users\msz\aca\Workspaces\hs_four_schemes_20260927\out\profiles\p5_integrable_original_heun_n400_dt0.003125_L4.npz,152f866c0303c708d0c0c35f8463a3a56c3f0cb65d9b05742ea537f1acfd2b04,new
p5_integrable_original_heun_n400_dt0.0015625_L4,S1,5.0,integrable_original,heun,400,0.0015625,4.0,time_half,0.25,16001,0.012955242897910503,0.0006476737983825975,1.296e-02 / 6.477e-04,C:\Users\msz\aca\Workspaces\hs_four_schemes_20260927\out\profiles\p5_integrable_original_heun_n400_dt0.0015625_L4.npz,864559debeedb215a61706381e101582db53c7cd8f0de4cd990bbebfcd816846,new
p5_integrable_original_heun_n400_dt0.0015625_L4,S1,5.0,integrable_original,heun,400,0.0015625,4.0,time_half,0.5,16001,0.056565761262133175,0.004796886752130081,5.657e-02 / 4.797e-03,C:\Users\msz\aca\Workspaces\hs_four_schemes_20260927\out\profiles\p5_integrable_original_heun_n400_dt0.0015625_L4.npz,864559debeedb215a61706381e101582db53c7cd8f0de4cd990bbebfcd816846,new
p5_integrable_original_heun_n200_dt0.0125_L4,S1,5.0,integrable_original,heun,200,0.0125,4.0,main,0.25,8001,0.026082856657542904,0.0013598660563091114,2.608e-02 / 1.360e-03,C:\Users\msz\aca\Workspaces\hs_conserved_mesh_20260925\out\parameter_calibration\profiles\p5_integrable_original_heun_n200_dt0.0125_L4.npz,5c68873d55d60572f857ed25c090d10204c00a1e148e22c0e78eb123717ecc00,reused
p5_integrable_original_heun_n200_dt0.0125_L4,S1,5.0,integrable_original,heun,200,0.0125,4.0,main,0.5,8001,0.11407614637573396,0.009668073705271008,1.141e-01 / 9.668e-03,C:\Users\msz\aca\Workspaces\hs_conserved_mesh_20260925\out\parameter_calibration\profiles\p5_integrable_original_heun_n200_dt0.0125_L4.npz,5c68873d55d60572f857ed25c090d10204c00a1e148e22c0e78eb123717ecc00,reused
p5_integrable_original_heun_n200_dt0.00625_L4,S1,5.0,integrable_original,heun,200,0.00625,4.0,time_half,0.25,8001,0.026098046458351197,0.0013612567787277818,2.610e-02 / 1.361e-03,C:\Users\msz\aca\Workspaces\hs_conserved_mesh_20260925\out\parameter_calibration\profiles\p5_integrable_original_heun_n200_dt0.00625_L4.npz,384449293e9133139eb50acc708d49d7bb2f4521d8af82956ba4205f197f7b99,reused
p5_integrable_original_heun_n200_dt0.00625_L4,S1,5.0,integrable_original,heun,200,0.00625,4.0,time_half,0.5,8001,0.11414016061387611,0.00969001643809464,1.141e-01 / 9.690e-03,C:\Users\msz\aca\Workspaces\hs_conserved_mesh_20260925\out\parameter_calibration\profiles\p5_integrable_original_heun_n200_dt0.00625_L4.npz,384449293e9133139eb50acc708d49d7bb2f4521d8af82956ba4205f197f7b99,reused
p5_integrable_original_rk4_n400_dt0.003125_L4,S1,5.0,integrable_original,rk4,400,0.003125,4.0,main,0.25,16001,0.012955400363032058,0.00064769367132822,1.296e-02 / 6.477e-04,C:\Users\msz\aca\Workspaces\hs_conserved_mesh_20260925\out\parameter_calibration\profiles\p5_integrable_original_rk4_n400_dt0.003125_L4.npz,5a5ca09352daabe6852a4bea6c6265cf5e4dcf1d2dc222355a21282318cea174,reused
p5_integrable_original_rk4_n400_dt0.003125_L4,S1,5.0,integrable_original,rk4,400,0.003125,4.0,main,0.5,16001,0.05656642075960709,0.004797119249955628,5.657e-02 / 4.797e-03,C:\Users\msz\aca\Workspaces\hs_conserved_mesh_20260925\out\parameter_calibration\profiles\p5_integrable_original_rk4_n400_dt0.003125_L4.npz,5a5ca09352daabe6852a4bea6c6265cf5e4dcf1d2dc222355a21282318cea174,reused
p5_integrable_original_rk4_n400_dt0.0015625_L4,S1,5.0,integrable_original,rk4,400,0.0015625,4.0,time_half,0.25,16001,0.012955400365177517,0.000647693671547156,1.296e-02 / 6.477e-04,C:\Users\msz\aca\Workspaces\hs_four_schemes_20260927\out\profiles\p5_integrable_original_rk4_n400_dt0.0015625_L4.npz,e1f176a7ebdcdb120b03f2f2d056d0c69b77b80f69f6fa8f5654e742b257fc80,new
p5_integrable_original_rk4_n400_dt0.0015625_L4,S1,5.0,integrable_original,rk4,400,0.0015625,4.0,time_half,0.5,16001,0.05656642076781189,0.004797119255240179,5.657e-02 / 4.797e-03,C:\Users\msz\aca\Workspaces\hs_four_schemes_20260927\out\profiles\p5_integrable_original_rk4_n400_dt0.0015625_L4.npz,e1f176a7ebdcdb120b03f2f2d056d0c69b77b80f69f6fa8f5654e742b257fc80,new
p5_integrable_original_rk4_n200_dt0.0125_L4,S1,5.0,integrable_original,rk4,200,0.0125,4.0,main,0.25,8001,0.02610320404149459,0.001361727097869636,2.610e-02 / 1.362e-03,C:\Users\msz\aca\Workspaces\hs_conserved_mesh_20260925\out\parameter_calibration\profiles\p5_integrable_original_rk4_n200_dt0.0125_L4.npz,74373396cd7dd158ebb2fca620a70e8d19e77a91e33dca547a646d7543b0a194,reused
p5_integrable_original_rk4_n200_dt0.0125_L4,S1,5.0,integrable_original,rk4,200,0.0125,4.0,main,0.5,8001,0.11416187170436912,0.009697511542767545,1.142e-01 / 9.698e-03,C:\Users\msz\aca\Workspaces\hs_conserved_mesh_20260925\out\parameter_calibration\profiles\p5_integrable_original_rk4_n200_dt0.0125_L4.npz,74373396cd7dd158ebb2fca620a70e8d19e77a91e33dca547a646d7543b0a194,reused
p5_integrable_original_rk4_n200_dt0.00625_L4,S1,5.0,integrable_original,rk4,200,0.00625,4.0,time_half,0.25,8001,0.02610320519849394,0.0013617271620026683,2.610e-02 / 1.362e-03,C:\Users\msz\aca\Workspaces\hs_conserved_mesh_20260925\out\parameter_calibration\profiles\p5_integrable_original_rk4_n200_dt0.00625_L4.npz,aa539edc936972ebbe429a2815c1badcdf9d87d40213b14fa091db75c56763c6,reused
p5_integrable_original_rk4_n200_dt0.00625_L4,S1,5.0,integrable_original,rk4,200,0.00625,4.0,time_half,0.5,8001,0.11416187613243886,0.009697514254104478,1.142e-01 / 9.698e-03,C:\Users\msz\aca\Workspaces\hs_conserved_mesh_20260925\out\parameter_calibration\profiles\p5_integrable_original_rk4_n200_dt0.00625_L4.npz,aa539edc936972ebbe429a2815c1badcdf9d87d40213b14fa091db75c56763c6,reused
p5_integrable_original_rk8_n400_dt0.003125_L4,S1,5.0,integrable_original,rk8,400,0.003125,4.0,main,0.25,16001,0.01295540036532102,0.0006476936715594794,1.296e-02 / 6.477e-04,C:\Users\msz\aca\Workspaces\hs_four_schemes_20260927\out\profiles\p5_integrable_original_rk8_n400_dt0.003125_L4.npz,edef197b8839275d6fde7ba22f7ba25dbdf82d1efb05c37a095225f392420a62,new
p5_integrable_original_rk8_n400_dt0.003125_L4,S1,5.0,integrable_original,rk8,400,0.003125,4.0,main,0.5,16001,0.056566420768360715,0.004797119255593452,5.657e-02 / 4.797e-03,C:\Users\msz\aca\Workspaces\hs_four_schemes_20260927\out\profiles\p5_integrable_original_rk8_n400_dt0.003125_L4.npz,edef197b8839275d6fde7ba22f7ba25dbdf82d1efb05c37a095225f392420a62,new
p5_integrable_original_rk8_n400_dt0.0015625_L4,S1,5.0,integrable_original,rk8,400,0.0015625,4.0,time_half,0.25,16001,0.012955400365321112,0.0006476936715614778,1.296e-02 / 6.477e-04,C:\Users\msz\aca\Workspaces\hs_four_schemes_20260927\out\profiles\p5_integrable_original_rk8_n400_dt0.0015625_L4.npz,8dc66bf0d314b2b628563abab475068a5ff6d95d9f55a517783e371cc957eaa7,new
p5_integrable_original_rk8_n400_dt0.0015625_L4,S1,5.0,integrable_original,rk8,400,0.0015625,4.0,time_half,0.5,16001,0.056566420768360694,0.004797119255593341,5.657e-02 / 4.797e-03,C:\Users\msz\aca\Workspaces\hs_four_schemes_20260927\out\profiles\p5_integrable_original_rk8_n400_dt0.0015625_L4.npz,8dc66bf0d314b2b628563abab475068a5ff6d95d9f55a517783e371cc957eaa7,new
p5_integrable_original_rk8_n200_dt0.0125_L4,S1,5.0,integrable_original,rk8,200,0.0125,4.0,main,0.25,8001,0.026103205276697905,0.0013617271663262098,2.610e-02 / 1.362e-03,C:\Users\msz\aca\Workspaces\hs_conserved_mesh_20260925\out\parameter_calibration\profiles\p5_integrable_original_rk8_n200_dt0.0125_L4.npz,c41c503082512259eef66bfffb4c4d719d23f871d0a969636d729e7c26a094b9,reused
p5_integrable_original_rk8_n200_dt0.0125_L4,S1,5.0,integrable_original,rk8,200,0.0125,4.0,main,0.5,8001,0.11416187643162037,0.009697514437806198,1.142e-01 / 9.698e-03,C:\Users\msz\aca\Workspaces\hs_conserved_mesh_20260925\out\parameter_calibration\profiles\p5_integrable_original_rk8_n200_dt0.0125_L4.npz,c41c503082512259eef66bfffb4c4d719d23f871d0a969636d729e7c26a094b9,reused
p5_integrable_original_rk8_n200_dt0.00625_L4,S1,5.0,integrable_original,rk8,200,0.00625,4.0,time_half,0.25,8001,0.02610320527669813,0.0013617271663257657,2.610e-02 / 1.362e-03,C:\Users\msz\aca\Workspaces\hs_conserved_mesh_20260925\out\parameter_calibration\profiles\p5_integrable_original_rk8_n200_dt0.00625_L4.npz,781f006bf0b536461449c44d564f2b9bb7e263d6fab879bd1c42483b8e29988e,reused
p5_integrable_original_rk8_n200_dt0.00625_L4,S1,5.0,integrable_original,rk8,200,0.00625,4.0,time_half,0.5,8001,0.11416187643162136,0.009697514437805976,1.142e-01 / 9.698e-03,C:\Users\msz\aca\Workspaces\hs_conserved_mesh_20260925\out\parameter_calibration\profiles\p5_integrable_original_rk8_n200_dt0.00625_L4.npz,781f006bf0b536461449c44d564f2b9bb7e263d6fab879bd1c42483b8e29988e,reused
p5_integrable_calibrated_euler_n400_dt0.003125_L4,S2,5.0,integrable_calibrated,euler,400,0.003125,4.0,main,0.25,16001,9.745297504513181e-05,9.413427124282947e-05,9.745e-05 / 9.413e-05,C:\Users\msz\aca\Workspaces\hs_conserved_mesh_20260925\out\euler_comparison\profiles\p5_integrable_calibrated_euler_n400_dt0.003125_L4.npz,70645d1ce231539f64ca70585ddc0cc9aef018b0758d3eb364a8adcf15752439,reused
p5_integrable_calibrated_euler_n400_dt0.003125_L4,S2,5.0,integrable_calibrated,euler,400,0.003125,4.0,main,0.5,16001,0.000430548061527522,9.05918410671891e-05,4.305e-04 / 9.059e-05,C:\Users\msz\aca\Workspaces\hs_conserved_mesh_20260925\out\euler_comparison\profiles\p5_integrable_calibrated_euler_n400_dt0.003125_L4.npz,70645d1ce231539f64ca70585ddc0cc9aef018b0758d3eb364a8adcf15752439,reused
p5_integrable_calibrated_euler_n400_dt0.0015625_L4,S2,5.0,integrable_calibrated,euler,400,0.0015625,4.0,time_half,0.25,16001,9.704115859588422e-05,0.00010224829799831969,9.704e-05 / 1.022e-04,C:\Users\msz\aca\Workspaces\hs_conserved_mesh_20260925\out\euler_comparison\profiles\p5_integrable_calibrated_euler_n400_dt0.0015625_L4.npz,63682931252b65390caae6bb7d23a727286a4dccbd0cab297561c8433765ce25,reused
p5_integrable_calibrated_euler_n400_dt0.0015625_L4,S2,5.0,integrable_calibrated,euler,400,0.0015625,4.0,time_half,0.5,16001,0.00042564117926128446,0.00010582108842116522,4.256e-04 / 1.058e-04,C:\Users\msz\aca\Workspaces\hs_conserved_mesh_20260925\out\euler_comparison\profiles\p5_integrable_calibrated_euler_n400_dt0.0015625_L4.npz,63682931252b65390caae6bb7d23a727286a4dccbd0cab297561c8433765ce25,reused
p5_integrable_calibrated_euler_n200_dt0.0125_L4,S2,5.0,integrable_calibrated,euler,200,0.0125,4.0,main,0.25,8001,0.0003750648999312021,0.0003757291648666117,3.751e-04 / 3.757e-04,C:\Users\msz\aca\Workspaces\hs_conserved_mesh_20260925\out\parameter_calibration\profiles\p5_integrable_calibrated_euler_n200_dt0.0125_L4.npz,eb47512c571c2bf55e1edbdbf26cbb775c15b59f64ded9a6dd75768802230a33,reused
p5_integrable_calibrated_euler_n200_dt0.0125_L4,S2,5.0,integrable_calibrated,euler,200,0.0125,4.0,main,0.5,8001,0.0016474887460852742,0.00035933629689988145,1.647e-03 / 3.593e-04,C:\Users\msz\aca\Workspaces\hs_conserved_mesh_20260925\out\parameter_calibration\profiles\p5_integrable_calibrated_euler_n200_dt0.0125_L4.npz,eb47512c571c2bf55e1edbdbf26cbb775c15b59f64ded9a6dd75768802230a33,reused
p5_integrable_calibrated_euler_n200_dt0.00625_L4,S2,5.0,integrable_calibrated,euler,200,0.00625,4.0,time_half,0.25,8001,0.00038141965931859324,0.0004083335259682519,3.814e-04 / 4.083e-04,C:\Users\msz\aca\Workspaces\hs_conserved_mesh_20260925\out\parameter_calibration\profiles\p5_integrable_calibrated_euler_n200_dt0.00625_L4.npz,ba985096051c8f85153b8aa9b7af6b5dadb33f7eded4f563d77fa0c8e8031e62,reused
p5_integrable_calibrated_euler_n200_dt0.00625_L4,S2,5.0,integrable_calibrated,euler,200,0.00625,4.0,time_half,0.5,8001,0.001666194784864938,0.00042152889064805965,1.666e-03 / 4.215e-04,C:\Users\msz\aca\Workspaces\hs_conserved_mesh_20260925\out\parameter_calibration\profiles\p5_integrable_calibrated_euler_n200_dt0.00625_L4.npz,ba985096051c8f85153b8aa9b7af6b5dadb33f7eded4f563d77fa0c8e8031e62,reused
p5_integrable_calibrated_heun_n400_dt0.003125_L4,S2,5.0,integrable_calibrated,heun,400,0.003125,4.0,main,0.25,16001,9.66346145352267e-05,0.00011036131060249144,9.663e-05 / 1.104e-04,C:\Users\msz\aca\Workspaces\hs_four_schemes_20260927\out\profiles\p5_integrable_calibrated_heun_n400_dt0.003125_L4.npz,813759c161f6a7144058116457cd1b4a9ee730c866d6c5f3926dfe7c7db4523b,new
p5_integrable_calibrated_heun_n400_dt0.003125_L4,S2,5.0,integrable_calibrated,heun,400,0.003125,4.0,main,0.5,16001,0.00042071126530272797,0.00012172779096042419,4.207e-04 / 1.217e-04,C:\Users\msz\aca\Workspaces\hs_four_schemes_20260927\out\profiles\p5_integrable_calibrated_heun_n400_dt0.003125_L4.npz,813759c161f6a7144058116457cd1b4a9ee730c866d6c5f3926dfe7c7db4523b,new
p5_integrable_calibrated_heun_n400_dt0.0015625_L4,S2,5.0,integrable_calibrated,heun,400,0.0015625,4.0,time_half,0.25,16001,9.661020113917965e-05,0.00011036140923958992,9.661e-05 / 1.104e-04,C:\Users\msz\aca\Workspaces\hs_four_schemes_20260927\out\profiles\p5_integrable_calibrated_heun_n400_dt0.0015625_L4.npz,b38db15a1f0edf23c43fa3b9806a56523f6b8913be694b1a1ca15e7a1bdc99fb,new
p5_integrable_calibrated_heun_n400_dt0.0015625_L4,S2,5.0,integrable_calibrated,heun,400,0.0015625,4.0,time_half,0.5,16001,0.00042060446356041313,0.00012173067686749306,4.206e-04 / 1.217e-04,C:\Users\msz\aca\Workspaces\hs_four_schemes_20260927\out\profiles\p5_integrable_calibrated_heun_n400_dt0.0015625_L4.npz,b38db15a1f0edf23c43fa3b9806a56523f6b8913be694b1a1ca15e7a1bdc99fb,new
p5_integrable_calibrated_heun_n200_dt0.0125_L4,S2,5.0,integrable_calibrated,heun,200,0.0125,4.0,main,0.25,8001,0.0003879356681928811,0.00044092411383245267,3.879e-04 / 4.409e-04,C:\Users\msz\aca\Workspaces\hs_conserved_mesh_20260925\out\parameter_calibration\profiles\p5_integrable_calibrated_heun_n200_dt0.0125_L4.npz,62d9c72089b7dcb930ab22dad90ba34ce78219cce707b65e13373dd4a330085d,reused
p5_integrable_calibrated_heun_n200_dt0.0125_L4,S2,5.0,integrable_calibrated,heun,200,0.0125,4.0,main,0.5,8001,0.0016851364060031884,0.0004863320427532791,1.685e-03 / 4.863e-04,C:\Users\msz\aca\Workspaces\hs_conserved_mesh_20260925\out\parameter_calibration\profiles\p5_integrable_calibrated_heun_n200_dt0.0125_L4.npz,62d9c72089b7dcb930ab22dad90ba34ce78219cce707b65e13373dd4a330085d,reused
p5_integrable_calibrated_heun_n200_dt0.00625_L4,S2,5.0,integrable_calibrated,heun,200,0.00625,4.0,time_half,0.25,8001,0.0003877300431646823,0.0004409318950895358,3.877e-04 / 4.409e-04,C:\Users\msz\aca\Workspaces\hs_conserved_mesh_20260925\out\parameter_calibration\profiles\p5_integrable_calibrated_heun_n200_dt0.00625_L4.npz,661a93369a7c8a16aa799a8ab08de561694cd48864950323d836a19f9877442c,reused
p5_integrable_calibrated_heun_n200_dt0.00625_L4,S2,5.0,integrable_calibrated,heun,200,0.00625,4.0,time_half,0.5,8001,0.0016841961073108822,0.0004864010054570489,1.684e-03 / 4.864e-04,C:\Users\msz\aca\Workspaces\hs_conserved_mesh_20260925\out\parameter_calibration\profiles\p5_integrable_calibrated_heun_n200_dt0.00625_L4.npz,661a93369a7c8a16aa799a8ab08de561694cd48864950323d836a19f9877442c,reused
p5_integrable_calibrated_rk4_n400_dt0.003125_L4,S2,5.0,integrable_calibrated,rk4,400,0.003125,4.0,main,0.25,16001,9.660201494762256e-05,0.00011036143716636193,9.660e-05 / 1.104e-04,C:\Users\msz\aca\Workspaces\hs_conserved_mesh_20260925\out\parameter_calibration\profiles\p5_integrable_calibrated_rk4_n400_dt0.003125_L4.npz,a468840f72f934eada45c57dcc571c95e88993c7e17dd8cbfb204761e73939c2,reused
p5_integrable_calibrated_rk4_n400_dt0.003125_L4,S2,5.0,integrable_calibrated,rk4,400,0.003125,4.0,main,0.5,16001,0.00042056870047437324,0.00012173162700113149,4.206e-04 / 1.217e-04,C:\Users\msz\aca\Workspaces\hs_conserved_mesh_20260925\out\parameter_calibration\profiles\p5_integrable_calibrated_rk4_n400_dt0.003125_L4.npz,a468840f72f934eada45c57dcc571c95e88993c7e17dd8cbfb204761e73939c2,reused
p5_integrable_calibrated_rk4_n400_dt0.0015625_L4,S2,5.0,integrable_calibrated,rk4,400,0.0015625,4.0,time_half,0.25,16001,9.66020146525822e-05,0.00011036143715614788,9.660e-05 / 1.104e-04,C:\Users\msz\aca\Workspaces\hs_four_schemes_20260927\out\profiles\p5_integrable_calibrated_rk4_n400_dt0.0015625_L4.npz,dcc1773b5923d66a7b780cf6409b970d8a4a762b3d4a0334f1464c6e3e73ed91,new
p5_integrable_calibrated_rk4_n400_dt0.0015625_L4,S2,5.0,integrable_calibrated,rk4,400,0.0015625,4.0,time_half,0.5,16001,0.0004205686995672562,0.00012173162696749174,4.206e-04 / 1.217e-04,C:\Users\msz\aca\Workspaces\hs_four_schemes_20260927\out\profiles\p5_integrable_calibrated_rk4_n400_dt0.0015625_L4.npz,dcc1773b5923d66a7b780cf6409b970d8a4a762b3d4a0334f1464c6e3e73ed91,new
p5_integrable_calibrated_rk4_n200_dt0.0125_L4,S2,5.0,integrable_calibrated,rk4,200,0.0125,4.0,main,0.25,8001,0.00038765953653732785,0.0004409341967295255,3.877e-04 / 4.409e-04,C:\Users\msz\aca\Workspaces\hs_conserved_mesh_20260925\out\parameter_calibration\profiles\p5_integrable_calibrated_rk4_n200_dt0.0125_L4.npz,b2a48d1b87508490b0b67e7aaa0a5de9fadde34ba878ed7a2f0666c782422da5,reused
p5_integrable_calibrated_rk4_n200_dt0.0125_L4,S2,5.0,integrable_calibrated,rk4,200,0.0125,4.0,main,0.5,8001,0.0016838766005823616,0.00048642332951898126,1.684e-03 / 4.864e-04,C:\Users\msz\aca\Workspaces\hs_conserved_mesh_20260925\out\parameter_calibration\profiles\p5_integrable_calibrated_rk4_n200_dt0.0125_L4.npz,b2a48d1b87508490b0b67e7aaa0a5de9fadde34ba878ed7a2f0666c782422da5,reused
p5_integrable_calibrated_rk4_n200_dt0.00625_L4,S2,5.0,integrable_calibrated,rk4,200,0.00625,4.0,time_half,0.25,8001,0.00038765947513757734,0.00044093419422175373,3.877e-04 / 4.409e-04,C:\Users\msz\aca\Workspaces\hs_conserved_mesh_20260925\out\parameter_calibration\profiles\p5_integrable_calibrated_rk4_n200_dt0.00625_L4.npz,099c0b2cdc29c2c27cab9777b19e4689450eb12f2aede654a18d5c791d118197,reused
p5_integrable_calibrated_rk4_n200_dt0.00625_L4,S2,5.0,integrable_calibrated,rk4,200,0.00625,4.0,time_half,0.5,8001,0.001683876421296401,0.00048642332157800006,1.684e-03 / 4.864e-04,C:\Users\msz\aca\Workspaces\hs_conserved_mesh_20260925\out\parameter_calibration\profiles\p5_integrable_calibrated_rk4_n200_dt0.00625_L4.npz,099c0b2cdc29c2c27cab9777b19e4689450eb12f2aede654a18d5c791d118197,reused
p5_integrable_calibrated_rk8_n400_dt0.003125_L4,S2,5.0,integrable_calibrated,rk8,400,0.003125,4.0,main,0.25,16001,9.660201463265142e-05,0.00011036143715492663,9.660e-05 / 1.104e-04,C:\Users\msz\aca\Workspaces\hs_four_schemes_20260927\out\profiles\p5_integrable_calibrated_rk8_n400_dt0.003125_L4.npz,f98dbff8afbbbb8ad11719e02bfae6a763fca622330c9bd125261aaaa9aa75a0,new
p5_integrable_calibrated_rk8_n400_dt0.003125_L4,S2,5.0,integrable_calibrated,rk8,400,0.003125,4.0,main,0.5,16001,0.00042056869950394464,0.0001217316269648272,4.206e-04 / 1.217e-04,C:\Users\msz\aca\Workspaces\hs_four_schemes_20260927\out\profiles\p5_integrable_calibrated_rk8_n400_dt0.003125_L4.npz,f98dbff8afbbbb8ad11719e02bfae6a763fca622330c9bd125261aaaa9aa75a0,new
p5_integrable_calibrated_rk8_n400_dt0.0015625_L4,S2,5.0,integrable_calibrated,rk8,400,0.0015625,4.0,time_half,0.25,16001,9.660201463286859e-05,0.00011036143715559277,9.660e-05 / 1.104e-04,C:\Users\msz\aca\Workspaces\hs_four_schemes_20260927\out\profiles\p5_integrable_calibrated_rk8_n400_dt0.0015625_L4.npz,9941508cbf3f0edf0198b4e14bdd735d731263948ee010b926cffd910cd16732,new
p5_integrable_calibrated_rk8_n400_dt0.0015625_L4,S2,5.0,integrable_calibrated,rk8,400,0.0015625,4.0,time_half,0.5,16001,0.0004205686995062106,0.00012173162696560436,4.206e-04 / 1.217e-04,C:\Users\msz\aca\Workspaces\hs_four_schemes_20260927\out\profiles\p5_integrable_calibrated_rk8_n400_dt0.0015625_L4.npz,9941508cbf3f0edf0198b4e14bdd735d731263948ee010b926cffd910cd16732,new
p5_integrable_calibrated_rk8_n200_dt0.0125_L4,S2,5.0,integrable_calibrated,rk8,200,0.0125,4.0,main,0.25,8001,0.0003876594710099702,0.000440934194053888,3.877e-04 / 4.409e-04,C:\Users\msz\aca\Workspaces\hs_conserved_mesh_20260925\out\parameter_calibration\profiles\p5_integrable_calibrated_rk8_n200_dt0.0125_L4.npz,4e8688efb4bd233e03e15f62c108a9faa99bfb4318e8ec044311c6198c4a2622,reused
p5_integrable_calibrated_rk8_n200_dt0.0125_L4,S2,5.0,integrable_calibrated,rk8,200,0.0125,4.0,main,0.5,8001,0.0016838764092589548,0.00048642332104620323,1.684e-03 / 4.864e-04,C:\Users\msz\aca\Workspaces\hs_conserved_mesh_20260925\out\parameter_calibration\profiles\p5_integrable_calibrated_rk8_n200_dt0.0125_L4.npz,4e8688efb4bd233e03e15f62c108a9faa99bfb4318e8ec044311c6198c4a2622,reused
p5_integrable_calibrated_rk8_n200_dt0.00625_L4,S2,5.0,integrable_calibrated,rk8,200,0.00625,4.0,time_half,0.25,8001,0.0003876594710099028,0.000440934194053777,3.877e-04 / 4.409e-04,C:\Users\msz\aca\Workspaces\hs_conserved_mesh_20260925\out\parameter_calibration\profiles\p5_integrable_calibrated_rk8_n200_dt0.00625_L4.npz,42c7a4d10742830d6817e806cae8d74ea74bd61e54993fb026b2c9a85d8799fd,reused
p5_integrable_calibrated_rk8_n200_dt0.00625_L4,S2,5.0,integrable_calibrated,rk8,200,0.00625,4.0,time_half,0.5,8001,0.0016838764092590172,0.00048642332104620323,1.684e-03 / 4.864e-04,C:\Users\msz\aca\Workspaces\hs_conserved_mesh_20260925\out\parameter_calibration\profiles\p5_integrable_calibrated_rk8_n200_dt0.00625_L4.npz,42c7a4d10742830d6817e806cae8d74ea74bd61e54993fb026b2c9a85d8799fd,reused
p5_difference_paper_ale_euler_n400_dt0.003125_L4,S3,5.0,difference_paper_ale,euler,400,0.003125,4.0,main,0.25,16001,2.56134681764289e-05,7.04363910358774e-05,2.561e-05 / 7.044e-05,C:\Users\msz\aca\Workspaces\hs_four_schemes_20260927\out\profiles\p5_difference_paper_ale_euler_n400_dt0.003125_L4.npz,7c5098cab82edbfc0a9009237fb44b32e5183d9faf1d651fd76ce5dbe20e394f,new
p5_difference_paper_ale_euler_n400_dt0.003125_L4,S3,5.0,difference_paper_ale,euler,400,0.003125,4.0,main,0.5,16001,3.234454375321272e-05,6.842933893258518e-05,3.234e-05 / 6.843e-05,C:\Users\msz\aca\Workspaces\hs_four_schemes_20260927\out\profiles\p5_difference_paper_ale_euler_n400_dt0.003125_L4.npz,7c5098cab82edbfc0a9009237fb44b32e5183d9faf1d651fd76ce5dbe20e394f,new
p5_difference_paper_ale_euler_n400_dt0.0015625_L4,S3,5.0,difference_paper_ale,euler,400,0.0015625,4.0,time_half,0.25,16001,2.1029715191411835e-05,7.798560447880298e-05,2.103e-05 / 7.799e-05,C:\Users\msz\aca\Workspaces\hs_four_schemes_20260927\out\profiles\p5_difference_paper_ale_euler_n400_dt0.0015625_L4.npz,0276aa05b3f6d5bfb085810b7f3647d358e3852f40716428d9d677b4a8082640,new
p5_difference_paper_ale_euler_n400_dt0.0015625_L4,S3,5.0,difference_paper_ale,euler,400,0.0015625,4.0,time_half,0.5,16001,2.381300648133383e-05,8.181851787369965e-05,2.381e-05 / 8.182e-05,C:\Users\msz\aca\Workspaces\hs_four_schemes_20260927\out\profiles\p5_difference_paper_ale_euler_n400_dt0.0015625_L4.npz,0276aa05b3f6d5bfb085810b7f3647d358e3852f40716428d9d677b4a8082640,new
p5_difference_paper_ale_euler_n200_dt0.0125_L4,S3,5.0,difference_paper_ale,euler,200,0.0125,4.0,main,0.25,8001,0.00010399505319299424,0.0002815248408777338,1.040e-04 / 2.815e-04,C:\Users\msz\aca\Workspaces\hs_four_schemes_20260927\out\profiles\p5_difference_paper_ale_euler_n200_dt0.0125_L4.npz,fbffc82e40dae3d40d5eab1e527e20913e5ac384f4510e6954dcd7dbefa86340,new
p5_difference_paper_ale_euler_n200_dt0.0125_L4,S3,5.0,difference_paper_ale,euler,200,0.0125,4.0,main,0.5,8001,0.0001331676895197781,0.0002739531620485902,1.332e-04 / 2.740e-04,C:\Users\msz\aca\Workspaces\hs_four_schemes_20260927\out\profiles\p5_difference_paper_ale_euler_n200_dt0.0125_L4.npz,fbffc82e40dae3d40d5eab1e527e20913e5ac384f4510e6954dcd7dbefa86340,new
p5_difference_paper_ale_euler_n200_dt0.00625_L4,S3,5.0,difference_paper_ale,euler,200,0.00625,4.0,time_half,0.25,8001,8.43234961521791e-05,0.000311820422227882,8.432e-05 / 3.118e-04,C:\Users\msz\aca\Workspaces\hs_four_schemes_20260927\out\profiles\p5_difference_paper_ale_euler_n200_dt0.00625_L4.npz,8263e15da87c1ad035ad7616d641cf99adeb15ec08c057b15b1bd9e689a70263,new
p5_difference_paper_ale_euler_n200_dt0.00625_L4,S3,5.0,difference_paper_ale,euler,200,0.00625,4.0,time_half,0.5,8001,9.62963789978219e-05,0.0003263095434380414,9.630e-05 / 3.263e-04,C:\Users\msz\aca\Workspaces\hs_four_schemes_20260927\out\profiles\p5_difference_paper_ale_euler_n200_dt0.00625_L4.npz,8263e15da87c1ad035ad7616d641cf99adeb15ec08c057b15b1bd9e689a70263,new
p5_difference_paper_ale_heun_n400_dt0.003125_L4,S3,5.0,difference_paper_ale,heun,400,0.003125,4.0,main,0.25,16001,2.744727311679296e-05,8.55838680527965e-05,2.745e-05 / 8.558e-05,C:\Users\msz\aca\Workspaces\hs_four_schemes_20260927\out\profiles\p5_difference_paper_ale_heun_n400_dt0.003125_L4.npz,bc4e6a333c7b5ad0dda446ff9f46d0776b4c1bf907a92f06812e119145e454b8,new
p5_difference_paper_ale_heun_n400_dt0.003125_L4,S3,5.0,difference_paper_ale,heun,400,0.003125,4.0,main,0.5,16001,2.420215592884023e-05,9.575295898323066e-05,2.420e-05 / 9.575e-05,C:\Users\msz\aca\Workspaces\hs_four_schemes_20260927\out\profiles\p5_difference_paper_ale_heun_n400_dt0.003125_L4.npz,bc4e6a333c7b5ad0dda446ff9f46d0776b4c1bf907a92f06812e119145e454b8,new
p5_difference_paper_ale_heun_n400_dt0.0015625_L4,S3,5.0,difference_paper_ale,heun,400,0.0015625,4.0,time_half,0.25,16001,2.7386048068275826e-05,8.558265479707838e-05,2.739e-05 / 8.558e-05,C:\Users\msz\aca\Workspaces\hs_four_schemes_20260927\out\profiles\p5_difference_paper_ale_heun_n400_dt0.0015625_L4.npz,06848eb9c75ccd503064025cc00a9524bf4e4fd4dc67017fc99c46fb301b50f8,new
p5_difference_paper_ale_heun_n400_dt0.0015625_L4,S3,5.0,difference_paper_ale,heun,400,0.0015625,4.0,time_half,0.5,16001,2.4365726497228846e-05,9.575285042762172e-05,2.437e-05 / 9.575e-05,C:\Users\msz\aca\Workspaces\hs_four_schemes_20260927\out\profiles\p5_difference_paper_ale_heun_n400_dt0.0015625_L4.npz,06848eb9c75ccd503064025cc00a9524bf4e4fd4dc67017fc99c46fb301b50f8,new
p5_difference_paper_ale_heun_n200_dt0.0125_L4,S3,5.0,difference_paper_ale,heun,200,0.0125,4.0,main,0.25,8001,0.00011070733180151837,0.0003421255042362903,1.107e-04 / 3.421e-04,C:\Users\msz\aca\Workspaces\hs_four_schemes_20260927\out\profiles\p5_difference_paper_ale_heun_n200_dt0.0125_L4.npz,fd6493b7a9232b72ad6bead6d6e815f70b91d3379109f40568dd88dc2255551c,new
p5_difference_paper_ale_heun_n200_dt0.0125_L4,S3,5.0,difference_paper_ale,heun,200,0.0125,4.0,main,0.5,8001,9.399264310695765e-05,0.0003825563085171346,9.399e-05 / 3.826e-04,C:\Users\msz\aca\Workspaces\hs_four_schemes_20260927\out\profiles\p5_difference_paper_ale_heun_n200_dt0.0125_L4.npz,fd6493b7a9232b72ad6bead6d6e815f70b91d3379109f40568dd88dc2255551c,new
p5_difference_paper_ale_heun_n200_dt0.00625_L4,S3,5.0,difference_paper_ale,heun,200,0.00625,4.0,time_half,0.25,8001,0.00010977900183246903,0.00034211087702062937,1.098e-04 / 3.421e-04,C:\Users\msz\aca\Workspaces\hs_four_schemes_20260927\out\profiles\p5_difference_paper_ale_heun_n200_dt0.00625_L4.npz,0ad348587374ded1863ac32c9aa9a3a2392e640128cbc74a27714d25abe48fd4,new
p5_difference_paper_ale_heun_n200_dt0.00625_L4,S3,5.0,difference_paper_ale,heun,200,0.00625,4.0,time_half,0.5,8001,9.658877893473777e-05,0.00038254984401864256,9.659e-05 / 3.825e-04,C:\Users\msz\aca\Workspaces\hs_four_schemes_20260927\out\profiles\p5_difference_paper_ale_heun_n200_dt0.00625_L4.npz,0ad348587374ded1863ac32c9aa9a3a2392e640128cbc74a27714d25abe48fd4,new
p5_difference_paper_ale_rk4_n400_dt0.003125_L4,S3,5.0,difference_paper_ale,rk4,400,0.003125,4.0,main,0.25,16001,2.7365477587873444e-05,8.558224180088558e-05,2.737e-05 / 8.558e-05,C:\Users\msz\aca\Workspaces\hs_four_schemes_20260927\out\profiles\p5_difference_paper_ale_rk4_n400_dt0.003125_L4.npz,a52574aa89d05ded47d38709aac656596606ad56c274a0ec3e81aaa50bf5acec,new
p5_difference_paper_ale_rk4_n400_dt0.003125_L4,S3,5.0,difference_paper_ale,rk4,400,0.003125,4.0,main,0.5,16001,2.4420247746348434e-05,9.575281144624803e-05,2.442e-05 / 9.575e-05,C:\Users\msz\aca\Workspaces\hs_four_schemes_20260927\out\profiles\p5_difference_paper_ale_rk4_n400_dt0.003125_L4.npz,a52574aa89d05ded47d38709aac656596606ad56c274a0ec3e81aaa50bf5acec,new
p5_difference_paper_ale_rk4_n400_dt0.0015625_L4,S3,5.0,difference_paper_ale,rk4,400,0.0015625,4.0,time_half,0.25,16001,2.7365478508595276e-05,8.558224185684082e-05,2.737e-05 / 8.558e-05,C:\Users\msz\aca\Workspaces\hs_four_schemes_20260927\out\profiles\p5_difference_paper_ale_rk4_n400_dt0.0015625_L4.npz,8c2dc902be7085561c2ae63744bc0b11db4839cd57941b50aecff43d61caedf6,new
p5_difference_paper_ale_rk4_n400_dt0.0015625_L4,S3,5.0,difference_paper_ale,rk4,400,0.0015625,4.0,time_half,0.5,16001,2.442024539676957e-05,9.575281156759541e-05,2.442e-05 / 9.575e-05,C:\Users\msz\aca\Workspaces\hs_four_schemes_20260927\out\profiles\p5_difference_paper_ale_rk4_n400_dt0.0015625_L4.npz,8c2dc902be7085561c2ae63744bc0b11db4839cd57941b50aecff43d61caedf6,new
p5_difference_paper_ale_rk4_n200_dt0.0125_L4,S3,5.0,difference_paper_ale,rk4,200,0.0125,4.0,main,0.25,8001,0.00010945919953991856,0.00034210545627666455,1.095e-04 / 3.421e-04,C:\Users\msz\aca\Workspaces\hs_four_schemes_20260927\out\profiles\p5_difference_paper_ale_rk4_n200_dt0.0125_L4.npz,23507a35c90630ea0ef56d498143a4742af11f7b4dc14949fe8a900cf8f6abb2,new
p5_difference_paper_ale_rk4_n200_dt0.0125_L4,S3,5.0,difference_paper_ale,rk4,200,0.0125,4.0,main,0.5,8001,9.745538139571686e-05,0.00038254741252019553,9.746e-05 / 3.825e-04,C:\Users\msz\aca\Workspaces\hs_four_schemes_20260927\out\profiles\p5_difference_paper_ale_rk4_n200_dt0.0125_L4.npz,23507a35c90630ea0ef56d498143a4742af11f7b4dc14949fe8a900cf8f6abb2,new
p5_difference_paper_ale_rk4_n200_dt0.00625_L4,S3,5.0,difference_paper_ale,rk4,200,0.00625,4.0,time_half,0.25,8001,0.00010945941886668364,0.00034210547055602003,1.095e-04 / 3.421e-04,C:\Users\msz\aca\Workspaces\hs_four_schemes_20260927\out\profiles\p5_difference_paper_ale_rk4_n200_dt0.00625_L4.npz,fe66779685ab424cd625ac2fb0b64e6ce6cb3d8d5883fd7dd23a6ffa3558c4eb,new
p5_difference_paper_ale_rk4_n200_dt0.00625_L4,S3,5.0,difference_paper_ale,rk4,200,0.00625,4.0,time_half,0.5,8001,9.745478513856903e-05,0.0003825474430060316,9.745e-05 / 3.825e-04,C:\Users\msz\aca\Workspaces\hs_four_schemes_20260927\out\profiles\p5_difference_paper_ale_rk4_n200_dt0.00625_L4.npz,fe66779685ab424cd625ac2fb0b64e6ce6cb3d8d5883fd7dd23a6ffa3558c4eb,new
p5_difference_paper_ale_rk8_n400_dt0.003125_L4,S3,5.0,difference_paper_ale,rk8,400,0.003125,4.0,main,0.25,16001,2.7365478546634292e-05,8.55822418597274e-05,2.737e-05 / 8.558e-05,C:\Users\msz\aca\Workspaces\hs_four_schemes_20260927\out\profiles\p5_difference_paper_ale_rk8_n400_dt0.003125_L4.npz,c79ae4cf8167c848e84a1a38802825312a3e648a016593e69d5a2b834998ff6e,new
p5_difference_paper_ale_rk8_n400_dt0.003125_L4,S3,5.0,difference_paper_ale,rk8,400,0.003125,4.0,main,0.5,16001,2.4420245244793914e-05,9.575281157592208e-05,2.442e-05 / 9.575e-05,C:\Users\msz\aca\Workspaces\hs_four_schemes_20260927\out\profiles\p5_difference_paper_ale_rk8_n400_dt0.003125_L4.npz,c79ae4cf8167c848e84a1a38802825312a3e648a016593e69d5a2b834998ff6e,new
p5_difference_paper_ale_rk8_n400_dt0.0015625_L4,S3,5.0,difference_paper_ale,rk8,400,0.0015625,4.0,time_half,0.25,16001,2.7365478556640177e-05,8.558224186150376e-05,2.737e-05 / 8.558e-05,C:\Users\msz\aca\Workspaces\hs_four_schemes_20260927\out\profiles\p5_difference_paper_ale_rk8_n400_dt0.0015625_L4.npz,82f6fd9d2ba7cc479fc8f0366d49fa0c13abde36c49e010797ca4eb78025ed2f,new
p5_difference_paper_ale_rk8_n400_dt0.0015625_L4,S3,5.0,difference_paper_ale,rk8,400,0.0015625,4.0,time_half,0.5,16001,2.4420245238195026e-05,9.575281157625515e-05,2.442e-05 / 9.575e-05,C:\Users\msz\aca\Workspaces\hs_four_schemes_20260927\out\profiles\p5_difference_paper_ale_rk8_n400_dt0.0015625_L4.npz,82f6fd9d2ba7cc479fc8f0366d49fa0c13abde36c49e010797ca4eb78025ed2f,new
p5_difference_paper_ale_rk8_n200_dt0.0125_L4,S3,5.0,difference_paper_ale,rk8,200,0.0125,4.0,main,0.25,8001,0.00010945943387799528,0.000342105471521692,1.095e-04 / 3.421e-04,C:\Users\msz\aca\Workspaces\hs_four_schemes_20260927\out\profiles\p5_difference_paper_ale_rk8_n200_dt0.0125_L4.npz,d56e0112da3ad258122de91c2bd204ba12a82000aafe0967709ed0424d15b304,new
p5_difference_paper_ale_rk8_n200_dt0.0125_L4,S3,5.0,difference_paper_ale,rk8,200,0.0125,4.0,main,0.5,8001,9.745474537021376e-05,0.00038254744503618543,9.745e-05 / 3.825e-04,C:\Users\msz\aca\Workspaces\hs_four_schemes_20260927\out\profiles\p5_difference_paper_ale_rk8_n200_dt0.0125_L4.npz,d56e0112da3ad258122de91c2bd204ba12a82000aafe0967709ed0424d15b304,new
p5_difference_paper_ale_rk8_n200_dt0.00625_L4,S3,5.0,difference_paper_ale,rk8,200,0.00625,4.0,time_half,0.25,8001,0.00010945943387946633,0.0003421054715221361,1.095e-04 / 3.421e-04,C:\Users\msz\aca\Workspaces\hs_four_schemes_20260927\out\profiles\p5_difference_paper_ale_rk8_n200_dt0.00625_L4.npz,4b0dba35ba0a1ec299fbe54753464f97d625e0c6150b8593d1a6f4ccec45087c,new
p5_difference_paper_ale_rk8_n200_dt0.00625_L4,S3,5.0,difference_paper_ale,rk8,200,0.00625,4.0,time_half,0.5,8001,9.745474538042087e-05,0.00038254744503618543,9.745e-05 / 3.825e-04,C:\Users\msz\aca\Workspaces\hs_four_schemes_20260927\out\profiles\p5_difference_paper_ale_rk8_n200_dt0.00625_L4.npz,4b0dba35ba0a1ec299fbe54753464f97d625e0c6150b8593d1a6f4ccec45087c,new
p5_difference_fixed_euler_n400_dt0.003125_L4,S4,5.0,difference_fixed,euler,400,0.003125,4.0,main,0.25,16001,1.029741994169886e-05,2.9854678212148933e-05,1.030e-05 / 2.985e-05,C:\Users\msz\aca\Workspaces\hs_conserved_mesh_20260925\out\euler_comparison\profiles\p5_difference_fixed_euler_n400_dt0.003125_L4.npz,88325c6917b8c4a6e81c3ce5fe8342c2af393c95c50591b20b2e34caf86d2925,reused
p5_difference_fixed_euler_n400_dt0.003125_L4,S4,5.0,difference_fixed,euler,400,0.003125,4.0,main,0.5,16001,8.028874238438788e-06,2.925436380496471e-05,8.029e-06 / 2.925e-05,C:\Users\msz\aca\Workspaces\hs_conserved_mesh_20260925\out\euler_comparison\profiles\p5_difference_fixed_euler_n400_dt0.003125_L4.npz,88325c6917b8c4a6e81c3ce5fe8342c2af393c95c50591b20b2e34caf86d2925,reused
p5_difference_fixed_euler_n400_dt0.0015625_L4,S4,5.0,difference_fixed,euler,400,0.0015625,4.0,time_half,0.25,16001,1.1578508722007164e-05,3.309548466456924e-05,1.158e-05 / 3.310e-05,C:\Users\msz\aca\Workspaces\hs_conserved_mesh_20260925\out\euler_comparison\profiles\p5_difference_fixed_euler_n400_dt0.0015625_L4.npz,b308dd0a72c9d5bdd4abe4eb2591f2656aa89525b75345ce593a2e77804b02ed,reused
p5_difference_fixed_euler_n400_dt0.0015625_L4,S4,5.0,difference_fixed,euler,400,0.0015625,4.0,time_half,0.5,16001,1.0531198884444759e-05,3.5654609437663076e-05,1.053e-05 / 3.565e-05,C:\Users\msz\aca\Workspaces\hs_conserved_mesh_20260925\out\euler_comparison\profiles\p5_difference_fixed_euler_n400_dt0.0015625_L4.npz,b308dd0a72c9d5bdd4abe4eb2591f2656aa89525b75345ce593a2e77804b02ed,reused
p5_difference_fixed_euler_n200_dt0.0125_L4,S4,5.0,difference_fixed,euler,200,0.0125,4.0,main,0.25,8001,4.1184640603000866e-05,0.00011941549714900024,4.118e-05 / 1.194e-04,C:\Users\msz\aca\Workspaces\hs_conserved_mesh_20260925\out\parameter_calibration\profiles\p5_difference_fixed_euler_n200_dt0.0125_L4.npz,310ce3f2ce82561744e6b88df093298cf6945e8035b2adc35268880390f169f4,reused
p5_difference_fixed_euler_n200_dt0.0125_L4,S4,5.0,difference_fixed,euler,200,0.0125,4.0,main,0.5,8001,3.191445048272845e-05,0.00011700428181060651,3.191e-05 / 1.170e-04,C:\Users\msz\aca\Workspaces\hs_conserved_mesh_20260925\out\parameter_calibration\profiles\p5_difference_fixed_euler_n200_dt0.0125_L4.npz,310ce3f2ce82561744e6b88df093298cf6945e8035b2adc35268880390f169f4,reused
p5_difference_fixed_euler_n200_dt0.00625_L4,S4,5.0,difference_fixed,euler,200,0.00625,4.0,time_half,0.25,8001,4.63123516179359e-05,0.00013227615255817504,4.631e-05 / 1.323e-04,C:\Users\msz\aca\Workspaces\hs_conserved_mesh_20260925\out\parameter_calibration\profiles\p5_difference_fixed_euler_n200_dt0.00625_L4.npz,21c0d6a2cd9dfa074f438141e1787f2c2d5b5d29b25cf7ed5cae7c8a66118d47,reused
p5_difference_fixed_euler_n200_dt0.00625_L4,S4,5.0,difference_fixed,euler,200,0.00625,4.0,time_half,0.5,8001,4.198631331697733e-05,0.0001425099419153364,4.199e-05 / 1.425e-04,C:\Users\msz\aca\Workspaces\hs_conserved_mesh_20260925\out\parameter_calibration\profiles\p5_difference_fixed_euler_n200_dt0.00625_L4.npz,21c0d6a2cd9dfa074f438141e1787f2c2d5b5d29b25cf7ed5cae7c8a66118d47,reused
p5_difference_fixed_heun_n400_dt0.003125_L4,S4,5.0,difference_fixed,heun,400,0.003125,4.0,main,0.25,16001,1.2861080972745298e-05,3.636206427348743e-05,1.286e-05 / 3.636e-05,C:\Users\msz\aca\Workspaces\hs_table_data_20260927\out\profiles\p5_difference_fixed_heun_n400_dt0.003125_L4.npz,6fa08fef0c691d7c3fd7f893a04efc290359c86624ecdbc481308973814cb4cf,reused
p5_difference_fixed_heun_n400_dt0.003125_L4,S4,5.0,difference_fixed,heun,400,0.003125,4.0,main,0.5,16001,1.304038233293503e-05,4.215858262124339e-05,1.304e-05 / 4.216e-05,C:\Users\msz\aca\Workspaces\hs_table_data_20260927\out\profiles\p5_difference_fixed_heun_n400_dt0.003125_L4.npz,6fa08fef0c691d7c3fd7f893a04efc290359c86624ecdbc481308973814cb4cf,reused
p5_difference_fixed_heun_n400_dt0.0015625_L4,S4,5.0,difference_fixed,heun,400,0.0015625,4.0,time_half,0.25,16001,1.286076092360533e-05,3.636404417373118e-05,1.286e-05 / 3.636e-05,C:\Users\msz\aca\Workspaces\hs_table_data_20260927\out\profiles\p5_difference_fixed_heun_n400_dt0.0015625_L4.npz,0848f8c06a86a8746cab6f02b46f9a3f0458277274a7c00536c147e51621413c,reused
p5_difference_fixed_heun_n400_dt0.0015625_L4,S4,5.0,difference_fixed,heun,400,0.0015625,4.0,time_half,0.5,16001,1.3039660596625424e-05,4.2163466275280115e-05,1.304e-05 / 4.216e-05,C:\Users\msz\aca\Workspaces\hs_table_data_20260927\out\profiles\p5_difference_fixed_heun_n400_dt0.0015625_L4.npz,0848f8c06a86a8746cab6f02b46f9a3f0458277274a7c00536c147e51621413c,reused
p5_difference_fixed_heun_n200_dt0.0125_L4,S4,5.0,difference_fixed,heun,200,0.0125,4.0,main,0.25,8001,5.14400858629277e-05,0.0001453318847853824,5.144e-05 / 1.453e-04,C:\Users\msz\aca\Workspaces\hs_conserved_mesh_20260925\out\parameter_calibration\profiles\p5_difference_fixed_heun_n200_dt0.0125_L4.npz,73794e10fe4cb07e2d7d27fe548dc8e6e439d55961180e468619a1124c22f087,reused
p5_difference_fixed_heun_n200_dt0.0125_L4,S4,5.0,difference_fixed,heun,200,0.0125,4.0,main,0.5,8001,5.211686724503062e-05,0.00016835717767160752,5.212e-05 / 1.684e-04,C:\Users\msz\aca\Workspaces\hs_conserved_mesh_20260925\out\parameter_calibration\profiles\p5_difference_fixed_heun_n200_dt0.0125_L4.npz,73794e10fe4cb07e2d7d27fe548dc8e6e439d55961180e468619a1124c22f087,reused
p5_difference_fixed_heun_n200_dt0.00625_L4,S4,5.0,difference_fixed,heun,200,0.00625,4.0,time_half,0.25,8001,5.1436589914272135e-05,0.0001453624957628019,5.144e-05 / 1.454e-04,C:\Users\msz\aca\Workspaces\hs_conserved_mesh_20260925\out\parameter_calibration\profiles\p5_difference_fixed_heun_n200_dt0.00625_L4.npz,e2ecf4c89bf19cdd19b5d0c7804f559472374a51697a7883df6e59ad075473f6,reused
p5_difference_fixed_heun_n200_dt0.00625_L4,S4,5.0,difference_fixed,heun,200,0.00625,4.0,time_half,0.5,8001,5.210594898071019e-05,0.00016843695486601362,5.211e-05 / 1.684e-04,C:\Users\msz\aca\Workspaces\hs_conserved_mesh_20260925\out\parameter_calibration\profiles\p5_difference_fixed_heun_n200_dt0.00625_L4.npz,e2ecf4c89bf19cdd19b5d0c7804f559472374a51697a7883df6e59ad075473f6,reused
p5_difference_fixed_rk4_n400_dt0.003125_L4,S4,5.0,difference_fixed,rk4,400,0.003125,4.0,main,0.25,16001,1.2860653116480991e-05,3.6364703567492995e-05,1.286e-05 / 3.636e-05,C:\Users\msz\aca\Workspaces\hs_conserved_mesh_20260925\out\parameter_calibration\profiles\p5_difference_fixed_rk4_n400_dt0.003125_L4.npz,4e5b07c25bbe56d9162aad3fe693a20d3582c09d11311db8c28438eb073589e6,reused
p5_difference_fixed_rk4_n400_dt0.003125_L4,S4,5.0,difference_fixed,rk4,400,0.003125,4.0,main,0.5,16001,1.3039419100260852e-05,4.216509350030151e-05,1.304e-05 / 4.217e-05,C:\Users\msz\aca\Workspaces\hs_conserved_mesh_20260925\out\parameter_calibration\profiles\p5_difference_fixed_rk4_n400_dt0.003125_L4.npz,4e5b07c25bbe56d9162aad3fe693a20d3582c09d11311db8c28438eb073589e6,reused
p5_difference_fixed_rk4_n400_dt0.0015625_L4,S4,5.0,difference_fixed,rk4,400,0.0015625,4.0,time_half,0.25,16001,1.2860653120283505e-05,3.6364703568381174e-05,1.286e-05 / 3.636e-05,C:\Users\msz\aca\Workspaces\hs_table_data_20260927\out\profiles\p5_difference_fixed_rk4_n400_dt0.0015625_L4.npz,50efa1e8c0f96359a40c5328ecf2d6df1b0216ab7170378e0733936f66f4687c,reused
p5_difference_fixed_rk4_n400_dt0.0015625_L4,S4,5.0,difference_fixed,rk4,400,0.0015625,4.0,time_half,0.5,16001,1.3039419113583528e-05,4.21650935007456e-05,1.304e-05 / 4.217e-05,C:\Users\msz\aca\Workspaces\hs_table_data_20260927\out\profiles\p5_difference_fixed_rk4_n400_dt0.0015625_L4.npz,50efa1e8c0f96359a40c5328ecf2d6df1b0216ab7170378e0733936f66f4687c,reused
p5_difference_fixed_rk4_n200_dt0.0125_L4,S4,5.0,difference_fixed,rk4,200,0.0125,4.0,main,0.25,8001,5.143535572418867e-05,0.00014537266110503655,5.144e-05 / 1.454e-04,C:\Users\msz\aca\Workspaces\hs_conserved_mesh_20260925\out\parameter_calibration\profiles\p5_difference_fixed_rk4_n200_dt0.0125_L4.npz,b20793a25eaabbd3fec71a07cf60724cb4696dc058a101fce84e071a6e944979,reused
p5_difference_fixed_rk4_n200_dt0.0125_L4,S4,5.0,difference_fixed,rk4,200,0.0125,4.0,main,0.5,8001,5.210223207183229e-05,0.0001684635066221407,5.210e-05 / 1.685e-04,C:\Users\msz\aca\Workspaces\hs_conserved_mesh_20260925\out\parameter_calibration\profiles\p5_difference_fixed_rk4_n200_dt0.0125_L4.npz,b20793a25eaabbd3fec71a07cf60724cb4696dc058a101fce84e071a6e944979,reused
p5_difference_fixed_rk4_n200_dt0.00625_L4,S4,5.0,difference_fixed,rk4,200,0.00625,4.0,time_half,0.25,8001,5.14353567641207e-05,0.00014537266115521863,5.144e-05 / 1.454e-04,C:\Users\msz\aca\Workspaces\hs_conserved_mesh_20260925\out\parameter_calibration\profiles\p5_difference_fixed_rk4_n200_dt0.00625_L4.npz,15d2cd3094c2f7979b1a82511c1ddef82f3b8537bb71b6294be2cb2073849404,reused
p5_difference_fixed_rk4_n200_dt0.00625_L4,S4,5.0,difference_fixed,rk4,200,0.00625,4.0,time_half,0.5,8001,5.210223536489256e-05,0.000168463506758032,5.210e-05 / 1.685e-04,C:\Users\msz\aca\Workspaces\hs_conserved_mesh_20260925\out\parameter_calibration\profiles\p5_difference_fixed_rk4_n200_dt0.00625_L4.npz,15d2cd3094c2f7979b1a82511c1ddef82f3b8537bb71b6294be2cb2073849404,reused
p5_difference_fixed_rk8_n400_dt0.003125_L4,S4,5.0,difference_fixed,rk8,400,0.003125,4.0,main,0.25,16001,1.286065312207374e-05,3.636470356782606e-05,1.286e-05 / 3.636e-05,C:\Users\msz\aca\Workspaces\hs_table_data_20260927\out\profiles\p5_difference_fixed_rk8_n400_dt0.003125_L4.npz,d228b4423b3771d7ace2894111cbb12ada75ff7d48e46d42804ffef9507dfab4,reused
p5_difference_fixed_rk8_n400_dt0.003125_L4,S4,5.0,difference_fixed,rk8,400,0.003125,4.0,main,0.5,16001,1.3039419115540296e-05,4.216509350096764e-05,1.304e-05 / 4.217e-05,C:\Users\msz\aca\Workspaces\hs_table_data_20260927\out\profiles\p5_difference_fixed_rk8_n400_dt0.003125_L4.npz,d228b4423b3771d7ace2894111cbb12ada75ff7d48e46d42804ffef9507dfab4,reused
p5_difference_fixed_rk8_n400_dt0.0015625_L4,S4,5.0,difference_fixed,rk8,400,0.0015625,4.0,time_half,0.25,16001,1.2860653121046783e-05,3.6364703568381174e-05,1.286e-05 / 3.636e-05,C:\Users\msz\aca\Workspaces\hs_table_data_20260927\out\profiles\p5_difference_fixed_rk8_n400_dt0.0015625_L4.npz,5862c5c5fb87c4c4f8eb1b54a3f6fcbd879da6c597e633a886e1c2045089c90a,reused
p5_difference_fixed_rk8_n400_dt0.0015625_L4,S4,5.0,difference_fixed,rk8,400,0.0015625,4.0,time_half,0.5,16001,1.303941911595663e-05,4.21650935007456e-05,1.304e-05 / 4.217e-05,C:\Users\msz\aca\Workspaces\hs_table_data_20260927\out\profiles\p5_difference_fixed_rk8_n400_dt0.0015625_L4.npz,5862c5c5fb87c4c4f8eb1b54a3f6fcbd879da6c597e633a886e1c2045089c90a,reused
p5_difference_fixed_rk8_n200_dt0.0125_L4,S4,5.0,difference_fixed,rk8,200,0.0125,4.0,main,0.25,8001,5.1435356835854984e-05,0.0001453726611585493,5.144e-05 / 1.454e-04,C:\Users\msz\aca\Workspaces\hs_conserved_mesh_20260925\out\parameter_calibration\profiles\p5_difference_fixed_rk8_n200_dt0.0125_L4.npz,3f7cf9c3da69f7278d3b81c7918f2dc5152cea22ef575c80e53cc6393392d819,reused
p5_difference_fixed_rk8_n200_dt0.0125_L4,S4,5.0,difference_fixed,rk8,200,0.0125,4.0,main,0.5,8001,5.210223558529958e-05,0.00016846350676713584,5.210e-05 / 1.685e-04,C:\Users\msz\aca\Workspaces\hs_conserved_mesh_20260925\out\parameter_calibration\profiles\p5_difference_fixed_rk8_n200_dt0.0125_L4.npz,3f7cf9c3da69f7278d3b81c7918f2dc5152cea22ef575c80e53cc6393392d819,reused
p5_difference_fixed_rk8_n200_dt0.00625_L4,S4,5.0,difference_fixed,rk8,200,0.00625,4.0,time_half,0.25,8001,5.143535683556355e-05,0.0001453726611585493,5.144e-05 / 1.454e-04,C:\Users\msz\aca\Workspaces\hs_conserved_mesh_20260925\out\parameter_calibration\profiles\p5_difference_fixed_rk8_n200_dt0.00625_L4.npz,1fcd944b315f007d2219f52d3089af3abe452720a5ea81033c0d382e5834eeb7,reused
p5_difference_fixed_rk8_n200_dt0.00625_L4,S4,5.0,difference_fixed,rk8,200,0.00625,4.0,time_half,0.5,8001,5.210223558636817e-05,0.0001684635067669138,5.210e-05 / 1.685e-04,C:\Users\msz\aca\Workspaces\hs_conserved_mesh_20260925\out\parameter_calibration\profiles\p5_difference_fixed_rk8_n200_dt0.00625_L4.npz,1fcd944b315f007d2219f52d3089af3abe452720a5ea81033c0d382e5834eeb7,reused
p6_integrable_original_euler_n400_dt0.003125_L4,S1,6.0,integrable_original,euler,400,0.003125,4.0,main,0.25,16001,0.013619849263527512,0.000815555134556889,1.362e-02 / 8.156e-04,C:\Users\msz\aca\Workspaces\hs_conserved_mesh_20260925\out\euler_comparison\profiles\p6_integrable_original_euler_n400_dt0.003125_L4.npz,d4a1edca601356400f4015decb3961e44670555f52527fabdaedcb06cf95c817,reused
p6_integrable_original_euler_n400_dt0.003125_L4,S1,6.0,integrable_original,euler,400,0.003125,4.0,main,0.5,16001,0.05873974926100512,0.005325271490618566,5.874e-02 / 5.325e-03,C:\Users\msz\aca\Workspaces\hs_conserved_mesh_20260925\out\euler_comparison\profiles\p6_integrable_original_euler_n400_dt0.003125_L4.npz,d4a1edca601356400f4015decb3961e44670555f52527fabdaedcb06cf95c817,reused
p6_integrable_original_euler_n200_dt0.0125_L4,S1,6.0,integrable_original,euler,200,0.0125,4.0,main,0.25,8001,0.026451973336505927,0.0016893418450144582,2.645e-02 / 1.689e-03,C:\Users\msz\aca\Workspaces\hs_four_schemes_20260927\out\profiles\p6_integrable_original_euler_n200_dt0.0125_L4.npz,3e9d691d641d1547ccb1643161e12b17d12a42695cb8fa812ca4cb6b6b37f728,new
p6_integrable_original_euler_n200_dt0.0125_L4,S1,6.0,integrable_original,euler,200,0.0125,4.0,main,0.5,8001,0.11396336587480504,0.010133778943802962,1.140e-01 / 1.013e-02,C:\Users\msz\aca\Workspaces\hs_four_schemes_20260927\out\profiles\p6_integrable_original_euler_n200_dt0.0125_L4.npz,3e9d691d641d1547ccb1643161e12b17d12a42695cb8fa812ca4cb6b6b37f728,new
p6_integrable_original_heun_n400_dt0.003125_L4,S1,6.0,integrable_original,heun,400,0.003125,4.0,main,0.25,16001,0.01380072768336757,0.0008284273371302886,1.380e-02 / 8.284e-04,C:\Users\msz\aca\Workspaces\hs_four_schemes_20260927\out\profiles\p6_integrable_original_heun_n400_dt0.003125_L4.npz,db8b9a14c0ad582e51e615d34a78779ed9601c0a4b087dc9f12b6bbfc1e5306b,new
p6_integrable_original_heun_n400_dt0.003125_L4,S1,6.0,integrable_original,heun,400,0.003125,4.0,main,0.5,16001,0.05956983600326169,0.005412951530441079,5.957e-02 / 5.413e-03,C:\Users\msz\aca\Workspaces\hs_four_schemes_20260927\out\profiles\p6_integrable_original_heun_n400_dt0.003125_L4.npz,db8b9a14c0ad582e51e615d34a78779ed9601c0a4b087dc9f12b6bbfc1e5306b,new
p6_integrable_original_heun_n200_dt0.0125_L4,S1,6.0,integrable_original,heun,200,0.0125,4.0,main,0.25,8001,0.0278725451340324,0.0018207332514311725,2.787e-02 / 1.821e-03,C:\Users\msz\aca\Workspaces\hs_four_schemes_20260927\out\profiles\p6_integrable_original_heun_n200_dt0.0125_L4.npz,64bb4046e978fc0815ee5f6f7629a7bb44b1ddd5b5c0d4184680e771fe0d0eed,new
p6_integrable_original_heun_n200_dt0.0125_L4,S1,6.0,integrable_original,heun,200,0.0125,4.0,main,0.5,8001,0.12054840355393244,0.010906458468083025,1.205e-01 / 1.091e-02,C:\Users\msz\aca\Workspaces\hs_four_schemes_20260927\out\profiles\p6_integrable_original_heun_n200_dt0.0125_L4.npz,64bb4046e978fc0815ee5f6f7629a7bb44b1ddd5b5c0d4184680e771fe0d0eed,new
p6_integrable_original_rk4_n400_dt0.003125_L4,S1,6.0,integrable_original,rk4,400,0.003125,4.0,main,0.25,16001,0.013801343191842974,0.0008285025755274678,1.380e-02 / 8.285e-04,C:\Users\msz\aca\Workspaces\hs_conserved_mesh_20260925\out\calibration_parameter_scan\profiles\p6_integrable_original_rk4_n400_dt0.003125_L4.npz,a590ecf420dc8c9b84d7bc4ce758b5eeaf27b16dc6f8cc3535f355a97935cace,reused
p6_integrable_original_rk4_n400_dt0.003125_L4,S1,6.0,integrable_original,rk4,400,0.003125,4.0,main,0.5,16001,0.05957234539643969,0.005413319439823594,5.957e-02 / 5.413e-03,C:\Users\msz\aca\Workspaces\hs_conserved_mesh_20260925\out\calibration_parameter_scan\profiles\p6_integrable_original_rk4_n400_dt0.003125_L4.npz,a590ecf420dc8c9b84d7bc4ce758b5eeaf27b16dc6f8cc3535f355a97935cace,reused
p6_integrable_original_rk4_n200_dt0.0125_L4,S1,6.0,integrable_original,rk4,200,0.0125,4.0,main,0.25,8001,0.02789294098631112,0.0018226033240724693,2.789e-02 / 1.823e-03,C:\Users\msz\aca\Workspaces\hs_four_schemes_20260927\out\profiles\p6_integrable_original_rk4_n200_dt0.0125_L4.npz,055acbd661d7f4b1b02a56c2030c4462fbaf2da1bd50c6a9ceb2ccb3fdf91596,new
p6_integrable_original_rk4_n200_dt0.0125_L4,S1,6.0,integrable_original,rk4,200,0.0125,4.0,main,0.5,8001,0.12063224885952044,0.010918411075399037,1.206e-01 / 1.092e-02,C:\Users\msz\aca\Workspaces\hs_four_schemes_20260927\out\profiles\p6_integrable_original_rk4_n200_dt0.0125_L4.npz,055acbd661d7f4b1b02a56c2030c4462fbaf2da1bd50c6a9ceb2ccb3fdf91596,new
p6_integrable_original_rk8_n400_dt0.003125_L4,S1,6.0,integrable_original,rk8,400,0.003125,4.0,main,0.25,16001,0.01380134319379576,0.0008285025756514797,1.380e-02 / 8.285e-04,C:\Users\msz\aca\Workspaces\hs_four_schemes_20260927\out\profiles\p6_integrable_original_rk8_n400_dt0.003125_L4.npz,575a406ca9239b263496d58071e2943725a0a70fb23c171c899d29b3f577f3f3,new
p6_integrable_original_rk8_n400_dt0.003125_L4,S1,6.0,integrable_original,rk8,400,0.003125,4.0,main,0.5,16001,0.059572345403865586,0.0054133194406823515,5.957e-02 / 5.413e-03,C:\Users\msz\aca\Workspaces\hs_four_schemes_20260927\out\profiles\p6_integrable_original_rk8_n400_dt0.003125_L4.npz,575a406ca9239b263496d58071e2943725a0a70fb23c171c899d29b3f577f3f3,new
p6_integrable_original_rk8_n200_dt0.0125_L4,S1,6.0,integrable_original,rk8,200,0.0125,4.0,main,0.25,8001,0.027892942101868694,0.0018226033695217803,2.789e-02 / 1.823e-03,C:\Users\msz\aca\Workspaces\hs_four_schemes_20260927\out\profiles\p6_integrable_original_rk8_n200_dt0.0125_L4.npz,82bdfee89f91bebb31ad3c6634f591f520b8da30e6e407520fdd560191386b36,new
p6_integrable_original_rk8_n200_dt0.0125_L4,S1,6.0,integrable_original,rk8,200,0.0125,4.0,main,0.5,8001,0.12063225307722195,0.01091841154151807,1.206e-01 / 1.092e-02,C:\Users\msz\aca\Workspaces\hs_four_schemes_20260927\out\profiles\p6_integrable_original_rk8_n200_dt0.0125_L4.npz,82bdfee89f91bebb31ad3c6634f591f520b8da30e6e407520fdd560191386b36,new
p6_integrable_calibrated_euler_n400_dt0.003125_L4,S2,6.0,integrable_calibrated,euler,400,0.003125,4.0,main,0.25,16001,0.00014745139892007424,0.0001715415075962401,1.475e-04 / 1.715e-04,C:\Users\msz\aca\Workspaces\hs_conserved_mesh_20260925\out\euler_comparison\profiles\p6_integrable_calibrated_euler_n400_dt0.003125_L4.npz,904a6f92945bde3740660262a19c4b48ca6330f1c112388e3e89093e03d85a75,reused
p6_integrable_calibrated_euler_n400_dt0.003125_L4,S2,6.0,integrable_calibrated,euler,400,0.003125,4.0,main,0.5,16001,0.0006446384706807608,0.00017276627733786576,6.446e-04 / 1.728e-04,C:\Users\msz\aca\Workspaces\hs_conserved_mesh_20260925\out\euler_comparison\profiles\p6_integrable_calibrated_euler_n400_dt0.003125_L4.npz,904a6f92945bde3740660262a19c4b48ca6330f1c112388e3e89093e03d85a75,reused
p6_integrable_calibrated_euler_n200_dt0.0125_L4,S2,6.0,integrable_calibrated,euler,200,0.0125,4.0,main,0.25,8001,0.0005658023485128614,0.0006844023051021386,5.658e-04 / 6.844e-04,C:\Users\msz\aca\Workspaces\hs_four_schemes_20260927\out\profiles\p6_integrable_calibrated_euler_n200_dt0.0125_L4.npz,832e747950c31baf0d1b3190c9c08e3f1684b991e84636a399647d87b0a16937,new
p6_integrable_calibrated_euler_n200_dt0.0125_L4,S2,6.0,integrable_calibrated,euler,200,0.0125,4.0,main,0.5,8001,0.0024669414972866136,0.0006853240660904536,2.467e-03 / 6.853e-04,C:\Users\msz\aca\Workspaces\hs_four_schemes_20260927\out\profiles\p6_integrable_calibrated_euler_n200_dt0.0125_L4.npz,832e747950c31baf0d1b3190c9c08e3f1684b991e84636a399647d87b0a16937,new
p6_integrable_calibrated_heun_n400_dt0.003125_L4,S2,6.0,integrable_calibrated,heun,400,0.003125,4.0,main,0.25,16001,0.0001458894973103461,0.00019293193820579813,1.459e-04 / 1.929e-04,C:\Users\msz\aca\Workspaces\hs_four_schemes_20260927\out\profiles\p6_integrable_calibrated_heun_n400_dt0.003125_L4.npz,ad3d8ed18c14ca760b275684b5a89329d185dea26f51c1834571e11cf1677217,new
p6_integrable_calibrated_heun_n400_dt0.003125_L4,S2,6.0,integrable_calibrated,heun,400,0.003125,4.0,main,0.5,16001,0.0006280468355494399,0.0002093285533466549,6.280e-04 / 2.093e-04,C:\Users\msz\aca\Workspaces\hs_four_schemes_20260927\out\profiles\p6_integrable_calibrated_heun_n400_dt0.003125_L4.npz,ad3d8ed18c14ca760b275684b5a89329d185dea26f51c1834571e11cf1677217,new
p6_integrable_calibrated_heun_n200_dt0.0125_L4,S2,6.0,integrable_calibrated,heun,200,0.0125,4.0,main,0.25,8001,0.000583622002759379,0.0007703719183800306,5.836e-04 / 7.704e-04,C:\Users\msz\aca\Workspaces\hs_four_schemes_20260927\out\profiles\p6_integrable_calibrated_heun_n200_dt0.0125_L4.npz,3bac6576f71efc73da31485abacd803f85e85d01c5034700acbaa35c7b80268d,new
p6_integrable_calibrated_heun_n200_dt0.0125_L4,S2,6.0,integrable_calibrated,heun,200,0.0125,4.0,main,0.5,8001,0.00251299703684156,0.0008358442044166248,2.513e-03 / 8.358e-04,C:\Users\msz\aca\Workspaces\hs_four_schemes_20260927\out\profiles\p6_integrable_calibrated_heun_n200_dt0.0125_L4.npz,3bac6576f71efc73da31485abacd803f85e85d01c5034700acbaa35c7b80268d,new
p6_integrable_calibrated_rk4_n400_dt0.003125_L4,S2,6.0,integrable_calibrated,rk4,400,0.003125,4.0,main,0.25,16001,0.00014583697523509528,0.00019293287719301944,1.458e-04 / 1.929e-04,C:\Users\msz\aca\Workspaces\hs_conserved_mesh_20260925\out\calibration_parameter_scan\profiles\p6_integrable_calibrated_rk4_n400_dt0.003125_L4.npz,8bc0d2b2e194ab221079a91fe79fc57c94293ad45fe4781f0700f6c90d06acd2,reused
p6_integrable_calibrated_rk4_n400_dt0.003125_L4,S2,6.0,integrable_calibrated,rk4,400,0.003125,4.0,main,0.5,16001,0.0006278199749621859,0.00020933825105606818,6.278e-04 / 2.093e-04,C:\Users\msz\aca\Workspaces\hs_conserved_mesh_20260925\out\calibration_parameter_scan\profiles\p6_integrable_calibrated_rk4_n400_dt0.003125_L4.npz,8bc0d2b2e194ab221079a91fe79fc57c94293ad45fe4781f0700f6c90d06acd2,reused
p6_integrable_calibrated_rk4_n200_dt0.0125_L4,S2,6.0,integrable_calibrated,rk4,200,0.0125,4.0,main,0.25,8001,0.0005831384542039221,0.0007703968932046834,5.831e-04 / 7.704e-04,C:\Users\msz\aca\Workspaces\hs_four_schemes_20260927\out\profiles\p6_integrable_calibrated_rk4_n200_dt0.0125_L4.npz,bfaeb98f676973d4e540c3ed029661f3b009d51fb3f3ef49d571b8a5e87ae02c,new
p6_integrable_calibrated_rk4_n200_dt0.0125_L4,S2,6.0,integrable_calibrated,rk4,200,0.0125,4.0,main,0.5,8001,0.0025108079148274155,0.0008360355192755797,2.511e-03 / 8.360e-04,C:\Users\msz\aca\Workspaces\hs_four_schemes_20260927\out\profiles\p6_integrable_calibrated_rk4_n200_dt0.0125_L4.npz,bfaeb98f676973d4e540c3ed029661f3b009d51fb3f3ef49d571b8a5e87ae02c,new
p6_integrable_calibrated_rk8_n400_dt0.003125_L4,S2,6.0,integrable_calibrated,rk8,400,0.003125,4.0,main,0.25,16001,0.00014583697474781227,0.00019293287717780938,1.458e-04 / 1.929e-04,C:\Users\msz\aca\Workspaces\hs_four_schemes_20260927\out\profiles\p6_integrable_calibrated_rk8_n400_dt0.003125_L4.npz,47c00be90a205cbb5edcadb96f035d8f3fa0a5248a409c71266e20a705551125,new
p6_integrable_calibrated_rk8_n400_dt0.003125_L4,S2,6.0,integrable_calibrated,rk8,400,0.003125,4.0,main,0.5,16001,0.0006278199734946612,0.00020933825100322156,6.278e-04 / 2.093e-04,C:\Users\msz\aca\Workspaces\hs_four_schemes_20260927\out\profiles\p6_integrable_calibrated_rk8_n400_dt0.003125_L4.npz,47c00be90a205cbb5edcadb96f035d8f3fa0a5248a409c71266e20a705551125,new
p6_integrable_calibrated_rk8_n200_dt0.0125_L4,S2,6.0,integrable_calibrated,rk8,200,0.0125,4.0,main,0.25,8001,0.0005831383504564578,0.0007703968893568724,5.831e-04 / 7.704e-04,C:\Users\msz\aca\Workspaces\hs_four_schemes_20260927\out\profiles\p6_integrable_calibrated_rk8_n200_dt0.0125_L4.npz,17e289485156118f3539d5e325e7aca11f484f3d03a139a75be915380d3cd756,new
p6_integrable_calibrated_rk8_n200_dt0.0125_L4,S2,6.0,integrable_calibrated,rk8,200,0.0125,4.0,main,0.5,8001,0.002510807613401199,0.0008360355065772929,2.511e-03 / 8.360e-04,C:\Users\msz\aca\Workspaces\hs_four_schemes_20260927\out\profiles\p6_integrable_calibrated_rk8_n200_dt0.0125_L4.npz,17e289485156118f3539d5e325e7aca11f484f3d03a139a75be915380d3cd756,new
p6_difference_paper_ale_euler_n400_dt0.003125_L4,S3,6.0,difference_paper_ale,euler,400,0.003125,4.0,main,0.25,16001,5.943942036888694e-05,0.0001352249807152761,5.944e-05 / 1.352e-04,C:\Users\msz\aca\Workspaces\hs_four_schemes_20260927\out\profiles\p6_difference_paper_ale_euler_n400_dt0.003125_L4.npz,f87adbf848c9e73504563439fb35ec79eaa4c9b8542ad2533b22a98e168ae639,new
p6_difference_paper_ale_euler_n400_dt0.003125_L4,S3,6.0,difference_paper_ale,euler,400,0.003125,4.0,main,0.5,16001,6.960275326910181e-05,0.00014176750097227853,6.960e-05 / 1.418e-04,C:\Users\msz\aca\Workspaces\hs_four_schemes_20260927\out\profiles\p6_difference_paper_ale_euler_n400_dt0.003125_L4.npz,f87adbf848c9e73504563439fb35ec79eaa4c9b8542ad2533b22a98e168ae639,new
p6_difference_paper_ale_euler_n200_dt0.0125_L4,S3,6.0,difference_paper_ale,euler,200,0.0125,4.0,main,0.25,8001,0.00024053855674102675,0.000539473995254891,2.405e-04 / 5.395e-04,C:\Users\msz\aca\Workspaces\hs_four_schemes_20260927\out\profiles\p6_difference_paper_ale_euler_n200_dt0.0125_L4.npz,b2468db72c4d8537c2e2f7256f695bea6796795bd145c4ab998e7cb3d6117486,new
p6_difference_paper_ale_euler_n200_dt0.0125_L4,S3,6.0,difference_paper_ale,euler,200,0.0125,4.0,main,0.5,8001,0.0002828662976687296,0.0005647187433298617,2.829e-04 / 5.647e-04,C:\Users\msz\aca\Workspaces\hs_four_schemes_20260927\out\profiles\p6_difference_paper_ale_euler_n200_dt0.0125_L4.npz,b2468db72c4d8537c2e2f7256f695bea6796795bd145c4ab998e7cb3d6117486,new
p6_difference_paper_ale_heun_n400_dt0.003125_L4,S3,6.0,difference_paper_ale,heun,400,0.003125,4.0,main,0.25,16001,5.3023855293862776e-05,0.0001546958130903553,5.302e-05 / 1.547e-04,C:\Users\msz\aca\Workspaces\hs_four_schemes_20260927\out\profiles\p6_difference_paper_ale_heun_n400_dt0.003125_L4.npz,3bb5d6e00e8d3b4e0e37fc3322b6309b2029ad95d93d978c0796cc7c50713b49,new
p6_difference_paper_ale_heun_n400_dt0.003125_L4,S3,6.0,difference_paper_ale,heun,400,0.003125,4.0,main,0.5,16001,5.6839093167414256e-05,0.000176179462680226,5.684e-05 / 1.762e-04,C:\Users\msz\aca\Workspaces\hs_four_schemes_20260927\out\profiles\p6_difference_paper_ale_heun_n400_dt0.003125_L4.npz,3bb5d6e00e8d3b4e0e37fc3322b6309b2029ad95d93d978c0796cc7c50713b49,new
p6_difference_paper_ale_heun_n200_dt0.0125_L4,S3,6.0,difference_paper_ale,heun,200,0.0125,4.0,main,0.25,8001,0.00021407834150834193,0.0006174835909974474,2.141e-04 / 6.175e-04,C:\Users\msz\aca\Workspaces\hs_four_schemes_20260927\out\profiles\p6_difference_paper_ale_heun_n200_dt0.0125_L4.npz,c7e3c80bba447206798fc6c88bcb1aac15116269d4e41d3629fb036949bbca9c,new
p6_difference_paper_ale_heun_n200_dt0.0125_L4,S3,6.0,difference_paper_ale,heun,200,0.0125,4.0,main,0.5,8001,0.00022047348753238827,0.0007034075952164764,2.205e-04 / 7.034e-04,C:\Users\msz\aca\Workspaces\hs_four_schemes_20260927\out\profiles\p6_difference_paper_ale_heun_n200_dt0.0125_L4.npz,c7e3c80bba447206798fc6c88bcb1aac15116269d4e41d3629fb036949bbca9c,new
p6_difference_paper_ale_rk4_n400_dt0.003125_L4,S3,6.0,difference_paper_ale,rk4,400,0.003125,4.0,main,0.25,16001,5.2839436720672484e-05,0.00015468765793802408,5.284e-05 / 1.547e-04,C:\Users\msz\aca\Workspaces\hs_four_schemes_20260927\out\profiles\p6_difference_paper_ale_rk4_n400_dt0.003125_L4.npz,e60349cf9ab83c18b22745efb41b6dac1f147e9a7f570a16b80075eee8beec3b,new
p6_difference_paper_ale_rk4_n400_dt0.003125_L4,S3,6.0,difference_paper_ale,rk4,400,0.003125,4.0,main,0.5,16001,5.732120770643445e-05,0.0001761698332543027,5.732e-05 / 1.762e-04,C:\Users\msz\aca\Workspaces\hs_four_schemes_20260927\out\profiles\p6_difference_paper_ale_rk4_n400_dt0.003125_L4.npz,e60349cf9ab83c18b22745efb41b6dac1f147e9a7f570a16b80075eee8beec3b,new
p6_difference_paper_ale_rk4_n200_dt0.0125_L4,S3,6.0,difference_paper_ale,rk4,200,0.0125,4.0,main,0.25,8001,0.0002113301871731338,0.0006173623383587401,2.113e-04 / 6.174e-04,C:\Users\msz\aca\Workspaces\hs_four_schemes_20260927\out\profiles\p6_difference_paper_ale_rk4_n200_dt0.0125_L4.npz,17857e52b5b4ae5e110d4d8fb71c6eebf97ec3cc2b5155e87608375da524c2f3,new
p6_difference_paper_ale_rk4_n200_dt0.0125_L4,S3,6.0,difference_paper_ale,rk4,200,0.0125,4.0,main,0.5,8001,0.00022806586258361516,0.0007032553906946015,2.281e-04 / 7.033e-04,C:\Users\msz\aca\Workspaces\hs_four_schemes_20260927\out\profiles\p6_difference_paper_ale_rk4_n200_dt0.0125_L4.npz,17857e52b5b4ae5e110d4d8fb71c6eebf97ec3cc2b5155e87608375da524c2f3,new
p6_difference_paper_ale_rk8_n400_dt0.003125_L4,S3,6.0,difference_paper_ale,rk8,400,0.003125,4.0,main,0.25,16001,5.2839438926241544e-05,0.00015468765810955354,5.284e-05 / 1.547e-04,C:\Users\msz\aca\Workspaces\hs_four_schemes_20260927\out\profiles\p6_difference_paper_ale_rk8_n400_dt0.003125_L4.npz,6eb91f804c42a3b846a52070b4f217c1c56c70546fb297ee07270cd15d70ea64,new
p6_difference_paper_ale_rk8_n400_dt0.003125_L4,S3,6.0,difference_paper_ale,rk8,400,0.003125,4.0,main,0.5,16001,5.732120205052815e-05,0.00017616983354140636,5.732e-05 / 1.762e-04,C:\Users\msz\aca\Workspaces\hs_four_schemes_20260927\out\profiles\p6_difference_paper_ale_rk8_n400_dt0.003125_L4.npz,6eb91f804c42a3b846a52070b4f217c1c56c70546fb297ee07270cd15d70ea64,new
p6_difference_paper_ale_rk8_n200_dt0.0125_L4,S3,6.0,difference_paper_ale,rk8,200,0.0125,4.0,main,0.25,8001,0.00021133071367965273,0.0006173623789644811,2.113e-04 / 6.174e-04,C:\Users\msz\aca\Workspaces\hs_four_schemes_20260927\out\profiles\p6_difference_paper_ale_rk8_n200_dt0.0125_L4.npz,1b79eab97a32e45efcee0f1d77749f939311a5825031b1fe4716fdee94f5cc21,new
p6_difference_paper_ale_rk8_n200_dt0.0125_L4,S3,6.0,difference_paper_ale,rk8,200,0.0125,4.0,main,0.5,8001,0.00022806443610559612,0.0007032554663868318,2.281e-04 / 7.033e-04,C:\Users\msz\aca\Workspaces\hs_four_schemes_20260927\out\profiles\p6_difference_paper_ale_rk8_n200_dt0.0125_L4.npz,1b79eab97a32e45efcee0f1d77749f939311a5825031b1fe4716fdee94f5cc21,new
p6_difference_fixed_euler_n400_dt0.003125_L4,S4,6.0,difference_fixed,euler,400,0.003125,4.0,main,0.25,16001,1.7039361232998318e-05,4.729774944067788e-05,1.704e-05 / 4.730e-05,C:\Users\msz\aca\Workspaces\hs_conserved_mesh_20260925\out\euler_comparison\profiles\p6_difference_fixed_euler_n400_dt0.003125_L4.npz,37e201631e56ddec1999848df247a91baf7a7eb16494436404ea789bf08a3490,reused
p6_difference_fixed_euler_n400_dt0.003125_L4,S4,6.0,difference_fixed,euler,400,0.003125,4.0,main,0.5,16001,1.5195150011762526e-05,5.094347128042909e-05,1.520e-05 / 5.094e-05,C:\Users\msz\aca\Workspaces\hs_conserved_mesh_20260925\out\euler_comparison\profiles\p6_difference_fixed_euler_n400_dt0.003125_L4.npz,37e201631e56ddec1999848df247a91baf7a7eb16494436404ea789bf08a3490,reused
p6_difference_fixed_euler_n200_dt0.0125_L4,S4,6.0,difference_fixed,euler,200,0.0125,4.0,main,0.25,8001,6.806925760358129e-05,0.00018910889854695245,6.807e-05 / 1.891e-04,C:\Users\msz\aca\Workspaces\hs_table_data_20260927\out\profiles\p6_difference_fixed_euler_n200_dt0.0125_L4.npz,98645a1916ac2350cae6ecd636095c37a3952256bd13e95bd67ddc8ff18a7a60,reused
p6_difference_fixed_euler_n200_dt0.0125_L4,S4,6.0,difference_fixed,euler,200,0.0125,4.0,main,0.5,8001,6.056756374250849e-05,0.00020330860362050007,6.057e-05 / 2.033e-04,C:\Users\msz\aca\Workspaces\hs_table_data_20260927\out\profiles\p6_difference_fixed_euler_n200_dt0.0125_L4.npz,98645a1916ac2350cae6ecd636095c37a3952256bd13e95bd67ddc8ff18a7a60,reused
p6_difference_fixed_heun_n400_dt0.003125_L4,S4,6.0,difference_fixed,heun,400,0.003125,4.0,main,0.25,16001,1.9986558508544583e-05,5.4317952322024965e-05,1.999e-05 / 5.432e-05,C:\Users\msz\aca\Workspaces\hs_table_data_20260927\out\profiles\p6_difference_fixed_heun_n400_dt0.003125_L4.npz,0e07181711f534d8114ce976d8943a6f88c0087c68e3d6984c1c056fc56f7ca7,reused
p6_difference_fixed_heun_n400_dt0.003125_L4,S4,6.0,difference_fixed,heun,400,0.003125,4.0,main,0.5,16001,2.0958480134156132e-05,6.54619027924408e-05,2.096e-05 / 6.546e-05,C:\Users\msz\aca\Workspaces\hs_table_data_20260927\out\profiles\p6_difference_fixed_heun_n400_dt0.003125_L4.npz,0e07181711f534d8114ce976d8943a6f88c0087c68e3d6984c1c056fc56f7ca7,reused
p6_difference_fixed_heun_n200_dt0.0125_L4,S4,6.0,difference_fixed,heun,200,0.0125,4.0,main,0.25,8001,7.988138983620885e-05,0.00021693860911442542,7.988e-05 / 2.169e-04,C:\Users\msz\aca\Workspaces\hs_table_data_20260927\out\profiles\p6_difference_fixed_heun_n200_dt0.0125_L4.npz,255b2f32d33b7a401121e0b9d0a6b4609a8a5db5ab2449f1058940fccba89259,reused
p6_difference_fixed_heun_n200_dt0.0125_L4,S4,6.0,difference_fixed,heun,200,0.0125,4.0,main,0.5,8001,8.37715730007127e-05,0.000261433642249731,8.377e-05 / 2.614e-04,C:\Users\msz\aca\Workspaces\hs_table_data_20260927\out\profiles\p6_difference_fixed_heun_n200_dt0.0125_L4.npz,255b2f32d33b7a401121e0b9d0a6b4609a8a5db5ab2449f1058940fccba89259,reused
p6_difference_fixed_rk4_n400_dt0.003125_L4,S4,6.0,difference_fixed,rk4,400,0.003125,4.0,main,0.25,16001,1.9986060325730137e-05,5.432236172342453e-05,1.999e-05 / 5.432e-05,C:\Users\msz\aca\Workspaces\hs_conserved_mesh_20260925\out\calibration_parameter_scan\profiles\p6_difference_fixed_rk4_n400_dt0.003125_L4.npz,24bcfcdf70eec3738c1014b4ecaaa12cc44c68efcc9737ea84c43317558e592f,reused
p6_difference_fixed_rk4_n400_dt0.003125_L4,S4,6.0,difference_fixed,rk4,400,0.003125,4.0,main,0.5,16001,2.095725214328048e-05,6.547136034662504e-05,2.096e-05 / 6.547e-05,C:\Users\msz\aca\Workspaces\hs_conserved_mesh_20260925\out\calibration_parameter_scan\profiles\p6_difference_fixed_rk4_n400_dt0.003125_L4.npz,24bcfcdf70eec3738c1014b4ecaaa12cc44c68efcc9737ea84c43317558e592f,reused
p6_difference_fixed_rk4_n200_dt0.0125_L4,S4,6.0,difference_fixed,rk4,200,0.0125,4.0,main,0.25,8001,7.98752437561473e-05,0.0002170102393671547,7.988e-05 / 2.170e-04,C:\Users\msz\aca\Workspaces\hs_table_data_20260927\out\profiles\p6_difference_fixed_rk4_n200_dt0.0125_L4.npz,f00435064657ff712cc993539b3cf0548e8b7a795d4840a2879149b397c757ca,reused
p6_difference_fixed_rk4_n200_dt0.0125_L4,S4,6.0,difference_fixed,rk4,200,0.0125,4.0,main,0.5,8001,8.375448615416392e-05,0.0002615820039922889,8.375e-05 / 2.616e-04,C:\Users\msz\aca\Workspaces\hs_table_data_20260927\out\profiles\p6_difference_fixed_rk4_n200_dt0.0125_L4.npz,f00435064657ff712cc993539b3cf0548e8b7a795d4840a2879149b397c757ca,reused
p6_difference_fixed_rk8_n400_dt0.003125_L4,S4,6.0,difference_fixed,rk8,400,0.003125,4.0,main,0.25,16001,1.9986060332100042e-05,5.432236172409066e-05,1.999e-05 / 5.432e-05,C:\Users\msz\aca\Workspaces\hs_table_data_20260927\out\profiles\p6_difference_fixed_rk8_n400_dt0.003125_L4.npz,a00c5773a9e23624e68010baecc22756d4d6b174fb0760964f8b9ee938cb485e,reused
p6_difference_fixed_rk8_n400_dt0.003125_L4,S4,6.0,difference_fixed,rk8,400,0.003125,4.0,main,0.5,16001,2.0957252162556728e-05,6.547136034773526e-05,2.096e-05 / 6.547e-05,C:\Users\msz\aca\Workspaces\hs_table_data_20260927\out\profiles\p6_difference_fixed_rk8_n400_dt0.003125_L4.npz,a00c5773a9e23624e68010baecc22756d4d6b174fb0760964f8b9ee938cb485e,reused
p6_difference_fixed_rk8_n200_dt0.0125_L4,S4,6.0,difference_fixed,rk8,200,0.0125,4.0,main,0.25,8001,7.987524528553502e-05,0.00021701023952969134,7.988e-05 / 2.170e-04,C:\Users\msz\aca\Workspaces\hs_table_data_20260927\out\profiles\p6_difference_fixed_rk8_n200_dt0.0125_L4.npz,18b3198c667d99a7724516872ee0f6f8b72be8929603e9b86491e7962af13c59,reused
p6_difference_fixed_rk8_n200_dt0.0125_L4,S4,6.0,difference_fixed,rk8,200,0.0125,4.0,main,0.5,8001,8.375449069335239e-05,0.0002615820042728423,8.375e-05 / 2.616e-04,C:\Users\msz\aca\Workspaces\hs_table_data_20260927\out\profiles\p6_difference_fixed_rk8_n200_dt0.0125_L4.npz,18b3198c667d99a7724516872ee0f6f8b72be8929603e9b86491e7962af13c59,reused
p7_integrable_original_euler_n400_dt0.003125_L4,S1,7.0,integrable_original,euler,400,0.003125,4.0,main,0.25,16001,0.014108299783583399,0.0009989856076377812,1.411e-02 / 9.990e-04,C:\Users\msz\aca\Workspaces\hs_waveform_atlas_20260927\out\profiles\p7_integrable_original_euler_n400_dt0.003125_L4.npz,f27b8a3a5cc9da7b7029fd94d8f729c7bdbd5c4c251c4e284dcd246bf1f4fe67,reused
p7_integrable_original_euler_n400_dt0.003125_L4,S1,7.0,integrable_original,euler,400,0.003125,4.0,main,0.5,16001,0.06048426007171597,0.006105719707622859,6.048e-02 / 6.106e-03,C:\Users\msz\aca\Workspaces\hs_waveform_atlas_20260927\out\profiles\p7_integrable_original_euler_n400_dt0.003125_L4.npz,f27b8a3a5cc9da7b7029fd94d8f729c7bdbd5c4c251c4e284dcd246bf1f4fe67,reused
p7_integrable_original_euler_n200_dt0.0125_L4,S1,7.0,integrable_original,euler,200,0.0125,4.0,main,0.25,8001,0.02749931053607408,0.0022088539281046593,2.750e-02 / 2.209e-03,C:\Users\msz\aca\Workspaces\hs_four_schemes_20260927\out\profiles\p7_integrable_original_euler_n200_dt0.0125_L4.npz,4f9914876904db094ae946ec9bac1e2d0845fb38fb9fe5f1e99af1747b414a70,new
p7_integrable_original_euler_n200_dt0.0125_L4,S1,7.0,integrable_original,euler,200,0.0125,4.0,main,0.5,8001,0.11782979891743614,0.011724339329963751,1.178e-01 / 1.172e-02,C:\Users\msz\aca\Workspaces\hs_four_schemes_20260927\out\profiles\p7_integrable_original_euler_n200_dt0.0125_L4.npz,4f9914876904db094ae946ec9bac1e2d0845fb38fb9fe5f1e99af1747b414a70,new
p7_integrable_original_heun_n400_dt0.003125_L4,S1,7.0,integrable_original,heun,400,0.003125,4.0,main,0.25,16001,0.014292553616810944,0.001012624109190785,1.429e-02 / 1.013e-03,C:\Users\msz\aca\Workspaces\hs_four_schemes_20260927\out\profiles\p7_integrable_original_heun_n400_dt0.003125_L4.npz,03f46a89606bf19f48ef91994d284a21f6877100aaac9477f83df33e43909c33,new
p7_integrable_original_heun_n400_dt0.003125_L4,S1,7.0,integrable_original,heun,400,0.003125,4.0,main,0.5,16001,0.0613163609772059,0.006191614788982336,6.132e-02 / 6.192e-03,C:\Users\msz\aca\Workspaces\hs_four_schemes_20260927\out\profiles\p7_integrable_original_heun_n400_dt0.003125_L4.npz,03f46a89606bf19f48ef91994d284a21f6877100aaac9477f83df33e43909c33,new
p7_integrable_original_heun_n200_dt0.0125_L4,S1,7.0,integrable_original,heun,200,0.0125,4.0,main,0.25,8001,0.028957050603187998,0.0023499349381390644,2.896e-02 / 2.350e-03,C:\Users\msz\aca\Workspaces\hs_four_schemes_20260927\out\profiles\p7_integrable_original_heun_n200_dt0.0125_L4.npz,cfd0de6ac090155ba79284c70e4534ee0e6f0e19aed8cb59eb7b45b1bf3f3e0e,new
p7_integrable_original_heun_n200_dt0.0125_L4,S1,7.0,integrable_original,heun,200,0.0125,4.0,main,0.5,8001,0.12449467208278853,0.012524144429650885,1.245e-01 / 1.252e-02,C:\Users\msz\aca\Workspaces\hs_four_schemes_20260927\out\profiles\p7_integrable_original_heun_n200_dt0.0125_L4.npz,cfd0de6ac090155ba79284c70e4534ee0e6f0e19aed8cb59eb7b45b1bf3f3e0e,new
p7_integrable_original_rk4_n400_dt0.003125_L4,S1,7.0,integrable_original,rk4,400,0.003125,4.0,main,0.25,16001,0.014293154170749287,0.0010127006256445137,1.429e-02 / 1.013e-03,C:\Users\msz\aca\Workspaces\hs_four_schemes_20260927\out\profiles\p7_integrable_original_rk4_n400_dt0.003125_L4.npz,fa8ffb14fd950b7d093147077994247060087c27cbf1b4a83552acfe71341653,new
p7_integrable_original_rk4_n400_dt0.003125_L4,S1,7.0,integrable_original,rk4,400,0.003125,4.0,main,0.5,16001,0.06131876928290515,0.006191964682565665,6.132e-02 / 6.192e-03,C:\Users\msz\aca\Workspaces\hs_four_schemes_20260927\out\profiles\p7_integrable_original_rk4_n400_dt0.003125_L4.npz,fa8ffb14fd950b7d093147077994247060087c27cbf1b4a83552acfe71341653,new
p7_integrable_original_rk4_n200_dt0.0125_L4,S1,7.0,integrable_original,rk4,200,0.0125,4.0,main,0.25,8001,0.028977371059721566,0.0023518600595185957,2.898e-02 / 2.352e-03,C:\Users\msz\aca\Workspaces\hs_four_schemes_20260927\out\profiles\p7_integrable_original_rk4_n200_dt0.0125_L4.npz,3459a14cc7129a6f3f595f10f66181218d9463cf50e02dc909e43291bcf2b6c4,new
p7_integrable_original_rk4_n200_dt0.0125_L4,S1,7.0,integrable_original,rk4,200,0.0125,4.0,main,0.5,8001,0.12457697680677655,0.012535717989171968,1.246e-01 / 1.254e-02,C:\Users\msz\aca\Workspaces\hs_four_schemes_20260927\out\profiles\p7_integrable_original_rk4_n200_dt0.0125_L4.npz,3459a14cc7129a6f3f595f10f66181218d9463cf50e02dc909e43291bcf2b6c4,new
p7_integrable_original_rk8_n400_dt0.003125_L4,S1,7.0,integrable_original,rk8,400,0.003125,4.0,main,0.25,16001,0.01429315417245402,0.0010127006257264481,1.429e-02 / 1.013e-03,C:\Users\msz\aca\Workspaces\hs_four_schemes_20260927\out\profiles\p7_integrable_original_rk8_n400_dt0.003125_L4.npz,be1afc9be0143430e04e0109213ba4c2d292a83690b18a03bdebe63dd39a9ed0,new
p7_integrable_original_rk8_n400_dt0.003125_L4,S1,7.0,integrable_original,rk8,400,0.003125,4.0,main,0.5,16001,0.06131876928943484,0.006191964683202822,6.132e-02 / 6.192e-03,C:\Users\msz\aca\Workspaces\hs_four_schemes_20260927\out\profiles\p7_integrable_original_rk8_n400_dt0.003125_L4.npz,be1afc9be0143430e04e0109213ba4c2d292a83690b18a03bdebe63dd39a9ed0,new
p7_integrable_original_rk8_n200_dt0.0125_L4,S1,7.0,integrable_original,rk8,200,0.0125,4.0,main,0.25,8001,0.028977372094214502,0.0023518600933827294,2.898e-02 / 2.352e-03,C:\Users\msz\aca\Workspaces\hs_four_schemes_20260927\out\profiles\p7_integrable_original_rk8_n200_dt0.0125_L4.npz,35016ef718ca286034092b48db8ebdd6e64f7755b01bca52370ccf981d9b95a4,new
p7_integrable_original_rk8_n200_dt0.0125_L4,S1,7.0,integrable_original,rk8,200,0.0125,4.0,main,0.5,8001,0.12457698070577092,0.012535718361889492,1.246e-01 / 1.254e-02,C:\Users\msz\aca\Workspaces\hs_four_schemes_20260927\out\profiles\p7_integrable_original_rk8_n200_dt0.0125_L4.npz,35016ef718ca286034092b48db8ebdd6e64f7755b01bca52370ccf981d9b95a4,new
p7_integrable_calibrated_euler_n400_dt0.003125_L4,S2,7.0,integrable_calibrated,euler,400,0.003125,4.0,main,0.25,16001,0.00019801390827346843,0.0002670207485089282,1.980e-04 / 2.670e-04,C:\Users\msz\aca\Workspaces\hs_waveform_atlas_20260927\out\profiles\p7_integrable_calibrated_euler_n400_dt0.003125_L4.npz,315e7e9510124329d761ecc6048a9e0f65823505e9a9ef0c2741a4445f6e5514,reused
p7_integrable_calibrated_euler_n400_dt0.003125_L4,S2,7.0,integrable_calibrated,euler,400,0.003125,4.0,main,0.5,16001,0.0008610058638552353,0.0002817886154594662,8.610e-04 / 2.818e-04,C:\Users\msz\aca\Workspaces\hs_waveform_atlas_20260927\out\profiles\p7_integrable_calibrated_euler_n400_dt0.003125_L4.npz,315e7e9510124329d761ecc6048a9e0f65823505e9a9ef0c2741a4445f6e5514,reused
p7_integrable_calibrated_euler_n200_dt0.0125_L4,S2,7.0,integrable_calibrated,euler,200,0.0125,4.0,main,0.25,8001,0.0007598935572502087,0.0010641262533735985,7.599e-04 / 1.064e-03,C:\Users\msz\aca\Workspaces\hs_four_schemes_20260927\out\profiles\p7_integrable_calibrated_euler_n200_dt0.0125_L4.npz,e207acdaa426044b9c1d31297d886f5c1a345cdb51d085d537e4871b87448473,new
p7_integrable_calibrated_euler_n200_dt0.0125_L4,S2,7.0,integrable_calibrated,euler,200,0.0125,4.0,main,0.5,8001,0.0032966144893381262,0.0011141927795569329,3.297e-03 / 1.114e-03,C:\Users\msz\aca\Workspaces\hs_four_schemes_20260927\out\profiles\p7_integrable_calibrated_euler_n200_dt0.0125_L4.npz,e207acdaa426044b9c1d31297d886f5c1a345cdb51d085d537e4871b87448473,new
p7_integrable_calibrated_heun_n400_dt0.003125_L4,S2,7.0,integrable_calibrated,heun,400,0.003125,4.0,main,0.25,16001,0.00019588156309964603,0.00028876299193980604,1.959e-04 / 2.888e-04,C:\Users\msz\aca\Workspaces\hs_four_schemes_20260927\out\profiles\p7_integrable_calibrated_heun_n400_dt0.003125_L4.npz,b75bd0f2d7573d5ba3a5ef6e5d47706bfe379a7fd2e902d111a893c50d9d20d7,new
p7_integrable_calibrated_heun_n400_dt0.003125_L4,S2,7.0,integrable_calibrated,heun,400,0.003125,4.0,main,0.5,16001,0.0008386702057234649,0.00031528951529113947,8.387e-04 / 3.153e-04,C:\Users\msz\aca\Workspaces\hs_four_schemes_20260927\out\profiles\p7_integrable_calibrated_heun_n400_dt0.003125_L4.npz,b75bd0f2d7573d5ba3a5ef6e5d47706bfe379a7fd2e902d111a893c50d9d20d7,new
p7_integrable_calibrated_heun_n200_dt0.0125_L4,S2,7.0,integrable_calibrated,heun,200,0.0125,4.0,main,0.25,8001,0.0007834021367334294,0.0011511390655574716,7.834e-04 / 1.151e-03,C:\Users\msz\aca\Workspaces\hs_four_schemes_20260927\out\profiles\p7_integrable_calibrated_heun_n200_dt0.0125_L4.npz,4cd6e7f04ae0c226cb6d1e21d092f60b15a49ae51b078f5ced1559de7d18222b,new
p7_integrable_calibrated_heun_n200_dt0.0125_L4,S2,7.0,integrable_calibrated,heun,200,0.0125,4.0,main,0.5,8001,0.003355150074298058,0.0012563871651776193,3.355e-03 / 1.256e-03,C:\Users\msz\aca\Workspaces\hs_four_schemes_20260927\out\profiles\p7_integrable_calibrated_heun_n200_dt0.0125_L4.npz,4cd6e7f04ae0c226cb6d1e21d092f60b15a49ae51b078f5ced1559de7d18222b,new
p7_integrable_calibrated_rk4_n400_dt0.003125_L4,S2,7.0,integrable_calibrated,rk4,400,0.003125,4.0,main,0.25,16001,0.0001958112496274518,0.00028877474332478226,1.958e-04 / 2.888e-04,C:\Users\msz\aca\Workspaces\hs_four_schemes_20260927\out\profiles\p7_integrable_calibrated_rk4_n400_dt0.003125_L4.npz,e2b8f9480cdc1005e696f28b5e72ca67df479e494cb462791ea611cc6c66cc1b,new
p7_integrable_calibrated_rk4_n400_dt0.003125_L4,S2,7.0,integrable_calibrated,rk4,400,0.003125,4.0,main,0.5,16001,0.0008383680587702105,0.00031531548446095403,8.384e-04 / 3.153e-04,C:\Users\msz\aca\Workspaces\hs_four_schemes_20260927\out\profiles\p7_integrable_calibrated_rk4_n400_dt0.003125_L4.npz,e2b8f9480cdc1005e696f28b5e72ca67df479e494cb462791ea611cc6c66cc1b,new
p7_integrable_calibrated_rk4_n200_dt0.0125_L4,S2,7.0,integrable_calibrated,rk4,200,0.0125,4.0,main,0.25,8001,0.0007827442072802466,0.0011512931998304277,7.827e-04 / 1.151e-03,C:\Users\msz\aca\Workspaces\hs_four_schemes_20260927\out\profiles\p7_integrable_calibrated_rk4_n200_dt0.0125_L4.npz,9dc4efd6f496b1c11587fcc8e844379eb495fb1e09f06183ed84fbc2d8a5a9ed,new
p7_integrable_calibrated_rk4_n200_dt0.0125_L4,S2,7.0,integrable_calibrated,rk4,200,0.0125,4.0,main,0.5,8001,0.0033521755119975487,0.001256819813730825,3.352e-03 / 1.257e-03,C:\Users\msz\aca\Workspaces\hs_four_schemes_20260927\out\profiles\p7_integrable_calibrated_rk4_n200_dt0.0125_L4.npz,9dc4efd6f496b1c11587fcc8e844379eb495fb1e09f06183ed84fbc2d8a5a9ed,new
p7_integrable_calibrated_rk8_n400_dt0.003125_L4,S2,7.0,integrable_calibrated,rk8,400,0.003125,4.0,main,0.25,16001,0.00019581124899024967,0.00028877474329735975,1.958e-04 / 2.888e-04,C:\Users\msz\aca\Workspaces\hs_four_schemes_20260927\out\profiles\p7_integrable_calibrated_rk8_n400_dt0.003125_L4.npz,a8157a2fc87264a1afcf1af2bf068b20ae9dac5b190d0ef964b479087816b6eb,new
p7_integrable_calibrated_rk8_n400_dt0.003125_L4,S2,7.0,integrable_calibrated,rk8,400,0.003125,4.0,main,0.5,16001,0.0008383680568685639,0.0003153154843742456,8.384e-04 / 3.153e-04,C:\Users\msz\aca\Workspaces\hs_four_schemes_20260927\out\profiles\p7_integrable_calibrated_rk8_n400_dt0.003125_L4.npz,a8157a2fc87264a1afcf1af2bf068b20ae9dac5b190d0ef964b479087816b6eb,new
p7_integrable_calibrated_rk8_n200_dt0.0125_L4,S2,7.0,integrable_calibrated,rk8,200,0.0125,4.0,main,0.25,8001,0.0007827440703699592,0.001151293193707048,7.827e-04 / 1.151e-03,C:\Users\msz\aca\Workspaces\hs_four_schemes_20260927\out\profiles\p7_integrable_calibrated_rk8_n200_dt0.0125_L4.npz,e138d058f7d65ef2bddc3f6d948c9e71f20b57ecc3e8163350e5c5f62ff24d67,new
p7_integrable_calibrated_rk8_n200_dt0.0125_L4,S2,7.0,integrable_calibrated,rk8,200,0.0125,4.0,main,0.5,8001,0.0033521751166872174,0.0012568197943128023,3.352e-03 / 1.257e-03,C:\Users\msz\aca\Workspaces\hs_four_schemes_20260927\out\profiles\p7_integrable_calibrated_rk8_n200_dt0.0125_L4.npz,e138d058f7d65ef2bddc3f6d948c9e71f20b57ecc3e8163350e5c5f62ff24d67,new
p7_difference_paper_ale_euler_n400_dt0.003125_L4,S3,7.0,difference_paper_ale,euler,400,0.003125,4.0,main,0.25,16001,0.00010802659384542834,0.00022001428615225915,1.080e-04 / 2.200e-04,C:\Users\msz\aca\Workspaces\hs_four_schemes_20260927\out\profiles\p7_difference_paper_ale_euler_n400_dt0.003125_L4.npz,1bea9b4e07c49f363ebbc99e2ddf14d4be1ed580cbe7de1c3635e7fe9fa5f841,new
p7_difference_paper_ale_euler_n400_dt0.003125_L4,S3,7.0,difference_paper_ale,euler,400,0.003125,4.0,main,0.5,16001,0.00012338514341966866,0.0002410243117679789,1.234e-04 / 2.410e-04,C:\Users\msz\aca\Workspaces\hs_four_schemes_20260927\out\profiles\p7_difference_paper_ale_euler_n400_dt0.003125_L4.npz,1bea9b4e07c49f363ebbc99e2ddf14d4be1ed580cbe7de1c3635e7fe9fa5f841,new
p7_difference_paper_ale_euler_n200_dt0.0125_L4,S3,7.0,difference_paper_ale,euler,200,0.0125,4.0,main,0.25,8001,0.0004349626531977985,0.0008779176100430774,4.350e-04 / 8.779e-04,C:\Users\msz\aca\Workspaces\hs_four_schemes_20260927\out\profiles\p7_difference_paper_ale_euler_n200_dt0.0125_L4.npz,362e68a5f5052f65e2ff23209bd26afafc7072fcb70d1951fa1d85c975eaf779,new
p7_difference_paper_ale_euler_n200_dt0.0125_L4,S3,7.0,difference_paper_ale,euler,200,0.0125,4.0,main,0.5,8001,0.0005056923875448593,0.0009611648852722032,5.057e-04 / 9.612e-04,C:\Users\msz\aca\Workspaces\hs_four_schemes_20260927\out\profiles\p7_difference_paper_ale_euler_n200_dt0.0125_L4.npz,362e68a5f5052f65e2ff23209bd26afafc7072fcb70d1951fa1d85c975eaf779,new
p7_difference_paper_ale_heun_n400_dt0.003125_L4,S3,7.0,difference_paper_ale,heun,400,0.003125,4.0,main,0.25,16001,8.646665244138596e-05,0.0002417113683242933,8.647e-05 / 2.417e-04,C:\Users\msz\aca\Workspaces\hs_four_schemes_20260927\out\profiles\p7_difference_paper_ale_heun_n400_dt0.003125_L4.npz,ac9bfddc968ea81705906e771842d504cf1076b3f25aae7fdba67a9e4d609c1e,new
p7_difference_paper_ale_heun_n400_dt0.003125_L4,S3,7.0,difference_paper_ale,heun,400,0.003125,4.0,main,0.5,16001,0.00010806131168323435,0.0002782261794865848,1.081e-04 / 2.782e-04,C:\Users\msz\aca\Workspaces\hs_four_schemes_20260927\out\profiles\p7_difference_paper_ale_heun_n400_dt0.003125_L4.npz,ac9bfddc968ea81705906e771842d504cf1076b3f25aae7fdba67a9e4d609c1e,new
p7_difference_paper_ale_heun_n200_dt0.0125_L4,S3,7.0,difference_paper_ale,heun,200,0.0125,4.0,main,0.25,8001,0.0003480626250300378,0.0009623810950818434,3.481e-04 / 9.624e-04,C:\Users\msz\aca\Workspaces\hs_four_schemes_20260927\out\profiles\p7_difference_paper_ale_heun_n200_dt0.0125_L4.npz,3887bda93fc3c963cf9243520b0040bae0abab3ea7c1e688907e42caa7fe57b8,new
p7_difference_paper_ale_heun_n200_dt0.0125_L4,S3,7.0,difference_paper_ale,heun,200,0.0125,4.0,main,0.5,8001,0.0004202362973930729,0.0011088955400772038,4.202e-04 / 1.109e-03,C:\Users\msz\aca\Workspaces\hs_four_schemes_20260927\out\profiles\p7_difference_paper_ale_heun_n200_dt0.0125_L4.npz,3887bda93fc3c963cf9243520b0040bae0abab3ea7c1e688907e42caa7fe57b8,new
p7_difference_paper_ale_rk4_n400_dt0.003125_L4,S3,7.0,difference_paper_ale,rk4,400,0.003125,4.0,main,0.25,16001,8.615315296650605e-05,0.00024168726885354097,8.615e-05 / 2.417e-04,C:\Users\msz\aca\Workspaces\hs_four_schemes_20260927\out\profiles\p7_difference_paper_ale_rk4_n400_dt0.003125_L4.npz,732b770df43c0bd35fed7e4b3bda76ae5badc003cd82b767f3be7ca121a9e867,new
p7_difference_paper_ale_rk4_n400_dt0.003125_L4,S3,7.0,difference_paper_ale,rk4,400,0.003125,4.0,main,0.5,16001,0.00010888028087583518,0.0002781996380080143,1.089e-04 / 2.782e-04,C:\Users\msz\aca\Workspaces\hs_four_schemes_20260927\out\profiles\p7_difference_paper_ale_rk4_n400_dt0.003125_L4.npz,732b770df43c0bd35fed7e4b3bda76ae5badc003cd82b767f3be7ca121a9e867,new
p7_difference_paper_ale_rk4_n200_dt0.0125_L4,S3,7.0,difference_paper_ale,rk4,200,0.0125,4.0,main,0.25,8001,0.0003434235377869077,0.0009619883309167632,3.434e-04 / 9.620e-04,C:\Users\msz\aca\Workspaces\hs_four_schemes_20260927\out\profiles\p7_difference_paper_ale_rk4_n200_dt0.0125_L4.npz,919673b45ef58440d89acdeb3aad5a1db0a22e2a60e5299d88428ca8423be7b1,new
p7_difference_paper_ale_rk4_n200_dt0.0125_L4,S3,7.0,difference_paper_ale,rk4,200,0.0125,4.0,main,0.5,8001,0.00043306242814190876,0.0011084516128703203,4.331e-04 / 1.108e-03,C:\Users\msz\aca\Workspaces\hs_four_schemes_20260927\out\profiles\p7_difference_paper_ale_rk4_n200_dt0.0125_L4.npz,919673b45ef58440d89acdeb3aad5a1db0a22e2a60e5299d88428ca8423be7b1,new
p7_difference_paper_ale_rk8_n400_dt0.003125_L4,S3,7.0,difference_paper_ale,rk8,400,0.003125,4.0,main,0.25,16001,8.615315678067725e-05,0.0002416872692478922,8.615e-05 / 2.417e-04,C:\Users\msz\aca\Workspaces\hs_four_schemes_20260927\out\profiles\p7_difference_paper_ale_rk8_n400_dt0.003125_L4.npz,d837d706357388edd29a6bc58f46a1287ca6f3d2e9b45becbf164a7a087a83ae,new
p7_difference_paper_ale_rk8_n400_dt0.003125_L4,S3,7.0,difference_paper_ale,rk8,400,0.003125,4.0,main,0.5,16001,0.00010888027113059584,0.00027819963853303875,1.089e-04 / 2.782e-04,C:\Users\msz\aca\Workspaces\hs_four_schemes_20260927\out\profiles\p7_difference_paper_ale_rk8_n400_dt0.003125_L4.npz,d837d706357388edd29a6bc58f46a1287ca6f3d2e9b45becbf164a7a087a83ae,new
p7_difference_paper_ale_rk8_n200_dt0.0125_L4,S3,7.0,difference_paper_ale,rk8,200,0.0125,4.0,main,0.25,8001,0.0003434244387378327,0.0009619884344576057,3.434e-04 / 9.620e-04,C:\Users\msz\aca\Workspaces\hs_four_schemes_20260927\out\profiles\p7_difference_paper_ale_rk8_n200_dt0.0125_L4.npz,46131017b6f68f0aa5410c3a3760979e5a66f50701cbfa11320c3e2e2934a43d,new
p7_difference_paper_ale_rk8_n200_dt0.0125_L4,S3,7.0,difference_paper_ale,rk8,200,0.0125,4.0,main,0.5,8001,0.0004330599828595086,0.0011084517539939887,4.331e-04 / 1.108e-03,C:\Users\msz\aca\Workspaces\hs_four_schemes_20260927\out\profiles\p7_difference_paper_ale_rk8_n200_dt0.0125_L4.npz,46131017b6f68f0aa5410c3a3760979e5a66f50701cbfa11320c3e2e2934a43d,new
p7_difference_fixed_euler_n400_dt0.003125_L4,S4,7.0,difference_fixed,euler,400,0.003125,4.0,main,0.25,16001,2.3924267235686525e-05,7.401122602446186e-05,2.392e-05 / 7.401e-05,C:\Users\msz\aca\Workspaces\hs_waveform_atlas_20260927\out\profiles\p7_difference_fixed_euler_n400_dt0.003125_L4.npz,a8c6b2e41148d518854e58328e4d6b474c6f917d808c7f6eb2efd705eb12bdb3,reused
p7_difference_fixed_euler_n400_dt0.003125_L4,S4,7.0,difference_fixed,euler,400,0.003125,4.0,main,0.5,16001,2.3457821554634384e-05,7.827935154758325e-05,2.346e-05 / 7.828e-05,C:\Users\msz\aca\Workspaces\hs_waveform_atlas_20260927\out\profiles\p7_difference_fixed_euler_n400_dt0.003125_L4.npz,a8c6b2e41148d518854e58328e4d6b474c6f917d808c7f6eb2efd705eb12bdb3,reused
p7_difference_fixed_euler_n200_dt0.0125_L4,S4,7.0,difference_fixed,euler,200,0.0125,4.0,main,0.25,8001,9.54692507543764e-05,0.0002943759319667949,9.547e-05 / 2.944e-04,C:\Users\msz\aca\Workspaces\hs_table_data_20260927\out\profiles\p7_difference_fixed_euler_n200_dt0.0125_L4.npz,5d2a412639d188d677281917738fd925beeaac06ad7cbfca762156051a8e9d71,reused
p7_difference_fixed_euler_n200_dt0.0125_L4,S4,7.0,difference_fixed,euler,200,0.0125,4.0,main,0.5,8001,9.356023946929803e-05,0.0003114714481390335,9.356e-05 / 3.115e-04,C:\Users\msz\aca\Workspaces\hs_table_data_20260927\out\profiles\p7_difference_fixed_euler_n200_dt0.0125_L4.npz,5d2a412639d188d677281917738fd925beeaac06ad7cbfca762156051a8e9d71,reused
p7_difference_fixed_heun_n400_dt0.003125_L4,S4,7.0,difference_fixed,heun,400,0.003125,4.0,main,0.25,16001,2.694815617931834e-05,8.26159888546174e-05,2.695e-05 / 8.262e-05,C:\Users\msz\aca\Workspaces\hs_table_data_20260927\out\profiles\p7_difference_fixed_heun_n400_dt0.003125_L4.npz,41a06fe8e250545d34d6926d8bd2cb4e013508ead278733bfa9c021ca72ae680,reused
p7_difference_fixed_heun_n400_dt0.003125_L4,S4,7.0,difference_fixed,heun,400,0.003125,4.0,main,0.5,16001,2.936741230163964e-05,9.599740355981101e-05,2.937e-05 / 9.600e-05,C:\Users\msz\aca\Workspaces\hs_table_data_20260927\out\profiles\p7_difference_fixed_heun_n400_dt0.003125_L4.npz,41a06fe8e250545d34d6926d8bd2cb4e013508ead278733bfa9c021ca72ae680,reused
p7_difference_fixed_heun_n200_dt0.0125_L4,S4,7.0,difference_fixed,heun,200,0.0125,4.0,main,0.25,8001,0.00010764759326400974,0.00032858847459249496,1.076e-04 / 3.286e-04,C:\Users\msz\aca\Workspaces\hs_table_data_20260927\out\profiles\p7_difference_fixed_heun_n200_dt0.0125_L4.npz,c74e712518e0b56789a6920041d825b9972bcee849533d9e77347e6a0ca32f3d,reused
p7_difference_fixed_heun_n200_dt0.0125_L4,S4,7.0,difference_fixed,heun,200,0.0125,4.0,main,0.5,8001,0.0001172416279431876,0.00038225512119727245,1.172e-04 / 3.823e-04,C:\Users\msz\aca\Workspaces\hs_table_data_20260927\out\profiles\p7_difference_fixed_heun_n200_dt0.0125_L4.npz,c74e712518e0b56789a6920041d825b9972bcee849533d9e77347e6a0ca32f3d,reused
p7_difference_fixed_rk4_n400_dt0.003125_L4,S4,7.0,difference_fixed,rk4,400,0.003125,4.0,main,0.25,16001,2.6947645451191882e-05,8.262018607607668e-05,2.695e-05 / 8.262e-05,C:\Users\msz\aca\Workspaces\hs_table_data_20260927\out\profiles\p7_difference_fixed_rk4_n400_dt0.003125_L4.npz,568707eab9aa617cfc8df31ca88f7878d7e58957c769888540092a301fe7ebfc,reused
p7_difference_fixed_rk4_n400_dt0.003125_L4,S4,7.0,difference_fixed,rk4,400,0.003125,4.0,main,0.5,16001,2.9366238932626576e-05,9.600647983498689e-05,2.937e-05 / 9.601e-05,C:\Users\msz\aca\Workspaces\hs_table_data_20260927\out\profiles\p7_difference_fixed_rk4_n400_dt0.003125_L4.npz,568707eab9aa617cfc8df31ca88f7878d7e58957c769888540092a301fe7ebfc,reused
p7_difference_fixed_rk4_n200_dt0.0125_L4,S4,7.0,difference_fixed,rk4,200,0.0125,4.0,main,0.25,8001,0.00010763974945454668,0.00032865266878179256,1.076e-04 / 3.287e-04,C:\Users\msz\aca\Workspaces\hs_table_data_20260927\out\profiles\p7_difference_fixed_rk4_n200_dt0.0125_L4.npz,714ff5a5917abece09dd97ba8e85a858348c710cc73fdbeb33f8faa46e5ef964,reused
p7_difference_fixed_rk4_n200_dt0.0125_L4,S4,7.0,difference_fixed,rk4,200,0.0125,4.0,main,0.5,8001,0.0001172230122288842,0.00038239517389948574,1.172e-04 / 3.824e-04,C:\Users\msz\aca\Workspaces\hs_table_data_20260927\out\profiles\p7_difference_fixed_rk4_n200_dt0.0125_L4.npz,714ff5a5917abece09dd97ba8e85a858348c710cc73fdbeb33f8faa46e5ef964,reused
p7_difference_fixed_rk8_n400_dt0.003125_L4,S4,7.0,difference_fixed,rk8,400,0.003125,4.0,main,0.25,16001,2.6947645458519354e-05,8.262018607574362e-05,2.695e-05 / 8.262e-05,C:\Users\msz\aca\Workspaces\hs_table_data_20260927\out\profiles\p7_difference_fixed_rk8_n400_dt0.003125_L4.npz,46a68b3baf839664e0baeb8ac6c207a3b8f7e60f1050301f680f90ef1cf2e771,reused
p7_difference_fixed_rk8_n400_dt0.003125_L4,S4,7.0,difference_fixed,rk8,400,0.003125,4.0,main,0.5,16001,2.9366238952388546e-05,9.600647983387667e-05,2.937e-05 / 9.601e-05,C:\Users\msz\aca\Workspaces\hs_table_data_20260927\out\profiles\p7_difference_fixed_rk8_n400_dt0.003125_L4.npz,46a68b3baf839664e0baeb8ac6c207a3b8f7e60f1050301f680f90ef1cf2e771,reused
p7_difference_fixed_rk8_n200_dt0.0125_L4,S4,7.0,difference_fixed,rk8,200,0.0125,4.0,main,0.25,8001,0.0001076397514281624,0.0003286526686301361,1.076e-04 / 3.287e-04,C:\Users\msz\aca\Workspaces\hs_table_data_20260927\out\profiles\p7_difference_fixed_rk8_n200_dt0.0125_L4.npz,10c05df21c32cc77d7b9f524e8b28ea0d8f90b61530c9d8efc1ff1a326cbf2b4,reused
p7_difference_fixed_rk8_n200_dt0.0125_L4,S4,7.0,difference_fixed,rk8,200,0.0125,4.0,main,0.5,8001,0.00011722301752428721,0.0003823951736293685,1.172e-04 / 3.824e-04,C:\Users\msz\aca\Workspaces\hs_table_data_20260927\out\profiles\p7_difference_fixed_rk8_n200_dt0.0125_L4.npz,10c05df21c32cc77d7b9f524e8b28ea0d8f90b61530c9d8efc1ff1a326cbf2b4,reused
p8_integrable_original_euler_n400_dt0.003125_L4,S1,8.0,integrable_original,euler,400,0.003125,4.0,main,0.25,16001,0.014406289387276141,0.001193504017998892,1.441e-02 / 1.194e-03,C:\Users\msz\aca\Workspaces\hs_error_theory_20260926\out_v2\profiles\p8_integrable_original_euler_n400_dt0.003125_L4.npz,a165467d65ef84d201223c63851d2992493e6cd5acf2c1f02f1064a89c4818c9,reused
p8_integrable_original_euler_n400_dt0.003125_L4,S1,8.0,integrable_original,euler,400,0.003125,4.0,main,0.5,16001,0.061533304288687994,0.0068638789675378176,6.153e-02 / 6.864e-03,C:\Users\msz\aca\Workspaces\hs_error_theory_20260926\out_v2\profiles\p8_integrable_original_euler_n400_dt0.003125_L4.npz,a165467d65ef84d201223c63851d2992493e6cd5acf2c1f02f1064a89c4818c9,reused
p8_integrable_original_euler_n200_dt0.0125_L4,S1,8.0,integrable_original,euler,200,0.0125,4.0,main,0.25,8001,0.028177161611519765,0.0028123040698154744,2.818e-02 / 2.812e-03,C:\Users\msz\aca\Workspaces\hs_four_schemes_20260927\out\profiles\p8_integrable_original_euler_n200_dt0.0125_L4.npz,ab23c5a8c1848a6c758cd478804c616595987ec0af304d69b147380571ccb09f,new
p8_integrable_original_euler_n200_dt0.0125_L4,S1,8.0,integrable_original,euler,200,0.0125,4.0,main,0.5,8001,0.12031896544679725,0.013251518154177577,1.203e-01 / 1.325e-02,C:\Users\msz\aca\Workspaces\hs_four_schemes_20260927\out\profiles\p8_integrable_original_euler_n200_dt0.0125_L4.npz,ab23c5a8c1848a6c758cd478804c616595987ec0af304d69b147380571ccb09f,new
p8_integrable_original_heun_n400_dt0.003125_L4,S1,8.0,integrable_original,heun,400,0.003125,4.0,main,0.25,16001,0.014592209243249013,0.0012072068274093795,1.459e-02 / 1.207e-03,C:\Users\msz\aca\Workspaces\hs_four_schemes_20260927\out\profiles\p8_integrable_original_heun_n400_dt0.003125_L4.npz,af87f644431d1f51f960baa1568e7bff4d66d85c0df2ff5c37d9e292c91c95ef,new
p8_integrable_original_heun_n400_dt0.003125_L4,S1,8.0,integrable_original,heun,400,0.003125,4.0,main,0.5,16001,0.062363570850679485,0.006948733691779507,6.236e-02 / 6.949e-03,C:\Users\msz\aca\Workspaces\hs_four_schemes_20260927\out\profiles\p8_integrable_original_heun_n400_dt0.003125_L4.npz,af87f644431d1f51f960baa1568e7bff4d66d85c0df2ff5c37d9e292c91c95ef,new
p8_integrable_original_heun_n200_dt0.0125_L4,S1,8.0,integrable_original,heun,200,0.0125,4.0,main,0.25,8001,0.029657810714017765,0.002961281268506033,2.966e-02 / 2.961e-03,C:\Users\msz\aca\Workspaces\hs_four_schemes_20260927\out\profiles\p8_integrable_original_heun_n200_dt0.0125_L4.npz,01263fd1ec99fd59f4edc3195f2c336c45691ca5fcb6cab62fd9faa1bde00869,new
p8_integrable_original_heun_n200_dt0.0125_L4,S1,8.0,integrable_original,heun,200,0.0125,4.0,main,0.5,8001,0.12702778568003928,0.014065505293701541,1.270e-01 / 1.407e-02,C:\Users\msz\aca\Workspaces\hs_four_schemes_20260927\out\profiles\p8_integrable_original_heun_n200_dt0.0125_L4.npz,01263fd1ec99fd59f4edc3195f2c336c45691ca5fcb6cab62fd9faa1bde00869,new
p8_integrable_original_rk4_n400_dt0.003125_L4,S1,8.0,integrable_original,rk4,400,0.003125,4.0,main,0.25,16001,0.014592794668070662,0.0012072841575455628,1.459e-02 / 1.207e-03,C:\Users\msz\aca\Workspaces\hs_error_theory_20260926\out_v2\profiles\p8_integrable_original_rk4_n400_dt0.003125_L4.npz,2b8e658884d29897e2083a3cb2943d43347d0108b76ffaf589136830b2ab4a5e,reused
p8_integrable_original_rk4_n400_dt0.003125_L4,S1,8.0,integrable_original,rk4,400,0.003125,4.0,main,0.5,16001,0.06236589150119678,0.0069490612832320275,6.237e-02 / 6.949e-03,C:\Users\msz\aca\Workspaces\hs_error_theory_20260926\out_v2\profiles\p8_integrable_original_rk4_n400_dt0.003125_L4.npz,2b8e658884d29897e2083a3cb2943d43347d0108b76ffaf589136830b2ab4a5e,reused
p8_integrable_original_rk4_n200_dt0.0125_L4,S1,8.0,integrable_original,rk4,200,0.0125,4.0,main,0.25,8001,0.02967800428976179,0.002963168673933092,2.968e-02 / 2.963e-03,C:\Users\msz\aca\Workspaces\hs_four_schemes_20260927\out\profiles\p8_integrable_original_rk4_n200_dt0.0125_L4.npz,85074255625fb7d35072548d10b3b8e092137f6ee0779b7a7c2cc05fbd5b5fc7,new
p8_integrable_original_rk4_n200_dt0.0125_L4,S1,8.0,integrable_original,rk4,200,0.0125,4.0,main,0.5,8001,0.1271087879997466,0.014076689050154911,1.271e-01 / 1.408e-02,C:\Users\msz\aca\Workspaces\hs_four_schemes_20260927\out\profiles\p8_integrable_original_rk4_n200_dt0.0125_L4.npz,85074255625fb7d35072548d10b3b8e092137f6ee0779b7a7c2cc05fbd5b5fc7,new
p8_integrable_original_rk8_n400_dt0.003125_L4,S1,8.0,integrable_original,rk8,400,0.003125,4.0,main,0.25,16001,0.014592794669581303,0.0012072841575950788,1.459e-02 / 1.207e-03,C:\Users\msz\aca\Workspaces\hs_four_schemes_20260927\out\profiles\p8_integrable_original_rk8_n400_dt0.003125_L4.npz,65d0c150e034d5212b2771dc59fa1702305c06cfd461aa57aafae7fdcc82eb54,new
p8_integrable_original_rk8_n400_dt0.003125_L4,S1,8.0,integrable_original,rk8,400,0.003125,4.0,main,0.5,16001,0.06236589150705716,0.006949061283662683,6.237e-02 / 6.949e-03,C:\Users\msz\aca\Workspaces\hs_four_schemes_20260927\out\profiles\p8_integrable_original_rk8_n400_dt0.003125_L4.npz,65d0c150e034d5212b2771dc59fa1702305c06cfd461aa57aafae7fdcc82eb54,new
p8_integrable_original_rk8_n200_dt0.0125_L4,S1,8.0,integrable_original,rk8,200,0.0125,4.0,main,0.25,8001,0.029678005264074176,0.0029631686968750737,2.968e-02 / 2.963e-03,C:\Users\msz\aca\Workspaces\hs_four_schemes_20260927\out\profiles\p8_integrable_original_rk8_n200_dt0.0125_L4.npz,33b4b748db5a6c0bec5875e7ec87070cc6878596c0ee80fc619f5b7291c701b3,new
p8_integrable_original_rk8_n200_dt0.0125_L4,S1,8.0,integrable_original,rk8,200,0.0125,4.0,main,0.5,8001,0.1271087916742687,0.014076689337185533,1.271e-01 / 1.408e-02,C:\Users\msz\aca\Workspaces\hs_four_schemes_20260927\out\profiles\p8_integrable_original_rk8_n200_dt0.0125_L4.npz,33b4b748db5a6c0bec5875e7ec87070cc6878596c0ee80fc619f5b7291c701b3,new
p8_integrable_calibrated_euler_n400_dt0.003125_L4,S2,8.0,integrable_calibrated,euler,400,0.003125,4.0,main,0.25,16001,0.0002485258256006005,0.0003884438579124794,2.485e-04 / 3.884e-04,C:\Users\msz\aca\Workspaces\hs_error_theory_20260926\out_v2\profiles\p8_integrable_calibrated_euler_n400_dt0.003125_L4.npz,10d634a331683c77ee55f0d4a9f1661d87a76410711124fb6f8a73303586e8d8,reused
p8_integrable_calibrated_euler_n400_dt0.003125_L4,S2,8.0,integrable_calibrated,euler,400,0.003125,4.0,main,0.5,16001,0.0010761528298891198,0.000418964332616345,1.076e-03 / 4.190e-04,C:\Users\msz\aca\Workspaces\hs_error_theory_20260926\out_v2\profiles\p8_integrable_calibrated_euler_n400_dt0.003125_L4.npz,10d634a331683c77ee55f0d4a9f1661d87a76410711124fb6f8a73303586e8d8,reused
p8_integrable_calibrated_euler_n200_dt0.0125_L4,S2,8.0,integrable_calibrated,euler,200,0.0125,4.0,main,0.25,8001,0.0009539107049854156,0.0015467565188581611,9.539e-04 / 1.547e-03,C:\Users\msz\aca\Workspaces\hs_four_schemes_20260927\out\profiles\p8_integrable_calibrated_euler_n200_dt0.0125_L4.npz,fd068744fcfdf8fe1fb551e7474a780a7f93bfeb0d8ac9e2ca935a03325eec53,new
p8_integrable_calibrated_euler_n200_dt0.0125_L4,S2,8.0,integrable_calibrated,euler,200,0.0125,4.0,main,0.5,8001,0.00412176170707787,0.0016550186109930975,4.122e-03 / 1.655e-03,C:\Users\msz\aca\Workspaces\hs_four_schemes_20260927\out\profiles\p8_integrable_calibrated_euler_n200_dt0.0125_L4.npz,fd068744fcfdf8fe1fb551e7474a780a7f93bfeb0d8ac9e2ca935a03325eec53,new
p8_integrable_calibrated_heun_n400_dt0.003125_L4,S2,8.0,integrable_calibrated,heun,400,0.003125,4.0,main,0.25,16001,0.0002460015599635709,0.00040711168954610244,2.460e-04 / 4.071e-04,C:\Users\msz\aca\Workspaces\hs_four_schemes_20260927\out\profiles\p8_integrable_calibrated_heun_n400_dt0.003125_L4.npz,3fd044b241c38374ef7d594464be01a145e2313d80a6ab8caf8bdb1c4e2fcd9f,new
p8_integrable_calibrated_heun_n400_dt0.003125_L4,S2,8.0,integrable_calibrated,heun,400,0.003125,4.0,main,0.5,16001,0.00104928289422373,0.00044710867584146774,1.049e-03 / 4.471e-04,C:\Users\msz\aca\Workspaces\hs_four_schemes_20260927\out\profiles\p8_integrable_calibrated_heun_n400_dt0.003125_L4.npz,3fd044b241c38374ef7d594464be01a145e2313d80a6ab8caf8bdb1c4e2fcd9f,new
p8_integrable_calibrated_heun_n200_dt0.0125_L4,S2,8.0,integrable_calibrated,heun,200,0.0125,4.0,main,0.25,8001,0.0009837239393650262,0.0016171345849168017,9.837e-04 / 1.617e-03,C:\Users\msz\aca\Workspaces\hs_four_schemes_20260927\out\profiles\p8_integrable_calibrated_heun_n200_dt0.0125_L4.npz,b1b5823c3697b71eac260b863f1d3696b5e8285b466fad315602f5de29762f3d,new
p8_integrable_calibrated_heun_n200_dt0.0125_L4,S2,8.0,integrable_calibrated,heun,200,0.0125,4.0,main,0.5,8001,0.004197083098476829,0.0017815903531916977,4.197e-03 / 1.782e-03,C:\Users\msz\aca\Workspaces\hs_four_schemes_20260927\out\profiles\p8_integrable_calibrated_heun_n200_dt0.0125_L4.npz,b1b5823c3697b71eac260b863f1d3696b5e8285b466fad315602f5de29762f3d,new
p8_integrable_calibrated_rk4_n400_dt0.003125_L4,S2,8.0,integrable_calibrated,rk4,400,0.003125,4.0,main,0.25,16001,0.00024591621174689014,0.000407131846536124,2.459e-04 / 4.071e-04,C:\Users\msz\aca\Workspaces\hs_error_theory_20260926\out_v2\profiles\p8_integrable_calibrated_rk4_n400_dt0.003125_L4.npz,eb85898639c2727c0e91088ebe94c7fbeb55ce8315b0ef8486183f2ded60d590,reused
p8_integrable_calibrated_rk4_n400_dt0.003125_L4,S2,8.0,integrable_calibrated,rk4,400,0.003125,4.0,main,0.5,16001,0.0010489171909177264,0.0004471380753599541,1.049e-03 / 4.471e-04,C:\Users\msz\aca\Workspaces\hs_error_theory_20260926\out_v2\profiles\p8_integrable_calibrated_rk4_n400_dt0.003125_L4.npz,eb85898639c2727c0e91088ebe94c7fbeb55ce8315b0ef8486183f2ded60d590,reused
p8_integrable_calibrated_rk4_n200_dt0.0125_L4,S2,8.0,integrable_calibrated,rk4,200,0.0125,4.0,main,0.25,8001,0.000982934304979274,0.0016174923824116005,9.829e-04 / 1.617e-03,C:\Users\msz\aca\Workspaces\hs_four_schemes_20260927\out\profiles\p8_integrable_calibrated_rk4_n200_dt0.0125_L4.npz,d2130e2bc8d4566f74f83c3b54c420727deb96d08c34fd9e973cb1732017170c,new
p8_integrable_calibrated_rk4_n200_dt0.0125_L4,S2,8.0,integrable_calibrated,rk4,200,0.0125,4.0,main,0.5,8001,0.004193505694241062,0.0017821403371688915,4.194e-03 / 1.782e-03,C:\Users\msz\aca\Workspaces\hs_four_schemes_20260927\out\profiles\p8_integrable_calibrated_rk4_n200_dt0.0125_L4.npz,d2130e2bc8d4566f74f83c3b54c420727deb96d08c34fd9e973cb1732017170c,new
p8_integrable_calibrated_rk8_n400_dt0.003125_L4,S2,8.0,integrable_calibrated,rk8,400,0.003125,4.0,main,0.25,16001,0.00024591621098280734,0.0004071318464948792,2.459e-04 / 4.071e-04,C:\Users\msz\aca\Workspaces\hs_four_schemes_20260927\out\profiles\p8_integrable_calibrated_rk8_n400_dt0.003125_L4.npz,ba8afc9295ffe50d36fb27a59def155f1d132fc51101a1b5fbbca931184467b2,new
p8_integrable_calibrated_rk8_n400_dt0.003125_L4,S2,8.0,integrable_calibrated,rk8,400,0.003125,4.0,main,0.5,16001,0.0010489171886514082,0.00044713807524221494,1.049e-03 / 4.471e-04,C:\Users\msz\aca\Workspaces\hs_four_schemes_20260927\out\profiles\p8_integrable_calibrated_rk8_n400_dt0.003125_L4.npz,ba8afc9295ffe50d36fb27a59def155f1d132fc51101a1b5fbbca931184467b2,new
p8_integrable_calibrated_rk8_n200_dt0.0125_L4,S2,8.0,integrable_calibrated,rk8,200,0.0125,4.0,main,0.25,8001,0.000982934140856142,0.0016174923717375833,9.829e-04 / 1.617e-03,C:\Users\msz\aca\Workspaces\hs_four_schemes_20260927\out\profiles\p8_integrable_calibrated_rk8_n200_dt0.0125_L4.npz,927e1f588960bbcd187762ad50b97e14fe1c2fe780718bb9d8a4bc7b6f712761,new
p8_integrable_calibrated_rk8_n200_dt0.0125_L4,S2,8.0,integrable_calibrated,rk8,200,0.0125,4.0,main,0.5,8001,0.004193505223083188,0.0017821403088852383,4.194e-03 / 1.782e-03,C:\Users\msz\aca\Workspaces\hs_four_schemes_20260927\out\profiles\p8_integrable_calibrated_rk8_n200_dt0.0125_L4.npz,927e1f588960bbcd187762ad50b97e14fe1c2fe780718bb9d8a4bc7b6f712761,new
p8_difference_paper_ale_euler_n400_dt0.003125_L4,S3,8.0,difference_paper_ale,euler,400,0.003125,4.0,main,0.25,16001,0.0001706656463521944,0.00032607829768832586,1.707e-04 / 3.261e-04,C:\Users\msz\aca\Workspaces\hs_four_schemes_20260927\out\profiles\p8_difference_paper_ale_euler_n400_dt0.003125_L4.npz,e5314af9dd7ea04d890183057346c4d2b3e7f60a85926e4767e27d6dae455e27,new
p8_difference_paper_ale_euler_n400_dt0.003125_L4,S3,8.0,difference_paper_ale,euler,400,0.003125,4.0,main,0.5,16001,0.00019925170790745933,0.00036539167057969557,1.993e-04 / 3.654e-04,C:\Users\msz\aca\Workspaces\hs_four_schemes_20260927\out\profiles\p8_difference_paper_ale_euler_n400_dt0.003125_L4.npz,e5314af9dd7ea04d890183057346c4d2b3e7f60a85926e4767e27d6dae455e27,new
p8_difference_paper_ale_euler_n200_dt0.0125_L4,S3,8.0,difference_paper_ale,euler,200,0.0125,4.0,main,0.25,8001,0.0006832116587292131,0.0013006216302685614,6.832e-04 / 1.301e-03,C:\Users\msz\aca\Workspaces\hs_four_schemes_20260927\out\profiles\p8_difference_paper_ale_euler_n200_dt0.0125_L4.npz,493646f45b7c09cb5529e88b5bbffc00f1b8875204a3515446974eebf021ff14,new
p8_difference_paper_ale_euler_n200_dt0.0125_L4,S3,8.0,difference_paper_ale,euler,200,0.0125,4.0,main,0.5,8001,0.0008121718551385854,0.0014601968861435166,8.122e-04 / 1.460e-03,C:\Users\msz\aca\Workspaces\hs_four_schemes_20260927\out\profiles\p8_difference_paper_ale_euler_n200_dt0.0125_L4.npz,493646f45b7c09cb5529e88b5bbffc00f1b8875204a3515446974eebf021ff14,new
p8_difference_paper_ale_heun_n400_dt0.003125_L4,S3,8.0,difference_paper_ale,heun,400,0.003125,4.0,main,0.25,16001,0.00012711001917312115,0.00034905960590247975,1.271e-04 / 3.491e-04,C:\Users\msz\aca\Workspaces\hs_four_schemes_20260927\out\profiles\p8_difference_paper_ale_heun_n400_dt0.003125_L4.npz,bd2d22e3b990224c1c1b65df14b267a6a7cdcdd2a2ddc07ff2aa8625270f95f6,new
p8_difference_paper_ale_heun_n400_dt0.003125_L4,S3,8.0,difference_paper_ale,heun,400,0.003125,4.0,main,0.5,16001,0.0001800384810673114,0.00040277432758373255,1.800e-04 / 4.028e-04,C:\Users\msz\aca\Workspaces\hs_four_schemes_20260927\out\profiles\p8_difference_paper_ale_heun_n400_dt0.003125_L4.npz,bd2d22e3b990224c1c1b65df14b267a6a7cdcdd2a2ddc07ff2aa8625270f95f6,new
p8_difference_paper_ale_heun_n200_dt0.0125_L4,S3,8.0,difference_paper_ale,heun,200,0.0125,4.0,main,0.25,8001,0.0005092437677989281,0.001389634797463346,5.092e-04 / 1.390e-03,C:\Users\msz\aca\Workspaces\hs_four_schemes_20260927\out\profiles\p8_difference_paper_ale_heun_n200_dt0.0125_L4.npz,c74e6cd8e98cd9c3a0de030d0d2084914e5ae71e7ea8fed3437181b1a01a081f,new
p8_difference_paper_ale_heun_n200_dt0.0125_L4,S3,8.0,difference_paper_ale,heun,200,0.0125,4.0,main,0.5,8001,0.0006995713268800746,0.0015994428502116298,6.996e-04 / 1.599e-03,C:\Users\msz\aca\Workspaces\hs_four_schemes_20260927\out\profiles\p8_difference_paper_ale_heun_n200_dt0.0125_L4.npz,c74e6cd8e98cd9c3a0de030d0d2084914e5ae71e7ea8fed3437181b1a01a081f,new
p8_difference_paper_ale_rk4_n400_dt0.003125_L4,S3,8.0,difference_paper_ale,rk4,400,0.003125,4.0,main,0.25,16001,0.00012665102919812155,0.0003490109800502461,1.267e-04 / 3.490e-04,C:\Users\msz\aca\Workspaces\hs_four_schemes_20260927\out\profiles\p8_difference_paper_ale_rk4_n400_dt0.003125_L4.npz,63ca20880cc1961456969a4a64b38156489f90f3f2556d8f1fe3b6a49f82d0b5,new
p8_difference_paper_ale_rk4_n400_dt0.003125_L4,S3,8.0,difference_paper_ale,rk4,400,0.003125,4.0,main,0.5,16001,0.00018123342725114705,0.00040272119743245405,1.812e-04 / 4.027e-04,C:\Users\msz\aca\Workspaces\hs_four_schemes_20260927\out\profiles\p8_difference_paper_ale_rk4_n400_dt0.003125_L4.npz,63ca20880cc1961456969a4a64b38156489f90f3f2556d8f1fe3b6a49f82d0b5,new
p8_difference_paper_ale_rk4_n200_dt0.0125_L4,S3,8.0,difference_paper_ale,rk4,200,0.0125,4.0,main,0.25,8001,0.0005025077660276711,0.0013888330919938907,5.025e-04 / 1.389e-03,C:\Users\msz\aca\Workspaces\hs_four_schemes_20260927\out\profiles\p8_difference_paper_ale_rk4_n200_dt0.0125_L4.npz,d39485d11f5cf605f615ace92557978e61eadee1a653750237cc3f9f19ef934e,new
p8_difference_paper_ale_rk4_n200_dt0.0125_L4,S3,8.0,difference_paper_ale,rk4,200,0.0125,4.0,main,0.5,8001,0.0007181800082794731,0.0015985345837262743,7.182e-04 / 1.599e-03,C:\Users\msz\aca\Workspaces\hs_four_schemes_20260927\out\profiles\p8_difference_paper_ale_rk4_n200_dt0.0125_L4.npz,d39485d11f5cf605f615ace92557978e61eadee1a653750237cc3f9f19ef934e,new
p8_difference_paper_ale_rk8_n400_dt0.003125_L4,S3,8.0,difference_paper_ale,rk8,400,0.003125,4.0,main,0.25,16001,0.00012665103483636142,0.0003490109807490205,1.267e-04 / 3.490e-04,C:\Users\msz\aca\Workspaces\hs_four_schemes_20260927\out\profiles\p8_difference_paper_ale_rk8_n400_dt0.003125_L4.npz,1c5661d70557988db7117dcb1cf9eb1b27ca9e48f79183b6289b4def5a05d2dd,new
p8_difference_paper_ale_rk8_n400_dt0.003125_L4,S3,8.0,difference_paper_ale,rk8,400,0.003125,4.0,main,0.5,16001,0.00018123341283024508,0.0004027211982839951,1.812e-04 / 4.027e-04,C:\Users\msz\aca\Workspaces\hs_four_schemes_20260927\out\profiles\p8_difference_paper_ale_rk8_n400_dt0.003125_L4.npz,1c5661d70557988db7117dcb1cf9eb1b27ca9e48f79183b6289b4def5a05d2dd,new
p8_difference_paper_ale_rk8_n200_dt0.0125_L4,S3,8.0,difference_paper_ale,rk8,200,0.0125,4.0,main,0.25,8001,0.0005025090865420911,0.0013888332764551148,5.025e-04 / 1.389e-03,C:\Users\msz\aca\Workspaces\hs_four_schemes_20260927\out\profiles\p8_difference_paper_ale_rk8_n200_dt0.0125_L4.npz,a6eba099afeaabda50e0c7b2202e4988723dedde33a0b7ed29c30ded2f3be8d3,new
p8_difference_paper_ale_rk8_n200_dt0.0125_L4,S3,8.0,difference_paper_ale,rk8,200,0.0125,4.0,main,0.5,8001,0.0007181764199973364,0.0015985348165287183,7.182e-04 / 1.599e-03,C:\Users\msz\aca\Workspaces\hs_four_schemes_20260927\out\profiles\p8_difference_paper_ale_rk8_n200_dt0.0125_L4.npz,a6eba099afeaabda50e0c7b2202e4988723dedde33a0b7ed29c30ded2f3be8d3,new
p8_difference_fixed_euler_n400_dt0.003125_L4,S4,8.0,difference_fixed,euler,400,0.003125,4.0,main,0.25,16001,3.061207867305349e-05,0.0001107492261649412,3.061e-05 / 1.107e-04,C:\Users\msz\aca\Workspaces\hs_error_theory_20260926\out_v2\profiles\p8_difference_fixed_euler_n400_dt0.003125_L4.npz,2ebd88cb8dc1447832a287d7f69410b2debd90202ee9fe1b37af63f0ceed500d,reused
p8_difference_fixed_euler_n400_dt0.003125_L4,S4,8.0,difference_fixed,euler,400,0.003125,4.0,main,0.5,16001,3.224284073075068e-05,0.00012115075837670908,3.224e-05 / 1.212e-04,C:\Users\msz\aca\Workspaces\hs_error_theory_20260926\out_v2\profiles\p8_difference_fixed_euler_n400_dt0.003125_L4.npz,2ebd88cb8dc1447832a287d7f69410b2debd90202ee9fe1b37af63f0ceed500d,reused
p8_difference_fixed_euler_n200_dt0.0125_L4,S4,8.0,difference_fixed,euler,200,0.0125,4.0,main,0.25,8001,0.0001220505394198268,0.00044213491058764376,1.221e-04 / 4.421e-04,C:\Users\msz\aca\Workspaces\hs_table_data_20260927\out\profiles\p8_difference_fixed_euler_n200_dt0.0125_L4.npz,3f143ce2dc931c6c6a78197c32dcec491d9b9c414dafc6f42e343066f5ae2b8e,reused
p8_difference_fixed_euler_n200_dt0.0125_L4,S4,8.0,difference_fixed,euler,200,0.0125,4.0,main,0.5,8001,0.0001286389659725662,0.0004830079585311786,1.286e-04 / 4.830e-04,C:\Users\msz\aca\Workspaces\hs_table_data_20260927\out\profiles\p8_difference_fixed_euler_n200_dt0.0125_L4.npz,3f143ce2dc931c6c6a78197c32dcec491d9b9c414dafc6f42e343066f5ae2b8e,reused
p8_difference_fixed_heun_n400_dt0.003125_L4,S4,8.0,difference_fixed,heun,400,0.003125,4.0,main,0.25,16001,3.355278019531727e-05,0.00012060894778487263,3.355e-05 / 1.206e-04,C:\Users\msz\aca\Workspaces\hs_table_data_20260927\out\profiles\p8_difference_fixed_heun_n400_dt0.003125_L4.npz,871058dd6fcd1a2dbdba078bbb8dd23da051af58789a1e0f6bfc4ce11066767e,reused
p8_difference_fixed_heun_n400_dt0.003125_L4,S4,8.0,difference_fixed,heun,400,0.003125,4.0,main,0.5,16001,3.797324549942305e-05,0.0001416956075632747,3.797e-05 / 1.417e-04,C:\Users\msz\aca\Workspaces\hs_table_data_20260927\out\profiles\p8_difference_fixed_heun_n400_dt0.003125_L4.npz,871058dd6fcd1a2dbdba078bbb8dd23da051af58789a1e0f6bfc4ce11066767e,reused
p8_difference_fixed_heun_n200_dt0.0125_L4,S4,8.0,difference_fixed,heun,200,0.0125,4.0,main,0.25,8001,0.00013398204654366253,0.0004814901840983765,1.340e-04 / 4.815e-04,C:\Users\msz\aca\Workspaces\hs_table_data_20260927\out\profiles\p8_difference_fixed_heun_n200_dt0.0125_L4.npz,87ffb510aa7927a57f2cdb87eea186a609440cc640c26cd3d4920728369c84fe,reused
p8_difference_fixed_heun_n200_dt0.0125_L4,S4,8.0,difference_fixed,heun,200,0.0125,4.0,main,0.5,8001,0.00015146577951127838,0.0005639795415007809,1.515e-04 / 5.640e-04,C:\Users\msz\aca\Workspaces\hs_table_data_20260927\out\profiles\p8_difference_fixed_heun_n200_dt0.0125_L4.npz,87ffb510aa7927a57f2cdb87eea186a609440cc640c26cd3d4920728369c84fe,reused
p8_difference_fixed_rk4_n400_dt0.003125_L4,S4,8.0,difference_fixed,rk4,400,0.003125,4.0,main,0.25,16001,3.3552273639742e-05,0.00012061440908517351,3.355e-05 / 1.206e-04,C:\Users\msz\aca\Workspaces\hs_error_theory_20260926\out_v2\profiles\p8_difference_fixed_rk4_n400_dt0.003125_L4.npz,0c8336847649b152b5d3b34fc01c678c302f52ca41c885af242867f43d2adfb9,reused
p8_difference_fixed_rk4_n400_dt0.003125_L4,S4,8.0,difference_fixed,rk4,400,0.003125,4.0,main,0.5,16001,3.797218281714754e-05,0.00014170704873261997,3.797e-05 / 1.417e-04,C:\Users\msz\aca\Workspaces\hs_error_theory_20260926\out_v2\profiles\p8_difference_fixed_rk4_n400_dt0.003125_L4.npz,0c8336847649b152b5d3b34fc01c678c302f52ca41c885af242867f43d2adfb9,reused
p8_difference_fixed_rk4_n200_dt0.0125_L4,S4,8.0,difference_fixed,rk4,200,0.0125,4.0,main,0.25,8001,0.00013397177432955543,0.0004815744575692449,1.340e-04 / 4.816e-04,C:\Users\msz\aca\Workspaces\hs_table_data_20260927\out\profiles\p8_difference_fixed_rk4_n200_dt0.0125_L4.npz,d51c0037882aa3d6d5599bcc494662e42fe942f1559480483ff56f49768b10ae,reused
p8_difference_fixed_rk4_n200_dt0.0125_L4,S4,8.0,difference_fixed,rk4,200,0.0125,4.0,main,0.5,8001,0.00015144501230626717,0.0005641615767361108,1.514e-04 / 5.642e-04,C:\Users\msz\aca\Workspaces\hs_table_data_20260927\out\profiles\p8_difference_fixed_rk4_n200_dt0.0125_L4.npz,d51c0037882aa3d6d5599bcc494662e42fe942f1559480483ff56f49768b10ae,reused
p8_difference_fixed_rk8_n400_dt0.003125_L4,S4,8.0,difference_fixed,rk8,400,0.003125,4.0,main,0.25,16001,3.3552273648512765e-05,0.00012061440908484045,3.355e-05 / 1.206e-04,C:\Users\msz\aca\Workspaces\hs_table_data_20260927\out\profiles\p8_difference_fixed_rk8_n400_dt0.003125_L4.npz,3463f9a7734697d53ab473ca8fef3d25a7efd5aa575f034a41902a7cf204c0fb,reused
p8_difference_fixed_rk8_n400_dt0.003125_L4,S4,8.0,difference_fixed,rk8,400,0.003125,4.0,main,0.5,16001,3.797218283757564e-05,0.00014170704873239792,3.797e-05 / 1.417e-04,C:\Users\msz\aca\Workspaces\hs_table_data_20260927\out\profiles\p8_difference_fixed_rk8_n400_dt0.003125_L4.npz,3463f9a7734697d53ab473ca8fef3d25a7efd5aa575f034a41902a7cf204c0fb,reused
p8_difference_fixed_rk8_n200_dt0.0125_L4,S4,8.0,difference_fixed,rk8,200,0.0125,4.0,main,0.25,8001,0.0001339717768505666,0.0004815744573627434,1.340e-04 / 4.816e-04,C:\Users\msz\aca\Workspaces\hs_table_data_20260927\out\profiles\p8_difference_fixed_rk8_n200_dt0.0125_L4.npz,eadb22d56b01e8fd93b253ad4facc9822680bfe55ac0c6b0643be0f8da8f344f,reused
p8_difference_fixed_rk8_n200_dt0.0125_L4,S4,8.0,difference_fixed,rk8,200,0.0125,4.0,main,0.5,8001,0.00015144501835037683,0.0005641615765467067,1.514e-04 / 5.642e-04,C:\Users\msz\aca\Workspaces\hs_table_data_20260927\out\profiles\p8_difference_fixed_rk8_n200_dt0.0125_L4.npz,eadb22d56b01e8fd93b253ad4facc9822680bfe55ac0c6b0643be0f8da8f344f,reused
p9_integrable_original_euler_n400_dt0.003125_L4,S1,9.0,integrable_original,euler,400,0.003125,4.0,main,0.25,16001,0.014593864929960745,0.001404158410711065,1.459e-02 / 1.404e-03,C:\Users\msz\aca\Workspaces\hs_waveform_atlas_20260927\out\profiles\p9_integrable_original_euler_n400_dt0.003125_L4.npz,190a46efede1fe8ddff67adcf17cb3ba66ed68aac6517135e44dc167995c5c87,reused
p9_integrable_original_euler_n400_dt0.003125_L4,S1,9.0,integrable_original,euler,400,0.003125,4.0,main,0.5,16001,0.0621772868023051,0.007598608328433176,6.218e-02 / 7.599e-03,C:\Users\msz\aca\Workspaces\hs_waveform_atlas_20260927\out\profiles\p9_integrable_original_euler_n400_dt0.003125_L4.npz,190a46efede1fe8ddff67adcf17cb3ba66ed68aac6517135e44dc167995c5c87,reused
p9_integrable_original_euler_n200_dt0.0125_L4,S1,9.0,integrable_original,euler,200,0.0125,4.0,main,0.25,8001,0.028639499993270062,0.003508284382332083,2.864e-02 / 3.508e-03,C:\Users\msz\aca\Workspaces\hs_four_schemes_20260927\out\profiles\p9_integrable_original_euler_n200_dt0.0125_L4.npz,d6f076dbec5651fb6b09d6f8dc8177d80303911f51f284339e52f30c48b59995,new
p9_integrable_original_euler_n200_dt0.0125_L4,S1,9.0,integrable_original,euler,200,0.0125,4.0,main,0.5,8001,0.12201558737119135,0.014765993364195817,1.220e-01 / 1.477e-02,C:\Users\msz\aca\Workspaces\hs_four_schemes_20260927\out\profiles\p9_integrable_original_euler_n200_dt0.0125_L4.npz,d6f076dbec5651fb6b09d6f8dc8177d80303911f51f284339e52f30c48b59995,new
p9_integrable_original_heun_n400_dt0.003125_L4,S1,9.0,integrable_original,heun,400,0.003125,4.0,main,0.25,16001,0.0147805161301194,0.0014188575115072766,1.478e-02 / 1.419e-03,C:\Users\msz\aca\Workspaces\hs_four_schemes_20260927\out\profiles\p9_integrable_original_heun_n400_dt0.003125_L4.npz,0f3bb9ef5b785fea102324a5595b60ef262b701cb526658153040f858a41b99c,new
p9_integrable_original_heun_n400_dt0.003125_L4,S1,9.0,integrable_original,heun,400,0.003125,4.0,main,0.5,16001,0.06300397405746762,0.007684749867184704,6.300e-02 / 7.685e-03,C:\Users\msz\aca\Workspaces\hs_four_schemes_20260927\out\profiles\p9_integrable_original_heun_n400_dt0.003125_L4.npz,0f3bb9ef5b785fea102324a5595b60ef262b701cb526658153040f858a41b99c,new
p9_integrable_original_heun_n200_dt0.0125_L4,S1,9.0,integrable_original,heun,200,0.0125,4.0,main,0.25,8001,0.030134929587156533,0.003661004233623033,3.013e-02 / 3.661e-03,C:\Users\msz\aca\Workspaces\hs_four_schemes_20260927\out\profiles\p9_integrable_original_heun_n200_dt0.0125_L4.npz,a4d8ad92399e445ccfa4f13a911504b33525a912b1f6d54de925b1f6a83e9a84,new
p9_integrable_original_heun_n200_dt0.0125_L4,S1,9.0,integrable_original,heun,200,0.0125,4.0,main,0.5,8001,0.12874581228042806,0.01562023608775065,1.287e-01 / 1.562e-02,C:\Users\msz\aca\Workspaces\hs_four_schemes_20260927\out\profiles\p9_integrable_original_heun_n200_dt0.0125_L4.npz,a4d8ad92399e445ccfa4f13a911504b33525a912b1f6d54de925b1f6a83e9a84,new
p9_integrable_original_rk4_n400_dt0.003125_L4,S1,9.0,integrable_original,rk4,400,0.003125,4.0,main,0.25,16001,0.014781087408507462,0.0014189339024255343,1.478e-02 / 1.419e-03,C:\Users\msz\aca\Workspaces\hs_four_schemes_20260927\out\profiles\p9_integrable_original_rk4_n400_dt0.003125_L4.npz,84cea64a3303253a8de70416bd744919634ef45895f36a70e71aa5b745f8204a,new
p9_integrable_original_rk4_n400_dt0.003125_L4,S1,9.0,integrable_original,rk4,400,0.003125,4.0,main,0.5,16001,0.06300621935884357,0.0076850702393730375,6.301e-02 / 7.685e-03,C:\Users\msz\aca\Workspaces\hs_four_schemes_20260927\out\profiles\p9_integrable_original_rk4_n400_dt0.003125_L4.npz,84cea64a3303253a8de70416bd744919634ef45895f36a70e71aa5b745f8204a,new
p9_integrable_original_rk4_n200_dt0.0125_L4,S1,9.0,integrable_original,rk4,200,0.0125,4.0,main,0.25,8001,0.030154982405045782,0.0036630825241146248,3.015e-02 / 3.663e-03,C:\Users\msz\aca\Workspaces\hs_four_schemes_20260927\out\profiles\p9_integrable_original_rk4_n200_dt0.0125_L4.npz,ecd34ab0e58aa678134f6b7c8dc7227ac4a55ee62cc1aa5da517e59967098db5,new
p9_integrable_original_rk4_n200_dt0.0125_L4,S1,9.0,integrable_original,rk4,200,0.0125,4.0,main,0.5,8001,0.12882566361760098,0.015631266527454835,1.288e-01 / 1.563e-02,C:\Users\msz\aca\Workspaces\hs_four_schemes_20260927\out\profiles\p9_integrable_original_rk4_n200_dt0.0125_L4.npz,ecd34ab0e58aa678134f6b7c8dc7227ac4a55ee62cc1aa5da517e59967098db5,new
p9_integrable_original_rk8_n400_dt0.003125_L4,S1,9.0,integrable_original,rk8,400,0.003125,4.0,main,0.25,16001,0.01478108740986192,0.001418933902443631,1.478e-02 / 1.419e-03,C:\Users\msz\aca\Workspaces\hs_four_schemes_20260927\out\profiles\p9_integrable_original_rk8_n400_dt0.003125_L4.npz,fc495400d6f74db1af55a8d9bb4233a7dcb78648263214b0350061dab282386d,new
p9_integrable_original_rk8_n400_dt0.003125_L4,S1,9.0,integrable_original,rk8,400,0.003125,4.0,main,0.5,16001,0.06300621936418244,0.007685070239690561,6.301e-02 / 7.685e-03,C:\Users\msz\aca\Workspaces\hs_four_schemes_20260927\out\profiles\p9_integrable_original_rk8_n400_dt0.003125_L4.npz,fc495400d6f74db1af55a8d9bb4233a7dcb78648263214b0350061dab282386d,new
p9_integrable_original_rk8_n200_dt0.0125_L4,S1,9.0,integrable_original,rk8,200,0.0125,4.0,main,0.25,8001,0.030154983332510467,0.0036630825467823813,3.015e-02 / 3.663e-03,C:\Users\msz\aca\Workspaces\hs_four_schemes_20260927\out\profiles\p9_integrable_original_rk8_n200_dt0.0125_L4.npz,17020ba793b88095765b23b0982043e7530b6f30c98eb43728ff08d8be1f664c,new
p9_integrable_original_rk8_n200_dt0.0125_L4,S1,9.0,integrable_original,rk8,200,0.0125,4.0,main,0.5,8001,0.12882566712257904,0.01563126677267279,1.288e-01 / 1.563e-02,C:\Users\msz\aca\Workspaces\hs_four_schemes_20260927\out\profiles\p9_integrable_original_rk8_n200_dt0.0125_L4.npz,17020ba793b88095765b23b0982043e7530b6f30c98eb43728ff08d8be1f664c,new
p9_integrable_calibrated_euler_n400_dt0.003125_L4,S2,9.0,integrable_calibrated,euler,400,0.003125,4.0,main,0.25,16001,0.0002985192548794604,0.0005377183866574486,2.985e-04 / 5.377e-04,C:\Users\msz\aca\Workspaces\hs_waveform_atlas_20260927\out\profiles\p9_integrable_calibrated_euler_n400_dt0.003125_L4.npz,6d7878a9e5274f417a94c94f47e299c4b35a859875d080ff704d130f3c4fa532,reused
p9_integrable_calibrated_euler_n400_dt0.003125_L4,S2,9.0,integrable_calibrated,euler,400,0.003125,4.0,main,0.5,16001,0.0012885366825702617,0.0005841381180890504,1.289e-03 / 5.841e-04,C:\Users\msz\aca\Workspaces\hs_waveform_atlas_20260927\out\profiles\p9_integrable_calibrated_euler_n400_dt0.003125_L4.npz,6d7878a9e5274f417a94c94f47e299c4b35a859875d080ff704d130f3c4fa532,reused
p9_integrable_calibrated_euler_n200_dt0.0125_L4,S2,9.0,integrable_calibrated,euler,200,0.0125,4.0,main,0.25,8001,0.0011457199973971019,0.002138225085685952,1.146e-03 / 2.138e-03,C:\Users\msz\aca\Workspaces\hs_four_schemes_20260927\out\profiles\p9_integrable_calibrated_euler_n200_dt0.0125_L4.npz,a6acc3b7f76e824b5afb2c33ae23df638a6ec6e03782ab275346b1ba57d846f3,new
p9_integrable_calibrated_euler_n200_dt0.0125_L4,S2,9.0,integrable_calibrated,euler,200,0.0125,4.0,main,0.5,8001,0.004935694107185618,0.0023152148460017785,4.936e-03 / 2.315e-03,C:\Users\msz\aca\Workspaces\hs_four_schemes_20260927\out\profiles\p9_integrable_calibrated_euler_n200_dt0.0125_L4.npz,a6acc3b7f76e824b5afb2c33ae23df638a6ec6e03782ab275346b1ba57d846f3,new
p9_integrable_calibrated_heun_n400_dt0.003125_L4,S2,9.0,integrable_calibrated,heun,400,0.003125,4.0,main,0.25,16001,0.0002957619439499129,0.0005534781593004579,2.958e-04 / 5.535e-04,C:\Users\msz\aca\Workspaces\hs_four_schemes_20260927\out\profiles\p9_integrable_calibrated_heun_n400_dt0.003125_L4.npz,84713d9b34bfdc040fdc9533e473b04f777de9dc9f4f77e962042ab07ecf96cf,new
p9_integrable_calibrated_heun_n400_dt0.003125_L4,S2,9.0,integrable_calibrated,heun,400,0.003125,4.0,main,0.5,16001,0.0012582635158765924,0.0006082381926415525,1.258e-03 / 6.082e-04,C:\Users\msz\aca\Workspaces\hs_four_schemes_20260927\out\profiles\p9_integrable_calibrated_heun_n400_dt0.003125_L4.npz,84713d9b34bfdc040fdc9533e473b04f777de9dc9f4f77e962042ab07ecf96cf,new
p9_integrable_calibrated_heun_n200_dt0.0125_L4,S2,9.0,integrable_calibrated,heun,200,0.0125,4.0,main,0.25,8001,0.0011823218227204918,0.0022020612637794756,1.182e-03 / 2.202e-03,C:\Users\msz\aca\Workspaces\hs_four_schemes_20260927\out\profiles\p9_integrable_calibrated_heun_n200_dt0.0125_L4.npz,9738412f9eb739801a4937e5146daf51a91497d64b6e6c4bdd42f16548f528ad,new
p9_integrable_calibrated_heun_n200_dt0.0125_L4,S2,9.0,integrable_calibrated,heun,200,0.0125,4.0,main,0.5,8001,0.005031579545044001,0.0024208300739456123,5.032e-03 / 2.421e-03,C:\Users\msz\aca\Workspaces\hs_four_schemes_20260927\out\profiles\p9_integrable_calibrated_heun_n200_dt0.0125_L4.npz,9738412f9eb739801a4937e5146daf51a91497d64b6e6c4bdd42f16548f528ad,new
p9_integrable_calibrated_rk4_n400_dt0.003125_L4,S2,9.0,integrable_calibrated,rk4,400,0.003125,4.0,main,0.25,16001,0.00029566422275230847,0.0005535015188157799,2.957e-04 / 5.535e-04,C:\Users\msz\aca\Workspaces\hs_four_schemes_20260927\out\profiles\p9_integrable_calibrated_rk4_n400_dt0.003125_L4.npz,c4778c490caf4716f2ee18340494cd010fae1a6bdc9baedbe0b605eaf9d5814b,new
p9_integrable_calibrated_rk4_n400_dt0.003125_L4,S2,9.0,integrable_calibrated,rk4,400,0.003125,4.0,main,0.5,16001,0.001257845490489275,0.00060826554468707,1.258e-03 / 6.083e-04,C:\Users\msz\aca\Workspaces\hs_four_schemes_20260927\out\profiles\p9_integrable_calibrated_rk4_n400_dt0.003125_L4.npz,c4778c490caf4716f2ee18340494cd010fae1a6bdc9baedbe0b605eaf9d5814b,new
p9_integrable_calibrated_rk4_n200_dt0.0125_L4,S2,9.0,integrable_calibrated,rk4,200,0.0125,4.0,main,0.25,8001,0.0011814410321333733,0.002202457024828519,1.181e-03 / 2.202e-03,C:\Users\msz\aca\Workspaces\hs_four_schemes_20260927\out\profiles\p9_integrable_calibrated_rk4_n200_dt0.0125_L4.npz,75e6336200941f62bb0a7db8d493a42db29a96a37f679a2982129482c960043b,new
p9_integrable_calibrated_rk4_n200_dt0.0125_L4,S2,9.0,integrable_calibrated,rk4,200,0.0125,4.0,main,0.5,8001,0.00502757194256837,0.0024213700470209765,5.028e-03 / 2.421e-03,C:\Users\msz\aca\Workspaces\hs_four_schemes_20260927\out\profiles\p9_integrable_calibrated_rk4_n200_dt0.0125_L4.npz,75e6336200941f62bb0a7db8d493a42db29a96a37f679a2982129482c960043b,new
p9_integrable_calibrated_rk8_n400_dt0.003125_L4,S2,9.0,integrable_calibrated,rk8,400,0.003125,4.0,main,0.25,16001,0.0002956642218838542,0.0005535015187624337,2.957e-04 / 5.535e-04,C:\Users\msz\aca\Workspaces\hs_four_schemes_20260927\out\profiles\p9_integrable_calibrated_rk8_n400_dt0.003125_L4.npz,7c160446ce72a6404c12cd79918070d8bc07acdb985c826308d0dd852dea43a0,new
p9_integrable_calibrated_rk8_n400_dt0.003125_L4,S2,9.0,integrable_calibrated,rk8,400,0.003125,4.0,main,0.5,16001,0.0012578454879250578,0.0006082655445439622,1.258e-03 / 6.083e-04,C:\Users\msz\aca\Workspaces\hs_four_schemes_20260927\out\profiles\p9_integrable_calibrated_rk8_n400_dt0.003125_L4.npz,7c160446ce72a6404c12cd79918070d8bc07acdb985c826308d0dd852dea43a0,new
p9_integrable_calibrated_rk8_n200_dt0.0125_L4,S2,9.0,integrable_calibrated,rk8,200,0.0125,4.0,main,0.25,8001,0.0011814408463085575,0.0022024570121897957,1.181e-03 / 2.202e-03,C:\Users\msz\aca\Workspaces\hs_four_schemes_20260927\out\profiles\p9_integrable_calibrated_rk8_n200_dt0.0125_L4.npz,c0cd3e6cd919c181fa55781c3c9f8f69b1792390e2ca97347854cdf0821f62d9,new
p9_integrable_calibrated_rk8_n200_dt0.0125_L4,S2,9.0,integrable_calibrated,rk8,200,0.0125,4.0,main,0.5,8001,0.005027571411925284,0.0024213700128385973,5.028e-03 / 2.421e-03,C:\Users\msz\aca\Workspaces\hs_four_schemes_20260927\out\profiles\p9_integrable_calibrated_rk8_n200_dt0.0125_L4.npz,c0cd3e6cd919c181fa55781c3c9f8f69b1792390e2ca97347854cdf0821f62d9,new
p9_difference_paper_ale_euler_n400_dt0.003125_L4,S3,9.0,difference_paper_ale,euler,400,0.003125,4.0,main,0.25,16001,0.00024671872155069413,0.0004550847772162858,2.467e-04 / 4.551e-04,C:\Users\msz\aca\Workspaces\hs_four_schemes_20260927\out\profiles\p9_difference_paper_ale_euler_n400_dt0.003125_L4.npz,eab6e8c1e432d48accc8aa9146027b6ae7ed57a9e54ea50c5bc0ca5a21e4cd44,new
p9_difference_paper_ale_euler_n400_dt0.003125_L4,S3,9.0,difference_paper_ale,euler,400,0.003125,4.0,main,0.5,16001,0.00030369826760284074,0.0005179002564059121,3.037e-04 / 5.179e-04,C:\Users\msz\aca\Workspaces\hs_four_schemes_20260927\out\profiles\p9_difference_paper_ale_euler_n400_dt0.003125_L4.npz,eab6e8c1e432d48accc8aa9146027b6ae7ed57a9e54ea50c5bc0ca5a21e4cd44,new
p9_difference_paper_ale_euler_n200_dt0.0125_L4,S3,9.0,difference_paper_ale,euler,200,0.0125,4.0,main,0.25,8001,0.0009842791566210263,0.001811109447779291,9.843e-04 / 1.811e-03,C:\Users\msz\aca\Workspaces\hs_four_schemes_20260927\out\profiles\p9_difference_paper_ale_euler_n200_dt0.0125_L4.npz,7b63776f733731e1df26c51cd35889f91eb9c3a4c5d461450024e9ad48760c73,new
p9_difference_paper_ale_euler_n200_dt0.0125_L4,S3,9.0,difference_paper_ale,euler,200,0.0125,4.0,main,0.5,8001,0.0012340273770804558,0.0020556023091750086,1.234e-03 / 2.056e-03,C:\Users\msz\aca\Workspaces\hs_four_schemes_20260927\out\profiles\p9_difference_paper_ale_euler_n200_dt0.0125_L4.npz,7b63776f733731e1df26c51cd35889f91eb9c3a4c5d461450024e9ad48760c73,new
p9_difference_paper_ale_heun_n400_dt0.003125_L4,S3,9.0,difference_paper_ale,heun,400,0.003125,4.0,main,0.25,16001,0.00017429773890520472,0.0004781126965301974,1.743e-04 / 4.781e-04,C:\Users\msz\aca\Workspaces\hs_four_schemes_20260927\out\profiles\p9_difference_paper_ale_heun_n400_dt0.003125_L4.npz,415100da4dbc03d0abed0f91210fe43781f92fc2f454104876392624ed107851,new
p9_difference_paper_ale_heun_n400_dt0.003125_L4,S3,9.0,difference_paper_ale,heun,400,0.003125,4.0,main,0.5,16001,0.00027448849924997104,0.0005497475979822086,2.745e-04 / 5.497e-04,C:\Users\msz\aca\Workspaces\hs_four_schemes_20260927\out\profiles\p9_difference_paper_ale_heun_n400_dt0.003125_L4.npz,415100da4dbc03d0abed0f91210fe43781f92fc2f454104876392624ed107851,new
p9_difference_paper_ale_heun_n200_dt0.0125_L4,S3,9.0,difference_paper_ale,heun,200,0.0125,4.0,main,0.25,8001,0.0006938331597617919,0.001899495876099111,6.938e-04 / 1.899e-03,C:\Users\msz\aca\Workspaces\hs_four_schemes_20260927\out\profiles\p9_difference_paper_ale_heun_n200_dt0.0125_L4.npz,e941da4026b69ef361dddd5f459ddeb38b7ad6a631a17b6a8b3cb0e2a3311268,new
p9_difference_paper_ale_heun_n200_dt0.0125_L4,S3,9.0,difference_paper_ale,heun,200,0.0125,4.0,main,0.5,8001,0.001067726326865484,0.002169393832372246,1.068e-03 / 2.169e-03,C:\Users\msz\aca\Workspaces\hs_four_schemes_20260927\out\profiles\p9_difference_paper_ale_heun_n200_dt0.0125_L4.npz,e941da4026b69ef361dddd5f459ddeb38b7ad6a631a17b6a8b3cb0e2a3311268,new
p9_difference_paper_ale_rk4_n400_dt0.003125_L4,S3,9.0,difference_paper_ale,rk4,400,0.003125,4.0,main,0.25,16001,0.00017368543846868478,0.0004780297934777744,1.737e-04 / 4.780e-04,C:\Users\msz\aca\Workspaces\hs_four_schemes_20260927\out\profiles\p9_difference_paper_ale_rk4_n400_dt0.003125_L4.npz,4e260bf22115529c9c51493542612cab7058d7c66159fc65d182be8aedd6d4d7,new
p9_difference_paper_ale_rk4_n400_dt0.003125_L4,S3,9.0,difference_paper_ale,rk4,400,0.003125,4.0,main,0.5,16001,0.00027607958603607236,0.0005496568675086855,2.761e-04 / 5.497e-04,C:\Users\msz\aca\Workspaces\hs_four_schemes_20260927\out\profiles\p9_difference_paper_ale_rk4_n400_dt0.003125_L4.npz,4e260bf22115529c9c51493542612cab7058d7c66159fc65d182be8aedd6d4d7,new
p9_difference_paper_ale_rk4_n200_dt0.0125_L4,S3,9.0,difference_paper_ale,rk4,200,0.0125,4.0,main,0.25,8001,0.0006849292710728871,0.0018981231335455373,6.849e-04 / 1.898e-03,C:\Users\msz\aca\Workspaces\hs_four_schemes_20260927\out\profiles\p9_difference_paper_ale_rk4_n200_dt0.0125_L4.npz,952fc6ac8e6193aa174b74ca2387061c8897ff28bef90bd1f8a4946840e5f5ff,new
p9_difference_paper_ale_rk4_n200_dt0.0125_L4,S3,9.0,difference_paper_ale,rk4,200,0.0125,4.0,main,0.5,8001,0.0010923436052562574,0.002168147643367646,1.092e-03 / 2.168e-03,C:\Users\msz\aca\Workspaces\hs_four_schemes_20260927\out\profiles\p9_difference_paper_ale_rk4_n200_dt0.0125_L4.npz,952fc6ac8e6193aa174b74ca2387061c8897ff28bef90bd1f8a4946840e5f5ff,new
p9_difference_paper_ale_rk8_n400_dt0.003125_L4,S3,9.0,difference_paper_ale,rk8,400,0.003125,4.0,main,0.25,16001,0.00017368544604889902,0.0004780297945892187,1.737e-04 / 4.780e-04,C:\Users\msz\aca\Workspaces\hs_four_schemes_20260927\out\profiles\p9_difference_paper_ale_rk8_n400_dt0.003125_L4.npz,8c933617210b0c2ad2f62db804d535b51c6e194a7ecbc7bcbfd81edb5dd9cbf4,new
p9_difference_paper_ale_rk8_n400_dt0.003125_L4,S3,9.0,difference_paper_ale,rk8,400,0.003125,4.0,main,0.5,16001,0.0002760795666742477,0.0005496568687936021,2.761e-04 / 5.497e-04,C:\Users\msz\aca\Workspaces\hs_four_schemes_20260927\out\profiles\p9_difference_paper_ale_rk8_n400_dt0.003125_L4.npz,8c933617210b0c2ad2f62db804d535b51c6e194a7ecbc7bcbfd81edb5dd9cbf4,new
p9_difference_paper_ale_rk8_n200_dt0.0125_L4,S3,9.0,difference_paper_ale,rk8,200,0.0125,4.0,main,0.25,8001,0.000684931027838509,0.0018981234278432346,6.849e-04 / 1.898e-03,C:\Users\msz\aca\Workspaces\hs_four_schemes_20260927\out\profiles\p9_difference_paper_ale_rk8_n200_dt0.0125_L4.npz,47dd21fbd5c9c95d55a1336ea17c787f80b024a1f20b034620a85bb71cfe8774,new
p9_difference_paper_ale_rk8_n200_dt0.0125_L4,S3,9.0,difference_paper_ale,rk8,200,0.0125,4.0,main,0.5,8001,0.0010923388183072397,0.002168147924495323,1.092e-03 / 2.168e-03,C:\Users\msz\aca\Workspaces\hs_four_schemes_20260927\out\profiles\p9_difference_paper_ale_rk8_n200_dt0.0125_L4.npz,47dd21fbd5c9c95d55a1336ea17c787f80b024a1f20b034620a85bb71cfe8774,new
p9_difference_fixed_euler_n400_dt0.003125_L4,S4,9.0,difference_fixed,euler,400,0.003125,4.0,main,0.25,16001,3.6971147528208625e-05,0.0001544443898975345,3.697e-05 / 1.544e-04,C:\Users\msz\aca\Workspaces\hs_waveform_atlas_20260927\out\profiles\p9_difference_fixed_euler_n400_dt0.003125_L4.npz,cd61a0085feda3d7da3e0f667fbfc0170f6ef23f3321412df19410df9ea01162,reused
p9_difference_fixed_euler_n400_dt0.003125_L4,S4,9.0,difference_fixed,euler,400,0.003125,4.0,main,0.5,16001,4.122459584079974e-05,0.000173236674370858,4.122e-05 / 1.732e-04,C:\Users\msz\aca\Workspaces\hs_waveform_atlas_20260927\out\profiles\p9_difference_fixed_euler_n400_dt0.003125_L4.npz,cd61a0085feda3d7da3e0f667fbfc0170f6ef23f3321412df19410df9ea01162,reused
p9_difference_fixed_euler_n200_dt0.0125_L4,S4,9.0,difference_fixed,euler,200,0.0125,4.0,main,0.25,8001,0.00014730015850752953,0.000616705897458103,1.473e-04 / 6.167e-04,C:\Users\msz\aca\Workspaces\hs_table_data_20260927\out\profiles\p9_difference_fixed_euler_n200_dt0.0125_L4.npz,bd786e5f3e16880037294cdd03bdf3e0527a196dbffd10b33db73a7ac78f96a7,reused
p9_difference_fixed_euler_n200_dt0.0125_L4,S4,9.0,difference_fixed,euler,200,0.0125,4.0,main,0.5,8001,0.0001645499998383093,0.0006878233617201301,1.645e-04 / 6.878e-04,C:\Users\msz\aca\Workspaces\hs_table_data_20260927\out\profiles\p9_difference_fixed_euler_n200_dt0.0125_L4.npz,bd786e5f3e16880037294cdd03bdf3e0527a196dbffd10b33db73a7ac78f96a7,reused
p9_difference_fixed_heun_n400_dt0.003125_L4,S4,9.0,difference_fixed,heun,400,0.003125,4.0,main,0.25,16001,3.975503995473639e-05,0.00016537130105720443,3.976e-05 / 1.654e-04,C:\Users\msz\aca\Workspaces\hs_table_data_20260927\out\profiles\p9_difference_fixed_heun_n400_dt0.003125_L4.npz,949128e32c00a9d82f526f9e7e09c07c4fccfaa32da8e324603a7e3b7a0efa46,reused
p9_difference_fixed_heun_n400_dt0.003125_L4,S4,9.0,difference_fixed,heun,400,0.003125,4.0,main,0.5,16001,4.663209725055961e-05,0.00019602895480552718,4.663e-05 / 1.960e-04,C:\Users\msz\aca\Workspaces\hs_table_data_20260927\out\profiles\p9_difference_fixed_heun_n400_dt0.003125_L4.npz,949128e32c00a9d82f526f9e7e09c07c4fccfaa32da8e324603a7e3b7a0efa46,reused
p9_difference_fixed_heun_n200_dt0.0125_L4,S4,9.0,difference_fixed,heun,200,0.0125,4.0,main,0.25,8001,0.00015871074306519906,0.0006603397915881937,1.587e-04 / 6.603e-04,C:\Users\msz\aca\Workspaces\hs_table_data_20260927\out\profiles\p9_difference_fixed_heun_n200_dt0.0125_L4.npz,b1a98d33e93e7f3b3af9d1778c9f854caf2d20ed0e2807604e60b2878d5b0981,reused
p9_difference_fixed_heun_n200_dt0.0125_L4,S4,9.0,difference_fixed,heun,200,0.0125,4.0,main,0.5,8001,0.0001859509953822669,0.0007774023388295026,1.860e-04 / 7.774e-04,C:\Users\msz\aca\Workspaces\hs_table_data_20260927\out\profiles\p9_difference_fixed_heun_n200_dt0.0125_L4.npz,b1a98d33e93e7f3b3af9d1778c9f854caf2d20ed0e2807604e60b2878d5b0981,reused
p9_difference_fixed_rk4_n400_dt0.003125_L4,S4,9.0,difference_fixed,rk4,400,0.003125,4.0,main,0.25,16001,3.9754532693003775e-05,0.0001653778049757193,3.975e-05 / 1.654e-04,C:\Users\msz\aca\Workspaces\hs_table_data_20260927\out\profiles\p9_difference_fixed_rk4_n400_dt0.003125_L4.npz,82d4c92937385198c25b6551bcc8a73b5cc6f3fa6b39668a3670641a8dbb8498,reused
p9_difference_fixed_rk4_n400_dt0.003125_L4,S4,9.0,difference_fixed,rk4,400,0.003125,4.0,main,0.5,16001,4.6630958154214586e-05,0.00019604262543782003,4.663e-05 / 1.960e-04,C:\Users\msz\aca\Workspaces\hs_table_data_20260927\out\profiles\p9_difference_fixed_rk4_n400_dt0.003125_L4.npz,82d4c92937385198c25b6551bcc8a73b5cc6f3fa6b39668a3670641a8dbb8498,reused
p9_difference_fixed_rk4_n200_dt0.0125_L4,S4,9.0,difference_fixed,rk4,200,0.0125,4.0,main,0.25,8001,0.000158697194876517,0.0006604403499376188,1.587e-04 / 6.604e-04,C:\Users\msz\aca\Workspaces\hs_table_data_20260927\out\profiles\p9_difference_fixed_rk4_n200_dt0.0125_L4.npz,07974b34e5979523feb1da2ef729538f56e953db63d3bd10cf2ad5797812ca92,reused
p9_difference_fixed_rk4_n200_dt0.0125_L4,S4,9.0,difference_fixed,rk4,200,0.0125,4.0,main,0.5,8001,0.00018592100982009474,0.0007776186986345746,1.859e-04 / 7.776e-04,C:\Users\msz\aca\Workspaces\hs_table_data_20260927\out\profiles\p9_difference_fixed_rk4_n200_dt0.0125_L4.npz,07974b34e5979523feb1da2ef729538f56e953db63d3bd10cf2ad5797812ca92,reused
p9_difference_fixed_rk8_n400_dt0.003125_L4,S4,9.0,difference_fixed,rk8,400,0.003125,4.0,main,0.25,16001,3.975453270124718e-05,0.0001653778049752752,3.975e-05 / 1.654e-04,C:\Users\msz\aca\Workspaces\hs_table_data_20260927\out\profiles\p9_difference_fixed_rk8_n400_dt0.003125_L4.npz,a71a519bfe1ccfc9bfd3196080ce27eabcd5e673950f1fa36428fdcb4c41d1c4,reused
p9_difference_fixed_rk8_n400_dt0.003125_L4,S4,9.0,difference_fixed,rk8,400,0.003125,4.0,main,0.5,16001,4.6630958174614934e-05,0.00019604262543759798,4.663e-05 / 1.960e-04,C:\Users\msz\aca\Workspaces\hs_table_data_20260927\out\profiles\p9_difference_fixed_rk8_n400_dt0.003125_L4.npz,a71a519bfe1ccfc9bfd3196080ce27eabcd5e673950f1fa36428fdcb4c41d1c4,reused
p9_difference_fixed_rk8_n200_dt0.0125_L4,S4,9.0,difference_fixed,rk8,200,0.0125,4.0,main,0.25,8001,0.00015869719807320992,0.0006604403496178746,1.587e-04 / 6.604e-04,C:\Users\msz\aca\Workspaces\hs_table_data_20260927\out\profiles\p9_difference_fixed_rk8_n200_dt0.0125_L4.npz,837cf6f626370c8c9944183c6b464d1eb442f120af187cf30d08067e1648221e,reused
p9_difference_fixed_rk8_n200_dt0.0125_L4,S4,9.0,difference_fixed,rk8,200,0.0125,4.0,main,0.5,8001,0.00018592101673597927,0.0007776186985185563,1.859e-04 / 7.776e-04,C:\Users\msz\aca\Workspaces\hs_table_data_20260927\out\profiles\p9_difference_fixed_rk8_n200_dt0.0125_L4.npz,837cf6f626370c8c9944183c6b464d1eb442f120af187cf30d08067e1648221e,reused
p10_integrable_original_euler_n400_dt0.003125_L4,S1,10.0,integrable_original,euler,400,0.003125,4.0,main,0.25,16001,0.014714376141415674,0.0016339092879251726,1.471e-02 / 1.634e-03,C:\Users\msz\aca\Workspaces\hs_conserved_mesh_20260925\out\euler_comparison\profiles\p10_integrable_original_euler_n400_dt0.003125_L4.npz,2b981a21060fc014372a8a5ead10998783fc175e36ebb33c58c9973aaf2e7100,reused
p10_integrable_original_euler_n400_dt0.003125_L4,S1,10.0,integrable_original,euler,400,0.003125,4.0,main,0.5,16001,0.06257764652903644,0.008316833906236831,6.258e-02 / 8.317e-03,C:\Users\msz\aca\Workspaces\hs_conserved_mesh_20260925\out\euler_comparison\profiles\p10_integrable_original_euler_n400_dt0.003125_L4.npz,2b981a21060fc014372a8a5ead10998783fc175e36ebb33c58c9973aaf2e7100,reused
p10_integrable_original_euler_n200_dt0.0125_L4,S1,10.0,integrable_original,euler,200,0.0125,4.0,main,0.25,8001,0.028970126378835896,0.004324917728199595,2.897e-02 / 4.325e-03,C:\Users\msz\aca\Workspaces\hs_four_schemes_20260927\out\profiles\p10_integrable_original_euler_n200_dt0.0125_L4.npz,440b374f43c731be7f0873dc6167c2ee20926d03d0277b7d2794c68c1e065ed2,new
p10_integrable_original_euler_n200_dt0.0125_L4,S1,10.0,integrable_original,euler,200,0.0125,4.0,main,0.5,8001,0.12322289443708281,0.016230006636279604,1.232e-01 / 1.623e-02,C:\Users\msz\aca\Workspaces\hs_four_schemes_20260927\out\profiles\p10_integrable_original_euler_n200_dt0.0125_L4.npz,440b374f43c731be7f0873dc6167c2ee20926d03d0277b7d2794c68c1e065ed2,new
p10_integrable_original_heun_n400_dt0.003125_L4,S1,10.0,integrable_original,heun,400,0.003125,4.0,main,0.25,16001,0.014901238341065921,0.0016484263189232573,1.490e-02 / 1.648e-03,C:\Users\msz\aca\Workspaces\hs_four_schemes_20260927\out\profiles\p10_integrable_original_heun_n400_dt0.003125_L4.npz,d4343826053644faa25e20fdeb752e8f86464f669fbdb732e1e0169a42c6a0cc,new
p10_integrable_original_heun_n400_dt0.003125_L4,S1,10.0,integrable_original,heun,400,0.003125,4.0,main,0.5,16001,0.063399958913987,0.008403632778559156,6.340e-02 / 8.404e-03,C:\Users\msz\aca\Workspaces\hs_four_schemes_20260927\out\profiles\p10_integrable_original_heun_n400_dt0.003125_L4.npz,d4343826053644faa25e20fdeb752e8f86464f669fbdb732e1e0169a42c6a0cc,new
p10_integrable_original_heun_n200_dt0.0125_L4,S1,10.0,integrable_original,heun,200,0.0125,4.0,main,0.25,8001,0.03047546883811241,0.0044824753777018,3.048e-02 / 4.482e-03,C:\Users\msz\aca\Workspaces\hs_four_schemes_20260927\out\profiles\p10_integrable_original_heun_n200_dt0.0125_L4.npz,19955e4f53c92b2577006ce65878d2d5f1599a65d24550893972044929c7a8de,new
p10_integrable_original_heun_n200_dt0.0125_L4,S1,10.0,integrable_original,heun,200,0.0125,4.0,main,0.5,8001,0.12996619523066447,0.01711619499619199,1.300e-01 / 1.712e-02,C:\Users\msz\aca\Workspaces\hs_four_schemes_20260927\out\profiles\p10_integrable_original_heun_n200_dt0.0125_L4.npz,19955e4f53c92b2577006ce65878d2d5f1599a65d24550893972044929c7a8de,new
p10_integrable_original_rk4_n400_dt0.003125_L4,S1,10.0,integrable_original,rk4,400,0.003125,4.0,main,0.25,16001,0.01490179685319254,0.001648500296696942,1.490e-02 / 1.649e-03,C:\Users\msz\aca\Workspaces\hs_conserved_mesh_20260925\out\calibration_parameter_scan\profiles\p10_integrable_original_rk4_n400_dt0.003125_L4.npz,9eba47f30e90c7f5e3f57f7206c754c5ac3fc1580d577eff648dc9ca90e36d6f,reused
p10_integrable_original_rk4_n400_dt0.003125_L4,S1,10.0,integrable_original,rk4,400,0.003125,4.0,main,0.5,16001,0.06340213935244175,0.008403940706761981,6.340e-02 / 8.404e-03,C:\Users\msz\aca\Workspaces\hs_conserved_mesh_20260925\out\calibration_parameter_scan\profiles\p10_integrable_original_rk4_n400_dt0.003125_L4.npz,9eba47f30e90c7f5e3f57f7206c754c5ac3fc1580d577eff648dc9ca90e36d6f,reused
p10_integrable_original_rk4_n200_dt0.0125_L4,S1,10.0,integrable_original,rk4,200,0.0125,4.0,main,0.25,8001,0.03049538290837613,0.0044843801943094674,3.050e-02 / 4.484e-03,C:\Users\msz\aca\Workspaces\hs_four_schemes_20260927\out\profiles\p10_integrable_original_rk4_n200_dt0.0125_L4.npz,1f390c8b02a6d70bab75fd7d73a8617107aeeaf0209b8e631797e0debb29d372,new
p10_integrable_original_rk4_n200_dt0.0125_L4,S1,10.0,integrable_original,rk4,200,0.0125,4.0,main,0.5,8001,0.13004511425513898,0.017127300420507807,1.300e-01 / 1.713e-02,C:\Users\msz\aca\Workspaces\hs_four_schemes_20260927\out\profiles\p10_integrable_original_rk4_n200_dt0.0125_L4.npz,1f390c8b02a6d70bab75fd7d73a8617107aeeaf0209b8e631797e0debb29d372,new
p10_integrable_original_rk8_n400_dt0.003125_L4,S1,10.0,integrable_original,rk8,400,0.003125,4.0,main,0.25,16001,0.01490179685441961,0.001648500296691835,1.490e-02 / 1.649e-03,C:\Users\msz\aca\Workspaces\hs_four_schemes_20260927\out\profiles\p10_integrable_original_rk8_n400_dt0.003125_L4.npz,9f06cb3304d7b33a51c14c76ed078cbe3737da5b161baf38cb3d2120fc446272,new
p10_integrable_original_rk8_n400_dt0.003125_L4,S1,10.0,integrable_original,rk8,400,0.003125,4.0,main,0.5,16001,0.06340213935736244,0.008403940706967927,6.340e-02 / 8.404e-03,C:\Users\msz\aca\Workspaces\hs_four_schemes_20260927\out\profiles\p10_integrable_original_rk8_n400_dt0.003125_L4.npz,9f06cb3304d7b33a51c14c76ed078cbe3737da5b161baf38cb3d2120fc446272,new
p10_integrable_original_rk8_n200_dt0.0125_L4,S1,10.0,integrable_original,rk8,200,0.0125,4.0,main,0.25,8001,0.030495383798178413,0.00448438020665437,3.050e-02 / 4.484e-03,C:\Users\msz\aca\Workspaces\hs_four_schemes_20260927\out\profiles\p10_integrable_original_rk8_n200_dt0.0125_L4.npz,d3e5d80838da27986def52adfd64c76adf7171077cd99b4af3a50d67586a8ca9,new
p10_integrable_original_rk8_n200_dt0.0125_L4,S1,10.0,integrable_original,rk8,200,0.0125,4.0,main,0.5,8001,0.13004511763118182,0.01712730062697676,1.300e-01 / 1.713e-02,C:\Users\msz\aca\Workspaces\hs_four_schemes_20260927\out\profiles\p10_integrable_original_rk8_n200_dt0.0125_L4.npz,d3e5d80838da27986def52adfd64c76adf7171077cd99b4af3a50d67586a8ca9,new
p10_integrable_calibrated_euler_n400_dt0.003125_L4,S2,10.0,integrable_calibrated,euler,400,0.003125,4.0,main,0.25,16001,0.000347874599109726,0.0007158182232710475,3.479e-04 / 7.158e-04,C:\Users\msz\aca\Workspaces\hs_conserved_mesh_20260925\out\euler_comparison\profiles\p10_integrable_calibrated_euler_n400_dt0.003125_L4.npz,75bb260a326c1368e66209f951e4aeaebfeddd5efcde03c86327ee0854aec471,reused
p10_integrable_calibrated_euler_n400_dt0.003125_L4,S2,10.0,integrable_calibrated,euler,400,0.003125,4.0,main,0.5,16001,0.0014977415826489008,0.0007812910234961112,1.498e-03 / 7.813e-04,C:\Users\msz\aca\Workspaces\hs_conserved_mesh_20260925\out\euler_comparison\profiles\p10_integrable_calibrated_euler_n400_dt0.003125_L4.npz,75bb260a326c1368e66209f951e4aeaebfeddd5efcde03c86327ee0854aec471,reused
p10_integrable_calibrated_euler_n200_dt0.0125_L4,S2,10.0,integrable_calibrated,euler,200,0.0125,4.0,main,0.25,8001,0.0013349830230881493,0.002842129765813828,1.335e-03 / 2.842e-03,C:\Users\msz\aca\Workspaces\hs_four_schemes_20260927\out\profiles\p10_integrable_calibrated_euler_n200_dt0.0125_L4.npz,32e062c4eac6d7f7e0ee1f326421a8ad3f6eb0ba13f1efdeacf38b627fc5e9fe,new
p10_integrable_calibrated_euler_n200_dt0.0125_L4,S2,10.0,integrable_calibrated,euler,200,0.0125,4.0,main,0.5,8001,0.005736857592372389,0.0030923594181150316,5.737e-03 / 3.092e-03,C:\Users\msz\aca\Workspaces\hs_four_schemes_20260927\out\profiles\p10_integrable_calibrated_euler_n200_dt0.0125_L4.npz,32e062c4eac6d7f7e0ee1f326421a8ad3f6eb0ba13f1efdeacf38b627fc5e9fe,new
p10_integrable_calibrated_heun_n400_dt0.003125_L4,S2,10.0,integrable_calibrated,heun,400,0.003125,4.0,main,0.25,16001,0.00034501849096473555,0.0007291576152954615,3.450e-04 / 7.292e-04,C:\Users\msz\aca\Workspaces\hs_four_schemes_20260927\out\profiles\p10_integrable_calibrated_heun_n400_dt0.003125_L4.npz,572b4f45e53261a39bddf9330ef6c2c6f3262789d2738b9cc4e60d7ceca75a10,new
p10_integrable_calibrated_heun_n400_dt0.003125_L4,S2,10.0,integrable_calibrated,heun,400,0.003125,4.0,main,0.5,16001,0.0014650386811969306,0.0007978108272156947,1.465e-03 / 7.978e-04,C:\Users\msz\aca\Workspaces\hs_four_schemes_20260927\out\profiles\p10_integrable_calibrated_heun_n400_dt0.003125_L4.npz,572b4f45e53261a39bddf9330ef6c2c6f3262789d2738b9cc4e60d7ceca75a10,new
p10_integrable_calibrated_heun_n200_dt0.0125_L4,S2,10.0,integrable_calibrated,heun,200,0.0125,4.0,main,0.25,8001,0.0013787504351192009,0.0028968238884976016,1.379e-03 / 2.897e-03,C:\Users\msz\aca\Workspaces\hs_four_schemes_20260927\out\profiles\p10_integrable_calibrated_heun_n200_dt0.0125_L4.npz,08e453615d642c48d28319e08f7729742d1e9d21afcf5e181f30bfa7105e37fc,new
p10_integrable_calibrated_heun_n200_dt0.0125_L4,S2,10.0,integrable_calibrated,heun,200,0.0125,4.0,main,0.5,8001,0.00585643287886501,0.0031716277185911967,5.856e-03 / 3.172e-03,C:\Users\msz\aca\Workspaces\hs_four_schemes_20260927\out\profiles\p10_integrable_calibrated_heun_n200_dt0.0125_L4.npz,08e453615d642c48d28319e08f7729742d1e9d21afcf5e181f30bfa7105e37fc,new
p10_integrable_calibrated_rk4_n400_dt0.003125_L4,S2,10.0,integrable_calibrated,rk4,400,0.003125,4.0,main,0.25,16001,0.0003449107193451136,0.0007291815971063875,3.449e-04 / 7.292e-04,C:\Users\msz\aca\Workspaces\hs_conserved_mesh_20260925\out\calibration_parameter_scan\profiles\p10_integrable_calibrated_rk4_n400_dt0.003125_L4.npz,337dfb694301c01f23f8d9dfd3733d4d5ab73a808aea12342084e41398b0596d,reused
p10_integrable_calibrated_rk4_n400_dt0.003125_L4,S2,10.0,integrable_calibrated,rk4,400,0.003125,4.0,main,0.5,16001,0.0014645781000670443,0.0007978314854454327,1.465e-03 / 7.978e-04,C:\Users\msz\aca\Workspaces\hs_conserved_mesh_20260925\out\calibration_parameter_scan\profiles\p10_integrable_calibrated_rk4_n400_dt0.003125_L4.npz,337dfb694301c01f23f8d9dfd3733d4d5ab73a808aea12342084e41398b0596d,reused
p10_integrable_calibrated_rk4_n200_dt0.0125_L4,S2,10.0,integrable_calibrated,rk4,200,0.0125,4.0,main,0.25,8001,0.001377813578637866,0.002897234419493855,1.378e-03 / 2.897e-03,C:\Users\msz\aca\Workspaces\hs_four_schemes_20260927\out\profiles\p10_integrable_calibrated_rk4_n200_dt0.0125_L4.npz,1818b5dc11e4f7ce171604ae359125f600bf97b8027d67e96173ef2bdca69b29,new
p10_integrable_calibrated_rk4_n200_dt0.0125_L4,S2,10.0,integrable_calibrated,rk4,200,0.0125,4.0,main,0.5,8001,0.0058521440585434055,0.0031720925563331615,5.852e-03 / 3.172e-03,C:\Users\msz\aca\Workspaces\hs_four_schemes_20260927\out\profiles\p10_integrable_calibrated_rk4_n200_dt0.0125_L4.npz,1818b5dc11e4f7ce171604ae359125f600bf97b8027d67e96173ef2bdca69b29,new
p10_integrable_calibrated_rk8_n400_dt0.003125_L4,S2,10.0,integrable_calibrated,rk8,400,0.003125,4.0,main,0.25,16001,0.0003449107183904108,0.0007291815970465465,3.449e-04 / 7.292e-04,C:\Users\msz\aca\Workspaces\hs_four_schemes_20260927\out\profiles\p10_integrable_calibrated_rk8_n400_dt0.003125_L4.npz,90d4ffa74d823a1aa2713ff79e6abe457fc0987c615e9d79ae438abd1b3c6d60,new
p10_integrable_calibrated_rk8_n400_dt0.003125_L4,S2,10.0,integrable_calibrated,rk8,400,0.003125,4.0,main,0.5,16001,0.001464578097258232,0.0007978314852779556,1.465e-03 / 7.978e-04,C:\Users\msz\aca\Workspaces\hs_four_schemes_20260927\out\profiles\p10_integrable_calibrated_rk8_n400_dt0.003125_L4.npz,90d4ffa74d823a1aa2713ff79e6abe457fc0987c615e9d79ae438abd1b3c6d60,new
p10_integrable_calibrated_rk8_n200_dt0.0125_L4,S2,10.0,integrable_calibrated,rk8,200,0.0125,4.0,main,0.25,8001,0.0013778133758100687,0.002897234404914073,1.378e-03 / 2.897e-03,C:\Users\msz\aca\Workspaces\hs_four_schemes_20260927\out\profiles\p10_integrable_calibrated_rk8_n200_dt0.0125_L4.npz,d7988485aca50922ede03e4e97ddf2ebc9f1ce4aee40bb15592a3f8d5e01f56e,new
p10_integrable_calibrated_rk8_n200_dt0.0125_L4,S2,10.0,integrable_calibrated,rk8,200,0.0125,4.0,main,0.5,8001,0.005852143482224556,0.0031720925155862,5.852e-03 / 3.172e-03,C:\Users\msz\aca\Workspaces\hs_four_schemes_20260927\out\profiles\p10_integrable_calibrated_rk8_n200_dt0.0125_L4.npz,d7988485aca50922ede03e4e97ddf2ebc9f1ce4aee40bb15592a3f8d5e01f56e,new
p10_difference_paper_ale_euler_n400_dt0.003125_L4,S3,10.0,difference_paper_ale,euler,400,0.003125,4.0,main,0.25,16001,0.0003355632981978107,0.0006076547095222318,3.356e-04 / 6.077e-04,C:\Users\msz\aca\Workspaces\hs_four_schemes_20260927\out\profiles\p10_difference_paper_ale_euler_n400_dt0.003125_L4.npz,c901f527cb68dc1692311edc71b0fb84d428ddc96e128639fe1a35a8b5287237,new
p10_difference_paper_ale_euler_n400_dt0.003125_L4,S3,10.0,difference_paper_ale,euler,400,0.003125,4.0,main,0.5,16001,0.00043300121340874437,0.0006945603421255053,4.330e-04 / 6.946e-04,C:\Users\msz\aca\Workspaces\hs_four_schemes_20260927\out\profiles\p10_difference_paper_ale_euler_n400_dt0.003125_L4.npz,c901f527cb68dc1692311edc71b0fb84d428ddc96e128639fe1a35a8b5287237,new
p10_difference_paper_ale_euler_n200_dt0.0125_L4,S3,10.0,difference_paper_ale,euler,200,0.0125,4.0,main,0.25,8001,0.0013361761603850608,0.0024063533229876644,1.336e-03 / 2.406e-03,C:\Users\msz\aca\Workspaces\hs_four_schemes_20260927\out\profiles\p10_difference_paper_ale_euler_n200_dt0.0125_L4.npz,d5225664a920c15319fe1248b4ae929a21a3bd91c39cffaa706d64d9937a7227,new
p10_difference_paper_ale_euler_n200_dt0.0125_L4,S3,10.0,difference_paper_ale,euler,200,0.0125,4.0,main,0.5,8001,0.0017476268779900023,0.002729757594616189,1.748e-03 / 2.730e-03,C:\Users\msz\aca\Workspaces\hs_four_schemes_20260927\out\profiles\p10_difference_paper_ale_euler_n200_dt0.0125_L4.npz,d5225664a920c15319fe1248b4ae929a21a3bd91c39cffaa706d64d9937a7227,new
p10_difference_paper_ale_heun_n400_dt0.003125_L4,S3,10.0,difference_paper_ale,heun,400,0.003125,4.0,main,0.25,16001,0.00022851353685585107,0.0006294651351471114,2.285e-04 / 6.295e-04,C:\Users\msz\aca\Workspaces\hs_four_schemes_20260927\out\profiles\p10_difference_paper_ale_heun_n400_dt0.003125_L4.npz,26bff8d840228d06aec87f7cffae80967cb91ae113d8f4ebe62afe09ece4d7b7,new
p10_difference_paper_ale_heun_n400_dt0.003125_L4,S3,10.0,difference_paper_ale,heun,400,0.003125,4.0,main,0.5,16001,0.0003927951572634675,0.0007237010169409697,3.928e-04 / 7.237e-04,C:\Users\msz\aca\Workspaces\hs_four_schemes_20260927\out\profiles\p10_difference_paper_ale_heun_n400_dt0.003125_L4.npz,26bff8d840228d06aec87f7cffae80967cb91ae113d8f4ebe62afe09ece4d7b7,new
p10_difference_paper_ale_heun_n200_dt0.0125_L4,S3,10.0,difference_paper_ale,heun,200,0.0125,4.0,main,0.25,8001,0.0009075258777022088,0.002488821439767197,9.075e-04 / 2.489e-03,C:\Users\msz\aca\Workspaces\hs_four_schemes_20260927\out\profiles\p10_difference_paper_ale_heun_n200_dt0.0125_L4.npz,3d3488ab8b52cfe358cff1953655f161e62943d3c10b8a26c855d9df46a53c9c,new
p10_difference_paper_ale_heun_n200_dt0.0125_L4,S3,10.0,difference_paper_ale,heun,200,0.0125,4.0,main,0.5,8001,0.001524747072597761,0.002862175747435136,1.525e-03 / 2.862e-03,C:\Users\msz\aca\Workspaces\hs_four_schemes_20260927\out\profiles\p10_difference_paper_ale_heun_n200_dt0.0125_L4.npz,3d3488ab8b52cfe358cff1953655f161e62943d3c10b8a26c855d9df46a53c9c,new
p10_difference_paper_ale_rk4_n400_dt0.003125_L4,S3,10.0,difference_paper_ale,rk4,400,0.003125,4.0,main,0.25,16001,0.00022885856657535453,0.0006293372844851652,2.289e-04 / 6.293e-04,C:\Users\msz\aca\Workspaces\hs_four_schemes_20260927\out\profiles\p10_difference_paper_ale_rk4_n400_dt0.003125_L4.npz,89c1197ef7cc001b8d55edd1e6a79d0497c5884c800c7e46fac1f4aaf0d74ffa,new
p10_difference_paper_ale_rk4_n400_dt0.003125_L4,S3,10.0,difference_paper_ale,rk4,400,0.003125,4.0,main,0.5,16001,0.0003947843486369826,0.0007235774806440554,3.948e-04 / 7.236e-04,C:\Users\msz\aca\Workspaces\hs_four_schemes_20260927\out\profiles\p10_difference_paper_ale_rk4_n400_dt0.003125_L4.npz,89c1197ef7cc001b8d55edd1e6a79d0497c5884c800c7e46fac1f4aaf0d74ffa,new
p10_difference_paper_ale_rk4_n200_dt0.0125_L4,S3,10.0,difference_paper_ale,rk4,200,0.0125,4.0,main,0.25,8001,0.0009014294339841147,0.0024867024299037865,9.014e-04 / 2.487e-03,C:\Users\msz\aca\Workspaces\hs_four_schemes_20260927\out\profiles\p10_difference_paper_ale_rk4_n200_dt0.0125_L4.npz,83210f8c171c4f92080865b1caeb23a752a17057962442792c6b6805d1b84119,new
p10_difference_paper_ale_rk4_n200_dt0.0125_L4,S3,10.0,difference_paper_ale,rk4,200,0.0125,4.0,main,0.5,8001,0.0015553419367888774,0.0028602975374760753,1.555e-03 / 2.860e-03,C:\Users\msz\aca\Workspaces\hs_four_schemes_20260927\out\profiles\p10_difference_paper_ale_rk4_n200_dt0.0125_L4.npz,83210f8c171c4f92080865b1caeb23a752a17057962442792c6b6805d1b84119,new
p10_difference_paper_ale_rk8_n400_dt0.003125_L4,S3,10.0,difference_paper_ale,rk8,400,0.003125,4.0,main,0.25,16001,0.00022885855488742612,0.000629337286131848,2.289e-04 / 6.293e-04,C:\Users\msz\aca\Workspaces\hs_four_schemes_20260927\out\profiles\p10_difference_paper_ale_rk8_n400_dt0.003125_L4.npz,4f7ce5bfeeaff5b8dd656b3d2481183714ccbfd7a38c41ab278e9bd623c51665,new
p10_difference_paper_ale_rk8_n400_dt0.003125_L4,S3,10.0,difference_paper_ale,rk8,400,0.003125,4.0,main,0.5,16001,0.0003947843242567764,0.0007235774822542673,3.948e-04 / 7.236e-04,C:\Users\msz\aca\Workspaces\hs_four_schemes_20260927\out\profiles\p10_difference_paper_ale_rk8_n400_dt0.003125_L4.npz,4f7ce5bfeeaff5b8dd656b3d2481183714ccbfd7a38c41ab278e9bd623c51665,new
p10_difference_paper_ale_rk8_n200_dt0.0125_L4,S3,10.0,difference_paper_ale,rk8,200,0.0125,4.0,main,0.25,8001,0.0009014266968053811,0.0024867028657609147,9.014e-04 / 2.487e-03,C:\Users\msz\aca\Workspaces\hs_four_schemes_20260927\out\profiles\p10_difference_paper_ale_rk8_n200_dt0.0125_L4.npz,c07ac39a662b12c4cc8ff6dfef0137ed3546df0559a06213844e432b767b2c3e,new
p10_difference_paper_ale_rk8_n200_dt0.0125_L4,S3,10.0,difference_paper_ale,rk8,200,0.0125,4.0,main,0.5,8001,0.0015553359481471074,0.002860297931298328,1.555e-03 / 2.860e-03,C:\Users\msz\aca\Workspaces\hs_four_schemes_20260927\out\profiles\p10_difference_paper_ale_rk8_n200_dt0.0125_L4.npz,c07ac39a662b12c4cc8ff6dfef0137ed3546df0559a06213844e432b767b2c3e,new
p10_difference_fixed_euler_n400_dt0.003125_L4,S4,10.0,difference_fixed,euler,400,0.003125,4.0,main,0.25,16001,4.2966286692536215e-05,0.00020553003023782157,4.297e-05 / 2.055e-04,C:\Users\msz\aca\Workspaces\hs_conserved_mesh_20260925\out\euler_comparison\profiles\p10_difference_fixed_euler_n400_dt0.003125_L4.npz,58f77aca43fdf479dbcc5cab8fe7cfa25c215ffcaeb7d0ccee78e74863d35c09,reused
p10_difference_fixed_euler_n400_dt0.003125_L4,S4,10.0,difference_fixed,euler,400,0.003125,4.0,main,0.5,16001,5.0230526006500575e-05,0.00023428137749970102,5.023e-05 / 2.343e-04,C:\Users\msz\aca\Workspaces\hs_conserved_mesh_20260925\out\euler_comparison\profiles\p10_difference_fixed_euler_n400_dt0.003125_L4.npz,58f77aca43fdf479dbcc5cab8fe7cfa25c215ffcaeb7d0ccee78e74863d35c09,reused
p10_difference_fixed_euler_n200_dt0.0125_L4,S4,10.0,difference_fixed,euler,200,0.0125,4.0,main,0.25,8001,0.00017108457195555427,0.0008166588120968044,1.711e-04 / 8.167e-04,C:\Users\msz\aca\Workspaces\hs_table_data_20260927\out\profiles\p10_difference_fixed_euler_n200_dt0.0125_L4.npz,3865fa936940ee1befac3223b3e0bee2bd5ce559b58295363d75d89a5c709428,reused
p10_difference_fixed_euler_n200_dt0.0125_L4,S4,10.0,difference_fixed,euler,200,0.0125,4.0,main,0.5,8001,0.00020064000321087794,0.0009302321455888496,2.006e-04 / 9.302e-04,C:\Users\msz\aca\Workspaces\hs_table_data_20260927\out\profiles\p10_difference_fixed_euler_n200_dt0.0125_L4.npz,3865fa936940ee1befac3223b3e0bee2bd5ce559b58295363d75d89a5c709428,reused
p10_difference_fixed_heun_n400_dt0.003125_L4,S4,10.0,difference_fixed,heun,400,0.003125,4.0,main,0.25,16001,4.556621956577911e-05,0.000217425338718491,4.557e-05 / 2.174e-04,C:\Users\msz\aca\Workspaces\hs_table_data_20260927\out\profiles\p10_difference_fixed_heun_n400_dt0.003125_L4.npz,c2433fa5ff2c1be0310111749e0d2adaa1c1eaaea8f57829eda7246ec82981c6,reused
p10_difference_fixed_heun_n400_dt0.003125_L4,S4,10.0,difference_fixed,heun,400,0.003125,4.0,main,0.5,16001,5.5252574167025115e-05,0.00025912577965714334,5.525e-05 / 2.591e-04,C:\Users\msz\aca\Workspaces\hs_table_data_20260927\out\profiles\p10_difference_fixed_heun_n400_dt0.003125_L4.npz,c2433fa5ff2c1be0310111749e0d2adaa1c1eaaea8f57829eda7246ec82981c6,reused
p10_difference_fixed_heun_n200_dt0.0125_L4,S4,10.0,difference_fixed,heun,200,0.0125,4.0,main,0.25,8001,0.00018188069473459856,0.0008639077184849908,1.819e-04 / 8.639e-04,C:\Users\msz\aca\Workspaces\hs_table_data_20260927\out\profiles\p10_difference_fixed_heun_n200_dt0.0125_L4.npz,24ce0339d4e7f93d9a788c36f7f75f63994c7b5a99fa2c4ea8d98e894feb854c,reused
p10_difference_fixed_heun_n200_dt0.0125_L4,S4,10.0,difference_fixed,heun,200,0.0125,4.0,main,0.5,8001,0.0002202537203795929,0.0010278978837366948,2.203e-04 / 1.028e-03,C:\Users\msz\aca\Workspaces\hs_table_data_20260927\out\profiles\p10_difference_fixed_heun_n200_dt0.0125_L4.npz,24ce0339d4e7f93d9a788c36f7f75f63994c7b5a99fa2c4ea8d98e894feb854c,reused
p10_difference_fixed_rk4_n400_dt0.003125_L4,S4,10.0,difference_fixed,rk4,400,0.003125,4.0,main,0.25,16001,4.5565697911587044e-05,0.0002174326962082196,4.557e-05 / 2.174e-04,C:\Users\msz\aca\Workspaces\hs_conserved_mesh_20260925\out\calibration_parameter_scan\profiles\p10_difference_fixed_rk4_n400_dt0.003125_L4.npz,0967418719ee7e892e9a3b6f4c9bbca1f813eee9c4e51b7a03d1e123aad4cbce,reused
p10_difference_fixed_rk4_n400_dt0.003125_L4,S4,10.0,difference_fixed,rk4,400,0.003125,4.0,main,0.5,16001,5.5251520695742684e-05,0.0002591412876798982,5.525e-05 / 2.591e-04,C:\Users\msz\aca\Workspaces\hs_conserved_mesh_20260925\out\calibration_parameter_scan\profiles\p10_difference_fixed_rk4_n400_dt0.003125_L4.npz,0967418719ee7e892e9a3b6f4c9bbca1f813eee9c4e51b7a03d1e123aad4cbce,reused
p10_difference_fixed_rk4_n200_dt0.0125_L4,S4,10.0,difference_fixed,rk4,200,0.0125,4.0,main,0.25,8001,0.00018186307257583856,0.0008640208052822507,1.819e-04 / 8.640e-04,C:\Users\msz\aca\Workspaces\hs_table_data_20260927\out\profiles\p10_difference_fixed_rk4_n200_dt0.0125_L4.npz,3112aa3e15c3953c6bae37aa23f6020ceb678cfbd4b3b63b671611a428b38f7e,reused
p10_difference_fixed_rk4_n200_dt0.0125_L4,S4,10.0,difference_fixed,rk4,200,0.0125,4.0,main,0.5,8001,0.00022021935756716404,0.0010281425966246482,2.202e-04 / 1.028e-03,C:\Users\msz\aca\Workspaces\hs_table_data_20260927\out\profiles\p10_difference_fixed_rk4_n200_dt0.0125_L4.npz,3112aa3e15c3953c6bae37aa23f6020ceb678cfbd4b3b63b671611a428b38f7e,reused
p10_difference_fixed_rk8_n400_dt0.003125_L4,S4,10.0,difference_fixed,rk8,400,0.003125,4.0,main,0.25,16001,4.556569791897003e-05,0.0002174326962073314,4.557e-05 / 2.174e-04,C:\Users\msz\aca\Workspaces\hs_table_data_20260927\out\profiles\p10_difference_fixed_rk8_n400_dt0.003125_L4.npz,0315a375a33ba6429a52e35ba96dbae695b5f60e692f4cdc32af2e853fadf370,reused
p10_difference_fixed_rk8_n400_dt0.003125_L4,S4,10.0,difference_fixed,rk8,400,0.003125,4.0,main,0.5,16001,5.525152071428341e-05,0.00025914128767967615,5.525e-05 / 2.591e-04,C:\Users\msz\aca\Workspaces\hs_table_data_20260927\out\profiles\p10_difference_fixed_rk8_n400_dt0.003125_L4.npz,0315a375a33ba6429a52e35ba96dbae695b5f60e692f4cdc32af2e853fadf370,reused
p10_difference_fixed_rk8_n200_dt0.0125_L4,S4,10.0,difference_fixed,rk8,200,0.0125,4.0,main,0.25,8001,0.00018186307657255818,0.0008640208047607789,1.819e-04 / 8.640e-04,C:\Users\msz\aca\Workspaces\hs_table_data_20260927\out\profiles\p10_difference_fixed_rk8_n200_dt0.0125_L4.npz,70304c5b98711246b5ee4d66081b0e2ea3c54982b067e6b6a72c373c5f59f7b7,reused
p10_difference_fixed_rk8_n200_dt0.0125_L4,S4,10.0,difference_fixed,rk8,200,0.0125,4.0,main,0.5,8001,0.0002202193654974316,0.0010281425965663615,2.202e-04 / 1.028e-03,C:\Users\msz\aca\Workspaces\hs_table_data_20260927\out\profiles\p10_difference_fixed_rk8_n200_dt0.0125_L4.npz,70304c5b98711246b5ee4d66081b0e2ea3c54982b067e6b6a72c373c5f59f7b7,reused
p11_integrable_original_euler_n400_dt0.003125_L4,S1,11.0,integrable_original,euler,400,0.003125,4.0,main,0.25,16001,0.014792944412666332,0.0018892523631545144,1.479e-02 / 1.889e-03,C:\Users\msz\aca\Workspaces\hs_error_theory_20260926\out_v2\profiles\p11_integrable_original_euler_n400_dt0.003125_L4.npz,dff9d2b64bbe49033884e59a3e8e3ac5a51dbd68e885f9d783ee16a287ea7c2f,reused
p11_integrable_original_euler_n400_dt0.003125_L4,S1,11.0,integrable_original,euler,400,0.003125,4.0,main,0.5,16001,0.06282370526560399,0.009009661581512174,6.282e-02 / 9.010e-03,C:\Users\msz\aca\Workspaces\hs_error_theory_20260926\out_v2\profiles\p11_integrable_original_euler_n400_dt0.003125_L4.npz,dff9d2b64bbe49033884e59a3e8e3ac5a51dbd68e885f9d783ee16a287ea7c2f,reused
p11_integrable_original_euler_n200_dt0.0125_L4,S1,11.0,integrable_original,euler,200,0.0125,4.0,main,0.25,8001,0.029218266787560492,0.005239428778272215,2.922e-02 / 5.239e-03,C:\Users\msz\aca\Workspaces\hs_four_schemes_20260927\out\profiles\p11_integrable_original_euler_n200_dt0.0125_L4.npz,a5a37df29744efa9a67b9067c1d8f6d3fb419d879244d3e85cd35079fecbda61,new
p11_integrable_original_euler_n200_dt0.0125_L4,S1,11.0,integrable_original,euler,200,0.0125,4.0,main,0.5,8001,0.12411960397273636,0.017608391509999377,1.241e-01 / 1.761e-02,C:\Users\msz\aca\Workspaces\hs_four_schemes_20260927\out\profiles\p11_integrable_original_euler_n200_dt0.0125_L4.npz,a5a37df29744efa9a67b9067c1d8f6d3fb419d879244d3e85cd35079fecbda61,new
p11_integrable_original_heun_n400_dt0.003125_L4,S1,11.0,integrable_original,heun,400,0.003125,4.0,main,0.25,16001,0.01497973499925087,0.001906498686496727,1.498e-02 / 1.906e-03,C:\Users\msz\aca\Workspaces\hs_four_schemes_20260927\out\profiles\p11_integrable_original_heun_n400_dt0.003125_L4.npz,a0c48e63a5d5ba0d920066e598c6546c7e4ffd0756499c9eae8fdccab5e5d8d1,new
p11_integrable_original_heun_n400_dt0.003125_L4,S1,11.0,integrable_original,heun,400,0.003125,4.0,main,0.5,16001,0.0636414897532039,0.009095988975793445,6.364e-02 / 9.096e-03,C:\Users\msz\aca\Workspaces\hs_four_schemes_20260927\out\profiles\p11_integrable_original_heun_n400_dt0.003125_L4.npz,a0c48e63a5d5ba0d920066e598c6546c7e4ffd0756499c9eae8fdccab5e5d8d1,new
p11_integrable_original_heun_n200_dt0.0125_L4,S1,11.0,integrable_original,heun,200,0.0125,4.0,main,0.25,8001,0.03073075294804138,0.005401311865928959,3.073e-02 / 5.401e-03,C:\Users\msz\aca\Workspaces\hs_four_schemes_20260927\out\profiles\p11_integrable_original_heun_n200_dt0.0125_L4.npz,c170e6ced876da0d457a66b912fb3b567fe4d403744c0ca1ceb7ddf1aa60a425,new
p11_integrable_original_heun_n200_dt0.0125_L4,S1,11.0,integrable_original,heun,200,0.0125,4.0,main,0.5,8001,0.13086957159141266,0.01851216644244935,1.309e-01 / 1.851e-02,C:\Users\msz\aca\Workspaces\hs_four_schemes_20260927\out\profiles\p11_integrable_original_heun_n200_dt0.0125_L4.npz,c170e6ced876da0d457a66b912fb3b567fe4d403744c0ca1ceb7ddf1aa60a425,new
p11_integrable_original_rk4_n400_dt0.003125_L4,S1,11.0,integrable_original,rk4,400,0.003125,4.0,main,0.25,16001,0.01498028224732153,0.0019065719798497804,1.498e-02 / 1.907e-03,C:\Users\msz\aca\Workspaces\hs_error_theory_20260926\out_v2\profiles\p11_integrable_original_rk4_n400_dt0.003125_L4.npz,230550f7b32a9bdd2ad0037fea62328cf71f37fbfc375d59eb57043ba57702d7,reused
p11_integrable_original_rk4_n400_dt0.003125_L4,S1,11.0,integrable_original,rk4,400,0.003125,4.0,main,0.5,16001,0.06364361452076406,0.009096276278018345,6.364e-02 / 9.096e-03,C:\Users\msz\aca\Workspaces\hs_error_theory_20260926\out_v2\profiles\p11_integrable_original_rk4_n400_dt0.003125_L4.npz,230550f7b32a9bdd2ad0037fea62328cf71f37fbfc375d59eb57043ba57702d7,reused
p11_integrable_original_rk4_n200_dt0.0125_L4,S1,11.0,integrable_original,rk4,200,0.0125,4.0,main,0.25,8001,0.030750544753330725,0.005403368248127927,3.075e-02 / 5.403e-03,C:\Users\msz\aca\Workspaces\hs_four_schemes_20260927\out\profiles\p11_integrable_original_rk4_n200_dt0.0125_L4.npz,ac92fc9603bb7aa76ddfbaa7c967b2b927c6bce79c6dbb71524aac28635b666f,new
p11_integrable_original_rk4_n200_dt0.0125_L4,S1,11.0,integrable_original,rk4,200,0.0125,4.0,main,0.5,8001,0.13094769490320393,0.018522855575208608,1.309e-01 / 1.852e-02,C:\Users\msz\aca\Workspaces\hs_four_schemes_20260927\out\profiles\p11_integrable_original_rk4_n200_dt0.0125_L4.npz,ac92fc9603bb7aa76ddfbaa7c967b2b927c6bce79c6dbb71524aac28635b666f,new
p11_integrable_original_rk8_n400_dt0.003125_L4,S1,11.0,integrable_original,rk8,400,0.003125,4.0,main,0.25,16001,0.014980282248443512,0.0019065719798310177,1.498e-02 / 1.907e-03,C:\Users\msz\aca\Workspaces\hs_four_schemes_20260927\out\profiles\p11_integrable_original_rk8_n400_dt0.003125_L4.npz,aff73ee5379ddf0d3f43b7bb4f7e61bef277e74499ac4e7f02b4472c9148babc,new
p11_integrable_original_rk8_n400_dt0.003125_L4,S1,11.0,integrable_original,rk8,400,0.003125,4.0,main,0.5,16001,0.06364361452534334,0.009096276278120596,6.364e-02 / 9.096e-03,C:\Users\msz\aca\Workspaces\hs_four_schemes_20260927\out\profiles\p11_integrable_original_rk8_n400_dt0.003125_L4.npz,aff73ee5379ddf0d3f43b7bb4f7e61bef277e74499ac4e7f02b4472c9148babc,new
p11_integrable_original_rk8_n200_dt0.0125_L4,S1,11.0,integrable_original,rk8,200,0.0125,4.0,main,0.25,8001,0.030750545613136226,0.005403368260274655,3.075e-02 / 5.403e-03,C:\Users\msz\aca\Workspaces\hs_four_schemes_20260927\out\profiles\p11_integrable_original_rk8_n200_dt0.0125_L4.npz,60469cb1cc06fea0b4628c52385d3294f36c2d13b5369f523322dc83bfdf32ad,new
p11_integrable_original_rk8_n200_dt0.0125_L4,S1,11.0,integrable_original,rk8,200,0.0125,4.0,main,0.5,8001,0.13094769817603918,0.018522855739000477,1.309e-01 / 1.852e-02,C:\Users\msz\aca\Workspaces\hs_four_schemes_20260927\out\profiles\p11_integrable_original_rk8_n200_dt0.0125_L4.npz,60469cb1cc06fea0b4628c52385d3294f36c2d13b5369f523322dc83bfdf32ad,new
p11_integrable_calibrated_euler_n400_dt0.003125_L4,S2,11.0,integrable_calibrated,euler,400,0.003125,4.0,main,0.25,16001,0.00039658933087105113,0.0009230692898037907,3.966e-04 / 9.231e-04,C:\Users\msz\aca\Workspaces\hs_error_theory_20260926\out_v2\profiles\p11_integrable_calibrated_euler_n400_dt0.003125_L4.npz,57effe9a13c7c0ea3e36935d45f571acd2cf9121a4ce18226747cd6b4724a843,reused
p11_integrable_calibrated_euler_n400_dt0.003125_L4,S2,11.0,integrable_calibrated,euler,400,0.003125,4.0,main,0.5,16001,0.001703876151494389,0.0010041745456542128,1.704e-03 / 1.004e-03,C:\Users\msz\aca\Workspaces\hs_error_theory_20260926\out_v2\profiles\p11_integrable_calibrated_euler_n400_dt0.003125_L4.npz,57effe9a13c7c0ea3e36935d45f571acd2cf9121a4ce18226747cd6b4724a843,reused
p11_integrable_calibrated_euler_n200_dt0.0125_L4,S2,11.0,integrable_calibrated,euler,200,0.0125,4.0,main,0.25,8001,0.0015216577334187784,0.0036593634398422448,1.522e-03 / 3.659e-03,C:\Users\msz\aca\Workspaces\hs_four_schemes_20260927\out\profiles\p11_integrable_calibrated_euler_n200_dt0.0125_L4.npz,fbc46df141eccfb64ac698cef1088b2d446076052fc6eac608a19c2f2795a1f0,new
p11_integrable_calibrated_euler_n200_dt0.0125_L4,S2,11.0,integrable_calibrated,euler,200,0.0125,4.0,main,0.5,8001,0.006525920419003648,0.003969155343248376,6.526e-03 / 3.969e-03,C:\Users\msz\aca\Workspaces\hs_four_schemes_20260927\out\profiles\p11_integrable_calibrated_euler_n200_dt0.0125_L4.npz,fbc46df141eccfb64ac698cef1088b2d446076052fc6eac608a19c2f2795a1f0,new
p11_integrable_calibrated_heun_n400_dt0.003125_L4,S2,11.0,integrable_calibrated,heun,400,0.003125,4.0,main,0.25,16001,0.0003937454371134716,0.0009335097589419084,3.937e-04 / 9.335e-04,C:\Users\msz\aca\Workspaces\hs_four_schemes_20260927\out\profiles\p11_integrable_calibrated_heun_n400_dt0.003125_L4.npz,796ff147efa580c8b907cab48b5b4b5be696276c3f24a9e9a41ff4f242cfd089,new
p11_integrable_calibrated_heun_n400_dt0.003125_L4,S2,11.0,integrable_calibrated,heun,400,0.003125,4.0,main,0.5,16001,0.0016695544746129286,0.0010210051625826333,1.670e-03 / 1.021e-03,C:\Users\msz\aca\Workspaces\hs_four_schemes_20260927\out\profiles\p11_integrable_calibrated_heun_n400_dt0.003125_L4.npz,796ff147efa580c8b907cab48b5b4b5be696276c3f24a9e9a41ff4f242cfd089,new
p11_integrable_calibrated_heun_n200_dt0.0125_L4,S2,11.0,integrable_calibrated,heun,200,0.0125,4.0,main,0.25,8001,0.0015728940398651678,0.0037034367852533667,1.573e-03 / 3.703e-03,C:\Users\msz\aca\Workspaces\hs_four_schemes_20260927\out\profiles\p11_integrable_calibrated_heun_n200_dt0.0125_L4.npz,0e72756b1168a50e818e6486886d0795989634d7aeaeeb0b665c6edfa80bdcf8,new
p11_integrable_calibrated_heun_n200_dt0.0125_L4,S2,11.0,integrable_calibrated,heun,200,0.0125,4.0,main,0.5,8001,0.00667179583037246,0.004019227123749081,6.672e-03 / 4.019e-03,C:\Users\msz\aca\Workspaces\hs_four_schemes_20260927\out\profiles\p11_integrable_calibrated_heun_n200_dt0.0125_L4.npz,0e72756b1168a50e818e6486886d0795989634d7aeaeeb0b665c6edfa80bdcf8,new
p11_integrable_calibrated_rk4_n400_dt0.003125_L4,S2,11.0,integrable_calibrated,rk4,400,0.003125,4.0,main,0.25,16001,0.00039362956227543595,0.0009335329124036673,3.936e-04 / 9.335e-04,C:\Users\msz\aca\Workspaces\hs_error_theory_20260926\out_v2\profiles\p11_integrable_calibrated_rk4_n400_dt0.003125_L4.npz,e8a6abc4f4473d059eac0823dbdee9bd39a315eefb12cf3e5c41b170f2f2796f,reused
p11_integrable_calibrated_rk4_n400_dt0.003125_L4,S2,11.0,integrable_calibrated,rk4,400,0.003125,4.0,main,0.5,16001,0.0016690594934912313,0.0010210270383136377,1.669e-03 / 1.021e-03,C:\Users\msz\aca\Workspaces\hs_error_theory_20260926\out_v2\profiles\p11_integrable_calibrated_rk4_n400_dt0.003125_L4.npz,e8a6abc4f4473d059eac0823dbdee9bd39a315eefb12cf3e5c41b170f2f2796f,reused
p11_integrable_calibrated_rk4_n200_dt0.0125_L4,S2,11.0,integrable_calibrated,rk4,200,0.0125,4.0,main,0.25,8001,0.00157193070301943,0.003703841149801712,1.572e-03 / 3.704e-03,C:\Users\msz\aca\Workspaces\hs_four_schemes_20260927\out\profiles\p11_integrable_calibrated_rk4_n200_dt0.0125_L4.npz,c7fac8e2300e427987d282043383d7dee45d1a5245847b140fdeeb867bb82e7b,new
p11_integrable_calibrated_rk4_n200_dt0.0125_L4,S2,11.0,integrable_calibrated,rk4,200,0.0125,4.0,main,0.5,8001,0.0066673510296339136,0.0040195591661993935,6.667e-03 / 4.020e-03,C:\Users\msz\aca\Workspaces\hs_four_schemes_20260927\out\profiles\p11_integrable_calibrated_rk4_n200_dt0.0125_L4.npz,c7fac8e2300e427987d282043383d7dee45d1a5245847b140fdeeb867bb82e7b,new
p11_integrable_calibrated_rk8_n400_dt0.003125_L4,S2,11.0,integrable_calibrated,rk8,400,0.003125,4.0,main,0.25,16001,0.0003936295612500562,0.0009335329123341118,3.936e-04 / 9.335e-04,C:\Users\msz\aca\Workspaces\hs_four_schemes_20260927\out\profiles\p11_integrable_calibrated_rk8_n400_dt0.003125_L4.npz,6f25f8ff4430822588ead342ef5512abd514ed9bca7a4e4c554b1130e2ca2878,new
p11_integrable_calibrated_rk8_n400_dt0.003125_L4,S2,11.0,integrable_calibrated,rk8,400,0.003125,4.0,main,0.5,16001,0.0016690594904826559,0.0010210270381432185,1.669e-03 / 1.021e-03,C:\Users\msz\aca\Workspaces\hs_four_schemes_20260927\out\profiles\p11_integrable_calibrated_rk8_n400_dt0.003125_L4.npz,6f25f8ff4430822588ead342ef5512abd514ed9bca7a4e4c554b1130e2ca2878,new
p11_integrable_calibrated_rk8_n200_dt0.0125_L4,S2,11.0,integrable_calibrated,rk8,200,0.0125,4.0,main,0.25,8001,0.001571930487045477,0.003703841133167296,1.572e-03 / 3.704e-03,C:\Users\msz\aca\Workspaces\hs_four_schemes_20260927\out\profiles\p11_integrable_calibrated_rk8_n200_dt0.0125_L4.npz,47c2d06a5c8cb278ab1c8b2a9ed38ea9efdb4b664d0968456c72934ef461233e,new
p11_integrable_calibrated_rk8_n200_dt0.0125_L4,S2,11.0,integrable_calibrated,rk8,200,0.0125,4.0,main,0.5,8001,0.006667350418875255,0.004019559117768412,6.667e-03 / 4.020e-03,C:\Users\msz\aca\Workspaces\hs_four_schemes_20260927\out\profiles\p11_integrable_calibrated_rk8_n200_dt0.0125_L4.npz,47c2d06a5c8cb278ab1c8b2a9ed38ea9efdb4b664d0968456c72934ef461233e,new
p11_difference_paper_ale_euler_n400_dt0.003125_L4,S3,11.0,difference_paper_ale,euler,400,0.003125,4.0,main,0.25,16001,0.00043722856738512283,0.0007825920742292047,4.372e-04 / 7.826e-04,C:\Users\msz\aca\Workspaces\hs_four_schemes_20260927\out\profiles\p11_difference_paper_ale_euler_n400_dt0.003125_L4.npz,1b61907fbc6eff96371640b1f2080d7a4c84ba57bed194aad1b5c124346d36d7,new
p11_difference_paper_ale_euler_n400_dt0.003125_L4,S3,11.0,difference_paper_ale,euler,400,0.003125,4.0,main,0.5,16001,0.000587944483579815,0.000902579095406475,5.879e-04 / 9.026e-04,C:\Users\msz\aca\Workspaces\hs_four_schemes_20260927\out\profiles\p11_difference_paper_ale_euler_n400_dt0.003125_L4.npz,1b61907fbc6eff96371640b1f2080d7a4c84ba57bed194aad1b5c124346d36d7,new
p11_difference_paper_ale_euler_n200_dt0.0125_L4,S3,11.0,difference_paper_ale,euler,200,0.0125,4.0,main,0.25,8001,0.0017223509664038086,0.0030732307922571866,1.722e-03 / 3.073e-03,C:\Users\msz\aca\Workspaces\hs_four_schemes_20260927\out\profiles\p11_difference_paper_ale_euler_n200_dt0.0125_L4.npz,da3d804429526829d40ec714ce117e7173ee7ac7422d144b845820e966dc9e2d,new
p11_difference_paper_ale_euler_n200_dt0.0125_L4,S3,11.0,difference_paper_ale,euler,200,0.0125,4.0,main,0.5,8001,0.0023621831807835864,0.0035623203839322826,2.362e-03 / 3.562e-03,C:\Users\msz\aca\Workspaces\hs_four_schemes_20260927\out\profiles\p11_difference_paper_ale_euler_n200_dt0.0125_L4.npz,da3d804429526829d40ec714ce117e7173ee7ac7422d144b845820e966dc9e2d,new
p11_difference_paper_ale_heun_n400_dt0.003125_L4,S3,11.0,difference_paper_ale,heun,400,0.003125,4.0,main,0.25,16001,0.00030615975472235435,0.0008017590547387266,3.062e-04 / 8.018e-04,C:\Users\msz\aca\Workspaces\hs_four_schemes_20260927\out\profiles\p11_difference_paper_ale_heun_n400_dt0.003125_L4.npz,aba5142798138b338bd36e45276afa2c28d70643d217a45c6815712acc1d8b13,new
p11_difference_paper_ale_heun_n400_dt0.003125_L4,S3,11.0,difference_paper_ale,heun,400,0.003125,4.0,main,0.5,16001,0.0005358775817284472,0.0009213123256317512,5.359e-04 / 9.213e-04,C:\Users\msz\aca\Workspaces\hs_four_schemes_20260927\out\profiles\p11_difference_paper_ale_heun_n400_dt0.003125_L4.npz,aba5142798138b338bd36e45276afa2c28d70643d217a45c6815712acc1d8b13,new
p11_difference_paper_ale_heun_n200_dt0.0125_L4,S3,11.0,difference_paper_ale,heun,200,0.0125,4.0,main,0.25,8001,0.0011922608557473,0.0031493724247294574,1.192e-03 / 3.149e-03,C:\Users\msz\aca\Workspaces\hs_four_schemes_20260927\out\profiles\p11_difference_paper_ale_heun_n200_dt0.0125_L4.npz,4754a0ea3e8b1c2253ab921cac97884dbe88880a796ea894e05d192090386f21,new
p11_difference_paper_ale_heun_n200_dt0.0125_L4,S3,11.0,difference_paper_ale,heun,200,0.0125,4.0,main,0.5,8001,0.002074796468980289,0.003657889958342486,2.075e-03 / 3.658e-03,C:\Users\msz\aca\Workspaces\hs_four_schemes_20260927\out\profiles\p11_difference_paper_ale_heun_n200_dt0.0125_L4.npz,4754a0ea3e8b1c2253ab921cac97884dbe88880a796ea894e05d192090386f21,new
p11_difference_paper_ale_rk4_n400_dt0.003125_L4,S3,11.0,difference_paper_ale,rk4,400,0.003125,4.0,main,0.25,16001,0.0003072951270790547,0.0008015744593974361,3.073e-04 / 8.016e-04,C:\Users\msz\aca\Workspaces\hs_four_schemes_20260927\out\profiles\p11_difference_paper_ale_rk4_n400_dt0.003125_L4.npz,702e04b26402726e200ee44d98c809281cd4c94355dcf6e5a59a776644cc51ce,new
p11_difference_paper_ale_rk4_n400_dt0.003125_L4,S3,11.0,difference_paper_ale,rk4,400,0.003125,4.0,main,0.5,16001,0.0005382597914280196,0.000921134726079631,5.383e-04 / 9.211e-04,C:\Users\msz\aca\Workspaces\hs_four_schemes_20260927\out\profiles\p11_difference_paper_ale_rk4_n400_dt0.003125_L4.npz,702e04b26402726e200ee44d98c809281cd4c94355dcf6e5a59a776644cc51ce,new
p11_difference_paper_ale_rk4_n200_dt0.0125_L4,S3,11.0,difference_paper_ale,rk4,200,0.0125,4.0,main,0.25,8001,0.0012089723664589977,0.003147214864458403,1.209e-03 / 3.147e-03,C:\Users\msz\aca\Workspaces\hs_four_schemes_20260927\out\profiles\p11_difference_paper_ale_rk4_n200_dt0.0125_L4.npz,886496b8bea6c0cc0160326ca6f6d1ebfff90bc883955c3177bf131ab744f4ae,new
p11_difference_paper_ale_rk4_n200_dt0.0125_L4,S3,11.0,difference_paper_ale,rk4,200,0.0125,4.0,main,0.5,8001,0.0021111368624446916,0.0036552147415174208,2.111e-03 / 3.655e-03,C:\Users\msz\aca\Workspaces\hs_four_schemes_20260927\out\profiles\p11_difference_paper_ale_rk4_n200_dt0.0125_L4.npz,886496b8bea6c0cc0160326ca6f6d1ebfff90bc883955c3177bf131ab744f4ae,new
p11_difference_paper_ale_rk8_n400_dt0.003125_L4,S3,11.0,difference_paper_ale,rk8,400,0.003125,4.0,main,0.25,16001,0.00030729511304578017,0.0008015744617163034,3.073e-04 / 8.016e-04,C:\Users\msz\aca\Workspaces\hs_four_schemes_20260927\out\profiles\p11_difference_paper_ale_rk8_n400_dt0.003125_L4.npz,da57272abcc46f50af493d11f8b7a72a5536d48ace30e038ff65e3e4dbf7b0d5,new
p11_difference_paper_ale_rk8_n400_dt0.003125_L4,S3,11.0,difference_paper_ale,rk8,400,0.003125,4.0,main,0.5,16001,0.0005382597620700175,0.0009211347282739868,5.383e-04 / 9.211e-04,C:\Users\msz\aca\Workspaces\hs_four_schemes_20260927\out\profiles\p11_difference_paper_ale_rk8_n400_dt0.003125_L4.npz,da57272abcc46f50af493d11f8b7a72a5536d48ace30e038ff65e3e4dbf7b0d5,new
p11_difference_paper_ale_rk8_n200_dt0.0125_L4,S3,11.0,difference_paper_ale,rk8,200,0.0125,4.0,main,0.25,8001,0.001208969085134251,0.0031472152960942412,1.209e-03 / 3.147e-03,C:\Users\msz\aca\Workspaces\hs_four_schemes_20260927\out\profiles\p11_difference_paper_ale_rk8_n200_dt0.0125_L4.npz,3a11ec428c0bc150986dd6f93108b74997b7b5c1fc6ac58ef6494310fb869781,new
p11_difference_paper_ale_rk8_n200_dt0.0125_L4,S3,11.0,difference_paper_ale,rk8,200,0.0125,4.0,main,0.5,8001,0.0021111297125525966,0.003655215275117807,2.111e-03 / 3.655e-03,C:\Users\msz\aca\Workspaces\hs_four_schemes_20260927\out\profiles\p11_difference_paper_ale_rk8_n200_dt0.0125_L4.npz,3a11ec428c0bc150986dd6f93108b74997b7b5c1fc6ac58ef6494310fb869781,new
p11_difference_fixed_euler_n400_dt0.003125_L4,S4,11.0,difference_fixed,euler,400,0.003125,4.0,main,0.25,16001,4.9303958824256644e-05,0.0002626366821145698,4.930e-05 / 2.626e-04,C:\Users\msz\aca\Workspaces\hs_error_theory_20260926\out_v2\profiles\p11_difference_fixed_euler_n400_dt0.003125_L4.npz,8a559e145fb2799c7d17fd1d3e0c3b7b93815f249d65c22fff2c15049e22eb8a,reused
p11_difference_fixed_euler_n400_dt0.003125_L4,S4,11.0,difference_fixed,euler,400,0.003125,4.0,main,0.5,16001,5.915161816247294e-05,0.00030346410542925195,5.915e-05 / 3.035e-04,C:\Users\msz\aca\Workspaces\hs_error_theory_20260926\out_v2\profiles\p11_difference_fixed_euler_n400_dt0.003125_L4.npz,8a559e145fb2799c7d17fd1d3e0c3b7b93815f249d65c22fff2c15049e22eb8a,reused
p11_difference_fixed_euler_n200_dt0.0125_L4,S4,11.0,difference_fixed,euler,200,0.0125,4.0,main,0.25,8001,0.00019572171739509411,0.0010354504112877194,1.957e-04 / 1.035e-03,C:\Users\msz\aca\Workspaces\hs_table_data_20260927\out\profiles\p11_difference_fixed_euler_n200_dt0.0125_L4.npz,c1d91be34f57b3e24077fb5a0918d5668dd5eebb2509203534a7a926cdd3da6b,reused
p11_difference_fixed_euler_n200_dt0.0125_L4,S4,11.0,difference_fixed,euler,200,0.0125,4.0,main,0.5,8001,0.000236356921662767,0.0012085157314946082,2.364e-04 / 1.209e-03,C:\Users\msz\aca\Workspaces\hs_table_data_20260927\out\profiles\p11_difference_fixed_euler_n200_dt0.0125_L4.npz,c1d91be34f57b3e24077fb5a0918d5668dd5eebb2509203534a7a926cdd3da6b,reused
p11_difference_fixed_heun_n400_dt0.003125_L4,S4,11.0,difference_fixed,heun,400,0.003125,4.0,main,0.25,16001,5.1588428859859065e-05,0.0002752168595664406,5.159e-05 / 2.752e-04,C:\Users\msz\aca\Workspaces\hs_table_data_20260927\out\profiles\p11_difference_fixed_heun_n400_dt0.003125_L4.npz,4dd4244681a6cfa7a7dc5b3045b35805c7429415448272000f7c60ee20843a8e,reused
p11_difference_fixed_heun_n400_dt0.003125_L4,S4,11.0,difference_fixed,heun,400,0.003125,4.0,main,0.5,16001,6.377194157602961e-05,0.0003296822698136692,6.377e-05 / 3.297e-04,C:\Users\msz\aca\Workspaces\hs_table_data_20260927\out\profiles\p11_difference_fixed_heun_n400_dt0.003125_L4.npz,4dd4244681a6cfa7a7dc5b3045b35805c7429415448272000f7c60ee20843a8e,reused
p11_difference_fixed_heun_n200_dt0.0125_L4,S4,11.0,difference_fixed,heun,200,0.0125,4.0,main,0.25,8001,0.00020430252581238317,0.00108470311513853,2.043e-04 / 1.085e-03,C:\Users\msz\aca\Workspaces\hs_table_data_20260927\out\profiles\p11_difference_fixed_heun_n200_dt0.0125_L4.npz,d1fbd374597de59445535b919e214ad2096ad82b1a1c03d7bd568a461b79ab29,reused
p11_difference_fixed_heun_n200_dt0.0125_L4,S4,11.0,difference_fixed,heun,200,0.0125,4.0,main,0.5,8001,0.0002540998751761059,0.0013137514457037813,2.541e-04 / 1.314e-03,C:\Users\msz\aca\Workspaces\hs_table_data_20260927\out\profiles\p11_difference_fixed_heun_n200_dt0.0125_L4.npz,d1fbd374597de59445535b919e214ad2096ad82b1a1c03d7bd568a461b79ab29,reused
p11_difference_fixed_rk4_n400_dt0.003125_L4,S4,11.0,difference_fixed,rk4,400,0.003125,4.0,main,0.25,16001,5.159009284744914e-05,0.0002752250990590843,5.159e-05 / 2.752e-04,C:\Users\msz\aca\Workspaces\hs_error_theory_20260926\out_v2\profiles\p11_difference_fixed_rk4_n400_dt0.003125_L4.npz,f9fa07b04b2a611d6dc24b77553604c9625db23ce71630058b57d86eac28acfe,reused
p11_difference_fixed_rk4_n400_dt0.003125_L4,S4,11.0,difference_fixed,rk4,400,0.003125,4.0,main,0.5,16001,6.377093679732493e-05,0.00032969960741680016,6.377e-05 / 3.297e-04,C:\Users\msz\aca\Workspaces\hs_error_theory_20260926\out_v2\profiles\p11_difference_fixed_rk4_n400_dt0.003125_L4.npz,f9fa07b04b2a611d6dc24b77553604c9625db23ce71630058b57d86eac28acfe,reused
p11_difference_fixed_rk4_n200_dt0.0125_L4,S4,11.0,difference_fixed,rk4,200,0.0125,4.0,main,0.25,8001,0.0002043386614293298,0.0010848340101120568,2.043e-04 / 1.085e-03,C:\Users\msz\aca\Workspaces\hs_table_data_20260927\out\profiles\p11_difference_fixed_rk4_n200_dt0.0125_L4.npz,105e296668aa2139358d84b4e5b38144f0065cb7c0b33fcd30ccab36e0b524c9,reused
p11_difference_fixed_rk4_n200_dt0.0125_L4,S4,11.0,difference_fixed,rk4,200,0.0125,4.0,main,0.5,8001,0.00025405991803281736,0.0013140177246355744,2.541e-04 / 1.314e-03,C:\Users\msz\aca\Workspaces\hs_table_data_20260927\out\profiles\p11_difference_fixed_rk4_n200_dt0.0125_L4.npz,105e296668aa2139358d84b4e5b38144f0065cb7c0b33fcd30ccab36e0b524c9,reused
p11_difference_fixed_rk8_n400_dt0.003125_L4,S4,11.0,difference_fixed,rk8,400,0.003125,4.0,main,0.25,16001,5.159009284201599e-05,0.00027522509905819614,5.159e-05 / 2.752e-04,C:\Users\msz\aca\Workspaces\hs_table_data_20260927\out\profiles\p11_difference_fixed_rk8_n400_dt0.003125_L4.npz,ba7799497df852eb5e73a22fd9c356e249f26b01bf0c4a4a8377f33369183e70,reused
p11_difference_fixed_rk8_n400_dt0.003125_L4,S4,11.0,difference_fixed,rk8,400,0.003125,4.0,main,0.5,16001,6.377093681725343e-05,0.0003296996074170222,6.377e-05 / 3.297e-04,C:\Users\msz\aca\Workspaces\hs_table_data_20260927\out\profiles\p11_difference_fixed_rk8_n400_dt0.003125_L4.npz,ba7799497df852eb5e73a22fd9c356e249f26b01bf0c4a4a8377f33369183e70,reused
p11_difference_fixed_rk8_n200_dt0.0125_L4,S4,11.0,difference_fixed,rk8,200,0.0125,4.0,main,0.25,8001,0.0002043386577281793,0.0010848340096519804,2.043e-04 / 1.085e-03,C:\Users\msz\aca\Workspaces\hs_table_data_20260927\out\profiles\p11_difference_fixed_rk8_n200_dt0.0125_L4.npz,617c0b980b2bc832c94ef33f6a1d6e1efada8253d81364334462bf90f989d135,reused
p11_difference_fixed_rk8_n200_dt0.0125_L4,S4,11.0,difference_fixed,rk8,200,0.0125,4.0,main,0.5,8001,0.00025405992714028214,0.0013140177246228069,2.541e-04 / 1.314e-03,C:\Users\msz\aca\Workspaces\hs_table_data_20260927\out\profiles\p11_difference_fixed_rk8_n200_dt0.0125_L4.npz,617c0b980b2bc832c94ef33f6a1d6e1efada8253d81364334462bf90f989d135,reused
p12_integrable_original_euler_n400_dt0.003125_L4,S1,12.0,integrable_original,euler,400,0.003125,4.0,main,0.25,16001,0.014844423665697175,0.0021691789500487557,1.484e-02 / 2.169e-03,C:\Users\msz\aca\Workspaces\hs_conserved_mesh_20260925\out\euler_comparison\profiles\p12_integrable_original_euler_n400_dt0.003125_L4.npz,5dd24254db8244d7d9b96132d8bee9b94f7cb746307a33d9e1f3813d2e6d4a0d,reused
p12_integrable_original_euler_n400_dt0.003125_L4,S1,12.0,integrable_original,euler,400,0.003125,4.0,main,0.5,16001,0.0629744984568725,0.00971428468848956,6.297e-02 / 9.714e-03,C:\Users\msz\aca\Workspaces\hs_conserved_mesh_20260925\out\euler_comparison\profiles\p12_integrable_original_euler_n400_dt0.003125_L4.npz,5dd24254db8244d7d9b96132d8bee9b94f7cb746307a33d9e1f3813d2e6d4a0d,reused
p12_integrable_original_euler_n400_dt0.0015625_L4,S1,12.0,integrable_original,euler,400,0.0015625,4.0,time_half,0.25,16001,0.014937603614642867,0.0021782658736603233,1.494e-02 / 2.178e-03,C:\Users\msz\aca\Workspaces\hs_conserved_mesh_20260925\out\euler_comparison\profiles\p12_integrable_original_euler_n400_dt0.0015625_L4.npz,76f343372d69939c65cffef721b953237306463c534849977dfa54139c91c100,reused
p12_integrable_original_euler_n400_dt0.0015625_L4,S1,12.0,integrable_original,euler,400,0.0015625,4.0,time_half,0.5,16001,0.0633805457176411,0.009757623678816163,6.338e-02 / 9.758e-03,C:\Users\msz\aca\Workspaces\hs_conserved_mesh_20260925\out\euler_comparison\profiles\p12_integrable_original_euler_n400_dt0.0015625_L4.npz,76f343372d69939c65cffef721b953237306463c534849977dfa54139c91c100,reused
p12_integrable_original_euler_n200_dt0.0125_L4,S1,12.0,integrable_original,euler,200,0.0125,4.0,main,0.25,8001,0.029412626923112927,0.00617205097783613,2.941e-02 / 6.172e-03,C:\Users\msz\aca\Workspaces\hs_conserved_mesh_20260925\out\parameter_calibration\profiles\p12_integrable_original_euler_n200_dt0.0125_L4.npz,27f5bf41ae7c281975a07f2ba7fbb4e307e2babac3f5e6e0a1959444a88e5885,reused
p12_integrable_original_euler_n200_dt0.0125_L4,S1,12.0,integrable_original,euler,200,0.0125,4.0,main,0.5,8001,0.1248170461284159,0.019071248719533473,1.248e-01 / 1.907e-02,C:\Users\msz\aca\Workspaces\hs_conserved_mesh_20260925\out\parameter_calibration\profiles\p12_integrable_original_euler_n200_dt0.0125_L4.npz,27f5bf41ae7c281975a07f2ba7fbb4e307e2babac3f5e6e0a1959444a88e5885,reused
p12_integrable_original_euler_n200_dt0.00625_L4,S1,12.0,integrable_original,euler,200,0.00625,4.0,time_half,0.25,8001,0.030168669871698847,0.006256182154080636,3.017e-02 / 6.256e-03,C:\Users\msz\aca\Workspaces\hs_conserved_mesh_20260925\out\parameter_calibration\profiles\p12_integrable_original_euler_n200_dt0.00625_L4.npz,204ce8ba82727fbb00c0852b72b9d37e1d7ec1c18ec984c6bd3b82bbf87d2f7d,reused
p12_integrable_original_euler_n200_dt0.00625_L4,S1,12.0,integrable_original,euler,200,0.00625,4.0,time_half,0.5,8001,0.12817367623280385,0.019559590552543082,1.282e-01 / 1.956e-02,C:\Users\msz\aca\Workspaces\hs_conserved_mesh_20260925\out\parameter_calibration\profiles\p12_integrable_original_euler_n200_dt0.00625_L4.npz,204ce8ba82727fbb00c0852b72b9d37e1d7ec1c18ec984c6bd3b82bbf87d2f7d,reused
p12_integrable_original_heun_n400_dt0.003125_L4,S1,12.0,integrable_original,heun,400,0.003125,4.0,main,0.25,16001,0.015030984869426727,0.0021873637076853525,1.503e-02 / 2.187e-03,C:\Users\msz\aca\Workspaces\hs_four_schemes_20260927\out\profiles\p12_integrable_original_heun_n400_dt0.003125_L4.npz,08108a2faed9f2a1c3905150694c8fff1e6be489902993232e123becea70026d,new
p12_integrable_original_heun_n400_dt0.003125_L4,S1,12.0,integrable_original,heun,400,0.003125,4.0,main,0.5,16001,0.06378782446148487,0.00980107638288974,6.379e-02 / 9.801e-03,C:\Users\msz\aca\Workspaces\hs_four_schemes_20260927\out\profiles\p12_integrable_original_heun_n400_dt0.003125_L4.npz,08108a2faed9f2a1c3905150694c8fff1e6be489902993232e123becea70026d,new
p12_integrable_original_heun_n400_dt0.0015625_L4,S1,12.0,integrable_original,heun,400,0.0015625,4.0,time_half,0.25,16001,0.015031387484314035,0.0021874176073977125,1.503e-02 / 2.187e-03,C:\Users\msz\aca\Workspaces\hs_four_schemes_20260927\out\profiles\p12_integrable_original_heun_n400_dt0.0015625_L4.npz,b22ac0b09c6ff69afc04a40fafc413c2bfe69d6c3014ebd2b0521718f188cfde,new
p12_integrable_original_heun_n400_dt0.0015625_L4,S1,12.0,integrable_original,heun,400,0.0015625,4.0,time_half,0.5,16001,0.0637893805906035,0.009801288657165452,6.379e-02 / 9.801e-03,C:\Users\msz\aca\Workspaces\hs_four_schemes_20260927\out\profiles\p12_integrable_original_heun_n400_dt0.0015625_L4.npz,b22ac0b09c6ff69afc04a40fafc413c2bfe69d6c3014ebd2b0521718f188cfde,new
p12_integrable_original_heun_n200_dt0.0125_L4,S1,12.0,integrable_original,heun,200,0.0125,4.0,main,0.25,8001,0.030930590223425453,0.006340697270986073,3.093e-02 / 6.341e-03,C:\Users\msz\aca\Workspaces\hs_conserved_mesh_20260925\out\parameter_calibration\profiles\p12_integrable_original_heun_n200_dt0.0125_L4.npz,cfb7b765edf1d9586d4e5c439ff0054295cbcba9653ab5f2c393f160d191b168,reused
p12_integrable_original_heun_n200_dt0.0125_L4,S1,12.0,integrable_original,heun,200,0.0125,4.0,main,0.5,8001,0.1315706178025015,0.020064324290150926,1.316e-01 / 2.006e-02,C:\Users\msz\aca\Workspaces\hs_conserved_mesh_20260925\out\parameter_calibration\profiles\p12_integrable_original_heun_n200_dt0.0125_L4.npz,cfb7b765edf1d9586d4e5c439ff0054295cbcba9653ab5f2c393f160d191b168,reused
p12_integrable_original_heun_n200_dt0.00625_L4,S1,12.0,integrable_original,heun,200,0.00625,4.0,time_half,0.25,8001,0.030945296011506244,0.006342359145275811,3.095e-02 / 6.342e-03,C:\Users\msz\aca\Workspaces\hs_conserved_mesh_20260925\out\parameter_calibration\profiles\p12_integrable_original_heun_n200_dt0.00625_L4.npz,3de0976f61434cb700dccfef64fa442e3c7aa6204e58b4754b40dc3fa1cdadaf,reused
p12_integrable_original_heun_n200_dt0.00625_L4,S1,12.0,integrable_original,heun,200,0.00625,4.0,time_half,0.5,8001,0.13162848098543373,0.020072750061762457,1.316e-01 / 2.007e-02,C:\Users\msz\aca\Workspaces\hs_conserved_mesh_20260925\out\parameter_calibration\profiles\p12_integrable_original_heun_n200_dt0.00625_L4.npz,3de0976f61434cb700dccfef64fa442e3c7aa6204e58b4754b40dc3fa1cdadaf,reused
p12_integrable_original_rk4_n400_dt0.003125_L4,S1,12.0,integrable_original,rk4,400,0.003125,4.0,main,0.25,16001,0.01503152220918561,0.0021874355987110405,1.503e-02 / 2.187e-03,C:\Users\msz\aca\Workspaces\hs_conserved_mesh_20260925\out\parameter_calibration\profiles\p12_integrable_original_rk4_n400_dt0.003125_L4.npz,f9d062123a026d64207a3de0275c8283f9cb78e9b82b8183cac836bb38b50db7,reused
p12_integrable_original_rk4_n400_dt0.003125_L4,S1,12.0,integrable_original,rk4,400,0.003125,4.0,main,0.5,16001,0.06378990128865537,0.009801359584435176,6.379e-02 / 9.801e-03,C:\Users\msz\aca\Workspaces\hs_conserved_mesh_20260925\out\parameter_calibration\profiles\p12_integrable_original_rk4_n400_dt0.003125_L4.npz,f9d062123a026d64207a3de0275c8283f9cb78e9b82b8183cac836bb38b50db7,reused
p12_integrable_original_rk4_n400_dt0.0015625_L4,S1,12.0,integrable_original,rk4,400,0.0015625,4.0,time_half,0.25,16001,0.015031522210154946,0.002187435598679066,1.503e-02 / 2.187e-03,C:\Users\msz\aca\Workspaces\hs_four_schemes_20260927\out\profiles\p12_integrable_original_rk4_n400_dt0.0015625_L4.npz,e886bfefbad37600229a6a6e96c396fb029a1507fcfb4206544b4c2a5141d856,new
p12_integrable_original_rk4_n400_dt0.0015625_L4,S1,12.0,integrable_original,rk4,400,0.0015625,4.0,time_half,0.5,16001,0.06378990129268212,0.009801359584473812,6.379e-02 / 9.801e-03,C:\Users\msz\aca\Workspaces\hs_four_schemes_20260927\out\profiles\p12_integrable_original_rk4_n400_dt0.0015625_L4.npz,e886bfefbad37600229a6a6e96c396fb029a1507fcfb4206544b4c2a5141d856,new
p12_integrable_original_rk4_n200_dt0.0125_L4,S1,12.0,integrable_original,rk4,200,0.0125,4.0,main,0.25,8001,0.03095027782370428,0.006342917541369175,3.095e-02 / 6.343e-03,C:\Users\msz\aca\Workspaces\hs_conserved_mesh_20260925\out\parameter_calibration\profiles\p12_integrable_original_rk4_n200_dt0.0125_L4.npz,139f7c7dc8d5e198e0923efb5f1b3dc741c0bcaf49d19f7d88bb02fa94e50cc6,reused
p12_integrable_original_rk4_n200_dt0.0125_L4,S1,12.0,integrable_original,rk4,200,0.0125,4.0,main,0.5,8001,0.13164807013891294,0.020075589404863314,1.316e-01 / 2.008e-02,C:\Users\msz\aca\Workspaces\hs_conserved_mesh_20260925\out\parameter_calibration\profiles\p12_integrable_original_rk4_n200_dt0.0125_L4.npz,139f7c7dc8d5e198e0923efb5f1b3dc741c0bcaf49d19f7d88bb02fa94e50cc6,reused
p12_integrable_original_rk4_n200_dt0.00625_L4,S1,12.0,integrable_original,rk4,200,0.00625,4.0,time_half,0.25,8001,0.0309502786063607,0.006342917552640048,3.095e-02 / 6.343e-03,C:\Users\msz\aca\Workspaces\hs_conserved_mesh_20260925\out\parameter_calibration\profiles\p12_integrable_original_rk4_n200_dt0.00625_L4.npz,e0cd5c61d14acd400dd16c92195355de526bddd021f2b81dc3c16bc68d1835cc,reused
p12_integrable_original_rk4_n200_dt0.00625_L4,S1,12.0,integrable_original,rk4,200,0.00625,4.0,time_half,0.5,8001,0.131648073126323,0.02007558956251454,1.316e-01 / 2.008e-02,C:\Users\msz\aca\Workspaces\hs_conserved_mesh_20260925\out\parameter_calibration\profiles\p12_integrable_original_rk4_n200_dt0.00625_L4.npz,e0cd5c61d14acd400dd16c92195355de526bddd021f2b81dc3c16bc68d1835cc,reused
p12_integrable_original_rk8_n400_dt0.003125_L4,S1,12.0,integrable_original,rk8,400,0.003125,4.0,main,0.25,16001,0.015031522210219764,0.002187435598677401,1.503e-02 / 2.187e-03,C:\Users\msz\aca\Workspaces\hs_four_schemes_20260927\out\profiles\p12_integrable_original_rk8_n400_dt0.003125_L4.npz,39ab562f1405d5a2275d88e3e47a6ac247cdc0806f383c7981ca1e7c697de432,new
p12_integrable_original_rk8_n400_dt0.003125_L4,S1,12.0,integrable_original,rk8,400,0.003125,4.0,main,0.5,16001,0.06378990129295256,0.009801359584472369,6.379e-02 / 9.801e-03,C:\Users\msz\aca\Workspaces\hs_four_schemes_20260927\out\profiles\p12_integrable_original_rk8_n400_dt0.003125_L4.npz,39ab562f1405d5a2275d88e3e47a6ac247cdc0806f383c7981ca1e7c697de432,new
p12_integrable_original_rk8_n400_dt0.0015625_L4,S1,12.0,integrable_original,rk8,400,0.0015625,4.0,time_half,0.25,16001,0.015031522210219861,0.0021874355986784,1.503e-02 / 2.187e-03,C:\Users\msz\aca\Workspaces\hs_four_schemes_20260927\out\profiles\p12_integrable_original_rk8_n400_dt0.0015625_L4.npz,0458ed137280cb35cccea8ef6b6734c4281746738d7d14ce42af6fa69629e560,new
p12_integrable_original_rk8_n400_dt0.0015625_L4,S1,12.0,integrable_original,rk8,400,0.0015625,4.0,time_half,0.5,16001,0.06378990129295163,0.009801359584473701,6.379e-02 / 9.801e-03,C:\Users\msz\aca\Workspaces\hs_four_schemes_20260927\out\profiles\p12_integrable_original_rk8_n400_dt0.0015625_L4.npz,0458ed137280cb35cccea8ef6b6734c4281746738d7d14ce42af6fa69629e560,new
p12_integrable_original_rk8_n200_dt0.0125_L4,S1,12.0,integrable_original,rk8,200,0.0125,4.0,main,0.25,8001,0.03095027865924632,0.006342917553399219,3.095e-02 / 6.343e-03,C:\Users\msz\aca\Workspaces\hs_conserved_mesh_20260925\out\parameter_calibration\profiles\p12_integrable_original_rk8_n200_dt0.0125_L4.npz,22e04b54106e975be84b2400f6310dc82ff9b2d892d4a0cb387fe1986940efea,reused
p12_integrable_original_rk8_n200_dt0.0125_L4,S1,12.0,integrable_original,rk8,200,0.0125,4.0,main,0.5,8001,0.1316480733281067,0.020075589573129937,1.316e-01 / 2.008e-02,C:\Users\msz\aca\Workspaces\hs_conserved_mesh_20260925\out\parameter_calibration\profiles\p12_integrable_original_rk8_n200_dt0.0125_L4.npz,22e04b54106e975be84b2400f6310dc82ff9b2d892d4a0cb387fe1986940efea,reused
p12_integrable_original_rk8_n200_dt0.00625_L4,S1,12.0,integrable_original,rk8,200,0.00625,4.0,time_half,0.25,8001,0.0309502786592462,0.006342917553399219,3.095e-02 / 6.343e-03,C:\Users\msz\aca\Workspaces\hs_conserved_mesh_20260925\out\parameter_calibration\profiles\p12_integrable_original_rk8_n200_dt0.00625_L4.npz,bfddb6bf11fe7671e5725fb7cc79ea6cfa37b0df03876deac724aad4297c2b82,reused
p12_integrable_original_rk8_n200_dt0.00625_L4,S1,12.0,integrable_original,rk8,200,0.00625,4.0,time_half,0.5,8001,0.13164807332810516,0.020075589573129937,1.316e-01 / 2.008e-02,C:\Users\msz\aca\Workspaces\hs_conserved_mesh_20260925\out\parameter_calibration\profiles\p12_integrable_original_rk8_n200_dt0.00625_L4.npz,bfddb6bf11fe7671e5725fb7cc79ea6cfa37b0df03876deac724aad4297c2b82,reused
p12_integrable_calibrated_euler_n400_dt0.003125_L4,S2,12.0,integrable_calibrated,euler,400,0.003125,4.0,main,0.25,16001,0.0004446775355953161,0.001157418797604448,4.447e-04 / 1.157e-03,C:\Users\msz\aca\Workspaces\hs_conserved_mesh_20260925\out\euler_comparison\profiles\p12_integrable_calibrated_euler_n400_dt0.003125_L4.npz,946ce847bdfa973625a3957f8b492cc005bec0e34216c744fdbef8f1cc33fa04,reused
p12_integrable_calibrated_euler_n400_dt0.003125_L4,S2,12.0,integrable_calibrated,euler,400,0.003125,4.0,main,0.5,16001,0.001907044121495411,0.0012636994219115127,1.907e-03 / 1.264e-03,C:\Users\msz\aca\Workspaces\hs_conserved_mesh_20260925\out\euler_comparison\profiles\p12_integrable_calibrated_euler_n400_dt0.003125_L4.npz,946ce847bdfa973625a3957f8b492cc005bec0e34216c744fdbef8f1cc33fa04,reused
p12_integrable_calibrated_euler_n400_dt0.0015625_L4,S2,12.0,integrable_calibrated,euler,400,0.0015625,4.0,time_half,0.25,16001,0.00044329609302860677,0.0011610314247313402,4.433e-04 / 1.161e-03,C:\Users\msz\aca\Workspaces\hs_conserved_mesh_20260925\out\euler_comparison\profiles\p12_integrable_calibrated_euler_n400_dt0.0015625_L4.npz,d23d10244d9a25d9e66d99e00e31eb7c857325a9a321b927c4b4a81fbb8341b4,reused
p12_integrable_calibrated_euler_n400_dt0.0015625_L4,S2,12.0,integrable_calibrated,euler,400,0.0015625,4.0,time_half,0.5,16001,0.0018894396951757934,0.0012691307897800819,1.889e-03 / 1.269e-03,C:\Users\msz\aca\Workspaces\hs_conserved_mesh_20260925\out\euler_comparison\profiles\p12_integrable_calibrated_euler_n400_dt0.0015625_L4.npz,d23d10244d9a25d9e66d99e00e31eb7c857325a9a321b927c4b4a81fbb8341b4,reused
p12_integrable_calibrated_euler_n200_dt0.0125_L4,S2,12.0,integrable_calibrated,euler,200,0.0125,4.0,main,0.25,8001,0.0017057627894231807,0.00458203904558413,1.706e-03 / 4.582e-03,C:\Users\msz\aca\Workspaces\hs_conserved_mesh_20260925\out\parameter_calibration\profiles\p12_integrable_calibrated_euler_n200_dt0.0125_L4.npz,d2318c0606798f9cf9c56cc12697416039ceeb3859bd489f68a0465decc257c5,reused
p12_integrable_calibrated_euler_n200_dt0.0125_L4,S2,12.0,integrable_calibrated,euler,200,0.0125,4.0,main,0.5,8001,0.007302999007387158,0.004911062611403616,7.303e-03 / 4.911e-03,C:\Users\msz\aca\Workspaces\hs_conserved_mesh_20260925\out\parameter_calibration\profiles\p12_integrable_calibrated_euler_n200_dt0.0125_L4.npz,d2318c0606798f9cf9c56cc12697416039ceeb3859bd489f68a0465decc257c5,reused
p12_integrable_calibrated_euler_n200_dt0.00625_L4,S2,12.0,integrable_calibrated,euler,200,0.00625,4.0,time_half,0.25,8001,0.0017349106711789092,0.004598334889941658,1.735e-03 / 4.598e-03,C:\Users\msz\aca\Workspaces\hs_conserved_mesh_20260925\out\parameter_calibration\profiles\p12_integrable_calibrated_euler_n200_dt0.00625_L4.npz,f725615dd26a1370df36553ce3188403a64002205774c8a000d48eb9fdd7ad31,reused
p12_integrable_calibrated_euler_n200_dt0.00625_L4,S2,12.0,integrable_calibrated,euler,200,0.00625,4.0,time_half,0.5,8001,0.0073895907883781975,0.004920919955097691,7.390e-03 / 4.921e-03,C:\Users\msz\aca\Workspaces\hs_conserved_mesh_20260925\out\parameter_calibration\profiles\p12_integrable_calibrated_euler_n200_dt0.00625_L4.npz,f725615dd26a1370df36553ce3188403a64002205774c8a000d48eb9fdd7ad31,reused
p12_integrable_calibrated_heun_n400_dt0.003125_L4,S2,12.0,integrable_calibrated,heun,400,0.003125,4.0,main,0.25,16001,0.00044193615898183803,0.0011646442042805294,4.419e-04 / 1.165e-03,C:\Users\msz\aca\Workspaces\hs_four_schemes_20260927\out\profiles\p12_integrable_calibrated_heun_n400_dt0.003125_L4.npz,3c2625a2fe82588719269781f940cac29208b274b2b008aefe7584f3f69b1a2c,new
p12_integrable_calibrated_heun_n400_dt0.003125_L4,S2,12.0,integrable_calibrated,heun,400,0.003125,4.0,main,0.5,16001,0.0018717675804735638,0.001274556849949593,1.872e-03 / 1.275e-03,C:\Users\msz\aca\Workspaces\hs_four_schemes_20260927\out\profiles\p12_integrable_calibrated_heun_n400_dt0.003125_L4.npz,3c2625a2fe82588719269781f940cac29208b274b2b008aefe7584f3f69b1a2c,new
p12_integrable_calibrated_heun_n400_dt0.0015625_L4,S2,12.0,integrable_calibrated,heun,400,0.0015625,4.0,time_half,0.25,16001,0.0004418445146220528,0.001164659975000537,4.418e-04 / 1.165e-03,C:\Users\msz\aca\Workspaces\hs_four_schemes_20260927\out\profiles\p12_integrable_calibrated_heun_n400_dt0.0015625_L4.npz,bfae4e83ca0f2336fea2ae81b8c454ad34e8cd487ec96dc91a2aab77687874c1,new
p12_integrable_calibrated_heun_n400_dt0.0015625_L4,S2,12.0,integrable_calibrated,heun,400,0.0015625,4.0,time_half,0.5,16001,0.0018713760236523007,0.0012745657154140666,1.871e-03 / 1.275e-03,C:\Users\msz\aca\Workspaces\hs_four_schemes_20260927\out\profiles\p12_integrable_calibrated_heun_n400_dt0.0015625_L4.npz,bfae4e83ca0f2336fea2ae81b8c454ad34e8cd487ec96dc91a2aab77687874c1,new
p12_integrable_calibrated_heun_n200_dt0.0125_L4,S2,12.0,integrable_calibrated,heun,200,0.0125,4.0,main,0.25,8001,0.001764691429362862,0.004614642753628939,1.765e-03 / 4.615e-03,C:\Users\msz\aca\Workspaces\hs_conserved_mesh_20260925\out\parameter_calibration\profiles\p12_integrable_calibrated_heun_n200_dt0.0125_L4.npz,9d155736c566312171947abd6fabb348074339c9ae3e90abb669e5ec1b38e3ed,reused
p12_integrable_calibrated_heun_n200_dt0.0125_L4,S2,12.0,integrable_calibrated,heun,200,0.0125,4.0,main,0.5,8001,0.007477209195746929,0.004971372441528399,7.477e-03 / 4.971e-03,C:\Users\msz\aca\Workspaces\hs_conserved_mesh_20260925\out\parameter_calibration\profiles\p12_integrable_calibrated_heun_n200_dt0.0125_L4.npz,9d155736c566312171947abd6fabb348074339c9ae3e90abb669e5ec1b38e3ed,reused
p12_integrable_calibrated_heun_n200_dt0.00625_L4,S2,12.0,integrable_calibrated,heun,200,0.00625,4.0,time_half,0.25,8001,0.001763972596258608,0.004614928453120226,1.764e-03 / 4.615e-03,C:\Users\msz\aca\Workspaces\hs_conserved_mesh_20260925\out\parameter_calibration\profiles\p12_integrable_calibrated_heun_n200_dt0.00625_L4.npz,a2eb4c9b70dcf4683ac8ec948f2031835ccca8feae8e090bd45da3280021403b,reused
p12_integrable_calibrated_heun_n200_dt0.00625_L4,S2,12.0,integrable_calibrated,heun,200,0.00625,4.0,time_half,0.5,8001,0.007473851771118665,0.00497176301457658,7.474e-03 / 4.972e-03,C:\Users\msz\aca\Workspaces\hs_conserved_mesh_20260925\out\parameter_calibration\profiles\p12_integrable_calibrated_heun_n200_dt0.00625_L4.npz,a2eb4c9b70dcf4683ac8ec948f2031835ccca8feae8e090bd45da3280021403b,reused
p12_integrable_calibrated_rk4_n400_dt0.003125_L4,S2,12.0,integrable_calibrated,rk4,400,0.003125,4.0,main,0.25,16001,0.0004418137863088605,0.0011646652211038666,4.418e-04 / 1.165e-03,C:\Users\msz\aca\Workspaces\hs_conserved_mesh_20260925\out\parameter_calibration\profiles\p12_integrable_calibrated_rk4_n400_dt0.003125_L4.npz,6b54804bf86839c41c36774fa4bd5f329e70b38b918f406a30789e8b0b82a117,reused
p12_integrable_calibrated_rk4_n400_dt0.003125_L4,S2,12.0,integrable_calibrated,rk4,400,0.003125,4.0,main,0.5,16001,0.0018712449244419622,0.0012745686327698125,1.871e-03 / 1.275e-03,C:\Users\msz\aca\Workspaces\hs_conserved_mesh_20260925\out\parameter_calibration\profiles\p12_integrable_calibrated_rk4_n400_dt0.003125_L4.npz,6b54804bf86839c41c36774fa4bd5f329e70b38b918f406a30789e8b0b82a117,reused
p12_integrable_calibrated_rk4_n400_dt0.0015625_L4,S2,12.0,integrable_calibrated,rk4,400,0.0015625,4.0,time_half,0.25,16001,0.0004418137852934627,0.0011646652210287045,4.418e-04 / 1.165e-03,C:\Users\msz\aca\Workspaces\hs_four_schemes_20260927\out\profiles\p12_integrable_calibrated_rk4_n400_dt0.0015625_L4.npz,491c770dd31fdaf0fd0e5a4673a83793e8484d8e708d6455b75ee6de3ecfddf1,new
p12_integrable_calibrated_rk4_n400_dt0.0015625_L4,S2,12.0,integrable_calibrated,rk4,400,0.0015625,4.0,time_half,0.5,16001,0.001871244921468192,0.001274568632583295,1.871e-03 / 1.275e-03,C:\Users\msz\aca\Workspaces\hs_four_schemes_20260927\out\profiles\p12_integrable_calibrated_rk4_n400_dt0.0015625_L4.npz,491c770dd31fdaf0fd0e5a4673a83793e8484d8e708d6455b75ee6de3ecfddf1,new
p12_integrable_calibrated_rk4_n200_dt0.0125_L4,S2,12.0,integrable_calibrated,rk4,200,0.0125,4.0,main,0.25,8001,0.0017637256493961656,0.004615023134038165,1.764e-03 / 4.615e-03,C:\Users\msz\aca\Workspaces\hs_conserved_mesh_20260925\out\parameter_calibration\profiles\p12_integrable_calibrated_rk4_n200_dt0.0125_L4.npz,ba4b158c0637f2cc0250e1c1836cca9a49620e8325cd6a0cf5382eab372efbfc,reused
p12_integrable_calibrated_rk4_n200_dt0.0125_L4,S2,12.0,integrable_calibrated,rk4,200,0.0125,4.0,main,0.5,8001,0.007472710384738013,0.004971891586385391,7.473e-03 / 4.972e-03,C:\Users\msz\aca\Workspaces\hs_conserved_mesh_20260925\out\parameter_calibration\profiles\p12_integrable_calibrated_rk4_n200_dt0.0125_L4.npz,ba4b158c0637f2cc0250e1c1836cca9a49620e8325cd6a0cf5382eab372efbfc,reused
p12_integrable_calibrated_rk4_n200_dt0.00625_L4,S2,12.0,integrable_calibrated,rk4,200,0.00625,4.0,time_half,0.25,8001,0.001763725437666615,0.004615023116285366,1.764e-03 / 4.615e-03,C:\Users\msz\aca\Workspaces\hs_conserved_mesh_20260925\out\parameter_calibration\profiles\p12_integrable_calibrated_rk4_n200_dt0.00625_L4.npz,ece990bbce712580dfa8f69e6f9085f7bfc5aa99174a2a6dff694d1b6ac64217,reused
p12_integrable_calibrated_rk4_n200_dt0.00625_L4,S2,12.0,integrable_calibrated,rk4,200,0.00625,4.0,time_half,0.5,8001,0.007472709788717012,0.0049718915487974025,7.473e-03 / 4.972e-03,C:\Users\msz\aca\Workspaces\hs_conserved_mesh_20260925\out\parameter_calibration\profiles\p12_integrable_calibrated_rk4_n200_dt0.00625_L4.npz,ece990bbce712580dfa8f69e6f9085f7bfc5aa99174a2a6dff694d1b6ac64217,reused
p12_integrable_calibrated_rk8_n400_dt0.003125_L4,S2,12.0,integrable_calibrated,rk8,400,0.003125,4.0,main,0.25,16001,0.0004418137852256018,0.0011646652210252628,4.418e-04 / 1.165e-03,C:\Users\msz\aca\Workspaces\hs_four_schemes_20260927\out\profiles\p12_integrable_calibrated_rk8_n400_dt0.003125_L4.npz,4dd2901a7de1413adbc4ca84b5ea3f24e6599d43e8f77156c5186e3ee6a1e8d0,new
p12_integrable_calibrated_rk8_n400_dt0.003125_L4,S2,12.0,integrable_calibrated,rk8,400,0.003125,4.0,main,0.5,16001,0.0018712449212710412,0.0012745686325726369,1.871e-03 / 1.275e-03,C:\Users\msz\aca\Workspaces\hs_four_schemes_20260927\out\profiles\p12_integrable_calibrated_rk8_n400_dt0.003125_L4.npz,4dd2901a7de1413adbc4ca84b5ea3f24e6599d43e8f77156c5186e3ee6a1e8d0,new
p12_integrable_calibrated_rk8_n400_dt0.0015625_L4,S2,12.0,integrable_calibrated,rk8,400,0.0015625,4.0,time_half,0.25,16001,0.0004418137852254906,0.0011646652210244302,4.418e-04 / 1.165e-03,C:\Users\msz\aca\Workspaces\hs_four_schemes_20260927\out\profiles\p12_integrable_calibrated_rk8_n400_dt0.0015625_L4.npz,682499ce1f19abf8b0c9b91dee1587466422ae02cb0a8521407e4131cb5042d8,new
p12_integrable_calibrated_rk8_n400_dt0.0015625_L4,S2,12.0,integrable_calibrated,rk8,400,0.0015625,4.0,time_half,0.5,16001,0.0018712449212692557,0.0012745686325698613,1.871e-03 / 1.275e-03,C:\Users\msz\aca\Workspaces\hs_four_schemes_20260927\out\profiles\p12_integrable_calibrated_rk8_n400_dt0.0015625_L4.npz,682499ce1f19abf8b0c9b91dee1587466422ae02cb0a8521407e4131cb5042d8,new
p12_integrable_calibrated_rk8_n200_dt0.0125_L4,S2,12.0,integrable_calibrated,rk8,200,0.0125,4.0,main,0.25,8001,0.0017637254234468282,0.004615023115095096,1.764e-03 / 4.615e-03,C:\Users\msz\aca\Workspaces\hs_conserved_mesh_20260925\out\parameter_calibration\profiles\p12_integrable_calibrated_rk8_n200_dt0.0125_L4.npz,bf73fe826a73a7af607840e4ccb5f010fdef1b9a04abf7d01afbe12b0bb9335f,reused
p12_integrable_calibrated_rk8_n200_dt0.0125_L4,S2,12.0,integrable_calibrated,rk8,200,0.0125,4.0,main,0.5,8001,0.0074727097487307164,0.0049718915462836355,7.473e-03 / 4.972e-03,C:\Users\msz\aca\Workspaces\hs_conserved_mesh_20260925\out\parameter_calibration\profiles\p12_integrable_calibrated_rk8_n200_dt0.0125_L4.npz,bf73fe826a73a7af607840e4ccb5f010fdef1b9a04abf7d01afbe12b0bb9335f,reused
p12_integrable_calibrated_rk8_n200_dt0.00625_L4,S2,12.0,integrable_calibrated,rk8,200,0.00625,4.0,time_half,0.25,8001,0.0017637254234466096,0.004615023115094985,1.764e-03 / 4.615e-03,C:\Users\msz\aca\Workspaces\hs_conserved_mesh_20260925\out\parameter_calibration\profiles\p12_integrable_calibrated_rk8_n200_dt0.00625_L4.npz,78d043d11f3c17273f5c1c768bce3d06136c17994f207daf18789b1529785856,reused
p12_integrable_calibrated_rk8_n200_dt0.00625_L4,S2,12.0,integrable_calibrated,rk8,200,0.00625,4.0,time_half,0.5,8001,0.007472709748728569,0.0049718915462834135,7.473e-03 / 4.972e-03,C:\Users\msz\aca\Workspaces\hs_conserved_mesh_20260925\out\parameter_calibration\profiles\p12_integrable_calibrated_rk8_n200_dt0.00625_L4.npz,78d043d11f3c17273f5c1c768bce3d06136c17994f207daf18789b1529785856,reused
p12_difference_paper_ale_euler_n400_dt0.003125_L4,S3,12.0,difference_paper_ale,euler,400,0.003125,4.0,main,0.25,16001,0.0005509062062829528,0.0009818238109332578,5.509e-04 / 9.818e-04,C:\Users\msz\aca\Workspaces\hs_four_schemes_20260927\out\profiles\p12_difference_paper_ale_euler_n400_dt0.003125_L4.npz,9ca7f7fc0270096997f94f9e6642fb3410cbd5d99643ed27dd6992dd1438e50b,new
p12_difference_paper_ale_euler_n400_dt0.003125_L4,S3,12.0,difference_paper_ale,euler,400,0.003125,4.0,main,0.5,16001,0.0007680637894331155,0.001133771259384131,7.681e-04 / 1.134e-03,C:\Users\msz\aca\Workspaces\hs_four_schemes_20260927\out\profiles\p12_difference_paper_ale_euler_n400_dt0.003125_L4.npz,9ca7f7fc0270096997f94f9e6642fb3410cbd5d99643ed27dd6992dd1438e50b,new
p12_difference_paper_ale_euler_n400_dt0.0015625_L4,S3,12.0,difference_paper_ale,euler,400,0.0015625,4.0,time_half,0.25,16001,0.0004740264952149964,0.00099177829815289,4.740e-04 / 9.918e-04,C:\Users\msz\aca\Workspaces\hs_four_schemes_20260927\out\profiles\p12_difference_paper_ale_euler_n400_dt0.0015625_L4.npz,bb6b80c5b16b4de1aa1f74ef1ac4fe7e1ef16f2a4c652a07b902ca33ed06f806,new
p12_difference_paper_ale_euler_n400_dt0.0015625_L4,S3,12.0,difference_paper_ale,euler,400,0.0015625,4.0,time_half,0.5,16001,0.0007361426618482242,0.001134625493993957,7.361e-04 / 1.135e-03,C:\Users\msz\aca\Workspaces\hs_four_schemes_20260927\out\profiles\p12_difference_paper_ale_euler_n400_dt0.0015625_L4.npz,bb6b80c5b16b4de1aa1f74ef1ac4fe7e1ef16f2a4c652a07b902ca33ed06f806,new
p12_difference_paper_ale_euler_n200_dt0.0125_L4,S3,12.0,difference_paper_ale,euler,200,0.0125,4.0,main,0.25,8001,0.0021736062534803285,0.003853709655678772,2.174e-03 / 3.854e-03,C:\Users\msz\aca\Workspaces\hs_four_schemes_20260927\out\profiles\p12_difference_paper_ale_euler_n200_dt0.0125_L4.npz,2fe44f7ab1d38eecac6fff17b88a892b037251c530a1a36763dfd6203b0673e7,new
p12_difference_paper_ale_euler_n200_dt0.0125_L4,S3,12.0,difference_paper_ale,euler,200,0.0125,4.0,main,0.5,8001,0.0030810227760008635,0.00449880850300155,3.081e-03 / 4.499e-03,C:\Users\msz\aca\Workspaces\hs_four_schemes_20260927\out\profiles\p12_difference_paper_ale_euler_n200_dt0.0125_L4.npz,2fe44f7ab1d38eecac6fff17b88a892b037251c530a1a36763dfd6203b0673e7,new
p12_difference_paper_ale_euler_n200_dt0.00625_L4,S3,12.0,difference_paper_ale,euler,200,0.00625,4.0,time_half,0.25,8001,0.0018599608082393998,0.0038974149262669955,1.860e-03 / 3.897e-03,C:\Users\msz\aca\Workspaces\hs_four_schemes_20260927\out\profiles\p12_difference_paper_ale_euler_n200_dt0.00625_L4.npz,bb9586c6334f8fdccc667b782702915a067ef070763d50991fab97d34e0f506b,new
p12_difference_paper_ale_euler_n200_dt0.00625_L4,S3,12.0,difference_paper_ale,euler,200,0.00625,4.0,time_half,0.5,8001,0.002913701927795019,0.004517167064475025,2.914e-03 / 4.517e-03,C:\Users\msz\aca\Workspaces\hs_four_schemes_20260927\out\profiles\p12_difference_paper_ale_euler_n200_dt0.00625_L4.npz,bb9586c6334f8fdccc667b782702915a067ef070763d50991fab97d34e0f506b,new
p12_difference_paper_ale_heun_n400_dt0.003125_L4,S3,12.0,difference_paper_ale,heun,400,0.003125,4.0,main,0.25,16001,0.00039726529149605033,0.0010018815414721827,3.973e-04 / 1.002e-03,C:\Users\msz\aca\Workspaces\hs_four_schemes_20260927\out\profiles\p12_difference_paper_ale_heun_n400_dt0.003125_L4.npz,af5b60d9883c505977aa4b0f9435b402177bbde2cc0dd58af9d08afda2f82dd3,new
p12_difference_paper_ale_heun_n400_dt0.003125_L4,S3,12.0,difference_paper_ale,heun,400,0.003125,4.0,main,0.5,16001,0.0007046901396241326,0.0011415648177058868,7.047e-04 / 1.142e-03,C:\Users\msz\aca\Workspaces\hs_four_schemes_20260927\out\profiles\p12_difference_paper_ale_heun_n400_dt0.003125_L4.npz,af5b60d9883c505977aa4b0f9435b402177bbde2cc0dd58af9d08afda2f82dd3,new
p12_difference_paper_ale_heun_n400_dt0.0015625_L4,S3,12.0,difference_paper_ale,heun,400,0.0015625,4.0,time_half,0.25,16001,0.0003982467195205522,0.0010017228560330604,3.982e-04 / 1.002e-03,C:\Users\msz\aca\Workspaces\hs_four_schemes_20260927\out\profiles\p12_difference_paper_ale_heun_n400_dt0.0015625_L4.npz,460f4d434b1af5f99d776bd451dfda397ff2276e36e05437fd2bfcfbfbcc5daa,new
p12_difference_paper_ale_heun_n400_dt0.0015625_L4,S3,12.0,difference_paper_ale,heun,400,0.0015625,4.0,time_half,0.5,16001,0.0007067628397283421,0.001141409961654627,7.068e-04 / 1.141e-03,C:\Users\msz\aca\Workspaces\hs_four_schemes_20260927\out\profiles\p12_difference_paper_ale_heun_n400_dt0.0015625_L4.npz,460f4d434b1af5f99d776bd451dfda397ff2276e36e05437fd2bfcfbfbcc5daa,new
p12_difference_paper_ale_heun_n200_dt0.0125_L4,S3,12.0,difference_paper_ale,heun,200,0.0125,4.0,main,0.25,8001,0.0015423376284207924,0.003943055227641656,1.542e-03 / 3.943e-03,C:\Users\msz\aca\Workspaces\hs_four_schemes_20260927\out\profiles\p12_difference_paper_ale_heun_n200_dt0.0125_L4.npz,c0f4a5e6fc61613df7f2d36519b33a0a878949e4a932275959e80b2d4afe3c65,new
p12_difference_paper_ale_heun_n200_dt0.0125_L4,S3,12.0,difference_paper_ale,heun,200,0.0125,4.0,main,0.5,8001,0.0027189760146633726,0.004541994968641605,2.719e-03 / 4.542e-03,C:\Users\msz\aca\Workspaces\hs_four_schemes_20260927\out\profiles\p12_difference_paper_ale_heun_n200_dt0.0125_L4.npz,c0f4a5e6fc61613df7f2d36519b33a0a878949e4a932275959e80b2d4afe3c65,new
p12_difference_paper_ale_heun_n200_dt0.00625_L4,S3,12.0,difference_paper_ale,heun,200,0.00625,4.0,time_half,0.25,8001,0.0015563857066897072,0.003940879705483402,1.556e-03 / 3.941e-03,C:\Users\msz\aca\Workspaces\hs_four_schemes_20260927\out\profiles\p12_difference_paper_ale_heun_n200_dt0.00625_L4.npz,1b21560b36b94421ff531f05c0e6df7cfaebf10c7e56204eb98cb74c6d9d7ddb,new
p12_difference_paper_ale_heun_n200_dt0.00625_L4,S3,12.0,difference_paper_ale,heun,200,0.00625,4.0,time_half,0.5,8001,0.002750309876480915,0.004539233123409092,2.750e-03 / 4.539e-03,C:\Users\msz\aca\Workspaces\hs_four_schemes_20260927\out\profiles\p12_difference_paper_ale_heun_n200_dt0.00625_L4.npz,1b21560b36b94421ff531f05c0e6df7cfaebf10c7e56204eb98cb74c6d9d7ddb,new
p12_difference_paper_ale_rk4_n400_dt0.003125_L4,S3,12.0,difference_paper_ale,rk4,400,0.003125,4.0,main,0.25,16001,0.00039857557471169314,0.0010016700417247448,3.986e-04 / 1.002e-03,C:\Users\msz\aca\Workspaces\hs_four_schemes_20260927\out\profiles\p12_difference_paper_ale_rk4_n400_dt0.003125_L4.npz,8b2fd09dc2566dd341005f44e1cd97a323ccd7650fc398f56aea5c9753d85a88,new
p12_difference_paper_ale_rk4_n400_dt0.003125_L4,S3,12.0,difference_paper_ale,rk4,400,0.003125,4.0,main,0.5,16001,0.0007074541192815809,0.0011413587280212911,7.075e-04 / 1.141e-03,C:\Users\msz\aca\Workspaces\hs_four_schemes_20260927\out\profiles\p12_difference_paper_ale_rk4_n400_dt0.003125_L4.npz,8b2fd09dc2566dd341005f44e1cd97a323ccd7650fc398f56aea5c9753d85a88,new
p12_difference_paper_ale_rk4_n400_dt0.0015625_L4,S3,12.0,difference_paper_ale,rk4,400,0.0015625,4.0,time_half,0.25,16001,0.0003985755594702739,0.0010016700441676796,3.986e-04 / 1.002e-03,C:\Users\msz\aca\Workspaces\hs_four_schemes_20260927\out\profiles\p12_difference_paper_ale_rk4_n400_dt0.0015625_L4.npz,428adb7293836c6b9a08375872f1a509c1d0d870e43c43d74d104b5d7bf0eb41,new
p12_difference_paper_ale_rk4_n400_dt0.0015625_L4,S3,12.0,difference_paper_ale,rk4,400,0.0015625,4.0,time_half,0.5,16001,0.0007074540872014923,0.0011413587303113482,7.075e-04 / 1.141e-03,C:\Users\msz\aca\Workspaces\hs_four_schemes_20260927\out\profiles\p12_difference_paper_ale_rk4_n400_dt0.0015625_L4.npz,428adb7293836c6b9a08375872f1a509c1d0d870e43c43d74d104b5d7bf0eb41,new
p12_difference_paper_ale_rk4_n200_dt0.0125_L4,S3,12.0,difference_paper_ale,rk4,200,0.0125,4.0,main,0.25,8001,0.0015611773771726373,0.0039401576130681515,1.561e-03 / 3.940e-03,C:\Users\msz\aca\Workspaces\hs_four_schemes_20260927\out\profiles\p12_difference_paper_ale_rk4_n200_dt0.0125_L4.npz,6a315f32da77d009ba7e85f10946e64d71d039b6b3e58a0c17ba61826229d9cc,new
p12_difference_paper_ale_rk4_n200_dt0.0125_L4,S3,12.0,difference_paper_ale,rk4,200,0.0125,4.0,main,0.5,8001,0.002760802223026333,0.004538335657309989,2.761e-03 / 4.538e-03,C:\Users\msz\aca\Workspaces\hs_four_schemes_20260927\out\profiles\p12_difference_paper_ale_rk4_n200_dt0.0125_L4.npz,6a315f32da77d009ba7e85f10946e64d71d039b6b3e58a0c17ba61826229d9cc,new
p12_difference_paper_ale_rk4_n200_dt0.00625_L4,S3,12.0,difference_paper_ale,rk4,200,0.00625,4.0,time_half,0.25,8001,0.0015611739000766026,0.003940158146733319,1.561e-03 / 3.940e-03,C:\Users\msz\aca\Workspaces\hs_four_schemes_20260927\out\profiles\p12_difference_paper_ale_rk4_n200_dt0.00625_L4.npz,68abd22539dbf7bc561a16c8d180367f846598dd5e2c854097933db9854d297c,new
p12_difference_paper_ale_rk4_n200_dt0.00625_L4,S3,12.0,difference_paper_ale,rk4,200,0.00625,4.0,time_half,0.5,8001,0.002760794475557056,0.004538336319403868,2.761e-03 / 4.538e-03,C:\Users\msz\aca\Workspaces\hs_four_schemes_20260927\out\profiles\p12_difference_paper_ale_rk4_n200_dt0.00625_L4.npz,68abd22539dbf7bc561a16c8d180367f846598dd5e2c854097933db9854d297c,new
p12_difference_paper_ale_rk8_n400_dt0.003125_L4,S3,12.0,difference_paper_ale,rk8,400,0.003125,4.0,main,0.25,16001,0.0003985755584592354,0.0010016700443309379,3.986e-04 / 1.002e-03,C:\Users\msz\aca\Workspaces\hs_four_schemes_20260927\out\profiles\p12_difference_paper_ale_rk8_n400_dt0.003125_L4.npz,fb559675226004d24e7937871df509959a4590d1939584e5637958c50efa6107,new
p12_difference_paper_ale_rk8_n400_dt0.003125_L4,S3,12.0,difference_paper_ale,rk8,400,0.003125,4.0,main,0.5,16001,0.0007074540850510111,0.0011413587304630601,7.075e-04 / 1.141e-03,C:\Users\msz\aca\Workspaces\hs_four_schemes_20260927\out\profiles\p12_difference_paper_ale_rk8_n400_dt0.003125_L4.npz,fb559675226004d24e7937871df509959a4590d1939584e5637958c50efa6107,new
p12_difference_paper_ale_rk8_n400_dt0.0015625_L4,S3,12.0,difference_paper_ale,rk8,400,0.0015625,4.0,time_half,0.25,16001,0.00039857555845868725,0.0010016700443297721,3.986e-04 / 1.002e-03,C:\Users\msz\aca\Workspaces\hs_four_schemes_20260927\out\profiles\p12_difference_paper_ale_rk8_n400_dt0.0015625_L4.npz,daea02cac7f1f414c2709dc6f571a2650edd83181bbfa164c56dfafa9fc649b4,new
p12_difference_paper_ale_rk8_n400_dt0.0015625_L4,S3,12.0,difference_paper_ale,rk8,400,0.0015625,4.0,time_half,0.5,16001,0.0007074540850563471,0.0011413587304628936,7.075e-04 / 1.141e-03,C:\Users\msz\aca\Workspaces\hs_four_schemes_20260927\out\profiles\p12_difference_paper_ale_rk8_n400_dt0.0015625_L4.npz,daea02cac7f1f414c2709dc6f571a2650edd83181bbfa164c56dfafa9fc649b4,new
p12_difference_paper_ale_rk8_n200_dt0.0125_L4,S3,12.0,difference_paper_ale,rk8,200,0.0125,4.0,main,0.25,8001,0.0015611736640688753,0.003940158182145825,1.561e-03 / 3.940e-03,C:\Users\msz\aca\Workspaces\hs_four_schemes_20260927\out\profiles\p12_difference_paper_ale_rk8_n200_dt0.0125_L4.npz,beca321562497fe9f5e50ddc3c2b78776c0efdec260b215d1525efa0a3db104a,new
p12_difference_paper_ale_rk8_n200_dt0.0125_L4,S3,12.0,difference_paper_ale,rk8,200,0.0125,4.0,main,0.5,8001,0.002760793957556136,0.004538336362508666,2.761e-03 / 4.538e-03,C:\Users\msz\aca\Workspaces\hs_four_schemes_20260927\out\profiles\p12_difference_paper_ale_rk8_n200_dt0.0125_L4.npz,beca321562497fe9f5e50ddc3c2b78776c0efdec260b215d1525efa0a3db104a,new
p12_difference_paper_ale_rk8_n200_dt0.00625_L4,S3,12.0,difference_paper_ale,rk8,200,0.00625,4.0,time_half,0.25,8001,0.0015611736640725252,0.003940158182145492,1.561e-03 / 3.940e-03,C:\Users\msz\aca\Workspaces\hs_four_schemes_20260927\out\profiles\p12_difference_paper_ale_rk8_n200_dt0.00625_L4.npz,c1cbab77e834e6226d9962727af7368d3c1145cf19bd2cf16b4f3c1ec49c77ba,new
p12_difference_paper_ale_rk8_n200_dt0.00625_L4,S3,12.0,difference_paper_ale,rk8,200,0.00625,4.0,time_half,0.5,8001,0.0027607939575548662,0.004538336362508333,2.761e-03 / 4.538e-03,C:\Users\msz\aca\Workspaces\hs_four_schemes_20260927\out\profiles\p12_difference_paper_ale_rk8_n200_dt0.00625_L4.npz,c1cbab77e834e6226d9962727af7368d3c1145cf19bd2cf16b4f3c1ec49c77ba,new
p12_difference_fixed_euler_n400_dt0.003125_L4,S4,12.0,difference_fixed,euler,400,0.003125,4.0,main,0.25,16001,5.8169494742889294e-05,0.00032700470050306407,5.817e-05 / 3.270e-04,C:\Users\msz\aca\Workspaces\hs_conserved_mesh_20260925\out\euler_comparison\profiles\p12_difference_fixed_euler_n400_dt0.003125_L4.npz,647a401224f059835b84bdd98d4f9d28c32ab4bb1c83b1d724c60ff426a5ee92,reused
p12_difference_fixed_euler_n400_dt0.003125_L4,S4,12.0,difference_fixed,euler,400,0.003125,4.0,main,0.5,16001,6.794085234035352e-05,0.0003822576244909559,6.794e-05 / 3.823e-04,C:\Users\msz\aca\Workspaces\hs_conserved_mesh_20260925\out\euler_comparison\profiles\p12_difference_fixed_euler_n400_dt0.003125_L4.npz,647a401224f059835b84bdd98d4f9d28c32ab4bb1c83b1d724c60ff426a5ee92,reused
p12_difference_fixed_euler_n400_dt0.0015625_L4,S4,12.0,difference_fixed,euler,400,0.0015625,4.0,time_half,0.25,16001,5.930599126117639e-05,0.00033369257946946895,5.931e-05 / 3.337e-04,C:\Users\msz\aca\Workspaces\hs_conserved_mesh_20260925\out\euler_comparison\profiles\p12_difference_fixed_euler_n400_dt0.0015625_L4.npz,c7bd7ecc7253cd6cb75e256b62bd9c1d9a34fd2861e01edd1570f724c3fdcd1f,reused
p12_difference_fixed_euler_n400_dt0.0015625_L4,S4,12.0,difference_fixed,euler,400,0.0015625,4.0,time_half,0.5,16001,7.005151817465749e-05,0.00039629844755917354,7.005e-05 / 3.963e-04,C:\Users\msz\aca\Workspaces\hs_conserved_mesh_20260925\out\euler_comparison\profiles\p12_difference_fixed_euler_n400_dt0.0015625_L4.npz,c7bd7ecc7253cd6cb75e256b62bd9c1d9a34fd2861e01edd1570f724c3fdcd1f,reused
p12_difference_fixed_euler_n200_dt0.0125_L4,S4,12.0,difference_fixed,euler,200,0.0125,4.0,main,0.25,8001,0.00023272182048918177,0.001304914599995155,2.327e-04 / 1.305e-03,C:\Users\msz\aca\Workspaces\hs_conserved_mesh_20260925\out\parameter_calibration\profiles\p12_difference_fixed_euler_n200_dt0.0125_L4.npz,9d1f2cd73c46d984de5c6488fe766ef670a931f900d1f0b83f86cc9f18a8a225,reused
p12_difference_fixed_euler_n200_dt0.0125_L4,S4,12.0,difference_fixed,euler,200,0.0125,4.0,main,0.5,8001,0.00027148312870384217,0.0014978475889015908,2.715e-04 / 1.498e-03,C:\Users\msz\aca\Workspaces\hs_conserved_mesh_20260925\out\parameter_calibration\profiles\p12_difference_fixed_euler_n200_dt0.0125_L4.npz,9d1f2cd73c46d984de5c6488fe766ef670a931f900d1f0b83f86cc9f18a8a225,reused
p12_difference_fixed_euler_n200_dt0.00625_L4,S4,12.0,difference_fixed,euler,200,0.00625,4.0,time_half,0.25,8001,0.00023696495527357822,0.0013313387870769189,2.370e-04 / 1.331e-03,C:\Users\msz\aca\Workspaces\hs_conserved_mesh_20260925\out\parameter_calibration\profiles\p12_difference_fixed_euler_n200_dt0.00625_L4.npz,a13fe0e4e010d25ee275fb54c955f6702c40f99df4bc6c0501a2901ad89e95f0,reused
p12_difference_fixed_euler_n200_dt0.00625_L4,S4,12.0,difference_fixed,euler,200,0.00625,4.0,time_half,0.5,8001,0.0002794085227137699,0.0015533086638392923,2.794e-04 / 1.553e-03,C:\Users\msz\aca\Workspaces\hs_conserved_mesh_20260925\out\parameter_calibration\profiles\p12_difference_fixed_euler_n200_dt0.00625_L4.npz,a13fe0e4e010d25ee275fb54c955f6702c40f99df4bc6c0501a2901ad89e95f0,reused
p12_difference_fixed_heun_n400_dt0.003125_L4,S4,12.0,difference_fixed,heun,400,0.003125,4.0,main,0.25,16001,6.0442116688406294e-05,0.0003403760993594407,6.044e-05 / 3.404e-04,C:\Users\msz\aca\Workspaces\hs_table_data_20260927\out\profiles\p12_difference_fixed_heun_n400_dt0.003125_L4.npz,a8a1e53917d77254fd0d549d53e6df04af8eb5c63c9ca86743c59e0c451bef59,reused
p12_difference_fixed_heun_n400_dt0.003125_L4,S4,12.0,difference_fixed,heun,400,0.003125,4.0,main,0.5,16001,7.216317499283975e-05,0.000410330728418673,7.216e-05 / 4.103e-04,C:\Users\msz\aca\Workspaces\hs_table_data_20260927\out\profiles\p12_difference_fixed_heun_n400_dt0.003125_L4.npz,a8a1e53917d77254fd0d549d53e6df04af8eb5c63c9ca86743c59e0c451bef59,reused
p12_difference_fixed_heun_n400_dt0.0015625_L4,S4,12.0,difference_fixed,heun,400,0.0015625,4.0,time_half,0.25,16001,6.0443479948730366e-05,0.0003403826567809354,6.044e-05 / 3.404e-04,C:\Users\msz\aca\Workspaces\hs_table_data_20260927\out\profiles\p12_difference_fixed_heun_n400_dt0.0015625_L4.npz,887f517bf96a99fef6c244b6e65056192c7c6846094fe3ea96e9b8a8da215490,reused
p12_difference_fixed_heun_n400_dt0.0015625_L4,S4,12.0,difference_fixed,heun,400,0.0015625,4.0,time_half,0.5,16001,7.216254123740273e-05,0.000410344626049719,7.216e-05 / 4.103e-04,C:\Users\msz\aca\Workspaces\hs_table_data_20260927\out\profiles\p12_difference_fixed_heun_n400_dt0.0015625_L4.npz,887f517bf96a99fef6c244b6e65056192c7c6846094fe3ea96e9b8a8da215490,reused
p12_difference_fixed_heun_n200_dt0.0125_L4,S4,12.0,difference_fixed,heun,200,0.0125,4.0,main,0.25,8001,0.0002412074949222666,0.0013576999071215345,2.412e-04 / 1.358e-03,C:\Users\msz\aca\Workspaces\hs_conserved_mesh_20260925\out\parameter_calibration\profiles\p12_difference_fixed_heun_n200_dt0.0125_L4.npz,abe127cda5cbd19b37d5851391d19b61119fcc00c32b92e3255d1e9dd59d9258,reused
p12_difference_fixed_heun_n200_dt0.0125_L4,S4,12.0,difference_fixed,heun,200,0.0125,4.0,main,0.5,8001,0.00028737518703988996,0.0016086097878408312,2.874e-04 / 1.609e-03,C:\Users\msz\aca\Workspaces\hs_conserved_mesh_20260925\out\parameter_calibration\profiles\p12_difference_fixed_heun_n200_dt0.0125_L4.npz,abe127cda5cbd19b37d5851391d19b61119fcc00c32b92e3255d1e9dd59d9258,reused
p12_difference_fixed_heun_n200_dt0.00625_L4,S4,12.0,difference_fixed,heun,200,0.00625,4.0,time_half,0.25,8001,0.0002412391002216789,0.0013578049219219457,2.412e-04 / 1.358e-03,C:\Users\msz\aca\Workspaces\hs_conserved_mesh_20260925\out\parameter_calibration\profiles\p12_difference_fixed_heun_n200_dt0.00625_L4.npz,05977072f376e671272cde1917783fe70e2bfc8b09ba9e3cb21ff01bb96ed11b,reused
p12_difference_fixed_heun_n200_dt0.00625_L4,S4,12.0,difference_fixed,heun,200,0.00625,4.0,time_half,0.5,8001,0.00028734002446914597,0.001608817214621916,2.873e-04 / 1.609e-03,C:\Users\msz\aca\Workspaces\hs_conserved_mesh_20260925\out\parameter_calibration\profiles\p12_difference_fixed_heun_n200_dt0.00625_L4.npz,05977072f376e671272cde1917783fe70e2bfc8b09ba9e3cb21ff01bb96ed11b,reused
p12_difference_fixed_rk4_n400_dt0.003125_L4,S4,12.0,difference_fixed,rk4,400,0.003125,4.0,main,0.25,16001,6.044393612542401e-05,0.00034038484412013403,6.044e-05 / 3.404e-04,C:\Users\msz\aca\Workspaces\hs_conserved_mesh_20260925\out\parameter_calibration\profiles\p12_difference_fixed_rk4_n400_dt0.003125_L4.npz,ab1ba998b80f0ca903cbe4b419790626e82578a3dc64f3a02396f526c1dc8cda,reused
p12_difference_fixed_rk4_n400_dt0.003125_L4,S4,12.0,difference_fixed,rk4,400,0.003125,4.0,main,0.5,16001,7.216233094198277e-05,0.00041034926187766274,7.216e-05 / 4.103e-04,C:\Users\msz\aca\Workspaces\hs_conserved_mesh_20260925\out\parameter_calibration\profiles\p12_difference_fixed_rk4_n400_dt0.003125_L4.npz,ab1ba998b80f0ca903cbe4b419790626e82578a3dc64f3a02396f526c1dc8cda,reused
p12_difference_fixed_rk4_n400_dt0.0015625_L4,S4,12.0,difference_fixed,rk4,400,0.0015625,4.0,time_half,0.25,16001,6.044393611956064e-05,0.00034038484411813563,6.044e-05 / 3.404e-04,C:\Users\msz\aca\Workspaces\hs_table_data_20260927\out\profiles\p12_difference_fixed_rk4_n400_dt0.0015625_L4.npz,5040a4f534dbbf4c593de42741f1d954cc3e9e7a67fe3784319c8d4ebb154017,reused
p12_difference_fixed_rk4_n400_dt0.0015625_L4,S4,12.0,difference_fixed,rk4,400,0.0015625,4.0,time_half,0.5,16001,7.216233096035696e-05,0.00041034926187821785,7.216e-05 / 4.103e-04,C:\Users\msz\aca\Workspaces\hs_table_data_20260927\out\profiles\p12_difference_fixed_rk4_n400_dt0.0015625_L4.npz,5040a4f534dbbf4c593de42741f1d954cc3e9e7a67fe3784319c8d4ebb154017,reused
p12_difference_fixed_rk4_n200_dt0.0125_L4,S4,12.0,difference_fixed,rk4,200,0.0125,4.0,main,0.25,8001,0.00024124983897260907,0.0013578400176519345,2.412e-04 / 1.358e-03,C:\Users\msz\aca\Workspaces\hs_conserved_mesh_20260925\out\parameter_calibration\profiles\p12_difference_fixed_rk4_n200_dt0.0125_L4.npz,56eb6e4acff7f7c8f48c92119f23db59c6789fb39e0a8ea29c2fcb233530fc87,reused
p12_difference_fixed_rk4_n200_dt0.0125_L4,S4,12.0,difference_fixed,rk4,200,0.0125,4.0,main,0.5,8001,0.0002873285744594001,0.001608886469607107,2.873e-04 / 1.609e-03,C:\Users\msz\aca\Workspaces\hs_conserved_mesh_20260925\out\parameter_calibration\profiles\p12_difference_fixed_rk4_n200_dt0.0125_L4.npz,56eb6e4acff7f7c8f48c92119f23db59c6789fb39e0a8ea29c2fcb233530fc87,reused
p12_difference_fixed_rk4_n200_dt0.00625_L4,S4,12.0,difference_fixed,rk4,200,0.00625,4.0,time_half,0.25,8001,0.0002412498347076457,0.001357840016877998,2.412e-04 / 1.358e-03,C:\Users\msz\aca\Workspaces\hs_conserved_mesh_20260925\out\parameter_calibration\profiles\p12_difference_fixed_rk4_n200_dt0.00625_L4.npz,a863d6514e96eafa0ae97e4e05d59394143b1841e7c15d224a4a4ddefbcbc9b3,reused
p12_difference_fixed_rk4_n200_dt0.00625_L4,S4,12.0,difference_fixed,rk4,200,0.00625,4.0,time_half,0.5,8001,0.00028732858425220553,0.001608886469637194,2.873e-04 / 1.609e-03,C:\Users\msz\aca\Workspaces\hs_conserved_mesh_20260925\out\parameter_calibration\profiles\p12_difference_fixed_rk4_n200_dt0.00625_L4.npz,a863d6514e96eafa0ae97e4e05d59394143b1841e7c15d224a4a4ddefbcbc9b3,reused
p12_difference_fixed_rk8_n400_dt0.003125_L4,S4,12.0,difference_fixed,rk8,400,0.003125,4.0,main,0.25,16001,6.0443936119349007e-05,0.00034038484411869074,6.044e-05 / 3.404e-04,C:\Users\msz\aca\Workspaces\hs_table_data_20260927\out\profiles\p12_difference_fixed_rk8_n400_dt0.003125_L4.npz,3d48062e0303a9ea5c751b9cfeb93198f2735739105294cc41ce1e65c6198d64,reused
p12_difference_fixed_rk8_n400_dt0.003125_L4,S4,12.0,difference_fixed,rk8,400,0.003125,4.0,main,0.5,16001,7.216233096138391e-05,0.0004103492618779958,7.216e-05 / 4.103e-04,C:\Users\msz\aca\Workspaces\hs_table_data_20260927\out\profiles\p12_difference_fixed_rk8_n400_dt0.003125_L4.npz,3d48062e0303a9ea5c751b9cfeb93198f2735739105294cc41ce1e65c6198d64,reused
p12_difference_fixed_rk8_n400_dt0.0015625_L4,S4,12.0,difference_fixed,rk8,400,0.0015625,4.0,time_half,0.25,16001,6.044393611868634e-05,0.00034038484411813563,6.044e-05 / 3.404e-04,C:\Users\msz\aca\Workspaces\hs_table_data_20260927\out\profiles\p12_difference_fixed_rk8_n400_dt0.0015625_L4.npz,75c300ebebdddbc4d5909bd268ce2b16568a64b1b93acb9e61b2c4261e96ebe7,reused
p12_difference_fixed_rk8_n400_dt0.0015625_L4,S4,12.0,difference_fixed,rk8,400,0.0015625,4.0,time_half,0.5,16001,7.216233096074554e-05,0.00041034926187810683,7.216e-05 / 4.103e-04,C:\Users\msz\aca\Workspaces\hs_table_data_20260927\out\profiles\p12_difference_fixed_rk8_n400_dt0.0015625_L4.npz,75c300ebebdddbc4d5909bd268ce2b16568a64b1b93acb9e61b2c4261e96ebe7,reused
p12_difference_fixed_rk8_n200_dt0.0125_L4,S4,12.0,difference_fixed,rk8,200,0.0125,4.0,main,0.25,8001,0.000241249834416285,0.0013578400168269278,2.412e-04 / 1.358e-03,C:\Users\msz\aca\Workspaces\hs_conserved_mesh_20260925\out\parameter_calibration\profiles\p12_difference_fixed_rk8_n200_dt0.0125_L4.npz,afc6c44cf9a304ce8ddb611b7b79247f581d764960c25f0c5c0b0bddf6e09de1,reused
p12_difference_fixed_rk8_n200_dt0.0125_L4,S4,12.0,difference_fixed,rk8,200,0.0125,4.0,main,0.5,8001,0.0002873285848933038,0.0016088864696424121,2.873e-04 / 1.609e-03,C:\Users\msz\aca\Workspaces\hs_conserved_mesh_20260925\out\parameter_calibration\profiles\p12_difference_fixed_rk8_n200_dt0.0125_L4.npz,afc6c44cf9a304ce8ddb611b7b79247f581d764960c25f0c5c0b0bddf6e09de1,reused
p12_difference_fixed_rk8_n200_dt0.00625_L4,S4,12.0,difference_fixed,rk8,200,0.00625,4.0,time_half,0.25,8001,0.00024124983441725992,0.0013578400168269278,2.412e-04 / 1.358e-03,C:\Users\msz\aca\Workspaces\hs_conserved_mesh_20260925\out\parameter_calibration\profiles\p12_difference_fixed_rk8_n200_dt0.00625_L4.npz,6cb1ae9c0aea0e014b24fd5b64c18a7cb05fdb5acf98f12dcad406446b9c5ea9,reused
p12_difference_fixed_rk8_n200_dt0.00625_L4,S4,12.0,difference_fixed,rk8,200,0.00625,4.0,time_half,0.5,8001,0.0002873285848932483,0.00160888646964219,2.873e-04 / 1.609e-03,C:\Users\msz\aca\Workspaces\hs_conserved_mesh_20260925\out\parameter_calibration\profiles\p12_difference_fixed_rk8_n200_dt0.00625_L4.npz,6cb1ae9c0aea0e014b24fd5b64c18a7cb05fdb5acf98f12dcad406446b9c5ea9,reused
p13_integrable_original_euler_n400_dt0.003125_L4,S1,13.0,integrable_original,euler,400,0.003125,4.0,main,0.25,16001,0.014878274400457877,0.0024828809551109554,1.488e-02 / 2.483e-03,C:\Users\msz\aca\Workspaces\hs_waveform_atlas_20260927\out\profiles\p13_integrable_original_euler_n400_dt0.003125_L4.npz,dfaa19c9432d2b99acad32c6a686a9096066e9b281ff8d1162af2a0ab5d0dd30,reused
p13_integrable_original_euler_n400_dt0.003125_L4,S1,13.0,integrable_original,euler,400,0.003125,4.0,main,0.5,16001,0.06306261981633815,0.01039872586426438,6.306e-02 / 1.040e-02,C:\Users\msz\aca\Workspaces\hs_waveform_atlas_20260927\out\profiles\p13_integrable_original_euler_n400_dt0.003125_L4.npz,dfaa19c9432d2b99acad32c6a686a9096066e9b281ff8d1162af2a0ab5d0dd30,reused
p13_integrable_original_euler_n200_dt0.0125_L4,S1,13.0,integrable_original,euler,200,0.0125,4.0,main,0.25,8001,0.029571313183161252,0.007370751522361385,2.957e-02 / 7.371e-03,C:\Users\msz\aca\Workspaces\hs_four_schemes_20260927\out\profiles\p13_integrable_original_euler_n200_dt0.0125_L4.npz,26e0a5fff09a4a47bff87a0224724fb1d18925bbfb3a8f613a72a413d71689ae,new
p13_integrable_original_euler_n200_dt0.0125_L4,S1,13.0,integrable_original,euler,200,0.0125,4.0,main,0.5,8001,0.12539040214348776,0.020680165747205326,1.254e-01 / 2.068e-02,C:\Users\msz\aca\Workspaces\hs_four_schemes_20260927\out\profiles\p13_integrable_original_euler_n200_dt0.0125_L4.npz,26e0a5fff09a4a47bff87a0224724fb1d18925bbfb3a8f613a72a413d71689ae,new
p13_integrable_original_heun_n400_dt0.003125_L4,S1,13.0,integrable_original,heun,400,0.003125,4.0,main,0.25,16001,0.015064526668509921,0.0024996098072602724,1.506e-02 / 2.500e-03,C:\Users\msz\aca\Workspaces\hs_four_schemes_20260927\out\profiles\p13_integrable_original_heun_n400_dt0.003125_L4.npz,9fe2215a2904bc769851c4fef9d3357a8451b7c715b6d435da282c17692ea1a3,new
p13_integrable_original_heun_n400_dt0.003125_L4,S1,13.0,integrable_original,heun,400,0.003125,4.0,main,0.5,16001,0.06387181378067665,0.010491208873735336,6.387e-02 / 1.049e-02,C:\Users\msz\aca\Workspaces\hs_four_schemes_20260927\out\profiles\p13_integrable_original_heun_n400_dt0.003125_L4.npz,9fe2215a2904bc769851c4fef9d3357a8451b7c715b6d435da282c17692ea1a3,new
p13_integrable_original_heun_n200_dt0.0125_L4,S1,13.0,integrable_original,heun,200,0.0125,4.0,main,0.25,8001,0.031093685343195628,0.007534706385474932,3.109e-02 / 7.535e-03,C:\Users\msz\aca\Workspaces\hs_four_schemes_20260927\out\profiles\p13_integrable_original_heun_n200_dt0.0125_L4.npz,85715bda5d06f323953aa47db177fea2635b731dc7fa6d5f3c53016ce2bab621,new
p13_integrable_original_heun_n200_dt0.0125_L4,S1,13.0,integrable_original,heun,200,0.0125,4.0,main,0.5,8001,0.13214408081958023,0.021646560486736077,1.321e-01 / 2.165e-02,C:\Users\msz\aca\Workspaces\hs_four_schemes_20260927\out\profiles\p13_integrable_original_heun_n200_dt0.0125_L4.npz,85715bda5d06f323953aa47db177fea2635b731dc7fa6d5f3c53016ce2bab621,new
p13_integrable_original_rk4_n400_dt0.003125_L4,S1,13.0,integrable_original,rk4,400,0.003125,4.0,main,0.25,16001,0.015065055332514943,0.0024996833801829155,1.507e-02 / 2.500e-03,C:\Users\msz\aca\Workspaces\hs_four_schemes_20260927\out\profiles\p13_integrable_original_rk4_n400_dt0.003125_L4.npz,189c700eee557f7053fffe6b9cd93d0415abdaa95ed081865bc49d2ee1850f35,new
p13_integrable_original_rk4_n400_dt0.003125_L4,S1,13.0,integrable_original,rk4,400,0.003125,4.0,main,0.5,16001,0.06387384951946225,0.010491490390556968,6.387e-02 / 1.049e-02,C:\Users\msz\aca\Workspaces\hs_four_schemes_20260927\out\profiles\p13_integrable_original_rk4_n400_dt0.003125_L4.npz,189c700eee557f7053fffe6b9cd93d0415abdaa95ed081865bc49d2ee1850f35,new
p13_integrable_original_rk4_n200_dt0.0125_L4,S1,13.0,integrable_original,rk4,200,0.0125,4.0,main,0.25,8001,0.031113284632715666,0.007536563598462165,3.111e-02 / 7.537e-03,C:\Users\msz\aca\Workspaces\hs_four_schemes_20260927\out\profiles\p13_integrable_original_rk4_n200_dt0.0125_L4.npz,e29dfd6d38a76d7ad60bd74e90b0ea08b29aefb9934a558acdbde8497ce42de7,new
p13_integrable_original_rk4_n200_dt0.0125_L4,S1,13.0,integrable_original,rk4,200,0.0125,4.0,main,0.5,8001,0.13222093332674803,0.02165700843280849,1.322e-01 / 2.166e-02,C:\Users\msz\aca\Workspaces\hs_four_schemes_20260927\out\profiles\p13_integrable_original_rk4_n200_dt0.0125_L4.npz,e29dfd6d38a76d7ad60bd74e90b0ea08b29aefb9934a558acdbde8497ce42de7,new
p13_integrable_original_rk8_n400_dt0.003125_L4,S1,13.0,integrable_original,rk8,400,0.003125,4.0,main,0.25,16001,0.015065055333475541,0.002499683380136175,1.507e-02 / 2.500e-03,C:\Users\msz\aca\Workspaces\hs_four_schemes_20260927\out\profiles\p13_integrable_original_rk8_n400_dt0.003125_L4.npz,5a733a905e95611b03a31ebf1092b0770433d1802618e1aa598cf56b6c0ddf84,new
p13_integrable_original_rk8_n400_dt0.003125_L4,S1,13.0,integrable_original,rk8,400,0.003125,4.0,main,0.5,16001,0.06387384952352528,0.010491490390528102,6.387e-02 / 1.049e-02,C:\Users\msz\aca\Workspaces\hs_four_schemes_20260927\out\profiles\p13_integrable_original_rk8_n400_dt0.003125_L4.npz,5a733a905e95611b03a31ebf1092b0770433d1802618e1aa598cf56b6c0ddf84,new
p13_integrable_original_rk8_n200_dt0.0125_L4,S1,13.0,integrable_original,rk8,200,0.0125,4.0,main,0.25,8001,0.031113285448270894,0.007536563601392987,3.111e-02 / 7.537e-03,C:\Users\msz\aca\Workspaces\hs_four_schemes_20260927\out\profiles\p13_integrable_original_rk8_n200_dt0.0125_L4.npz,4267c30e4cadd446db6a37515ac7b585b52d69dfb4f364657b83b12a31b616b2,new
p13_integrable_original_rk8_n200_dt0.0125_L4,S1,13.0,integrable_original,rk8,200,0.0125,4.0,main,0.5,8001,0.1322209364459626,0.021657008544898604,1.322e-01 / 2.166e-02,C:\Users\msz\aca\Workspaces\hs_four_schemes_20260927\out\profiles\p13_integrable_original_rk8_n200_dt0.0125_L4.npz,4267c30e4cadd446db6a37515ac7b585b52d69dfb4f364657b83b12a31b616b2,new
p13_integrable_calibrated_euler_n400_dt0.003125_L4,S2,13.0,integrable_calibrated,euler,400,0.003125,4.0,main,0.25,16001,0.0004921891105256713,0.001420729413112387,4.922e-04 / 1.421e-03,C:\Users\msz\aca\Workspaces\hs_waveform_atlas_20260927\out\profiles\p13_integrable_calibrated_euler_n400_dt0.003125_L4.npz,c8f2a74afe090b3806b7a778efbca275bd37ea272bad3b0072fa0941aa462adc,reused
p13_integrable_calibrated_euler_n400_dt0.003125_L4,S2,13.0,integrable_calibrated,euler,400,0.003125,4.0,main,0.5,16001,0.0021075350914221743,0.0015490302750363338,2.108e-03 / 1.549e-03,C:\Users\msz\aca\Workspaces\hs_waveform_atlas_20260927\out\profiles\p13_integrable_calibrated_euler_n400_dt0.003125_L4.npz,c8f2a74afe090b3806b7a778efbca275bd37ea272bad3b0072fa0941aa462adc,reused
p13_integrable_calibrated_euler_n200_dt0.0125_L4,S2,13.0,integrable_calibrated,euler,200,0.0125,4.0,main,0.25,8001,0.001914775478195796,0.005592087899271125,1.915e-03 / 5.592e-03,C:\Users\msz\aca\Workspaces\hs_four_schemes_20260927\out\profiles\p13_integrable_calibrated_euler_n200_dt0.0125_L4.npz,9c0b86d9f45c88017ff3ce899153523b21af991b9cac0d983ba95bbfbee3ff83,new
p13_integrable_calibrated_euler_n200_dt0.0125_L4,S2,13.0,integrable_calibrated,euler,200,0.0125,4.0,main,0.5,8001,0.008068905870074588,0.006037569667959486,8.069e-03 / 6.038e-03,C:\Users\msz\aca\Workspaces\hs_four_schemes_20260927\out\profiles\p13_integrable_calibrated_euler_n200_dt0.0125_L4.npz,9c0b86d9f45c88017ff3ce899153523b21af991b9cac0d983ba95bbfbee3ff83,new
p13_integrable_calibrated_heun_n400_dt0.003125_L4,S2,13.0,integrable_calibrated,heun,400,0.003125,4.0,main,0.25,16001,0.000512227968948259,0.001430728345384269,5.122e-04 / 1.431e-03,C:\Users\msz\aca\Workspaces\hs_four_schemes_20260927\out\profiles\p13_integrable_calibrated_heun_n400_dt0.003125_L4.npz,c6733c914ea1d9e9c444645b0d938c6ca674df9d56db48ee0102fd70ae660210,new
p13_integrable_calibrated_heun_n400_dt0.003125_L4,S2,13.0,integrable_calibrated,heun,400,0.003125,4.0,main,0.5,16001,0.0020718462295323836,0.0015515214117837184,2.072e-03 / 1.552e-03,C:\Users\msz\aca\Workspaces\hs_four_schemes_20260927\out\profiles\p13_integrable_calibrated_heun_n400_dt0.003125_L4.npz,c6733c914ea1d9e9c444645b0d938c6ca674df9d56db48ee0102fd70ae660210,new
p13_integrable_calibrated_heun_n200_dt0.0125_L4,S2,13.0,integrable_calibrated,heun,200,0.0125,4.0,main,0.25,8001,0.0020162710861791333,0.005612828442449702,2.016e-03 / 5.613e-03,C:\Users\msz\aca\Workspaces\hs_four_schemes_20260927\out\profiles\p13_integrable_calibrated_heun_n200_dt0.0125_L4.npz,ee845910671a242ec45ae38b49b94d79e438901d44479aec98bd180d71bd1749,new
p13_integrable_calibrated_heun_n200_dt0.0125_L4,S2,13.0,integrable_calibrated,heun,200,0.0125,4.0,main,0.5,8001,0.008273052104775329,0.00611597191984703,8.273e-03 / 6.116e-03,C:\Users\msz\aca\Workspaces\hs_four_schemes_20260927\out\profiles\p13_integrable_calibrated_heun_n200_dt0.0125_L4.npz,ee845910671a242ec45ae38b49b94d79e438901d44479aec98bd180d71bd1749,new
p13_integrable_calibrated_rk4_n400_dt0.003125_L4,S2,13.0,integrable_calibrated,rk4,400,0.003125,4.0,main,0.25,16001,0.0005122635646146179,0.0014307515098323509,5.123e-04 / 1.431e-03,C:\Users\msz\aca\Workspaces\hs_four_schemes_20260927\out\profiles\p13_integrable_calibrated_rk4_n400_dt0.003125_L4.npz,a328eeb7b4cd1413dee5fb97802b30918b34c6f9e183d068a5929b9a419888bd,new
p13_integrable_calibrated_rk4_n400_dt0.003125_L4,S2,13.0,integrable_calibrated,rk4,400,0.003125,4.0,main,0.5,16001,0.002071301405931744,0.00155151992691005,2.071e-03 / 1.552e-03,C:\Users\msz\aca\Workspaces\hs_four_schemes_20260927\out\profiles\p13_integrable_calibrated_rk4_n400_dt0.003125_L4.npz,a328eeb7b4cd1413dee5fb97802b30918b34c6f9e183d068a5929b9a419888bd,new
p13_integrable_calibrated_rk4_n200_dt0.0125_L4,S2,13.0,integrable_calibrated,rk4,200,0.0125,4.0,main,0.25,8001,0.00201687966407893,0.005613170321455585,2.017e-03 / 5.613e-03,C:\Users\msz\aca\Workspaces\hs_four_schemes_20260927\out\profiles\p13_integrable_calibrated_rk4_n200_dt0.0125_L4.npz,beaf6861d2448caaebdf1cd4da797d7fb60d19c75c94452202de406850f11ea2,new
p13_integrable_calibrated_rk4_n200_dt0.0125_L4,S2,13.0,integrable_calibrated,rk4,200,0.0125,4.0,main,0.5,8001,0.008268582408706171,0.0061163886971745685,8.269e-03 / 6.116e-03,C:\Users\msz\aca\Workspaces\hs_four_schemes_20260927\out\profiles\p13_integrable_calibrated_rk4_n200_dt0.0125_L4.npz,beaf6861d2448caaebdf1cd4da797d7fb60d19c75c94452202de406850f11ea2,new
p13_integrable_calibrated_rk8_n400_dt0.003125_L4,S2,13.0,integrable_calibrated,rk8,400,0.003125,4.0,main,0.25,16001,0.0005122635646259976,0.001430751509758077,5.123e-04 / 1.431e-03,C:\Users\msz\aca\Workspaces\hs_four_schemes_20260927\out\profiles\p13_integrable_calibrated_rk8_n400_dt0.003125_L4.npz,021cb83fa86bf7eacc14613ed885609c81b2221562bd9a79209873791267d716,new
p13_integrable_calibrated_rk8_n400_dt0.003125_L4,S2,13.0,integrable_calibrated,rk8,400,0.003125,4.0,main,0.5,16001,0.0020713014026271536,0.0015515199266769586,2.071e-03 / 1.552e-03,C:\Users\msz\aca\Workspaces\hs_four_schemes_20260927\out\profiles\p13_integrable_calibrated_rk8_n400_dt0.003125_L4.npz,021cb83fa86bf7eacc14613ed885609c81b2221562bd9a79209873791267d716,new
p13_integrable_calibrated_rk8_n200_dt0.0125_L4,S2,13.0,integrable_calibrated,rk8,200,0.0125,4.0,main,0.25,8001,0.0020168796675680556,0.005613170299837822,2.017e-03 / 5.613e-03,C:\Users\msz\aca\Workspaces\hs_four_schemes_20260927\out\profiles\p13_integrable_calibrated_rk8_n200_dt0.0125_L4.npz,d285b95738db37008fe528b47f098d8f88cdce7a8b4d17fddb315a9ee8b9a719,new
p13_integrable_calibrated_rk8_n200_dt0.0125_L4,S2,13.0,integrable_calibrated,rk8,200,0.0125,4.0,main,0.5,8001,0.008268581754926172,0.006116388651751736,8.269e-03 / 6.116e-03,C:\Users\msz\aca\Workspaces\hs_four_schemes_20260927\out\profiles\p13_integrable_calibrated_rk8_n200_dt0.0125_L4.npz,d285b95738db37008fe528b47f098d8f88cdce7a8b4d17fddb315a9ee8b9a719,new
p13_difference_paper_ale_euler_n400_dt0.003125_L4,S3,13.0,difference_paper_ale,euler,400,0.003125,4.0,main,0.25,16001,0.0006779301827138165,0.0012097297650149885,6.779e-04 / 1.210e-03,C:\Users\msz\aca\Workspaces\hs_four_schemes_20260927\out\profiles\p13_difference_paper_ale_euler_n400_dt0.003125_L4.npz,286936e82a66343800095ab0821b8a69bc6d9db6d82db8ed2998b32e8166ae1b,new
p13_difference_paper_ale_euler_n400_dt0.003125_L4,S3,13.0,difference_paper_ale,euler,400,0.003125,4.0,main,0.5,16001,0.0009752647781062357,0.0013935460765915897,9.753e-04 / 1.394e-03,C:\Users\msz\aca\Workspaces\hs_four_schemes_20260927\out\profiles\p13_difference_paper_ale_euler_n400_dt0.003125_L4.npz,286936e82a66343800095ab0821b8a69bc6d9db6d82db8ed2998b32e8166ae1b,new
p13_difference_paper_ale_euler_n200_dt0.0125_L4,S3,13.0,difference_paper_ale,euler,200,0.0125,4.0,main,0.25,8001,0.0026483325119117454,0.004760465377748213,2.648e-03 / 4.760e-03,C:\Users\msz\aca\Workspaces\hs_four_schemes_20260927\out\profiles\p13_difference_paper_ale_euler_n200_dt0.0125_L4.npz,df19a1a8ad46d755eedbd7243f7cd09354a7eb31920c42261d2f45a6b306f446,new
p13_difference_paper_ale_euler_n200_dt0.0125_L4,S3,13.0,difference_paper_ale,euler,200,0.0125,4.0,main,0.5,8001,0.0038768261736118192,0.005511884478307749,3.877e-03 / 5.512e-03,C:\Users\msz\aca\Workspaces\hs_four_schemes_20260927\out\profiles\p13_difference_paper_ale_euler_n200_dt0.0125_L4.npz,df19a1a8ad46d755eedbd7243f7cd09354a7eb31920c42261d2f45a6b306f446,new
p13_difference_paper_ale_heun_n400_dt0.003125_L4,S3,13.0,difference_paper_ale,heun,400,0.003125,4.0,main,0.25,16001,0.0005013894700156007,0.0012259619392781529,5.014e-04 / 1.226e-03,C:\Users\msz\aca\Workspaces\hs_four_schemes_20260927\out\profiles\p13_difference_paper_ale_heun_n400_dt0.003125_L4.npz,4f555e9fe65fd59a4213fad2383fdd692b7490bfec89dfdc392f56c30b73687c,new
p13_difference_paper_ale_heun_n400_dt0.003125_L4,S3,13.0,difference_paper_ale,heun,400,0.003125,4.0,main,0.5,16001,0.000898702238248561,0.0013955259510170515,8.987e-04 / 1.396e-03,C:\Users\msz\aca\Workspaces\hs_four_schemes_20260927\out\profiles\p13_difference_paper_ale_heun_n400_dt0.003125_L4.npz,4f555e9fe65fd59a4213fad2383fdd692b7490bfec89dfdc392f56c30b73687c,new
p13_difference_paper_ale_heun_n200_dt0.0125_L4,S3,13.0,difference_paper_ale,heun,200,0.0125,4.0,main,0.25,8001,0.0019452141629897404,0.004839954276798952,1.945e-03 / 4.840e-03,C:\Users\msz\aca\Workspaces\hs_four_schemes_20260927\out\profiles\p13_difference_paper_ale_heun_n200_dt0.0125_L4.npz,162cca74aa820216cd98baae6068cabd9689473cd087a13b0644f6218873cee9,new
p13_difference_paper_ale_heun_n200_dt0.0125_L4,S3,13.0,difference_paper_ale,heun,200,0.0125,4.0,main,0.5,8001,0.0034724465652164957,0.005485098666946964,3.472e-03 / 5.485e-03,C:\Users\msz\aca\Workspaces\hs_four_schemes_20260927\out\profiles\p13_difference_paper_ale_heun_n200_dt0.0125_L4.npz,162cca74aa820216cd98baae6068cabd9689473cd087a13b0644f6218873cee9,new
p13_difference_paper_ale_rk4_n400_dt0.003125_L4,S3,13.0,difference_paper_ale,rk4,400,0.003125,4.0,main,0.25,16001,0.0005028631376941331,0.001225682991825905,5.029e-04 / 1.226e-03,C:\Users\msz\aca\Workspaces\hs_four_schemes_20260927\out\profiles\p13_difference_paper_ale_rk4_n400_dt0.003125_L4.npz,a378dc055ececa5249f88f4ee98f30dd297c3463c10ce3c85a7903929cac12c6,new
p13_difference_paper_ale_rk4_n400_dt0.003125_L4,S3,13.0,difference_paper_ale,rk4,400,0.003125,4.0,main,0.5,16001,0.0009018329174459716,0.0013952537782282448,9.018e-04 / 1.395e-03,C:\Users\msz\aca\Workspaces\hs_four_schemes_20260927\out\profiles\p13_difference_paper_ale_rk4_n400_dt0.003125_L4.npz,a378dc055ececa5249f88f4ee98f30dd297c3463c10ce3c85a7903929cac12c6,new
p13_difference_paper_ale_rk4_n200_dt0.0125_L4,S3,13.0,difference_paper_ale,rk4,200,0.0125,4.0,main,0.25,8001,0.0019664220063662988,0.004836188948298681,1.966e-03 / 4.836e-03,C:\Users\msz\aca\Workspaces\hs_four_schemes_20260927\out\profiles\p13_difference_paper_ale_rk4_n200_dt0.0125_L4.npz,e233cd185c22870c0755acd31ea9c8d943a3bd352454c45ecd054b9df98a2f73,new
p13_difference_paper_ale_rk4_n200_dt0.0125_L4,S3,13.0,difference_paper_ale,rk4,200,0.0125,4.0,main,0.5,8001,0.0035194099344900698,0.00548024392175489,3.519e-03 / 5.480e-03,C:\Users\msz\aca\Workspaces\hs_four_schemes_20260927\out\profiles\p13_difference_paper_ale_rk4_n200_dt0.0125_L4.npz,e233cd185c22870c0755acd31ea9c8d943a3bd352454c45ecd054b9df98a2f73,new
p13_difference_paper_ale_rk8_n400_dt0.003125_L4,S3,13.0,difference_paper_ale,rk8,400,0.003125,4.0,main,0.25,16001,0.0005028631193517638,0.0012256829952214665,5.029e-04 / 1.226e-03,C:\Users\msz\aca\Workspaces\hs_four_schemes_20260927\out\profiles\p13_difference_paper_ale_rk8_n400_dt0.003125_L4.npz,33837f5ec08535e0ec1073bfe17687825451cc611e44b47601e09f624de1620d,new
p13_difference_paper_ale_rk8_n400_dt0.003125_L4,S3,13.0,difference_paper_ale,rk8,400,0.003125,4.0,main,0.5,16001,0.0009018328785250704,0.0013952537813646804,9.018e-04 / 1.395e-03,C:\Users\msz\aca\Workspaces\hs_four_schemes_20260927\out\profiles\p13_difference_paper_ale_rk8_n400_dt0.003125_L4.npz,33837f5ec08535e0ec1073bfe17687825451cc611e44b47601e09f624de1620d,new
p13_difference_paper_ale_rk8_n200_dt0.0125_L4,S3,13.0,difference_paper_ale,rk8,200,0.0125,4.0,main,0.25,8001,0.0019664178169226665,0.004836189677905722,1.966e-03 / 4.836e-03,C:\Users\msz\aca\Workspaces\hs_four_schemes_20260927\out\profiles\p13_difference_paper_ale_rk8_n200_dt0.0125_L4.npz,263936339c9b230d33334302ce48af346ac5e0298edabcfe2f5d98a126b7a691,new
p13_difference_paper_ale_rk8_n200_dt0.0125_L4,S3,13.0,difference_paper_ale,rk8,200,0.0125,4.0,main,0.5,8001,0.003519400625430928,0.0054802448349872135,3.519e-03 / 5.480e-03,C:\Users\msz\aca\Workspaces\hs_four_schemes_20260927\out\profiles\p13_difference_paper_ale_rk8_n200_dt0.0125_L4.npz,263936339c9b230d33334302ce48af346ac5e0298edabcfe2f5d98a126b7a691,new
p13_difference_fixed_euler_n400_dt0.003125_L4,S4,13.0,difference_fixed,euler,400,0.003125,4.0,main,0.25,16001,6.72925666410952e-05,0.0003980698660122073,6.729e-05 / 3.981e-04,C:\Users\msz\aca\Workspaces\hs_waveform_atlas_20260927\out\profiles\p13_difference_fixed_euler_n400_dt0.003125_L4.npz,4767c2799eb9102312c7190cb0b4a4da6382835f666636261747af2a4e0c3029,reused
p13_difference_fixed_euler_n400_dt0.003125_L4,S4,13.0,difference_fixed,euler,400,0.003125,4.0,main,0.5,16001,7.657751486223052e-05,0.0004698853861208052,7.658e-05 / 4.699e-04,C:\Users\msz\aca\Workspaces\hs_waveform_atlas_20260927\out\profiles\p13_difference_fixed_euler_n400_dt0.003125_L4.npz,4767c2799eb9102312c7190cb0b4a4da6382835f666636261747af2a4e0c3029,reused
p13_difference_fixed_euler_n200_dt0.0125_L4,S4,13.0,difference_fixed,euler,200,0.0125,4.0,main,0.25,8001,0.0002679875400445515,0.0015544827476481338,2.680e-04 / 1.554e-03,C:\Users\msz\aca\Workspaces\hs_table_data_20260927\out\profiles\p13_difference_fixed_euler_n200_dt0.0125_L4.npz,89a44338273fdb99cb775f8bb565eaf490eab479d77cfd2a7c17002ff807910c,reused
p13_difference_fixed_euler_n200_dt0.0125_L4,S4,13.0,difference_fixed,euler,200,0.0125,4.0,main,0.5,8001,0.0003060248152824685,0.0018620892216960616,3.060e-04 / 1.862e-03,C:\Users\msz\aca\Workspaces\hs_table_data_20260927\out\profiles\p13_difference_fixed_euler_n200_dt0.0125_L4.npz,89a44338273fdb99cb775f8bb565eaf490eab479d77cfd2a7c17002ff807910c,reused
p13_difference_fixed_heun_n400_dt0.003125_L4,S4,13.0,difference_fixed,heun,400,0.003125,4.0,main,0.25,16001,6.952592774547503e-05,0.00041201205099805627,6.953e-05 / 4.120e-04,C:\Users\msz\aca\Workspaces\hs_table_data_20260927\out\profiles\p13_difference_fixed_heun_n400_dt0.003125_L4.npz,3b150cae596f39a6f61f15ee79bd11894f2690a5693d4ca0cdcf44b6fec68f87,reused
p13_difference_fixed_heun_n400_dt0.003125_L4,S4,13.0,difference_fixed,heun,400,0.003125,4.0,main,0.5,16001,8.04332409437003e-05,0.0004992017313519836,8.043e-05 / 4.992e-04,C:\Users\msz\aca\Workspaces\hs_table_data_20260927\out\profiles\p13_difference_fixed_heun_n400_dt0.003125_L4.npz,3b150cae596f39a6f61f15ee79bd11894f2690a5693d4ca0cdcf44b6fec68f87,reused
p13_difference_fixed_heun_n200_dt0.0125_L4,S4,13.0,difference_fixed,heun,200,0.0125,4.0,main,0.25,8001,0.00027620108813568994,0.0016088238605173055,2.762e-04 / 1.609e-03,C:\Users\msz\aca\Workspaces\hs_table_data_20260927\out\profiles\p13_difference_fixed_heun_n200_dt0.0125_L4.npz,808f3aeb7101c557cb6087904bacc15d740244575059d5a4488c43e008a4a92a,reused
p13_difference_fixed_heun_n200_dt0.0125_L4,S4,13.0,difference_fixed,heun,200,0.0125,4.0,main,0.5,8001,0.0003201084885656458,0.0019773615462268523,3.201e-04 / 1.977e-03,C:\Users\msz\aca\Workspaces\hs_table_data_20260927\out\profiles\p13_difference_fixed_heun_n200_dt0.0125_L4.npz,808f3aeb7101c557cb6087904bacc15d740244575059d5a4488c43e008a4a92a,reused
p13_difference_fixed_rk4_n400_dt0.003125_L4,S4,13.0,difference_fixed,rk4,400,0.003125,4.0,main,0.25,16001,6.952787088015597e-05,0.0004120214288184654,6.953e-05 / 4.120e-04,C:\Users\msz\aca\Workspaces\hs_table_data_20260927\out\profiles\p13_difference_fixed_rk4_n400_dt0.003125_L4.npz,46d14f5c236ff40d7b407b37beef18960c3ca8041ed99a29b65912b999f79114,reused
p13_difference_fixed_rk4_n400_dt0.003125_L4,S4,13.0,difference_fixed,rk4,400,0.003125,4.0,main,0.5,16001,8.043236532936926e-05,0.0004992216184717124,8.043e-05 / 4.992e-04,C:\Users\msz\aca\Workspaces\hs_table_data_20260927\out\profiles\p13_difference_fixed_rk4_n400_dt0.003125_L4.npz,46d14f5c236ff40d7b407b37beef18960c3ca8041ed99a29b65912b999f79114,reused
p13_difference_fixed_rk4_n200_dt0.0125_L4,S4,13.0,difference_fixed,rk4,200,0.0125,4.0,main,0.25,8001,0.00027624922119014184,0.0016089660047234888,2.762e-04 / 1.609e-03,C:\Users\msz\aca\Workspaces\hs_table_data_20260927\out\profiles\p13_difference_fixed_rk4_n200_dt0.0125_L4.npz,34c61cbc75a170169a7e8f5b9fa8f67debc93bfd5ca7d1e694d654250518d7a3,reused
p13_difference_fixed_rk4_n200_dt0.0125_L4,S4,13.0,difference_fixed,rk4,200,0.0125,4.0,main,0.5,8001,0.0003200586558474994,0.0019776711714389883,3.201e-04 / 1.978e-03,C:\Users\msz\aca\Workspaces\hs_table_data_20260927\out\profiles\p13_difference_fixed_rk4_n200_dt0.0125_L4.npz,34c61cbc75a170169a7e8f5b9fa8f67debc93bfd5ca7d1e694d654250518d7a3,reused
p13_difference_fixed_rk8_n400_dt0.003125_L4,S4,13.0,difference_fixed,rk8,400,0.003125,4.0,main,0.25,16001,6.952787087107296e-05,0.0004120214288170221,6.953e-05 / 4.120e-04,C:\Users\msz\aca\Workspaces\hs_table_data_20260927\out\profiles\p13_difference_fixed_rk8_n400_dt0.003125_L4.npz,5466c3187f9b8d4fe5e4a14f8089b6050090883e26e6383ff9e653bad5e4e9c6,reused
p13_difference_fixed_rk8_n400_dt0.003125_L4,S4,13.0,difference_fixed,rk8,400,0.003125,4.0,main,0.5,16001,8.043236534932552e-05,0.0004992216184726006,8.043e-05 / 4.992e-04,C:\Users\msz\aca\Workspaces\hs_table_data_20260927\out\profiles\p13_difference_fixed_rk8_n400_dt0.003125_L4.npz,5466c3187f9b8d4fe5e4a14f8089b6050090883e26e6383ff9e653bad5e4e9c6,reused
p13_difference_fixed_rk8_n200_dt0.0125_L4,S4,13.0,difference_fixed,rk8,200,0.0125,4.0,main,0.25,8001,0.0002762492157222518,0.0016089660033524744,2.762e-04 / 1.609e-03,C:\Users\msz\aca\Workspaces\hs_table_data_20260927\out\profiles\p13_difference_fixed_rk8_n200_dt0.0125_L4.npz,27a9d2cdd6e07f4e3d93758cf7640708a989d15f99bc8b523e441026dee67a74,reused
p13_difference_fixed_rk8_n200_dt0.0125_L4,S4,13.0,difference_fixed,rk8,200,0.0125,4.0,main,0.5,8001,0.0003200586677800099,0.0019776711718979545,3.201e-04 / 1.978e-03,C:\Users\msz\aca\Workspaces\hs_table_data_20260927\out\profiles\p13_difference_fixed_rk8_n200_dt0.0125_L4.npz,27a9d2cdd6e07f4e3d93758cf7640708a989d15f99bc8b523e441026dee67a74,reused
p14_integrable_original_euler_n400_dt0.003125_L4,S1,14.0,integrable_original,euler,400,0.003125,4.0,main,0.25,16001,0.01490064972625185,0.0028265115620683123,1.490e-02 / 2.827e-03,C:\Users\msz\aca\Workspaces\hs_error_theory_20260926\out_v2\profiles\p14_integrable_original_euler_n400_dt0.003125_L4.npz,3d17b8b75359b877d8dd24ebdef587a983f2d803063370b4a324c6b0ae8797cf,reused
p14_integrable_original_euler_n400_dt0.003125_L4,S1,14.0,integrable_original,euler,400,0.003125,4.0,main,0.5,16001,0.06311045991301509,0.011075842549662873,6.311e-02 / 1.108e-02,C:\Users\msz\aca\Workspaces\hs_error_theory_20260926\out_v2\profiles\p14_integrable_original_euler_n400_dt0.003125_L4.npz,3d17b8b75359b877d8dd24ebdef587a983f2d803063370b4a324c6b0ae8797cf,reused
p14_integrable_original_euler_n200_dt0.0125_L4,S1,14.0,integrable_original,euler,200,0.0125,4.0,main,0.25,8001,0.029706197309422224,0.0086635905787657,2.971e-02 / 8.664e-03,C:\Users\msz\aca\Workspaces\hs_four_schemes_20260927\out\profiles\p14_integrable_original_euler_n200_dt0.0125_L4.npz,570ec1446ee46c1a001f5d9ffa716d06117d67fe0e44daa7db91a174f84d3b9b,new
p14_integrable_original_euler_n200_dt0.0125_L4,S1,14.0,integrable_original,euler,200,0.0125,4.0,main,0.5,8001,0.1258819713949995,0.02226237892423477,1.259e-01 / 2.226e-02,C:\Users\msz\aca\Workspaces\hs_four_schemes_20260927\out\profiles\p14_integrable_original_euler_n200_dt0.0125_L4.npz,570ec1446ee46c1a001f5d9ffa716d06117d67fe0e44daa7db91a174f84d3b9b,new
p14_integrable_original_heun_n400_dt0.003125_L4,S1,14.0,integrable_original,heun,400,0.003125,4.0,main,0.25,16001,0.015086568292902986,0.0028447313459073476,1.509e-02 / 2.845e-03,C:\Users\msz\aca\Workspaces\hs_four_schemes_20260927\out\profiles\p14_integrable_original_heun_n400_dt0.003125_L4.npz,b9a0fc78fa7a6b0bcc95bb865d0fa262eb882243bc5f6a56e3956f79c769d91e,new
p14_integrable_original_heun_n400_dt0.003125_L4,S1,14.0,integrable_original,heun,400,0.003125,4.0,main,0.5,16001,0.06391581951211225,0.011170709553459002,6.392e-02 / 1.117e-02,C:\Users\msz\aca\Workspaces\hs_four_schemes_20260927\out\profiles\p14_integrable_original_heun_n400_dt0.003125_L4.npz,b9a0fc78fa7a6b0bcc95bb865d0fa262eb882243bc5f6a56e3956f79c769d91e,new
p14_integrable_original_heun_n200_dt0.0125_L4,S1,14.0,integrable_original,heun,200,0.0125,4.0,main,0.25,8001,0.031232354843785053,0.008832987266034542,3.123e-02 / 8.833e-03,C:\Users\msz\aca\Workspaces\hs_four_schemes_20260927\out\profiles\p14_integrable_original_heun_n200_dt0.0125_L4.npz,0926b5f1bd61fa6eaddc415e7803bfdc3005e037911200d57e89fcebc6fb7c4a,new
p14_integrable_original_heun_n200_dt0.0125_L4,S1,14.0,integrable_original,heun,200,0.0125,4.0,main,0.5,8001,0.13263946351329173,0.023168486796959153,1.326e-01 / 2.317e-02,C:\Users\msz\aca\Workspaces\hs_four_schemes_20260927\out\profiles\p14_integrable_original_heun_n200_dt0.0125_L4.npz,0926b5f1bd61fa6eaddc415e7803bfdc3005e037911200d57e89fcebc6fb7c4a,new
p14_integrable_original_rk4_n400_dt0.003125_L4,S1,14.0,integrable_original,rk4,400,0.003125,4.0,main,0.25,16001,0.015087089426551384,0.002844802554701653,1.509e-02 / 2.845e-03,C:\Users\msz\aca\Workspaces\hs_error_theory_20260926\out_v2\profiles\p14_integrable_original_rk4_n400_dt0.003125_L4.npz,84af16ea41872f726faba8a3987dc5b5931324db23ef570bd67c99d807ec88c9,reused
p14_integrable_original_rk4_n400_dt0.003125_L4,S1,14.0,integrable_original,rk4,400,0.003125,4.0,main,0.5,16001,0.0639178196484964,0.011170983276205582,6.392e-02 / 1.117e-02,C:\Users\msz\aca\Workspaces\hs_error_theory_20260926\out_v2\profiles\p14_integrable_original_rk4_n400_dt0.003125_L4.npz,84af16ea41872f726faba8a3987dc5b5931324db23ef570bd67c99d807ec88c9,reused
p14_integrable_original_rk4_n200_dt0.0125_L4,S1,14.0,integrable_original,rk4,200,0.0125,4.0,main,0.25,8001,0.03125188154469748,0.008834964237658949,3.125e-02 / 8.835e-03,C:\Users\msz\aca\Workspaces\hs_four_schemes_20260927\out\profiles\p14_integrable_original_rk4_n200_dt0.0125_L4.npz,71672cb2d62eab3c6758d49fbf1780e135dbedd1212e92ce4beb2c4be6faedc0,new
p14_integrable_original_rk4_n200_dt0.0125_L4,S1,14.0,integrable_original,rk4,200,0.0125,4.0,main,0.5,8001,0.1327158829170462,0.0231776109423254,1.327e-01 / 2.318e-02,C:\Users\msz\aca\Workspaces\hs_four_schemes_20260927\out\profiles\p14_integrable_original_rk4_n200_dt0.0125_L4.npz,71672cb2d62eab3c6758d49fbf1780e135dbedd1212e92ce4beb2c4be6faedc0,new
p14_integrable_original_rk8_n400_dt0.003125_L4,S1,14.0,integrable_original,rk8,400,0.003125,4.0,main,0.25,16001,0.015087089427449525,0.0028448025546496947,1.509e-02 / 2.845e-03,C:\Users\msz\aca\Workspaces\hs_four_schemes_20260927\out\profiles\p14_integrable_original_rk8_n400_dt0.003125_L4.npz,f39caf9f6b6276876229ced5bd4355ad50e1679bcd8491be3a9c942c5d9f82d1,new
p14_integrable_original_rk8_n400_dt0.003125_L4,S1,14.0,integrable_original,rk8,400,0.003125,4.0,main,0.5,16001,0.0639178196523601,0.011170983276111102,6.392e-02 / 1.117e-02,C:\Users\msz\aca\Workspaces\hs_four_schemes_20260927\out\profiles\p14_integrable_original_rk8_n400_dt0.003125_L4.npz,f39caf9f6b6276876229ced5bd4355ad50e1679bcd8491be3a9c942c5d9f82d1,new
p14_integrable_original_rk8_n200_dt0.0125_L4,S1,14.0,integrable_original,rk8,200,0.0125,4.0,main,0.25,8001,0.0312518823437426,0.008834964240302556,3.125e-02 / 8.835e-03,C:\Users\msz\aca\Workspaces\hs_four_schemes_20260927\out\profiles\p14_integrable_original_rk8_n200_dt0.0125_L4.npz,5dfc207156b27c3cab967831351d6f7013d946c5da7e3789aa08bc8375375b0b,new
p14_integrable_original_rk8_n200_dt0.0125_L4,S1,14.0,integrable_original,rk8,200,0.0125,4.0,main,0.5,8001,0.13271588598280293,0.02317761101038951,1.327e-01 / 2.318e-02,C:\Users\msz\aca\Workspaces\hs_four_schemes_20260927\out\profiles\p14_integrable_original_rk8_n200_dt0.0125_L4.npz,5dfc207156b27c3cab967831351d6f7013d946c5da7e3789aa08bc8375375b0b,new
p14_integrable_calibrated_euler_n400_dt0.003125_L4,S2,14.0,integrable_calibrated,euler,400,0.003125,4.0,main,0.25,16001,0.0006030724039548518,0.0017224905465674234,6.031e-04 / 1.722e-03,C:\Users\msz\aca\Workspaces\hs_error_theory_20260926\out_v2\profiles\p14_integrable_calibrated_euler_n400_dt0.003125_L4.npz,bb4ec5104aaaa24f82569dd212014e39744cc416349f478fd52e1b1917e0bdc4,reused
p14_integrable_calibrated_euler_n400_dt0.003125_L4,S2,14.0,integrable_calibrated,euler,400,0.003125,4.0,main,0.5,16001,0.002305615004536894,0.001862310922335353,2.306e-03 / 1.862e-03,C:\Users\msz\aca\Workspaces\hs_error_theory_20260926\out_v2\profiles\p14_integrable_calibrated_euler_n400_dt0.003125_L4.npz,bb4ec5104aaaa24f82569dd212014e39744cc416349f478fd52e1b1917e0bdc4,reused
p14_integrable_calibrated_euler_n200_dt0.0125_L4,S2,14.0,integrable_calibrated,euler,200,0.0125,4.0,main,0.25,8001,0.0023736344050949987,0.006660456391970271,2.374e-03 / 6.660e-03,C:\Users\msz\aca\Workspaces\hs_four_schemes_20260927\out\profiles\p14_integrable_calibrated_euler_n200_dt0.0125_L4.npz,480a80dc5c4eaf6bb704e1dc88f628b9c4a8680ff822fcbf47433c0b6144e495,new
p14_integrable_calibrated_euler_n200_dt0.0125_L4,S2,14.0,integrable_calibrated,euler,200,0.0125,4.0,main,0.5,8001,0.008824529793093784,0.007330629853079862,8.825e-03 / 7.331e-03,C:\Users\msz\aca\Workspaces\hs_four_schemes_20260927\out\profiles\p14_integrable_calibrated_euler_n200_dt0.0125_L4.npz,480a80dc5c4eaf6bb704e1dc88f628b9c4a8680ff822fcbf47433c0b6144e495,new
p14_integrable_calibrated_heun_n400_dt0.003125_L4,S2,14.0,integrable_calibrated,heun,400,0.003125,4.0,main,0.25,16001,0.0006316157870559225,0.001729621590784769,6.316e-04 / 1.730e-03,C:\Users\msz\aca\Workspaces\hs_four_schemes_20260927\out\profiles\p14_integrable_calibrated_heun_n400_dt0.003125_L4.npz,b65367a5b3fac202213080ca70df8f3715e6f57129462a23666f4250350a5f5e,new
p14_integrable_calibrated_heun_n400_dt0.003125_L4,S2,14.0,integrable_calibrated,heun,400,0.003125,4.0,main,0.5,16001,0.002269957240780039,0.001870835618093869,2.270e-03 / 1.871e-03,C:\Users\msz\aca\Workspaces\hs_four_schemes_20260927\out\profiles\p14_integrable_calibrated_heun_n400_dt0.003125_L4.npz,b65367a5b3fac202213080ca70df8f3715e6f57129462a23666f4250350a5f5e,new
p14_integrable_calibrated_heun_n200_dt0.0125_L4,S2,14.0,integrable_calibrated,heun,200,0.0125,4.0,main,0.25,8001,0.0024791970601047986,0.006669320746966134,2.479e-03 / 6.669e-03,C:\Users\msz\aca\Workspaces\hs_four_schemes_20260927\out\profiles\p14_integrable_calibrated_heun_n200_dt0.0125_L4.npz,7ca5596ed50d8f99b1c5d0e1aa2c8fbe0c408ee89f542c3580964f58dcc7304e,new
p14_integrable_calibrated_heun_n200_dt0.0125_L4,S2,14.0,integrable_calibrated,heun,200,0.0125,4.0,main,0.5,8001,0.009059877338183392,0.007386361864533286,9.060e-03 / 7.386e-03,C:\Users\msz\aca\Workspaces\hs_four_schemes_20260927\out\profiles\p14_integrable_calibrated_heun_n200_dt0.0125_L4.npz,7ca5596ed50d8f99b1c5d0e1aa2c8fbe0c408ee89f542c3580964f58dcc7304e,new
p14_integrable_calibrated_rk4_n400_dt0.003125_L4,S2,14.0,integrable_calibrated,rk4,400,0.003125,4.0,main,0.25,16001,0.0006316529292346718,0.0017296423153997376,6.317e-04 / 1.730e-03,C:\Users\msz\aca\Workspaces\hs_error_theory_20260926\out_v2\profiles\p14_integrable_calibrated_rk4_n400_dt0.003125_L4.npz,073095de8fbbe6adc225753fe93d4fd749dcb9cd1ced856252939a94bd5d3964,reused
p14_integrable_calibrated_rk4_n400_dt0.003125_L4,S2,14.0,integrable_calibrated,rk4,400,0.003125,4.0,main,0.5,16001,0.002269394762828746,0.0018708411765329114,2.269e-03 / 1.871e-03,C:\Users\msz\aca\Workspaces\hs_error_theory_20260926\out_v2\profiles\p14_integrable_calibrated_rk4_n400_dt0.003125_L4.npz,073095de8fbbe6adc225753fe93d4fd749dcb9cd1ced856252939a94bd5d3964,reused
p14_integrable_calibrated_rk4_n200_dt0.0125_L4,S2,14.0,integrable_calibrated,rk4,200,0.0125,4.0,main,0.25,8001,0.002479835383872725,0.006669612973337902,2.480e-03 / 6.670e-03,C:\Users\msz\aca\Workspaces\hs_four_schemes_20260927\out\profiles\p14_integrable_calibrated_rk4_n200_dt0.0125_L4.npz,c65c563b69575a7580da5ab08d3263778850d4be1dbfc9bf8fc22f89528ba464,new
p14_integrable_calibrated_rk4_n200_dt0.0125_L4,S2,14.0,integrable_calibrated,rk4,200,0.0125,4.0,main,0.5,8001,0.00905550464306641,0.007386646729203528,9.056e-03 / 7.387e-03,C:\Users\msz\aca\Workspaces\hs_four_schemes_20260927\out\profiles\p14_integrable_calibrated_rk4_n200_dt0.0125_L4.npz,c65c563b69575a7580da5ab08d3263778850d4be1dbfc9bf8fc22f89528ba464,new
p14_integrable_calibrated_rk8_n400_dt0.003125_L4,S2,14.0,integrable_calibrated,rk8,400,0.003125,4.0,main,0.25,16001,0.0006316529292455242,0.001729642315319413,6.317e-04 / 1.730e-03,C:\Users\msz\aca\Workspaces\hs_four_schemes_20260927\out\profiles\p14_integrable_calibrated_rk8_n400_dt0.003125_L4.npz,e6aa7ee681a774878c38c7b4ce3b0ef7366b8af8787865f575d42461a47b1901,new
p14_integrable_calibrated_rk8_n400_dt0.003125_L4,S2,14.0,integrable_calibrated,rk8,400,0.003125,4.0,main,0.5,16001,0.002269394759414232,0.001870841176319582,2.269e-03 / 1.871e-03,C:\Users\msz\aca\Workspaces\hs_four_schemes_20260927\out\profiles\p14_integrable_calibrated_rk8_n400_dt0.003125_L4.npz,e6aa7ee681a774878c38c7b4ce3b0ef7366b8af8787865f575d42461a47b1901,new
p14_integrable_calibrated_rk8_n200_dt0.0125_L4,S2,14.0,integrable_calibrated,rk8,200,0.0125,4.0,main,0.25,8001,0.0024798353872924617,0.006669612948590475,2.480e-03 / 6.670e-03,C:\Users\msz\aca\Workspaces\hs_four_schemes_20260927\out\profiles\p14_integrable_calibrated_rk8_n200_dt0.0125_L4.npz,c7c7aeaffd4e1365c127fec72077c69fe0f8fccad96bd2acd65cb29acb423ab3,new
p14_integrable_calibrated_rk8_n200_dt0.0125_L4,S2,14.0,integrable_calibrated,rk8,200,0.0125,4.0,main,0.5,8001,0.009055503977603727,0.007386646677505937,9.056e-03 / 7.387e-03,C:\Users\msz\aca\Workspaces\hs_four_schemes_20260927\out\profiles\p14_integrable_calibrated_rk8_n200_dt0.0125_L4.npz,c7c7aeaffd4e1365c127fec72077c69fe0f8fccad96bd2acd65cb29acb423ab3,new
p14_difference_paper_ale_euler_n400_dt0.003125_L4,S3,14.0,difference_paper_ale,euler,400,0.003125,4.0,main,0.25,16001,0.0008176518817884226,0.0014580709695559135,8.177e-04 / 1.458e-03,C:\Users\msz\aca\Workspaces\hs_four_schemes_20260927\out\profiles\p14_difference_paper_ale_euler_n400_dt0.003125_L4.npz,118a32fb3ce651424fe24847d4be0fccb263fd02cb8f102b74922929c21eb91a,new
p14_difference_paper_ale_euler_n400_dt0.003125_L4,S3,14.0,difference_paper_ale,euler,400,0.003125,4.0,main,0.5,16001,0.0012091099134729083,0.0016851859068179875,1.209e-03 / 1.685e-03,C:\Users\msz\aca\Workspaces\hs_four_schemes_20260927\out\profiles\p14_difference_paper_ale_euler_n400_dt0.003125_L4.npz,118a32fb3ce651424fe24847d4be0fccb263fd02cb8f102b74922929c21eb91a,new
p14_difference_paper_ale_euler_n200_dt0.0125_L4,S3,14.0,difference_paper_ale,euler,200,0.0125,4.0,main,0.25,8001,0.0031733857060217835,0.005766250486031743,3.173e-03 / 5.766e-03,C:\Users\msz\aca\Workspaces\hs_four_schemes_20260927\out\profiles\p14_difference_paper_ale_euler_n200_dt0.0125_L4.npz,4d4a97065804922489d01b459d72c9f926ca1551fec71af64111d275f4c37dc2,new
p14_difference_paper_ale_euler_n200_dt0.0125_L4,S3,14.0,difference_paper_ale,euler,200,0.0125,4.0,main,0.5,8001,0.004760513607625444,0.006557871116071035,4.761e-03 / 6.558e-03,C:\Users\msz\aca\Workspaces\hs_four_schemes_20260927\out\profiles\p14_difference_paper_ale_euler_n200_dt0.0125_L4.npz,4d4a97065804922489d01b459d72c9f926ca1551fec71af64111d275f4c37dc2,new
p14_difference_paper_ale_heun_n400_dt0.003125_L4,S3,14.0,difference_paper_ale,heun,400,0.003125,4.0,main,0.25,16001,0.0006175854455847535,0.001469006757094049,6.176e-04 / 1.469e-03,C:\Users\msz\aca\Workspaces\hs_four_schemes_20260927\out\profiles\p14_difference_paper_ale_heun_n400_dt0.003125_L4.npz,0ab2570d759be5069206dfdce86ad8c0676ed7079af87f139628c67034b26deb,new
p14_difference_paper_ale_heun_n400_dt0.003125_L4,S3,14.0,difference_paper_ale,heun,400,0.003125,4.0,main,0.5,16001,0.0011207972425450533,0.0016666559426609662,1.121e-03 / 1.667e-03,C:\Users\msz\aca\Workspaces\hs_four_schemes_20260927\out\profiles\p14_difference_paper_ale_heun_n400_dt0.003125_L4.npz,0ab2570d759be5069206dfdce86ad8c0676ed7079af87f139628c67034b26deb,new
p14_difference_paper_ale_heun_n200_dt0.0125_L4,S3,14.0,difference_paper_ale,heun,200,0.0125,4.0,main,0.25,8001,0.002371527720860432,0.005832063682892075,2.372e-03 / 5.832e-03,C:\Users\msz\aca\Workspaces\hs_four_schemes_20260927\out\profiles\p14_difference_paper_ale_heun_n200_dt0.0125_L4.npz,81c0adf4c8ac1a015fb217897307ba9fbff209f05437913bffd5a19aff87e479,new
p14_difference_paper_ale_heun_n200_dt0.0125_L4,S3,14.0,difference_paper_ale,heun,200,0.0125,4.0,main,0.5,8001,0.004295069074303319,0.00644204990378483,4.295e-03 / 6.442e-03,C:\Users\msz\aca\Workspaces\hs_four_schemes_20260927\out\profiles\p14_difference_paper_ale_heun_n200_dt0.0125_L4.npz,81c0adf4c8ac1a015fb217897307ba9fbff209f05437913bffd5a19aff87e479,new
p14_difference_paper_ale_rk4_n400_dt0.003125_L4,S3,14.0,difference_paper_ale,rk4,400,0.003125,4.0,main,0.25,16001,0.0006192094053162761,0.0014686478975187156,6.192e-04 / 1.469e-03,C:\Users\msz\aca\Workspaces\hs_four_schemes_20260927\out\profiles\p14_difference_paper_ale_rk4_n400_dt0.003125_L4.npz,be841ff3e177228112f18a0ff51b282fd83a628b598a884accbb504cc5084972,new
p14_difference_paper_ale_rk4_n400_dt0.003125_L4,S3,14.0,difference_paper_ale,rk4,400,0.003125,4.0,main,0.5,16001,0.0011242759661095406,0.0016663043137899458,1.124e-03 / 1.666e-03,C:\Users\msz\aca\Workspaces\hs_four_schemes_20260927\out\profiles\p14_difference_paper_ale_rk4_n400_dt0.003125_L4.npz,be841ff3e177228112f18a0ff51b282fd83a628b598a884accbb504cc5084972,new
p14_difference_paper_ale_rk4_n200_dt0.0125_L4,S3,14.0,difference_paper_ale,rk4,200,0.0125,4.0,main,0.25,8001,0.002394940953476539,0.0058272927557099785,2.395e-03 / 5.827e-03,C:\Users\msz\aca\Workspaces\hs_four_schemes_20260927\out\profiles\p14_difference_paper_ale_rk4_n200_dt0.0125_L4.npz,cb542f2c6a5cdba7bf44275ffd71c682cf3981e733433ed1c5684f39d7c58b13,new
p14_difference_paper_ale_rk4_n200_dt0.0125_L4,S3,14.0,difference_paper_ale,rk4,200,0.0125,4.0,main,0.5,8001,0.0043468147843169005,0.006435765076329036,4.347e-03 / 6.436e-03,C:\Users\msz\aca\Workspaces\hs_four_schemes_20260927\out\profiles\p14_difference_paper_ale_rk4_n200_dt0.0125_L4.npz,cb542f2c6a5cdba7bf44275ffd71c682cf3981e733433ed1c5684f39d7c58b13,new
p14_difference_paper_ale_rk8_n400_dt0.003125_L4,S3,14.0,difference_paper_ale,rk8,400,0.003125,4.0,main,0.25,16001,0.0006192093850426461,0.0014686479018501952,6.192e-04 / 1.469e-03,C:\Users\msz\aca\Workspaces\hs_four_schemes_20260927\out\profiles\p14_difference_paper_ale_rk8_n400_dt0.003125_L4.npz,5ff1f94518b9046426f229da42b4f3464d7a8979ee84fc35f8adb02a072c0948,new
p14_difference_paper_ale_rk8_n400_dt0.003125_L4,S3,14.0,difference_paper_ale,rk8,400,0.003125,4.0,main,0.5,16001,0.0011242759227324886,0.0016663043177646553,1.124e-03 / 1.666e-03,C:\Users\msz\aca\Workspaces\hs_four_schemes_20260927\out\profiles\p14_difference_paper_ale_rk8_n400_dt0.003125_L4.npz,5ff1f94518b9046426f229da42b4f3464d7a8979ee84fc35f8adb02a072c0948,new
p14_difference_paper_ale_rk8_n200_dt0.0125_L4,S3,14.0,difference_paper_ale,rk8,200,0.0125,4.0,main,0.25,8001,0.002394936321398436,0.0058272936709928835,2.395e-03 / 5.827e-03,C:\Users\msz\aca\Workspaces\hs_four_schemes_20260927\out\profiles\p14_difference_paper_ale_rk8_n200_dt0.0125_L4.npz,b41f884ead7cfb38e7fc53eb5524820ddcef8c3c6376dc70b7778c38152d69f3,new
p14_difference_paper_ale_rk8_n200_dt0.0125_L4,S3,14.0,difference_paper_ale,rk8,200,0.0125,4.0,main,0.5,8001,0.004346804503754791,0.006435766238488461,4.347e-03 / 6.436e-03,C:\Users\msz\aca\Workspaces\hs_four_schemes_20260927\out\profiles\p14_difference_paper_ale_rk8_n200_dt0.0125_L4.npz,b41f884ead7cfb38e7fc53eb5524820ddcef8c3c6376dc70b7778c38152d69f3,new
p14_difference_fixed_euler_n400_dt0.003125_L4,S4,14.0,difference_fixed,euler,400,0.003125,4.0,main,0.25,16001,7.63121555202445e-05,0.0004758629498156086,7.631e-05 / 4.759e-04,C:\Users\msz\aca\Workspaces\hs_error_theory_20260926\out_v2\profiles\p14_difference_fixed_euler_n400_dt0.003125_L4.npz,3e69b4c3eb4dccc77db65a46072f3c2a4d33b4097e6f112b6df48607e07bbd2a,reused
p14_difference_fixed_euler_n400_dt0.003125_L4,S4,14.0,difference_fixed,euler,400,0.003125,4.0,main,0.5,16001,8.504744926432495e-05,0.0005651745461769941,8.505e-05 / 5.652e-04,C:\Users\msz\aca\Workspaces\hs_error_theory_20260926\out_v2\profiles\p14_difference_fixed_euler_n400_dt0.003125_L4.npz,3e69b4c3eb4dccc77db65a46072f3c2a4d33b4097e6f112b6df48607e07bbd2a,reused
p14_difference_fixed_euler_n200_dt0.0125_L4,S4,14.0,difference_fixed,euler,200,0.0125,4.0,main,0.25,8001,0.0003017842230856084,0.001897337863466242,3.018e-04 / 1.897e-03,C:\Users\msz\aca\Workspaces\hs_table_data_20260927\out\profiles\p14_difference_fixed_euler_n200_dt0.0125_L4.npz,cf071f849f6e2b341f14ce72ca413abd3acb8f729d44903c085a29431778a9cd,reused
p14_difference_fixed_euler_n200_dt0.0125_L4,S4,14.0,difference_fixed,euler,200,0.0125,4.0,main,0.5,8001,0.000339928771069975,0.0021968684387823068,3.399e-04 / 2.197e-03,C:\Users\msz\aca\Workspaces\hs_table_data_20260927\out\profiles\p14_difference_fixed_euler_n200_dt0.0125_L4.npz,cf071f849f6e2b341f14ce72ca413abd3acb8f729d44903c085a29431778a9cd,reused
p14_difference_fixed_heun_n400_dt0.003125_L4,S4,14.0,difference_fixed,heun,400,0.003125,4.0,main,0.25,16001,7.848392041766294e-05,0.0004901371348206007,7.848e-05 / 4.901e-04,C:\Users\msz\aca\Workspaces\hs_table_data_20260927\out\profiles\p14_difference_fixed_heun_n400_dt0.003125_L4.npz,83d6326c4ae57cba0548075ec3ccc4120ebb25f9c8a717833b1ccb8c60e1ed4e,reused
p14_difference_fixed_heun_n400_dt0.003125_L4,S4,14.0,difference_fixed,heun,400,0.003125,4.0,main,0.5,16001,8.856314902205842e-05,0.0005956097012946859,8.856e-05 / 5.956e-04,C:\Users\msz\aca\Workspaces\hs_table_data_20260927\out\profiles\p14_difference_fixed_heun_n400_dt0.003125_L4.npz,83d6326c4ae57cba0548075ec3ccc4120ebb25f9c8a717833b1ccb8c60e1ed4e,reused
p14_difference_fixed_heun_n200_dt0.0125_L4,S4,14.0,difference_fixed,heun,200,0.0125,4.0,main,0.25,8001,0.00030944111087146536,0.001954354237479472,3.094e-04 / 1.954e-03,C:\Users\msz\aca\Workspaces\hs_table_data_20260927\out\profiles\p14_difference_fixed_heun_n200_dt0.0125_L4.npz,24b811ed8fd58227cc2268e5b48611459ebaba0b8f70ebef899888c621d8a8b1,reused
p14_difference_fixed_heun_n200_dt0.0125_L4,S4,14.0,difference_fixed,heun,200,0.0125,4.0,main,0.5,8001,0.0003523382998734115,0.002316087702839309,3.523e-04 / 2.316e-03,C:\Users\msz\aca\Workspaces\hs_table_data_20260927\out\profiles\p14_difference_fixed_heun_n200_dt0.0125_L4.npz,24b811ed8fd58227cc2268e5b48611459ebaba0b8f70ebef899888c621d8a8b1,reused
p14_difference_fixed_rk4_n400_dt0.003125_L4,S4,14.0,difference_fixed,rk4,400,0.003125,4.0,main,0.25,16001,7.848597447623895e-05,0.0004901473228701159,7.849e-05 / 4.901e-04,C:\Users\msz\aca\Workspaces\hs_error_theory_20260926\out_v2\profiles\p14_difference_fixed_rk4_n400_dt0.003125_L4.npz,ab2dd34cfc3dc3a7409e70134f0d09d9fb1283574c0699b7904a6c52b430b134,reused
p14_difference_fixed_rk4_n400_dt0.003125_L4,S4,14.0,difference_fixed,rk4,400,0.003125,4.0,main,0.5,16001,8.856221441488898e-05,0.0005956306898883268,8.856e-05 / 5.956e-04,C:\Users\msz\aca\Workspaces\hs_error_theory_20260926\out_v2\profiles\p14_difference_fixed_rk4_n400_dt0.003125_L4.npz,ab2dd34cfc3dc3a7409e70134f0d09d9fb1283574c0699b7904a6c52b430b134,reused
p14_difference_fixed_rk4_n200_dt0.0125_L4,S4,14.0,difference_fixed,rk4,200,0.0125,4.0,main,0.25,8001,0.00030949518566341164,0.0019545132182211544,3.095e-04 / 1.955e-03,C:\Users\msz\aca\Workspaces\hs_table_data_20260927\out\profiles\p14_difference_fixed_rk4_n200_dt0.0125_L4.npz,504764ab5c986e85e3164e7ea85f02d4785e9ad6f408ad76ff0eb695668c5625,reused
p14_difference_fixed_rk4_n200_dt0.0125_L4,S4,14.0,difference_fixed,rk4,200,0.0125,4.0,main,0.5,8001,0.0003522798767702784,0.002316393995769661,3.523e-04 / 2.316e-03,C:\Users\msz\aca\Workspaces\hs_table_data_20260927\out\profiles\p14_difference_fixed_rk4_n200_dt0.0125_L4.npz,504764ab5c986e85e3164e7ea85f02d4785e9ad6f408ad76ff0eb695668c5625,reused
p14_difference_fixed_rk8_n400_dt0.003125_L4,S4,14.0,difference_fixed,rk8,400,0.003125,4.0,main,0.25,16001,7.848597446842576e-05,0.0004901473228694497,7.849e-05 / 4.901e-04,C:\Users\msz\aca\Workspaces\hs_table_data_20260927\out\profiles\p14_difference_fixed_rk8_n400_dt0.003125_L4.npz,3ba4f9f8769e5041fe1bf58687d9f614eed3844707e638005e08b5d528ea77d3,reused
p14_difference_fixed_rk8_n400_dt0.003125_L4,S4,14.0,difference_fixed,rk8,400,0.003125,4.0,main,0.5,16001,8.85622144366216e-05,0.0005956306898901031,8.856e-05 / 5.956e-04,C:\Users\msz\aca\Workspaces\hs_table_data_20260927\out\profiles\p14_difference_fixed_rk8_n400_dt0.003125_L4.npz,3ba4f9f8769e5041fe1bf58687d9f614eed3844707e638005e08b5d528ea77d3,reused
p14_difference_fixed_rk8_n200_dt0.0125_L4,S4,14.0,difference_fixed,rk8,200,0.0125,4.0,main,0.25,8001,0.00030949517901735293,0.001954513216810949,3.095e-04 / 1.955e-03,C:\Users\msz\aca\Workspaces\hs_table_data_20260927\out\profiles\p14_difference_fixed_rk8_n200_dt0.0125_L4.npz,91c14e60cf381cc84cb37d70ff5a1fd875a223d3f4d3ed89e2145c6b89107c81,reused
p14_difference_fixed_rk8_n200_dt0.0125_L4,S4,14.0,difference_fixed,rk8,200,0.0125,4.0,main,0.5,8001,0.0003522798902748092,0.00231639399638095,3.523e-04 / 2.316e-03,C:\Users\msz\aca\Workspaces\hs_table_data_20260927\out\profiles\p14_difference_fixed_rk8_n200_dt0.0125_L4.npz,91c14e60cf381cc84cb37d70ff5a1fd875a223d3f4d3ed89e2145c6b89107c81,reused
p15_integrable_original_euler_n400_dt0.003125_L4,S1,15.0,integrable_original,euler,400,0.003125,4.0,main,0.25,16001,0.014915414560808134,0.003175709710891539,1.492e-02 / 3.176e-03,C:\Users\msz\aca\Workspaces\hs_waveform_atlas_20260927\out\profiles\p15_integrable_original_euler_n400_dt0.003125_L4.npz,bcaa9e5a7d1666aaccdd22d2331661fb8a0189763330f5eed594c597da7671a9,reused
p15_integrable_original_euler_n400_dt0.003125_L4,S1,15.0,integrable_original,euler,400,0.003125,4.0,main,0.5,16001,0.06313428881426682,0.011734797184045132,6.313e-02 / 1.173e-02,C:\Users\msz\aca\Workspaces\hs_waveform_atlas_20260927\out\profiles\p15_integrable_original_euler_n400_dt0.003125_L4.npz,bcaa9e5a7d1666aaccdd22d2331661fb8a0189763330f5eed594c597da7671a9,reused
p15_integrable_original_euler_n200_dt0.0125_L4,S1,15.0,integrable_original,euler,200,0.0125,4.0,main,0.25,8001,0.029825129248061997,0.010001708965650835,2.983e-02 / 1.000e-02,C:\Users\msz\aca\Workspaces\hs_four_schemes_20260927\out\profiles\p15_integrable_original_euler_n200_dt0.0125_L4.npz,8bcd94fa5cf136b1a4cdf0dde59cb15041fd18f43331369d7fc9204aa5a40592,new
p15_integrable_original_euler_n200_dt0.0125_L4,S1,15.0,integrable_original,euler,200,0.0125,4.0,main,0.5,8001,0.12631738479417637,0.024081947375906743,1.263e-01 / 2.408e-02,C:\Users\msz\aca\Workspaces\hs_four_schemes_20260927\out\profiles\p15_integrable_original_euler_n200_dt0.0125_L4.npz,8bcd94fa5cf136b1a4cdf0dde59cb15041fd18f43331369d7fc9204aa5a40592,new
p15_integrable_original_heun_n400_dt0.003125_L4,S1,15.0,integrable_original,heun,400,0.003125,4.0,main,0.25,16001,0.015100993768166315,0.003193906953864789,1.510e-02 / 3.194e-03,C:\Users\msz\aca\Workspaces\hs_four_schemes_20260927\out\profiles\p15_integrable_original_heun_n400_dt0.003125_L4.npz,259b409f2d07ce803d4b05f12732545511ef0154dd8c28fb4e22f944707c6ad3,new
p15_integrable_original_heun_n400_dt0.003125_L4,S1,15.0,integrable_original,heun,400,0.003125,4.0,main,0.5,16001,0.06393609912138064,0.011831055410100433,6.394e-02 / 1.183e-02,C:\Users\msz\aca\Workspaces\hs_four_schemes_20260927\out\profiles\p15_integrable_original_heun_n400_dt0.003125_L4.npz,259b409f2d07ce803d4b05f12732545511ef0154dd8c28fb4e22f944707c6ad3,new
p15_integrable_original_heun_n200_dt0.0125_L4,S1,15.0,integrable_original,heun,200,0.0125,4.0,main,0.25,8001,0.031354730912766166,0.010179322563174664,3.135e-02 / 1.018e-02,C:\Users\msz\aca\Workspaces\hs_four_schemes_20260927\out\profiles\p15_integrable_original_heun_n200_dt0.0125_L4.npz,e336441985204cea3b9a808100d35bb4b4eb55fb60bea20f6e5f1501def75f2a,new
p15_integrable_original_heun_n200_dt0.0125_L4,S1,15.0,integrable_original,heun,200,0.0125,4.0,main,0.5,8001,0.13307920908182064,0.02508702466235313,1.331e-01 / 2.509e-02,C:\Users\msz\aca\Workspaces\hs_four_schemes_20260927\out\profiles\p15_integrable_original_heun_n200_dt0.0125_L4.npz,e336441985204cea3b9a808100d35bb4b4eb55fb60bea20f6e5f1501def75f2a,new
p15_integrable_original_rk4_n400_dt0.003125_L4,S1,15.0,integrable_original,rk4,400,0.003125,4.0,main,0.25,16001,0.01510150831745834,0.0031939750722634885,1.510e-02 / 3.194e-03,C:\Users\msz\aca\Workspaces\hs_four_schemes_20260927\out\profiles\p15_integrable_original_rk4_n400_dt0.003125_L4.npz,57c445bb0d3b427ce40fb555e001fe8c922093ea3019ed8f1adce678e409ca2c,new
p15_integrable_original_rk4_n400_dt0.003125_L4,S1,15.0,integrable_original,rk4,400,0.003125,4.0,main,0.5,16001,0.0639380682441973,0.0118313165619649,6.394e-02 / 1.183e-02,C:\Users\msz\aca\Workspaces\hs_four_schemes_20260927\out\profiles\p15_integrable_original_rk4_n400_dt0.003125_L4.npz,57c445bb0d3b427ce40fb555e001fe8c922093ea3019ed8f1adce678e409ca2c,new
p15_integrable_original_rk4_n200_dt0.0125_L4,S1,15.0,integrable_original,rk4,200,0.0125,4.0,main,0.25,8001,0.031374199897114916,0.01018143197250565,3.137e-02 / 1.018e-02,C:\Users\msz\aca\Workspaces\hs_four_schemes_20260927\out\profiles\p15_integrable_original_rk4_n200_dt0.0125_L4.npz,b0e7ee980d897ea0a4d214c6564cce38fb631480a1afe66f3e93acf27dd7cca5,new
p15_integrable_original_rk4_n200_dt0.0125_L4,S1,15.0,integrable_original,rk4,200,0.0125,4.0,main,0.5,8001,0.13315527882977857,0.02509699711072455,1.332e-01 / 2.510e-02,C:\Users\msz\aca\Workspaces\hs_four_schemes_20260927\out\profiles\p15_integrable_original_rk4_n200_dt0.0125_L4.npz,b0e7ee980d897ea0a4d214c6564cce38fb631480a1afe66f3e93acf27dd7cca5,new
p15_integrable_original_rk8_n400_dt0.003125_L4,S1,15.0,integrable_original,rk8,400,0.003125,4.0,main,0.25,16001,0.015101508318303926,0.0031939750722073112,1.510e-02 / 3.194e-03,C:\Users\msz\aca\Workspaces\hs_four_schemes_20260927\out\profiles\p15_integrable_original_rk8_n400_dt0.003125_L4.npz,0c9fad66f69eb5a5792bf3a187f1f992d66a1d909a790d57cf0c5e4d4793704b,new
p15_integrable_original_rk8_n400_dt0.003125_L4,S1,15.0,integrable_original,rk8,400,0.003125,4.0,main,0.5,16001,0.06393806824789344,0.011831316561814464,6.394e-02 / 1.183e-02,C:\Users\msz\aca\Workspaces\hs_four_schemes_20260927\out\profiles\p15_integrable_original_rk8_n400_dt0.003125_L4.npz,0c9fad66f69eb5a5792bf3a187f1f992d66a1d909a790d57cf0c5e4d4793704b,new
p15_integrable_original_rk8_n200_dt0.0125_L4,S1,15.0,integrable_original,rk8,200,0.0125,4.0,main,0.25,8001,0.03137420068251308,0.010181431974685462,3.137e-02 / 1.018e-02,C:\Users\msz\aca\Workspaces\hs_four_schemes_20260927\out\profiles\p15_integrable_original_rk8_n200_dt0.0125_L4.npz,3b3d71982ee7eca0015b35cd7a934947b3a7ade75f7957f453ba07e610a25a5a,new
p15_integrable_original_rk8_n200_dt0.0125_L4,S1,15.0,integrable_original,rk8,200,0.0125,4.0,main,0.5,8001,0.13315528185172795,0.025096997179855696,1.332e-01 / 2.510e-02,C:\Users\msz\aca\Workspaces\hs_four_schemes_20260927\out\profiles\p15_integrable_original_rk8_n200_dt0.0125_L4.npz,3b3d71982ee7eca0015b35cd7a934947b3a7ade75f7957f453ba07e610a25a5a,new
p15_integrable_calibrated_euler_n400_dt0.003125_L4,S2,15.0,integrable_calibrated,euler,400,0.003125,4.0,main,0.25,16001,0.0007337127088085094,0.002051053300915484,7.337e-04 / 2.051e-03,C:\Users\msz\aca\Workspaces\hs_waveform_atlas_20260927\out\profiles\p15_integrable_calibrated_euler_n400_dt0.003125_L4.npz,64d8bf52f1d08b7c28d25774172037198f5d6340c1fc0866fda48b4e7f00f728,reused
p15_integrable_calibrated_euler_n400_dt0.003125_L4,S2,15.0,integrable_calibrated,euler,400,0.003125,4.0,main,0.5,16001,0.0025014766125533356,0.002219463614648254,2.501e-03 / 2.219e-03,C:\Users\msz\aca\Workspaces\hs_waveform_atlas_20260927\out\profiles\p15_integrable_calibrated_euler_n400_dt0.003125_L4.npz,64d8bf52f1d08b7c28d25774172037198f5d6340c1fc0866fda48b4e7f00f728,reused
p15_integrable_calibrated_euler_n200_dt0.0125_L4,S2,15.0,integrable_calibrated,euler,200,0.0125,4.0,main,0.25,8001,0.002877910472579931,0.007826412886088374,2.878e-03 / 7.826e-03,C:\Users\msz\aca\Workspaces\hs_four_schemes_20260927\out\profiles\p15_integrable_calibrated_euler_n200_dt0.0125_L4.npz,62bf42d125ce96dcb0dfbd21fd80eeb6bb851824932b6a71d31072e14b3f1383,new
p15_integrable_calibrated_euler_n200_dt0.0125_L4,S2,15.0,integrable_calibrated,euler,200,0.0125,4.0,main,0.5,8001,0.009570699801503421,0.008724291874241452,9.571e-03 / 8.724e-03,C:\Users\msz\aca\Workspaces\hs_four_schemes_20260927\out\profiles\p15_integrable_calibrated_euler_n200_dt0.0125_L4.npz,62bf42d125ce96dcb0dfbd21fd80eeb6bb851824932b6a71d31072e14b3f1383,new
p15_integrable_calibrated_heun_n400_dt0.003125_L4,S2,15.0,integrable_calibrated,heun,400,0.003125,4.0,main,0.25,16001,0.0007634489517127085,0.0020552239441758435,7.634e-04 / 2.055e-03,C:\Users\msz\aca\Workspaces\hs_four_schemes_20260927\out\profiles\p15_integrable_calibrated_heun_n400_dt0.003125_L4.npz,adce19ce08d1cc4f0399a476ca248d737259cd37cfdfa5a7bf55308cf16ac891,new
p15_integrable_calibrated_heun_n400_dt0.003125_L4,S2,15.0,integrable_calibrated,heun,400,0.003125,4.0,main,0.5,16001,0.0024662124776768284,0.0022205827906468523,2.466e-03 / 2.221e-03,C:\Users\msz\aca\Workspaces\hs_four_schemes_20260927\out\profiles\p15_integrable_calibrated_heun_n400_dt0.003125_L4.npz,adce19ce08d1cc4f0399a476ca248d737259cd37cfdfa5a7bf55308cf16ac891,new
p15_integrable_calibrated_heun_n200_dt0.0125_L4,S2,15.0,integrable_calibrated,heun,200,0.0125,4.0,main,0.25,8001,0.0029867970057457505,0.007871247920283375,2.987e-03 / 7.871e-03,C:\Users\msz\aca\Workspaces\hs_four_schemes_20260927\out\profiles\p15_integrable_calibrated_heun_n200_dt0.0125_L4.npz,6112bcadd4ff823809482acc6f3e3f38c2aecfde9be302fc856e69e11540c420,new
p15_integrable_calibrated_heun_n200_dt0.0125_L4,S2,15.0,integrable_calibrated,heun,200,0.0125,4.0,main,0.5,8001,0.0098382471993757,0.008757852899285545,9.838e-03 / 8.758e-03,C:\Users\msz\aca\Workspaces\hs_four_schemes_20260927\out\profiles\p15_integrable_calibrated_heun_n200_dt0.0125_L4.npz,6112bcadd4ff823809482acc6f3e3f38c2aecfde9be302fc856e69e11540c420,new
p15_integrable_calibrated_rk4_n400_dt0.003125_L4,S2,15.0,integrable_calibrated,rk4,400,0.003125,4.0,main,0.25,16001,0.0007634874398023961,0.00205524139767177,7.635e-04 / 2.055e-03,C:\Users\msz\aca\Workspaces\hs_four_schemes_20260927\out\profiles\p15_integrable_calibrated_rk4_n400_dt0.003125_L4.npz,008158cb8b5a3ba5f1d373ec8a0edd42eaf0dddcc4c5408d582087ac64d30ebb,new
p15_integrable_calibrated_rk4_n400_dt0.003125_L4,S2,15.0,integrable_calibrated,rk4,400,0.003125,4.0,main,0.5,16001,0.0024656360638307677,0.0022205750935755386,2.466e-03 / 2.221e-03,C:\Users\msz\aca\Workspaces\hs_four_schemes_20260927\out\profiles\p15_integrable_calibrated_rk4_n400_dt0.003125_L4.npz,008158cb8b5a3ba5f1d373ec8a0edd42eaf0dddcc4c5408d582087ac64d30ebb,new
p15_integrable_calibrated_rk4_n200_dt0.0125_L4,S2,15.0,integrable_calibrated,rk4,200,0.0125,4.0,main,0.25,8001,0.0029874603897065977,0.00787165416949892,2.987e-03 / 7.872e-03,C:\Users\msz\aca\Workspaces\hs_four_schemes_20260927\out\profiles\p15_integrable_calibrated_rk4_n200_dt0.0125_L4.npz,acc765cfd7ecf6e83128596feb0222c4f10b31e0cbe3fe277782a3ad199cb328,new
p15_integrable_calibrated_rk4_n200_dt0.0125_L4,S2,15.0,integrable_calibrated,rk4,200,0.0125,4.0,main,0.5,8001,0.009834027125599786,0.008757982017736032,9.834e-03 / 8.758e-03,C:\Users\msz\aca\Workspaces\hs_four_schemes_20260927\out\profiles\p15_integrable_calibrated_rk4_n200_dt0.0125_L4.npz,acc765cfd7ecf6e83128596feb0222c4f10b31e0cbe3fe277782a3ad199cb328,new
p15_integrable_calibrated_rk8_n400_dt0.003125_L4,S2,15.0,integrable_calibrated,rk8,400,0.003125,4.0,main,0.25,16001,0.0007634874398127489,0.002055241397578955,7.635e-04 / 2.055e-03,C:\Users\msz\aca\Workspaces\hs_four_schemes_20260927\out\profiles\p15_integrable_calibrated_rk8_n400_dt0.003125_L4.npz,70dfc49ba5368d483e4970e0b16f4c3b24f4e70aad10ad1e5fe3b85cdd5ddbd0,new
p15_integrable_calibrated_rk8_n400_dt0.003125_L4,S2,15.0,integrable_calibrated,rk8,400,0.003125,4.0,main,0.5,16001,0.0024656360603268566,0.002220575093327959,2.466e-03 / 2.221e-03,C:\Users\msz\aca\Workspaces\hs_four_schemes_20260927\out\profiles\p15_integrable_calibrated_rk8_n400_dt0.003125_L4.npz,70dfc49ba5368d483e4970e0b16f4c3b24f4e70aad10ad1e5fe3b85cdd5ddbd0,new
p15_integrable_calibrated_rk8_n200_dt0.0125_L4,S2,15.0,integrable_calibrated,rk8,200,0.0125,4.0,main,0.25,8001,0.002987460393058722,0.007871654151740515,2.987e-03 / 7.872e-03,C:\Users\msz\aca\Workspaces\hs_four_schemes_20260927\out\profiles\p15_integrable_calibrated_rk8_n200_dt0.0125_L4.npz,d62407ea8c1f19deb2581bb1c34f3de85b4120f61e66eaf57595ac24412294aa,new
p15_integrable_calibrated_rk8_n200_dt0.0125_L4,S2,15.0,integrable_calibrated,rk8,200,0.0125,4.0,main,0.5,8001,0.00983402645344301,0.008757981958663341,9.834e-03 / 8.758e-03,C:\Users\msz\aca\Workspaces\hs_four_schemes_20260927\out\profiles\p15_integrable_calibrated_rk8_n200_dt0.0125_L4.npz,d62407ea8c1f19deb2581bb1c34f3de85b4120f61e66eaf57595ac24412294aa,new
p15_difference_paper_ale_euler_n400_dt0.003125_L4,S3,15.0,difference_paper_ale,euler,400,0.003125,4.0,main,0.25,16001,0.0009670363125252115,0.0017205347924540426,9.670e-04 / 1.721e-03,C:\Users\msz\aca\Workspaces\hs_four_schemes_20260927\out\profiles\p15_difference_paper_ale_euler_n400_dt0.003125_L4.npz,eb223835e9b12a2d6890ae69298d93aa3933be75ad565254e0421d2f337c66fc,new
p15_difference_paper_ale_euler_n400_dt0.003125_L4,S3,15.0,difference_paper_ale,euler,400,0.003125,4.0,main,0.5,16001,0.0014704947545527702,0.0019886021762267614,1.470e-03 / 1.989e-03,C:\Users\msz\aca\Workspaces\hs_four_schemes_20260927\out\profiles\p15_difference_paper_ale_euler_n400_dt0.003125_L4.npz,eb223835e9b12a2d6890ae69298d93aa3933be75ad565254e0421d2f337c66fc,new
p15_difference_paper_ale_euler_n200_dt0.0125_L4,S3,15.0,difference_paper_ale,euler,200,0.0125,4.0,main,0.25,8001,0.0037579853515925174,0.006855981830786784,3.758e-03 / 6.856e-03,C:\Users\msz\aca\Workspaces\hs_four_schemes_20260927\out\profiles\p15_difference_paper_ale_euler_n200_dt0.0125_L4.npz,9931e74a70f1b528b6726302adc5789573d2a397d761ef471fd94cd5b374851e,new
p15_difference_paper_ale_euler_n200_dt0.0125_L4,S3,15.0,difference_paper_ale,euler,200,0.0125,4.0,main,0.5,8001,0.005791416281768519,0.007577479009895749,5.791e-03 / 7.577e-03,C:\Users\msz\aca\Workspaces\hs_four_schemes_20260927\out\profiles\p15_difference_paper_ale_euler_n200_dt0.0125_L4.npz,9931e74a70f1b528b6726302adc5789573d2a397d761ef471fd94cd5b374851e,new
p15_difference_paper_ale_heun_n400_dt0.003125_L4,S3,15.0,difference_paper_ale,heun,400,0.003125,4.0,main,0.25,16001,0.0007497828948612104,0.0017260101267872474,7.498e-04 / 1.726e-03,C:\Users\msz\aca\Workspaces\hs_four_schemes_20260927\out\profiles\p15_difference_paper_ale_heun_n400_dt0.003125_L4.npz,4ed004dc6f820ef7a91776b39a0a07b30121782f72e1e45a77005029fc2bf038,new
p15_difference_paper_ale_heun_n400_dt0.003125_L4,S3,15.0,difference_paper_ale,heun,400,0.003125,4.0,main,0.5,16001,0.0013695465315796823,0.001960983555815199,1.370e-03 / 1.961e-03,C:\Users\msz\aca\Workspaces\hs_four_schemes_20260927\out\profiles\p15_difference_paper_ale_heun_n400_dt0.003125_L4.npz,4ed004dc6f820ef7a91776b39a0a07b30121782f72e1e45a77005029fc2bf038,new
p15_difference_paper_ale_heun_n200_dt0.0125_L4,S3,15.0,difference_paper_ale,heun,200,0.0125,4.0,main,0.25,8001,0.002886319349892294,0.00690388137819703,2.886e-03 / 6.904e-03,C:\Users\msz\aca\Workspaces\hs_four_schemes_20260927\out\profiles\p15_difference_paper_ale_heun_n200_dt0.0125_L4.npz,bd8099d1bbe9091f163d531b1f462ebadc4fc319c6899b8b41c0c390ae0500ab,new
p15_difference_paper_ale_heun_n200_dt0.0125_L4,S3,15.0,difference_paper_ale,heun,200,0.0125,4.0,main,0.5,8001,0.005205690508342235,0.0075816529362138785,5.206e-03 / 7.582e-03,C:\Users\msz\aca\Workspaces\hs_four_schemes_20260927\out\profiles\p15_difference_paper_ale_heun_n200_dt0.0125_L4.npz,bd8099d1bbe9091f163d531b1f462ebadc4fc319c6899b8b41c0c390ae0500ab,new
p15_difference_paper_ale_rk4_n400_dt0.003125_L4,S3,15.0,difference_paper_ale,rk4,400,0.003125,4.0,main,0.25,16001,0.000751569467723992,0.0017256570090748435,7.516e-04 / 1.726e-03,C:\Users\msz\aca\Workspaces\hs_four_schemes_20260927\out\profiles\p15_difference_paper_ale_rk4_n400_dt0.003125_L4.npz,aff766de77284940a45a61fc9f20d1963bda2c23cfd716c906860fe7848400a5,new
p15_difference_paper_ale_rk4_n400_dt0.003125_L4,S3,15.0,difference_paper_ale,rk4,400,0.003125,4.0,main,0.5,16001,0.001373357106265037,0.001960629705915262,1.373e-03 / 1.961e-03,C:\Users\msz\aca\Workspaces\hs_four_schemes_20260927\out\profiles\p15_difference_paper_ale_rk4_n400_dt0.003125_L4.npz,aff766de77284940a45a61fc9f20d1963bda2c23cfd716c906860fe7848400a5,new
p15_difference_paper_ale_rk4_n200_dt0.0125_L4,S3,15.0,difference_paper_ale,rk4,200,0.0125,4.0,main,0.25,8001,0.0029109835382358576,0.006897955668936473,2.911e-03 / 6.898e-03,C:\Users\msz\aca\Workspaces\hs_four_schemes_20260927\out\profiles\p15_difference_paper_ale_rk4_n200_dt0.0125_L4.npz,7522de688acf65d6296a8e57148c7025427e3772e9628ccc2a895095b34d44d5,new
p15_difference_paper_ale_rk4_n200_dt0.0125_L4,S3,15.0,difference_paper_ale,rk4,200,0.0125,4.0,main,0.5,8001,0.005261744430921096,0.007576634188884657,5.262e-03 / 7.577e-03,C:\Users\msz\aca\Workspaces\hs_four_schemes_20260927\out\profiles\p15_difference_paper_ale_rk4_n200_dt0.0125_L4.npz,7522de688acf65d6296a8e57148c7025427e3772e9628ccc2a895095b34d44d5,new
p15_difference_paper_ale_rk8_n400_dt0.003125_L4,S3,15.0,difference_paper_ale,rk8,400,0.003125,4.0,main,0.25,16001,0.0007515694453689437,0.0017256570132919702,7.516e-04 / 1.726e-03,C:\Users\msz\aca\Workspaces\hs_four_schemes_20260927\out\profiles\p15_difference_paper_ale_rk8_n400_dt0.003125_L4.npz,dd99a4fde2952e5a52010f95d3d9009e552d2a08ba4cce826b837a4409cb143c,new
p15_difference_paper_ale_rk8_n400_dt0.003125_L4,S3,15.0,difference_paper_ale,rk8,400,0.003125,4.0,main,0.5,16001,0.0013733570586281774,0.0019606297098206382,1.373e-03 / 1.961e-03,C:\Users\msz\aca\Workspaces\hs_four_schemes_20260927\out\profiles\p15_difference_paper_ale_rk8_n400_dt0.003125_L4.npz,dd99a4fde2952e5a52010f95d3d9009e552d2a08ba4cce826b837a4409cb143c,new
p15_difference_paper_ale_rk8_n200_dt0.0125_L4,S3,15.0,difference_paper_ale,rk8,200,0.0125,4.0,main,0.25,8001,0.0029109786480702587,0.006897956797091764,2.911e-03 / 6.898e-03,C:\Users\msz\aca\Workspaces\hs_four_schemes_20260927\out\profiles\p15_difference_paper_ale_rk8_n200_dt0.0125_L4.npz,121e91221084af90ab9813b212371c2745bca5a94c098085ef08f40e77badddf,new
p15_difference_paper_ale_rk8_n200_dt0.0125_L4,S3,15.0,difference_paper_ale,rk8,200,0.0125,4.0,main,0.5,8001,0.005261733260508737,0.007576635097400808,5.262e-03 / 7.577e-03,C:\Users\msz\aca\Workspaces\hs_four_schemes_20260927\out\profiles\p15_difference_paper_ale_rk8_n200_dt0.0125_L4.npz,121e91221084af90ab9813b212371c2745bca5a94c098085ef08f40e77badddf,new
p15_difference_fixed_euler_n400_dt0.003125_L4,S4,15.0,difference_fixed,euler,400,0.003125,4.0,main,0.25,16001,8.581570977599443e-05,0.0005628847253487113,8.582e-05 / 5.629e-04,C:\Users\msz\aca\Workspaces\hs_waveform_atlas_20260927\out\profiles\p15_difference_fixed_euler_n400_dt0.003125_L4.npz,1a92670fec74813209946d606148574179209238e1385b6856902ba50a47fbef,reused
p15_difference_fixed_euler_n400_dt0.003125_L4,S4,15.0,difference_fixed,euler,400,0.003125,4.0,main,0.5,16001,9.334860202819817e-05,0.0006670030410313998,9.335e-05 / 6.670e-04,C:\Users\msz\aca\Workspaces\hs_waveform_atlas_20260927\out\profiles\p15_difference_fixed_euler_n400_dt0.003125_L4.npz,1a92670fec74813209946d606148574179209238e1385b6856902ba50a47fbef,reused
p15_difference_fixed_euler_n200_dt0.0125_L4,S4,15.0,difference_fixed,euler,200,0.0125,4.0,main,0.25,8001,0.0003415852395292421,0.002204304023000647,3.416e-04 / 2.204e-03,C:\Users\msz\aca\Workspaces\hs_table_data_20260927\out\profiles\p15_difference_fixed_euler_n200_dt0.0125_L4.npz,710427dd8b4116963c08cbfbfd9a959c05e65520551197090c9cbd00d06a733d,reused
p15_difference_fixed_euler_n200_dt0.0125_L4,S4,15.0,difference_fixed,euler,200,0.0125,4.0,main,0.5,8001,0.00037314109948752283,0.002651255269621733,3.731e-04 / 2.651e-03,C:\Users\msz\aca\Workspaces\hs_table_data_20260927\out\profiles\p15_difference_fixed_euler_n200_dt0.0125_L4.npz,710427dd8b4116963c08cbfbfd9a959c05e65520551197090c9cbd00d06a733d,reused
p15_difference_fixed_heun_n400_dt0.003125_L4,S4,15.0,difference_fixed,heun,400,0.003125,4.0,main,0.25,16001,8.794592528075726e-05,0.0005776997806223871,8.795e-05 / 5.777e-04,C:\Users\msz\aca\Workspaces\hs_table_data_20260927\out\profiles\p15_difference_fixed_heun_n400_dt0.003125_L4.npz,5e53fcc47dc7b774594901806da214a7d6664c40e44b5a035bc798fb3745b00a,reused
p15_difference_fixed_heun_n400_dt0.003125_L4,S4,15.0,difference_fixed,heun,400,0.003125,4.0,main,0.5,16001,9.689129221232551e-05,0.0006977565728606416,9.689e-05 / 6.978e-04,C:\Users\msz\aca\Workspaces\hs_table_data_20260927\out\profiles\p15_difference_fixed_heun_n400_dt0.003125_L4.npz,5e53fcc47dc7b774594901806da214a7d6664c40e44b5a035bc798fb3745b00a,reused
p15_difference_fixed_heun_n200_dt0.0125_L4,S4,15.0,difference_fixed,heun,200,0.0125,4.0,main,0.25,8001,0.00034899952502256623,0.0022621409973583306,3.490e-04 / 2.262e-03,C:\Users\msz\aca\Workspaces\hs_table_data_20260927\out\profiles\p15_difference_fixed_heun_n200_dt0.0125_L4.npz,56712ce5bc02e9c221c8725ac03fb75285088823774426426dbf8e0685db9391,reused
p15_difference_fixed_heun_n200_dt0.0125_L4,S4,15.0,difference_fixed,heun,200,0.0125,4.0,main,0.5,8001,0.0003839734866007416,0.0027751710233848703,3.840e-04 / 2.775e-03,C:\Users\msz\aca\Workspaces\hs_table_data_20260927\out\profiles\p15_difference_fixed_heun_n200_dt0.0125_L4.npz,56712ce5bc02e9c221c8725ac03fb75285088823774426426dbf8e0685db9391,reused
p15_difference_fixed_rk4_n400_dt0.003125_L4,S4,15.0,difference_fixed,rk4,400,0.003125,4.0,main,0.25,16001,8.79480882591474e-05,0.0005777104659892007,8.795e-05 / 5.777e-04,C:\Users\msz\aca\Workspaces\hs_table_data_20260927\out\profiles\p15_difference_fixed_rk4_n400_dt0.003125_L4.npz,5f69233547c0d83c43fd62ef47e529ad0261b1b81871fcdc0394f8badd244d3d,reused
p15_difference_fixed_rk4_n400_dt0.003125_L4,S4,15.0,difference_fixed,rk4,400,0.003125,4.0,main,0.5,16001,9.689616873636425e-05,0.0006977789171371818,9.690e-05 / 6.978e-04,C:\Users\msz\aca\Workspaces\hs_table_data_20260927\out\profiles\p15_difference_fixed_rk4_n400_dt0.003125_L4.npz,5f69233547c0d83c43fd62ef47e529ad0261b1b81871fcdc0394f8badd244d3d,reused
p15_difference_fixed_rk4_n200_dt0.0125_L4,S4,15.0,difference_fixed,rk4,200,0.0125,4.0,main,0.25,8001,0.0003490595951594448,0.002262311639576353,3.491e-04 / 2.262e-03,C:\Users\msz\aca\Workspaces\hs_table_data_20260927\out\profiles\p15_difference_fixed_rk4_n200_dt0.0125_L4.npz,a3d6f083f0e37f769dd9d4ae1ec65b27fa0bd7dc7ed9edf1b30c77a6f07d62bf,reused
p15_difference_fixed_rk4_n200_dt0.0125_L4,S4,15.0,difference_fixed,rk4,200,0.0125,4.0,main,0.5,8001,0.000383905930403744,0.002775506874699074,3.839e-04 / 2.776e-03,C:\Users\msz\aca\Workspaces\hs_table_data_20260927\out\profiles\p15_difference_fixed_rk4_n200_dt0.0125_L4.npz,a3d6f083f0e37f769dd9d4ae1ec65b27fa0bd7dc7ed9edf1b30c77a6f07d62bf,reused
p15_difference_fixed_rk8_n400_dt0.003125_L4,S4,15.0,difference_fixed,rk8,400,0.003125,4.0,main,0.25,16001,8.794808825014419e-05,0.0005777104659875354,8.795e-05 / 5.777e-04,C:\Users\msz\aca\Workspaces\hs_table_data_20260927\out\profiles\p15_difference_fixed_rk8_n400_dt0.003125_L4.npz,e6ca27665762cf8b9448425c4049b80f7450104baf120747a211f2c2873cf15c,reused
p15_difference_fixed_rk8_n400_dt0.003125_L4,S4,15.0,difference_fixed,rk8,400,0.003125,4.0,main,0.5,16001,9.68961687150445e-05,0.0006977789171407345,9.690e-05 / 6.978e-04,C:\Users\msz\aca\Workspaces\hs_table_data_20260927\out\profiles\p15_difference_fixed_rk8_n400_dt0.003125_L4.npz,e6ca27665762cf8b9448425c4049b80f7450104baf120747a211f2c2873cf15c,reused
p15_difference_fixed_rk8_n200_dt0.0125_L4,S4,15.0,difference_fixed,rk8,200,0.0125,4.0,main,0.25,8001,0.00034905958749455526,0.0022623116381456088,3.491e-04 / 2.262e-03,C:\Users\msz\aca\Workspaces\hs_table_data_20260927\out\profiles\p15_difference_fixed_rk8_n200_dt0.0125_L4.npz,cf596c4375a237207ae07b19216b3ef250ea6ffd91b7a47a2bbc6145c8a63a3d,reused
p15_difference_fixed_rk8_n200_dt0.0125_L4,S4,15.0,difference_fixed,rk8,200,0.0125,4.0,main,0.5,8001,0.00038390594556511615,0.0027755068757718826,3.839e-04 / 2.776e-03,C:\Users\msz\aca\Workspaces\hs_table_data_20260927\out\profiles\p15_difference_fixed_rk8_n200_dt0.0125_L4.npz,cf596c4375a237207ae07b19216b3ef250ea6ffd91b7a47a2bbc6145c8a63a3d,reused
p16_integrable_original_euler_n400_dt0.003125_L4,S1,16.0,integrable_original,euler,400,0.003125,4.0,main,0.25,16001,0.01492526599982336,0.00359406716203009,1.493e-02 / 3.594e-03,C:\Users\msz\aca\Workspaces\hs_conserved_mesh_20260925\out\euler_comparison\profiles\p16_integrable_original_euler_n400_dt0.003125_L4.npz,53138e451dbe2b759b0b33df07e45b4a9b37f6b5b3b0c27234d7d3e7678eaa10,reused
p16_integrable_original_euler_n400_dt0.003125_L4,S1,16.0,integrable_original,euler,400,0.003125,4.0,main,0.5,16001,0.06314310151572078,0.012396484273406339,6.314e-02 / 1.240e-02,C:\Users\msz\aca\Workspaces\hs_conserved_mesh_20260925\out\euler_comparison\profiles\p16_integrable_original_euler_n400_dt0.003125_L4.npz,53138e451dbe2b759b0b33df07e45b4a9b37f6b5b3b0c27234d7d3e7678eaa10,reused
p16_integrable_original_euler_n200_dt0.0125_L4,S1,16.0,integrable_original,euler,200,0.0125,4.0,main,0.25,8001,0.029933399990429762,0.011335474912163912,2.993e-02 / 1.134e-02,C:\Users\msz\aca\Workspaces\hs_four_schemes_20260927\out\profiles\p16_integrable_original_euler_n200_dt0.0125_L4.npz,04f2f187b2e815dfab55a7d2477c6aa538da4de78baffcf2a204c7763b10037e,new
p16_integrable_original_euler_n200_dt0.0125_L4,S1,16.0,integrable_original,euler,200,0.0125,4.0,main,0.5,8001,0.12671658499602478,0.02544046541641376,1.267e-01 / 2.544e-02,C:\Users\msz\aca\Workspaces\hs_four_schemes_20260927\out\profiles\p16_integrable_original_euler_n200_dt0.0125_L4.npz,04f2f187b2e815dfab55a7d2477c6aa538da4de78baffcf2a204c7763b10037e,new
p16_integrable_original_heun_n400_dt0.003125_L4,S1,16.0,integrable_original,heun,400,0.003125,4.0,main,0.25,16001,0.015110517698246763,0.0036131109073146983,1.511e-02 / 3.613e-03,C:\Users\msz\aca\Workspaces\hs_four_schemes_20260927\out\profiles\p16_integrable_original_heun_n400_dt0.003125_L4.npz,6958d2aefcb00fbfabf3cee40fa58a4142e033addab7880f3e41b83fb8ad7552,new
p16_integrable_original_heun_n400_dt0.003125_L4,S1,16.0,integrable_original,heun,400,0.003125,4.0,main,0.5,16001,0.0639418141363913,0.01249308634278734,6.394e-02 / 1.249e-02,C:\Users\msz\aca\Workspaces\hs_four_schemes_20260927\out\profiles\p16_integrable_original_heun_n400_dt0.003125_L4.npz,6958d2aefcb00fbfabf3cee40fa58a4142e033addab7880f3e41b83fb8ad7552,new
p16_integrable_original_heun_n200_dt0.0125_L4,S1,16.0,integrable_original,heun,200,0.0125,4.0,main,0.25,8001,0.03146628556305086,0.011524070303291889,3.147e-02 / 1.152e-02,C:\Users\msz\aca\Workspaces\hs_four_schemes_20260927\out\profiles\p16_integrable_original_heun_n200_dt0.0125_L4.npz,5c5cea39a7adb15f30f264216eebf116717142c6a3b3ba414a2bb72c708fea52,new
p16_integrable_original_heun_n200_dt0.0125_L4,S1,16.0,integrable_original,heun,200,0.0125,4.0,main,0.5,8001,0.13348365371458668,0.026537355991201772,1.335e-01 / 2.654e-02,C:\Users\msz\aca\Workspaces\hs_four_schemes_20260927\out\profiles\p16_integrable_original_heun_n200_dt0.0125_L4.npz,5c5cea39a7adb15f30f264216eebf116717142c6a3b3ba414a2bb72c708fea52,new
p16_integrable_original_rk4_n400_dt0.003125_L4,S1,16.0,integrable_original,rk4,400,0.003125,4.0,main,0.25,16001,0.015111026493039022,0.00361318026026769,1.511e-02 / 3.613e-03,C:\Users\msz\aca\Workspaces\hs_conserved_mesh_20260925\out\calibration_parameter_scan\profiles\p16_integrable_original_rk4_n400_dt0.003125_L4.npz,61e1c0909c3b5e3399bdfcc0b1930a4ae2d9867c3225aaf63e72265b64a4a4eb,reused
p16_integrable_original_rk4_n400_dt0.003125_L4,S1,16.0,integrable_original,rk4,400,0.003125,4.0,main,0.5,16001,0.06394375670810779,0.0124933306107885,6.394e-02 / 1.249e-02,C:\Users\msz\aca\Workspaces\hs_conserved_mesh_20260925\out\calibration_parameter_scan\profiles\p16_integrable_original_rk4_n400_dt0.003125_L4.npz,61e1c0909c3b5e3399bdfcc0b1930a4ae2d9867c3225aaf63e72265b64a4a4eb,reused
p16_integrable_original_rk4_n200_dt0.0125_L4,S1,16.0,integrable_original,rk4,200,0.0125,4.0,main,0.25,8001,0.03148571057490476,0.011526329826894388,3.149e-02 / 1.153e-02,C:\Users\msz\aca\Workspaces\hs_four_schemes_20260927\out\profiles\p16_integrable_original_rk4_n200_dt0.0125_L4.npz,a842784d9c3dc72b2693f0ae118b7677b8d4337533e9f179234eee452103a52d,new
p16_integrable_original_rk4_n200_dt0.0125_L4,S1,16.0,integrable_original,rk4,200,0.0125,4.0,main,0.5,8001,0.13355944735202158,0.026548123646556565,1.336e-01 / 2.655e-02,C:\Users\msz\aca\Workspaces\hs_four_schemes_20260927\out\profiles\p16_integrable_original_rk4_n200_dt0.0125_L4.npz,a842784d9c3dc72b2693f0ae118b7677b8d4337533e9f179234eee452103a52d,new
p16_integrable_original_rk8_n400_dt0.003125_L4,S1,16.0,integrable_original,rk8,400,0.003125,4.0,main,0.25,16001,0.015111026493839155,0.003613180260200244,1.511e-02 / 3.613e-03,C:\Users\msz\aca\Workspaces\hs_four_schemes_20260927\out\profiles\p16_integrable_original_rk8_n400_dt0.003125_L4.npz,469505f153995857866abc50ef5b7f19c1470d188d40929538d6e0d8913316dc,new
p16_integrable_original_rk8_n400_dt0.003125_L4,S1,16.0,integrable_original,rk8,400,0.003125,4.0,main,0.5,16001,0.06394375671166179,0.012493330610583664,6.394e-02 / 1.249e-02,C:\Users\msz\aca\Workspaces\hs_four_schemes_20260927\out\profiles\p16_integrable_original_rk8_n400_dt0.003125_L4.npz,469505f153995857866abc50ef5b7f19c1470d188d40929538d6e0d8913316dc,new
p16_integrable_original_rk8_n200_dt0.0125_L4,S1,16.0,integrable_original,rk8,200,0.0125,4.0,main,0.25,8001,0.03148571134903902,0.01152632982849372,3.149e-02 / 1.153e-02,C:\Users\msz\aca\Workspaces\hs_four_schemes_20260927\out\profiles\p16_integrable_original_rk8_n200_dt0.0125_L4.npz,be511e2afe7bb194d1e27054fbc353203e968f58e4f83a7a103862f3ddb0ba6b,new
p16_integrable_original_rk8_n200_dt0.0125_L4,S1,16.0,integrable_original,rk8,200,0.0125,4.0,main,0.5,8001,0.13355945033812985,0.026548123715602445,1.336e-01 / 2.655e-02,C:\Users\msz\aca\Workspaces\hs_four_schemes_20260927\out\profiles\p16_integrable_original_rk8_n200_dt0.0125_L4.npz,be511e2afe7bb194d1e27054fbc353203e968f58e4f83a7a103862f3ddb0ba6b,new
p16_integrable_calibrated_euler_n400_dt0.003125_L4,S2,16.0,integrable_calibrated,euler,400,0.003125,4.0,main,0.25,16001,0.0008769168446085829,0.0023999516182966474,8.769e-04 / 2.400e-03,C:\Users\msz\aca\Workspaces\hs_conserved_mesh_20260925\out\euler_comparison\profiles\p16_integrable_calibrated_euler_n400_dt0.003125_L4.npz,82d667f28f9b2e26c0065656827ec70aa5c645fa0387bac23ee35516dc9a92eb,reused
p16_integrable_calibrated_euler_n400_dt0.003125_L4,S2,16.0,integrable_calibrated,euler,400,0.003125,4.0,main,0.5,16001,0.002695334124045221,0.0025924822288895255,2.695e-03 / 2.592e-03,C:\Users\msz\aca\Workspaces\hs_conserved_mesh_20260925\out\euler_comparison\profiles\p16_integrable_calibrated_euler_n400_dt0.003125_L4.npz,82d667f28f9b2e26c0065656827ec70aa5c645fa0387bac23ee35516dc9a92eb,reused
p16_integrable_calibrated_euler_n200_dt0.0125_L4,S2,16.0,integrable_calibrated,euler,200,0.0125,4.0,main,0.25,8001,0.0034263061805409056,0.009260530445498238,3.426e-03 / 9.261e-03,C:\Users\msz\aca\Workspaces\hs_four_schemes_20260927\out\profiles\p16_integrable_calibrated_euler_n200_dt0.0125_L4.npz,35498140f6df9dfe9fcc6a89c5082163e739d8d880ab21a4d151bc9caaf1c712,new
p16_integrable_calibrated_euler_n200_dt0.0125_L4,S2,16.0,integrable_calibrated,euler,200,0.0125,4.0,main,0.5,8001,0.010308157316494091,0.010181166475072057,1.031e-02 / 1.018e-02,C:\Users\msz\aca\Workspaces\hs_four_schemes_20260927\out\profiles\p16_integrable_calibrated_euler_n200_dt0.0125_L4.npz,35498140f6df9dfe9fcc6a89c5082163e739d8d880ab21a4d151bc9caaf1c712,new
p16_integrable_calibrated_heun_n400_dt0.003125_L4,S2,16.0,integrable_calibrated,heun,400,0.003125,4.0,main,0.25,16001,0.0009077051451280571,0.0024010931119970436,9.077e-04 / 2.401e-03,C:\Users\msz\aca\Workspaces\hs_four_schemes_20260927\out\profiles\p16_integrable_calibrated_heun_n400_dt0.003125_L4.npz,6245ba33e7dff91e4dd5c2abf7520b6a1d0b12f5031f8554d45b6f12c6dc23b5,new
p16_integrable_calibrated_heun_n400_dt0.003125_L4,S2,16.0,integrable_calibrated,heun,400,0.003125,4.0,main,0.5,16001,0.0026607618500174984,0.0025859852334711997,2.661e-03 / 2.586e-03,C:\Users\msz\aca\Workspaces\hs_four_schemes_20260927\out\profiles\p16_integrable_calibrated_heun_n400_dt0.003125_L4.npz,6245ba33e7dff91e4dd5c2abf7520b6a1d0b12f5031f8554d45b6f12c6dc23b5,new
p16_integrable_calibrated_heun_n200_dt0.0125_L4,S2,16.0,integrable_calibrated,heun,200,0.0125,4.0,main,0.25,8001,0.003537804271885908,0.009297089765388344,3.538e-03 / 9.297e-03,C:\Users\msz\aca\Workspaces\hs_four_schemes_20260927\out\profiles\p16_integrable_calibrated_heun_n200_dt0.0125_L4.npz,e66bd80b0da14f7b11d6a75f350fa856f16b5df3f60b1c35ed6571cc450f9fe9,new
p16_integrable_calibrated_heun_n200_dt0.0125_L4,S2,16.0,integrable_calibrated,heun,200,0.0125,4.0,main,0.5,8001,0.010608691604526934,0.010193732471190986,1.061e-02 / 1.019e-02,C:\Users\msz\aca\Workspaces\hs_four_schemes_20260927\out\profiles\p16_integrable_calibrated_heun_n200_dt0.0125_L4.npz,e66bd80b0da14f7b11d6a75f350fa856f16b5df3f60b1c35ed6571cc450f9fe9,new
p16_integrable_calibrated_rk4_n400_dt0.003125_L4,S2,16.0,integrable_calibrated,rk4,400,0.003125,4.0,main,0.25,16001,0.0009077448114277187,0.0024011066708345963,9.077e-04 / 2.401e-03,C:\Users\msz\aca\Workspaces\hs_conserved_mesh_20260925\out\calibration_parameter_scan\profiles\p16_integrable_calibrated_rk4_n400_dt0.003125_L4.npz,86c0dd2edac460b433606d6c23571b5b51c9080aa08fc0f1400e98c8f01f46d7,reused
p16_integrable_calibrated_rk4_n400_dt0.003125_L4,S2,16.0,integrable_calibrated,rk4,400,0.003125,4.0,main,0.5,16001,0.0026601745741258536,0.0025859620729909993,2.660e-03 / 2.586e-03,C:\Users\msz\aca\Workspaces\hs_conserved_mesh_20260925\out\calibration_parameter_scan\profiles\p16_integrable_calibrated_rk4_n400_dt0.003125_L4.npz,86c0dd2edac460b433606d6c23571b5b51c9080aa08fc0f1400e98c8f01f46d7,reused
p16_integrable_calibrated_rk4_n200_dt0.0125_L4,S2,16.0,integrable_calibrated,rk4,200,0.0125,4.0,main,0.25,8001,0.0035384905803022837,0.009297469266349945,3.538e-03 / 9.297e-03,C:\Users\msz\aca\Workspaces\hs_four_schemes_20260927\out\profiles\p16_integrable_calibrated_rk4_n200_dt0.0125_L4.npz,55edad7037ec37919c8f1c4e3e69b263176d75d6f61abc3b72d34c57e627b77f,new
p16_integrable_calibrated_rk4_n200_dt0.0125_L4,S2,16.0,integrable_calibrated,rk4,200,0.0125,4.0,main,0.5,8001,0.010604669930286453,0.010193688014059177,1.060e-02 / 1.019e-02,C:\Users\msz\aca\Workspaces\hs_four_schemes_20260927\out\profiles\p16_integrable_calibrated_rk4_n200_dt0.0125_L4.npz,55edad7037ec37919c8f1c4e3e69b263176d75d6f61abc3b72d34c57e627b77f,new
p16_integrable_calibrated_rk8_n400_dt0.003125_L4,S2,16.0,integrable_calibrated,rk8,400,0.003125,4.0,main,0.25,16001,0.0009077448114375997,0.0024011066707282924,9.077e-04 / 2.401e-03,C:\Users\msz\aca\Workspaces\hs_four_schemes_20260927\out\profiles\p16_integrable_calibrated_rk8_n400_dt0.003125_L4.npz,20ef20ecfda336630f6df01fc0857298b71b77777f56ef150b374967cdb29691,new
p16_integrable_calibrated_rk8_n400_dt0.003125_L4,S2,16.0,integrable_calibrated,rk8,400,0.003125,4.0,main,0.5,16001,0.002660174570548742,0.002585962072705561,2.660e-03 / 2.586e-03,C:\Users\msz\aca\Workspaces\hs_four_schemes_20260927\out\profiles\p16_integrable_calibrated_rk8_n400_dt0.003125_L4.npz,20ef20ecfda336630f6df01fc0857298b71b77777f56ef150b374967cdb29691,new
p16_integrable_calibrated_rk8_n200_dt0.0125_L4,S2,16.0,integrable_calibrated,rk8,200,0.0125,4.0,main,0.25,8001,0.003538490583605808,0.009297469246982826,3.538e-03 / 9.297e-03,C:\Users\msz\aca\Workspaces\hs_four_schemes_20260927\out\profiles\p16_integrable_calibrated_rk8_n200_dt0.0125_L4.npz,2b27f148bd637b6d6a93c2f1b6ac8a8e9361510c3a8d81205dd9d5f368f549d4,new
p16_integrable_calibrated_rk8_n200_dt0.0125_L4,S2,16.0,integrable_calibrated,rk8,200,0.0125,4.0,main,0.5,8001,0.010604669255540574,0.010193687946440433,1.060e-02 / 1.019e-02,C:\Users\msz\aca\Workspaces\hs_four_schemes_20260927\out\profiles\p16_integrable_calibrated_rk8_n200_dt0.0125_L4.npz,2b27f148bd637b6d6a93c2f1b6ac8a8e9361510c3a8d81205dd9d5f368f549d4,new
p16_difference_paper_ale_euler_n400_dt0.003125_L4,S3,16.0,difference_paper_ale,euler,400,0.003125,4.0,main,0.25,16001,0.00113375324682638,0.0020212242340973963,1.134e-03 / 2.021e-03,C:\Users\msz\aca\Workspaces\hs_four_schemes_20260927\out\profiles\p16_difference_paper_ale_euler_n400_dt0.003125_L4.npz,244f4c06566be7b37d07f21200d7bc61bd24cdc67d50ee15a2d3a1a047e75f7a,new
p16_difference_paper_ale_euler_n400_dt0.003125_L4,S3,16.0,difference_paper_ale,euler,400,0.003125,4.0,main,0.5,16001,0.0017549182025022245,0.00233412342910716,1.755e-03 / 2.334e-03,C:\Users\msz\aca\Workspaces\hs_four_schemes_20260927\out\profiles\p16_difference_paper_ale_euler_n400_dt0.003125_L4.npz,244f4c06566be7b37d07f21200d7bc61bd24cdc67d50ee15a2d3a1a047e75f7a,new
p16_difference_paper_ale_euler_n200_dt0.0125_L4,S3,16.0,difference_paper_ale,euler,200,0.0125,4.0,main,0.25,8001,0.0043637186904407765,0.008006007915335789,4.364e-03 / 8.006e-03,C:\Users\msz\aca\Workspaces\hs_four_schemes_20260927\out\profiles\p16_difference_paper_ale_euler_n200_dt0.0125_L4.npz,30909911788d4b6509f944758f725a61d926196a36d0579fb3bcc26b5e4f0bf0,new
p16_difference_paper_ale_euler_n200_dt0.0125_L4,S3,16.0,difference_paper_ale,euler,200,0.0125,4.0,main,0.5,8001,0.006902648087108429,0.00899561199751897,6.903e-03 / 8.996e-03,C:\Users\msz\aca\Workspaces\hs_four_schemes_20260927\out\profiles\p16_difference_paper_ale_euler_n200_dt0.0125_L4.npz,30909911788d4b6509f944758f725a61d926196a36d0579fb3bcc26b5e4f0bf0,new
p16_difference_paper_ale_heun_n400_dt0.003125_L4,S3,16.0,difference_paper_ale,heun,400,0.003125,4.0,main,0.25,16001,0.0008933628073292746,0.0020298975289514964,8.934e-04 / 2.030e-03,C:\Users\msz\aca\Workspaces\hs_four_schemes_20260927\out\profiles\p16_difference_paper_ale_heun_n400_dt0.003125_L4.npz,eb748b5e2abdefcb6dece55ab8aa72c07a0c9350b08f91823d5cfad08d0e35d0,new
p16_difference_paper_ale_heun_n400_dt0.003125_L4,S3,16.0,difference_paper_ale,heun,400,0.003125,4.0,main,0.5,16001,0.0016461096652396617,0.0023001255889781302,1.646e-03 / 2.300e-03,C:\Users\msz\aca\Workspaces\hs_four_schemes_20260927\out\profiles\p16_difference_paper_ale_heun_n400_dt0.003125_L4.npz,eb748b5e2abdefcb6dece55ab8aa72c07a0c9350b08f91823d5cfad08d0e35d0,new
p16_difference_paper_ale_heun_n200_dt0.0125_L4,S3,16.0,difference_paper_ale,heun,200,0.0125,4.0,main,0.25,8001,0.0034348922476241037,0.008031373347260062,3.435e-03 / 8.031e-03,C:\Users\msz\aca\Workspaces\hs_four_schemes_20260927\out\profiles\p16_difference_paper_ale_heun_n200_dt0.0125_L4.npz,487ac51fc10139d93e6f3ab19f677d1c2b5913436a46a68b22684286c70297e2,new
p16_difference_paper_ale_heun_n200_dt0.0125_L4,S3,16.0,difference_paper_ale,heun,200,0.0125,4.0,main,0.5,8001,0.006269246756827988,0.008940831435900798,6.269e-03 / 8.941e-03,C:\Users\msz\aca\Workspaces\hs_four_schemes_20260927\out\profiles\p16_difference_paper_ale_heun_n200_dt0.0125_L4.npz,487ac51fc10139d93e6f3ab19f677d1c2b5913436a46a68b22684286c70297e2,new
p16_difference_paper_ale_rk4_n400_dt0.003125_L4,S3,16.0,difference_paper_ale,rk4,400,0.003125,4.0,main,0.25,16001,0.0008952746506486822,0.0020294637435389618,8.953e-04 / 2.029e-03,C:\Users\msz\aca\Workspaces\hs_four_schemes_20260927\out\profiles\p16_difference_paper_ale_rk4_n400_dt0.003125_L4.npz,5bc87b37f7b80568503492480fc98fc22e8f8da406f951472082f633c9d5d9b0,new
p16_difference_paper_ale_rk4_n400_dt0.003125_L4,S3,16.0,difference_paper_ale,rk4,400,0.003125,4.0,main,0.5,16001,0.0016502334431879526,0.0022996877028884644,1.650e-03 / 2.300e-03,C:\Users\msz\aca\Workspaces\hs_four_schemes_20260927\out\profiles\p16_difference_paper_ale_rk4_n400_dt0.003125_L4.npz,5bc87b37f7b80568503492480fc98fc22e8f8da406f951472082f633c9d5d9b0,new
p16_difference_paper_ale_rk4_n200_dt0.0125_L4,S3,16.0,difference_paper_ale,rk4,200,0.0125,4.0,main,0.25,8001,0.0034613310356099852,0.00802413297295751,3.461e-03 / 8.024e-03,C:\Users\msz\aca\Workspaces\hs_four_schemes_20260927\out\profiles\p16_difference_paper_ale_rk4_n200_dt0.0125_L4.npz,0e4fedb74c1258ea16604dcea03d8f154e96fdb674ad3d4e8e2198d36b70837c,new
p16_difference_paper_ale_rk4_n200_dt0.0125_L4,S3,16.0,difference_paper_ale,rk4,200,0.0125,4.0,main,0.5,8001,0.006329319709165816,0.008934681465491368,6.329e-03 / 8.935e-03,C:\Users\msz\aca\Workspaces\hs_four_schemes_20260927\out\profiles\p16_difference_paper_ale_rk4_n200_dt0.0125_L4.npz,0e4fedb74c1258ea16604dcea03d8f154e96fdb674ad3d4e8e2198d36b70837c,new
p16_difference_paper_ale_rk8_n400_dt0.003125_L4,S3,16.0,difference_paper_ale,rk8,400,0.003125,4.0,main,0.25,16001,0.0008952746266733189,0.0020294637486941713,8.953e-04 / 2.029e-03,C:\Users\msz\aca\Workspaces\hs_four_schemes_20260927\out\profiles\p16_difference_paper_ale_rk8_n400_dt0.003125_L4.npz,ad8c5f26a0eb08eb6f745bd720031cc5e6d66cdef790aafe07112f1cbbfc1718,new
p16_difference_paper_ale_rk8_n400_dt0.003125_L4,S3,16.0,difference_paper_ale,rk8,400,0.003125,4.0,main,0.5,16001,0.001650233391529199,0.0022996877076638667,1.650e-03 / 2.300e-03,C:\Users\msz\aca\Workspaces\hs_four_schemes_20260927\out\profiles\p16_difference_paper_ale_rk8_n400_dt0.003125_L4.npz,ad8c5f26a0eb08eb6f745bd720031cc5e6d66cdef790aafe07112f1cbbfc1718,new
p16_difference_paper_ale_rk8_n200_dt0.0125_L4,S3,16.0,difference_paper_ale,rk8,200,0.0125,4.0,main,0.25,8001,0.003461325791523147,0.008024134343029121,3.461e-03 / 8.024e-03,C:\Users\msz\aca\Workspaces\hs_four_schemes_20260927\out\profiles\p16_difference_paper_ale_rk8_n200_dt0.0125_L4.npz,1d5b2880c67bda90c19f01a18f4aef83c48173f3590f06bf4c3292be04dfb3bc,new
p16_difference_paper_ale_rk8_n200_dt0.0125_L4,S3,16.0,difference_paper_ale,rk8,200,0.0125,4.0,main,0.5,8001,0.006329307721169679,0.008934682567949825,6.329e-03 / 8.935e-03,C:\Users\msz\aca\Workspaces\hs_four_schemes_20260927\out\profiles\p16_difference_paper_ale_rk8_n200_dt0.0125_L4.npz,1d5b2880c67bda90c19f01a18f4aef83c48173f3590f06bf4c3292be04dfb3bc,new
p16_difference_fixed_euler_n400_dt0.003125_L4,S4,16.0,difference_fixed,euler,400,0.003125,4.0,main,0.25,16001,9.48542333746652e-05,0.0006551138981943927,9.485e-05 / 6.551e-04,C:\Users\msz\aca\Workspaces\hs_conserved_mesh_20260925\out\euler_comparison\profiles\p16_difference_fixed_euler_n400_dt0.003125_L4.npz,0106b1ca600ac9e4cffc0917cdabb548c974a265cfee8d7c2db7ce547c23709c,reused
p16_difference_fixed_euler_n400_dt0.003125_L4,S4,16.0,difference_fixed,euler,400,0.003125,4.0,main,0.5,16001,0.00010236927606778815,0.0007839570870199486,1.024e-04 / 7.840e-04,C:\Users\msz\aca\Workspaces\hs_conserved_mesh_20260925\out\euler_comparison\profiles\p16_difference_fixed_euler_n400_dt0.003125_L4.npz,0106b1ca600ac9e4cffc0917cdabb548c974a265cfee8d7c2db7ce547c23709c,reused
p16_difference_fixed_euler_n200_dt0.0125_L4,S4,16.0,difference_fixed,euler,200,0.0125,4.0,main,0.25,8001,0.00038005693737462945,0.0025528468529874004,3.801e-04 / 2.553e-03,C:\Users\msz\aca\Workspaces\hs_table_data_20260927\out\profiles\p16_difference_fixed_euler_n200_dt0.0125_L4.npz,1d5c7ce6e15e3590cd92e6f1ac4cd3b398fcec95d1b5b6aa1849681f4b7dc8fa,reused
p16_difference_fixed_euler_n200_dt0.0125_L4,S4,16.0,difference_fixed,euler,200,0.0125,4.0,main,0.5,8001,0.0004056654310319596,0.00305037108554429,4.057e-04 / 3.050e-03,C:\Users\msz\aca\Workspaces\hs_table_data_20260927\out\profiles\p16_difference_fixed_euler_n200_dt0.0125_L4.npz,1d5c7ce6e15e3590cd92e6f1ac4cd3b398fcec95d1b5b6aa1849681f4b7dc8fa,reused
p16_difference_fixed_heun_n400_dt0.003125_L4,S4,16.0,difference_fixed,heun,400,0.003125,4.0,main,0.25,16001,9.690455208956339e-05,0.0006703957148761486,9.690e-05 / 6.704e-04,C:\Users\msz\aca\Workspaces\hs_table_data_20260927\out\profiles\p16_difference_fixed_heun_n400_dt0.003125_L4.npz,0b59337b96482ed016bae28ee870532a64f51130affa03631b42cb779571a3eb,reused
p16_difference_fixed_heun_n400_dt0.003125_L4,S4,16.0,difference_fixed,heun,400,0.003125,4.0,main,0.5,16001,0.00010716626468456128,0.0008159179257953841,1.072e-04 / 8.159e-04,C:\Users\msz\aca\Workspaces\hs_table_data_20260927\out\profiles\p16_difference_fixed_heun_n400_dt0.003125_L4.npz,0b59337b96482ed016bae28ee870532a64f51130affa03631b42cb779571a3eb,reused
p16_difference_fixed_heun_n200_dt0.0125_L4,S4,16.0,difference_fixed,heun,200,0.0125,4.0,main,0.25,8001,0.00038715311746279416,0.002612261469877031,3.872e-04 / 2.612e-03,C:\Users\msz\aca\Workspaces\hs_table_data_20260927\out\profiles\p16_difference_fixed_heun_n200_dt0.0125_L4.npz,5dd23209370485aa1d5a0601d72f913f2e62ab9380eb9b8195e58a65303ddc44,reused
p16_difference_fixed_heun_n200_dt0.0125_L4,S4,16.0,difference_fixed,heun,200,0.0125,4.0,main,0.5,8001,0.000424405884628401,0.0031752873504122814,4.244e-04 / 3.175e-03,C:\Users\msz\aca\Workspaces\hs_table_data_20260927\out\profiles\p16_difference_fixed_heun_n200_dt0.0125_L4.npz,5dd23209370485aa1d5a0601d72f913f2e62ab9380eb9b8195e58a65303ddc44,reused
p16_difference_fixed_rk4_n400_dt0.003125_L4,S4,16.0,difference_fixed,rk4,400,0.003125,4.0,main,0.25,16001,9.690681439091658e-05,0.0006704067851226458,9.691e-05 / 6.704e-04,C:\Users\msz\aca\Workspaces\hs_conserved_mesh_20260925\out\calibration_parameter_scan\profiles\p16_difference_fixed_rk4_n400_dt0.003125_L4.npz,90a112309ca5fdc920187bfd223f7a77138b711ada5513c24c21fe5faec79abd,reused
p16_difference_fixed_rk4_n400_dt0.003125_L4,S4,16.0,difference_fixed,rk4,400,0.003125,4.0,main,0.5,16001,0.0001071713013698454,0.0008159411828880803,1.072e-04 / 8.159e-04,C:\Users\msz\aca\Workspaces\hs_conserved_mesh_20260925\out\calibration_parameter_scan\profiles\p16_difference_fixed_rk4_n400_dt0.003125_L4.npz,90a112309ca5fdc920187bfd223f7a77138b711ada5513c24c21fe5faec79abd,reused
p16_difference_fixed_rk4_n200_dt0.0125_L4,S4,16.0,difference_fixed,rk4,200,0.0125,4.0,main,0.25,8001,0.00038721895364267345,0.0026124305602904796,3.872e-04 / 2.612e-03,C:\Users\msz\aca\Workspaces\hs_table_data_20260927\out\profiles\p16_difference_fixed_rk4_n200_dt0.0125_L4.npz,29b19cf05ff0108da0cfc228f24182991fb8387c1e3cf06c832ac81fe2c8d9d7,reused
p16_difference_fixed_rk4_n200_dt0.0125_L4,S4,16.0,difference_fixed,rk4,200,0.0125,4.0,main,0.5,8001,0.00042454720940511906,0.0031756422787156957,4.245e-04 / 3.176e-03,C:\Users\msz\aca\Workspaces\hs_table_data_20260927\out\profiles\p16_difference_fixed_rk4_n200_dt0.0125_L4.npz,29b19cf05ff0108da0cfc228f24182991fb8387c1e3cf06c832ac81fe2c8d9d7,reused
p16_difference_fixed_rk8_n400_dt0.003125_L4,S4,16.0,difference_fixed,rk8,400,0.003125,4.0,main,0.25,16001,9.690681438052906e-05,0.0006704067851207585,9.691e-05 / 6.704e-04,C:\Users\msz\aca\Workspaces\hs_table_data_20260927\out\profiles\p16_difference_fixed_rk8_n400_dt0.003125_L4.npz,1bac38c0fca109b2a3ee77861d11d27e479a48ddba22b65b60f622365d5a03f1,reused
p16_difference_fixed_rk8_n400_dt0.003125_L4,S4,16.0,difference_fixed,rk8,400,0.003125,4.0,main,0.5,16001,0.00010717130134859504,0.0008159411828914109,1.072e-04 / 8.159e-04,C:\Users\msz\aca\Workspaces\hs_table_data_20260927\out\profiles\p16_difference_fixed_rk8_n400_dt0.003125_L4.npz,1bac38c0fca109b2a3ee77861d11d27e479a48ddba22b65b60f622365d5a03f1,reused
p16_difference_fixed_rk8_n200_dt0.0125_L4,S4,16.0,difference_fixed,rk8,200,0.0125,4.0,main,0.25,8001,0.00038721894493032663,0.0026124305578912876,3.872e-04 / 2.612e-03,C:\Users\msz\aca\Workspaces\hs_table_data_20260927\out\profiles\p16_difference_fixed_rk8_n200_dt0.0125_L4.npz,5e64793d460dd592ed71b94698e520e1aa82766e3678380c954d07efa2fafa51,reused
p16_difference_fixed_rk8_n200_dt0.0125_L4,S4,16.0,difference_fixed,rk8,200,0.0125,4.0,main,0.5,8001,0.00042454719106619493,0.0031756422801626494,4.245e-04 / 3.176e-03,C:\Users\msz\aca\Workspaces\hs_table_data_20260927\out\profiles\p16_difference_fixed_rk8_n200_dt0.0125_L4.npz,5e64793d460dd592ed71b94698e520e1aa82766e3678380c954d07efa2fafa51,reused
p17_integrable_original_euler_n400_dt0.003125_L4,S1,17.0,integrable_original,euler,400,0.003125,4.0,main,0.25,16001,0.014932042490933762,0.00400357239357807,1.493e-02 / 4.004e-03,C:\Users\msz\aca\Workspaces\hs_waveform_atlas_20260927\out\profiles\p17_integrable_original_euler_n400_dt0.003125_L4.npz,4c19ff21a328926d027aa191fbb8cfbe21736e2c7bd3ea6973571c068321d0cb,reused
p17_integrable_original_euler_n400_dt0.003125_L4,S1,17.0,integrable_original,euler,400,0.003125,4.0,main,0.5,16001,0.06314301362296389,0.01308733613180002,6.314e-02 / 1.309e-02,C:\Users\msz\aca\Workspaces\hs_waveform_atlas_20260927\out\profiles\p17_integrable_original_euler_n400_dt0.003125_L4.npz,4c19ff21a328926d027aa191fbb8cfbe21736e2c7bd3ea6973571c068321d0cb,reused
p17_integrable_original_euler_n200_dt0.0125_L4,S1,17.0,integrable_original,euler,200,0.0125,4.0,main,0.25,8001,0.030034629799715242,0.012606265547765838,3.003e-02 / 1.261e-02,C:\Users\msz\aca\Workspaces\hs_four_schemes_20260927\out\profiles\p17_integrable_original_euler_n200_dt0.0125_L4.npz,5289c266dccb19cac5cf07436d87c9799d5688035c72c29142242624b7dc51ce,new
p17_integrable_original_euler_n200_dt0.0125_L4,S1,17.0,integrable_original,euler,200,0.0125,4.0,main,0.5,8001,0.12709311099969425,0.027780128074336385,1.271e-01 / 2.778e-02,C:\Users\msz\aca\Workspaces\hs_four_schemes_20260927\out\profiles\p17_integrable_original_euler_n200_dt0.0125_L4.npz,5289c266dccb19cac5cf07436d87c9799d5688035c72c29142242624b7dc51ce,new
p17_integrable_original_heun_n400_dt0.003125_L4,S1,17.0,integrable_original,heun,400,0.003125,4.0,main,0.25,16001,0.015116988852218842,0.004022124956779838,1.512e-02 / 4.022e-03,C:\Users\msz\aca\Workspaces\hs_four_schemes_20260927\out\profiles\p17_integrable_original_heun_n400_dt0.003125_L4.npz,97f8c5b722a9b7b0a80098d993de5c0c4284b671a732fed4ce57c11950a37fa4,new
p17_integrable_original_heun_n400_dt0.003125_L4,S1,17.0,integrable_original,heun,400,0.003125,4.0,main,0.5,16001,0.06393895234121952,0.013193609081733282,6.394e-02 / 1.319e-02,C:\Users\msz\aca\Workspaces\hs_four_schemes_20260927\out\profiles\p17_integrable_original_heun_n400_dt0.003125_L4.npz,97f8c5b722a9b7b0a80098d993de5c0c4284b671a732fed4ce57c11950a37fa4,new
p17_integrable_original_heun_n200_dt0.0125_L4,S1,17.0,integrable_original,heun,200,0.0125,4.0,main,0.25,8001,0.031570755628187654,0.012808416450554805,3.157e-02 / 1.281e-02,C:\Users\msz\aca\Workspaces\hs_four_schemes_20260927\out\profiles\p17_integrable_original_heun_n200_dt0.0125_L4.npz,ce3f8f292875167c5c7c7bd0b166becb2a7616b6ee60ef269f648a24162fd839,new
p17_integrable_original_heun_n200_dt0.0125_L4,S1,17.0,integrable_original,heun,200,0.0125,4.0,main,0.5,8001,0.13386654747058782,0.028749484678714632,1.339e-01 / 2.875e-02,C:\Users\msz\aca\Workspaces\hs_four_schemes_20260927\out\profiles\p17_integrable_original_heun_n200_dt0.0125_L4.npz,ce3f8f292875167c5c7c7bd0b166becb2a7616b6ee60ef269f648a24162fd839,new
p17_integrable_original_rk4_n400_dt0.003125_L4,S1,17.0,integrable_original,rk4,400,0.003125,4.0,main,0.25,16001,0.015117492619415241,0.004022195779533111,1.512e-02 / 4.022e-03,C:\Users\msz\aca\Workspaces\hs_four_schemes_20260927\out\profiles\p17_integrable_original_rk4_n400_dt0.003125_L4.npz,2347f35151ef8082035eb7a8a367d08291bc91a0753ea3720fc6c4053f5437b1,new
p17_integrable_original_rk4_n400_dt0.003125_L4,S1,17.0,integrable_original,rk4,400,0.003125,4.0,main,0.5,16001,0.06394087179242228,0.013193872868050738,6.394e-02 / 1.319e-02,C:\Users\msz\aca\Workspaces\hs_four_schemes_20260927\out\profiles\p17_integrable_original_rk4_n400_dt0.003125_L4.npz,2347f35151ef8082035eb7a8a367d08291bc91a0753ea3720fc6c4053f5437b1,new
p17_integrable_original_rk4_n200_dt0.0125_L4,S1,17.0,integrable_original,rk4,200,0.0125,4.0,main,0.25,8001,0.03159014921001043,0.012810844067199512,3.159e-02 / 1.281e-02,C:\Users\msz\aca\Workspaces\hs_four_schemes_20260927\out\profiles\p17_integrable_original_rk4_n200_dt0.0125_L4.npz,fa01011fe1a5117baba912139259c4b7024fb34cc4a8544cfd51d2ce2f53b627,new
p17_integrable_original_rk4_n200_dt0.0125_L4,S1,17.0,integrable_original,rk4,200,0.0125,4.0,main,0.5,8001,0.13394212983507808,0.02875832540773804,1.339e-01 / 2.876e-02,C:\Users\msz\aca\Workspaces\hs_four_schemes_20260927\out\profiles\p17_integrable_original_rk4_n200_dt0.0125_L4.npz,fa01011fe1a5117baba912139259c4b7024fb34cc4a8544cfd51d2ce2f53b627,new
p17_integrable_original_rk8_n400_dt0.003125_L4,S1,17.0,integrable_original,rk8,400,0.003125,4.0,main,0.25,16001,0.015117492620175848,0.0040221957794486785,1.512e-02 / 4.022e-03,C:\Users\msz\aca\Workspaces\hs_four_schemes_20260927\out\profiles\p17_integrable_original_rk8_n400_dt0.003125_L4.npz,50cf6576851cddc7749706791542d31a11b64c73d6154e4c5b6f8b8c886b21c4,new
p17_integrable_original_rk8_n400_dt0.003125_L4,S1,17.0,integrable_original,rk8,400,0.003125,4.0,main,0.5,16001,0.0639408717958523,0.013193872867803047,6.394e-02 / 1.319e-02,C:\Users\msz\aca\Workspaces\hs_four_schemes_20260927\out\profiles\p17_integrable_original_rk8_n400_dt0.003125_L4.npz,50cf6576851cddc7749706791542d31a11b64c73d6154e4c5b6f8b8c886b21c4,new
p17_integrable_original_rk8_n200_dt0.0125_L4,S1,17.0,integrable_original,rk8,200,0.0125,4.0,main,0.25,8001,0.03159014997488347,0.01281084406800398,3.159e-02 / 1.281e-02,C:\Users\msz\aca\Workspaces\hs_four_schemes_20260927\out\profiles\p17_integrable_original_rk8_n200_dt0.0125_L4.npz,3db4074d432791f75705f98ab94c43c61a83e9ac1249b124ec862712cc4864cc,new
p17_integrable_original_rk8_n200_dt0.0125_L4,S1,17.0,integrable_original,rk8,200,0.0125,4.0,main,0.5,8001,0.13394213279200495,0.0287583254385948,1.339e-01 / 2.876e-02,C:\Users\msz\aca\Workspaces\hs_four_schemes_20260927\out\profiles\p17_integrable_original_rk8_n200_dt0.0125_L4.npz,3db4074d432791f75705f98ab94c43c61a83e9ac1249b124ec862712cc4864cc,new
p17_integrable_calibrated_euler_n400_dt0.003125_L4,S2,17.0,integrable_calibrated,euler,400,0.003125,4.0,main,0.25,16001,0.0010325876147442292,0.0027641771566161988,1.033e-03 / 2.764e-03,C:\Users\msz\aca\Workspaces\hs_waveform_atlas_20260927\out\profiles\p17_integrable_calibrated_euler_n400_dt0.003125_L4.npz,1e1a49e5f7c5316a8bf0fb59177f273a74b6af1331eb03f22fec1b18f5cd5c53,reused
p17_integrable_calibrated_euler_n400_dt0.003125_L4,S2,17.0,integrable_calibrated,euler,400,0.003125,4.0,main,0.5,16001,0.0028873903784216418,0.002984934647630888,2.887e-03 / 2.985e-03,C:\Users\msz\aca\Workspaces\hs_waveform_atlas_20260927\out\profiles\p17_integrable_calibrated_euler_n400_dt0.003125_L4.npz,1e1a49e5f7c5316a8bf0fb59177f273a74b6af1331eb03f22fec1b18f5cd5c53,reused
p17_integrable_calibrated_euler_n200_dt0.0125_L4,S2,17.0,integrable_calibrated,euler,200,0.0125,4.0,main,0.25,8001,0.004017295486632683,0.010826213531935025,4.017e-03 / 1.083e-02,C:\Users\msz\aca\Workspaces\hs_four_schemes_20260927\out\profiles\p17_integrable_calibrated_euler_n200_dt0.0125_L4.npz,3840980fb60f16f0bb7d178bc381a3086a6241bd6765127a72aacc19bc2ddb36,new
p17_integrable_calibrated_euler_n200_dt0.0125_L4,S2,17.0,integrable_calibrated,euler,200,0.0125,4.0,main,0.5,8001,0.011037550896681483,0.01165216490118881,1.104e-02 / 1.165e-02,C:\Users\msz\aca\Workspaces\hs_four_schemes_20260927\out\profiles\p17_integrable_calibrated_euler_n200_dt0.0125_L4.npz,3840980fb60f16f0bb7d178bc381a3086a6241bd6765127a72aacc19bc2ddb36,new
p17_integrable_calibrated_heun_n400_dt0.003125_L4,S2,17.0,integrable_calibrated,heun,400,0.003125,4.0,main,0.25,16001,0.00106430454399839,0.0027704638256538794,1.064e-03 / 2.770e-03,C:\Users\msz\aca\Workspaces\hs_four_schemes_20260927\out\profiles\p17_integrable_calibrated_heun_n400_dt0.003125_L4.npz,dfa9e96a16b282622068c5eab5d03861e9b571165eae890c02401bbeb2607258,new
p17_integrable_calibrated_heun_n400_dt0.003125_L4,S2,17.0,integrable_calibrated,heun,400,0.003125,4.0,main,0.5,16001,0.0028537568183315863,0.0029887303815993027,2.854e-03 / 2.989e-03,C:\Users\msz\aca\Workspaces\hs_four_schemes_20260927\out\profiles\p17_integrable_calibrated_heun_n400_dt0.003125_L4.npz,dfa9e96a16b282622068c5eab5d03861e9b571165eae890c02401bbeb2607258,new
p17_integrable_calibrated_heun_n200_dt0.0125_L4,S2,17.0,integrable_calibrated,heun,200,0.0125,4.0,main,0.25,8001,0.004130800197793216,0.010854600810221493,4.131e-03 / 1.085e-02,C:\Users\msz\aca\Workspaces\hs_four_schemes_20260927\out\profiles\p17_integrable_calibrated_heun_n200_dt0.0125_L4.npz,391e603f83c6bb4054fa06d9eced0f971b2aeec367edbb95297d0d06b0420c55,new
p17_integrable_calibrated_heun_n200_dt0.0125_L4,S2,17.0,integrable_calibrated,heun,200,0.0125,4.0,main,0.5,8001,0.011371690948115264,0.011645578198231865,1.137e-02 / 1.165e-02,C:\Users\msz\aca\Workspaces\hs_four_schemes_20260927\out\profiles\p17_integrable_calibrated_heun_n200_dt0.0125_L4.npz,391e603f83c6bb4054fa06d9eced0f971b2aeec367edbb95297d0d06b0420c55,new
p17_integrable_calibrated_rk4_n400_dt0.003125_L4,S2,17.0,integrable_calibrated,rk4,400,0.003125,4.0,main,0.25,16001,0.0010643452473251824,0.00277048271621394,1.064e-03 / 2.770e-03,C:\Users\msz\aca\Workspaces\hs_four_schemes_20260927\out\profiles\p17_integrable_calibrated_rk4_n400_dt0.003125_L4.npz,51c22f1b7176c72ed11660b065178cd10d02034db4ed4b6b857cf56e55175262,new
p17_integrable_calibrated_rk4_n400_dt0.003125_L4,S2,17.0,integrable_calibrated,rk4,400,0.003125,4.0,main,0.5,16001,0.0028531612360299086,0.0029887234578485633,2.853e-03 / 2.989e-03,C:\Users\msz\aca\Workspaces\hs_four_schemes_20260927\out\profiles\p17_integrable_calibrated_rk4_n400_dt0.003125_L4.npz,51c22f1b7176c72ed11660b065178cd10d02034db4ed4b6b857cf56e55175262,new
p17_integrable_calibrated_rk4_n200_dt0.0125_L4,S2,17.0,integrable_calibrated,rk4,200,0.0125,4.0,main,0.25,8001,0.004131506685584957,0.010854948009211496,4.132e-03 / 1.085e-02,C:\Users\msz\aca\Workspaces\hs_four_schemes_20260927\out\profiles\p17_integrable_calibrated_rk4_n200_dt0.0125_L4.npz,5cd3e1acb283b583ac8addbfa783605619ff6276a72fa657b2ded5dfc1578a53,new
p17_integrable_calibrated_rk4_n200_dt0.0125_L4,S2,17.0,integrable_calibrated,rk4,200,0.0125,4.0,main,0.5,8001,0.011367905543632957,0.01164534878393858,1.137e-02 / 1.165e-02,C:\Users\msz\aca\Workspaces\hs_four_schemes_20260927\out\profiles\p17_integrable_calibrated_rk4_n200_dt0.0125_L4.npz,5cd3e1acb283b583ac8addbfa783605619ff6276a72fa657b2ded5dfc1578a53,new
p17_integrable_calibrated_rk8_n400_dt0.003125_L4,S2,17.0,integrable_calibrated,rk8,400,0.003125,4.0,main,0.25,16001,0.0010643452473347303,0.0027704827161249557,1.064e-03 / 2.770e-03,C:\Users\msz\aca\Workspaces\hs_four_schemes_20260927\out\profiles\p17_integrable_calibrated_rk8_n400_dt0.003125_L4.npz,067a31bba200da346cff64c7a952ca7a2f8d1d8614e1de960ac9c4ad5f1e069f,new
p17_integrable_calibrated_rk8_n400_dt0.003125_L4,S2,17.0,integrable_calibrated,rk8,400,0.003125,4.0,main,0.5,16001,0.0028531612323924186,0.0029887234576108646,2.853e-03 / 2.989e-03,C:\Users\msz\aca\Workspaces\hs_four_schemes_20260927\out\profiles\p17_integrable_calibrated_rk8_n400_dt0.003125_L4.npz,067a31bba200da346cff64c7a952ca7a2f8d1d8614e1de960ac9c4ad5f1e069f,new
p17_integrable_calibrated_rk8_n200_dt0.0125_L4,S2,17.0,integrable_calibrated,rk8,200,0.0125,4.0,main,0.25,8001,0.004131506688850428,0.010854947987993302,4.132e-03 / 1.085e-02,C:\Users\msz\aca\Workspaces\hs_four_schemes_20260927\out\profiles\p17_integrable_calibrated_rk8_n200_dt0.0125_L4.npz,96a6765c2d0c8899d61651133bdce8136085b61d9378f1628227b64859f40dce,new
p17_integrable_calibrated_rk8_n200_dt0.0125_L4,S2,17.0,integrable_calibrated,rk8,200,0.0125,4.0,main,0.5,8001,0.01136790486970459,0.011645348706589065,1.137e-02 / 1.165e-02,C:\Users\msz\aca\Workspaces\hs_four_schemes_20260927\out\profiles\p17_integrable_calibrated_rk8_n200_dt0.0125_L4.npz,96a6765c2d0c8899d61651133bdce8136085b61d9378f1628227b64859f40dce,new
p17_difference_paper_ale_euler_n400_dt0.003125_L4,S3,17.0,difference_paper_ale,euler,400,0.003125,4.0,main,0.25,16001,0.0013080132792813032,0.0023515224326064454,1.308e-03 / 2.352e-03,C:\Users\msz\aca\Workspaces\hs_four_schemes_20260927\out\profiles\p17_difference_paper_ale_euler_n400_dt0.003125_L4.npz,f1ba0b13f88ff4da947a56e566f5464a2a4a8ec243cba3a79018201955742739,new
p17_difference_paper_ale_euler_n400_dt0.003125_L4,S3,17.0,difference_paper_ale,euler,400,0.003125,4.0,main,0.5,16001,0.0020753020840400815,0.0027127817155158107,2.075e-03 / 2.713e-03,C:\Users\msz\aca\Workspaces\hs_four_schemes_20260927\out\profiles\p17_difference_paper_ale_euler_n400_dt0.003125_L4.npz,f1ba0b13f88ff4da947a56e566f5464a2a4a8ec243cba3a79018201955742739,new
p17_difference_paper_ale_euler_n200_dt0.0125_L4,S3,17.0,difference_paper_ale,euler,200,0.0125,4.0,main,0.25,8001,0.004986575601484668,0.009184142229229253,4.987e-03 / 9.184e-03,C:\Users\msz\aca\Workspaces\hs_four_schemes_20260927\out\profiles\p17_difference_paper_ale_euler_n200_dt0.0125_L4.npz,50336d7104653575b2b00c41939f42f649b56f0c0e7300beb21919e697cea0dc,new
p17_difference_paper_ale_euler_n200_dt0.0125_L4,S3,17.0,difference_paper_ale,euler,200,0.0125,4.0,main,0.5,8001,0.00808620739443601,0.010518339003760424,8.086e-03 / 1.052e-02,C:\Users\msz\aca\Workspaces\hs_four_schemes_20260927\out\profiles\p17_difference_paper_ale_euler_n200_dt0.0125_L4.npz,50336d7104653575b2b00c41939f42f649b56f0c0e7300beb21919e697cea0dc,new
p17_difference_paper_ale_heun_n400_dt0.003125_L4,S3,17.0,difference_paper_ale,heun,400,0.003125,4.0,main,0.25,16001,0.0010522154833103661,0.002353548118386284,1.052e-03 / 2.354e-03,C:\Users\msz\aca\Workspaces\hs_four_schemes_20260927\out\profiles\p17_difference_paper_ale_heun_n400_dt0.003125_L4.npz,43dfcf3ff64631e51c9467fe40d786499fcc764bfdfb4f5fa16953d7a04f8b01,new
p17_difference_paper_ale_heun_n400_dt0.003125_L4,S3,17.0,difference_paper_ale,heun,400,0.003125,4.0,main,0.5,16001,0.0019463497759254766,0.0026521857384763092,1.946e-03 / 2.652e-03,C:\Users\msz\aca\Workspaces\hs_four_schemes_20260927\out\profiles\p17_difference_paper_ale_heun_n400_dt0.003125_L4.npz,43dfcf3ff64631e51c9467fe40d786499fcc764bfdfb4f5fa16953d7a04f8b01,new
p17_difference_paper_ale_heun_n200_dt0.0125_L4,S3,17.0,difference_paper_ale,heun,200,0.0125,4.0,main,0.25,8001,0.004006061725905938,0.009182459236996843,4.006e-03 / 9.182e-03,C:\Users\msz\aca\Workspaces\hs_four_schemes_20260927\out\profiles\p17_difference_paper_ale_heun_n200_dt0.0125_L4.npz,ac979fca80c5e445e16366f4ee65e6701eee75240aa4990288f20847aa62c7c6,new
p17_difference_paper_ale_heun_n200_dt0.0125_L4,S3,17.0,difference_paper_ale,heun,200,0.0125,4.0,main,0.5,8001,0.007406114581101478,0.0103892441983649,7.406e-03 / 1.039e-02,C:\Users\msz\aca\Workspaces\hs_four_schemes_20260927\out\profiles\p17_difference_paper_ale_heun_n200_dt0.0125_L4.npz,ac979fca80c5e445e16366f4ee65e6701eee75240aa4990288f20847aa62c7c6,new
p17_difference_paper_ale_rk4_n400_dt0.003125_L4,S3,17.0,difference_paper_ale,rk4,400,0.003125,4.0,main,0.25,16001,0.001054272341244153,0.0023530216904343315,1.054e-03 / 2.353e-03,C:\Users\msz\aca\Workspaces\hs_four_schemes_20260927\out\profiles\p17_difference_paper_ale_rk4_n400_dt0.003125_L4.npz,2318c3db94fe7295a96822de98671df407347a4e05cf512e3407055549adc6ac,new
p17_difference_paper_ale_rk4_n400_dt0.003125_L4,S3,17.0,difference_paper_ale,rk4,400,0.003125,4.0,main,0.5,16001,0.001950768562108754,0.002651649838373571,1.951e-03 / 2.652e-03,C:\Users\msz\aca\Workspaces\hs_four_schemes_20260927\out\profiles\p17_difference_paper_ale_rk4_n400_dt0.003125_L4.npz,2318c3db94fe7295a96822de98671df407347a4e05cf512e3407055549adc6ac,new
p17_difference_paper_ale_rk4_n200_dt0.0125_L4,S3,17.0,difference_paper_ale,rk4,200,0.0125,4.0,main,0.25,8001,0.0040341019216735136,0.009173734574275116,4.034e-03 / 9.174e-03,C:\Users\msz\aca\Workspaces\hs_four_schemes_20260927\out\profiles\p17_difference_paper_ale_rk4_n200_dt0.0125_L4.npz,5a7ded2c03d1690b38717f5222bf6d23c7a04af0430ec99f2ee60f822c7d23f7,new
p17_difference_paper_ale_rk4_n200_dt0.0125_L4,S3,17.0,difference_paper_ale,rk4,200,0.0125,4.0,main,0.5,8001,0.007469845520998941,0.010381788052881036,7.470e-03 / 1.038e-02,C:\Users\msz\aca\Workspaces\hs_four_schemes_20260927\out\profiles\p17_difference_paper_ale_rk4_n200_dt0.0125_L4.npz,5a7ded2c03d1690b38717f5222bf6d23c7a04af0430ec99f2ee60f822c7d23f7,new
p17_difference_paper_ale_rk8_n400_dt0.003125_L4,S3,17.0,difference_paper_ale,rk8,400,0.003125,4.0,main,0.25,16001,0.0010542723154175204,0.0023530216966661244,1.054e-03 / 2.353e-03,C:\Users\msz\aca\Workspaces\hs_four_schemes_20260927\out\profiles\p17_difference_paper_ale_rk8_n400_dt0.003125_L4.npz,1a644196b4cb7cdf35b3a7b9aa89acb3da01cef09d3d0ec2f539214ece275e12,new
p17_difference_paper_ale_rk8_n400_dt0.003125_L4,S3,17.0,difference_paper_ale,rk8,400,0.003125,4.0,main,0.5,16001,0.0019507685066341082,0.002651649844163384,1.951e-03 / 2.652e-03,C:\Users\msz\aca\Workspaces\hs_four_schemes_20260927\out\profiles\p17_difference_paper_ale_rk8_n400_dt0.003125_L4.npz,1a644196b4cb7cdf35b3a7b9aa89acb3da01cef09d3d0ec2f539214ece275e12,new
p17_difference_paper_ale_rk8_n200_dt0.0125_L4,S3,17.0,difference_paper_ale,rk8,200,0.0125,4.0,main,0.25,8001,0.004034096360580233,0.009173736216593342,4.034e-03 / 9.174e-03,C:\Users\msz\aca\Workspaces\hs_four_schemes_20260927\out\profiles\p17_difference_paper_ale_rk8_n200_dt0.0125_L4.npz,43d2cefbb250eba56b18305e880096bf84b2329de204f6f57066bfe11cf37fd0,new
p17_difference_paper_ale_rk8_n200_dt0.0125_L4,S3,17.0,difference_paper_ale,rk8,200,0.0125,4.0,main,0.5,8001,0.007469832790583809,0.010381789379928341,7.470e-03 / 1.038e-02,C:\Users\msz\aca\Workspaces\hs_four_schemes_20260927\out\profiles\p17_difference_paper_ale_rk8_n200_dt0.0125_L4.npz,43d2cefbb250eba56b18305e880096bf84b2329de204f6f57066bfe11cf37fd0,new
p17_difference_fixed_euler_n400_dt0.003125_L4,S4,17.0,difference_fixed,euler,400,0.003125,4.0,main,0.25,16001,0.00010474882434845928,0.0007482766265358709,1.047e-04 / 7.483e-04,C:\Users\msz\aca\Workspaces\hs_waveform_atlas_20260927\out\profiles\p17_difference_fixed_euler_n400_dt0.003125_L4.npz,17b313af6b99fe093b691c51e06c364c33a3618338349ebb84dda872066aad7a,reused
p17_difference_fixed_euler_n400_dt0.003125_L4,S4,17.0,difference_fixed,euler,400,0.003125,4.0,main,0.5,16001,0.00011232217395428651,0.0009060942116554394,1.123e-04 / 9.061e-04,C:\Users\msz\aca\Workspaces\hs_waveform_atlas_20260927\out\profiles\p17_difference_fixed_euler_n400_dt0.003125_L4.npz,17b313af6b99fe093b691c51e06c364c33a3618338349ebb84dda872066aad7a,reused
p17_difference_fixed_euler_n200_dt0.0125_L4,S4,17.0,difference_fixed,euler,200,0.0125,4.0,main,0.25,8001,0.00041657640439218824,0.002981028677097153,4.166e-04 / 2.981e-03,C:\Users\msz\aca\Workspaces\hs_table_data_20260927\out\profiles\p17_difference_fixed_euler_n200_dt0.0125_L4.npz,4d3729ae4df1fba71c79a2b90c36bf6eeba197a5c0f09ab198a47fbebab05534,reused
p17_difference_fixed_euler_n200_dt0.0125_L4,S4,17.0,difference_fixed,euler,200,0.0125,4.0,main,0.5,8001,0.00044457971627692716,0.003497501018826177,4.446e-04 / 3.498e-03,C:\Users\msz\aca\Workspaces\hs_table_data_20260927\out\profiles\p17_difference_fixed_euler_n200_dt0.0125_L4.npz,4d3729ae4df1fba71c79a2b90c36bf6eeba197a5c0f09ab198a47fbebab05534,reused
p17_difference_fixed_heun_n400_dt0.003125_L4,S4,17.0,difference_fixed,heun,400,0.003125,4.0,main,0.25,16001,0.00010675440689806442,0.000763672756130207,1.068e-04 / 7.637e-04,C:\Users\msz\aca\Workspaces\hs_table_data_20260927\out\profiles\p17_difference_fixed_heun_n400_dt0.003125_L4.npz,7ce109f67d6b391136e69d39d2541e778435b107cf1637e0370906af90c3b210,reused
p17_difference_fixed_heun_n400_dt0.003125_L4,S4,17.0,difference_fixed,heun,400,0.003125,4.0,main,0.5,16001,0.00011699220069218835,0.0009390996546861929,1.170e-04 / 9.391e-04,C:\Users\msz\aca\Workspaces\hs_table_data_20260927\out\profiles\p17_difference_fixed_heun_n400_dt0.003125_L4.npz,7ce109f67d6b391136e69d39d2541e778435b107cf1637e0370906af90c3b210,reused
p17_difference_fixed_heun_n200_dt0.0125_L4,S4,17.0,difference_fixed,heun,200,0.0125,4.0,main,0.25,8001,0.00042329241042638605,0.0030425440155484873,4.233e-04 / 3.043e-03,C:\Users\msz\aca\Workspaces\hs_table_data_20260927\out\profiles\p17_difference_fixed_heun_n200_dt0.0125_L4.npz,583ca51e3e378807decbfbe9df82ededad42dc92a33a361551f21a42759bf7d7,reused
p17_difference_fixed_heun_n200_dt0.0125_L4,S4,17.0,difference_fixed,heun,200,0.0125,4.0,main,0.5,8001,0.0004657962807420833,0.003626139583765564,4.658e-04 / 3.626e-03,C:\Users\msz\aca\Workspaces\hs_table_data_20260927\out\profiles\p17_difference_fixed_heun_n200_dt0.0125_L4.npz,583ca51e3e378807decbfbe9df82ededad42dc92a33a361551f21a42759bf7d7,reused
p17_difference_fixed_rk4_n400_dt0.003125_L4,S4,17.0,difference_fixed,rk4,400,0.003125,4.0,main,0.25,16001,0.00010675676434954845,0.0007636843666164461,1.068e-04 / 7.637e-04,C:\Users\msz\aca\Workspaces\hs_table_data_20260927\out\profiles\p17_difference_fixed_rk4_n400_dt0.003125_L4.npz,cd12d827afa75051b78157931c3ff7aaa5593eef388882c07c3a1918377e5f64,reused
p17_difference_fixed_rk4_n400_dt0.003125_L4,S4,17.0,difference_fixed,rk4,400,0.003125,4.0,main,0.5,16001,0.00011699734975505194,0.0009391235482277827,1.170e-04 / 9.391e-04,C:\Users\msz\aca\Workspaces\hs_table_data_20260927\out\profiles\p17_difference_fixed_rk4_n400_dt0.003125_L4.npz,cd12d827afa75051b78157931c3ff7aaa5593eef388882c07c3a1918377e5f64,reused
p17_difference_fixed_rk4_n200_dt0.0125_L4,S4,17.0,difference_fixed,rk4,200,0.0125,4.0,main,0.25,8001,0.0004233638120353482,0.0030427266603242353,4.234e-04 / 3.043e-03,C:\Users\msz\aca\Workspaces\hs_table_data_20260927\out\profiles\p17_difference_fixed_rk4_n200_dt0.0125_L4.npz,c8338d29520862bd1b140e36e35f54fef32ac329f49fda85d57ccf3fde3370d6,reused
p17_difference_fixed_rk4_n200_dt0.0125_L4,S4,17.0,difference_fixed,rk4,200,0.0125,4.0,main,0.5,8001,0.0004659487436843822,0.0036264769901296345,4.659e-04 / 3.626e-03,C:\Users\msz\aca\Workspaces\hs_table_data_20260927\out\profiles\p17_difference_fixed_rk4_n200_dt0.0125_L4.npz,c8338d29520862bd1b140e36e35f54fef32ac329f49fda85d57ccf3fde3370d6,reused
p17_difference_fixed_rk8_n400_dt0.003125_L4,S4,17.0,difference_fixed,rk8,400,0.003125,4.0,main,0.25,16001,0.00010675676433861275,0.000763684366615891,1.068e-04 / 7.637e-04,C:\Users\msz\aca\Workspaces\hs_table_data_20260927\out\profiles\p17_difference_fixed_rk8_n400_dt0.003125_L4.npz,9848d7e116e7686e52b58168b7b5e79c3a0f94ea2196d6fbc03dcd25795d4bb8,reused
p17_difference_fixed_rk8_n400_dt0.003125_L4,S4,17.0,difference_fixed,rk8,400,0.003125,4.0,main,0.5,16001,0.0001169973497313348,0.0009391235482323346,1.170e-04 / 9.391e-04,C:\Users\msz\aca\Workspaces\hs_table_data_20260927\out\profiles\p17_difference_fixed_rk8_n400_dt0.003125_L4.npz,9848d7e116e7686e52b58168b7b5e79c3a0f94ea2196d6fbc03dcd25795d4bb8,reused
p17_difference_fixed_rk8_n200_dt0.0125_L4,S4,17.0,difference_fixed,rk8,200,0.0125,4.0,main,0.25,8001,0.0004233638022572289,0.0030427266578112455,4.234e-04 / 3.043e-03,C:\Users\msz\aca\Workspaces\hs_table_data_20260927\out\profiles\p17_difference_fixed_rk8_n200_dt0.0125_L4.npz,cb7befbdaf6684db9079e76eb380f8b1a2fac2c3f5c0e756ebae29d3e7b787e0,reused
p17_difference_fixed_rk8_n200_dt0.0125_L4,S4,17.0,difference_fixed,rk8,200,0.0125,4.0,main,0.5,8001,0.00046594872326826894,0.003626476992139138,4.659e-04 / 3.626e-03,C:\Users\msz\aca\Workspaces\hs_table_data_20260927\out\profiles\p17_difference_fixed_rk8_n200_dt0.0125_L4.npz,cb7befbdaf6684db9079e76eb380f8b1a2fac2c3f5c0e756ebae29d3e7b787e0,reused
p18_integrable_original_euler_n400_dt0.003125_L4,S1,18.0,integrable_original,euler,400,0.003125,4.0,main,0.25,16001,0.014937107757090689,0.004465698420670683,1.494e-02 / 4.466e-03,C:\Users\msz\aca\Workspaces\hs_error_theory_20260926\out_v2\profiles\p18_integrable_original_euler_n400_dt0.003125_L4.npz,a50f05b17283142697054d10dd12d90f38cc0f02af27e0ad6a16e9faf758834b,reused
p18_integrable_original_euler_n400_dt0.003125_L4,S1,18.0,integrable_original,euler,400,0.003125,4.0,main,0.5,16001,0.06313861448797298,0.013823553126870114,6.314e-02 / 1.382e-02,C:\Users\msz\aca\Workspaces\hs_error_theory_20260926\out_v2\profiles\p18_integrable_original_euler_n400_dt0.003125_L4.npz,a50f05b17283142697054d10dd12d90f38cc0f02af27e0ad6a16e9faf758834b,reused
p18_integrable_original_euler_n200_dt0.0125_L4,S1,18.0,integrable_original,euler,200,0.0125,4.0,main,0.25,8001,0.030131517877370367,0.014353923063288365,3.013e-02 / 1.435e-02,C:\Users\msz\aca\Workspaces\hs_four_schemes_20260927\out\profiles\p18_integrable_original_euler_n200_dt0.0125_L4.npz,b1333409b6945104773c76062aea660d4ddca7b05e0e72a4d9de4239d7981b83,new
p18_integrable_original_euler_n200_dt0.0125_L4,S1,18.0,integrable_original,euler,200,0.0125,4.0,main,0.5,8001,0.1274562369568632,0.029794303479843798,1.275e-01 / 2.979e-02,C:\Users\msz\aca\Workspaces\hs_four_schemes_20260927\out\profiles\p18_integrable_original_euler_n200_dt0.0125_L4.npz,b1333409b6945104773c76062aea660d4ddca7b05e0e72a4d9de4239d7981b83,new
p18_integrable_original_heun_n400_dt0.003125_L4,S1,18.0,integrable_original,heun,400,0.003125,4.0,main,0.25,16001,0.015121780982569378,0.0044860068649308915,1.512e-02 / 4.486e-03,C:\Users\msz\aca\Workspaces\hs_four_schemes_20260927\out\profiles\p18_integrable_original_heun_n400_dt0.003125_L4.npz,a79ef864a3a8e74c2220cd764b8ffc6ef0bb6c26fae143f454f7648b63784ddd,new
p18_integrable_original_heun_n400_dt0.003125_L4,S1,18.0,integrable_original,heun,400,0.003125,4.0,main,0.5,16001,0.06393208886691758,0.013928280212820332,6.393e-02 / 1.393e-02,C:\Users\msz\aca\Workspaces\hs_four_schemes_20260927\out\profiles\p18_integrable_original_heun_n400_dt0.003125_L4.npz,a79ef864a3a8e74c2220cd764b8ffc6ef0bb6c26fae143f454f7648b63784ddd,new
p18_integrable_original_heun_n200_dt0.0125_L4,S1,18.0,integrable_original,heun,200,0.0125,4.0,main,0.25,8001,0.03167091763767145,0.014517443821732368,3.167e-02 / 1.452e-02,C:\Users\msz\aca\Workspaces\hs_four_schemes_20260927\out\profiles\p18_integrable_original_heun_n200_dt0.0125_L4.npz,bc8b0eb6c54fb6f11b31f4d66566563198d6252dee779cfb68d6610003e88ac6,new
p18_integrable_original_heun_n200_dt0.0125_L4,S1,18.0,integrable_original,heun,200,0.0125,4.0,main,0.5,8001,0.13423726277925466,0.03086650140559344,1.342e-01 / 3.087e-02,C:\Users\msz\aca\Workspaces\hs_four_schemes_20260927\out\profiles\p18_integrable_original_heun_n200_dt0.0125_L4.npz,bc8b0eb6c54fb6f11b31f4d66566563198d6252dee779cfb68d6610003e88ac6,new
p18_integrable_original_rk4_n400_dt0.003125_L4,S1,18.0,integrable_original,rk4,400,0.003125,4.0,main,0.25,16001,0.015122280394731324,0.004486073107709487,1.512e-02 / 4.486e-03,C:\Users\msz\aca\Workspaces\hs_error_theory_20260926\out_v2\profiles\p18_integrable_original_rk4_n400_dt0.003125_L4.npz,9d721ad93016ba254a25ddc245d1b969a4c0e094f38e04eb104e028a129e9b26,reused
p18_integrable_original_rk4_n400_dt0.003125_L4,S1,18.0,integrable_original,rk4,400,0.003125,4.0,main,0.5,16001,0.06393398816504448,0.013928519346183665,6.393e-02 / 1.393e-02,C:\Users\msz\aca\Workspaces\hs_error_theory_20260926\out_v2\profiles\p18_integrable_original_rk4_n400_dt0.003125_L4.npz,9d721ad93016ba254a25ddc245d1b969a4c0e094f38e04eb104e028a129e9b26,reused
p18_integrable_original_rk4_n200_dt0.0125_L4,S1,18.0,integrable_original,rk4,200,0.0125,4.0,main,0.25,8001,0.031690291528561954,0.01451915662598885,3.169e-02 / 1.452e-02,C:\Users\msz\aca\Workspaces\hs_four_schemes_20260927\out\profiles\p18_integrable_original_rk4_n200_dt0.0125_L4.npz,fc9c712f1608f3877ce312e23faea92f57f0e275b2aa8a9425d2ef9eb3ebec70,new
p18_integrable_original_rk4_n200_dt0.0125_L4,S1,18.0,integrable_original,rk4,200,0.0125,4.0,main,0.5,8001,0.1343126911251844,0.030876137978220863,1.343e-01 / 3.088e-02,C:\Users\msz\aca\Workspaces\hs_four_schemes_20260927\out\profiles\p18_integrable_original_rk4_n200_dt0.0125_L4.npz,fc9c712f1608f3877ce312e23faea92f57f0e275b2aa8a9425d2ef9eb3ebec70,new
p18_integrable_original_rk8_n400_dt0.003125_L4,S1,18.0,integrable_original,rk8,400,0.003125,4.0,main,0.25,16001,0.015122280395458649,0.00448607310763266,1.512e-02 / 4.486e-03,C:\Users\msz\aca\Workspaces\hs_four_schemes_20260927\out\profiles\p18_integrable_original_rk8_n400_dt0.003125_L4.npz,ad7fce346bc3fbdf0af00b3cee1fcc28f2c947d7d9afe412a6be15b2dee716c7,new
p18_integrable_original_rk8_n400_dt0.003125_L4,S1,18.0,integrable_original,rk8,400,0.003125,4.0,main,0.5,16001,0.06393398816836934,0.013928519345893786,6.393e-02 / 1.393e-02,C:\Users\msz\aca\Workspaces\hs_four_schemes_20260927\out\profiles\p18_integrable_original_rk8_n400_dt0.003125_L4.npz,ad7fce346bc3fbdf0af00b3cee1fcc28f2c947d7d9afe412a6be15b2dee716c7,new
p18_integrable_original_rk8_n200_dt0.0125_L4,S1,18.0,integrable_original,rk8,200,0.0125,4.0,main,0.25,8001,0.03169029228597894,0.014519156621560947,3.169e-02 / 1.452e-02,C:\Users\msz\aca\Workspaces\hs_four_schemes_20260927\out\profiles\p18_integrable_original_rk8_n200_dt0.0125_L4.npz,f916c3db8a2865bf14c8908777c25d1eb45a0cd83cf82f8a5ffe1cbe41594fb5,new
p18_integrable_original_rk8_n200_dt0.0125_L4,S1,18.0,integrable_original,rk8,200,0.0125,4.0,main,0.5,8001,0.13431269405855453,0.030876138008097187,1.343e-01 / 3.088e-02,C:\Users\msz\aca\Workspaces\hs_four_schemes_20260927\out\profiles\p18_integrable_original_rk8_n200_dt0.0125_L4.npz,f916c3db8a2865bf14c8908777c25d1eb45a0cd83cf82f8a5ffe1cbe41594fb5,new
p18_integrable_calibrated_euler_n400_dt0.003125_L4,S2,18.0,integrable_calibrated,euler,400,0.003125,4.0,main,0.25,16001,0.0012006661146880815,0.0031994701676462123,1.201e-03 / 3.199e-03,C:\Users\msz\aca\Workspaces\hs_error_theory_20260926\out_v2\profiles\p18_integrable_calibrated_euler_n400_dt0.003125_L4.npz,9e114d1949543bb703eab84c6f7bca91ee85d2ecff99a293d967d887fcc832d9,reused
p18_integrable_calibrated_euler_n400_dt0.003125_L4,S2,18.0,integrable_calibrated,euler,400,0.003125,4.0,main,0.5,16001,0.003077850270979669,0.003448904685727505,3.078e-03 / 3.449e-03,C:\Users\msz\aca\Workspaces\hs_error_theory_20260926\out_v2\profiles\p18_integrable_calibrated_euler_n400_dt0.003125_L4.npz,9e114d1949543bb703eab84c6f7bca91ee85d2ecff99a293d967d887fcc832d9,reused
p18_integrable_calibrated_euler_n200_dt0.0125_L4,S2,18.0,integrable_calibrated,euler,200,0.0125,4.0,main,0.25,8001,0.004649313122742721,0.012510684602498434,4.649e-03 / 1.251e-02,C:\Users\msz\aca\Workspaces\hs_four_schemes_20260927\out\profiles\p18_integrable_calibrated_euler_n200_dt0.0125_L4.npz,3c8a4ed09b737d74946e433edf9b9812f4961c731e1d4c71076f3c56b6cdb6a8,new
p18_integrable_calibrated_euler_n200_dt0.0125_L4,S2,18.0,integrable_calibrated,euler,200,0.0125,4.0,main,0.5,8001,0.011759816072232736,0.013077885698589364,1.176e-02 / 1.308e-02,C:\Users\msz\aca\Workspaces\hs_four_schemes_20260927\out\profiles\p18_integrable_calibrated_euler_n200_dt0.0125_L4.npz,3c8a4ed09b737d74946e433edf9b9812f4961c731e1d4c71076f3c56b6cdb6a8,new
p18_integrable_calibrated_heun_n400_dt0.003125_L4,S2,18.0,integrable_calibrated,heun,400,0.003125,4.0,main,0.25,16001,0.0012332043364702006,0.0032032858605765546,1.233e-03 / 3.203e-03,C:\Users\msz\aca\Workspaces\hs_four_schemes_20260927\out\profiles\p18_integrable_calibrated_heun_n400_dt0.003125_L4.npz,b78c7004b59e077272b2b8a34072e0f5548fe07d62d2dde3658ec0050949ce06,new
p18_integrable_calibrated_heun_n400_dt0.003125_L4,S2,18.0,integrable_calibrated,heun,400,0.003125,4.0,main,0.5,16001,0.0030453616157688265,0.003446277282621979,3.045e-03 / 3.446e-03,C:\Users\msz\aca\Workspaces\hs_four_schemes_20260927\out\profiles\p18_integrable_calibrated_heun_n400_dt0.003125_L4.npz,b78c7004b59e077272b2b8a34072e0f5548fe07d62d2dde3658ec0050949ce06,new
p18_integrable_calibrated_heun_n200_dt0.0125_L4,S2,18.0,integrable_calibrated,heun,200,0.0125,4.0,main,0.25,8001,0.004764287963494068,0.012531014902699478,4.764e-03 / 1.253e-02,C:\Users\msz\aca\Workspaces\hs_four_schemes_20260927\out\profiles\p18_integrable_calibrated_heun_n200_dt0.0125_L4.npz,fd7c3a497278f6633e5490377f66c249013d5dafbc2daa9c8ec8d0daf97b9f2e,new
p18_integrable_calibrated_heun_n200_dt0.0125_L4,S2,18.0,integrable_calibrated,heun,200,0.0125,4.0,main,0.5,8001,0.012128079009999161,0.013054339452161279,1.213e-02 / 1.305e-02,C:\Users\msz\aca\Workspaces\hs_four_schemes_20260927\out\profiles\p18_integrable_calibrated_heun_n200_dt0.0125_L4.npz,fd7c3a497278f6633e5490377f66c249013d5dafbc2daa9c8ec8d0daf97b9f2e,new
p18_integrable_calibrated_rk4_n400_dt0.003125_L4,S2,18.0,integrable_calibrated,rk4,400,0.003125,4.0,main,0.25,16001,0.001233245996473925,0.003203301578134421,1.233e-03 / 3.203e-03,C:\Users\msz\aca\Workspaces\hs_error_theory_20260926\out_v2\profiles\p18_integrable_calibrated_rk4_n400_dt0.003125_L4.npz,1f8fda57a5a58b02fa11df0f63448cd6fe609956da561ccc77a931a50818b2d3,reused
p18_integrable_calibrated_rk4_n400_dt0.003125_L4,S2,18.0,integrable_calibrated,rk4,400,0.003125,4.0,main,0.5,16001,0.003044759859497772,0.0034462570824479455,3.045e-03 / 3.446e-03,C:\Users\msz\aca\Workspaces\hs_error_theory_20260926\out_v2\profiles\p18_integrable_calibrated_rk4_n400_dt0.003125_L4.npz,1f8fda57a5a58b02fa11df0f63448cd6fe609956da561ccc77a931a50818b2d3,reused
p18_integrable_calibrated_rk4_n200_dt0.0125_L4,S2,18.0,integrable_calibrated,rk4,200,0.0125,4.0,main,0.25,8001,0.0047650122074544,0.012531325074439437,4.765e-03 / 1.253e-02,C:\Users\msz\aca\Workspaces\hs_four_schemes_20260927\out\profiles\p18_integrable_calibrated_rk4_n200_dt0.0125_L4.npz,8b68f3fba955f33edb80bc799a94105986d0b0fd25c3c131ff1327c359290fa2,new
p18_integrable_calibrated_rk4_n200_dt0.0125_L4,S2,18.0,integrable_calibrated,rk4,200,0.0125,4.0,main,0.5,8001,0.012124562082827646,0.013053916006820432,1.212e-02 / 1.305e-02,C:\Users\msz\aca\Workspaces\hs_four_schemes_20260927\out\profiles\p18_integrable_calibrated_rk4_n200_dt0.0125_L4.npz,8b68f3fba955f33edb80bc799a94105986d0b0fd25c3c131ff1327c359290fa2,new
p18_integrable_calibrated_rk8_n400_dt0.003125_L4,S2,18.0,integrable_calibrated,rk8,400,0.003125,4.0,main,0.25,16001,0.0012332459964830567,0.00320330157803822,1.233e-03 / 3.203e-03,C:\Users\msz\aca\Workspaces\hs_four_schemes_20260927\out\profiles\p18_integrable_calibrated_rk8_n400_dt0.003125_L4.npz,a48a444bf644e5659b6eded5e6d1c7a5695abbc1894541f7abbe27ba0631ebaf,new
p18_integrable_calibrated_rk8_n400_dt0.003125_L4,S2,18.0,integrable_calibrated,rk8,400,0.003125,4.0,main,0.5,16001,0.003044759855811895,0.003446257082176607,3.045e-03 / 3.446e-03,C:\Users\msz\aca\Workspaces\hs_four_schemes_20260927\out\profiles\p18_integrable_calibrated_rk8_n400_dt0.003125_L4.npz,a48a444bf644e5659b6eded5e6d1c7a5695abbc1894541f7abbe27ba0631ebaf,new
p18_integrable_calibrated_rk8_n200_dt0.0125_L4,S2,18.0,integrable_calibrated,rk8,200,0.0125,4.0,main,0.25,8001,0.004765012210691588,0.012531325051080233,4.765e-03 / 1.253e-02,C:\Users\msz\aca\Workspaces\hs_four_schemes_20260927\out\profiles\p18_integrable_calibrated_rk8_n200_dt0.0125_L4.npz,008f07d9b19662cd51c1fd47f7b8a4095c107fd4c601db60927f2ffdc1f1887e,new
p18_integrable_calibrated_rk8_n200_dt0.0125_L4,S2,18.0,integrable_calibrated,rk8,200,0.0125,4.0,main,0.5,8001,0.01212456141258203,0.013053915918506076,1.212e-02 / 1.305e-02,C:\Users\msz\aca\Workspaces\hs_four_schemes_20260927\out\profiles\p18_integrable_calibrated_rk8_n200_dt0.0125_L4.npz,008f07d9b19662cd51c1fd47f7b8a4095c107fd4c601db60927f2ffdc1f1887e,new
p18_difference_paper_ale_euler_n400_dt0.003125_L4,S3,18.0,difference_paper_ale,euler,400,0.003125,4.0,main,0.25,16001,0.0014993724014352033,0.002696532777714866,1.499e-03 / 2.697e-03,C:\Users\msz\aca\Workspaces\hs_four_schemes_20260927\out\profiles\p18_difference_paper_ale_euler_n400_dt0.003125_L4.npz,ef2a15ff09c66a9e40655430642543975343ed0db3f2892dbba1ae1a3bb9181c,new
p18_difference_paper_ale_euler_n400_dt0.003125_L4,S3,18.0,difference_paper_ale,euler,400,0.003125,4.0,main,0.5,16001,0.002417824075801288,0.0030974637537662386,2.418e-03 / 3.097e-03,C:\Users\msz\aca\Workspaces\hs_four_schemes_20260927\out\profiles\p18_difference_paper_ale_euler_n400_dt0.003125_L4.npz,ef2a15ff09c66a9e40655430642543975343ed0db3f2892dbba1ae1a3bb9181c,new
p18_difference_paper_ale_euler_n200_dt0.0125_L4,S3,18.0,difference_paper_ale,euler,200,0.0125,4.0,main,0.25,8001,0.005654976788465597,0.010349695795595026,5.655e-03 / 1.035e-02,C:\Users\msz\aca\Workspaces\hs_four_schemes_20260927\out\profiles\p18_difference_paper_ale_euler_n200_dt0.0125_L4.npz,8eb213e37a5a2197fa331db60bbcb73563cfc86e3118e461696a4dae9f6bf62b,new
p18_difference_paper_ale_euler_n200_dt0.0125_L4,S3,18.0,difference_paper_ale,euler,200,0.0125,4.0,main,0.5,8001,0.009334560068330118,0.012109031465829312,9.335e-03 / 1.211e-02,C:\Users\msz\aca\Workspaces\hs_four_schemes_20260927\out\profiles\p18_difference_paper_ale_euler_n200_dt0.0125_L4.npz,8eb213e37a5a2197fa331db60bbcb73563cfc86e3118e461696a4dae9f6bf62b,new
p18_difference_paper_ale_heun_n400_dt0.003125_L4,S3,18.0,difference_paper_ale,heun,400,0.003125,4.0,main,0.25,16001,0.0012206147079646401,0.0026904482025903453,1.221e-03 / 2.690e-03,C:\Users\msz\aca\Workspaces\hs_four_schemes_20260927\out\profiles\p18_difference_paper_ale_heun_n400_dt0.003125_L4.npz,88f345fc0f2eba1b200cd1876a4c615f1d36624bd702ae8db98b6d38a274080f,new
p18_difference_paper_ale_heun_n400_dt0.003125_L4,S3,18.0,difference_paper_ale,heun,400,0.003125,4.0,main,0.5,16001,0.0022829132297390586,0.0030049586329571887,2.283e-03 / 3.005e-03,C:\Users\msz\aca\Workspaces\hs_four_schemes_20260927\out\profiles\p18_difference_paper_ale_heun_n400_dt0.003125_L4.npz,88f345fc0f2eba1b200cd1876a4c615f1d36624bd702ae8db98b6d38a274080f,new
p18_difference_paper_ale_heun_n200_dt0.0125_L4,S3,18.0,difference_paper_ale,heun,200,0.0125,4.0,main,0.25,8001,0.004596778070576325,0.01031562778831241,4.597e-03 / 1.032e-02,C:\Users\msz\aca\Workspaces\hs_four_schemes_20260927\out\profiles\p18_difference_paper_ale_heun_n200_dt0.0125_L4.npz,37f4fe72da1c31dcd8ff1723ad00205ba3d8efcb63314c457874e312a6219e1f,new
p18_difference_paper_ale_heun_n200_dt0.0125_L4,S3,18.0,difference_paper_ale,heun,200,0.0125,4.0,main,0.5,8001,0.008608486461298227,0.01189219646552836,8.608e-03 / 1.189e-02,C:\Users\msz\aca\Workspaces\hs_four_schemes_20260927\out\profiles\p18_difference_paper_ale_heun_n200_dt0.0125_L4.npz,37f4fe72da1c31dcd8ff1723ad00205ba3d8efcb63314c457874e312a6219e1f,new
p18_difference_paper_ale_rk4_n400_dt0.003125_L4,S3,18.0,difference_paper_ale,rk4,400,0.003125,4.0,main,0.25,16001,0.0012227703814615132,0.0026898159459198268,1.223e-03 / 2.690e-03,C:\Users\msz\aca\Workspaces\hs_four_schemes_20260927\out\profiles\p18_difference_paper_ale_rk4_n400_dt0.003125_L4.npz,082b2a03a54d6ec7e31389c0d54e978feb02f1f184ecfab9f46d7a73f2a42dcc,new
p18_difference_paper_ale_rk4_n400_dt0.003125_L4,S3,18.0,difference_paper_ale,rk4,400,0.003125,4.0,main,0.5,16001,0.002287610862158465,0.00300430933618806,2.288e-03 / 3.004e-03,C:\Users\msz\aca\Workspaces\hs_four_schemes_20260927\out\profiles\p18_difference_paper_ale_rk4_n400_dt0.003125_L4.npz,082b2a03a54d6ec7e31389c0d54e978feb02f1f184ecfab9f46d7a73f2a42dcc,new
p18_difference_paper_ale_rk4_n200_dt0.0125_L4,S3,18.0,difference_paper_ale,rk4,200,0.0125,4.0,main,0.25,8001,0.004626255057137901,0.010305245277230923,4.626e-03 / 1.031e-02,C:\Users\msz\aca\Workspaces\hs_four_schemes_20260927\out\profiles\p18_difference_paper_ale_rk4_n200_dt0.0125_L4.npz,88311c4f1fe17838ad735a6466b455e58ec80b255b6faa8c6b32e1e94b3e3856,new
p18_difference_paper_ale_rk4_n200_dt0.0125_L4,S3,18.0,difference_paper_ale,rk4,200,0.0125,4.0,main,0.5,8001,0.008675525379004685,0.011883241635119945,8.676e-03 / 1.188e-02,C:\Users\msz\aca\Workspaces\hs_four_schemes_20260927\out\profiles\p18_difference_paper_ale_rk4_n200_dt0.0125_L4.npz,88311c4f1fe17838ad735a6466b455e58ec80b255b6faa8c6b32e1e94b3e3856,new
p18_difference_paper_ale_rk8_n400_dt0.003125_L4,S3,18.0,difference_paper_ale,rk8,400,0.003125,4.0,main,0.25,16001,0.0012227703543276416,0.0026898159533832455,1.223e-03 / 2.690e-03,C:\Users\msz\aca\Workspaces\hs_four_schemes_20260927\out\profiles\p18_difference_paper_ale_rk8_n400_dt0.003125_L4.npz,0cb8ed1a1eb46c914dc7dd31206f4ee921e3892d70848d43a6e9b4758f548756,new
p18_difference_paper_ale_rk8_n400_dt0.003125_L4,S3,18.0,difference_paper_ale,rk8,400,0.003125,4.0,main,0.5,16001,0.0022876108031084294,0.0030043093431547097,2.288e-03 / 3.004e-03,C:\Users\msz\aca\Workspaces\hs_four_schemes_20260927\out\profiles\p18_difference_paper_ale_rk8_n400_dt0.003125_L4.npz,0cb8ed1a1eb46c914dc7dd31206f4ee921e3892d70848d43a6e9b4758f548756,new
p18_difference_paper_ale_rk8_n200_dt0.0125_L4,S3,18.0,difference_paper_ale,rk8,200,0.0125,4.0,main,0.25,8001,0.00462624921435191,0.010305247223047043,4.626e-03 / 1.031e-02,C:\Users\msz\aca\Workspaces\hs_four_schemes_20260927\out\profiles\p18_difference_paper_ale_rk8_n200_dt0.0125_L4.npz,89375bbea09095825fd6852715f5d95b2654dfcf87c658e4e0f16d6dcc9b234b,new
p18_difference_paper_ale_rk8_n200_dt0.0125_L4,S3,18.0,difference_paper_ale,rk8,200,0.0125,4.0,main,0.5,8001,0.008675511979296426,0.011883243221039841,8.676e-03 / 1.188e-02,C:\Users\msz\aca\Workspaces\hs_four_schemes_20260927\out\profiles\p18_difference_paper_ale_rk8_n200_dt0.0125_L4.npz,89375bbea09095825fd6852715f5d95b2654dfcf87c658e4e0f16d6dcc9b234b,new
p18_difference_fixed_euler_n400_dt0.003125_L4,S4,18.0,difference_fixed,euler,400,0.003125,4.0,main,0.25,16001,0.00011420872826411674,0.000859935506261178,1.142e-04 / 8.599e-04,C:\Users\msz\aca\Workspaces\hs_error_theory_20260926\out_v2\profiles\p18_difference_fixed_euler_n400_dt0.003125_L4.npz,5296d8f1c6b6528242cf27049cb170a72f8ea46283c9298bd5a38918ad007f73,reused
p18_difference_fixed_euler_n400_dt0.003125_L4,S4,18.0,difference_fixed,euler,400,0.003125,4.0,main,0.5,16001,0.00012314259822057694,0.0010298269177710928,1.231e-04 / 1.030e-03,C:\Users\msz\aca\Workspaces\hs_error_theory_20260926\out_v2\profiles\p18_difference_fixed_euler_n400_dt0.003125_L4.npz,5296d8f1c6b6528242cf27049cb170a72f8ea46283c9298bd5a38918ad007f73,reused
p18_difference_fixed_euler_n200_dt0.0125_L4,S4,18.0,difference_fixed,euler,200,0.0125,4.0,main,0.25,8001,0.0004506032306932223,0.0033624571897566957,4.506e-04 / 3.362e-03,C:\Users\msz\aca\Workspaces\hs_table_data_20260927\out\profiles\p18_difference_fixed_euler_n200_dt0.0125_L4.npz,5d8022bc22d99718879ee2ecacc3ae083d90d5dea0521d6f325a604bcdf773eb,reused
p18_difference_fixed_euler_n200_dt0.0125_L4,S4,18.0,difference_fixed,euler,200,0.0125,4.0,main,0.5,8001,0.0004832821106485058,0.004068778464109357,4.833e-04 / 4.069e-03,C:\Users\msz\aca\Workspaces\hs_table_data_20260927\out\profiles\p18_difference_fixed_euler_n200_dt0.0125_L4.npz,5d8022bc22d99718879ee2ecacc3ae083d90d5dea0521d6f325a604bcdf773eb,reused
p18_difference_fixed_heun_n400_dt0.003125_L4,S4,18.0,difference_fixed,heun,400,0.003125,4.0,main,0.25,16001,0.00011615728257054203,0.0008758664544081807,1.162e-04 / 8.759e-04,C:\Users\msz\aca\Workspaces\hs_table_data_20260927\out\profiles\p18_difference_fixed_heun_n400_dt0.003125_L4.npz,38540b0333b43178fbf556a2c827d08d7f6456cf95c123d10e3abe24cd261643,reused
p18_difference_fixed_heun_n400_dt0.003125_L4,S4,18.0,difference_fixed,heun,400,0.003125,4.0,main,0.5,16001,0.0001277745164854384,0.0010629001853965647,1.278e-04 / 1.063e-03,C:\Users\msz\aca\Workspaces\hs_table_data_20260927\out\profiles\p18_difference_fixed_heun_n400_dt0.003125_L4.npz,38540b0333b43178fbf556a2c827d08d7f6456cf95c123d10e3abe24cd261643,reused
p18_difference_fixed_heun_n200_dt0.0125_L4,S4,18.0,difference_fixed,heun,200,0.0125,4.0,main,0.25,8001,0.0004568915394354174,0.0034247115543202256,4.569e-04 / 3.425e-03,C:\Users\msz\aca\Workspaces\hs_table_data_20260927\out\profiles\p18_difference_fixed_heun_n200_dt0.0125_L4.npz,8f3c86c1a4b91605909cdc4c5ac9ec99ff03d06764658bd88f841401c0e194af,reused
p18_difference_fixed_heun_n200_dt0.0125_L4,S4,18.0,difference_fixed,heun,200,0.0125,4.0,main,0.5,8001,0.0005045599990371082,0.00420167144808592,5.046e-04 / 4.202e-03,C:\Users\msz\aca\Workspaces\hs_table_data_20260927\out\profiles\p18_difference_fixed_heun_n200_dt0.0125_L4.npz,8f3c86c1a4b91605909cdc4c5ac9ec99ff03d06764658bd88f841401c0e194af,reused
p18_difference_fixed_rk4_n400_dt0.003125_L4,S4,18.0,difference_fixed,rk4,400,0.003125,4.0,main,0.25,16001,0.0001161597217886716,0.0008758784079628823,1.162e-04 / 8.759e-04,C:\Users\msz\aca\Workspaces\hs_error_theory_20260926\out_v2\profiles\p18_difference_fixed_rk4_n400_dt0.003125_L4.npz,dc04d6ea6fe5b6e2c68bfedf35c32cfad5328eb4a7f620d99d5a94881f9d15e4,reused
p18_difference_fixed_rk4_n400_dt0.003125_L4,S4,18.0,difference_fixed,rk4,400,0.003125,4.0,main,0.5,16001,0.0001277798121298787,0.0010629250270234314,1.278e-04 / 1.063e-03,C:\Users\msz\aca\Workspaces\hs_error_theory_20260926\out_v2\profiles\p18_difference_fixed_rk4_n400_dt0.003125_L4.npz,dc04d6ea6fe5b6e2c68bfedf35c32cfad5328eb4a7f620d99d5a94881f9d15e4,reused
p18_difference_fixed_rk4_n200_dt0.0125_L4,S4,18.0,difference_fixed,rk4,200,0.0125,4.0,main,0.25,8001,0.00045696836523875795,0.003424904109267435,4.570e-04 / 3.425e-03,C:\Users\msz\aca\Workspaces\hs_table_data_20260927\out\profiles\p18_difference_fixed_rk4_n200_dt0.0125_L4.npz,53e038fdbea5f7979eaff9c3ae186210c9e1a1c459fd26f82fb8630d10e24aac,reused
p18_difference_fixed_rk4_n200_dt0.0125_L4,S4,18.0,difference_fixed,rk4,200,0.0125,4.0,main,0.5,8001,0.000504723332861938,0.00420203276006148,5.047e-04 / 4.202e-03,C:\Users\msz\aca\Workspaces\hs_table_data_20260927\out\profiles\p18_difference_fixed_rk4_n200_dt0.0125_L4.npz,53e038fdbea5f7979eaff9c3ae186210c9e1a1c459fd26f82fb8630d10e24aac,reused
p18_difference_fixed_rk8_n400_dt0.003125_L4,S4,18.0,difference_fixed,rk8,400,0.003125,4.0,main,0.25,16001,0.00011615972177624057,0.0008758784079602178,1.162e-04 / 8.759e-04,C:\Users\msz\aca\Workspaces\hs_table_data_20260927\out\profiles\p18_difference_fixed_rk8_n400_dt0.003125_L4.npz,c0242841a56759f17f765f087963fc5e144221be420e91862c544470f3a2e1bc,reused
p18_difference_fixed_rk8_n400_dt0.003125_L4,S4,18.0,difference_fixed,rk8,400,0.003125,4.0,main,0.5,16001,0.00012777981210435746,0.0010629250270284274,1.278e-04 / 1.063e-03,C:\Users\msz\aca\Workspaces\hs_table_data_20260927\out\profiles\p18_difference_fixed_rk8_n400_dt0.003125_L4.npz,c0242841a56759f17f765f087963fc5e144221be420e91862c544470f3a2e1bc,reused
p18_difference_fixed_rk8_n200_dt0.0125_L4,S4,18.0,difference_fixed,rk8,200,0.0125,4.0,main,0.25,8001,0.000456968354374615,0.003424904106673843,4.570e-04 / 3.425e-03,C:\Users\msz\aca\Workspaces\hs_table_data_20260927\out\profiles\p18_difference_fixed_rk8_n200_dt0.0125_L4.npz,02e967f7888ea99f10d325055f6d7a7fb9b0b182ac3940b1d59b711880b1408d,reused
p18_difference_fixed_rk8_n200_dt0.0125_L4,S4,18.0,difference_fixed,rk8,200,0.0125,4.0,main,0.5,8001,0.0005047233103165419,0.004202032762561925,5.047e-04 / 4.202e-03,C:\Users\msz\aca\Workspaces\hs_table_data_20260927\out\profiles\p18_difference_fixed_rk8_n200_dt0.0125_L4.npz,02e967f7888ea99f10d325055f6d7a7fb9b0b182ac3940b1d59b711880b1408d,reused
p19_integrable_original_euler_n400_dt0.003125_L4,S1,19.0,integrable_original,euler,400,0.003125,4.0,main,0.25,16001,0.01494124135269775,0.004968640262522195,1.494e-02 / 4.969e-03,C:\Users\msz\aca\Workspaces\hs_waveform_atlas_20260927\out\profiles\p19_integrable_original_euler_n400_dt0.003125_L4.npz,91c288b3d81d9e02e05b9247f60551c379d1c34bd8401a2c19c78bdf7126ad54,reused
p19_integrable_original_euler_n400_dt0.003125_L4,S1,19.0,integrable_original,euler,400,0.003125,4.0,main,0.5,16001,0.06313303762315171,0.014490490352443541,6.313e-02 / 1.449e-02,C:\Users\msz\aca\Workspaces\hs_waveform_atlas_20260927\out\profiles\p19_integrable_original_euler_n400_dt0.003125_L4.npz,91c288b3d81d9e02e05b9247f60551c379d1c34bd8401a2c19c78bdf7126ad54,reused
p19_integrable_original_euler_n200_dt0.0125_L4,S1,19.0,integrable_original,euler,200,0.0125,4.0,main,0.25,8001,0.030225753612676095,0.016321338562133414,3.023e-02 / 1.632e-02,C:\Users\msz\aca\Workspaces\hs_four_schemes_20260927\out\profiles\p19_integrable_original_euler_n200_dt0.0125_L4.npz,c0d8bb267cf3bf46449d0602a796adf39d8343b610d723ca8c685dac8680c494,new
p19_integrable_original_euler_n200_dt0.0125_L4,S1,19.0,integrable_original,euler,200,0.0125,4.0,main,0.5,8001,0.12781234625925156,0.031386159822209825,1.278e-01 / 3.139e-02,C:\Users\msz\aca\Workspaces\hs_four_schemes_20260927\out\profiles\p19_integrable_original_euler_n200_dt0.0125_L4.npz,c0d8bb267cf3bf46449d0602a796adf39d8343b610d723ca8c685dac8680c494,new
p19_integrable_original_heun_n400_dt0.003125_L4,S1,19.0,integrable_original,heun,400,0.003125,4.0,main,0.25,16001,0.015125673641252125,0.004988726664105325,1.513e-02 / 4.989e-03,C:\Users\msz\aca\Workspaces\hs_four_schemes_20260927\out\profiles\p19_integrable_original_heun_n400_dt0.003125_L4.npz,13f759d44fe28d81c6062020444a0229707635ae05538da8bb7f9cd228a25ccb,new
p19_integrable_original_heun_n400_dt0.003125_L4,S1,19.0,integrable_original,heun,400,0.003125,4.0,main,0.5,16001,0.06392433917549699,0.014593568177590166,6.392e-02 / 1.459e-02,C:\Users\msz\aca\Workspaces\hs_four_schemes_20260927\out\profiles\p19_integrable_original_heun_n400_dt0.003125_L4.npz,13f759d44fe28d81c6062020444a0229707635ae05538da8bb7f9cd228a25ccb,new
p19_integrable_original_heun_n200_dt0.0125_L4,S1,19.0,integrable_original,heun,200,0.0125,4.0,main,0.25,8001,0.031768586041696065,0.016491320564391843,3.177e-02 / 1.649e-02,C:\Users\msz\aca\Workspaces\hs_four_schemes_20260927\out\profiles\p19_integrable_original_heun_n200_dt0.0125_L4.npz,819e53b43134db657611cccf0f08cc0a32d5b434be4230c710ba39a1979875f8,new
p19_integrable_original_heun_n200_dt0.0125_L4,S1,19.0,integrable_original,heun,200,0.0125,4.0,main,0.5,8001,0.13460221156036878,0.03256322184097182,1.346e-01 / 3.256e-02,C:\Users\msz\aca\Workspaces\hs_four_schemes_20260927\out\profiles\p19_integrable_original_heun_n200_dt0.0125_L4.npz,819e53b43134db657611cccf0f08cc0a32d5b434be4230c710ba39a1979875f8,new
p19_integrable_original_rk4_n400_dt0.003125_L4,S1,19.0,integrable_original,rk4,400,0.003125,4.0,main,0.25,16001,0.015126169263675536,0.004988794220893211,1.513e-02 / 4.989e-03,C:\Users\msz\aca\Workspaces\hs_four_schemes_20260927\out\profiles\p19_integrable_original_rk4_n400_dt0.003125_L4.npz,8ca0700b08e8eee9fc0130ef91a17c8f3ade0b0b4513e13598a14be3d380188a,new
p19_integrable_original_rk4_n400_dt0.003125_L4,S1,19.0,integrable_original,rk4,400,0.003125,4.0,main,0.5,16001,0.06392622089906243,0.014593787204982056,6.393e-02 / 1.459e-02,C:\Users\msz\aca\Workspaces\hs_four_schemes_20260927\out\profiles\p19_integrable_original_rk4_n400_dt0.003125_L4.npz,8ca0700b08e8eee9fc0130ef91a17c8f3ade0b0b4513e13598a14be3d380188a,new
p19_integrable_original_rk4_n200_dt0.0125_L4,S1,19.0,integrable_original,rk4,200,0.0125,4.0,main,0.25,8001,0.03178795281791317,0.016493123083471284,3.179e-02 / 1.649e-02,C:\Users\msz\aca\Workspaces\hs_four_schemes_20260927\out\profiles\p19_integrable_original_rk4_n200_dt0.0125_L4.npz,1285b7707eb617c6bef1c8b66de7a1af43b6d68f756993d6458b239529222e2f,new
p19_integrable_original_rk4_n200_dt0.0125_L4,S1,19.0,integrable_original,rk4,200,0.0125,4.0,main,0.5,8001,0.13467753656738088,0.03257365132724854,1.347e-01 / 3.257e-02,C:\Users\msz\aca\Workspaces\hs_four_schemes_20260927\out\profiles\p19_integrable_original_rk4_n200_dt0.0125_L4.npz,1285b7707eb617c6bef1c8b66de7a1af43b6d68f756993d6458b239529222e2f,new
p19_integrable_original_rk8_n400_dt0.003125_L4,S1,19.0,integrable_original,rk8,400,0.003125,4.0,main,0.25,16001,0.015126169264373617,0.004988794220807113,1.513e-02 / 4.989e-03,C:\Users\msz\aca\Workspaces\hs_four_schemes_20260927\out\profiles\p19_integrable_original_rk8_n400_dt0.003125_L4.npz,9ee14d75f54391b5ecc16ae61fec405eafb486435f703be70233fbbced794928,new
p19_integrable_original_rk8_n400_dt0.003125_L4,S1,19.0,integrable_original,rk8,400,0.003125,4.0,main,0.5,16001,0.06392622090229541,0.014593787204665976,6.393e-02 / 1.459e-02,C:\Users\msz\aca\Workspaces\hs_four_schemes_20260927\out\profiles\p19_integrable_original_rk8_n400_dt0.003125_L4.npz,9ee14d75f54391b5ecc16ae61fec405eafb486435f703be70233fbbced794928,new
p19_integrable_original_rk8_n200_dt0.0125_L4,S1,19.0,integrable_original,rk8,200,0.0125,4.0,main,0.25,8001,0.03178795356955419,0.016493123078629823,3.179e-02 / 1.649e-02,C:\Users\msz\aca\Workspaces\hs_four_schemes_20260927\out\profiles\p19_integrable_original_rk8_n200_dt0.0125_L4.npz,2caa31c271fc093f38c973db8ea7e434c2e5606b23c09c21fce6f5d2bb0079bd,new
p19_integrable_original_rk8_n200_dt0.0125_L4,S1,19.0,integrable_original,rk8,200,0.0125,4.0,main,0.5,8001,0.1346775394819907,0.03257365135576684,1.347e-01 / 3.257e-02,C:\Users\msz\aca\Workspaces\hs_four_schemes_20260927\out\profiles\p19_integrable_original_rk8_n200_dt0.0125_L4.npz,2caa31c271fc093f38c973db8ea7e434c2e5606b23c09c21fce6f5d2bb0079bd,new
p19_integrable_calibrated_euler_n400_dt0.003125_L4,S2,19.0,integrable_calibrated,euler,400,0.003125,4.0,main,0.25,16001,0.0013810683622896003,0.0036603722890974355,1.381e-03 / 3.660e-03,C:\Users\msz\aca\Workspaces\hs_waveform_atlas_20260927\out\profiles\p19_integrable_calibrated_euler_n400_dt0.003125_L4.npz,5ca07d16d75934780bcf4548a28cd66b167886e6d8497aeebaf63c9879fe7fd9,reused
p19_integrable_calibrated_euler_n400_dt0.003125_L4,S2,19.0,integrable_calibrated,euler,400,0.003125,4.0,main,0.5,16001,0.003266806450297448,0.003928280216655089,3.267e-03 / 3.928e-03,C:\Users\msz\aca\Workspaces\hs_waveform_atlas_20260927\out\profiles\p19_integrable_calibrated_euler_n400_dt0.003125_L4.npz,5ca07d16d75934780bcf4548a28cd66b167886e6d8497aeebaf63c9879fe7fd9,reused
p19_integrable_calibrated_euler_n200_dt0.0125_L4,S2,19.0,integrable_calibrated,euler,200,0.0125,4.0,main,0.25,8001,0.005320687750640707,0.014295094127863062,5.321e-03 / 1.430e-02,C:\Users\msz\aca\Workspaces\hs_four_schemes_20260927\out\profiles\p19_integrable_calibrated_euler_n200_dt0.0125_L4.npz,4039d28c8b20d698156e5d56f360e8e714d14fc42d17979d8a9851338a2ba3cf,new
p19_integrable_calibrated_euler_n200_dt0.0125_L4,S2,19.0,integrable_calibrated,euler,200,0.0125,4.0,main,0.5,8001,0.012475134293573501,0.014564656918815033,1.248e-02 / 1.456e-02,C:\Users\msz\aca\Workspaces\hs_four_schemes_20260927\out\profiles\p19_integrable_calibrated_euler_n200_dt0.0125_L4.npz,4039d28c8b20d698156e5d56f360e8e714d14fc42d17979d8a9851338a2ba3cf,new
p19_integrable_calibrated_heun_n400_dt0.003125_L4,S2,19.0,integrable_calibrated,heun,400,0.003125,4.0,main,0.25,16001,0.0014143320393994185,0.0036617120968800987,1.414e-03 / 3.662e-03,C:\Users\msz\aca\Workspaces\hs_four_schemes_20260927\out\profiles\p19_integrable_calibrated_heun_n400_dt0.003125_L4.npz,16ed66c1b70c5e6285296f4f8458099a0e16244f6d7c452066707c1296344451,new
p19_integrable_calibrated_heun_n400_dt0.003125_L4,S2,19.0,integrable_calibrated,heun,400,0.003125,4.0,main,0.5,16001,0.0032356340589715653,0.003919274799436767,3.236e-03 / 3.919e-03,C:\Users\msz\aca\Workspaces\hs_four_schemes_20260927\out\profiles\p19_integrable_calibrated_heun_n400_dt0.003125_L4.npz,16ed66c1b70c5e6285296f4f8458099a0e16244f6d7c452066707c1296344451,new
p19_integrable_calibrated_heun_n200_dt0.0125_L4,S2,19.0,integrable_calibrated,heun,200,0.0125,4.0,main,0.25,8001,0.005436655773729732,0.014308178559871265,5.437e-03 / 1.431e-02,C:\Users\msz\aca\Workspaces\hs_four_schemes_20260927\out\profiles\p19_integrable_calibrated_heun_n200_dt0.0125_L4.npz,84e63d733842f77d6028c6053b6a01a5086e856f70f6d1f9066f28acaef61088,new
p19_integrable_calibrated_heun_n200_dt0.0125_L4,S2,19.0,integrable_calibrated,heun,200,0.0125,4.0,main,0.5,8001,0.012877927839556507,0.014622202960847985,1.288e-02 / 1.462e-02,C:\Users\msz\aca\Workspaces\hs_four_schemes_20260927\out\profiles\p19_integrable_calibrated_heun_n200_dt0.0125_L4.npz,84e63d733842f77d6028c6053b6a01a5086e856f70f6d1f9066f28acaef61088,new
p19_integrable_calibrated_rk4_n400_dt0.003125_L4,S2,19.0,integrable_calibrated,rk4,400,0.003125,4.0,main,0.25,16001,0.0014143745966888333,0.0036617242179176057,1.414e-03 / 3.662e-03,C:\Users\msz\aca\Workspaces\hs_four_schemes_20260927\out\profiles\p19_integrable_calibrated_rk4_n400_dt0.003125_L4.npz,49f370bacd749c5e221b850d35dc009bb5167ef2ff84650cad638807adaa69a6,new
p19_integrable_calibrated_rk4_n400_dt0.003125_L4,S2,19.0,integrable_calibrated,rk4,400,0.003125,4.0,main,0.5,16001,0.003235027926003859,0.003919239706532074,3.235e-03 / 3.919e-03,C:\Users\msz\aca\Workspaces\hs_four_schemes_20260927\out\profiles\p19_integrable_calibrated_rk4_n400_dt0.003125_L4.npz,49f370bacd749c5e221b850d35dc009bb5167ef2ff84650cad638807adaa69a6,new
p19_integrable_calibrated_rk4_n200_dt0.0125_L4,S2,19.0,integrable_calibrated,rk4,200,0.0125,4.0,main,0.25,8001,0.005437395615568108,0.01430844957239552,5.437e-03 / 1.431e-02,C:\Users\msz\aca\Workspaces\hs_four_schemes_20260927\out\profiles\p19_integrable_calibrated_rk4_n200_dt0.0125_L4.npz,a0dba052b99e96402c8ec1c6e33bfdf2eab8072deb4cea827c48dce6dbadb711,new
p19_integrable_calibrated_rk4_n200_dt0.0125_L4,S2,19.0,integrable_calibrated,rk4,200,0.0125,4.0,main,0.5,8001,0.012874706083061451,0.0146224108248601,1.287e-02 / 1.462e-02,C:\Users\msz\aca\Workspaces\hs_four_schemes_20260927\out\profiles\p19_integrable_calibrated_rk4_n200_dt0.0125_L4.npz,a0dba052b99e96402c8ec1c6e33bfdf2eab8072deb4cea827c48dce6dbadb711,new
p19_integrable_calibrated_rk8_n400_dt0.003125_L4,S2,19.0,integrable_calibrated,rk8,400,0.003125,4.0,main,0.25,16001,0.0014143745966976318,0.003661724217809137,1.414e-03 / 3.662e-03,C:\Users\msz\aca\Workspaces\hs_four_schemes_20260927\out\profiles\p19_integrable_calibrated_rk8_n400_dt0.003125_L4.npz,14298170d9670b88ce2dca90e7c3be9c60bd18090ec3f0e9445ba4901186a945,new
p19_integrable_calibrated_rk8_n400_dt0.003125_L4,S2,19.0,integrable_calibrated,rk8,400,0.003125,4.0,main,0.5,16001,0.003235027922278266,0.003919239706220379,3.235e-03 / 3.919e-03,C:\Users\msz\aca\Workspaces\hs_four_schemes_20260927\out\profiles\p19_integrable_calibrated_rk8_n400_dt0.003125_L4.npz,14298170d9670b88ce2dca90e7c3be9c60bd18090ec3f0e9445ba4901186a945,new
p19_integrable_calibrated_rk8_n200_dt0.0125_L4,S2,19.0,integrable_calibrated,rk8,200,0.0125,4.0,main,0.25,8001,0.0054373956187860895,0.014308449546611035,5.437e-03 / 1.431e-02,C:\Users\msz\aca\Workspaces\hs_four_schemes_20260927\out\profiles\p19_integrable_calibrated_rk8_n200_dt0.0125_L4.npz,adc80afcc363b7a73786781827da5c1feeb357b354a2d9ad39b696a2299fb7a8,new
p19_integrable_calibrated_rk8_n200_dt0.0125_L4,S2,19.0,integrable_calibrated,rk8,200,0.0125,4.0,main,0.5,8001,0.012874705418873315,0.014622410773967476,1.287e-02 / 1.462e-02,C:\Users\msz\aca\Workspaces\hs_four_schemes_20260927\out\profiles\p19_integrable_calibrated_rk8_n200_dt0.0125_L4.npz,adc80afcc363b7a73786781827da5c1feeb357b354a2d9ad39b696a2299fb7a8,new
p19_difference_paper_ale_euler_n400_dt0.003125_L4,S3,19.0,difference_paper_ale,euler,400,0.003125,4.0,main,0.25,16001,0.0017021162691465488,0.003047867410929106,1.702e-03 / 3.048e-03,C:\Users\msz\aca\Workspaces\hs_four_schemes_20260927\out\profiles\p19_difference_paper_ale_euler_n400_dt0.003125_L4.npz,02d1cdb40f983dc85d9f6588c9f0e2b3bca60e6550efd6dd9ec561de35f5056f,new
p19_difference_paper_ale_euler_n400_dt0.003125_L4,S3,19.0,difference_paper_ale,euler,400,0.003125,4.0,main,0.5,16001,0.0027809938607855147,0.00347821585481467,2.781e-03 / 3.478e-03,C:\Users\msz\aca\Workspaces\hs_four_schemes_20260927\out\profiles\p19_difference_paper_ale_euler_n400_dt0.003125_L4.npz,02d1cdb40f983dc85d9f6588c9f0e2b3bca60e6550efd6dd9ec561de35f5056f,new
p19_difference_paper_ale_euler_n200_dt0.0125_L4,S3,19.0,difference_paper_ale,euler,200,0.0125,4.0,main,0.25,8001,0.006422177358050327,0.011454191009033554,6.422e-03 / 1.145e-02,C:\Users\msz\aca\Workspaces\hs_four_schemes_20260927\out\profiles\p19_difference_paper_ale_euler_n200_dt0.0125_L4.npz,340e42365ed960460b6f7af7888c9ff0b0c2228deb5f95c28ed070de16ed7e7d,new
p19_difference_paper_ale_euler_n200_dt0.0125_L4,S3,19.0,difference_paper_ale,euler,200,0.0125,4.0,main,0.5,8001,0.010640773358188964,0.013723126553814746,1.064e-02 / 1.372e-02,C:\Users\msz\aca\Workspaces\hs_four_schemes_20260927\out\profiles\p19_difference_paper_ale_euler_n200_dt0.0125_L4.npz,340e42365ed960460b6f7af7888c9ff0b0c2228deb5f95c28ed070de16ed7e7d,new
p19_difference_paper_ale_heun_n400_dt0.003125_L4,S3,19.0,difference_paper_ale,heun,400,0.003125,4.0,main,0.25,16001,0.0014095950260491902,0.0030319954636668367,1.410e-03 / 3.032e-03,C:\Users\msz\aca\Workspaces\hs_four_schemes_20260927\out\profiles\p19_difference_paper_ale_heun_n400_dt0.003125_L4.npz,92a0066c25a6d693b534db0d50db2e41eece68c94cf950c24a939c01a56914f7,new
p19_difference_paper_ale_heun_n400_dt0.003125_L4,S3,19.0,difference_paper_ale,heun,400,0.003125,4.0,main,0.5,16001,0.002640559020792528,0.0034156307929730234,2.641e-03 / 3.416e-03,C:\Users\msz\aca\Workspaces\hs_four_schemes_20260927\out\profiles\p19_difference_paper_ale_heun_n400_dt0.003125_L4.npz,92a0066c25a6d693b534db0d50db2e41eece68c94cf950c24a939c01a56914f7,new
p19_difference_paper_ale_heun_n200_dt0.0125_L4,S3,19.0,difference_paper_ale,heun,200,0.0125,4.0,main,0.25,8001,0.005298751981425841,0.011383378288343626,5.299e-03 / 1.138e-02,C:\Users\msz\aca\Workspaces\hs_four_schemes_20260927\out\profiles\p19_difference_paper_ale_heun_n200_dt0.0125_L4.npz,8884a2ac2be1f6441784030917c808c720438f73305394a335aa93082dc04969,new
p19_difference_paper_ale_heun_n200_dt0.0125_L4,S3,19.0,difference_paper_ale,heun,200,0.0125,4.0,main,0.5,8001,0.009869170774045026,0.013404171951818644,9.869e-03 / 1.340e-02,C:\Users\msz\aca\Workspaces\hs_four_schemes_20260927\out\profiles\p19_difference_paper_ale_heun_n200_dt0.0125_L4.npz,8884a2ac2be1f6441784030917c808c720438f73305394a335aa93082dc04969,new
p19_difference_paper_ale_rk4_n400_dt0.003125_L4,S3,19.0,difference_paper_ale,rk4,400,0.003125,4.0,main,0.25,16001,0.0014118780738727327,0.0030312430880828356,1.412e-03 / 3.031e-03,C:\Users\msz\aca\Workspaces\hs_four_schemes_20260927\out\profiles\p19_difference_paper_ale_rk4_n400_dt0.003125_L4.npz,3dc24539bcda59f40a570890524ac07ffd89fea44de90e59a05d016bce653451,new
p19_difference_paper_ale_rk4_n400_dt0.003125_L4,S3,19.0,difference_paper_ale,rk4,400,0.003125,4.0,main,0.5,16001,0.00264551946197078,0.003415058851367503,2.646e-03 / 3.415e-03,C:\Users\msz\aca\Workspaces\hs_four_schemes_20260927\out\profiles\p19_difference_paper_ale_rk4_n400_dt0.003125_L4.npz,3dc24539bcda59f40a570890524ac07ffd89fea44de90e59a05d016bce653451,new
p19_difference_paper_ale_rk4_n200_dt0.0125_L4,S3,19.0,difference_paper_ale,rk4,200,0.0125,4.0,main,0.25,8001,0.005328255775634755,0.011371161388192219,5.328e-03 / 1.137e-02,C:\Users\msz\aca\Workspaces\hs_four_schemes_20260927\out\profiles\p19_difference_paper_ale_rk4_n200_dt0.0125_L4.npz,581055b859144cb6ac8576f09c4519ca6137525504e3ef08e02cf31d0e1b4c00,new
p19_difference_paper_ale_rk4_n200_dt0.0125_L4,S3,19.0,difference_paper_ale,rk4,200,0.0125,4.0,main,0.5,8001,0.009939181603678501,0.013393510635403616,9.939e-03 / 1.339e-02,C:\Users\msz\aca\Workspaces\hs_four_schemes_20260927\out\profiles\p19_difference_paper_ale_rk4_n200_dt0.0125_L4.npz,581055b859144cb6ac8576f09c4519ca6137525504e3ef08e02cf31d0e1b4c00,new
p19_difference_paper_ale_rk8_n400_dt0.003125_L4,S3,19.0,difference_paper_ale,rk8,400,0.003125,4.0,main,0.25,16001,0.0014118780451242638,0.0030312430969434145,1.412e-03 / 3.031e-03,C:\Users\msz\aca\Workspaces\hs_four_schemes_20260927\out\profiles\p19_difference_paper_ale_rk8_n400_dt0.003125_L4.npz,abff3b909536c9de8c6f936f5d4b7944af319f3c786e1654394b1849d6bc25a9,new
p19_difference_paper_ale_rk8_n400_dt0.003125_L4,S3,19.0,difference_paper_ale,rk8,400,0.003125,4.0,main,0.5,16001,0.0026455193995398515,0.003415058857399955,2.646e-03 / 3.415e-03,C:\Users\msz\aca\Workspaces\hs_four_schemes_20260927\out\profiles\p19_difference_paper_ale_rk8_n400_dt0.003125_L4.npz,abff3b909536c9de8c6f936f5d4b7944af319f3c786e1654394b1849d6bc25a9,new
p19_difference_paper_ale_rk8_n200_dt0.0125_L4,S3,19.0,difference_paper_ale,rk8,200,0.0125,4.0,main,0.25,8001,0.005328249917555122,0.011371163668261297,5.328e-03 / 1.137e-02,C:\Users\msz\aca\Workspaces\hs_four_schemes_20260927\out\profiles\p19_difference_paper_ale_rk8_n200_dt0.0125_L4.npz,50bb8fb43c51979cf8d8adec066cfa0109e23d30e1df57106607c6300d9b7d4c,new
p19_difference_paper_ale_rk8_n200_dt0.0125_L4,S3,19.0,difference_paper_ale,rk8,200,0.0125,4.0,main,0.5,8001,0.009939167605228887,0.013393512517294703,9.939e-03 / 1.339e-02,C:\Users\msz\aca\Workspaces\hs_four_schemes_20260927\out\profiles\p19_difference_paper_ale_rk8_n200_dt0.0125_L4.npz,50bb8fb43c51979cf8d8adec066cfa0109e23d30e1df57106607c6300d9b7d4c,new
p19_difference_fixed_euler_n400_dt0.003125_L4,S4,19.0,difference_fixed,euler,400,0.003125,4.0,main,0.25,16001,0.00012335601549096423,0.0009613422488996548,1.234e-04 / 9.613e-04,C:\Users\msz\aca\Workspaces\hs_waveform_atlas_20260927\out\profiles\p19_difference_fixed_euler_n400_dt0.003125_L4.npz,5794fa28fbdac7e5e81a61b00d71fe2ed54e0db8a59bf204dc2c4684d2fbd3d4,reused
p19_difference_fixed_euler_n400_dt0.003125_L4,S4,19.0,difference_fixed,euler,400,0.003125,4.0,main,0.5,16001,0.00013337395451869238,0.001176046121537877,1.334e-04 / 1.176e-03,C:\Users\msz\aca\Workspaces\hs_waveform_atlas_20260927\out\profiles\p19_difference_fixed_euler_n400_dt0.003125_L4.npz,5794fa28fbdac7e5e81a61b00d71fe2ed54e0db8a59bf204dc2c4684d2fbd3d4,reused
p19_difference_fixed_euler_n200_dt0.0125_L4,S4,19.0,difference_fixed,euler,200,0.0125,4.0,main,0.25,8001,0.0004826394218427621,0.003677003769132714,4.826e-04 / 3.677e-03,C:\Users\msz\aca\Workspaces\hs_table_data_20260927\out\profiles\p19_difference_fixed_euler_n200_dt0.0125_L4.npz,f784fa6682fa43d1c1f06ee7a8edef7072dd158be0f2134c87e613c4341017f7,reused
p19_difference_fixed_euler_n200_dt0.0125_L4,S4,19.0,difference_fixed,euler,200,0.0125,4.0,main,0.5,8001,0.0005186964921067398,0.004576426497897912,5.187e-04 / 4.576e-03,C:\Users\msz\aca\Workspaces\hs_table_data_20260927\out\profiles\p19_difference_fixed_euler_n200_dt0.0125_L4.npz,f784fa6682fa43d1c1f06ee7a8edef7072dd158be0f2134c87e613c4341017f7,reused
p19_difference_fixed_heun_n400_dt0.003125_L4,S4,19.0,difference_fixed,heun,400,0.003125,4.0,main,0.25,16001,0.00012521758135285166,0.0009772795278687463,1.252e-04 / 9.773e-04,C:\Users\msz\aca\Workspaces\hs_table_data_20260927\out\profiles\p19_difference_fixed_heun_n400_dt0.003125_L4.npz,a13ec4402da6451518259d3ba5670484247edffd2f28f0ae4b7c130d3bbbcf3e,reused
p19_difference_fixed_heun_n400_dt0.003125_L4,S4,19.0,difference_fixed,heun,400,0.003125,4.0,main,0.5,16001,0.00013794453794954697,0.0012103371841724053,1.379e-04 / 1.210e-03,C:\Users\msz\aca\Workspaces\hs_table_data_20260927\out\profiles\p19_difference_fixed_heun_n400_dt0.003125_L4.npz,a13ec4402da6451518259d3ba5670484247edffd2f28f0ae4b7c130d3bbbcf3e,reused
p19_difference_fixed_heun_n200_dt0.0125_L4,S4,19.0,difference_fixed,heun,200,0.0125,4.0,main,0.25,8001,0.0004881894129108444,0.0037388132615709946,4.882e-04 / 3.739e-03,C:\Users\msz\aca\Workspaces\hs_table_data_20260927\out\profiles\p19_difference_fixed_heun_n200_dt0.0125_L4.npz,ca67eb4ef35454ebe9d387d85ab0555b93c7fdcdb03b9bf9e2799f13c1dfe744,reused
p19_difference_fixed_heun_n200_dt0.0125_L4,S4,19.0,difference_fixed,heun,200,0.0125,4.0,main,0.5,8001,0.0005399457834958862,0.004710904638676405,5.399e-04 / 4.711e-03,C:\Users\msz\aca\Workspaces\hs_table_data_20260927\out\profiles\p19_difference_fixed_heun_n200_dt0.0125_L4.npz,ca67eb4ef35454ebe9d387d85ab0555b93c7fdcdb03b9bf9e2799f13c1dfe744,reused
p19_difference_fixed_rk4_n400_dt0.003125_L4,S4,19.0,difference_fixed,rk4,400,0.003125,4.0,main,0.25,16001,0.00012522012112407485,0.0009772918864435765,1.252e-04 / 9.773e-04,C:\Users\msz\aca\Workspaces\hs_table_data_20260927\out\profiles\p19_difference_fixed_rk4_n400_dt0.003125_L4.npz,7f1813a30aa5c2e3d4b7fa9dfcf44b22f8c6eca749970132775d1a7f9d6c44d8,reused
p19_difference_fixed_rk4_n400_dt0.003125_L4,S4,19.0,difference_fixed,rk4,400,0.003125,4.0,main,0.5,16001,0.00013794995990216996,0.0012103625495997195,1.379e-04 / 1.210e-03,C:\Users\msz\aca\Workspaces\hs_table_data_20260927\out\profiles\p19_difference_fixed_rk4_n400_dt0.003125_L4.npz,7f1813a30aa5c2e3d4b7fa9dfcf44b22f8c6eca749970132775d1a7f9d6c44d8,reused
p19_difference_fixed_rk4_n200_dt0.0125_L4,S4,19.0,difference_fixed,rk4,200,0.0125,4.0,main,0.25,8001,0.00048827355092229824,0.003739011777858847,4.883e-04 / 3.739e-03,C:\Users\msz\aca\Workspaces\hs_table_data_20260927\out\profiles\p19_difference_fixed_rk4_n200_dt0.0125_L4.npz,6a0184aea0603cc07dfa3e29cb4c69a3c8d2ea043fb9092c0b946707a401a2f5,reused
p19_difference_fixed_rk4_n200_dt0.0125_L4,S4,19.0,difference_fixed,rk4,200,0.0125,4.0,main,0.5,8001,0.0005401197994704572,0.004711282832376429,5.401e-04 / 4.711e-03,C:\Users\msz\aca\Workspaces\hs_table_data_20260927\out\profiles\p19_difference_fixed_rk4_n200_dt0.0125_L4.npz,6a0184aea0603cc07dfa3e29cb4c69a3c8d2ea043fb9092c0b946707a401a2f5,reused
p19_difference_fixed_rk8_n400_dt0.003125_L4,S4,19.0,difference_fixed,rk8,400,0.003125,4.0,main,0.25,16001,0.00012522012111095687,0.000977291886441578,1.252e-04 / 9.773e-04,C:\Users\msz\aca\Workspaces\hs_table_data_20260927\out\profiles\p19_difference_fixed_rk8_n400_dt0.003125_L4.npz,b718517f19b159f5c0149f64572e4a92e11cc82c3e17569fa77d022fd6218dc8,reused
p19_difference_fixed_rk8_n400_dt0.003125_L4,S4,19.0,difference_fixed,rk8,400,0.003125,4.0,main,0.5,16001,0.00013794995987596176,0.0012103625496052706,1.379e-04 / 1.210e-03,C:\Users\msz\aca\Workspaces\hs_table_data_20260927\out\profiles\p19_difference_fixed_rk8_n400_dt0.003125_L4.npz,b718517f19b159f5c0149f64572e4a92e11cc82c3e17569fa77d022fd6218dc8,reused
p19_difference_fixed_rk8_n200_dt0.0125_L4,S4,19.0,difference_fixed,rk8,200,0.0125,4.0,main,0.25,8001,0.0004882735385919462,0.0037390117751858742,4.883e-04 / 3.739e-03,C:\Users\msz\aca\Workspaces\hs_table_data_20260927\out\profiles\p19_difference_fixed_rk8_n200_dt0.0125_L4.npz,3060f2a7439170c67485bc9aa42e9e3a7cc20d4434b84693e9422aa825ccb133,reused
p19_difference_fixed_rk8_n200_dt0.0125_L4,S4,19.0,difference_fixed,rk8,200,0.0125,4.0,main,0.5,8001,0.000540119774751973,0.004711282835275665,5.401e-04 / 4.711e-03,C:\Users\msz\aca\Workspaces\hs_table_data_20260927\out\profiles\p19_difference_fixed_rk8_n200_dt0.0125_L4.npz,3060f2a7439170c67485bc9aa42e9e3a7cc20d4434b84693e9422aa825ccb133,reused
p20_integrable_original_euler_n400_dt0.003125_L4,S1,20.0,integrable_original,euler,400,0.003125,4.0,main,0.25,16001,0.014945049898752984,0.005457261214599107,1.495e-02 / 5.457e-03,C:\Users\msz\aca\Workspaces\hs_conserved_mesh_20260925\out\euler_comparison\profiles\p20_integrable_original_euler_n400_dt0.003125_L4.npz,311085841395079cd187a31c986d0656dcd980ae6a751026d2f762f221e69f7a,reused
p20_integrable_original_euler_n400_dt0.003125_L4,S1,20.0,integrable_original,euler,400,0.003125,4.0,main,0.5,16001,0.06312841945353667,0.015288406053338033,6.313e-02 / 1.529e-02,C:\Users\msz\aca\Workspaces\hs_conserved_mesh_20260925\out\euler_comparison\profiles\p20_integrable_original_euler_n400_dt0.003125_L4.npz,311085841395079cd187a31c986d0656dcd980ae6a751026d2f762f221e69f7a,reused
p20_integrable_original_euler_n200_dt0.0125_L4,S1,20.0,integrable_original,euler,200,0.0125,4.0,main,0.25,8001,0.030318394287561272,0.018382310884688002,3.032e-02 / 1.838e-02,C:\Users\msz\aca\Workspaces\hs_four_schemes_20260927\out\profiles\p20_integrable_original_euler_n200_dt0.0125_L4.npz,9946f7dd732e1c63e6666c4540946f459a05e14405525db1c8a789dbd4060fb4,new
p20_integrable_original_euler_n200_dt0.0125_L4,S1,20.0,integrable_original,euler,200,0.0125,4.0,main,0.5,8001,0.12816583356157896,0.03353969328760997,1.282e-01 / 3.354e-02,C:\Users\msz\aca\Workspaces\hs_four_schemes_20260927\out\profiles\p20_integrable_original_euler_n200_dt0.0125_L4.npz,9946f7dd732e1c63e6666c4540946f459a05e14405525db1c8a789dbd4060fb4,new
p20_integrable_original_heun_n400_dt0.003125_L4,S1,20.0,integrable_original,heun,400,0.003125,4.0,main,0.25,16001,0.015129272916636311,0.00547735325483234,1.513e-02 / 5.477e-03,C:\Users\msz\aca\Workspaces\hs_four_schemes_20260927\out\profiles\p20_integrable_original_heun_n400_dt0.003125_L4.npz,ba32b44972fa18b27894bc4c16d1e6f5bdbef324fdfbfbac5e3ebf1ae30fc997,new
p20_integrable_original_heun_n400_dt0.003125_L4,S1,20.0,integrable_original,heun,400,0.003125,4.0,main,0.5,16001,0.06391782020172655,0.015400207273996158,6.392e-02 / 1.540e-02,C:\Users\msz\aca\Workspaces\hs_four_schemes_20260927\out\profiles\p20_integrable_original_heun_n400_dt0.003125_L4.npz,ba32b44972fa18b27894bc4c16d1e6f5bdbef324fdfbfbac5e3ebf1ae30fc997,new
p20_integrable_original_heun_n200_dt0.0125_L4,S1,20.0,integrable_original,heun,200,0.0125,4.0,main,0.25,8001,0.03186475902052119,0.01856068505549413,3.186e-02 / 1.856e-02,C:\Users\msz\aca\Workspaces\hs_four_schemes_20260927\out\profiles\p20_integrable_original_heun_n200_dt0.0125_L4.npz,77eefc9fd02850e6c079658d5d79ac949a3c6efd81812880c128a47d57be719e,new
p20_integrable_original_heun_n200_dt0.0125_L4,S1,20.0,integrable_original,heun,200,0.0125,4.0,main,0.5,8001,0.13496577419787806,0.03443672800824937,1.350e-01 / 3.444e-02,C:\Users\msz\aca\Workspaces\hs_four_schemes_20260927\out\profiles\p20_integrable_original_heun_n200_dt0.0125_L4.npz,77eefc9fd02850e6c079658d5d79ac949a3c6efd81812880c128a47d57be719e,new
p20_integrable_original_rk4_n400_dt0.003125_L4,S1,20.0,integrable_original,rk4,400,0.003125,4.0,main,0.25,16001,0.015129765238447172,0.005477422391667264,1.513e-02 / 5.477e-03,C:\Users\msz\aca\Workspaces\hs_conserved_mesh_20260925\out\calibration_parameter_scan\profiles\p20_integrable_original_rk4_n400_dt0.003125_L4.npz,b387a12e35fdc785d9a8b9223dee45a02dcf29019130fb0bf79d0474e085db92,reused
p20_integrable_original_rk4_n400_dt0.003125_L4,S1,20.0,integrable_original,rk4,400,0.003125,4.0,main,0.5,16001,0.06391968660175432,0.015400437461774885,6.392e-02 / 1.540e-02,C:\Users\msz\aca\Workspaces\hs_conserved_mesh_20260925\out\calibration_parameter_scan\profiles\p20_integrable_original_rk4_n400_dt0.003125_L4.npz,b387a12e35fdc785d9a8b9223dee45a02dcf29019130fb0bf79d0474e085db92,reused
p20_integrable_original_rk4_n200_dt0.0125_L4,S1,20.0,integrable_original,rk4,200,0.0125,4.0,main,0.25,8001,0.031884127700807605,0.018562587843141354,3.188e-02 / 1.856e-02,C:\Users\msz\aca\Workspaces\hs_four_schemes_20260927\out\profiles\p20_integrable_original_rk4_n200_dt0.0125_L4.npz,16715e8c964cc3f61637c55537026c9abffffcbb2a4421b7d1a22b8f47bb4f85,new
p20_integrable_original_rk4_n200_dt0.0125_L4,S1,20.0,integrable_original,rk4,200,0.0125,4.0,main,0.5,8001,0.1350410408522123,0.03444419596798609,1.350e-01 / 3.444e-02,C:\Users\msz\aca\Workspaces\hs_four_schemes_20260927\out\profiles\p20_integrable_original_rk4_n200_dt0.0125_L4.npz,16715e8c964cc3f61637c55537026c9abffffcbb2a4421b7d1a22b8f47bb4f85,new
p20_integrable_original_rk8_n400_dt0.003125_L4,S1,20.0,integrable_original,rk8,400,0.003125,4.0,main,0.25,16001,0.015129765239120565,0.005477422391568898,1.513e-02 / 5.477e-03,C:\Users\msz\aca\Workspaces\hs_four_schemes_20260927\out\profiles\p20_integrable_original_rk8_n400_dt0.003125_L4.npz,44c1869e1776bda145995e4df5b49ec1e8fb7cfedb01a38d0dca3c20243d1424,new
p20_integrable_original_rk8_n400_dt0.003125_L4,S1,20.0,integrable_original,rk8,400,0.003125,4.0,main,0.5,16001,0.06391968660490929,0.015400437461408956,6.392e-02 / 1.540e-02,C:\Users\msz\aca\Workspaces\hs_four_schemes_20260927\out\profiles\p20_integrable_original_rk8_n400_dt0.003125_L4.npz,44c1869e1776bda145995e4df5b49ec1e8fb7cfedb01a38d0dca3c20243d1424,new
p20_integrable_original_rk8_n200_dt0.0125_L4,S1,20.0,integrable_original,rk8,200,0.0125,4.0,main,0.25,8001,0.0318841284478922,0.018562587837716527,3.188e-02 / 1.856e-02,C:\Users\msz\aca\Workspaces\hs_four_schemes_20260927\out\profiles\p20_integrable_original_rk8_n200_dt0.0125_L4.npz,316ddd66dbd3ce5626887410024427e2316cbff053efb4fca3b0befdc6a98615,new
p20_integrable_original_rk8_n200_dt0.0125_L4,S1,20.0,integrable_original,rk8,200,0.0125,4.0,main,0.5,8001,0.13504104375217985,0.0344441959685437,1.350e-01 / 3.444e-02,C:\Users\msz\aca\Workspaces\hs_four_schemes_20260927\out\profiles\p20_integrable_original_rk8_n200_dt0.0125_L4.npz,316ddd66dbd3ce5626887410024427e2316cbff053efb4fca3b0befdc6a98615,new
p20_integrable_calibrated_euler_n400_dt0.003125_L4,S2,20.0,integrable_calibrated,euler,400,0.003125,4.0,main,0.25,16001,0.0015736882783377037,0.004139742972904925,1.574e-03 / 4.140e-03,C:\Users\msz\aca\Workspaces\hs_conserved_mesh_20260925\out\euler_comparison\profiles\p20_integrable_calibrated_euler_n400_dt0.003125_L4.npz,c37b609fef35add09ca792c9fb5184390490a14b533da990852dfe87228a9080,reused
p20_integrable_calibrated_euler_n400_dt0.003125_L4,S2,20.0,integrable_calibrated,euler,400,0.003125,4.0,main,0.5,16001,0.003454384473470074,0.004410270704713393,3.454e-03 / 4.410e-03,C:\Users\msz\aca\Workspaces\hs_conserved_mesh_20260925\out\euler_comparison\profiles\p20_integrable_calibrated_euler_n400_dt0.003125_L4.npz,c37b609fef35add09ca792c9fb5184390490a14b533da990852dfe87228a9080,reused
p20_integrable_calibrated_euler_n200_dt0.0125_L4,S2,20.0,integrable_calibrated,euler,200,0.0125,4.0,main,0.25,8001,0.0060296567702785575,0.016154783412619278,6.030e-03 / 1.615e-02,C:\Users\msz\aca\Workspaces\hs_four_schemes_20260927\out\profiles\p20_integrable_calibrated_euler_n200_dt0.0125_L4.npz,331577868a4373ba94a6e087ce1514ec038faf2d8fc022dc7419bedf4d2bf80c,new
p20_integrable_calibrated_euler_n200_dt0.0125_L4,S2,20.0,integrable_calibrated,euler,200,0.0125,4.0,main,0.5,8001,0.013183844288908352,0.016681173464431875,1.318e-02 / 1.668e-02,C:\Users\msz\aca\Workspaces\hs_four_schemes_20260927\out\profiles\p20_integrable_calibrated_euler_n200_dt0.0125_L4.npz,331577868a4373ba94a6e087ce1514ec038faf2d8fc022dc7419bedf4d2bf80c,new
p20_integrable_calibrated_heun_n400_dt0.003125_L4,S2,20.0,integrable_calibrated,heun,400,0.003125,4.0,main,0.25,16001,0.0016075907610383355,0.004138638324334976,1.608e-03 / 4.139e-03,C:\Users\msz\aca\Workspaces\hs_four_schemes_20260927\out\profiles\p20_integrable_calibrated_heun_n400_dt0.003125_L4.npz,8484af06d5b695a0bc824e1d327f946b961c9a5c96da42954f90536a2d996db2,new
p20_integrable_calibrated_heun_n400_dt0.003125_L4,S2,20.0,integrable_calibrated,heun,400,0.003125,4.0,main,0.5,16001,0.0034246722657002063,0.004394650594036986,3.425e-03 / 4.395e-03,C:\Users\msz\aca\Workspaces\hs_four_schemes_20260927\out\profiles\p20_integrable_calibrated_heun_n400_dt0.003125_L4.npz,8484af06d5b695a0bc824e1d327f946b961c9a5c96da42954f90536a2d996db2,new
p20_integrable_calibrated_heun_n200_dt0.0125_L4,S2,20.0,integrable_calibrated,heun,200,0.0125,4.0,main,0.25,8001,0.006146193203902112,0.01616108985999426,6.146e-03 / 1.616e-02,C:\Users\msz\aca\Workspaces\hs_four_schemes_20260927\out\profiles\p20_integrable_calibrated_heun_n200_dt0.0125_L4.npz,185f3272026ba11396fb1addcf081ee757dd0c0e86f3f5b1f5aaa089d06c7667,new
p20_integrable_calibrated_heun_n200_dt0.0125_L4,S2,20.0,integrable_calibrated,heun,200,0.0125,4.0,main,0.5,8001,0.013621458497707756,0.016724794177464974,1.362e-02 / 1.672e-02,C:\Users\msz\aca\Workspaces\hs_four_schemes_20260927\out\profiles\p20_integrable_calibrated_heun_n200_dt0.0125_L4.npz,185f3272026ba11396fb1addcf081ee757dd0c0e86f3f5b1f5aaa089d06c7667,new
p20_integrable_calibrated_rk4_n400_dt0.003125_L4,S2,20.0,integrable_calibrated,rk4,400,0.003125,4.0,main,0.25,16001,0.0016076340900610941,0.0041386464985018745,1.608e-03 / 4.139e-03,C:\Users\msz\aca\Workspaces\hs_conserved_mesh_20260925\out\calibration_parameter_scan\profiles\p20_integrable_calibrated_rk4_n400_dt0.003125_L4.npz,d28865d6584fa551df49ab920c02db798be891345b695824300ac13fd0a3331f,reused
p20_integrable_calibrated_rk4_n400_dt0.003125_L4,S2,20.0,integrable_calibrated,rk4,400,0.003125,4.0,main,0.5,16001,0.0034240632759061974,0.004394599279403,3.424e-03 / 4.395e-03,C:\Users\msz\aca\Workspaces\hs_conserved_mesh_20260925\out\calibration_parameter_scan\profiles\p20_integrable_calibrated_rk4_n400_dt0.003125_L4.npz,d28865d6584fa551df49ab920c02db798be891345b695824300ac13fd0a3331f,reused
p20_integrable_calibrated_rk4_n200_dt0.0125_L4,S2,20.0,integrable_calibrated,rk4,200,0.0125,4.0,main,0.25,8001,0.006146946705801237,0.016161320019124625,6.147e-03 / 1.616e-02,C:\Users\msz\aca\Workspaces\hs_four_schemes_20260927\out\profiles\p20_integrable_calibrated_rk4_n200_dt0.0125_L4.npz,bb3ff54b04ae57d95e9d115ebc822ca88df051cd42f244c9b3ad3ed2b6fdacd6,new
p20_integrable_calibrated_rk4_n200_dt0.0125_L4,S2,20.0,integrable_calibrated,rk4,200,0.0125,4.0,main,0.5,8001,0.013618554064746543,0.01672488793528315,1.362e-02 / 1.672e-02,C:\Users\msz\aca\Workspaces\hs_four_schemes_20260927\out\profiles\p20_integrable_calibrated_rk4_n200_dt0.0125_L4.npz,bb3ff54b04ae57d95e9d115ebc822ca88df051cd42f244c9b3ad3ed2b6fdacd6,new
p20_integrable_calibrated_rk8_n400_dt0.003125_L4,S2,20.0,integrable_calibrated,rk8,400,0.003125,4.0,main,0.25,16001,0.001607634090069615,0.0041386464983771964,1.608e-03 / 4.139e-03,C:\Users\msz\aca\Workspaces\hs_four_schemes_20260927\out\profiles\p20_integrable_calibrated_rk8_n400_dt0.003125_L4.npz,062e35aa0b648272c679c7e6e7186802970c2fa5f25a00f63f38b43e29972fe5,new
p20_integrable_calibrated_rk8_n400_dt0.003125_L4,S2,20.0,integrable_calibrated,rk8,400,0.003125,4.0,main,0.5,16001,0.0034240632721495973,0.004394599279053724,3.424e-03 / 4.395e-03,C:\Users\msz\aca\Workspaces\hs_four_schemes_20260927\out\profiles\p20_integrable_calibrated_rk8_n400_dt0.003125_L4.npz,062e35aa0b648272c679c7e6e7186802970c2fa5f25a00f63f38b43e29972fe5,new
p20_integrable_calibrated_rk8_n200_dt0.0125_L4,S2,20.0,integrable_calibrated,rk8,200,0.0125,4.0,main,0.25,8001,0.006146946709008061,0.0161613199905965,6.147e-03 / 1.616e-02,C:\Users\msz\aca\Workspaces\hs_four_schemes_20260927\out\profiles\p20_integrable_calibrated_rk8_n200_dt0.0125_L4.npz,4e42c982c127d1826afd61f7132503e5e13ae44cfd295593230c7633f9983d78,new
p20_integrable_calibrated_rk8_n200_dt0.0125_L4,S2,20.0,integrable_calibrated,rk8,200,0.0125,4.0,main,0.5,8001,0.013618553408646353,0.016724887879117023,1.362e-02 / 1.672e-02,C:\Users\msz\aca\Workspaces\hs_four_schemes_20260927\out\profiles\p20_integrable_calibrated_rk8_n200_dt0.0125_L4.npz,4e42c982c127d1826afd61f7132503e5e13ae44cfd295593230c7633f9983d78,new
p20_difference_paper_ale_euler_n400_dt0.003125_L4,S3,20.0,difference_paper_ale,euler,400,0.003125,4.0,main,0.25,16001,0.001911658714979822,0.0034050800251690383,1.912e-03 / 3.405e-03,C:\Users\msz\aca\Workspaces\hs_four_schemes_20260927\out\profiles\p20_difference_paper_ale_euler_n400_dt0.003125_L4.npz,c09db4a6ed946e1aa5c1194093ce9f1e0a5676965e958bf568484ca0dca75c35,new
p20_difference_paper_ale_euler_n400_dt0.003125_L4,S3,20.0,difference_paper_ale,euler,400,0.003125,4.0,main,0.5,16001,0.0031856382844634157,0.003961445513921968,3.186e-03 / 3.961e-03,C:\Users\msz\aca\Workspaces\hs_four_schemes_20260927\out\profiles\p20_difference_paper_ale_euler_n400_dt0.003125_L4.npz,c09db4a6ed946e1aa5c1194093ce9f1e0a5676965e958bf568484ca0dca75c35,new
p20_difference_paper_ale_euler_n200_dt0.0125_L4,S3,20.0,difference_paper_ale,euler,200,0.0125,4.0,main,0.25,8001,0.0072102640322691675,0.012841416926830829,7.210e-03 / 1.284e-02,C:\Users\msz\aca\Workspaces\hs_four_schemes_20260927\out\profiles\p20_difference_paper_ale_euler_n200_dt0.0125_L4.npz,ef0cf4de33afe8b00c6a94fea5b4d5b80d86a5557e3ed5759a9d8e6a7290c4b2,new
p20_difference_paper_ale_euler_n200_dt0.0125_L4,S3,20.0,difference_paper_ale,euler,200,0.0125,4.0,main,0.5,8001,0.01201789979010287,0.015304760196154954,1.202e-02 / 1.530e-02,C:\Users\msz\aca\Workspaces\hs_four_schemes_20260927\out\profiles\p20_difference_paper_ale_euler_n200_dt0.0125_L4.npz,ef0cf4de33afe8b00c6a94fea5b4d5b80d86a5557e3ed5759a9d8e6a7290c4b2,new
p20_difference_paper_ale_heun_n400_dt0.003125_L4,S3,20.0,difference_paper_ale,heun,400,0.003125,4.0,main,0.25,16001,0.0016063209364645392,0.0034024356157295044,1.606e-03 / 3.402e-03,C:\Users\msz\aca\Workspaces\hs_four_schemes_20260927\out\profiles\p20_difference_paper_ale_heun_n400_dt0.003125_L4.npz,e5c907d8d4c4712895b657e71d8638b4c008d57a8923d4fc4c154f4313e8e977,new
p20_difference_paper_ale_heun_n400_dt0.003125_L4,S3,20.0,difference_paper_ale,heun,400,0.003125,4.0,main,0.5,16001,0.00301831022733684,0.0038707268414414076,3.018e-03 / 3.871e-03,C:\Users\msz\aca\Workspaces\hs_four_schemes_20260927\out\profiles\p20_difference_paper_ale_heun_n400_dt0.003125_L4.npz,e5c907d8d4c4712895b657e71d8638b4c008d57a8923d4fc4c154f4313e8e977,new
p20_difference_paper_ale_heun_n200_dt0.0125_L4,S3,20.0,difference_paper_ale,heun,200,0.0125,4.0,main,0.25,8001,0.006049284897822041,0.01288060660747764,6.049e-03 / 1.288e-02,C:\Users\msz\aca\Workspaces\hs_four_schemes_20260927\out\profiles\p20_difference_paper_ale_heun_n200_dt0.0125_L4.npz,36963bc9159dcada3312ca655ed758f3bb93d34f7fb9f297405bfdeaa1f1f0f7,new
p20_difference_paper_ale_heun_n200_dt0.0125_L4,S3,20.0,difference_paper_ale,heun,200,0.0125,4.0,main,0.5,8001,0.011181742116692213,0.014869420200035066,1.118e-02 / 1.487e-02,C:\Users\msz\aca\Workspaces\hs_four_schemes_20260927\out\profiles\p20_difference_paper_ale_heun_n200_dt0.0125_L4.npz,36963bc9159dcada3312ca655ed758f3bb93d34f7fb9f297405bfdeaa1f1f0f7,new
p20_difference_paper_ale_rk4_n400_dt0.003125_L4,S3,20.0,difference_paper_ale,rk4,400,0.003125,4.0,main,0.25,16001,0.001608724915506135,0.003401809129001232,1.609e-03 / 3.402e-03,C:\Users\msz\aca\Workspaces\hs_four_schemes_20260927\out\profiles\p20_difference_paper_ale_rk4_n400_dt0.003125_L4.npz,9d7959a2a76fb046491ebaea8987dadc4797935d1b8f33146695f1ca9081d74a,new
p20_difference_paper_ale_rk4_n400_dt0.003125_L4,S3,20.0,difference_paper_ale,rk4,400,0.003125,4.0,main,0.5,16001,0.003023513356921352,0.0038700505550104958,3.024e-03 / 3.870e-03,C:\Users\msz\aca\Workspaces\hs_four_schemes_20260927\out\profiles\p20_difference_paper_ale_rk4_n400_dt0.003125_L4.npz,9d7959a2a76fb046491ebaea8987dadc4797935d1b8f33146695f1ca9081d74a,new
p20_difference_paper_ale_rk4_n200_dt0.0125_L4,S3,20.0,difference_paper_ale,rk4,200,0.0125,4.0,main,0.25,8001,0.006079796323849029,0.01287344338134816,6.080e-03 / 1.287e-02,C:\Users\msz\aca\Workspaces\hs_four_schemes_20260927\out\profiles\p20_difference_paper_ale_rk4_n200_dt0.0125_L4.npz,682cb9dd6ff830dc871e9597c88c4575edb62f1bd3680ac976a13881abf9d803,new
p20_difference_paper_ale_rk4_n200_dt0.0125_L4,S3,20.0,difference_paper_ale,rk4,200,0.0125,4.0,main,0.5,8001,0.011254402669961909,0.014856831533004378,1.125e-02 / 1.486e-02,C:\Users\msz\aca\Workspaces\hs_four_schemes_20260927\out\profiles\p20_difference_paper_ale_rk4_n200_dt0.0125_L4.npz,682cb9dd6ff830dc871e9597c88c4575edb62f1bd3680ac976a13881abf9d803,new
p20_difference_paper_ale_rk8_n400_dt0.003125_L4,S3,20.0,difference_paper_ale,rk8,400,0.003125,4.0,main,0.25,16001,0.0016087248852199726,0.0034018091363200997,1.609e-03 / 3.402e-03,C:\Users\msz\aca\Workspaces\hs_four_schemes_20260927\out\profiles\p20_difference_paper_ale_rk8_n400_dt0.003125_L4.npz,2c6aa7fbbd6c6f7a69c5d89d0a092da257012f05586da7d708dc51e874e619e8,new
p20_difference_paper_ale_rk8_n400_dt0.003125_L4,S3,20.0,difference_paper_ale,rk8,400,0.003125,4.0,main,0.5,16001,0.003023513291290844,0.003870050562111038,3.024e-03 / 3.870e-03,C:\Users\msz\aca\Workspaces\hs_four_schemes_20260927\out\profiles\p20_difference_paper_ale_rk8_n400_dt0.003125_L4.npz,2c6aa7fbbd6c6f7a69c5d89d0a092da257012f05586da7d708dc51e874e619e8,new
p20_difference_paper_ale_rk8_n200_dt0.0125_L4,S3,20.0,difference_paper_ale,rk8,200,0.0125,4.0,main,0.25,8001,0.006079790272297117,0.012873444705643666,6.080e-03 / 1.287e-02,C:\Users\msz\aca\Workspaces\hs_four_schemes_20260927\out\profiles\p20_difference_paper_ale_rk8_n200_dt0.0125_L4.npz,bd5cc8b8fc25aad3121f8792e4a1dcff86f47af342655eba1d2e4f47bec1c7e0,new
p20_difference_paper_ale_rk8_n200_dt0.0125_L4,S3,20.0,difference_paper_ale,rk8,200,0.0125,4.0,main,0.5,8001,0.011254388140389524,0.014856833751074605,1.125e-02 / 1.486e-02,C:\Users\msz\aca\Workspaces\hs_four_schemes_20260927\out\profiles\p20_difference_paper_ale_rk8_n200_dt0.0125_L4.npz,bd5cc8b8fc25aad3121f8792e4a1dcff86f47af342655eba1d2e4f47bec1c7e0,new
p20_difference_fixed_euler_n400_dt0.003125_L4,S4,20.0,difference_fixed,euler,400,0.003125,4.0,main,0.25,16001,0.00013355177148180117,0.0010907106309858694,1.336e-04 / 1.091e-03,C:\Users\msz\aca\Workspaces\hs_conserved_mesh_20260925\out\euler_comparison\profiles\p20_difference_fixed_euler_n400_dt0.003125_L4.npz,e871f05f141d2b62dfd7537ba8a5cd566394fb11096f01b8d100fb1e5f63c62c,reused
p20_difference_fixed_euler_n400_dt0.003125_L4,S4,20.0,difference_fixed,euler,400,0.003125,4.0,main,0.5,16001,0.000143419232116717,0.0013122305823122238,1.434e-04 / 1.312e-03,C:\Users\msz\aca\Workspaces\hs_conserved_mesh_20260925\out\euler_comparison\profiles\p20_difference_fixed_euler_n400_dt0.003125_L4.npz,e871f05f141d2b62dfd7537ba8a5cd566394fb11096f01b8d100fb1e5f63c62c,reused
p20_difference_fixed_euler_n200_dt0.0125_L4,S4,20.0,difference_fixed,euler,200,0.0125,4.0,main,0.25,8001,0.000525152529537852,0.00420033710993295,5.252e-04 / 4.200e-03,C:\Users\msz\aca\Workspaces\hs_table_data_20260927\out\profiles\p20_difference_fixed_euler_n200_dt0.0125_L4.npz,84bb5848d0dfad232be4cbbb992237c92ea410ee9b6e8791b41a0987b39a1d88,reused
p20_difference_fixed_euler_n200_dt0.0125_L4,S4,20.0,difference_fixed,euler,200,0.0125,4.0,main,0.5,8001,0.0005555405140389019,0.004994271197035993,5.555e-04 / 4.994e-03,C:\Users\msz\aca\Workspaces\hs_table_data_20260927\out\profiles\p20_difference_fixed_euler_n200_dt0.0125_L4.npz,84bb5848d0dfad232be4cbbb992237c92ea410ee9b6e8791b41a0987b39a1d88,reused
p20_difference_fixed_heun_n400_dt0.003125_L4,S4,20.0,difference_fixed,heun,400,0.003125,4.0,main,0.25,16001,0.00013536706994160194,0.0011071940777628297,1.354e-04 / 1.107e-03,C:\Users\msz\aca\Workspaces\hs_table_data_20260927\out\profiles\p20_difference_fixed_heun_n400_dt0.003125_L4.npz,ed500bc7d7396777c1dc17f2e5820609c0ed6e75c45014041ea084a4215b431c,reused
p20_difference_fixed_heun_n400_dt0.003125_L4,S4,20.0,difference_fixed,heun,400,0.003125,4.0,main,0.5,16001,0.00014784846315097147,0.001346453205929965,1.478e-04 / 1.346e-03,C:\Users\msz\aca\Workspaces\hs_table_data_20260927\out\profiles\p20_difference_fixed_heun_n400_dt0.003125_L4.npz,ed500bc7d7396777c1dc17f2e5820609c0ed6e75c45014041ea084a4215b431c,reused
p20_difference_fixed_heun_n200_dt0.0125_L4,S4,20.0,difference_fixed,heun,200,0.0125,4.0,main,0.25,8001,0.0005304147066252929,0.004263449146063136,5.304e-04 / 4.263e-03,C:\Users\msz\aca\Workspaces\hs_table_data_20260927\out\profiles\p20_difference_fixed_heun_n200_dt0.0125_L4.npz,bc391e5a0262cc9fdd15614bf6ae8c347464e684deedb7f02245ec3732ffdcfb,reused
p20_difference_fixed_heun_n200_dt0.0125_L4,S4,20.0,difference_fixed,heun,200,0.0125,4.0,main,0.5,8001,0.0005725489303792589,0.005127603235042466,5.725e-04 / 5.128e-03,C:\Users\msz\aca\Workspaces\hs_table_data_20260927\out\profiles\p20_difference_fixed_heun_n200_dt0.0125_L4.npz,bc391e5a0262cc9fdd15614bf6ae8c347464e684deedb7f02245ec3732ffdcfb,reused
p20_difference_fixed_rk4_n400_dt0.003125_L4,S4,20.0,difference_fixed,rk4,400,0.003125,4.0,main,0.25,16001,0.00013536969245360464,0.0011072067112687378,1.354e-04 / 1.107e-03,C:\Users\msz\aca\Workspaces\hs_conserved_mesh_20260925\out\calibration_parameter_scan\profiles\p20_difference_fixed_rk4_n400_dt0.003125_L4.npz,3cbf211c63fd8f237be92b828cb717aa82b7ac5accdf1e4cae02213af4c1c694,reused
p20_difference_fixed_rk4_n400_dt0.003125_L4,S4,20.0,difference_fixed,rk4,400,0.003125,4.0,main,0.5,16001,0.0001478539937824451,0.0013464793081077175,1.479e-04 / 1.346e-03,C:\Users\msz\aca\Workspaces\hs_conserved_mesh_20260925\out\calibration_parameter_scan\profiles\p20_difference_fixed_rk4_n400_dt0.003125_L4.npz,3cbf211c63fd8f237be92b828cb717aa82b7ac5accdf1e4cae02213af4c1c694,reused
p20_difference_fixed_rk4_n200_dt0.0125_L4,S4,20.0,difference_fixed,rk4,200,0.0125,4.0,main,0.25,8001,0.0005305047167151918,0.004263642470081486,5.305e-04 / 4.264e-03,C:\Users\msz\aca\Workspaces\hs_table_data_20260927\out\profiles\p20_difference_fixed_rk4_n200_dt0.0125_L4.npz,9192f984d389824e1532717eeecc3284d1b4e58b1fbcd1178a469ebaccab0d5c,reused
p20_difference_fixed_rk4_n200_dt0.0125_L4,S4,20.0,difference_fixed,rk4,200,0.0125,4.0,main,0.5,8001,0.0005727316058849741,0.005127991341627003,5.727e-04 / 5.128e-03,C:\Users\msz\aca\Workspaces\hs_table_data_20260927\out\profiles\p20_difference_fixed_rk4_n200_dt0.0125_L4.npz,9192f984d389824e1532717eeecc3284d1b4e58b1fbcd1178a469ebaccab0d5c,reused
p20_difference_fixed_rk8_n400_dt0.003125_L4,S4,20.0,difference_fixed,rk8,400,0.003125,4.0,main,0.25,16001,0.00013536969243928623,0.001107206711265074,1.354e-04 / 1.107e-03,C:\Users\msz\aca\Workspaces\hs_table_data_20260927\out\profiles\p20_difference_fixed_rk8_n400_dt0.003125_L4.npz,a7c731d15ac7d6b9563fa2bcc0736756c0d9711aca181b5aa0ac34ab5b814e3c,reused
p20_difference_fixed_rk8_n400_dt0.003125_L4,S4,20.0,difference_fixed,rk8,400,0.003125,4.0,main,0.5,16001,0.00014785399375395747,0.001346479308114823,1.479e-04 / 1.346e-03,C:\Users\msz\aca\Workspaces\hs_table_data_20260927\out\profiles\p20_difference_fixed_rk8_n400_dt0.003125_L4.npz,a7c731d15ac7d6b9563fa2bcc0736756c0d9711aca181b5aa0ac34ab5b814e3c,reused
p20_difference_fixed_rk8_n200_dt0.0125_L4,S4,20.0,difference_fixed,rk8,200,0.0125,4.0,main,0.25,8001,0.0005305047032499004,0.004263642465653472,5.305e-04 / 4.264e-03,C:\Users\msz\aca\Workspaces\hs_table_data_20260927\out\profiles\p20_difference_fixed_rk8_n200_dt0.0125_L4.npz,9f01628a3d7c83ee2d903d6cd21827f4c4339213b0d7d72de0d7d272ecf19c95,reused
p20_difference_fixed_rk8_n200_dt0.0125_L4,S4,20.0,difference_fixed,rk8,200,0.0125,4.0,main,0.5,8001,0.0005727315792828612,0.00512799134480213,5.727e-04 / 5.128e-03,C:\Users\msz\aca\Workspaces\hs_table_data_20260927\out\profiles\p20_difference_fixed_rk8_n200_dt0.0125_L4.npz,9f01628a3d7c83ee2d903d6cd21827f4c4339213b0d7d72de0d7d272ecf19c95,reused
p21_integrable_original_euler_n400_dt0.003125_L4,S1,21.0,integrable_original,euler,400,0.003125,4.0,main,0.25,16001,0.014948961219706253,0.005967875868614803,1.495e-02 / 5.968e-03,C:\Users\msz\aca\Workspaces\hs_waveform_atlas_20260927\out\profiles\p21_integrable_original_euler_n400_dt0.003125_L4.npz,b3b0bb24942cffaecdbbe9e6a7f17c690679e8656a1cf2c38a91c6844b0f4045,reused
p21_integrable_original_euler_n400_dt0.003125_L4,S1,21.0,integrable_original,euler,400,0.003125,4.0,main,0.5,16001,0.06312714930007639,0.015942150757662366,6.313e-02 / 1.594e-02,C:\Users\msz\aca\Workspaces\hs_waveform_atlas_20260927\out\profiles\p21_integrable_original_euler_n400_dt0.003125_L4.npz,b3b0bb24942cffaecdbbe9e6a7f17c690679e8656a1cf2c38a91c6844b0f4045,reused
p21_integrable_original_euler_n200_dt0.0125_L4,S1,21.0,integrable_original,euler,200,0.0125,4.0,main,0.25,8001,0.030410301394460375,0.02050651025865924,3.041e-02 / 2.051e-02,C:\Users\msz\aca\Workspaces\hs_four_schemes_20260927\out\profiles\p21_integrable_original_euler_n200_dt0.0125_L4.npz,c1a00a96b8b3008287fe1ea0052ab5c8da5875504a044530fd634261d8f46a2a,new
p21_integrable_original_euler_n200_dt0.0125_L4,S1,21.0,integrable_original,euler,200,0.0125,4.0,main,0.5,8001,0.1285197082026285,0.036364015761540636,1.285e-01 / 3.636e-02,C:\Users\msz\aca\Workspaces\hs_four_schemes_20260927\out\profiles\p21_integrable_original_euler_n200_dt0.0125_L4.npz,c1a00a96b8b3008287fe1ea0052ab5c8da5875504a044530fd634261d8f46a2a,new
p21_integrable_original_heun_n400_dt0.003125_L4,S1,21.0,integrable_original,heun,400,0.003125,4.0,main,0.25,16001,0.015133006780522224,0.005989104214741248,1.513e-02 / 5.989e-03,C:\Users\msz\aca\Workspaces\hs_four_schemes_20260927\out\profiles\p21_integrable_original_heun_n400_dt0.003125_L4.npz,b5e89bc6927cd3eb44f38c44c98f5b64471358d368c566608018cecd6c992371,new
p21_integrable_original_heun_n400_dt0.003125_L4,S1,21.0,integrable_original,heun,400,0.003125,4.0,main,0.5,16001,0.06391484013634618,0.016049583535162504,6.391e-02 / 1.605e-02,C:\Users\msz\aca\Workspaces\hs_four_schemes_20260927\out\profiles\p21_integrable_original_heun_n400_dt0.003125_L4.npz,b5e89bc6927cd3eb44f38c44c98f5b64471358d368c566608018cecd6c992371,new
p21_integrable_original_heun_n200_dt0.0125_L4,S1,21.0,integrable_original,heun,200,0.0125,4.0,main,0.25,8001,0.03196031580300811,0.020695357495160216,3.196e-02 / 2.070e-02,C:\Users\msz\aca\Workspaces\hs_four_schemes_20260927\out\profiles\p21_integrable_original_heun_n200_dt0.0125_L4.npz,dc7cbb50b2117c4d5eb9fc664565ff53261403c0a71e58ea715917ab036f8a23,new
p21_integrable_original_heun_n200_dt0.0125_L4,S1,21.0,integrable_original,heun,200,0.0125,4.0,main,0.5,8001,0.13533092002103034,0.037355222894768225,1.353e-01 / 3.736e-02,C:\Users\msz\aca\Workspaces\hs_four_schemes_20260927\out\profiles\p21_integrable_original_heun_n200_dt0.0125_L4.npz,dc7cbb50b2117c4d5eb9fc664565ff53261403c0a71e58ea715917ab036f8a23,new
p21_integrable_original_rk4_n400_dt0.003125_L4,S1,21.0,integrable_original,rk4,400,0.003125,4.0,main,0.25,16001,0.015133496234123765,0.005989166825645986,1.513e-02 / 5.989e-03,C:\Users\msz\aca\Workspaces\hs_four_schemes_20260927\out\profiles\p21_integrable_original_rk4_n400_dt0.003125_L4.npz,6dadc14438a55ced4a8a49bbcb7bd0e2bd6650d3dc905d4f92ef6ef1853c2989,new
p21_integrable_original_rk4_n400_dt0.003125_L4,S1,21.0,integrable_original,rk4,400,0.003125,4.0,main,0.5,16001,0.06391669301159568,0.01604978932479495,6.392e-02 / 1.605e-02,C:\Users\msz\aca\Workspaces\hs_four_schemes_20260927\out\profiles\p21_integrable_original_rk4_n400_dt0.003125_L4.npz,6dadc14438a55ced4a8a49bbcb7bd0e2bd6650d3dc905d4f92ef6ef1853c2989,new
p21_integrable_original_rk4_n200_dt0.0125_L4,S1,21.0,integrable_original,rk4,200,0.0125,4.0,main,0.25,8001,0.03197969453369624,0.020697373676383468,3.198e-02 / 2.070e-02,C:\Users\msz\aca\Workspaces\hs_four_schemes_20260927\out\profiles\p21_integrable_original_rk4_n200_dt0.0125_L4.npz,44f2bdefd06df2ac81616ef5c44ffeb3275184b53fbdd7212f5565704ff11733,new
p21_integrable_original_rk4_n200_dt0.0125_L4,S1,21.0,integrable_original,rk4,200,0.0125,4.0,main,0.5,8001,0.13540616837480698,0.037363356599243835,1.354e-01 / 3.736e-02,C:\Users\msz\aca\Workspaces\hs_four_schemes_20260927\out\profiles\p21_integrable_original_rk4_n200_dt0.0125_L4.npz,44f2bdefd06df2ac81616ef5c44ffeb3275184b53fbdd7212f5565704ff11733,new
p21_integrable_original_rk8_n400_dt0.003125_L4,S1,21.0,integrable_original,rk8,400,0.003125,4.0,main,0.25,16001,0.015133496234775123,0.005989166825561942,1.513e-02 / 5.989e-03,C:\Users\msz\aca\Workspaces\hs_four_schemes_20260927\out\profiles\p21_integrable_original_rk8_n400_dt0.003125_L4.npz,4062de6ba8895c8200bd4f4a171d396ad6a9072e0033a488713f7268a4dc133f,new
p21_integrable_original_rk8_n400_dt0.003125_L4,S1,21.0,integrable_original,rk8,400,0.003125,4.0,main,0.5,16001,0.06391669301468116,0.016049789324426245,6.392e-02 / 1.605e-02,C:\Users\msz\aca\Workspaces\hs_four_schemes_20260927\out\profiles\p21_integrable_original_rk8_n400_dt0.003125_L4.npz,4062de6ba8895c8200bd4f4a171d396ad6a9072e0033a488713f7268a4dc133f,new
p21_integrable_original_rk8_n200_dt0.0125_L4,S1,21.0,integrable_original,rk8,200,0.0125,4.0,main,0.25,8001,0.03197969527728318,0.020697373670240382,3.198e-02 / 2.070e-02,C:\Users\msz\aca\Workspaces\hs_four_schemes_20260927\out\profiles\p21_integrable_original_rk8_n200_dt0.0125_L4.npz,07ccbd11e0ff5de3c47c0fdd3cb7da74427c8ec100bac9a676a010b63c878ae1,new
p21_integrable_original_rk8_n200_dt0.0125_L4,S1,21.0,integrable_original,rk8,200,0.0125,4.0,main,0.5,8001,0.1354061712637014,0.03736335659751033,1.354e-01 / 3.736e-02,C:\Users\msz\aca\Workspaces\hs_four_schemes_20260927\out\profiles\p21_integrable_original_rk8_n200_dt0.0125_L4.npz,07ccbd11e0ff5de3c47c0fdd3cb7da74427c8ec100bac9a676a010b63c878ae1,new
p21_integrable_calibrated_euler_n400_dt0.003125_L4,S2,21.0,integrable_calibrated,euler,400,0.003125,4.0,main,0.25,16001,0.0017784370140804528,0.004628410226359014,1.778e-03 / 4.628e-03,C:\Users\msz\aca\Workspaces\hs_waveform_atlas_20260927\out\profiles\p21_integrable_calibrated_euler_n400_dt0.003125_L4.npz,4acce765594eaf037618070c069e672e04cc3df70bb0410dfac0448f9201c6ec,reused
p21_integrable_calibrated_euler_n400_dt0.003125_L4,S2,21.0,integrable_calibrated,euler,400,0.003125,4.0,main,0.5,16001,0.003640693698480394,0.004883230704058328,3.641e-03 / 4.883e-03,C:\Users\msz\aca\Workspaces\hs_waveform_atlas_20260927\out\profiles\p21_integrable_calibrated_euler_n400_dt0.003125_L4.npz,4acce765594eaf037618070c069e672e04cc3df70bb0410dfac0448f9201c6ec,reused
p21_integrable_calibrated_euler_n200_dt0.0125_L4,S2,21.0,integrable_calibrated,euler,200,0.0125,4.0,main,0.25,8001,0.006774378623923272,0.01805898362306546,6.774e-03 / 1.806e-02,C:\Users\msz\aca\Workspaces\hs_four_schemes_20260927\out\profiles\p21_integrable_calibrated_euler_n200_dt0.0125_L4.npz,a8e4546a2a142bde88b2cc1b200b9da787f6cf70255bb04e8e7a18e7ec1640b9,new
p21_integrable_calibrated_euler_n200_dt0.0125_L4,S2,21.0,integrable_calibrated,euler,200,0.0125,4.0,main,0.5,8001,0.013886295638254328,0.0189271095324981,1.389e-02 / 1.893e-02,C:\Users\msz\aca\Workspaces\hs_four_schemes_20260927\out\profiles\p21_integrable_calibrated_euler_n200_dt0.0125_L4.npz,a8e4546a2a142bde88b2cc1b200b9da787f6cf70255bb04e8e7a18e7ec1640b9,new
p21_integrable_calibrated_heun_n400_dt0.003125_L4,S2,21.0,integrable_calibrated,heun,400,0.003125,4.0,main,0.25,16001,0.00181290134989609,0.004624838579458224,1.813e-03 / 4.625e-03,C:\Users\msz\aca\Workspaces\hs_four_schemes_20260927\out\profiles\p21_integrable_calibrated_heun_n400_dt0.003125_L4.npz,256eebb9396a6c9daf9a6d4ec52f1d216a3fecf4362533a2fb7f957a14487648,new
p21_integrable_calibrated_heun_n400_dt0.003125_L4,S2,21.0,integrable_calibrated,heun,400,0.003125,4.0,main,0.5,16001,0.0036125631411842015,0.004882759308332207,3.613e-03 / 4.883e-03,C:\Users\msz\aca\Workspaces\hs_four_schemes_20260927\out\profiles\p21_integrable_calibrated_heun_n400_dt0.003125_L4.npz,256eebb9396a6c9daf9a6d4ec52f1d216a3fecf4362533a2fb7f957a14487648,new
p21_integrable_calibrated_heun_n200_dt0.0125_L4,S2,21.0,integrable_calibrated,heun,200,0.0125,4.0,main,0.25,8001,0.006891104755690575,0.018059136757897887,6.891e-03 / 1.806e-02,C:\Users\msz\aca\Workspaces\hs_four_schemes_20260927\out\profiles\p21_integrable_calibrated_heun_n200_dt0.0125_L4.npz,b69a7f6ec2ce3880d8240d482b2fd25d079c1b4acdde10275b4f19e1e59ffdbb,new
p21_integrable_calibrated_heun_n200_dt0.0125_L4,S2,21.0,integrable_calibrated,heun,200,0.0125,4.0,main,0.5,8001,0.01435894913650432,0.018958505591283425,1.436e-02 / 1.896e-02,C:\Users\msz\aca\Workspaces\hs_four_schemes_20260927\out\profiles\p21_integrable_calibrated_heun_n200_dt0.0125_L4.npz,b69a7f6ec2ce3880d8240d482b2fd25d079c1b4acdde10275b4f19e1e59ffdbb,new
p21_integrable_calibrated_rk4_n400_dt0.003125_L4,S2,21.0,integrable_calibrated,rk4,400,0.003125,4.0,main,0.25,16001,0.00181294541844651,0.004624842458237355,1.813e-03 / 4.625e-03,C:\Users\msz\aca\Workspaces\hs_four_schemes_20260927\out\profiles\p21_integrable_calibrated_rk4_n400_dt0.003125_L4.npz,365d2a77bcb1953061b01196df55160d9f3dffb12353da24c361132d2441155d,new
p21_integrable_calibrated_rk4_n400_dt0.003125_L4,S2,21.0,integrable_calibrated,rk4,400,0.003125,4.0,main,0.5,16001,0.003611952586932434,0.004882738341619675,3.612e-03 / 4.883e-03,C:\Users\msz\aca\Workspaces\hs_four_schemes_20260927\out\profiles\p21_integrable_calibrated_rk4_n400_dt0.003125_L4.npz,365d2a77bcb1953061b01196df55160d9f3dffb12353da24c361132d2441155d,new
p21_integrable_calibrated_rk4_n200_dt0.0125_L4,S2,21.0,integrable_calibrated,rk4,200,0.0125,4.0,main,0.25,8001,0.006891870165690456,0.01805932571151525,6.892e-03 / 1.806e-02,C:\Users\msz\aca\Workspaces\hs_four_schemes_20260927\out\profiles\p21_integrable_calibrated_rk4_n200_dt0.0125_L4.npz,80cad91c158b697b5219e8fc72f4f41ce0e37bd84b3d4f9b0f089fe47841fdd3,new
p21_integrable_calibrated_rk4_n200_dt0.0125_L4,S2,21.0,integrable_calibrated,rk4,200,0.0125,4.0,main,0.5,8001,0.014356380715992472,0.01895847575771531,1.436e-02 / 1.896e-02,C:\Users\msz\aca\Workspaces\hs_four_schemes_20260927\out\profiles\p21_integrable_calibrated_rk4_n200_dt0.0125_L4.npz,80cad91c158b697b5219e8fc72f4f41ce0e37bd84b3d4f9b0f089fe47841fdd3,new
p21_integrable_calibrated_rk8_n400_dt0.003125_L4,S2,21.0,integrable_calibrated,rk8,400,0.003125,4.0,main,0.25,16001,0.001812945418454781,0.0046248424581010195,1.813e-03 / 4.625e-03,C:\Users\msz\aca\Workspaces\hs_four_schemes_20260927\out\profiles\p21_integrable_calibrated_rk8_n400_dt0.003125_L4.npz,523af4d2507da39289eb85f3af30c180a52253176a7b4451599692ec770980d8,new
p21_integrable_calibrated_rk8_n400_dt0.003125_L4,S2,21.0,integrable_calibrated,rk8,400,0.003125,4.0,main,0.5,16001,0.0036119525831514216,0.0048827383413603265,3.612e-03 / 4.883e-03,C:\Users\msz\aca\Workspaces\hs_four_schemes_20260927\out\profiles\p21_integrable_calibrated_rk8_n400_dt0.003125_L4.npz,523af4d2507da39289eb85f3af30c180a52253176a7b4451599692ec770980d8,new
p21_integrable_calibrated_rk8_n200_dt0.0125_L4,S2,21.0,integrable_calibrated,rk8,200,0.0125,4.0,main,0.25,8001,0.006891870168893505,0.018059325679930405,6.892e-03 / 1.806e-02,C:\Users\msz\aca\Workspaces\hs_four_schemes_20260927\out\profiles\p21_integrable_calibrated_rk8_n200_dt0.0125_L4.npz,8fd86c8af56357a0d2799516c4e2cffa86c10339b6680ff60b8df1a4e8485f28,new
p21_integrable_calibrated_rk8_n200_dt0.0125_L4,S2,21.0,integrable_calibrated,rk8,200,0.0125,4.0,main,0.5,8001,0.014356380069707084,0.018958475695502464,1.436e-02 / 1.896e-02,C:\Users\msz\aca\Workspaces\hs_four_schemes_20260927\out\profiles\p21_integrable_calibrated_rk8_n200_dt0.0125_L4.npz,8fd86c8af56357a0d2799516c4e2cffa86c10339b6680ff60b8df1a4e8485f28,new
p21_difference_paper_ale_euler_n400_dt0.003125_L4,S3,21.0,difference_paper_ale,euler,400,0.003125,4.0,main,0.25,16001,0.0021425066546899504,0.0038500565029670475,2.143e-03 / 3.850e-03,C:\Users\msz\aca\Workspaces\hs_four_schemes_20260927\out\profiles\p21_difference_paper_ale_euler_n400_dt0.003125_L4.npz,868b866b8fdb4342f77fce1e88e37bee26e548188e2c159fa5e599a299706a1e,new
p21_difference_paper_ale_euler_n400_dt0.003125_L4,S3,21.0,difference_paper_ale,euler,400,0.003125,4.0,main,0.5,16001,0.0036168527451425625,0.004456130108921208,3.617e-03 / 4.456e-03,C:\Users\msz\aca\Workspaces\hs_four_schemes_20260927\out\profiles\p21_difference_paper_ale_euler_n400_dt0.003125_L4.npz,868b866b8fdb4342f77fce1e88e37bee26e548188e2c159fa5e599a299706a1e,new
p21_difference_paper_ale_euler_n200_dt0.0125_L4,S3,21.0,difference_paper_ale,euler,200,0.0125,4.0,main,0.25,8001,0.008015325809822518,0.014586152786313256,8.015e-03 / 1.459e-02,C:\Users\msz\aca\Workspaces\hs_four_schemes_20260927\out\profiles\p21_difference_paper_ale_euler_n200_dt0.0125_L4.npz,68b043424af5a836c771c73a39c488bf66ff2f041e38212f4bf56f65486e203c,new
p21_difference_paper_ale_euler_n200_dt0.0125_L4,S3,21.0,difference_paper_ale,euler,200,0.0125,4.0,main,0.5,8001,0.013613579125543812,0.016789237528982925,1.361e-02 / 1.679e-02,C:\Users\msz\aca\Workspaces\hs_four_schemes_20260927\out\profiles\p21_difference_paper_ale_euler_n200_dt0.0125_L4.npz,68b043424af5a836c771c73a39c488bf66ff2f041e38212f4bf56f65486e203c,new
p21_difference_paper_ale_heun_n400_dt0.003125_L4,S3,21.0,difference_paper_ale,heun,400,0.003125,4.0,main,0.25,16001,0.001814636696272652,0.0038398570117907926,1.815e-03 / 3.840e-03,C:\Users\msz\aca\Workspaces\hs_four_schemes_20260927\out\profiles\p21_difference_paper_ale_heun_n400_dt0.003125_L4.npz,0ef9d43eeb5b99b677863f00448c107bcf1e0428324b81fa4bd27eec6a37e8f5,new
p21_difference_paper_ale_heun_n400_dt0.003125_L4,S3,21.0,difference_paper_ale,heun,400,0.003125,4.0,main,0.5,16001,0.0034435032955376296,0.004332635793209805,3.444e-03 / 4.333e-03,C:\Users\msz\aca\Workspaces\hs_four_schemes_20260927\out\profiles\p21_difference_paper_ale_heun_n400_dt0.003125_L4.npz,0ef9d43eeb5b99b677863f00448c107bcf1e0428324b81fa4bd27eec6a37e8f5,new
p21_difference_paper_ale_heun_n200_dt0.0125_L4,S3,21.0,difference_paper_ale,heun,200,0.0125,4.0,main,0.25,8001,0.00682155638052101,0.014609720418631789,6.822e-03 / 1.461e-02,C:\Users\msz\aca\Workspaces\hs_four_schemes_20260927\out\profiles\p21_difference_paper_ale_heun_n200_dt0.0125_L4.npz,a2cc810f57acde4d9c739595defff179c2b7bd2ab9175f866ffeb03f56a15745,new
p21_difference_paper_ale_heun_n200_dt0.0125_L4,S3,21.0,difference_paper_ale,heun,200,0.0125,4.0,main,0.5,8001,0.012611657731116305,0.016223557084073748,1.261e-02 / 1.622e-02,C:\Users\msz\aca\Workspaces\hs_four_schemes_20260927\out\profiles\p21_difference_paper_ale_heun_n200_dt0.0125_L4.npz,a2cc810f57acde4d9c739595defff179c2b7bd2ab9175f866ffeb03f56a15745,new
p21_difference_paper_ale_rk4_n400_dt0.003125_L4,S3,21.0,difference_paper_ale,rk4,400,0.003125,4.0,main,0.25,16001,0.001817102258470489,0.00383912917155238,1.817e-03 / 3.839e-03,C:\Users\msz\aca\Workspaces\hs_four_schemes_20260927\out\profiles\p21_difference_paper_ale_rk4_n400_dt0.003125_L4.npz,6b0cb56100c69ea1c103f589f414f8a4b26bc648433698a45f03f6b890ccdaf6,new
p21_difference_paper_ale_rk4_n400_dt0.003125_L4,S3,21.0,difference_paper_ale,rk4,400,0.003125,4.0,main,0.5,16001,0.0034489383026399326,0.004331840882774496,3.449e-03 / 4.332e-03,C:\Users\msz\aca\Workspaces\hs_four_schemes_20260927\out\profiles\p21_difference_paper_ale_rk4_n400_dt0.003125_L4.npz,6b0cb56100c69ea1c103f589f414f8a4b26bc648433698a45f03f6b890ccdaf6,new
p21_difference_paper_ale_rk4_n200_dt0.0125_L4,S3,21.0,difference_paper_ale,rk4,200,0.0125,4.0,main,0.25,8001,0.006852937009626657,0.014601573738690476,6.853e-03 / 1.460e-02,C:\Users\msz\aca\Workspaces\hs_four_schemes_20260927\out\profiles\p21_difference_paper_ale_rk4_n200_dt0.0125_L4.npz,d4176a79c04d1a66cd78b9c785047ac4dde813d59126f198cf6e7eb7144ceec6,new
p21_difference_paper_ale_rk4_n200_dt0.0125_L4,S3,21.0,difference_paper_ale,rk4,200,0.0125,4.0,main,0.5,8001,0.012686188043676688,0.016208815975212787,1.269e-02 / 1.621e-02,C:\Users\msz\aca\Workspaces\hs_four_schemes_20260927\out\profiles\p21_difference_paper_ale_rk4_n200_dt0.0125_L4.npz,d4176a79c04d1a66cd78b9c785047ac4dde813d59126f198cf6e7eb7144ceec6,new
p21_difference_paper_ale_rk8_n400_dt0.003125_L4,S3,21.0,difference_paper_ale,rk8,400,0.003125,4.0,main,0.25,16001,0.0018171022273479748,0.003839129180040479,1.817e-03 / 3.839e-03,C:\Users\msz\aca\Workspaces\hs_four_schemes_20260927\out\profiles\p21_difference_paper_ale_rk8_n400_dt0.003125_L4.npz,f55c863bd07d5dc7dfb10a0b81f15140c764223ca6c7413aefa784eea4bcfadc,new
p21_difference_paper_ale_rk8_n400_dt0.003125_L4,S3,21.0,difference_paper_ale,rk8,400,0.003125,4.0,main,0.5,16001,0.0034489382340345126,0.004331840891094674,3.449e-03 / 4.332e-03,C:\Users\msz\aca\Workspaces\hs_four_schemes_20260927\out\profiles\p21_difference_paper_ale_rk8_n400_dt0.003125_L4.npz,f55c863bd07d5dc7dfb10a0b81f15140c764223ca6c7413aefa784eea4bcfadc,new
p21_difference_paper_ale_rk8_n200_dt0.0125_L4,S3,21.0,difference_paper_ale,rk8,200,0.0125,4.0,main,0.25,8001,0.0068529307946549115,0.014601575239249487,6.853e-03 / 1.460e-02,C:\Users\msz\aca\Workspaces\hs_four_schemes_20260927\out\profiles\p21_difference_paper_ale_rk8_n200_dt0.0125_L4.npz,e17a916a62c0c22656f0793163906ea496b608880599e5fa494836668aea3732,new
p21_difference_paper_ale_rk8_n200_dt0.0125_L4,S3,21.0,difference_paper_ale,rk8,200,0.0125,4.0,main,0.5,8001,0.012686173106669266,0.01620881856902756,1.269e-02 / 1.621e-02,C:\Users\msz\aca\Workspaces\hs_four_schemes_20260927\out\profiles\p21_difference_paper_ale_rk8_n200_dt0.0125_L4.npz,e17a916a62c0c22656f0793163906ea496b608880599e5fa494836668aea3732,new
p21_difference_fixed_euler_n400_dt0.003125_L4,S4,21.0,difference_fixed,euler,400,0.003125,4.0,main,0.25,16001,0.00014337180573673405,0.0012089436599933556,1.434e-04 / 1.209e-03,C:\Users\msz\aca\Workspaces\hs_waveform_atlas_20260927\out\profiles\p21_difference_fixed_euler_n400_dt0.003125_L4.npz,ab5a2cb006bd3d581a8682b1a3b435d6158969599bd6a5f562e8ffdd6e92caac,reused
p21_difference_fixed_euler_n400_dt0.003125_L4,S4,21.0,difference_fixed,euler,400,0.003125,4.0,main,0.5,16001,0.00015462342250716077,0.0014766478439576236,1.546e-04 / 1.477e-03,C:\Users\msz\aca\Workspaces\hs_waveform_atlas_20260927\out\profiles\p21_difference_fixed_euler_n400_dt0.003125_L4.npz,ab5a2cb006bd3d581a8682b1a3b435d6158969599bd6a5f562e8ffdd6e92caac,reused
p21_difference_fixed_euler_n200_dt0.0125_L4,S4,21.0,difference_fixed,euler,200,0.0125,4.0,main,0.25,8001,0.0005669066546441018,0.004764875938046975,5.669e-04 / 4.765e-03,C:\Users\msz\aca\Workspaces\hs_table_data_20260927\out\profiles\p21_difference_fixed_euler_n200_dt0.0125_L4.npz,168288d705875c37bd7254125eff91ecae9a8020704f29ee251243228650a40e,reused
p21_difference_fixed_euler_n200_dt0.0125_L4,S4,21.0,difference_fixed,euler,200,0.0125,4.0,main,0.5,8001,0.0006045141000529802,0.005585234094616531,6.045e-04 / 5.585e-03,C:\Users\msz\aca\Workspaces\hs_table_data_20260927\out\profiles\p21_difference_fixed_euler_n200_dt0.0125_L4.npz,168288d705875c37bd7254125eff91ecae9a8020704f29ee251243228650a40e,reused
p21_difference_fixed_heun_n400_dt0.003125_L4,S4,21.0,difference_fixed,heun,400,0.003125,4.0,main,0.25,16001,0.0001451343994901544,0.001225479770965321,1.451e-04 / 1.225e-03,C:\Users\msz\aca\Workspaces\hs_table_data_20260927\out\profiles\p21_difference_fixed_heun_n400_dt0.003125_L4.npz,d7c9e9395bf24be73a0b80c2d526d4126c1321b61fc51484151cb271573dc13b,reused
p21_difference_fixed_heun_n400_dt0.003125_L4,S4,21.0,difference_fixed,heun,400,0.003125,4.0,main,0.5,16001,0.0001590168777018952,0.0015120625435455226,1.590e-04 / 1.512e-03,C:\Users\msz\aca\Workspaces\hs_table_data_20260927\out\profiles\p21_difference_fixed_heun_n400_dt0.003125_L4.npz,d7c9e9395bf24be73a0b80c2d526d4126c1321b61fc51484151cb271573dc13b,reused
p21_difference_fixed_heun_n200_dt0.0125_L4,S4,21.0,difference_fixed,heun,200,0.0125,4.0,main,0.25,8001,0.0005718597546335927,0.0048300462036474645,5.719e-04 / 4.830e-03,C:\Users\msz\aca\Workspaces\hs_table_data_20260927\out\profiles\p21_difference_fixed_heun_n200_dt0.0125_L4.npz,c43d52b8671ea22d301e05134f6394395479bb351358a2818f987a888be25925,reused
p21_difference_fixed_heun_n200_dt0.0125_L4,S4,21.0,difference_fixed,heun,200,0.0125,4.0,main,0.5,8001,0.0006191626273071675,0.005720345621397005,6.192e-04 / 5.720e-03,C:\Users\msz\aca\Workspaces\hs_table_data_20260927\out\profiles\p21_difference_fixed_heun_n200_dt0.0125_L4.npz,c43d52b8671ea22d301e05134f6394395479bb351358a2818f987a888be25925,reused
p21_difference_fixed_rk4_n400_dt0.003125_L4,S4,21.0,difference_fixed,rk4,400,0.003125,4.0,main,0.25,16001,0.00014513709723492155,0.001225492795037697,1.451e-04 / 1.225e-03,C:\Users\msz\aca\Workspaces\hs_table_data_20260927\out\profiles\p21_difference_fixed_rk4_n400_dt0.003125_L4.npz,072a470030e601eb93247da68dd872ae7e16d7117af07fc86a777f91e83499ce,reused
p21_difference_fixed_rk4_n400_dt0.003125_L4,S4,21.0,difference_fixed,rk4,400,0.003125,4.0,main,0.5,16001,0.00015902254235716437,0.0015120889104002222,1.590e-04 / 1.512e-03,C:\Users\msz\aca\Workspaces\hs_table_data_20260927\out\profiles\p21_difference_fixed_rk4_n400_dt0.003125_L4.npz,072a470030e601eb93247da68dd872ae7e16d7117af07fc86a777f91e83499ce,reused
p21_difference_fixed_rk4_n200_dt0.0125_L4,S4,21.0,difference_fixed,rk4,200,0.0125,4.0,main,0.25,8001,0.000571955525888096,0.00483025115276936,5.720e-04 / 4.830e-03,C:\Users\msz\aca\Workspaces\hs_table_data_20260927\out\profiles\p21_difference_fixed_rk4_n200_dt0.0125_L4.npz,80e808924e6aa479264721b7b6c7fb5ecfd39f9d480ca918f9c4d3d5e95d9351,reused
p21_difference_fixed_rk4_n200_dt0.0125_L4,S4,21.0,difference_fixed,rk4,200,0.0125,4.0,main,0.5,8001,0.0006193564814988492,0.005720690204816359,6.194e-04 / 5.721e-03,C:\Users\msz\aca\Workspaces\hs_table_data_20260927\out\profiles\p21_difference_fixed_rk4_n200_dt0.0125_L4.npz,80e808924e6aa479264721b7b6c7fb5ecfd39f9d480ca918f9c4d3d5e95d9351,reused
p21_difference_fixed_rk8_n400_dt0.003125_L4,S4,21.0,difference_fixed,rk8,400,0.003125,4.0,main,0.25,16001,0.000145137097218917,0.0012254927950352545,1.451e-04 / 1.225e-03,C:\Users\msz\aca\Workspaces\hs_table_data_20260927\out\profiles\p21_difference_fixed_rk8_n400_dt0.003125_L4.npz,338f044d7515fa31395972d10e69d7f40ad6bf5a4566fa705351fb0e75ac3500,reused
p21_difference_fixed_rk8_n400_dt0.003125_L4,S4,21.0,difference_fixed,rk8,400,0.003125,4.0,main,0.5,16001,0.0001590225423268206,0.0015120889104077717,1.590e-04 / 1.512e-03,C:\Users\msz\aca\Workspaces\hs_table_data_20260927\out\profiles\p21_difference_fixed_rk8_n400_dt0.003125_L4.npz,338f044d7515fa31395972d10e69d7f40ad6bf5a4566fa705351fb0e75ac3500,reused
p21_difference_fixed_rk8_n200_dt0.0125_L4,S4,21.0,difference_fixed,rk8,200,0.0125,4.0,main,0.25,8001,0.0005719555112844929,0.004830251148119302,5.720e-04 / 4.830e-03,C:\Users\msz\aca\Workspaces\hs_table_data_20260927\out\profiles\p21_difference_fixed_rk8_n200_dt0.0125_L4.npz,658719eacf9b66c74d460c421b3026d13787ed1cab2321fe8878494fab5aa2e5,reused
p21_difference_fixed_rk8_n200_dt0.0125_L4,S4,21.0,difference_fixed,rk8,200,0.0125,4.0,main,0.5,8001,0.0006193564527212161,0.005720690209660373,6.194e-04 / 5.721e-03,C:\Users\msz\aca\Workspaces\hs_table_data_20260927\out\profiles\p21_difference_fixed_rk8_n200_dt0.0125_L4.npz,658719eacf9b66c74d460c421b3026d13787ed1cab2321fe8878494fab5aa2e5,reused
p22_integrable_original_euler_n400_dt0.003125_L4,S1,22.0,integrable_original,euler,400,0.003125,4.0,main,0.25,16001,0.0149532715792531,0.006595171198926053,1.495e-02 / 6.595e-03,C:\Users\msz\aca\Workspaces\hs_error_theory_20260926\out_v2\profiles\p22_integrable_original_euler_n400_dt0.003125_L4.npz,0fecc06b5680b719cb399f8930c31d57d6fc9cd3421cf3e8b22368345816015c,reused
p22_integrable_original_euler_n400_dt0.003125_L4,S1,22.0,integrable_original,euler,400,0.003125,4.0,main,0.5,16001,0.06312920287949482,0.016826976197703458,6.313e-02 / 1.683e-02,C:\Users\msz\aca\Workspaces\hs_error_theory_20260926\out_v2\profiles\p22_integrable_original_euler_n400_dt0.003125_L4.npz,0fecc06b5680b719cb399f8930c31d57d6fc9cd3421cf3e8b22368345816015c,reused
p22_integrable_original_euler_n400_dt0.0015625_L4,S1,22.0,integrable_original,euler,400,0.0015625,4.0,time_half,0.25,16001,0.015045120616543567,0.006605824779979896,1.505e-02 / 6.606e-03,C:\Users\msz\aca\Workspaces\hs_error_theory_20260926\out_v2\profiles\p22_integrable_original_euler_n400_dt0.0015625_L4.npz,58b95da9be3532559826549a1609c22b73ef0647c15d0bd1589ce669959bfe86,reused
p22_integrable_original_euler_n400_dt0.0015625_L4,S1,22.0,integrable_original,euler,400,0.0015625,4.0,time_half,0.5,16001,0.06352178082485314,0.016885270920895534,6.352e-02 / 1.689e-02,C:\Users\msz\aca\Workspaces\hs_error_theory_20260926\out_v2\profiles\p22_integrable_original_euler_n400_dt0.0015625_L4.npz,58b95da9be3532559826549a1609c22b73ef0647c15d0bd1589ce669959bfe86,reused
p22_integrable_original_euler_n200_dt0.0125_L4,S1,22.0,integrable_original,euler,200,0.0125,4.0,main,0.25,8001,0.03050207599644177,0.02265753349744476,3.050e-02 / 2.266e-02,C:\Users\msz\aca\Workspaces\hs_four_schemes_20260927\out\profiles\p22_integrable_original_euler_n200_dt0.0125_L4.npz,2fdd8fdced5ff18c0723642e1b3a6358b442f66beeb6b1006ff6c1e41078696c,new
p22_integrable_original_euler_n200_dt0.0125_L4,S1,22.0,integrable_original,euler,200,0.0125,4.0,main,0.5,8001,0.12887600462989865,0.03894529881478492,1.289e-01 / 3.895e-02,C:\Users\msz\aca\Workspaces\hs_four_schemes_20260927\out\profiles\p22_integrable_original_euler_n200_dt0.0125_L4.npz,2fdd8fdced5ff18c0723642e1b3a6358b442f66beeb6b1006ff6c1e41078696c,new
p22_integrable_original_euler_n200_dt0.00625_L4,S1,22.0,integrable_original,euler,200,0.00625,4.0,time_half,0.25,8001,0.031275982046713204,0.022758194329319692,3.128e-02 / 2.276e-02,C:\Users\msz\aca\Workspaces\hs_four_schemes_20260927\out\profiles\p22_integrable_original_euler_n200_dt0.00625_L4.npz,bcb8ac8676dfeb6003e6da2ac6adbeccfe9bcbb2d922c52596787ca52064d609,new
p22_integrable_original_euler_n200_dt0.00625_L4,S1,22.0,integrable_original,euler,200,0.00625,4.0,time_half,0.5,8001,0.13226799628385585,0.03949045047409494,1.323e-01 / 3.949e-02,C:\Users\msz\aca\Workspaces\hs_four_schemes_20260927\out\profiles\p22_integrable_original_euler_n200_dt0.00625_L4.npz,bcb8ac8676dfeb6003e6da2ac6adbeccfe9bcbb2d922c52596787ca52064d609,new
p22_integrable_original_heun_n400_dt0.003125_L4,S1,22.0,integrable_original,heun,400,0.003125,4.0,main,0.25,16001,0.01513717092948523,0.006616485729747434,1.514e-02 / 6.616e-03,C:\Users\msz\aca\Workspaces\hs_four_schemes_20260927\out\profiles\p22_integrable_original_heun_n400_dt0.003125_L4.npz,5572f5a86b727dceba288edf93c6660b947af201dcf7ed1af520ce70dc970b1c,new
p22_integrable_original_heun_n400_dt0.003125_L4,S1,22.0,integrable_original,heun,400,0.003125,4.0,main,0.5,16001,0.06391551292808619,0.016943667383932826,6.392e-02 / 1.694e-02,C:\Users\msz\aca\Workspaces\hs_four_schemes_20260927\out\profiles\p22_integrable_original_heun_n400_dt0.003125_L4.npz,5572f5a86b727dceba288edf93c6660b947af201dcf7ed1af520ce70dc970b1c,new
p22_integrable_original_heun_n400_dt0.0015625_L4,S1,22.0,integrable_original,heun,400,0.0015625,4.0,time_half,0.25,16001,0.015137535825532133,0.006616533596556284,1.514e-02 / 6.617e-03,C:\Users\msz\aca\Workspaces\hs_four_schemes_20260927\out\profiles\p22_integrable_original_heun_n400_dt0.0015625_L4.npz,8c550e16325bd338202e6e48a63d1892db7069eedad129178a272f4f98d06a54,new
p22_integrable_original_heun_n400_dt0.0015625_L4,S1,22.0,integrable_original,heun,400,0.0015625,4.0,time_half,0.5,16001,0.06391689272891046,0.016943829734720528,6.392e-02 / 1.694e-02,C:\Users\msz\aca\Workspaces\hs_four_schemes_20260927\out\profiles\p22_integrable_original_heun_n400_dt0.0015625_L4.npz,8c550e16325bd338202e6e48a63d1892db7069eedad129178a272f4f98d06a54,new
p22_integrable_original_heun_n200_dt0.0125_L4,S1,22.0,integrable_original,heun,200,0.0125,4.0,main,0.25,8001,0.03205586671696411,0.022859254561825526,3.206e-02 / 2.286e-02,C:\Users\msz\aca\Workspaces\hs_four_schemes_20260927\out\profiles\p22_integrable_original_heun_n200_dt0.0125_L4.npz,e8b08220b77de06c19356aea36aef03b61a0d9e6a456d9c47671259908841a6d,new
p22_integrable_original_heun_n200_dt0.0125_L4,S1,22.0,integrable_original,heun,200,0.0125,4.0,main,0.5,8001,0.1356996286012674,0.04003853248701705,1.357e-01 / 4.004e-02,C:\Users\msz\aca\Workspaces\hs_four_schemes_20260927\out\profiles\p22_integrable_original_heun_n200_dt0.0125_L4.npz,e8b08220b77de06c19356aea36aef03b61a0d9e6a456d9c47671259908841a6d,new
p22_integrable_original_heun_n200_dt0.00625_L4,S1,22.0,integrable_original,heun,200,0.00625,4.0,time_half,0.25,8001,0.03207035663039983,0.022860859388848076,3.207e-02 / 2.286e-02,C:\Users\msz\aca\Workspaces\hs_four_schemes_20260927\out\profiles\p22_integrable_original_heun_n200_dt0.00625_L4.npz,f096c4d30a098d0a6862aaa86918579c13dd484ee7826dffea21d760c2c53a46,new
p22_integrable_original_heun_n200_dt0.00625_L4,S1,22.0,integrable_original,heun,200,0.00625,4.0,time_half,0.5,8001,0.13575586307701515,0.040045159412340325,1.358e-01 / 4.005e-02,C:\Users\msz\aca\Workspaces\hs_four_schemes_20260927\out\profiles\p22_integrable_original_heun_n200_dt0.00625_L4.npz,f096c4d30a098d0a6862aaa86918579c13dd484ee7826dffea21d760c2c53a46,new
p22_integrable_original_rk4_n400_dt0.003125_L4,S1,22.0,integrable_original,rk4,400,0.003125,4.0,main,0.25,16001,0.015137657898455717,0.006616549555087559,1.514e-02 / 6.617e-03,C:\Users\msz\aca\Workspaces\hs_error_theory_20260926\out_v2\profiles\p22_integrable_original_rk4_n400_dt0.003125_L4.npz,68d82920b23361d2bc53a23c5a07cccdc9fea036caef0c9c5ec36dd10a9bc84a,reused
p22_integrable_original_rk4_n400_dt0.003125_L4,S1,22.0,integrable_original,rk4,400,0.003125,4.0,main,0.5,16001,0.06391735436191408,0.016943883868786536,6.392e-02 / 1.694e-02,C:\Users\msz\aca\Workspaces\hs_error_theory_20260926\out_v2\profiles\p22_integrable_original_rk4_n400_dt0.003125_L4.npz,68d82920b23361d2bc53a23c5a07cccdc9fea036caef0c9c5ec36dd10a9bc84a,reused
p22_integrable_original_rk4_n400_dt0.0015625_L4,S1,22.0,integrable_original,rk4,400,0.0015625,4.0,time_half,0.25,16001,0.015137657899048798,0.006616549554997464,1.514e-02 / 6.617e-03,C:\Users\msz\aca\Workspaces\hs_four_schemes_20260927\out\profiles\p22_integrable_original_rk4_n400_dt0.0015625_L4.npz,83b131730ad9c1b10863b738473118a47372977b88ad16f622de73002b59c128,new
p22_integrable_original_rk4_n400_dt0.0015625_L4,S1,22.0,integrable_original,rk4,400,0.0015625,4.0,time_half,0.5,16001,0.06391735436475213,0.016943883868396847,6.392e-02 / 1.694e-02,C:\Users\msz\aca\Workspaces\hs_four_schemes_20260927\out\profiles\p22_integrable_original_rk4_n400_dt0.0015625_L4.npz,83b131730ad9c1b10863b738473118a47372977b88ad16f622de73002b59c128,new
p22_integrable_original_rk4_n200_dt0.0125_L4,S1,22.0,integrable_original,rk4,200,0.0125,4.0,main,0.25,8001,0.03207526285968748,0.02286139718859681,3.208e-02 / 2.286e-02,C:\Users\msz\aca\Workspaces\hs_four_schemes_20260927\out\profiles\p22_integrable_original_rk4_n200_dt0.0125_L4.npz,efcaa11cf3d5bcf67c2676e242e712a74b35107709a320ff454805c42d878539,new
p22_integrable_original_rk4_n200_dt0.0125_L4,S1,22.0,integrable_original,rk4,200,0.0125,4.0,main,0.5,8001,0.13577489442139976,0.04004738213747461,1.358e-01 / 4.005e-02,C:\Users\msz\aca\Workspaces\hs_four_schemes_20260927\out\profiles\p22_integrable_original_rk4_n200_dt0.0125_L4.npz,efcaa11cf3d5bcf67c2676e242e712a74b35107709a320ff454805c42d878539,new
p22_integrable_original_rk4_n200_dt0.00625_L4,S1,22.0,integrable_original,rk4,200,0.00625,4.0,time_half,0.25,8001,0.03207526355378048,0.022861397181980492,3.208e-02 / 2.286e-02,C:\Users\msz\aca\Workspaces\hs_four_schemes_20260927\out\profiles\p22_integrable_original_rk4_n200_dt0.00625_L4.npz,01096ca33a8f806058b09a5aa4266ebc4608434986a1ebdceac91e2541337473,new
p22_integrable_original_rk4_n200_dt0.00625_L4,S1,22.0,integrable_original,rk4,200,0.00625,4.0,time_half,0.5,8001,0.1357748971199991,0.04004738213355474,1.358e-01 / 4.005e-02,C:\Users\msz\aca\Workspaces\hs_four_schemes_20260927\out\profiles\p22_integrable_original_rk4_n200_dt0.00625_L4.npz,01096ca33a8f806058b09a5aa4266ebc4608434986a1ebdceac91e2541337473,new
p22_integrable_original_rk8_n400_dt0.003125_L4,S1,22.0,integrable_original,rk8,400,0.003125,4.0,main,0.25,16001,0.015137657899088166,0.006616549554992857,1.514e-02 / 6.617e-03,C:\Users\msz\aca\Workspaces\hs_four_schemes_20260927\out\profiles\p22_integrable_original_rk8_n400_dt0.003125_L4.npz,fac902a83025b324c301d961aae6668df77ef9b5261bd2d0ee11edb78e7437e4,new
p22_integrable_original_rk8_n400_dt0.003125_L4,S1,22.0,integrable_original,rk8,400,0.003125,4.0,main,0.5,16001,0.06391735436494118,0.01694388386837231,6.392e-02 / 1.694e-02,C:\Users\msz\aca\Workspaces\hs_four_schemes_20260927\out\profiles\p22_integrable_original_rk8_n400_dt0.003125_L4.npz,fac902a83025b324c301d961aae6668df77ef9b5261bd2d0ee11edb78e7437e4,new
p22_integrable_original_rk8_n400_dt0.0015625_L4,S1,22.0,integrable_original,rk8,400,0.0015625,4.0,time_half,0.25,16001,0.015137657899088672,0.006616549554991413,1.514e-02 / 6.617e-03,C:\Users\msz\aca\Workspaces\hs_four_schemes_20260927\out\profiles\p22_integrable_original_rk8_n400_dt0.0015625_L4.npz,43f85ac064d65c694134e4ce22ab0acd6e180e603e7caef67221c20134d25b37,new
p22_integrable_original_rk8_n400_dt0.0015625_L4,S1,22.0,integrable_original,rk8,400,0.0015625,4.0,time_half,0.5,16001,0.0639173543649429,0.016943883868366316,6.392e-02 / 1.694e-02,C:\Users\msz\aca\Workspaces\hs_four_schemes_20260927\out\profiles\p22_integrable_original_rk8_n400_dt0.0015625_L4.npz,43f85ac064d65c694134e4ce22ab0acd6e180e603e7caef67221c20134d25b37,new
p22_integrable_original_rk8_n200_dt0.0125_L4,S1,22.0,integrable_original,rk8,200,0.0125,4.0,main,0.25,8001,0.03207526360070074,0.022861397181538734,3.208e-02 / 2.286e-02,C:\Users\msz\aca\Workspaces\hs_four_schemes_20260927\out\profiles\p22_integrable_original_rk8_n200_dt0.0125_L4.npz,8e51c2fe283e18986dcb173535ebf64f7133c9634834a55baf61d9b45263f1e2,new
p22_integrable_original_rk8_n200_dt0.0125_L4,S1,22.0,integrable_original,rk8,200,0.0125,4.0,main,0.5,8001,0.13577489730233241,0.04004738213331771,1.358e-01 / 4.005e-02,C:\Users\msz\aca\Workspaces\hs_four_schemes_20260927\out\profiles\p22_integrable_original_rk8_n200_dt0.0125_L4.npz,8e51c2fe283e18986dcb173535ebf64f7133c9634834a55baf61d9b45263f1e2,new
p22_integrable_original_rk8_n200_dt0.00625_L4,S1,22.0,integrable_original,rk8,200,0.00625,4.0,time_half,0.25,8001,0.032075263600700565,0.02286139718153879,3.208e-02 / 2.286e-02,C:\Users\msz\aca\Workspaces\hs_four_schemes_20260927\out\profiles\p22_integrable_original_rk8_n200_dt0.00625_L4.npz,1237f79b4e6b03f1fcabdf0bd729dd7cc0822de77113281bbb30cf3b2581c58a,new
p22_integrable_original_rk8_n200_dt0.00625_L4,S1,22.0,integrable_original,rk8,200,0.00625,4.0,time_half,0.5,8001,0.135774897302331,0.040047382133313936,1.358e-01 / 4.005e-02,C:\Users\msz\aca\Workspaces\hs_four_schemes_20260927\out\profiles\p22_integrable_original_rk8_n200_dt0.00625_L4.npz,1237f79b4e6b03f1fcabdf0bd729dd7cc0822de77113281bbb30cf3b2581c58a,new
p22_integrable_calibrated_euler_n400_dt0.003125_L4,S2,22.0,integrable_calibrated,euler,400,0.003125,4.0,main,0.25,16001,0.001995199469819159,0.00511543712611684,1.995e-03 / 5.115e-03,C:\Users\msz\aca\Workspaces\hs_error_theory_20260926\out_v2\profiles\p22_integrable_calibrated_euler_n400_dt0.003125_L4.npz,99293d8c0df904e43903f7e4618f0f66d10c5752adabbe540d3c797764826e4c,reused
p22_integrable_calibrated_euler_n400_dt0.003125_L4,S2,22.0,integrable_calibrated,euler,400,0.003125,4.0,main,0.5,16001,0.003825829490825131,0.005497346842636031,3.826e-03 / 5.497e-03,C:\Users\msz\aca\Workspaces\hs_error_theory_20260926\out_v2\profiles\p22_integrable_calibrated_euler_n400_dt0.003125_L4.npz,99293d8c0df904e43903f7e4618f0f66d10c5752adabbe540d3c797764826e4c,reused
p22_integrable_calibrated_euler_n400_dt0.0015625_L4,S2,22.0,integrable_calibrated,euler,400,0.0015625,4.0,time_half,0.25,16001,0.0020126887224223844,0.005112421424327107,2.013e-03 / 5.112e-03,C:\Users\msz\aca\Workspaces\hs_error_theory_20260926\out_v2\profiles\p22_integrable_calibrated_euler_n400_dt0.0015625_L4.npz,7005310615fb903c71f81d5afc9dc4204f3b5b09ef110bdf7f90e841b23d1f4d,reused
p22_integrable_calibrated_euler_n400_dt0.0015625_L4,S2,22.0,integrable_calibrated,euler,400,0.0015625,4.0,time_half,0.5,16001,0.003812634407791138,0.005494525873717626,3.813e-03 / 5.495e-03,C:\Users\msz\aca\Workspaces\hs_error_theory_20260926\out_v2\profiles\p22_integrable_calibrated_euler_n400_dt0.0015625_L4.npz,7005310615fb903c71f81d5afc9dc4204f3b5b09ef110bdf7f90e841b23d1f4d,reused
p22_integrable_calibrated_euler_n200_dt0.0125_L4,S2,22.0,integrable_calibrated,euler,200,0.0125,4.0,main,0.25,8001,0.007552943356773922,0.01997104894461499,7.553e-03 / 1.997e-02,C:\Users\msz\aca\Workspaces\hs_four_schemes_20260927\out\profiles\p22_integrable_calibrated_euler_n200_dt0.0125_L4.npz,cb62c9dbcb7c9d2f264d5b6fd62380147b3f7be9dd4f8fc3b384a716d4e65dd5,new
p22_integrable_calibrated_euler_n200_dt0.0125_L4,S2,22.0,integrable_calibrated,euler,200,0.0125,4.0,main,0.5,8001,0.014582786177500822,0.021276929853213167,1.458e-02 / 2.128e-02,C:\Users\msz\aca\Workspaces\hs_four_schemes_20260927\out\profiles\p22_integrable_calibrated_euler_n200_dt0.0125_L4.npz,cb62c9dbcb7c9d2f264d5b6fd62380147b3f7be9dd4f8fc3b384a716d4e65dd5,new
p22_integrable_calibrated_euler_n200_dt0.00625_L4,S2,22.0,integrable_calibrated,euler,200,0.00625,4.0,time_half,0.25,8001,0.007611388697296995,0.019968446433853537,7.611e-03 / 1.997e-02,C:\Users\msz\aca\Workspaces\hs_four_schemes_20260927\out\profiles\p22_integrable_calibrated_euler_n200_dt0.00625_L4.npz,c20ec0475302622f46138123f43fb2f7217178029882d895a54b1b7557f38331,new
p22_integrable_calibrated_euler_n200_dt0.00625_L4,S2,22.0,integrable_calibrated,euler,200,0.00625,4.0,time_half,0.5,8001,0.014835239757464598,0.021287337222027247,1.484e-02 / 2.129e-02,C:\Users\msz\aca\Workspaces\hs_four_schemes_20260927\out\profiles\p22_integrable_calibrated_euler_n200_dt0.00625_L4.npz,c20ec0475302622f46138123f43fb2f7217178029882d895a54b1b7557f38331,new
p22_integrable_calibrated_heun_n400_dt0.003125_L4,S2,22.0,integrable_calibrated,heun,400,0.003125,4.0,main,0.25,16001,0.0020301559163438676,0.005109405125974631,2.030e-03 / 5.109e-03,C:\Users\msz\aca\Workspaces\hs_four_schemes_20260927\out\profiles\p22_integrable_calibrated_heun_n400_dt0.003125_L4.npz,1a47e15ab5a5261bc7f1685c971a8fbf10dffdd4651e1102ee97f1985c8f2109,new
p22_integrable_calibrated_heun_n400_dt0.003125_L4,S2,22.0,integrable_calibrated,heun,400,0.003125,4.0,main,0.5,16001,0.0037993835761116757,0.005491770976264909,3.799e-03 / 5.492e-03,C:\Users\msz\aca\Workspaces\hs_four_schemes_20260927\out\profiles\p22_integrable_calibrated_heun_n400_dt0.003125_L4.npz,1a47e15ab5a5261bc7f1685c971a8fbf10dffdd4651e1102ee97f1985c8f2109,new
p22_integrable_calibrated_heun_n400_dt0.0015625_L4,S2,22.0,integrable_calibrated,heun,400,0.0015625,4.0,time_half,0.25,16001,0.002030189472493199,0.005109404620272928,2.030e-03 / 5.109e-03,C:\Users\msz\aca\Workspaces\hs_four_schemes_20260927\out\profiles\p22_integrable_calibrated_heun_n400_dt0.0015625_L4.npz,f3377e4b4f44ec58241ec117c6ed5326657a57129ce3ea5e61a4f4f72bbca78f,new
p22_integrable_calibrated_heun_n400_dt0.0015625_L4,S2,22.0,integrable_calibrated,heun,400,0.0015625,4.0,time_half,0.5,16001,0.003798925831355819,0.005491745955567229,3.799e-03 / 5.492e-03,C:\Users\msz\aca\Workspaces\hs_four_schemes_20260927\out\profiles\p22_integrable_calibrated_heun_n400_dt0.0015625_L4.npz,f3377e4b4f44ec58241ec117c6ed5326657a57129ce3ea5e61a4f4f72bbca78f,new
p22_integrable_calibrated_heun_n200_dt0.0125_L4,S2,22.0,integrable_calibrated,heun,200,0.0125,4.0,main,0.25,8001,0.007669521426956927,0.019965856082042988,7.670e-03 / 1.997e-02,C:\Users\msz\aca\Workspaces\hs_four_schemes_20260927\out\profiles\p22_integrable_calibrated_heun_n200_dt0.0125_L4.npz,9f1cb943cc37499bbcb12729f0385d78955b3b4a74bcbc2c3ecef43a53030960,new
p22_integrable_calibrated_heun_n200_dt0.0125_L4,S2,22.0,integrable_calibrated,heun,200,0.0125,4.0,main,0.5,8001,0.015090638933415843,0.021297680705615607,1.509e-02 / 2.130e-02,C:\Users\msz\aca\Workspaces\hs_four_schemes_20260927\out\profiles\p22_integrable_calibrated_heun_n200_dt0.0125_L4.npz,9f1cb943cc37499bbcb12729f0385d78955b3b4a74bcbc2c3ecef43a53030960,new
p22_integrable_calibrated_heun_n200_dt0.00625_L4,S2,22.0,integrable_calibrated,heun,200,0.00625,4.0,time_half,0.25,8001,0.007670102936086276,0.019965968941573375,7.670e-03 / 1.997e-02,C:\Users\msz\aca\Workspaces\hs_four_schemes_20260927\out\profiles\p22_integrable_calibrated_heun_n200_dt0.00625_L4.npz,09e6e6833bf1e91bf887216d111d92d76ee558c1ecd4355777accf5472919e05,new
p22_integrable_calibrated_heun_n200_dt0.00625_L4,S2,22.0,integrable_calibrated,heun,200,0.00625,4.0,time_half,0.5,8001,0.015088987721752583,0.02129756734362659,1.509e-02 / 2.130e-02,C:\Users\msz\aca\Workspaces\hs_four_schemes_20260927\out\profiles\p22_integrable_calibrated_heun_n200_dt0.00625_L4.npz,09e6e6833bf1e91bf887216d111d92d76ee558c1ecd4355777accf5472919e05,new
p22_integrable_calibrated_rk4_n400_dt0.003125_L4,S2,22.0,integrable_calibrated,rk4,400,0.003125,4.0,main,0.25,16001,0.0020302006607760548,0.0051094044181588805,2.030e-03 / 5.109e-03,C:\Users\msz\aca\Workspaces\hs_error_theory_20260926\out_v2\profiles\p22_integrable_calibrated_rk4_n400_dt0.003125_L4.npz,91ee083b3390802f9f75288d11acf1651f175ac56e0ff3fe1cec5b2025020b03,reused
p22_integrable_calibrated_rk4_n400_dt0.003125_L4,S2,22.0,integrable_calibrated,rk4,400,0.003125,4.0,main,0.5,16001,0.0037987725621400916,0.005491737540472219,3.799e-03 / 5.492e-03,C:\Users\msz\aca\Workspaces\hs_error_theory_20260926\out_v2\profiles\p22_integrable_calibrated_rk4_n400_dt0.003125_L4.npz,91ee083b3390802f9f75288d11acf1651f175ac56e0ff3fe1cec5b2025020b03,reused
p22_integrable_calibrated_rk4_n400_dt0.0015625_L4,S2,22.0,integrable_calibrated,rk4,400,0.0015625,4.0,time_half,0.25,16001,0.0020302006607837153,0.0051094044180196585,2.030e-03 / 5.109e-03,C:\Users\msz\aca\Workspaces\hs_four_schemes_20260927\out\profiles\p22_integrable_calibrated_rk4_n400_dt0.0015625_L4.npz,aa124c23fab94c2c4e7981eeb10a950d58cc972bfe18de2c2c17fcc042c26132,new
p22_integrable_calibrated_rk4_n400_dt0.0015625_L4,S2,22.0,integrable_calibrated,rk4,400,0.0015625,4.0,time_half,0.5,16001,0.003798772558576837,0.005491737540194608,3.799e-03 / 5.492e-03,C:\Users\msz\aca\Workspaces\hs_four_schemes_20260927\out\profiles\p22_integrable_calibrated_rk4_n400_dt0.0015625_L4.npz,aa124c23fab94c2c4e7981eeb10a950d58cc972bfe18de2c2c17fcc042c26132,new
p22_integrable_calibrated_rk4_n200_dt0.0125_L4,S2,22.0,integrable_calibrated,rk4,200,0.0125,4.0,main,0.25,8001,0.007670297152028466,0.019966004885787425,7.670e-03 / 1.997e-02,C:\Users\msz\aca\Workspaces\hs_four_schemes_20260927\out\profiles\p22_integrable_calibrated_rk4_n200_dt0.0125_L4.npz,7f86eb0189985f8093b819677f4f9e3ef2fca5704d72a9e0d61f85eb4f7f4c31,new
p22_integrable_calibrated_rk4_n200_dt0.0125_L4,S2,22.0,integrable_calibrated,rk4,200,0.0125,4.0,main,0.5,8001,0.015088422353844914,0.021297525707776876,1.509e-02 / 2.130e-02,C:\Users\msz\aca\Workspaces\hs_four_schemes_20260927\out\profiles\p22_integrable_calibrated_rk4_n200_dt0.0125_L4.npz,7f86eb0189985f8093b819677f4f9e3ef2fca5704d72a9e0d61f85eb4f7f4c31,new
p22_integrable_calibrated_rk4_n200_dt0.00625_L4,S2,22.0,integrable_calibrated,rk4,200,0.00625,4.0,time_half,0.25,8001,0.007670297155033923,0.0199660048530238,7.670e-03 / 1.997e-02,C:\Users\msz\aca\Workspaces\hs_four_schemes_20260927\out\profiles\p22_integrable_calibrated_rk4_n200_dt0.00625_L4.npz,591bbf7ec8d681fc1450b828cc2b41de6ef3806fb6d153f9df3a9d03e3332b77,new
p22_integrable_calibrated_rk4_n200_dt0.00625_L4,S2,22.0,integrable_calibrated,rk4,200,0.00625,4.0,time_half,0.5,8001,0.015088421758728553,0.02129752564318943,1.509e-02 / 2.130e-02,C:\Users\msz\aca\Workspaces\hs_four_schemes_20260927\out\profiles\p22_integrable_calibrated_rk4_n200_dt0.00625_L4.npz,591bbf7ec8d681fc1450b828cc2b41de6ef3806fb6d153f9df3a9d03e3332b77,new
p22_integrable_calibrated_rk8_n400_dt0.003125_L4,S2,22.0,integrable_calibrated,rk8,400,0.003125,4.0,main,0.25,16001,0.0020302006607841316,0.005109404418009111,2.030e-03 / 5.109e-03,C:\Users\msz\aca\Workspaces\hs_four_schemes_20260927\out\profiles\p22_integrable_calibrated_rk8_n400_dt0.003125_L4.npz,b48c168feccf465b42c19260bf4b2865597956374deff82d7d235ce3adb7b004,new
p22_integrable_calibrated_rk8_n400_dt0.003125_L4,S2,22.0,integrable_calibrated,rk8,400,0.003125,4.0,main,0.5,16001,0.003798772558340295,0.005491737540175179,3.799e-03 / 5.492e-03,C:\Users\msz\aca\Workspaces\hs_four_schemes_20260927\out\profiles\p22_integrable_calibrated_rk8_n400_dt0.003125_L4.npz,b48c168feccf465b42c19260bf4b2865597956374deff82d7d235ce3adb7b004,new
p22_integrable_calibrated_rk8_n400_dt0.0015625_L4,S2,22.0,integrable_calibrated,rk8,400,0.0015625,4.0,time_half,0.25,16001,0.002030200660784187,0.005109404418007724,2.030e-03 / 5.109e-03,C:\Users\msz\aca\Workspaces\hs_four_schemes_20260927\out\profiles\p22_integrable_calibrated_rk8_n400_dt0.0015625_L4.npz,3e726fff53f6bea98f9d47d8b2d8f2773dc6cb8d326a969a3a44ac3a75c99cb7,new
p22_integrable_calibrated_rk8_n400_dt0.0015625_L4,S2,22.0,integrable_calibrated,rk8,400,0.0015625,4.0,time_half,0.5,16001,0.0037987725583397357,0.005491737540176234,3.799e-03 / 5.492e-03,C:\Users\msz\aca\Workspaces\hs_four_schemes_20260927\out\profiles\p22_integrable_calibrated_rk8_n400_dt0.0015625_L4.npz,3e726fff53f6bea98f9d47d8b2d8f2773dc6cb8d326a969a3a44ac3a75c99cb7,new
p22_integrable_calibrated_rk8_n200_dt0.0125_L4,S2,22.0,integrable_calibrated,rk8,200,0.0125,4.0,main,0.25,8001,0.007670297155234068,0.019966004850835717,7.670e-03 / 1.997e-02,C:\Users\msz\aca\Workspaces\hs_four_schemes_20260927\out\profiles\p22_integrable_calibrated_rk8_n200_dt0.0125_L4.npz,27746ffa50c367fb0b4e856ef2dd424ace43fe10eadebc448a7df7b54fcef834,new
p22_integrable_calibrated_rk8_n200_dt0.0125_L4,S2,22.0,integrable_calibrated,rk8,200,0.0125,4.0,main,0.5,8001,0.015088421718854491,0.021297525638873382,1.509e-02 / 2.130e-02,C:\Users\msz\aca\Workspaces\hs_four_schemes_20260927\out\profiles\p22_integrable_calibrated_rk8_n200_dt0.0125_L4.npz,27746ffa50c367fb0b4e856ef2dd424ace43fe10eadebc448a7df7b54fcef834,new
p22_integrable_calibrated_rk8_n200_dt0.00625_L4,S2,22.0,integrable_calibrated,rk8,200,0.00625,4.0,time_half,0.25,8001,0.007670297155233957,0.01996600485083322,7.670e-03 / 1.997e-02,C:\Users\msz\aca\Workspaces\hs_four_schemes_20260927\out\profiles\p22_integrable_calibrated_rk8_n200_dt0.00625_L4.npz,fb2fa7704acd8682124abed026012da15dcf1616ea3329d3b1d444631a2cb535,new
p22_integrable_calibrated_rk8_n200_dt0.00625_L4,S2,22.0,integrable_calibrated,rk8,200,0.00625,4.0,time_half,0.5,8001,0.015088421718854196,0.021297525638871162,1.509e-02 / 2.130e-02,C:\Users\msz\aca\Workspaces\hs_four_schemes_20260927\out\profiles\p22_integrable_calibrated_rk8_n200_dt0.00625_L4.npz,fb2fa7704acd8682124abed026012da15dcf1616ea3329d3b1d444631a2cb535,new
p22_difference_paper_ale_euler_n400_dt0.003125_L4,S3,22.0,difference_paper_ale,euler,400,0.003125,4.0,main,0.25,16001,0.0023857018761357165,0.004312254795479475,2.386e-03 / 4.312e-03,C:\Users\msz\aca\Workspaces\hs_four_schemes_20260927\out\profiles\p22_difference_paper_ale_euler_n400_dt0.003125_L4.npz,cd3cdeb4c3c7fc863475112ee35c2da3f8b305cfa0fb1e8dc550dafd767f325f,new
p22_difference_paper_ale_euler_n400_dt0.003125_L4,S3,22.0,difference_paper_ale,euler,400,0.003125,4.0,main,0.5,16001,0.0040696905737275454,0.0049495686540267925,4.070e-03 / 4.950e-03,C:\Users\msz\aca\Workspaces\hs_four_schemes_20260927\out\profiles\p22_difference_paper_ale_euler_n400_dt0.003125_L4.npz,cd3cdeb4c3c7fc863475112ee35c2da3f8b305cfa0fb1e8dc550dafd767f325f,new
p22_difference_paper_ale_euler_n400_dt0.0015625_L4,S3,22.0,difference_paper_ale,euler,400,0.0015625,4.0,time_half,0.25,16001,0.0022163309138272386,0.004302444819729412,2.216e-03 / 4.302e-03,C:\Users\msz\aca\Workspaces\hs_four_schemes_20260927\out\profiles\p22_difference_paper_ale_euler_n400_dt0.0015625_L4.npz,76978e32d8e15a06ccd51d4dba8af00f2d322eabc92e187e111c33e28905c9ab,new
p22_difference_paper_ale_euler_n400_dt0.0015625_L4,S3,22.0,difference_paper_ale,euler,400,0.0015625,4.0,time_half,0.5,16001,0.003982190756063937,0.004868022977153108,3.982e-03 / 4.868e-03,C:\Users\msz\aca\Workspaces\hs_four_schemes_20260927\out\profiles\p22_difference_paper_ale_euler_n400_dt0.0015625_L4.npz,76978e32d8e15a06ccd51d4dba8af00f2d322eabc92e187e111c33e28905c9ab,new
p22_difference_paper_ale_euler_n200_dt0.0125_L4,S3,22.0,difference_paper_ale,euler,200,0.0125,4.0,main,0.25,8001,0.008834081001536709,0.01643854986048021,8.834e-03 / 1.644e-02,C:\Users\msz\aca\Workspaces\hs_four_schemes_20260927\out\profiles\p22_difference_paper_ale_euler_n200_dt0.0125_L4.npz,e5a9f95d44dff90480c0dab4e9e1f00e246ff4dadd2ac9b86d4bb6817aca2525,new
p22_difference_paper_ale_euler_n200_dt0.0125_L4,S3,22.0,difference_paper_ale,euler,200,0.0125,4.0,main,0.5,8001,0.01528033454384941,0.018105586520220318,1.528e-02 / 1.811e-02,C:\Users\msz\aca\Workspaces\hs_four_schemes_20260927\out\profiles\p22_difference_paper_ale_euler_n200_dt0.0125_L4.npz,e5a9f95d44dff90480c0dab4e9e1f00e246ff4dadd2ac9b86d4bb6817aca2525,new
p22_difference_paper_ale_euler_n200_dt0.00625_L4,S3,22.0,difference_paper_ale,euler,200,0.00625,4.0,time_half,0.25,8001,0.008226714166781515,0.01643826347550048,8.227e-03 / 1.644e-02,C:\Users\msz\aca\Workspaces\hs_four_schemes_20260927\out\profiles\p22_difference_paper_ale_euler_n200_dt0.00625_L4.npz,13cd22c8b784f6485d4f7bfdcb6a403deac73ff9db44bfc830f58bcbb20b7126,new
p22_difference_paper_ale_euler_n200_dt0.00625_L4,S3,22.0,difference_paper_ale,euler,200,0.00625,4.0,time_half,0.5,8001,0.014777008326013759,0.017736643476444325,1.478e-02 / 1.774e-02,C:\Users\msz\aca\Workspaces\hs_four_schemes_20260927\out\profiles\p22_difference_paper_ale_euler_n200_dt0.00625_L4.npz,13cd22c8b784f6485d4f7bfdcb6a403deac73ff9db44bfc830f58bcbb20b7126,new
p22_difference_paper_ale_heun_n400_dt0.003125_L4,S3,22.0,difference_paper_ale,heun,400,0.003125,4.0,main,0.25,16001,0.0020464117359570294,0.0042932449098447845,2.046e-03 / 4.293e-03,C:\Users\msz\aca\Workspaces\hs_four_schemes_20260927\out\profiles\p22_difference_paper_ale_heun_n400_dt0.003125_L4.npz,eaf1cd97b6d0d5a596bf5ee47f997ac12c554da47cce36235f42a2ec7c828a6b,new
p22_difference_paper_ale_heun_n400_dt0.003125_L4,S3,22.0,difference_paper_ale,heun,400,0.003125,4.0,main,0.5,16001,0.003890658731128614,0.004788238494529862,3.891e-03 / 4.788e-03,C:\Users\msz\aca\Workspaces\hs_four_schemes_20260927\out\profiles\p22_difference_paper_ale_heun_n400_dt0.003125_L4.npz,eaf1cd97b6d0d5a596bf5ee47f997ac12c554da47cce36235f42a2ec7c828a6b,new
p22_difference_paper_ale_heun_n400_dt0.0015625_L4,S3,22.0,difference_paper_ale,heun,400,0.0015625,4.0,time_half,0.25,16001,0.0020483363345614528,0.004292613758382358,2.048e-03 / 4.293e-03,C:\Users\msz\aca\Workspaces\hs_four_schemes_20260927\out\profiles\p22_difference_paper_ale_heun_n400_dt0.0015625_L4.npz,c32624bf7c188a3960b59d55e073fef874637549a11f87b0eae7ce9a389cf175,new
p22_difference_paper_ale_heun_n400_dt0.0015625_L4,S3,22.0,difference_paper_ale,heun,400,0.0015625,4.0,time_half,0.5,16001,0.003894897568156773,0.0047875403085105295,3.895e-03 / 4.788e-03,C:\Users\msz\aca\Workspaces\hs_four_schemes_20260927\out\profiles\p22_difference_paper_ale_heun_n400_dt0.0015625_L4.npz,c32624bf7c188a3960b59d55e073fef874637549a11f87b0eae7ce9a389cf175,new
p22_difference_paper_ale_heun_n200_dt0.0125_L4,S3,22.0,difference_paper_ale,heun,200,0.0125,4.0,main,0.25,8001,0.0076120655689965455,0.016444359554682264,7.612e-03 / 1.644e-02,C:\Users\msz\aca\Workspaces\hs_four_schemes_20260927\out\profiles\p22_difference_paper_ale_heun_n200_dt0.0125_L4.npz,15f6d50a0cf966d9a12cde38b2455b650b5b09d5fdc5b226c4773b55b1a4429f,new
p22_difference_paper_ale_heun_n200_dt0.0125_L4,S3,22.0,difference_paper_ale,heun,200,0.0125,4.0,main,0.5,8001,0.01422796689266987,0.017395824332741894,1.423e-02 / 1.740e-02,C:\Users\msz\aca\Workspaces\hs_four_schemes_20260927\out\profiles\p22_difference_paper_ale_heun_n200_dt0.0125_L4.npz,15f6d50a0cf966d9a12cde38b2455b650b5b09d5fdc5b226c4773b55b1a4429f,new
p22_difference_paper_ale_heun_n200_dt0.00625_L4,S3,22.0,difference_paper_ale,heun,200,0.00625,4.0,time_half,0.25,8001,0.0076359843926755155,0.016437439004685972,7.636e-03 / 1.644e-02,C:\Users\msz\aca\Workspaces\hs_four_schemes_20260927\out\profiles\p22_difference_paper_ale_heun_n200_dt0.00625_L4.npz,003ee995fc6502ba644e1ce1db7d46e93b5a3aa8f580a8b647e97f419ce79482,new
p22_difference_paper_ale_heun_n200_dt0.00625_L4,S3,22.0,difference_paper_ale,heun,200,0.00625,4.0,time_half,0.5,8001,0.014285231571374256,0.017382904365685625,1.429e-02 / 1.738e-02,C:\Users\msz\aca\Workspaces\hs_four_schemes_20260927\out\profiles\p22_difference_paper_ale_heun_n200_dt0.00625_L4.npz,003ee995fc6502ba644e1ce1db7d46e93b5a3aa8f580a8b647e97f419ce79482,new
p22_difference_paper_ale_rk4_n400_dt0.003125_L4,S3,22.0,difference_paper_ale,rk4,400,0.003125,4.0,main,0.25,16001,0.0020489816059553745,0.004292403813314527,2.049e-03 / 4.292e-03,C:\Users\msz\aca\Workspaces\hs_four_schemes_20260927\out\profiles\p22_difference_paper_ale_rk4_n400_dt0.003125_L4.npz,87e6c736d89e0a44cf7c871ba54004157b5d8c9a231a69a961ef46857a8be519,new
p22_difference_paper_ale_rk4_n400_dt0.003125_L4,S3,22.0,difference_paper_ale,rk4,400,0.003125,4.0,main,0.5,16001,0.0038963117402609562,0.004787309493030245,3.896e-03 / 4.787e-03,C:\Users\msz\aca\Workspaces\hs_four_schemes_20260927\out\profiles\p22_difference_paper_ale_rk4_n400_dt0.003125_L4.npz,87e6c736d89e0a44cf7c871ba54004157b5d8c9a231a69a961ef46857a8be519,new
p22_difference_paper_ale_rk4_n400_dt0.0015625_L4,S3,22.0,difference_paper_ale,rk4,400,0.0015625,4.0,time_half,0.25,16001,0.0020489815755433474,0.004292403822498625,2.049e-03 / 4.292e-03,C:\Users\msz\aca\Workspaces\hs_four_schemes_20260927\out\profiles\p22_difference_paper_ale_rk4_n400_dt0.0015625_L4.npz,69996cc5b0abef7ed771a0010b412ce42076f679d4d361289ea401addd668c93,new
p22_difference_paper_ale_rk4_n400_dt0.0015625_L4,S3,22.0,difference_paper_ale,rk4,400,0.0015625,4.0,time_half,0.5,16001,0.0038963116733353315,0.00478730950212819,3.896e-03 / 4.787e-03,C:\Users\msz\aca\Workspaces\hs_four_schemes_20260927\out\profiles\p22_difference_paper_ale_rk4_n400_dt0.0015625_L4.npz,69996cc5b0abef7ed771a0010b412ce42076f679d4d361289ea401addd668c93,new
p22_difference_paper_ale_rk4_n200_dt0.0125_L4,S3,22.0,difference_paper_ale,rk4,200,0.0125,4.0,main,0.25,8001,0.0076441663165498636,0.016435145129441053,7.644e-03 / 1.644e-02,C:\Users\msz\aca\Workspaces\hs_four_schemes_20260927\out\profiles\p22_difference_paper_ale_rk4_n200_dt0.0125_L4.npz,6330b9e8713993a960b782070fd9b0694a1892c6a9480900bddb2db0df783138,new
p22_difference_paper_ale_rk4_n200_dt0.0125_L4,S3,22.0,difference_paper_ale,rk4,200,0.0125,4.0,main,0.5,8001,0.014304468587744708,0.01737870314207124,1.430e-02 / 1.738e-02,C:\Users\msz\aca\Workspaces\hs_four_schemes_20260927\out\profiles\p22_difference_paper_ale_rk4_n200_dt0.0125_L4.npz,6330b9e8713993a960b782070fd9b0694a1892c6a9480900bddb2db0df783138,new
p22_difference_paper_ale_rk4_n200_dt0.00625_L4,S3,22.0,difference_paper_ale,rk4,200,0.00625,4.0,time_half,0.25,8001,0.007644160374387261,0.016435146715513216,7.644e-03 / 1.644e-02,C:\Users\msz\aca\Workspaces\hs_four_schemes_20260927\out\profiles\p22_difference_paper_ale_rk4_n200_dt0.00625_L4.npz,80ad30aecce8fa57a74f9a8e4fdffdb7be5b5c8f0465e886f978f56f216d62a6,new
p22_difference_paper_ale_rk4_n200_dt0.00625_L4,S3,22.0,difference_paper_ale,rk4,200,0.00625,4.0,time_half,0.5,8001,0.014304454221035066,0.017378705969243735,1.430e-02 / 1.738e-02,C:\Users\msz\aca\Workspaces\hs_four_schemes_20260927\out\profiles\p22_difference_paper_ale_rk4_n200_dt0.00625_L4.npz,80ad30aecce8fa57a74f9a8e4fdffdb7be5b5c8f0465e886f978f56f216d62a6,new
p22_difference_paper_ale_rk8_n400_dt0.003125_L4,S3,22.0,difference_paper_ale,rk8,400,0.003125,4.0,main,0.25,16001,0.002048981573503715,0.004292403823110302,2.049e-03 / 4.292e-03,C:\Users\msz\aca\Workspaces\hs_four_schemes_20260927\out\profiles\p22_difference_paper_ale_rk8_n400_dt0.003125_L4.npz,dc1e38eddd8f1923e5431c4cd280970adf2528c1ae8a7f5fe127e5d1947ceabe,new
p22_difference_paper_ale_rk8_n400_dt0.003125_L4,S3,22.0,difference_paper_ale,rk8,400,0.003125,4.0,main,0.5,16001,0.0038963116688701185,0.004787309502728321,3.896e-03 / 4.787e-03,C:\Users\msz\aca\Workspaces\hs_four_schemes_20260927\out\profiles\p22_difference_paper_ale_rk8_n400_dt0.003125_L4.npz,dc1e38eddd8f1923e5431c4cd280970adf2528c1ae8a7f5fe127e5d1947ceabe,new
p22_difference_paper_ale_rk8_n400_dt0.0015625_L4,S3,22.0,difference_paper_ale,rk8,400,0.0015625,4.0,time_half,0.25,16001,0.0020489815735096756,0.004292403823109969,2.049e-03 / 4.292e-03,C:\Users\msz\aca\Workspaces\hs_four_schemes_20260927\out\profiles\p22_difference_paper_ale_rk8_n400_dt0.0015625_L4.npz,511c8d41254422d78ca22df388e85b91fdef8cab6b4a0ab804cb1fbf41b57927,new
p22_difference_paper_ale_rk8_n400_dt0.0015625_L4,S3,22.0,difference_paper_ale,rk8,400,0.0015625,4.0,time_half,0.5,16001,0.0038963116688637903,0.004787309502729431,3.896e-03 / 4.787e-03,C:\Users\msz\aca\Workspaces\hs_four_schemes_20260927\out\profiles\p22_difference_paper_ale_rk8_n400_dt0.0015625_L4.npz,511c8d41254422d78ca22df388e85b91fdef8cab6b4a0ab804cb1fbf41b57927,new
p22_difference_paper_ale_rk8_n200_dt0.0125_L4,S3,22.0,difference_paper_ale,rk8,200,0.0125,4.0,main,0.25,8001,0.007644159970124284,0.016435146820686475,7.644e-03 / 1.644e-02,C:\Users\msz\aca\Workspaces\hs_four_schemes_20260927\out\profiles\p22_difference_paper_ale_rk8_n200_dt0.0125_L4.npz,f163d7b1351548ad290a2b5f78446f36627fa26aec04eb9234d5c955d6888031,new
p22_difference_paper_ale_rk8_n200_dt0.0125_L4,S3,22.0,difference_paper_ale,rk8,200,0.0125,4.0,main,0.5,8001,0.014304453257455114,0.017378706153215406,1.430e-02 / 1.738e-02,C:\Users\msz\aca\Workspaces\hs_four_schemes_20260927\out\profiles\p22_difference_paper_ale_rk8_n200_dt0.0125_L4.npz,f163d7b1351548ad290a2b5f78446f36627fa26aec04eb9234d5c955d6888031,new
p22_difference_paper_ale_rk8_n200_dt0.00625_L4,S3,22.0,difference_paper_ale,rk8,200,0.00625,4.0,time_half,0.25,8001,0.007644159970125332,0.016435146820686697,7.644e-03 / 1.644e-02,C:\Users\msz\aca\Workspaces\hs_four_schemes_20260927\out\profiles\p22_difference_paper_ale_rk8_n200_dt0.00625_L4.npz,36e605fa71f4854017bde37cb9d8c74b3e2c3c40f53700f418abd1c83bf9d751,new
p22_difference_paper_ale_rk8_n200_dt0.00625_L4,S3,22.0,difference_paper_ale,rk8,200,0.00625,4.0,time_half,0.5,8001,0.014304453257455906,0.01737870615321524,1.430e-02 / 1.738e-02,C:\Users\msz\aca\Workspaces\hs_four_schemes_20260927\out\profiles\p22_difference_paper_ale_rk8_n200_dt0.00625_L4.npz,36e605fa71f4854017bde37cb9d8c74b3e2c3c40f53700f418abd1c83bf9d751,new
p22_difference_fixed_euler_n400_dt0.003125_L4,S4,22.0,difference_fixed,euler,400,0.003125,4.0,main,0.25,16001,0.00015271570906415927,0.001339954915635655,1.527e-04 / 1.340e-03,C:\Users\msz\aca\Workspaces\hs_error_theory_20260926\out_v2\profiles\p22_difference_fixed_euler_n400_dt0.003125_L4.npz,72cbf2f5627a53aeb0667cfe3ed304c4ec0f020e6ad8d839a83f5656af5b3dca,reused
p22_difference_fixed_euler_n400_dt0.003125_L4,S4,22.0,difference_fixed,euler,400,0.003125,4.0,main,0.5,16001,0.0001653364783190739,0.0016376478840863795,1.653e-04 / 1.638e-03,C:\Users\msz\aca\Workspaces\hs_error_theory_20260926\out_v2\profiles\p22_difference_fixed_euler_n400_dt0.003125_L4.npz,72cbf2f5627a53aeb0667cfe3ed304c4ec0f020e6ad8d839a83f5656af5b3dca,reused
p22_difference_fixed_euler_n400_dt0.0015625_L4,S4,22.0,difference_fixed,euler,400,0.0015625,4.0,time_half,0.25,16001,0.00015356793148939285,0.0013483964627269973,1.536e-04 / 1.348e-03,C:\Users\msz\aca\Workspaces\hs_error_theory_20260926\out_v2\profiles\p22_difference_fixed_euler_n400_dt0.0015625_L4.npz,e94b926588f9fcddd2d28f7a76d6d1e54a3e24c987c1f87e801628790a788547,reused
p22_difference_fixed_euler_n400_dt0.0015625_L4,S4,22.0,difference_fixed,euler,400,0.0015625,4.0,time_half,0.5,16001,0.0001675106249048354,0.00165541693207516,1.675e-04 / 1.655e-03,C:\Users\msz\aca\Workspaces\hs_error_theory_20260926\out_v2\profiles\p22_difference_fixed_euler_n400_dt0.0015625_L4.npz,e94b926588f9fcddd2d28f7a76d6d1e54a3e24c987c1f87e801628790a788547,reused
p22_difference_fixed_euler_n200_dt0.0125_L4,S4,22.0,difference_fixed,euler,200,0.0125,4.0,main,0.25,8001,0.0006075805297595036,0.005279035290770229,6.076e-04 / 5.279e-03,C:\Users\msz\aca\Workspaces\hs_table_data_20260927\out\profiles\p22_difference_fixed_euler_n200_dt0.0125_L4.npz,7721afe8dfee08c27400193b998cfc672557fc3ab76feeaaac11b5f045626c7b,reused
p22_difference_fixed_euler_n200_dt0.0125_L4,S4,22.0,difference_fixed,euler,200,0.0125,4.0,main,0.5,8001,0.0006537925529801134,0.006343949329331133,6.538e-04 / 6.344e-03,C:\Users\msz\aca\Workspaces\hs_table_data_20260927\out\profiles\p22_difference_fixed_euler_n200_dt0.0125_L4.npz,7721afe8dfee08c27400193b998cfc672557fc3ab76feeaaac11b5f045626c7b,reused
p22_difference_fixed_euler_n200_dt0.00625_L4,S4,22.0,difference_fixed,euler,200,0.00625,4.0,time_half,0.25,8001,0.0006098849733094901,0.0053122641825595895,6.099e-04 / 5.312e-03,C:\Users\msz\aca\Workspaces\hs_table_data_20260927\out\profiles\p22_difference_fixed_euler_n200_dt0.00625_L4.npz,49b6ac8c912878a14175acb5956886e895f5fdf21efc933dc57062fa885760a0,reused
p22_difference_fixed_euler_n200_dt0.00625_L4,S4,22.0,difference_fixed,euler,200,0.00625,4.0,time_half,0.5,8001,0.0006542528977308559,0.006414073376422191,6.543e-04 / 6.414e-03,C:\Users\msz\aca\Workspaces\hs_table_data_20260927\out\profiles\p22_difference_fixed_euler_n200_dt0.00625_L4.npz,49b6ac8c912878a14175acb5956886e895f5fdf21efc933dc57062fa885760a0,reused
p22_difference_fixed_heun_n400_dt0.003125_L4,S4,22.0,difference_fixed,heun,400,0.003125,4.0,main,0.25,16001,0.0001544199421934997,0.0013568310978155917,1.544e-04 / 1.357e-03,C:\Users\msz\aca\Workspaces\hs_table_data_20260927\out\profiles\p22_difference_fixed_heun_n400_dt0.003125_L4.npz,bf5a391f8d933b77779cf6fe808f498ee82ff89a674ffd016a46b9790342b104,reused
p22_difference_fixed_heun_n400_dt0.003125_L4,S4,22.0,difference_fixed,heun,400,0.003125,4.0,main,0.5,16001,0.00016968149747354291,0.001673174671657951,1.697e-04 / 1.673e-03,C:\Users\msz\aca\Workspaces\hs_table_data_20260927\out\profiles\p22_difference_fixed_heun_n400_dt0.003125_L4.npz,bf5a391f8d933b77779cf6fe808f498ee82ff89a674ffd016a46b9790342b104,reused
p22_difference_fixed_heun_n400_dt0.0015625_L4,S4,22.0,difference_fixed,heun,400,0.0015625,4.0,time_half,0.25,16001,0.00015442201537303746,0.0013568409151055727,1.544e-04 / 1.357e-03,C:\Users\msz\aca\Workspaces\hs_table_data_20260927\out\profiles\p22_difference_fixed_heun_n400_dt0.0015625_L4.npz,5357daa3e53c915f52f47925358c0cb0c2501d5b5954b071025e4f652b08ae34,reused
p22_difference_fixed_heun_n400_dt0.0015625_L4,S4,22.0,difference_fixed,heun,400,0.0015625,4.0,time_half,0.5,16001,0.0001696858402872696,0.0016731950199295742,1.697e-04 / 1.673e-03,C:\Users\msz\aca\Workspaces\hs_table_data_20260927\out\profiles\p22_difference_fixed_heun_n400_dt0.0015625_L4.npz,5357daa3e53c915f52f47925358c0cb0c2501d5b5954b071025e4f652b08ae34,reused
p22_difference_fixed_heun_n200_dt0.0125_L4,S4,22.0,difference_fixed,heun,200,0.0125,4.0,main,0.25,8001,0.0006122062462586737,0.005345393970633938,6.122e-04 / 5.345e-03,C:\Users\msz\aca\Workspaces\hs_table_data_20260927\out\profiles\p22_difference_fixed_heun_n200_dt0.0125_L4.npz,69554db0aa1a5995832481beafd820fb87b7ff7556cc49a3daa6593ebb1ab03c,reused
p22_difference_fixed_heun_n200_dt0.0125_L4,S4,22.0,difference_fixed,heun,200,0.0125,4.0,main,0.5,8001,0.0006647012733117241,0.0064839167266030895,6.647e-04 / 6.484e-03,C:\Users\msz\aca\Workspaces\hs_table_data_20260927\out\profiles\p22_difference_fixed_heun_n200_dt0.0125_L4.npz,69554db0aa1a5995832481beafd820fb87b7ff7556cc49a3daa6593ebb1ab03c,reused
p22_difference_fixed_heun_n200_dt0.00625_L4,S4,22.0,difference_fixed,heun,200,0.00625,4.0,time_half,0.25,8001,0.0006122819611782092,0.005345554853667056,6.123e-04 / 5.346e-03,C:\Users\msz\aca\Workspaces\hs_table_data_20260927\out\profiles\p22_difference_fixed_heun_n200_dt0.00625_L4.npz,be6716804bae4492c249ae1e37fd1a01d01916b2262198ad3f5de5c682876d5e,reused
p22_difference_fixed_heun_n200_dt0.00625_L4,S4,22.0,difference_fixed,heun,200,0.00625,4.0,time_half,0.5,8001,0.0006648555507656057,0.0064841912063240414,6.649e-04 / 6.484e-03,C:\Users\msz\aca\Workspaces\hs_table_data_20260927\out\profiles\p22_difference_fixed_heun_n200_dt0.00625_L4.npz,be6716804bae4492c249ae1e37fd1a01d01916b2262198ad3f5de5c682876d5e,reused
p22_difference_fixed_rk4_n400_dt0.003125_L4,S4,22.0,difference_fixed,rk4,400,0.003125,4.0,main,0.25,16001,0.00015442270877168845,0.0013568441895059902,1.544e-04 / 1.357e-03,C:\Users\msz\aca\Workspaces\hs_error_theory_20260926\out_v2\profiles\p22_difference_fixed_rk4_n400_dt0.003125_L4.npz,ea7be050384895374de32bf405a12cbebc34ee1ffe3da7f0166b50b218fb4f29,reused
p22_difference_fixed_rk4_n400_dt0.003125_L4,S4,22.0,difference_fixed,rk4,400,0.003125,4.0,main,0.5,16001,0.00016968728528282337,0.001673201807660174,1.697e-04 / 1.673e-03,C:\Users\msz\aca\Workspaces\hs_error_theory_20260926\out_v2\profiles\p22_difference_fixed_rk4_n400_dt0.003125_L4.npz,ea7be050384895374de32bf405a12cbebc34ee1ffe3da7f0166b50b218fb4f29,reused
p22_difference_fixed_rk4_n400_dt0.0015625_L4,S4,22.0,difference_fixed,rk4,400,0.0015625,4.0,time_half,0.25,16001,0.00015442270875647146,0.0013568441895019934,1.544e-04 / 1.357e-03,C:\Users\msz\aca\Workspaces\hs_table_data_20260927\out\profiles\p22_difference_fixed_rk4_n400_dt0.0015625_L4.npz,f43f87aceb3831cc829eeb6eab7fba41e61b0de4ee10e81b082e87c895d6e3c3,reused
p22_difference_fixed_rk4_n400_dt0.0015625_L4,S4,22.0,difference_fixed,rk4,400,0.0015625,4.0,time_half,0.5,16001,0.00016968728525364185,0.0016732018076681676,1.697e-04 / 1.673e-03,C:\Users\msz\aca\Workspaces\hs_table_data_20260927\out\profiles\p22_difference_fixed_rk4_n400_dt0.0015625_L4.npz,f43f87aceb3831cc829eeb6eab7fba41e61b0de4ee10e81b082e87c895d6e3c3,reused
p22_difference_fixed_rk4_n200_dt0.0125_L4,S4,22.0,difference_fixed,rk4,200,0.0125,4.0,main,0.25,8001,0.000612307676970722,0.005345608494644716,6.123e-04 / 5.346e-03,C:\Users\msz\aca\Workspaces\hs_table_data_20260927\out\profiles\p22_difference_fixed_rk4_n200_dt0.0125_L4.npz,fd6b580e746b024dac5676da23f07d277b9a9fea6c2512f4ca43a4b70003d91f,reused
p22_difference_fixed_rk4_n200_dt0.0125_L4,S4,22.0,difference_fixed,rk4,200,0.0125,4.0,main,0.5,8001,0.0006649061795900371,0.006484282498173788,6.649e-04 / 6.484e-03,C:\Users\msz\aca\Workspaces\hs_table_data_20260927\out\profiles\p22_difference_fixed_rk4_n200_dt0.0125_L4.npz,fd6b580e746b024dac5676da23f07d277b9a9fea6c2512f4ca43a4b70003d91f,reused
p22_difference_fixed_rk4_n200_dt0.00625_L4,S4,22.0,difference_fixed,rk4,200,0.00625,4.0,time_half,0.25,8001,0.0006123076622292049,0.005345608490122111,6.123e-04 / 5.346e-03,C:\Users\msz\aca\Workspaces\hs_table_data_20260927\out\profiles\p22_difference_fixed_rk4_n200_dt0.00625_L4.npz,efd79d3e13b58478c913225cc96e92a847374fe950f3b1dd6d7b07fe51e5e3f7,reused
p22_difference_fixed_rk4_n200_dt0.00625_L4,S4,22.0,difference_fixed,rk4,200,0.00625,4.0,time_half,0.5,8001,0.0006649061505165088,0.006484282503205763,6.649e-04 / 6.484e-03,C:\Users\msz\aca\Workspaces\hs_table_data_20260927\out\profiles\p22_difference_fixed_rk4_n200_dt0.00625_L4.npz,efd79d3e13b58478c913225cc96e92a847374fe950f3b1dd6d7b07fe51e5e3f7,reused
p22_difference_fixed_rk8_n400_dt0.003125_L4,S4,22.0,difference_fixed,rk8,400,0.003125,4.0,main,0.25,16001,0.00015442270875546532,0.0013568441895015493,1.544e-04 / 1.357e-03,C:\Users\msz\aca\Workspaces\hs_table_data_20260927\out\profiles\p22_difference_fixed_rk8_n400_dt0.003125_L4.npz,e444045afce59c1ef4c7e7fbca9575ec35d0667a1d11da954d98b3e2df3206dd,reused
p22_difference_fixed_rk8_n400_dt0.003125_L4,S4,22.0,difference_fixed,rk8,400,0.003125,4.0,main,0.5,16001,0.00016968728525099466,0.0016732018076682786,1.697e-04 / 1.673e-03,C:\Users\msz\aca\Workspaces\hs_table_data_20260927\out\profiles\p22_difference_fixed_rk8_n400_dt0.003125_L4.npz,e444045afce59c1ef4c7e7fbca9575ec35d0667a1d11da954d98b3e2df3206dd,reused
p22_difference_fixed_rk8_n400_dt0.0015625_L4,S4,22.0,difference_fixed,rk8,400,0.0015625,4.0,time_half,0.25,16001,0.00015442270875559022,0.0013568441895017713,1.544e-04 / 1.357e-03,C:\Users\msz\aca\Workspaces\hs_table_data_20260927\out\profiles\p22_difference_fixed_rk8_n400_dt0.0015625_L4.npz,3d7f049ec6085dafbdd875bf4bcf9284e05bb3548f167b9837a7a01c74377627,reused
p22_difference_fixed_rk8_n400_dt0.0015625_L4,S4,22.0,difference_fixed,rk8,400,0.0015625,4.0,time_half,0.5,16001,0.00016968728525127222,0.0016732018076689448,1.697e-04 / 1.673e-03,C:\Users\msz\aca\Workspaces\hs_table_data_20260927\out\profiles\p22_difference_fixed_rk8_n400_dt0.0015625_L4.npz,3d7f049ec6085dafbdd875bf4bcf9284e05bb3548f167b9837a7a01c74377627,reused
p22_difference_fixed_rk8_n200_dt0.0125_L4,S4,22.0,difference_fixed,rk8,200,0.0125,4.0,main,0.25,8001,0.0006123076612276762,0.005345608489827236,6.123e-04 / 5.346e-03,C:\Users\msz\aca\Workspaces\hs_table_data_20260927\out\profiles\p22_difference_fixed_rk8_n200_dt0.0125_L4.npz,cca43e2164766a88e8bd48252625815bd27080a89a4672f6b7b45ecc05e423e0,reused
p22_difference_fixed_rk8_n200_dt0.0125_L4,S4,22.0,difference_fixed,rk8,200,0.0125,4.0,main,0.5,8001,0.0006649061486160707,0.0064842825035632545,6.649e-04 / 6.484e-03,C:\Users\msz\aca\Workspaces\hs_table_data_20260927\out\profiles\p22_difference_fixed_rk8_n200_dt0.0125_L4.npz,cca43e2164766a88e8bd48252625815bd27080a89a4672f6b7b45ecc05e423e0,reused
p22_difference_fixed_rk8_n200_dt0.00625_L4,S4,22.0,difference_fixed,rk8,200,0.00625,4.0,time_half,0.25,8001,0.0006123076612289217,0.005345608489827791,6.123e-04 / 5.346e-03,C:\Users\msz\aca\Workspaces\hs_table_data_20260927\out\profiles\p22_difference_fixed_rk8_n200_dt0.00625_L4.npz,9df80fdd1827970c6455e907ce9835a199d66497e3103bdf866b7a233a098208,reused
p22_difference_fixed_rk8_n200_dt0.00625_L4,S4,22.0,difference_fixed,rk8,200,0.00625,4.0,time_half,0.5,8001,0.0006649061486177638,0.006484282503564032,6.649e-04 / 6.484e-03,C:\Users\msz\aca\Workspaces\hs_table_data_20260927\out\profiles\p22_difference_fixed_rk8_n200_dt0.00625_L4.npz,9df80fdd1827970c6455e907ce9835a199d66497e3103bdf866b7a233a098208,reused
