p,method,n,dt,t,purpose,comparison,u_ratio,rho_ratio
3.0,euler,400,0.003125,0.25,main,S2/S1,0.0017264233958395993,0.021775343562132916
3.0,euler,400,0.003125,0.25,main,S3/S4,1.1136730011364246,1.2713684512334065
3.0,euler,400,0.003125,0.25,main,S1/S3,9814.977439538787,72.29719484851351
3.0,euler,400,0.003125,0.25,main,S2/S3,16.944806681257607,1.574296256404848
3.0,euler,400,0.003125,0.5,main,S2/S1,0.0017139951468539978,0.001981581235944566
3.0,euler,400,0.003125,0.5,main,S3/S4,1.404761047872821,1.2674228523243416
3.0,euler,400,0.003125,0.5,main,S1/S3,29217.297175151278,701.1526725662815
3.0,euler,400,0.003125,0.5,main,S2/S3,50.07830556240031,1.3893909794897277
3.0,euler,200,0.0125,0.25,main,S2/S1,0.0034433160762350635,0.04957227568041893
3.0,euler,200,0.0125,0.25,main,S3/S4,1.1320433253176252,1.2720124017621814
3.0,euler,200,0.0125,0.25,main,S1/S3,4601.097681399664,31.567994656928295
3.0,euler,200,0.0125,0.25,main,S2/S3,15.84303361469134,1.5648973338112413
3.0,euler,200,0.0125,0.5,main,S2/S1,0.0034233705150021024,0.003976486904602308
3.0,euler,200,0.0125,0.5,main,S3/S4,1.4282423885851485,1.2585602899037982
3.0,euler,200,0.0125,0.5,main,S1/S3,13572.096853956537,313.72627576127707
3.0,euler,200,0.0125,0.5,main,S2/S3,46.4623161965876,1.2475284271943707
3.0,heun,400,0.003125,0.25,main,S2/S1,0.0017178774705732252,0.028732417813179777
3.0,heun,400,0.003125,0.25,main,S3/S4,1.2426060250484663,1.2669407959957866
3.0,heun,400,0.003125,0.25,main,S1/S3,5397.265733053973,47.66332283071172
3.0,heun,400,0.003125,0.25,main,S2/S3,9.271841205510302,1.3694825059364797
3.0,heun,400,0.003125,0.5,main,S2/S1,0.0016712758369880484,0.0029669056893927067
3.0,heun,400,0.003125,0.5,main,S3/S4,1.2102140650094866,1.2707957325042358
3.0,heun,400,0.003125,0.5,main,S1/S3,27341.062266822442,554.3144351335751
3.0,heun,400,0.003125,0.5,main,S2/S3,45.69445672412603,1.6445986513103084
3.0,heun,200,0.0125,0.25,main,S2/S1,0.003429765289532204,0.057842383481627034
3.0,heun,200,0.0125,0.25,main,S3/S4,1.2449517288560255,1.2670803843358063
3.0,heun,200,0.0125,0.25,main,S1/S3,2695.7092832332246,23.657068163560915
3.0,heun,200,0.0125,0.25,main,S2/S3,9.245650130303051,1.3683812087676808
3.0,heun,200,0.0125,0.5,main,S2/S1,0.003345497543472298,0.0059249598423521165
3.0,heun,200,0.0125,0.5,main,S3/S4,1.2167642918474635,1.2714067639659559
3.0,heun,200,0.0125,0.5,main,S1/S3,13615.701648381206,277.5220466941077
3.0,heun,200,0.0125,0.5,main,S2/S3,45.55129641731104,1.6443069820299572
3.0,rk4,400,0.003125,0.25,main,S2/S1,0.0017173674986215202,0.028721112101199688
3.0,rk4,400,0.003125,0.25,main,S3/S4,1.241735860139547,1.2669266904999388
3.0,rk4,400,0.003125,0.25,main,S1/S3,5401.627618657438,47.681342016368355
3.0,rk4,400,0.003125,0.25,main,S2/S3,9.276579711938643,1.3694611691877583
3.0,rk4,400,0.003125,0.5,main,S2/S1,0.0016706905755469446,0.002966207416764327
3.0,rk4,400,0.003125,0.5,main,S3/S4,1.2079139235183247,1.2707720623282988
3.0,rk4,400,0.003125,0.5,main,S1/S3,27397.27196944097,554.3975681245472
3.0,rk4,400,0.003125,0.5,main,S2/S3,45.77236407504151,1.6444581784071381
3.0,rk4,200,0.0125,0.25,main,S2/S1,0.003425753524608959,0.05750100537054135
3.0,rk4,200,0.0125,0.25,main,S3/S4,1.2416404582369927,1.2670572469642256
3.0,rk4,200,0.0125,0.25,main,S1/S3,2706.4167467417924,23.797763322098206
3.0,rk4,200,0.0125,0.25,main,S2/S3,9.271516709211406,1.368395316590841
3.0,rk4,200,0.0125,0.5,main,S2/S1,0.0033409454540719854,0.005905195753487859
3.0,rk4,200,0.0125,0.5,main,S3/S4,1.2077003616713484,1.2712591686331935
3.0,rk4,200,0.0125,0.5,main,S1/S3,13738.496357027068,278.4291955296134
3.0,rk4,200,0.0125,0.5,main,S2/S3,45.899566949794114,1.644178903088514
3.0,rk8,400,0.003125,0.25,main,S2/S1,0.0017173674901178235,0.028721111952480734
3.0,rk8,400,0.003125,0.25,main,S3/S4,1.2417358748964953,1.2669266906427123
3.0,rk8,400,0.003125,0.25,main,S1/S3,5401.627553698095,47.681342239593384
3.0,rk8,400,0.003125,0.25,main,S2/S3,9.276579554445776,1.36946116850791
3.0,rk8,400,0.003125,0.5,main,S2/S1,0.0016706905685904333,0.002966207407237126
3.0,rk8,400,0.003125,0.5,main,S3/S4,1.2079139565816832,1.2707720629960393
3.0,rk8,400,0.003125,0.5,main,S1/S3,27397.27119830863,554.3975689749086
3.0,rk8,400,0.003125,0.5,main,S2/S3,45.772362596128545,1.6444581756476295
3.0,rk8,200,0.0125,0.25,main,S2/S1,0.0034257524561387255,0.05750093770154407
3.0,rk8,200,0.0125,0.25,main,S3/S4,1.241641029811771,1.2670572564125169
3.0,rk8,200,0.0125,0.25,main,S1/S3,2706.4157848516033,23.797790860273803
3.0,rk8,200,0.0125,0.25,main,S2/S3,9.271510522287995,1.3683952896909788
3.0,rk8,200,0.0125,0.5,main,S2/S1,0.0033409445837474325,0.0059051924960661665
3.0,rk8,200,0.0125,0.5,main,S3/S4,1.2077019324130465,1.271259194550303
3.0,rk8,200,0.0125,0.5,main,S1/S3,13738.479105656663,278.4293318255527
3.0,rk8,200,0.0125,0.5,main,S2/S3,45.8994973569709,1.6441788009809708
4.0,euler,400,0.003125,0.25,main,S2/S1,0.004559927600548652,0.08112232849402755
4.0,euler,400,0.003125,0.25,main,S3/S4,1.7453291492720138,1.7814493962669313
4.0,euler,400,0.003125,0.25,main,S1/S3,1448.9730950480255,17.501247958558434
4.0,euler,400,0.003125,0.25,main,S2/S3,6.607212408561897,1.4197419859496063
4.0,euler,400,0.003125,0.5,main,S2/S1,0.004565926442157002,0.008081880039983598
4.0,euler,400,0.003125,0.5,main,S3/S4,2.9672761872738485,1.8205336214409553
4.0,euler,400,0.003125,0.5,main,S1/S3,4742.87926259698,185.55756992664715
4.0,euler,400,0.003125,0.5,main,S2/S3,21.65563783704965,1.4996540206580304
4.0,euler,200,0.0125,0.25,main,S2/S1,0.009050527365109159,0.1734693042654536
4.0,euler,200,0.0125,0.25,main,S3/S4,1.7507155747705723,1.7801845592173708
4.0,euler,200,0.0125,0.25,main,S1/S3,695.6473191027872,8.162275762157186
4.0,euler,200,0.0125,0.25,main,S2/S3,6.2959750980045985,1.415904297684182
4.0,euler,200,0.0125,0.5,main,S2/S1,0.009060569961788334,0.017783831609392054
4.0,euler,200,0.0125,0.5,main,S3/S4,2.9939358721947293,1.815341822350186
4.0,euler,200,0.0125,0.5,main,S1/S3,2239.5700108408255,83.43335291812676
4.0,euler,200,0.0125,0.5,main,S2/S3,20.291780767546356,1.4837646989029454
4.0,heun,400,0.003125,0.25,main,S2/S1,0.004493490190885825,0.09893317111931695
4.0,heun,400,0.003125,0.25,main,S3/S4,1.6568616796196554,1.7733529904788425
4.0,heun,400,0.003125,0.25,main,S1/S3,1120.0000533101902,13.380897944089567
4.0,heun,400,0.003125,0.25,main,S2/S3,5.032709253340941,1.3238146660327295
4.0,heun,400,0.003125,0.5,main,S2/S1,0.004432969966167963,0.011886803158340209
4.0,heun,400,0.003125,0.5,main,S3/S4,1.4649454160584006,1.7630994326609466
4.0,heun,400,0.003125,0.5,main,S1/S3,5717.18672653773,116.741915698452
4.0,heun,400,0.003125,0.5,main,S2/S3,25.344117049715884,1.3876881722350456
4.0,heun,200,0.0125,0.25,main,S2/S1,0.008930194324860065,0.19513948026943922
4.0,heun,200,0.0125,0.25,main,S3/S4,1.6648128910759972,1.772636330531443
4.0,heun,200,0.0125,0.25,main,S1/S3,559.446365365427,6.782902727857683
4.0,heun,200,0.0125,0.25,main,S2/S3,4.995964757049927,1.3236121130323095
4.0,heun,200,0.0125,0.5,main,S2/S1,0.008812623343649668,0.02364674501827209
4.0,heun,200,0.0125,0.5,main,S3/S4,1.491774494150171,1.7615299583138235
4.0,heun,200,0.0125,0.5,main,S1/S3,2822.3160372993416,58.746449215036876
4.0,heun,200,0.0125,0.5,main,S2/S3,24.872008193461006,1.3891623053168476
4.0,rk4,400,0.003125,0.25,main,S2/S1,0.004492052780621235,0.09891796534184472
4.0,rk4,400,0.003125,0.25,main,S3/S4,1.6534574336358014,1.7732858776297569
4.0,rk4,400,0.003125,0.25,main,S1/S3,1122.4070512091562,13.382962826056682
4.0,rk4,400,0.003125,0.25,main,S2/S3,5.041911715372971,1.323815452999071
4.0,rk4,400,0.003125,0.5,main,S2/S1,0.0044315378151624785,0.011884551047283943
4.0,rk4,400,0.003125,0.5,main,S3/S4,1.4560077241405684,1.7629298561622457
4.0,rk4,400,0.003125,0.5,main,S1/S3,5753.086462528401,116.76007590138751
4.0,rk4,400,0.003125,0.5,main,S2/S3,25.495020212593943,1.3876410823347876
4.0,rk4,200,0.0125,0.25,main,S2/S1,0.00891899978085959,0.19475480713418172
4.0,rk4,200,0.0125,0.25,main,S3/S4,1.6517364984874143,1.7723843645400854
4.0,rk4,200,0.0125,0.25,main,S1/S3,564.4357318793972,6.796060865604164
4.0,rk4,200,0.0125,0.25,main,S2/S3,5.034202168941665,1.323565523152899
4.0,rk4,200,0.0125,0.5,main,S2/S1,0.00880151340103302,0.023576440318961993
4.0,rk4,200,0.0125,0.5,main,S3/S4,1.456666436679524,1.760847854553802
4.0,rk4,200,0.0125,0.5,main,S1/S3,2893.614414225288,58.92086914435616
4.0,rk4,200,0.0125,0.5,main,S2/S3,25.468186044226183,1.389144354923282
4.0,rk8,400,0.003125,0.25,main,S2/S1,0.0044920527665695915,0.09891796525596408
4.0,rk8,400,0.003125,0.25,main,S3/S4,1.6534574713043428,1.7732858783421794
4.0,rk8,400,0.003125,0.25,main,S1/S3,1122.407025317622,13.382962830479594
4.0,rk8,400,0.003125,0.25,main,S2/S3,5.041911583295169,1.323815452287239
4.0,rk8,400,0.003125,0.5,main,S2/S1,0.00443153780504398,0.011884551026852163
4.0,rk8,400,0.003125,0.5,main,S3/S4,1.4560078260942402,1.7629298577860149
4.0,rk8,400,0.003125,0.5,main,S1/S3,5753.086053056105,116.76007595313703
4.0,rk8,400,0.003125,0.5,main,S2/S3,25.49501833978939,1.3876410805641914
4.0,rk8,200,0.0125,0.25,main,S2/S1,0.008918998026830889,0.1947547817313382
4.0,rk8,200,0.0125,0.25,main,S3/S4,1.6517388731775262,1.7723844077621165
4.0,rk8,200,0.0125,0.25,main,S1/S3,564.4349423840279,6.79606153714453
4.0,rk8,200,0.0125,0.25,main,S2/S3,5.0341941373975505,1.3235654812993256
4.0,rk8,200,0.0125,0.5,main,S2/S1,0.00880151213335313,0.023576431875896874
4.0,rk8,200,0.0125,0.5,main,S3/S4,1.456672822377118,1.7608479541029816
4.0,rk8,200,0.0125,0.5,main,S1/S3,2893.601664643401,58.92088576153195
4.0,rk8,200,0.0125,0.5,main,S2/S3,25.46807016044971,1.38914424922426
5.0,euler,400,0.003125,0.25,main,S2/S1,0.007625139209543103,0.14795351577456775
5.0,euler,400,0.003125,0.25,main,S3/S4,2.4873675465743132,2.359308331356066
5.0,euler,400,0.003125,0.25,main,S1/S3,498.9751726513634,9.032862083283817
5.0,euler,400,0.003125,0.25,main,S2/S3,3.8047551535724504,1.3364437027286271
5.0,euler,400,0.003125,0.5,main,S2/S1,0.007723829976506785,0.01961596983080675
5.0,euler,400,0.003125,0.5,main,S3/S4,4.028527884813663,2.339115606437223
5.0,euler,400,0.003125,0.5,main,S1/S3,1723.407202569313,67.48961588746056
5.0,euler,400,0.003125,0.5,main,S2/S3,13.311304212932562,1.3238742691411622
5.0,euler,400,0.0015625,0.25,time_half,S2/S1,0.007541552621182086,0.15928351448357583
5.0,euler,400,0.0015625,0.25,time_half,S3/S4,1.8162714816149728,2.3563820040469565
5.0,euler,400,0.0015625,0.25,time_half,S1/S3,611.8737421204705,8.23134520108669
5.0,euler,400,0.0015625,0.25,time_half,S2/S3,4.614478023721126,1.311117592556604
5.0,euler,400,0.0015625,0.5,time_half,S2/S1,0.007580083165570027,0.02248217529696021
5.0,euler,400,0.0015625,0.5,time_half,S3/S4,2.2611866647497405,2.294752885086218
5.0,euler,400,0.0015625,0.5,time_half,S1/S3,2358.0631798995487,57.52839879178444
5.0,euler,400,0.0015625,0.5,time_half,S2/S3,17.874315013307093,1.293363546190332
5.0,euler,200,0.0125,0.25,main,S2/S1,0.01516918871616937,0.3021367975481046
5.0,euler,200,0.0125,0.25,main,S3/S4,2.525093133516789,2.3575235007099806
5.0,euler,200,0.0125,0.25,main,S1/S3,237.75594621025917,4.417276286741139
5.0,euler,200,0.0125,0.25,main,S2/S3,3.6065648164548354,1.3346217111611505
5.0,euler,200,0.0125,0.5,main,S2/S1,0.015305744581039366,0.04226142548291571
5.0,euler,200,0.0125,0.5,main,S3/S4,4.17264554161276,2.3413943302693405
5.0,euler,200,0.0125,0.5,main,S1/S3,808.293581671023,31.037063773908883
5.0,euler,200,0.0125,0.5,main,S2/S3,12.37153510755016,1.3116705578895531
5.0,euler,200,0.00625,0.25,time_half,S2/S1,0.015015754895963683,0.3137375140069015
5.0,euler,200,0.00625,0.25,time_half,S3/S4,1.8207560878753175,2.35734420904587
5.0,euler,200,0.00625,0.25,time_half,S1/S3,301.23629585550043,4.173919152128389
5.0,euler,200,0.00625,0.25,time_half,S2/S3,4.523290384334195,1.3095150184545548
5.0,euler,200,0.00625,0.5,time_half,S2/S1,0.015033095348276238,0.04694863054226957
5.0,euler,200,0.00625,0.5,time_half,S3/S4,2.293518325146306,2.289731783287782
5.0,euler,200,0.00625,0.5,time_half,S1/S3,1150.9790057059768,27.51532464093045
5.0,euler,200,0.00625,0.5,time_half,S2/S3,17.302777136642128,1.29180681081765
5.0,heun,400,0.003125,0.25,main,S2/S1,0.007459383265443611,0.17041206062744038
5.0,heun,400,0.003125,0.25,main,S3/S4,2.1341342282937297,2.3536581259276312
5.0,heun,400,0.003125,0.25,main,S1/S3,471.98760418427844,7.567015269991793
5.0,heun,400,0.003125,0.25,main,S2/S3,3.520736436149029,1.2895106649586088
5.0,heun,400,0.003125,0.5,main,S2/S1,0.007437819411544382,0.025380083303253125
5.0,heun,400,0.003125,0.5,main,S3/S4,1.8559391366704654,2.271256599005809
5.0,heun,400,0.003125,0.5,main,S1/S3,2337.1385391260465,50.089245976005024
5.0,heun,400,0.003125,0.5,main,S2/S3,17.383214393780186,1.2712692354681439
5.0,heun,400,0.0015625,0.25,time_half,S2/S1,0.007457228081363222,0.17039659395700396
5.0,heun,400,0.0015625,0.25,time_half,S3/S4,2.129426729176654,2.353496612978541
5.0,heun,400,0.0015625,0.25,time_half,S1/S3,473.05996343875336,7.567816164598668
5.0,heun,400,0.0015625,0.25,time_half,S2/S3,3.5277160435241304,1.2895300981403703
5.0,heun,400,0.0015625,0.5,time_half,S2/S1,0.0074356722896608204,0.0253770170441147
5.0,heun,400,0.0015625,0.5,time_half,S3/S4,1.8685859433745178,2.2709909522728293
5.0,heun,400,0.0015625,0.5,time_half,S1/S3,2321.5298451522262,50.09654261682771
5.0,heun,400,0.0015625,0.5,time_half,S2/S3,17.262135139218984,1.2713008158384551
5.0,heun,200,0.0125,0.25,main,S2/S1,0.014873204775317199,0.32424084106429535
5.0,heun,200,0.0125,0.25,main,S3/S4,2.1521607117165393,2.3540980339002773
5.0,heun,200,0.0125,0.25,main,S1/S3,235.6018904358164,3.974757916235075
5.0,heun,200,0.0125,0.25,main,S2/S3,3.5041551619037437,1.2887788497870265
5.0,heun,200,0.0125,0.5,main,S2/S1,0.014772031310146422,0.050302889446129505
5.0,heun,200,0.0125,0.5,main,S3/S4,1.8034975637550417,2.2722898649639847
5.0,heun,200,0.0125,0.5,main,S1/S3,1213.6710130166523,25.272289307543797
5.0,heun,200,0.0125,0.5,main,S2/S3,17.928386204499116,1.2712691750879763
5.0,heun,200,0.00625,0.25,time_half,S2/S1,0.014856669206388486,0.3239152979657715
5.0,heun,200,0.00625,0.25,time_half,S3/S4,2.134258939316049,2.353501673353734
5.0,heun,200,0.00625,0.25,time_half,S1/S3,237.73259022867387,3.9789929819907415
5.0,heun,200,0.00625,0.25,time_half,S2/S3,3.5319144526053114,1.2888566973652449
5.0,heun,200,0.00625,0.5,time_half,S2/S1,0.014755508475306395,0.05019609704116153
5.0,heun,200,0.00625,0.5,time_half,S3/S4,1.8536996412923077,2.2711752555901352
5.0,heun,200,0.00625,0.5,time_half,S1/S3,1181.71242946344,25.330075517224422
5.0,heun,200,0.00625,0.5,time_half,S2/S3,17.4367677683227,1.271470928722547
5.0,rk4,400,0.003125,0.25,main,S2/S1,0.00745650556838631,0.17039140885851897
5.0,rk4,400,0.003125,0.25,main,S3/S4,2.127845089982596,2.353442580441903
5.0,rk4,400,0.003125,0.25,main,S1/S3,473.4213141879544,7.5680848935359135
5.0,rk4,400,0.003125,0.25,main,S2/S3,3.530068665435247,1.2895366473704588
5.0,rk4,400,0.003125,0.5,main,S2/S1,0.0074349533667983575,0.025375985181576938
5.0,rk4,400,0.003125,0.5,main,S3/S4,1.8728018141436922,2.270902386249027
5.0,rk4,400,0.003125,0.5,main,S1/S3,2316.3737463746857,50.0989911157705
5.0,rk4,400,0.003125,0.5,main,S2/S3,17.222130784371792,1.271311256165747
5.0,rk4,400,0.0015625,0.25,time_half,S2/S1,0.007456505544377944,0.17039140878515271
5.0,rk4,400,0.0015625,0.25,time_half,S3/S4,2.127845160945607,2.353442581923146
5.0,rk4,400,0.0015625,0.25,time_half,S1/S3,473.4212983379162,7.568084891145955
5.0,rk4,400,0.0015625,0.25,time_half,S2/S3,3.530068535883277,1.2895366464079883
5.0,rk4,400,0.0015625,0.5,time_half,S2/S1,0.007434953349683622,0.02537598514661003
5.0,rk4,400,0.0015625,0.5,time_half,S3/S4,1.872801632039752,2.27090238910302
5.0,rk4,400,0.0015625,0.5,time_half,S1/S3,2316.373969579142,50.098991107469644
5.0,rk4,400,0.0015625,0.5,time_half,S2/S3,17.222132404242387,1.2713112542032976
5.0,rk4,200,0.0125,0.25,main,S2/S1,0.014851032690128397,0.3238051129476297
5.0,rk4,200,0.0125,0.25,main,S3/S4,2.128092593096286,2.35329981357005
5.0,rk4,200,0.0125,0.25,main,S1/S3,238.47428220937283,3.9804308083539945
5.0,rk4,200,0.0125,0.25,main,S2/S3,3.5415893608463005,1.28888384747929
5.0,rk4,200,0.0125,0.5,main,S2/S1,0.014749903583771722,0.05015960304597506
5.0,rk4,200,0.0125,0.5,main,S3/S4,1.8704646139028573,2.270802859269928
5.0,rk4,200,0.0125,0.5,main,S1/S3,1171.4270681555868,25.349829133285777
5.0,rk4,200,0.0125,0.5,main,S2/S3,17.278436310715293,1.2715373666089087
5.0,rk4,200,0.00625,0.25,time_half,S2/S1,0.01485102967967872,0.3238050958558244
5.0,rk4,200,0.00625,0.25,time_half,S3/S4,2.128096814194517,2.3532999109835653
5.0,rk4,200,0.00625,0.25,time_half,S1/S3,238.47381494219698,3.9804308296779616
5.0,rk4,200,0.00625,0.25,time_half,S2/S3,3.5415817035327777,1.288883786351351
5.0,rk4,200,0.00625,0.5,time_half,S2/S1,0.014749901441203899,0.05015958820293779
5.0,rk4,200,0.00625,0.5,time_half,S3/S4,1.870453051698351,2.2708030384022178
5.0,rk4,200,0.00625,0.5,time_half,S1/S3,1171.4342807294106,25.349834200699593
5.0,rk4,200,0.00625,0.5,time_half,S2/S3,17.278540185606385,1.2715372445198403
5.0,rk8,400,0.003125,0.25,main,S2/S1,0.007456505542756936,0.17039140878002518
5.0,rk8,400,0.003125,0.25,main,S3/S4,2.127845163607188,2.35344258203845
5.0,rk8,400,0.003125,0.25,main,S1/S3,473.4212976850872,7.5680848910346885
5.0,rk8,400,0.003125,0.25,main,S2/S3,3.530068530248034,1.289536646350224
5.0,rk8,400,0.003125,0.5,main,S2/S1,0.007434953348492243,0.025375985144185827
5.0,rk8,400,0.003125,0.5,main,S3/S4,1.872801620103615,2.270902389288539
5.0,rk8,400,0.003125,0.5,main,S1/S3,2316.3739840172143,50.09899110680246
5.0,rk8,400,0.003125,0.5,main,S2/S3,17.222132508829105,1.271311254064917
5.0,rk8,400,0.0015625,0.25,time_half,S2/S1,0.007456505542773646,0.17039140878052794
5.0,rk8,400,0.0015625,0.25,time_half,S3/S4,2.1278451645551253,2.3534425820513727
5.0,rk8,400,0.0015625,0.25,time_half,S1/S3,473.4212975119893,7.568084890900955
5.0,rk8,400,0.0015625,0.25,time_half,S2/S3,3.530068528965239,1.2895366463312417
5.0,rk8,400,0.0015625,0.5,time_half,S2/S1,0.007434953348532304,0.02537598514434842
5.0,rk8,400,0.0015625,0.5,time_half,S3/S4,1.8728016195377464,2.270902389308397
5.0,rk8,400,0.0015625,0.5,time_half,S1/S3,2316.373984643149,50.09899110662703
5.0,rk8,400,0.0015625,0.5,time_half,S2/S3,17.222132513575694,1.2713112540686111
5.0,rk8,200,0.0125,0.25,main,S2/S1,0.014851029477059291,0.32380509470445534
5.0,rk8,200,0.0125,0.25,main,S3/S4,2.128097103074677,2.3532999175723828
5.0,rk8,200,0.0125,0.25,main,S1/S3,238.47378295225639,3.98043083108031
5.0,rk8,200,0.0125,0.25,main,S2/S3,3.541581180129799,1.2888837822224937
5.0,rk8,200,0.0125,0.5,main,S2/S1,0.01474990129710725,0.05015958719791743
5.0,rk8,200,0.0125,0.5,main,S3/S4,1.8704522805104007,2.2708030503305032
5.0,rk8,200,0.0125,0.5,main,S1/S3,1171.4347618265188,25.34983454637608
5.0,rk8,200,0.0125,0.5,main,S2/S3,17.27854711294149,1.2715372363817306
5.0,rk8,200,0.00625,0.25,time_half,S2/S1,0.01485102947705658,0.32380509470447943
5.0,rk8,200,0.00625,0.25,time_half,S3/S4,2.128097103115335,2.3532999175754377
5.0,rk8,200,0.00625,0.25,time_half,S1/S3,238.47378294905354,3.9804308310738445
5.0,rk8,200,0.00625,0.25,time_half,S2/S3,3.541581180081587,1.288883782220496
5.0,rk8,200,0.00625,0.5,time_half,S2/S1,0.014749901297107668,0.050159587197918576
5.0,rk8,200,0.00625,0.5,time_half,S3/S4,1.8704522806679442,2.2708030503334964
5.0,rk8,200,0.00625,0.5,time_half,S1/S3,1171.4347617038363,25.3498345463755
5.0,rk8,200,0.00625,0.5,time_half,S2/S3,17.278547111132426,1.2715372363817306
6.0,euler,400,0.003125,0.25,main,S2/S1,0.01082621371698534,0.2103371069933154
6.0,euler,400,0.003125,0.25,main,S3/S4,3.4883596606765366,2.8590151183594674
6.0,euler,400,0.003125,0.25,main,S1/S3,229.13832569364533,6.03109817611353
6.0,euler,400,0.003125,0.25,main,S2/S3,2.4807004847115977,1.268563742356381
6.0,euler,400,0.003125,0.5,main,S2/S1,0.01097448454906343,0.032442717266570345
6.0,euler,400,0.003125,0.5,main,S3/S4,4.580590070859617,2.7828394376953507
6.0,euler,400,0.003125,0.5,main,S1/S3,843.9285301531453,37.56341512756072
6.0,euler,400,0.003125,0.5,main,S2/S3,9.261680614679504,1.2186592565502639
6.0,euler,200,0.0125,0.25,main,S2/S1,0.021389797324950686,0.4051295521518803
6.0,euler,200,0.0125,0.25,main,S3/S4,3.5337326306959964,2.852716077350263
6.0,euler,200,0.0125,0.25,main,S1/S3,109.96978486482381,3.1314611267152492
6.0,euler,200,0.0125,0.25,main,S2/S3,2.3522314101270108,1.2686474438471715
6.0,euler,200,0.0125,0.5,main,S2/S1,0.021646793935488736,0.06762769050824273
6.0,euler,200,0.0125,0.5,main,S3/S4,4.6702604527942055,2.777643116294169
6.0,euler,200,0.0125,0.5,main,S1/S3,402.88774878465665,17.944824859272735
6.0,euler,200,0.0125,0.5,main,S2/S3,8.721228077074414,1.213567061807517
6.0,heun,400,0.003125,0.25,main,S2/S1,0.010571145279981861,0.23288939120976315
6.0,heun,400,0.003125,0.25,main,S3/S4,2.6529757622451213,2.8479684243846006
6.0,heun,400,0.003125,0.25,main,S1/S3,260.27393909557776,5.355202061263402
6.0,heun,400,0.003125,0.25,main,S2/S3,2.7513936227725035,1.2471697478529025
6.0,heun,400,0.003125,0.5,main,S2/S1,0.010543034490057213,0.0386717952616874
6.0,heun,400,0.003125,0.5,main,S3/S4,2.71198544949752,2.6913281643956473
6.0,heun,400,0.003125,0.5,main,S1/S3,1048.0433920330904,30.724077869767605
6.0,heun,400,0.003125,0.5,main,S2/S3,11.049557629281425,1.1881552489837937
6.0,heun,200,0.0125,0.25,main,S2/S1,0.02093895623642837,0.42311080866705
6.0,heun,200,0.0125,0.25,main,S3/S4,2.67995263912276,2.846351756001867
6.0,heun,200,0.0125,0.25,main,S1/S3,130.1978749351732,2.9486342276562603
6.0,heun,200,0.0125,0.25,main,S2/S3,2.726207605343566,1.2475990125269827
6.0,heun,200,0.0125,0.5,main,S2/S1,0.020846373429717503,0.07663754525473722
6.0,heun,200,0.0125,0.5,main,S3/S4,2.631841323195788,2.6905779576163185
6.0,heun,200,0.0125,0.5,main,S1/S3,546.7705205879845,15.505175864253383
6.0,heun,200,0.0125,0.5,main,S2/S3,11.398182452538165,1.188278616979378
6.0,rk4,400,0.003125,0.25,main,S2/S1,0.010566868253902236,0.23286937529456483
6.0,rk4,400,0.003125,0.25,main,S3/S4,2.6438145317037183,2.8475871267452773
6.0,rk4,400,0.003125,0.25,main,S1/S3,261.19398783150626,5.355970777315725
6.0,rk4,400,0.003125,0.25,main,S2/S3,2.7600024581268703,1.2472415690094576
6.0,rk4,400,0.003125,0.5,main,S2/S1,0.010538782228300637,0.03867095843560452
6.0,rk4,400,0.003125,0.5,main,S3/S4,2.735149022139973,2.6907923147099235
6.0,rk4,400,0.003125,0.5,main,S1/S3,1039.272335320188,30.727845623883972
6.0,rk4,400,0.003125,0.5,main,S2/S3,10.952664817836899,1.1882752409368895
6.0,rk4,200,0.0125,0.25,main,S2/S1,0.020906309395273378,0.4226903808576898
6.0,rk4,200,0.0125,0.25,main,S3/S4,2.645753267662104,2.844853497047385
6.0,rk4,200,0.0125,0.25,main,S1/S3,131.9874900951071,2.9522424852119524
6.0,rk4,200,0.0125,0.25,main,S2/S3,2.759371304233889,1.2478845004584929
6.0,rk4,200,0.0125,0.5,main,S2/S1,0.020813737110640457,0.076571170796024
6.0,rk4,200,0.0125,0.5,main,S3/S4,2.723028616805342,2.688470078069027
6.0,rk4,200,0.0125,0.5,main,S1/S3,528.9360165215141,15.525527738386735
6.0,rk4,200,0.0125,0.5,main,S2/S3,11.009135196228172,1.188807836154419
6.0,rk8,400,0.003125,0.25,main,S2/S1,0.010566868217100178,0.23286937524134999
6.0,rk8,400,0.003125,0.25,main,S3/S4,2.6438146412164576,2.84758712986798
6.0,rk8,400,0.003125,0.25,main,S1/S3,261.1939769659747,5.355970772178309
6.0,rk8,400,0.003125,0.25,main,S2/S3,2.7600023336997537,1.2472415675280937
6.0,rk8,400,0.003125,0.5,main,S2/S1,0.010538782202352616,0.03867095841970752
6.0,rk8,400,0.003125,0.5,main,S3/S4,2.7351487497459743,2.690792319049474
6.0,rk8,400,0.003125,0.5,main,S1/S3,1039.2724379951605,30.727845578681457
6.0,rk8,400,0.003125,0.5,main,S2/S3,10.95266587293901,1.188275238700384
6.0,rk8,200,0.0125,0.25,main,S2/S1,0.020906304839652976,0.4226903682061179
6.0,rk8,200,0.0125,0.25,main,S3/S4,2.645759808613991,2.8448536820310433
6.0,rk8,200,0.0125,0.25,main,S1/S3,131.98716654196522,2.952242364652804
6.0,rk8,200,0.0125,0.25,main,S2/S3,2.759363938648371,1.247884412148794
6.0,rk8,200,0.0125,0.5,main,S2/S1,0.020813733884203607,0.0765711663641003
6.0,rk8,200,0.0125,0.5,main,S3/S4,2.7230114375669845,2.6884703645488677
6.0,rk8,200,0.0125,0.5,main,S1/S3,528.9393433589444,15.525526730157406
6.0,rk8,200,0.0125,0.5,main,S2/S3,11.009202733558466,1.1888076901451687
7.0,euler,400,0.003125,0.25,main,S2/S1,0.01403527790810626,0.2672918873579472
7.0,euler,400,0.003125,0.25,main,S3/S4,4.515356427898906,2.9727150591930607
7.0,euler,400,0.003125,0.25,main,S1/S3,130.60024648903118,4.540548821209006
7.0,euler,400,0.003125,0.25,main,S2/S3,1.8330107543407315,1.2136518640618574
7.0,euler,400,0.003125,0.5,main,S2/S1,0.014235205371353534,0.04615158064128939
7.0,euler,400,0.003125,0.5,main,S3/S4,5.259872197948935,3.0790279556859734
7.0,euler,400,0.003125,0.5,main,S1/S3,490.206992473895,25.33238104835045
7.0,euler,400,0.003125,0.5,main,S2/S3,6.978197212339452,1.1691294267888166
7.0,euler,200,0.0125,0.25,main,S2/S1,0.02763318579399898,0.4817549226927324
7.0,euler,200,0.0125,0.25,main,S3/S4,4.556049720311221,2.9823009108710186
7.0,euler,200,0.0125,0.25,main,S1/S3,63.22223375708723,2.5160150597688498
7.0,euler,200,0.0125,0.25,main,S2/S3,1.7470317317212256,1.2121026406126927
7.0,euler,200,0.0125,0.5,main,S2/S1,0.02797776555358529,0.09503245753979535
7.0,euler,200,0.0125,0.5,main,S3/S4,5.404992445651053,3.0858844077520775
7.0,euler,200,0.0125,0.5,main,S1/S3,233.00686705904508,12.198052082024825
7.0,euler,200,0.0125,0.5,main,S2/S3,6.519011498953378,1.1592108665532366
7.0,heun,400,0.003125,0.25,main,S2/S1,0.013705148033815983,0.28516306230410043
7.0,heun,400,0.003125,0.25,main,S3/S4,3.208629631876104,2.925721421184491
7.0,heun,400,0.003125,0.25,main,S1/S3,165.29555861434076,4.189393805558176
7.0,heun,400,0.003125,0.25,main,S2/S3,2.265400100141847,1.1946603667907985
7.0,heun,400,0.003125,0.5,main,S2/S1,0.013677755697785735,0.05092201728249974
7.0,heun,400,0.003125,0.5,main,S3/S4,3.6796334172487195,2.8982677569319515
7.0,heun,400,0.003125,0.5,main,S1/S3,567.4219572398463,22.253889984069154
7.0,heun,400,0.003125,0.5,main,S2/S3,7.76105890868604,1.1332129703716172
7.0,heun,200,0.0125,0.25,main,S2/S1,0.027053934030394015,0.48985997308890156
7.0,heun,200,0.0125,0.25,main,S3/S4,3.2333525950403854,2.9288339960047534
7.0,heun,200,0.0125,0.25,main,S1/S3,83.19494401528749,2.4417924979492867
7.0,heun,200,0.0125,0.25,main,S2/S3,2.250750527051911,1.1961364073341192
7.0,heun,200,0.0125,0.5,main,S2/S1,0.026950149899321756,0.10031720507814693
7.0,heun,200,0.0125,0.5,main,S3/S4,3.584360817615984,2.900930500562032
7.0,heun,200,0.0125,0.5,main,S1/S3,296.2492123005286,11.294250880275817
7.0,heun,200,0.0125,0.5,main,S2/S3,7.98396067905524,1.1330076817606705
7.0,rk4,400,0.003125,0.25,main,S2/S1,0.013699652804989427,0.2851531202925812
7.0,rk4,400,0.003125,0.25,main,S3/S4,3.197056793794782,2.9252811005653663
7.0,rk4,400,0.003125,0.25,main,S1/S3,165.90401719024803,4.190128137275596
7.0,rk4,400,0.003125,0.25,main,S2/S3,2.2728274344593955,1.194828112769877
7.0,rk4,400,0.003125,0.5,main,S2/S1,0.013672291022382542,0.05092333380853552
7.0,rk4,400,0.003125,0.5,main,S3/S4,3.7076685620393373,2.897717304979577
7.0,rk4,400,0.003125,0.5,main,S1/S3,563.1760754992156,22.25727081063739
7.0,rk4,400,0.003125,0.5,main,S2/S3,7.699907201068558,1.1334144311570618
7.0,rk4,200,0.0125,0.25,main,S2/S1,0.02701225744968487,0.48952453406861585
7.0,rk4,200,0.0125,0.25,main,S3/S4,3.1904899400748423,2.927066846840276
7.0,rk4,200,0.0125,0.25,main,S1/S3,84.37794114654382,2.444790631999976
7.0,rk4,200,0.0125,0.25,main,S2/S3,2.2792386693248,1.1967849950251053
7.0,rk4,200,0.0125,0.5,main,S2/S1,0.026908467342219224,0.10025910082026684
7.0,rk4,200,0.0125,0.5,main,S3/S4,3.6943465272529528,2.89870711904351
7.0,rk4,200,0.0125,0.5,main,S1/S3,287.66516952598425,11.309215344737419
7.0,rk4,200,0.0125,0.5,main,S2/S3,7.740628819683904,1.1338517614461376
7.0,rk8,400,0.003125,0.25,main,S2/S1,0.013699652758774548,0.2851531202424318
7.0,rk8,400,0.003125,0.25,main,S3/S4,3.197056934465508,2.9252811053502206
7.0,rk8,400,0.003125,0.25,main,S1/S3,165.9040098651352,4.190128130777746
7.0,rk8,400,0.003125,0.25,main,S2/S3,2.2728273264406598,1.1948281107068621
7.0,rk8,400,0.003125,0.5,main,S2/S1,0.013672290989914142,0.0509233337892921
7.0,rk8,400,0.003125,0.5,main,S3/S4,3.707668227692464,2.8977173104817218
7.0,rk8,400,0.003125,0.5,main,S1/S3,563.1761259657994,22.257270770923267
7.0,rk8,400,0.003125,0.5,main,S2/S3,7.699907872776952,1.1334144287063803
7.0,rk8,200,0.0125,0.25,main,S2/S1,0.027012251760615606,0.4895245244163819
7.0,rk8,200,0.0125,0.25,main,S3/S4,3.190498251633649,2.9270671632373757
7.0,rk8,200,0.0125,0.25,main,S1/S3,84.37772279897524,2.4447904040642334
7.0,rk8,200,0.0125,0.25,main,S2/S3,2.2792322912333547,1.1967848598472781
7.0,rk8,200,0.0125,0.5,main,S2/S1,0.026908463326820144,0.10025909629030334
7.0,rk8,200,0.0125,0.5,main,S3/S4,3.6943255002779956,2.8987074901430137
7.0,rk8,200,0.0125,0.5,main,S1/S3,287.6668028368385,11.309214241143666
7.0,rk8,200,0.0125,0.5,main,S2/S3,7.74067161447867,1.1338515995704928
8.0,euler,400,0.003125,0.25,main,S2/S1,0.017251203201575444,0.32546506090844174
8.0,euler,400,0.003125,0.25,main,S3/S4,5.575108053750825,2.9442941407345855
8.0,euler,400,0.003125,0.25,main,S1/S3,84.41235652983485,3.6601761799544055
8.0,euler,400,0.003125,0.25,main,S2/S3,1.4562147152200149,1.1912594633444884
8.0,euler,400,0.003125,0.5,main,S2/S1,0.01748894915248286,0.06103900354272042
8.0,euler,400,0.003125,0.5,main,S3/S4,6.179719385501563,3.0160081164621184
8.0,euler,400,0.003125,0.5,main,S1/S3,308.8219666215689,18.784990245257212
8.0,euler,400,0.003125,0.5,main,S2/S3,5.400971671414377,1.1466170861302234
8.0,euler,200,0.0125,0.25,main,S2/S1,0.033854038179467486,0.5499961883423401
8.0,euler,200,0.0125,0.25,main,S3/S4,5.59777664217539,2.9416849905380658
8.0,euler,200,0.0125,0.25,main,S1/S3,41.24221425601816,2.162276871586989
8.0,euler,200,0.0125,0.25,main,S2/S3,1.396215496029017,1.1892440375136435
8.0,euler,200,0.0125,0.5,main,S2/S1,0.03425695767722034,0.12489275505926455
8.0,euler,200,0.0125,0.5,main,S3/S4,6.313575742763595,3.0231321458635128
8.0,euler,200,0.0125,0.5,main,S1/S3,148.14471184336543,9.075158480289446
8.0,euler,200,0.0125,0.5,main,S2/S3,5.074987123722172,1.1334215452027971
8.0,heun,400,0.003125,0.25,main,S2/S1,0.016858417794233718,0.3372344160940084
8.0,heun,400,0.003125,0.25,main,S3/S4,3.7883602620465124,2.8941435300894027
8.0,heun,400,0.003125,0.25,main,S1/S3,114.79983512058742,3.45845467936112
8.0,heun,400,0.003125,0.25,main,S2/S3,1.9353435831720076,1.1663099443819382
8.0,heun,400,0.003125,0.5,main,S2/S1,0.016825253588125758,0.06434390720289171
8.0,heun,400,0.003125,0.5,main,S3/S4,4.741192876707019,2.8425322034338443
8.0,heun,400,0.003125,0.5,main,S1/S3,346.3902299162559,17.252176258266953
8.0,heun,400,0.003125,0.5,main,S2/S3,5.828103458790191,1.1100724282098604
8.0,heun,200,0.0125,0.25,main,S2/S1,0.033169135404187776,0.5460928693655116
8.0,heun,200,0.0125,0.25,main,S3/S4,3.8008358652214946,2.886112413829438
8.0,heun,200,0.0125,0.25,main,S1/S3,58.23892718845796,2.1309780626619217
8.0,heun,200,0.0125,0.25,main,S2/S3,1.931734861708595,1.163711924794008
8.0,heun,200,0.0125,0.5,main,S2/S1,0.03304066961419406,0.12666380026812718
8.0,heun,200,0.0125,0.5,main,S3/S4,4.618675777045623,2.835994451067185
8.0,heun,200,0.0125,0.5,main,S1/S3,181.57946273549211,8.794003044147821
8.0,heun,200,0.0125,0.5,main,S2/S3,5.999507036966256,1.1138818451412422
8.0,rk4,400,0.003125,0.25,main,S2/S1,0.016851892823857784,0.33722951137189827
8.0,rk4,400,0.003125,0.25,main,S3/S4,3.7747376096773935,2.8936093348829264
8.0,rk4,400,0.003125,0.25,main,S1/S3,115.22049809198944,3.4591580968935522
8.0,rk4,400,0.003125,0.25,main,S2/S3,1.9416834849577165,1.166530194773558
8.0,rk4,400,0.003125,0.5,main,S2/S1,0.01681876368106753,0.06434510463145447
8.0,rk4,400,0.003125,0.5,main,S3/S4,4.77279455131311,2.84192777306603
8.0,rk4,400,0.003125,0.5,main,S1/S3,344.11914207621464,17.255265745969457
8.0,rk4,400,0.003125,0.5,main,S2/S3,5.787658528711555,1.110291879867957
8.0,rk4,200,0.0125,0.25,main,S2/S1,0.03311995966380944,0.5458657809933783
8.0,rk4,200,0.0125,0.25,main,S3/S4,3.7508480315529655,2.883942597379539
8.0,rk4,200,0.0125,0.25,main,S1/S3,59.05979229807075,2.133567158656187
8.0,rk4,200,0.0125,0.25,main,S2/S3,1.9560579386650667,1.1646413033616827
8.0,rk4,200,0.0125,0.5,main,S2/S1,0.03299146943521657,0.12660223798502385
8.0,rk4,200,0.0125,0.5,main,S3/S4,4.742183300345991,2.833469434367375
8.0,rk4,200,0.0125,0.5,main,S1/S3,176.98736602855058,8.805995937442502
8.0,rk4,200,0.0125,0.5,main,S2/S3,5.839073276750414,1.1148587933672487
8.0,rk8,400,0.003125,0.25,main,S2/S1,0.016851892769753005,0.3372295113239037
8.0,rk8,400,0.003125,0.25,main,S3/S4,3.7747377767341064,2.8936093406843737
8.0,rk8,400,0.003125,0.25,main,S1/S3,115.2204929745408,3.4591580901096535
8.0,rk8,400,0.003125,0.25,main,S2/S3,1.941683392485041,1.1665301923198066
8.0,rk8,400,0.003125,0.5,main,S2/S1,0.016818763643148042,0.06434510461052363
8.0,rk8,400,0.003125,0.5,main,S3/S4,4.7727941689700355,2.8419277790796484
8.0,rk8,400,0.003125,0.5,main,S1/S3,344.11916949041336,17.255265710553115
8.0,rk8,400,0.003125,0.5,main,S2/S3,5.787658976735663,1.1102918772279216
8.0,rk8,200,0.0125,0.25,main,S2/S1,0.033119953046372816,0.5458657731648466
8.0,rk8,200,0.0125,0.25,main,S3/S4,3.7508578176326988,2.8839429816539948
8.0,rk8,200,0.0125,0.25,main,S1/S3,59.0596390371705,2.1335668918002333
8.0,rk8,200,0.0125,0.25,main,S2/S3,1.9560524718468142,1.1646411409914532
8.0,rk8,200,0.0125,0.5,main,S2/S1,0.032991464774754065,0.1266022333942873
8.0,rk8,200,0.0125,0.5,main,S3/S4,4.742159417457983,2.833469847970719
8.0,rk8,200,0.0125,0.5,main,S1/S3,176.9882554411075,8.805994834540808
8.0,rk8,200,0.0125,0.5,main,S2/S3,5.839101794930473,1.114858613311424
9.0,euler,400,0.003125,0.25,main,S2/S1,0.020455119758345148,0.3829470966777519
9.0,euler,400,0.003125,0.25,main,S3/S4,6.6732773539812404,2.9465931233773524
9.0,euler,400,0.003125,0.25,main,S1/S3,59.151834276030385,3.0854875421238663
9.0,euler,400,0.003125,0.25,main,S2/S3,1.2099578540419869,1.1815784960917073
9.0,euler,400,0.003125,0.5,main,S2/S1,0.02072359134400975,0.07687435551892684
9.0,euler,400,0.003125,0.5,main,S3/S4,7.366919224039362,2.989553212602156
9.0,euler,400,0.003125,0.5,main,S1/S3,204.73375529299037,14.671953208066483
9.0,euler,400,0.003125,0.5,main,S2/S3,4.242818679016426,1.127896947073962
9.0,euler,200,0.0125,0.25,main,S2/S1,0.04000488827201356,0.6094788371359441
9.0,euler,200,0.0125,0.25,main,S3/S4,6.682132365599002,2.936747411114764
9.0,euler,200,0.0125,0.25,main,S1/S3,29.096928245019246,1.937091315289531
9.0,euler,200,0.0125,0.25,main,S2/S3,1.1640193635007905,1.1806161622687998
9.0,euler,200,0.0125,0.5,main,S2/S1,0.040451340796077394,0.1567937076022023
9.0,euler,200,0.0125,0.5,main,S3/S4,7.499406735296506,2.9885613423107555
9.0,euler,200,0.0125,0.5,main,S1/S3,98.87591607559304,7.183292847205436
9.0,euler,200,0.0125,0.5,main,S2/S3,3.999663377698161,1.1262951183057204
9.0,heun,400,0.003125,0.25,main,S2/S1,0.02001025819032232,0.39008720383239087
9.0,heun,400,0.003125,0.25,main,S3/S4,4.384292887232754,2.8911467314683033
9.0,heun,400,0.003125,0.25,main,S1/S3,84.80038939666382,2.967621487160532
9.0,heun,400,0.003125,0.25,main,S2/S3,1.696877686467114,1.1576311679593734
9.0,heun,400,0.003125,0.5,main,S2/S1,0.0199711769725652,0.07914873003724449
9.0,heun,400,0.003125,0.5,main,S3/S4,5.886256793794043,2.804420390485641
9.0,heun,400,0.003125,0.5,main,S1/S3,229.53229089606117,13.978687483839455
9.0,heun,400,0.003125,0.5,main,S2/S3,4.584030002403553,1.1063953619334175
9.0,heun,200,0.0125,0.25,main,S2/S1,0.03923426531663096,0.6014910454228712
9.0,heun,200,0.0125,0.25,main,S3/S4,4.371683645112557,2.876543107497132
9.0,heun,200,0.0125,0.25,main,S1/S3,43.43253008764025,1.9273557156341048
9.0,heun,200,0.0125,0.25,main,S2/S3,1.7040434088310348,1.1592872042985038
9.0,heun,200,0.0125,0.5,main,S2/S1,0.03908150064007093,0.1549803767590953
9.0,heun,200,0.0125,0.5,main,S3/S4,5.741976936829601,2.7905676687808767
9.0,heun,200,0.0125,0.5,main,S1/S3,120.57941163480172,7.2002768029767195
9.0,heun,200,0.0125,0.5,main,S2/S3,4.71242435298488,1.1159016116951062
9.0,rk4,400,0.003125,0.25,main,S2/S1,0.020002873576279293,0.39008266549246656
9.0,rk4,400,0.003125,0.25,main,S3/S4,4.368946801863701,2.8905317345816663
9.0,rk4,400,0.003125,0.25,main,S1/S3,85.10262886069444,2.9682959551589256
9.0,rk4,400,0.003125,0.25,main,S2/S3,1.7022971261094884,1.1578807981589008
9.0,rk4,400,0.003125,0.5,main,S2/S1,0.0199638306073466,0.07914898963066516
9.0,rk4,400,0.003125,0.5,main,S3/S4,5.920521408182126,2.8037620200257076
9.0,rk4,400,0.003125,0.5,main,S1/S3,228.2175957428856,13.981577769064444
9.0,rk4,400,0.003125,0.5,main,S2/S3,4.5560974230268725,1.1066277538640201
9.0,rk4,200,0.0125,0.25,main,S2/S1,0.03917896605821547,0.6012578232484287
9.0,rk4,200,0.0125,0.25,main,S3/S4,4.315950711074847,2.874026600168846
9.0,rk4,200,0.0125,0.25,main,S1/S3,44.026418023879174,1.9298445181858612
9.0,rk4,200,0.0125,0.25,main,S2/S3,1.7249095374223677,1.1603341142123436
9.0,rk4,200,0.0125,0.5,main,S2/S1,0.03902616762364942,0.1549055569341147
9.0,rk4,200,0.0125,0.5,main,S3/S4,5.87531019927902,2.7881886677554304
9.0,rk4,200,0.0125,0.5,main,S1/S3,117.9351103422986,7.209502810046543
9.0,rk4,200,0.0125,0.5,main,S2/S3,4.602555384932136,1.1167920480083249
9.0,rk8,400,0.003125,0.25,main,S2/S1,0.020002873515691914,0.3900826654498956
9.0,rk8,400,0.003125,0.25,main,S3/S4,4.368946991633237,2.8905317413100655
9.0,rk8,400,0.003125,0.25,main,S1/S3,85.1026251543292,2.968295948295339
9.0,rk8,400,0.003125,0.25,main,S2/S3,1.702297046815388,1.1578807953551713
9.0,rk8,400,0.003125,0.5,main,S2/S1,0.01996383056495711,0.07914898960877344
9.0,rk8,400,0.003125,0.5,main,S3/S4,5.92052099037803,2.803762026583155
9.0,rk8,400,0.003125,0.5,main,S1/S3,228.21761176742518,13.9815777369578
9.0,rk8,400,0.003125,0.5,main,S2/S3,4.556097733264038,1.1066277510167308
9.0,rk8,200,0.0125,0.25,main,S2/S1,0.03917895869087851,0.6012578160774493
9.0,rk8,200,0.0125,0.25,main,S3/S4,4.31596169405926,2.874027047168565
9.0,rk8,200,0.0125,0.25,main,S1/S3,44.02630645551704,1.929844230912108
9.0,rk8,200,0.0125,0.25,main,S2/S3,1.7249048419326596,1.160333927647879
9.0,rk8,200,0.0125,0.5,main,S2/S1,0.03902616244278009,0.1549055523172142
9.0,rk8,200,0.0125,0.5,main,S3/S4,5.875284233511032,2.7881890296952325
9.0,rk8,200,0.0125,0.5,main,S1/S3,117.93563037722654,7.209501988343929
9.0,rk8,200,0.0125,0.5,main,S2/S3,4.602575068893313,1.1167918874364704
10.0,euler,400,0.003125,0.25,main,S2/S1,0.023641817754718405,0.4381015693839605
10.0,euler,400,0.003125,0.25,main,S3/S4,7.8099208479215,2.956525179406174
10.0,euler,400,0.003125,0.25,main,S1/S3,43.849778031272415,2.688877848424532
10.0,euler,400,0.003125,0.25,main,S2/S3,1.0366884608001972,1.1780016052765545
10.0,euler,400,0.003125,0.5,main,S2/S1,0.023934130887359895,0.09394091938161919
10.0,euler,400,0.003125,0.5,main,S3/S4,8.620280292360617,2.964641703655647
10.0,euler,400,0.003125,0.5,main,S1/S3,144.5207186289439,11.974242411804733
10.0,euler,400,0.003125,0.5,main,S2/S3,3.4589777956004553,1.1248713410633138
10.0,euler,200,0.0125,0.25,main,S2/S1,0.04608136690985995,0.6571523308483761
10.0,euler,200,0.0125,0.25,main,S3/S4,7.810033044547017,2.946583429142527
10.0,euler,200,0.0125,0.25,main,S1/S3,21.68136750059008,1.7972912318752479
10.0,euler,200,0.0125,0.25,main,S2/S3,0.9991070509022046,1.1810941222401683
10.0,euler,200,0.0125,0.5,main,S2/S1,0.04655675082605375,0.19053346603091048
10.0,euler,200,0.0125,0.5,main,S3/S4,8.710261413588597,2.9344907156355204
10.0,euler,200,0.0125,0.5,main,S1/S3,70.50869724480613,5.945585303357892
10.0,euler,200,0.0125,0.5,main,S2/S3,3.282655848696101,1.1328329754312216
10.0,heun,400,0.003125,0.25,main,S2/S1,0.02315367911497049,0.4423355820791208
10.0,heun,400,0.003125,0.25,main,S3/S4,5.01497686298005,2.8950863724402622
10.0,heun,400,0.003125,0.25,main,S1/S3,65.20943374337509,2.618773029483207
10.0,heun,400,0.003125,0.25,main,S2/S3,1.5098383041630357,1.158376492329557
10.0,heun,400,0.003125,0.5,main,S2/S1,0.023107880608952896,0.09493642193066928
10.0,heun,400,0.003125,0.5,main,S3/S4,7.109083389962466,2.792856109872661
10.0,heun,400,0.003125,0.5,main,S1/S3,161.40718066811974,11.612022895975311
10.0,heun,400,0.003125,0.5,main,S2/S3,3.729777860306601,1.1024039051209045
10.0,heun,200,0.0125,0.25,main,S2/S1,0.04524131991022711,0.6462553933721384
10.0,heun,200,0.0125,0.25,main,S3/S4,4.989676771503849,2.8808880700033206
10.0,heun,200,0.0125,0.25,main,S1/S3,33.58082627381837,1.8010433798421024
10.0,heun,200,0.0125,0.25,main,S2/S3,1.5192409043035766,1.1639339979201437
10.0,heun,200,0.0125,0.5,main,S2/S1,0.0450612012490709,0.18529981221275055
10.0,heun,200,0.0125,0.5,main,S3/S4,6.922684756334463,2.784494250567314
10.0,heun,200,0.0125,0.5,main,S1/S3,85.23787162236478,5.9801341729382695
10.0,heun,200,0.0125,0.5,main,S2/S3,3.840920887217849,1.1081177392525137
10.0,rk4,400,0.003125,0.25,main,S2/S1,0.02314557920384081,0.44233027956830223
10.0,rk4,400,0.003125,0.25,main,S3/S4,5.0226064136978215,2.8944004073908665
10.0,rk4,400,0.003125,0.25,main,S1/S3,65.11356370086298,2.6194225852128112
10.0,rk4,400,0.003125,0.25,main,S2/S3,1.507091145882658,1.1586499244247077
10.0,rk4,400,0.003125,0.5,main,S2/S1,0.02309982147330554,0.09493540153174586
10.0,rk4,400,0.003125,0.5,main,S3/S4,7.145221410483314,2.7922122604324153
10.0,rk4,400,0.003125,0.5,main,S1/S3,160.59942490461327,11.614430978810512
10.0,rk4,400,0.003125,0.5,main,S2/S3,3.7098180440121067,1.1026206685361242
10.0,rk4,200,0.0125,0.25,main,S2/S1,0.04518105520358702,0.6460724322996411
10.0,rk4,200,0.0125,0.25,main,S3/S4,4.956638097094783,2.8780585081992935
10.0,rk4,200,0.0125,0.25,main,S1/S3,33.83002790755724,1.8033441156379026
10.0,rk4,200,0.0125,0.25,main,S2/S3,1.5284763584302332,1.165090919063425
10.0,rk4,200,0.0125,0.5,main,S2/S1,0.04500087598109936,0.18520680308351314
10.0,rk4,200,0.0125,0.5,main,S3/S4,7.0626940064272885,2.7820047013578852
10.0,rk4,200,0.0125,0.5,main,S1/S3,83.61191271137913,5.987943630375225
10.0,rk4,200,0.0125,0.5,main,S2/S3,3.7626093144672774,1.1090078968260813
10.0,rk8,400,0.003125,0.25,main,S2/S1,0.023145579137868622,0.4423302795333723
10.0,rk8,400,0.003125,0.25,main,S3/S4,5.022606156376837,2.8944004149759883
10.0,rk8,400,0.003125,0.25,main,S1/S3,65.1135670316091,2.6194225783508864
10.0,rk8,400,0.003125,0.25,main,S2/S3,1.5070912186790215,1.1586499212979744
10.0,rk8,400,0.003125,0.5,main,S2/S1,0.02309982142721121,0.09493540150949097
10.0,rk8,400,0.003125,0.5,main,S3/S4,7.145220966827042,2.792212266648453
10.0,rk8,400,0.003125,0.5,main,S1/S3,160.59943483501715,11.61443095324898
10.0,rk8,400,0.003125,0.5,main,S2/S3,3.7098182659999397,1.1026206658509519
10.0,rk8,200,0.0125,0.25,main,S2/S1,0.045181047234184014,0.6460724272698528
10.0,rk8,200,0.0125,0.25,main,S3/S4,4.956622937398387,2.8780590143884406
10.0,rk8,200,0.0125,0.25,main,S1/S3,33.83013161941264,1.8033438045209231
10.0,rk8,200,0.0125,0.25,main,S2/S3,1.5284807746353446,1.1650907089888838
10.0,rk8,200,0.0125,0.5,main,S2/S1,0.045000870381167984,0.18520679847178725
10.0,rk8,200,0.0125,0.5,main,S3/S4,7.062666558110881,2.7820050845580444
10.0,rk8,200,0.0125,0.5,main,S1/S3,83.61223682002998,5.987942878105166
10.0,rk8,200,0.0125,0.5,main,S2/S3,3.76262343141769,1.109007729885797
11.0,euler,400,0.003125,0.25,main,S2/S1,0.026809357204876327,0.4885897235362074
11.0,euler,400,0.003125,0.25,main,S3/S4,8.86802151007019,2.9797516018261883
11.0,euler,400,0.003125,0.25,main,S1/S3,33.83343522390728,2.414095957993554
11.0,euler,400,0.003125,0.25,main,S2/S3,0.9070526503857751,1.179502476705946
11.0,euler,400,0.003125,0.5,main,S2/S1,0.027121548216406492,0.11145530124181124
11.0,euler,400,0.003125,0.5,main,S3/S4,9.939617914845476,2.974253228828401
11.0,euler,400,0.003125,0.5,main,S1/S3,106.85312477649177,9.982129685215774
11.0,euler,400,0.003125,0.5,main,S2/S3,2.8980221756993205,1.1125612711005506
11.0,euler,200,0.0125,0.25,main,S2/S1,0.05207898690508964,0.6984279383694529
11.0,euler,200,0.0125,0.25,main,S3/S4,8.799999250604268,2.968013493215207
11.0,euler,200,0.0125,0.25,main,S1/S3,16.964177079754492,1.7048601723868668
11.0,euler,200,0.0125,0.25,main,S2/S3,0.8834771559921561,1.1907219754083496
11.0,euler,200,0.0125,0.5,main,S2/S1,0.0525776767740663,0.22541271535190419
11.0,euler,200,0.0125,0.5,main,S3/S4,9.994135835606874,2.947682261054767
11.0,euler,200,0.0125,0.5,main,S1/S3,52.54444489421995,4.9429556054029815
11.0,euler,200,0.0125,0.5,main,S2/S3,2.762664839921035,1.1142050448778016
11.0,heun,400,0.003125,0.25,main,S2/S1,0.02628520712370163,0.48964615897914543
11.0,heun,400,0.003125,0.25,main,S3/S4,5.934659408877193,2.913190187555252
11.0,heun,400,0.003125,0.25,main,S1/S3,48.927838385667215,2.377894799227441
11.0,heun,400,0.003125,0.25,main,S2/S3,1.2860783660822621,1.1643270548982028
11.0,heun,400,0.003125,0.5,main,S2/S1,0.026233742816004373,0.11224784520954971
11.0,heun,400,0.003125,0.5,main,S3/S4,8.403030682225161,2.7945461736612685
11.0,heun,400,0.003125,0.5,main,S1/S3,118.76124682792542,9.872861485442792
11.0,heun,400,0.003125,0.5,main,S2/S3,3.1155520057918102,1.1082074277933076
11.0,heun,200,0.0125,0.25,main,S2/S1,0.051183062208874905,0.6856550551384282
11.0,heun,200,0.0125,0.25,main,S3/S4,5.8357617019487416,2.903441854988352
11.0,heun,200,0.0125,0.25,main,S1/S3,25.775192400139296,1.7150438682693907
11.0,heun,200,0.0125,0.25,main,S2/S3,1.3192532760620492,1.1759284980630722
11.0,heun,200,0.0125,0.5,main,S2/S1,0.05098049721750787,0.217112736979978
11.0,heun,200,0.0125,0.5,main,S3/S4,8.165279371122615,2.784308988054389
11.0,heun,200,0.0125,0.5,main,S1/S3,63.075859993019854,5.060886645927927
11.0,heun,200,0.0125,0.5,main,S2/S3,3.215638704866065,1.098782951242833
11.0,rk4,400,0.003125,0.25,main,S2/S1,0.026276511735672855,0.4896394797941071
11.0,rk4,400,0.003125,0.25,main,S3/S4,5.95647555796653,2.91243226776115
11.0,rk4,400,0.003125,0.25,main,S1/S3,48.748844115148316,2.378533843609487
11.0,rk4,400,0.003125,0.25,main,S2/S3,1.2809495744921815,1.1646240738576272
11.0,rk4,400,0.003125,0.5,main,S2/S1,0.02622508960339913,0.11224670481711357
11.0,rk4,400,0.003125,0.5,main,S3/S4,8.440518807787038,2.7938605486877317
11.0,rk4,400,0.003125,0.5,main,S1/S3,118.2395852974929,9.875076924666917
11.0,rk4,400,0.003125,0.5,main,S2/S3,3.100843719095505,1.108444844609377
11.0,rk4,200,0.0125,0.25,main,S2/S1,0.0511187920613721,0.6854689482037357
11.0,rk4,200,0.0125,0.25,main,S3/S4,5.916513096456389,2.9011026895564553
11.0,rk4,200,0.0125,0.25,main,S1/S3,25.435275119974076,1.7168730070349931
11.0,rk4,200,0.0125,0.25,main,S2/S3,1.300220539881746,1.1768631343316618
11.0,rk4,200,0.0125,0.5,main,S2/S1,0.050916138955805185,0.21700537208632448
11.0,rk4,200,0.0125,0.5,main,S3/S4,8.309602233958024,2.7817088559677887
11.0,rk4,200,0.0125,0.5,main,S1/S3,62.02709887390569,5.067515012132791
11.0,rk4,200,0.0125,0.5,main,S2/S3,3.1581803852892496,1.0996779807609112
11.0,rk8,400,0.003125,0.25,main,S2/S1,0.026276511665256193,0.4896394797624437
11.0,rk8,400,0.003125,0.25,main,S3/S4,5.956475286578918,2.912432276195897
11.0,rk8,400,0.003125,0.25,main,S1/S3,48.748846345017476,2.378533836705241
11.0,rk8,400,0.003125,0.25,main,S2/S3,1.2809496296526333,1.1646240704017237
11.0,rk8,400,0.003125,0.5,main,S2/S1,0.026225089554239956,0.11224670479711675
11.0,rk8,400,0.003125,0.5,main,S3/S4,8.440518344782879,2.7938605553414715
11.0,rk8,400,0.003125,0.5,main,S1/S3,118.23959175507625,9.875076901253207
11.0,rk8,400,0.003125,0.5,main,S2/S3,3.100843882633647,1.1084448417837953
11.0,rk8,200,0.0125,0.25,main,S2/S1,0.05111878360863844,0.6854689435842799
11.0,rk8,200,0.0125,0.25,main,S3/S4,5.916497145354049,2.9011030886687283
11.0,rk8,200,0.0125,0.25,main,S1/S3,25.435344866342472,1.7168727754279618
11.0,rk8,200,0.0125,0.25,main,S2/S3,1.3002238902336534,1.1768629676412157
11.0,rk8,200,0.0125,0.5,main,S2/S1,0.050916133019093014,0.21700536755275263
11.0,rk8,200,0.0125,0.5,main,S3/S4,8.309573793536167,2.7817092620779134
11.0,rk8,200,0.0125,0.5,main,S1/S3,62.02731049515119,5.067514317170686
11.0,rk8,200,0.0125,0.5,main,S2/S3,3.158190791987702,1.0996778069764612
12.0,euler,400,0.003125,0.25,main,S2/S1,0.029955863939863617,0.5335746032287624
12.0,euler,400,0.003125,0.25,main,S3/S4,9.470706402350112,3.002476140015174
12.0,euler,400,0.003125,0.25,main,S1/S3,26.945464575276322,2.2093362636895875
12.0,euler,400,0.003125,0.25,main,S2/S3,0.8071746706133924,1.178845720297088
12.0,euler,400,0.003125,0.5,main,S2/S1,0.03028279967646638,0.13008671893349677
12.0,euler,400,0.003125,0.5,main,S3/S4,11.304888928761988,2.9659872995180914
12.0,euler,400,0.003125,0.5,main,S1/S3,81.99123474282268,8.568116900199428
12.0,euler,400,0.003125,0.5,main,S2/S3,2.4829241369430295,1.1145982149855864
12.0,euler,400,0.0015625,0.25,time_half,S2/S1,0.02967652004060795,0.5330072140277171
12.0,euler,400,0.0015625,0.25,time_half,S3/S4,7.9928938903902855,2.972131713955696
12.0,euler,400,0.0015625,0.25,time_half,S1/S3,31.512170238222367,2.1963233897305217
12.0,euler,400,0.0015625,0.25,time_half,S2/S3,0.9351715515976554,1.1706562110641774
12.0,euler,400,0.0015625,0.5,time_half,S2/S1,0.0298110354491614,0.1300655601768461
12.0,euler,400,0.0015625,0.5,time_half,S3/S4,10.508589692700454,2.8630581345503248
12.0,euler,400,0.0015625,0.5,time_half,S1/S3,86.09818314090417,8.59986288909187
12.0,euler,400,0.0015625,0.5,time_half,S2/S3,2.5666759897218845,1.1185459841138041
12.0,euler,200,0.0125,0.25,main,S2/S1,0.05799423471702095,0.7423851588456184
12.0,euler,200,0.0125,0.25,main,S3/S4,9.339933182506924,2.9532274799385956
12.0,euler,200,0.0125,0.25,main,S1/S3,13.531718026674842,1.6015869199541493
12.0,euler,200,0.0125,0.25,main,S2/S3,0.7847616313635243,1.188994359975226
12.0,euler,200,0.0125,0.5,main,S2/S1,0.05850962856366262,0.25751132941670074
12.0,euler,200,0.0125,0.5,main,S3/S4,11.3488554176857,3.0035155354495306
12.0,euler,200,0.0125,0.5,main,S1/S3,40.51156229699385,4.239177708233051
12.0,euler,200,0.0125,0.5,main,S2/S3,2.3703164625307886,1.0916362872807355
12.0,euler,200,0.00625,0.25,time_half,S2/S1,0.05750703224759752,0.7350065545873474
12.0,euler,200,0.00625,0.25,time_half,S3/S4,7.849096530295199,2.9274403811400562
12.0,euler,200,0.00625,0.25,time_half,S1/S3,16.220056754989308,1.6052132689071688
12.0,euler,200,0.00625,0.25,time_half,S2/S3,0.932767326867032,1.1798422741573513
12.0,euler,200,0.00625,0.5,time_half,S2/S1,0.0576529518819166,0.251586041225075
12.0,euler,200,0.00625,0.5,time_half,S3/S4,10.428106843325809,2.908093651721483
12.0,euler,200,0.00625,0.5,time_half,S1/S3,43.989975436437625,4.330056930231393
12.0,euler,200,0.00625,0.5,time_half,S2/S3,2.536151937123632,1.0893818813561171
12.0,heun,400,0.003125,0.25,main,S2/S1,0.02940167679103606,0.5324419529264957
12.0,heun,400,0.003125,0.25,main,S3/S4,6.572656837020596,2.943454441594577
12.0,heun,400,0.003125,0.25,main,S1/S3,37.836139202652106,2.1832558213131676
12.0,heun,400,0.003125,0.25,main,S2/S3,1.1124459358570262,1.162456993238123
12.0,heun,400,0.003125,0.5,main,S2/S1,0.02934364976820519,0.13004253820270747
12.0,heun,400,0.003125,0.5,main,S3/S4,9.765231916334807,2.782060271491813
12.0,heun,400,0.003125,0.5,main,S1/S3,90.51896837311787,8.585650355435964
12.0,heun,400,0.003125,0.5,main,S2/S3,2.656156905320013,1.1164997643418706
12.0,heun,400,0.0015625,0.25,time_half,S2/S1,0.02939479240244046,0.5324360428761881
12.0,heun,400,0.0015625,0.25,time_half,S3/S4,6.588745715143383,2.9429315391875344
12.0,heun,400,0.0015625,0.25,time_half,S1/S3,37.74390785292662,2.183655483374056
12.0,heun,400,0.0015625,0.25,time_half,S2/S3,1.1094743357936203,1.162656884572572
12.0,heun,400,0.0015625,0.5,time_half,S2/S1,0.02933679565980868,0.13004062628869387
12.0,heun,400,0.0015625,0.5,time_half,S3/S4,9.794040337399013,2.781588667658899
12.0,heun,400,0.0015625,0.5,time_half,S1/S3,90.25570814549641,8.587001153342984
12.0,heun,400,0.0015625,0.5,time_half,S2/S3,2.647813266995758,1.116659007922458
12.0,heun,200,0.0125,0.25,main,S2/S1,0.05705327368846532,0.7277815918991656
12.0,heun,200,0.0125,0.25,main,S3/S4,6.39423592089391,2.9042170563312073
12.0,heun,200,0.0125,0.25,main,S1/S3,20.05435752423122,1.608067071071294
12.0,heun,200,0.0125,0.25,main,S2/S3,1.1441667484762976,1.170321612864895
12.0,heun,200,0.0125,0.5,main,S2/S1,0.056830387518365576,0.24777173502766406
12.0,heun,200,0.0125,0.5,main,S3/S4,9.461415380604718,2.823552985300514
12.0,heun,200,0.0125,0.5,main,S1/S3,48.38976772613819,4.417513543867191
12.0,heun,200,0.0125,0.5,main,S2/S3,2.750009251800133,1.0945349952721788
12.0,heun,200,0.00625,0.25,time_half,S2/S1,0.05700293174131275,0.7276359391532906
12.0,heun,200,0.00625,0.25,time_half,S3/S4,6.451631204309403,2.9023902048500205
12.0,heun,200,0.00625,0.25,time_half,S1/S3,19.882793756390964,1.6093764893282463
12.0,heun,200,0.00625,0.25,time_half,S2/S3,1.1333775353221531,1.1710401732635842
12.0,heun,200,0.00625,0.5,time_half,S2/S1,0.05677989835608402,0.24768718781825166
12.0,heun,200,0.00625,0.5,time_half,S3/S4,9.57162122319036,2.8214722481545835
12.0,heun,200,0.00625,0.5,time_half,S1/S3,47.85950925422826,4.422057540566953
12.0,heun,200,0.00625,0.5,time_half,S2/S3,2.717458070827143,1.0952869965935228
12.0,rk4,400,0.003125,0.25,main,S2/S1,0.02939248468387803,0.5324340619628539
12.0,rk4,400,0.003125,0.25,main,S3/S4,6.594136653917277,2.9427574671074943
12.0,rk4,400,0.003125,0.25,main,S1/S3,37.71310427152631,2.1837885806633115
12.0,rk4,400,0.003125,0.25,main,S2/S3,1.1084818396823324,1.1627234244706623
12.0,rk4,400,0.003125,0.5,main,S2/S1,0.0293345010203794,0.13003998290133767
12.0,rk4,400,0.003125,0.5,main,S3/S4,9.803648386169252,2.781432389566632
12.0,rk4,400,0.003125,0.5,main,S1/S3,90.16825197573797,8.587448751916268
12.0,rk4,400,0.003125,0.5,main,S2/S3,2.6450406795881123,1.116711688865305
12.0,rk4,400,0.0015625,0.25,time_half,S2/S1,0.02939248461443137,0.5324340619362758
12.0,rk4,400,0.0015625,0.25,time_half,S3/S4,6.594136402398989,2.9427574743017497
12.0,rk4,400,0.0015625,0.25,time_half,S1/S3,37.713105716097,2.183788575305432
12.0,rk4,400,0.0015625,0.25,time_half,S2/S3,1.1084818795228049,1.162723421559904
12.0,rk4,400,0.0015625,0.5,time_half,S2/S1,0.029334500971909455,0.13003998288179533
12.0,rk4,400,0.0015625,0.5,time_half,S3/S4,9.803647939118523,2.78143239514362
12.0,rk4,400,0.0015625,0.5,time_half,S1/S3,90.16825607018356,8.58744873472
12.0,rk4,400,0.0015625,0.5,time_half,S2/S3,2.6450407953261803,1.1167116864612836
12.0,rk4,200,0.0125,0.25,main,S2/S1,0.056985777621852515,0.7275868090572672
12.0,rk4,200,0.0125,0.25,main,S3/S4,6.471205882752484,2.9017833926280425
12.0,rk4,200,0.0125,0.25,main,S1/S3,19.824959211077367,1.6098131507054168
12.0,rk4,200,0.0125,0.25,main,S2/S3,1.1297407169647515,1.17127881350018
12.0,rk4,200,0.0125,0.5,main,S2/S1,0.05676277955957067,0.24765856115691176
12.0,rk4,200,0.0125,0.5,main,S3/S4,9.608519543246606,2.8207929788969253
12.0,rk4,200,0.0125,0.5,main,S1/S3,47.68471607307064,4.423557647730872
12.0,rk4,200,0.0125,0.5,main,S2/S3,2.706717026816425,1.0955319222316808
12.0,rk4,200,0.00625,0.25,time_half,S2/S1,0.056985769339864545,0.7275868049655638
12.0,rk4,200,0.00625,0.25,time_half,S3/S4,6.471191584311273,2.9017837873070595
12.0,rk4,200,0.00625,0.25,time_half,S1/S3,19.825003867181007,1.6098129355286903
12.0,rk4,200,0.00625,0.25,time_half,S2/S3,1.1297430975370994,1.1712786503535548
12.0,rk4,200,0.00625,0.5,time_half,S2/S1,0.05676277374410613,0.24765855733975542
12.0,rk4,200,0.00625,0.5,time_half,S3/S4,9.6084922519708,2.820793390367233
12.0,rk4,200,0.00625,0.5,time_half,S1/S3,47.684850970212075,4.423557037119621
12.0,rk4,200,0.00625,0.5,time_half,S2/S3,2.7067244066435676,1.0955317541231682
12.0,rk8,400,0.003125,0.25,main,S2/S1,0.029392484609790055,0.5324340619351078
12.0,rk8,400,0.003125,0.25,main,S3/S4,6.594136385695197,2.9427574747765792
12.0,rk8,400,0.003125,0.25,main,S1/S3,37.713105811923796,2.183788574947842
12.0,rk8,400,0.003125,0.25,main,S2/S3,1.108481882164354,1.1627234213669602
12.0,rk8,400,0.003125,0.5,main,S2/S1,0.029334500968694464,0.13003998288072705
12.0,rk8,400,0.003125,0.5,main,S3/S4,9.8036479091784,2.7814323955148397
12.0,rk8,400,0.003125,0.5,main,S1/S3,90.16825634465448,8.587448733577272
12.0,rk8,400,0.003125,0.5,main,S2/S3,2.6450408030877575,1.1167116863035096
12.0,rk8,400,0.0015625,0.25,time_half,S2/S1,0.029392484609782468,0.532434061934484
12.0,rk8,400,0.0015625,0.25,time_half,S3/S4,6.594136385758421,2.9427574747779532
12.0,rk8,400,0.0015625,0.25,time_half,S1/S3,37.71310581197591,2.1837885749513815
12.0,rk8,400,0.0015625,0.25,time_half,S2/S3,1.1084818821655995,1.1627234213674822
12.0,rk8,400,0.0015625,0.5,time_half,S2/S1,0.029334500968666903,0.1300399828804262
12.0,rk8,400,0.0015625,0.5,time_half,S3/S4,9.803647909339071,2.781432395513681
12.0,rk8,400,0.0015625,0.5,time_half,S1/S3,90.16825634397307,8.587448733579693
12.0,rk8,400,0.0015625,0.5,time_half,S2/S3,2.6450408030652834,1.1167116863012407
12.0,rk8,200,0.0125,0.25,main,S2/S1,0.056985768783051644,0.727586804690827
12.0,rk8,200,0.0125,0.25,main,S3/S4,6.471190613855575,2.901783813496228
12.0,rk8,200,0.0125,0.25,main,S1/S3,19.825006898067212,1.609812921253035
12.0,rk8,200,0.0125,0.25,main,S2/S3,1.129743259215662,1.1712786395245016
12.0,rk8,200,0.0125,0.5,main,S2/S1,0.056762773353366665,0.24765855708358556
12.0,rk8,200,0.0125,0.5,main,S3/S4,9.608490427714754,2.82079341714978
12.0,rk8,200,0.0125,0.5,main,S1/S3,47.68485999029135,4.423556997444039
12.0,rk8,200,0.0125,0.5,main,S2/S3,2.70672490001593,1.0955317431639888
12.0,rk8,200,0.00625,0.25,time_half,S2/S1,0.056985768783044795,0.7275868046908095
12.0,rk8,200,0.00625,0.25,time_half,S3/S4,6.471190613844554,2.901783813495983
12.0,rk8,200,0.00625,0.25,time_half,S1/S3,19.82500689802079,1.609812921253171
12.0,rk8,200,0.00625,0.25,time_half,S2/S3,1.1297432592128809,1.1712786395245725
12.0,rk8,200,0.00625,0.5,time_half,S2/S1,0.056762773353351025,0.24765855708357448
12.0,rk8,200,0.00625,0.5,time_half,S3/S4,9.608490427712193,2.8207934171499627
12.0,rk8,200,0.00625,0.5,time_half,S1/S3,47.684859990312724,4.423556997444364
12.0,rk8,200,0.00625,0.5,time_half,S2/S3,2.7067249000163973,1.0955317431640204
13.0,euler,400,0.003125,0.25,main,S2/S1,0.03308106150472156,0.5722100409960643
13.0,euler,400,0.003125,0.25,main,S3/S4,10.074369526274069,3.0389885502609
13.0,euler,400,0.003125,0.25,main,S1/S3,21.946617483379754,2.052426109462713
13.0,euler,400,0.003125,0.25,main,S2/S3,0.7260174027882831,1.174418828237052
13.0,euler,400,0.003125,0.5,main,S2/S1,0.03341971991585668,0.14896346872260915
13.0,euler,400,0.003125,0.5,main,S3/S4,12.73565458295193,2.9657148695263227
13.0,euler,400,0.003125,0.5,main,S1/S3,64.66204997046323,7.462061024704791
13.0,euler,400,0.003125,0.5,main,S2/S3,2.1609875991980103,1.1115744940598131
13.0,euler,200,0.0125,0.25,main,S2/S1,0.06475111424155906,0.7586862591020536
13.0,euler,200,0.0125,0.25,main,S3/S4,9.882297182441668,3.062411200735804
13.0,euler,200,0.0125,0.25,main,S1/S3,11.166012217179889,1.5483258331873184
13.0,euler,200,0.0125,0.25,main,S2/S3,0.7230117326972593,1.1746935342519569
13.0,euler,200,0.0125,0.5,main,S2/S1,0.06435026710290882,0.29194977166831415
13.0,euler,200,0.0125,0.5,main,S3/S4,12.668339232664556,2.9600539083123607
13.0,euler,200,0.0125,0.5,main,S1/S3,32.343570882020906,3.7519229273750163
13.0,euler,200,0.0125,0.5,main,S2/S3,2.0813174253199094,1.095373041964249
13.0,heun,400,0.003125,0.25,main,S2/S1,0.03400226108789683,0.5723806736669977
13.0,heun,400,0.003125,0.25,main,S3/S4,7.211546631223958,2.9755487401603613
13.0,heun,400,0.003125,0.25,main,S1/S3,30.045558531656415,2.0388967448141533
13.0,heun,400,0.003125,0.25,main,S2/S3,1.0216169257250676,1.1670250923341736
13.0,heun,400,0.003125,0.5,main,S2/S1,0.032437566852989326,0.14788776302680817
13.0,heun,400,0.003125,0.5,main,S3/S4,11.173269007991518,2.795515046066769
13.0,heun,400,0.003125,0.5,main,S1/S3,71.07116357599537,7.51774545366885
13.0,heun,400,0.003125,0.5,main,S2/S3,2.3053756198160897,1.1117825581480432
13.0,heun,200,0.0125,0.25,main,S2/S1,0.06484503409372679,0.7449299488656732
13.0,heun,200,0.0125,0.25,main,S3/S4,7.042746196691704,3.008380466984559
13.0,heun,200,0.0125,0.25,main,S1/S3,15.984710544881851,1.5567722243975897
13.0,heun,200,0.0125,0.25,main,S2/S3,1.0365291002612176,1.1596862535159966
13.0,heun,200,0.0125,0.5,main,S2/S1,0.0626063010425018,0.28253781581580084
13.0,heun,200,0.0125,0.5,main,S3/S4,10.8477178495827,2.7739482834656517
13.0,heun,200,0.0125,0.5,main,S1/S3,38.05503651035779,3.9464304657229934
13.0,heun,200,0.0125,0.5,main,S2/S3,2.382485071950857,1.1150158440543083
13.0,rk4,400,0.003125,0.25,main,S2/S1,0.03400343067502701,0.5723730937986454
13.0,rk4,400,0.003125,0.25,main,S3/S4,7.2325404377894715,2.974803993425145
13.0,rk4,400,0.003125,0.25,main,S1/S3,29.95855970194076,2.0394207938376683
13.0,rk4,400,0.003125,0.25,main,S2/S3,1.0186938079486005,1.1673095893261556
13.0,rk4,400,0.003125,0.5,main,S2/S1,0.03242800334588605,0.14788365324210945
13.0,rk4,400,0.003125,0.5,main,S3/S4,11.212313771365297,2.794858488900365
13.0,rk4,400,0.003125,0.5,main,S1/S3,70.8267000281556,7.5194137111597925
13.0,rk4,400,0.003125,0.5,main,S2/S3,2.296768465491098,1.111998369845118
13.0,rk4,200,0.0125,0.25,main,S2/S1,0.06482374612284354,0.7447917407080532
13.0,rk4,200,0.0125,0.25,main,S3/S4,7.1182897743368265,3.0057744750982547
13.0,rk4,200,0.0125,0.25,main,S1/S3,15.822282568027761,1.5583683100540244
13.0,rk4,200,0.0125,0.25,main,S2/S3,1.0256596282737247,1.160659846309404
13.0,rk4,200,0.0125,0.5,main,S2/S1,0.06253610680747973,0.2824207561330941
13.0,rk4,200,0.0125,0.5,main,S3/S4,10.99614045797589,2.771059213937658
13.0,rk4,200,0.0125,0.5,main,S1/S3,37.56906293608722,3.9518329370042813
13.0,rk4,200,0.0125,0.5,main,S2/S3,2.3494229324280784,1.116079646180415
13.0,rk8,400,0.003125,0.25,main,S2/S1,0.034003430673614214,0.5723730937796346
13.0,rk8,400,0.003125,0.25,main,S3/S4,7.232540174921131,2.9748040016767914
13.0,rk8,400,0.003125,0.25,main,S1/S3,29.95856079661552,2.0394207881496405
13.0,rk8,400,0.003125,0.25,main,S2/S3,1.0186938451289724,1.1673095860317104
13.0,rk8,400,0.003125,0.5,main,S2/S1,0.0324280032920871,0.14788365322029914
13.0,rk8,400,0.003125,0.5,main,S3/S4,11.212313284687367,2.7948584951780444
13.0,rk8,400,0.003125,0.5,main,S1/S3,70.82670308936804,7.519413694235973
13.0,rk8,400,0.003125,0.5,main,S2/S3,2.2967685609497024,1.111998367178361
13.0,rk8,200,0.0125,0.25,main,S2/S1,0.06482374453579741,0.7447917375500336
13.0,rk8,200,0.0125,0.25,main,S3/S4,7.118274749781569,3.0057749311228075
13.0,rk8,200,0.0125,0.25,main,S1/S3,15.822316692065696,1.5583680755583273
13.0,rk8,200,0.0125,0.25,main,S2/S3,1.02566181521095,1.1606596667375886
13.0,rk8,200,0.0125,0.5,main,S2/S1,0.06253610038759225,0.2824207525739965
13.0,rk8,200,0.0125,0.5,main,S3/S4,10.996110962537543,2.771059675066138
13.0,rk8,200,0.0125,0.5,main,S1/S3,37.56916319515997,3.9518322989212096
13.0,rk8,200,0.0125,0.5,main,S2/S3,2.34942896105036,1.1160794519075545
14.0,euler,400,0.003125,0.25,main,S2/S1,0.04047289313112055,0.6094050948466608
14.0,euler,400,0.003125,0.25,main,S3/S4,10.714569339762804,3.0640565106421906
14.0,euler,400,0.003125,0.25,main,S1/S3,18.223708717773825,1.9385281108293284
14.0,euler,400,0.003125,0.25,main,S2/S3,0.73756621538713,1.1813489072428651
14.0,euler,400,0.003125,0.5,main,S2/S1,0.03653300907194646,0.168141693418352
14.0,euler,400,0.003125,0.5,main,S3/S4,14.21688626680655,2.9817087804415072
14.0,euler,400,0.003125,0.5,main,S1/S3,52.19580057179736,6.5724751820269915
14.0,euler,400,0.003125,0.5,main,S2/S3,1.9068696558069815,1.1051071070561096
14.0,euler,200,0.0125,0.25,main,S2/S1,0.07990367734957877,0.7687870671422222
14.0,euler,200,0.0125,0.25,main,S3/S4,10.515412878696365,3.0391268719517326
14.0,euler,200,0.0125,0.25,main,S1/S3,9.361042136495433,1.5024651807535105
14.0,euler,200,0.0125,0.25,main,S2/S3,0.7479816905303427,1.1550757997948002
14.0,euler,200,0.0125,0.5,main,S2/S1,0.07010161737460945,0.3292833114568792
14.0,euler,200,0.0125,0.5,main,S3/S4,14.00444449771356,2.985099608288774
14.0,euler,200,0.0125,0.5,main,S1/S3,26.44293909660511,3.3947570072973092
14.0,euler,200,0.0125,0.5,main,S2/S3,1.853692798810312,1.117836828954303
14.0,heun,400,0.003125,0.25,main,S2/S1,0.04186610067930735,0.6080087644385602
14.0,heun,400,0.003125,0.25,main,S3/S4,7.868942355302689,2.997134174768726
14.0,heun,400,0.003125,0.25,main,S1/S3,24.428309314541,1.9364998371652975
14.0,heun,400,0.003125,0.25,main,S2/S3,1.022718057187835,1.1774088733303456
14.0,heun,400,0.003125,0.5,main,S2/S1,0.035514795212003424,0.16747688310583334
14.0,heun,400,0.003125,0.5,main,S3/S4,12.655345422122426,2.7982350506348883
14.0,heun,400,0.003125,0.5,main,S1/S3,57.02710274962423,6.7024688584639485
14.0,heun,400,0.003125,0.5,main,S2/S3,2.0253058756867817,1.122508593529455
14.0,heun,200,0.0125,0.25,main,S2/S1,0.07937912695040142,0.7550470238547329
14.0,heun,200,0.0125,0.25,main,S3/S4,7.663906434996963,2.9841384796308366
14.0,heun,200,0.0125,0.25,main,S1/S3,13.169719488859023,1.5145560381902985
14.0,heun,200,0.0125,0.25,main,S2/S3,1.045400835207316,1.1435610290968
14.0,heun,200,0.0125,0.5,main,S2/S1,0.06830453846999696,0.31881071600682787
14.0,heun,200,0.0125,0.5,main,S3/S4,12.190185046151544,2.781436081149895
14.0,heun,200,0.0125,0.5,main,S1/S3,30.881799854361244,3.596446339750832
14.0,heun,200,0.0125,0.5,main,S2/S3,2.109367086174964,1.1465856326560984
14.0,rk4,400,0.003125,0.25,main,S2/S1,0.04186711640503979,0.6080008303357042
14.0,rk4,400,0.003125,0.25,main,S3/S4,7.889427498969733,2.996339730917785
14.0,rk4,400,0.003125,0.25,main,S1/S3,24.36508440766543,1.9370215008702591
14.0,rk4,400,0.003125,0.25,main,S2/S3,1.0200958251143486,1.1777106809072295
14.0,rk4,400,0.003125,0.5,main,S2/S1,0.03550488385412457,0.1674732769959329
14.0,rk4,400,0.003125,0.5,main,S3/S4,12.694758972970401,2.7975461004240008
14.0,rk4,400,0.003125,0.5,main,S1/S3,56.8524290968155,6.704047504262655
14.0,rk4,400,0.003125,0.5,main,S2/S3,2.0185388919072866,1.1227488046752723
14.0,rk4,200,0.0125,0.25,main,S2/S1,0.07934995466836076,0.7549111455266272
14.0,rk4,200,0.0125,0.25,main,S3/S4,7.738217149785111,2.9814547690874798
14.0,rk4,200,0.0125,0.25,main,S1/S3,13.049124029271656,1.5161352978193603
14.0,rk4,200,0.0125,0.25,main,S2/S3,1.035447400184523,1.1445474344501674
14.0,rk4,200,0.0125,0.5,main,S2/S1,0.06823226010353663,0.3186975028437693
14.0,rk4,200,0.0125,0.5,main,S3/S4,12.339094767968984,2.778355101974198
14.0,rk4,200,0.0125,0.5,main,S1/S3,30.531754745078796,3.601376163895951
14.0,rk4,200,0.0125,0.5,main,S2/S3,2.0832506311836054,1.147749590234713
14.0,rk8,400,0.003125,0.25,main,S2/S1,0.041867116403266735,0.6080008303185733
14.0,rk8,400,0.003125,0.25,main,S3/S4,7.889427241446162,2.9963397397589544
14.0,rk8,400,0.003125,0.25,main,S1/S3,24.365085206856886,1.9370214951220281
14.0,rk8,400,0.003125,0.25,main,S2/S3,1.0200958585309896,1.1777106773791173
14.0,rk8,400,0.003125,0.5,main,S2/S1,0.035504883798558,0.1674732769782526
14.0,rk8,400,0.003125,0.5,main,S3/S4,12.694758480063324,2.797546107088768
14.0,rk8,400,0.003125,0.5,main,S1/S3,56.85243129374458,6.704047488214493
14.0,rk8,400,0.003125,0.5,main,S2/S3,2.0185389667499036,1.1227488018691043
14.0,rk8,200,0.0125,0.25,main,S2/S1,0.07934995274897373,0.7549111424996636
14.0,rk8,200,0.0125,0.25,main,S3/S4,7.738202349394772,2.9814552395306366
14.0,rk8,200,0.0125,0.25,main,S1/S3,13.049149601394912,1.5161350601362795
14.0,rk8,200,0.0125,0.25,main,S2/S3,1.0354494042849758,1.144547250431275
14.0,rk8,200,0.0125,0.5,main,S2/S1,0.06823225351317115,0.31869749967737515
14.0,rk8,200,0.0125,0.5,main,S3/S4,12.339065112016192,2.7783556029516
14.0,rk8,200,0.0125,0.5,main,S1/S3,30.531827660563597,3.601375524141649
14.0,rk8,200,0.0125,0.5,main,S2/S3,2.0832554051560264,1.14774937494324
15.0,euler,400,0.003125,0.25,main,S2/S1,0.049191573309428416,0.6458566706777735
15.0,euler,400,0.003125,0.25,main,S3/S4,11.26875621083221,3.056637913541105
15.0,euler,400,0.003125,0.25,main,S1/S3,15.423841243210063,1.8457689578959011
15.0,euler,400,0.003125,0.25,main,S2/S3,0.7587230172283533,1.1921021939870304
15.0,euler,400,0.003125,0.5,main,S2/S1,0.03962152198961751,0.18913523428132883
15.0,euler,400,0.003125,0.5,main,S3/S4,15.752723903766361,2.981398965065807
15.0,euler,400,0.003125,0.5,main,S1/S3,42.934045578060015,5.901028030810626
15.0,euler,400,0.003125,0.5,main,S2/S3,1.7011122309743456,1.1160923191080563
15.0,euler,200,0.0125,0.25,main,S2/S1,0.09649280808286638,0.7825075607545526
15.0,euler,200,0.0125,0.25,main,S3/S4,11.001603455616552,3.1102705249586937
15.0,euler,200,0.0125,0.25,main,S1/S3,7.936467670216712,1.4588295611779722
15.0,euler,200,0.0125,0.25,main,S2/S3,0.7658120517580947,1.1415451614740095
15.0,euler,200,0.0125,0.5,main,S2/S1,0.07576708318572362,0.3622751822375395
15.0,euler,200,0.0125,0.5,main,S3/S4,15.520713986538954,2.85807221081992
15.0,euler,200,0.0125,0.5,main,S1/S3,21.811138873202008,3.1780948973210106
15.0,euler,200,0.0125,0.5,main,S2/S3,1.6525663733812666,1.1513449080951637
15.0,heun,400,0.003125,0.25,main,S2/S1,0.050556205997654195,0.6434827231547614
15.0,heun,400,0.003125,0.25,main,S3/S4,8.525498963910092,2.987728548083788
15.0,heun,400,0.003125,0.25,main,S1/S3,20.14048849562193,1.850456671311569
15.0,heun,400,0.003125,0.25,main,S2/S3,1.0182266852780468,1.1907368979354638
15.0,heun,400,0.003125,0.5,main,S2/S1,0.03857308330611167,0.1876910143410445
15.0,heun,400,0.003125,0.5,main,S3/S4,14.13487734871455,2.8104121581766215
15.0,heun,400,0.003125,0.5,main,S1/S3,46.68413788586981,6.033225202228763
15.0,heun,400,0.003125,0.5,main,S2/S3,1.80075113974566,1.1323821579542699
15.0,heun,200,0.0125,0.25,main,S2/S1,0.09525825669036973,0.7732585220119539
15.0,heun,200,0.0125,0.25,main,S3/S4,8.270267272443036,3.0519235477625855
15.0,heun,200,0.0125,0.25,main,S1/S3,10.86322305739876,1.4744347426538529
15.0,heun,200,0.0125,0.25,main,S2/S3,1.0348116904864342,1.1401192299075937
15.0,heun,200,0.0125,0.5,main,S2/S1,0.0739277552613563,0.34909890738968447
15.0,heun,200,0.0125,0.5,main,S3/S4,13.557421775204885,2.731958813466765
15.0,heun,200,0.0125,0.5,main,S1/S3,25.564179981225973,3.3089123009739185
15.0,heun,200,0.0125,0.5,main,S2/S3,1.8899024411093377,1.1551376689182817
15.0,rk4,400,0.003125,0.25,main,S2/S1,0.050557032036313496,0.6434744640055292
15.0,rk4,400,0.003125,0.25,main,S3/S4,8.54560323709847,2.9870620503993113
15.0,rk4,400,0.003125,0.25,main,S1/S3,20.093296715725884,1.8508748004192543
15.0,rk4,400,0.003125,0.25,main,S2/S3,1.0158574457721063,1.1909906701411206
15.0,rk4,400,0.003125,0.5,main,S2/S1,0.03856288016731779,0.18768622088214618
15.0,rk4,400,0.003125,0.5,main,S3/S4,14.173492349338149,2.8098150542570877
15.0,rk4,400,0.003125,0.5,main,S1/S3,46.55603990580599,6.03444726266748
15.0,rk4,400,0.003125,0.5,main,S2/S3,1.7953349879524614,1.132582601842671
15.0,rk4,200,0.0125,0.25,main,S2/S1,0.09522028926644648,0.7731382177630665
15.0,rk4,200,0.0125,0.25,main,S3/S4,8.33950299204973,3.0490740304143964
15.0,rk4,200,0.0125,0.25,main,S1/S3,10.777869227020298,1.4760071622894937
15.0,rk4,200,0.0125,0.25,main,S2/S3,1.0262718254728047,1.1411575468580204
15.0,rk4,200,0.0125,0.5,main,S2/S1,0.07385382849275762,0.34896533553783354
15.0,rk4,200,0.0125,0.5,main,S3/S4,13.705817009358139,2.7298200043932983
15.0,rk4,200,0.0125,0.5,main,S1/S3,25.306299189918853,3.3124203287448193
15.0,rk4,200,0.0125,0.5,main,S2/S3,1.868967080158678,1.1559198714627767
15.0,rk8,400,0.003125,0.25,main,S2/S1,0.050557032034168184,0.6434744639877877
15.0,rk8,400,0.003125,0.25,main,S3/S4,8.545602983788696,2.9870620577076457
15.0,rk8,400,0.003125,0.25,main,S1/S3,20.0932973145158,1.850874795863569
15.0,rk8,400,0.003125,0.25,main,S2/S3,1.015857476002041,1.190990667176816
15.0,rk8,400,0.003125,0.5,main,S2/S1,0.038562880110286905,0.1876862208636068
15.0,rk8,400,0.003125,0.5,main,S3/S4,14.173491860828799,2.8098150598396487
15.0,rk8,400,0.003125,0.5,main,S1/S3,46.556041523360335,6.034447250570743
15.0,rk8,400,0.003125,0.5,main,S2/S3,1.7953350476748835,1.1325825994604055
15.0,rk8,200,0.0125,0.25,main,S2/S1,0.09522028698961664,0.7731382158533447
15.0,rk8,200,0.0125,0.25,main,S3/S4,8.339489165630395,3.0490745310163994
15.0,rk8,200,0.0125,0.25,main,S1/S3,10.777887602614884,1.4760069212057167
15.0,rk8,200,0.0125,0.25,main,S2/S3,1.0262735506628207,1.1411573576481762
15.0,rk8,200,0.0125,0.5,main,S2/S1,0.07385382176873365,0.3489653322228129
15.0,rk8,200,0.0125,0.5,main,S3/S4,13.70578737134007,2.7298203306715667
15.0,rk8,200,0.0125,0.5,main,S1/S3,25.30635348832823,3.312419940675949
15.0,rk8,200,0.0125,0.5,main,S2/S3,1.868970920143564,1.1559197250594526
16.0,euler,400,0.003125,0.25,main,S2/S1,0.05875385032460803,0.6677536924326832
16.0,euler,400,0.003125,0.25,main,S3/S4,11.952584576253571,3.0853020210199174
16.0,euler,400,0.003125,0.25,main,S1/S3,13.164474758156063,1.7781635018021973
16.0,euler,400,0.003125,0.25,main,S2/S3,0.7734635795427818,1.1873752440774472
16.0,euler,400,0.003125,0.5,main,S2/S1,0.04268612183033426,0.20913044147936924
16.0,euler,400,0.003125,0.5,main,S3/S4,17.143016634601686,2.977361220089035
16.0,euler,400,0.003125,0.5,main,S1/S3,35.98065221825673,5.310980610030634
16.0,euler,400,0.003125,0.5,main,S2/S3,1.5358745041233934,1.110687719664076
16.0,euler,200,0.0125,0.25,main,S2/S1,0.1144643168379254,0.8169512541164831
16.0,euler,200,0.0125,0.25,main,S3/S4,11.481749867755669,3.1361097536920295
16.0,euler,200,0.0125,0.25,main,S1/S3,6.859608080603887,1.415871059838751
16.0,euler,200,0.0125,0.25,main,S2/S3,0.7851803527222366,1.1566976380025016
16.0,euler,200,0.0125,0.5,main,S2/S1,0.08134813068721405,0.40019576326238665
16.0,euler,200,0.0125,0.5,main,S3/S4,17.01561818947451,2.9490221829564214
16.0,euler,200,0.0125,0.5,main,S1/S3,18.357677140267963,2.8280972348996767
16.0,euler,200,0.0125,0.5,main,S2/S3,1.4933627191202001,1.1317925315009214
16.0,heun,400,0.003125,0.25,main,S2/S1,0.060071081828875786,0.6645500715563589
16.0,heun,400,0.003125,0.25,main,S3/S4,9.218997333619477,3.027909462885674
16.0,heun,400,0.003125,0.25,main,S1/S3,16.91420056250153,1.779947438618234
16.0,heun,400,0.003125,0.25,main,S2/S3,1.0160543260600463,1.182864197700305
16.0,heun,400,0.003125,0.5,main,S2/S1,0.041612235842135345,0.20699330513825928
16.0,heun,400,0.003125,0.5,main,S3/S4,15.360334430661608,2.819064903784153
16.0,heun,400,0.003125,0.5,main,S1/S3,38.84420065480985,5.431480090762177
16.0,heun,400,0.003125,0.5,main,S2/S3,1.6163940387471758,1.1242800157795154
16.0,heun,200,0.0125,0.25,main,S2/S1,0.11243158220238611,0.8067539958284183
16.0,heun,200,0.0125,0.25,main,S3/S4,8.872180263288724,3.0744906051223615
16.0,heun,200,0.0125,0.25,main,S1/S3,9.160778066565529,1.4348816578454013
16.0,heun,200,0.0125,0.25,main,S2/S3,1.029960772228878,1.157596511007683
16.0,heun,200,0.0125,0.5,main,S2/S1,0.07947558603100814,0.3841276604410262
16.0,heun,200,0.0125,0.5,main,S3/S4,14.771818638464877,2.8157550637865625
16.0,heun,200,0.0125,0.5,main,S1/S3,21.29181684692924,2.9681082997096127
16.0,heun,200,0.0125,0.5,main,S2/S3,1.6921796215745937,1.1401324971030458
16.0,rk4,400,0.003125,0.25,main,S2/S1,0.06007168420000298,0.6645410684981173
16.0,rk4,400,0.003125,0.25,main,S3/S4,9.238510792824075,3.027212415768863
16.0,rk4,400,0.003125,0.25,main,S1/S3,16.878648895163224,1.7803620644964353
16.0,rk4,400,0.003125,0.25,main,S2/S3,1.0139288661529744,1.1831237086539752
16.0,rk4,400,0.003125,0.5,main,S2/S1,0.04160178743124354,0.20698740420412118
16.0,rk4,400,0.003125,0.5,main,S3/S4,15.39809092634827,2.818447887075096
16.0,rk4,400,0.003125,0.5,main,S1/S3,38.74830980553879,5.432620522819933
16.0,rk4,400,0.003125,0.5,main,S2/S3,1.6119989478499948,1.1244840200445336
16.0,rk4,200,0.0125,0.25,main,S2/S1,0.11238401534194967,0.8066287713419547
16.0,rk4,200,0.0125,0.25,main,S3/S4,8.938950438888147,3.0715200989171154
16.0,rk4,200,0.0125,0.25,main,S1/S3,9.096417028877472,1.4364579781690794
16.0,rk4,200,0.0125,0.25,main,S2/S3,1.0222918709301378,1.1586883340148728
16.0,rk4,200,0.0125,0.5,main,S2/S1,0.0794003729465562,0.3839701874893653
16.0,rk4,200,0.0125,0.5,main,S3/S4,14.908400217809792,2.813503751784273
16.0,rk4,200,0.0125,0.5,main,S1/S3,21.101706579714595,2.9713564774630203
16.0,rk4,200,0.0125,0.5,main,S2/S3,1.675483372238138,1.140912303749216
16.0,rk8,400,0.003125,0.25,main,S2/S1,0.060071684197476063,0.664541068481101
16.0,rk8,400,0.003125,0.25,main,S3/S4,9.238510546407987,3.027212423467059
16.0,rk8,400,0.003125,0.25,main,S1/S3,16.87864934806545,1.7803620599407561
16.0,rk8,400,0.003125,0.25,main,S2/S3,1.013928893316923,1.183123705596244
16.0,rk8,400,0.003125,0.5,main,S2/S1,0.04160178737298978,0.2069874041846676
16.0,rk8,400,0.003125,0.5,main,S3/S4,15.398090447381067,2.8184478929162218
16.0,rk8,400,0.003125,0.5,main,S1/S3,38.74831102066594,5.432620511449787
16.0,rk8,400,0.003125,0.5,main,S2/S3,1.611998996144221,1.1244840175853728
16.0,rk8,200,0.0125,0.25,main,S2/S1,0.11238401268370285,0.8066287695497808
16.0,rk8,200,0.0125,0.25,main,S3/S4,8.938937097062626,3.071520626181189
16.0,rk8,200,0.0125,0.25,main,S1/S3,9.096431034070278,1.4364577331020252
16.0,rk8,200,0.0125,0.25,main,S2/S3,1.0222934207093823,1.158688133762354
16.0,rk8,200,0.0125,0.5,main,S2/S1,0.07940036611930447,0.38397018394371724
16.0,rk8,200,0.0125,0.5,main,S3/S4,14.908372624664993,2.8135040976631065
16.0,rk8,200,0.0125,0.5,main,S1/S3,21.101747019095413,2.9713561185525412
16.0,rk8,200,0.0125,0.5,main,S2/S3,1.6754864390731177,1.140912155402909
17.0,euler,400,0.003125,0.25,main,S2/S1,0.06915246962169991,0.6904276693110576
17.0,euler,400,0.003125,0.25,main,S3/S4,12.487140427753568,3.142584372162957
17.0,euler,400,0.003125,0.25,main,S1/S3,11.415818728643393,1.7025448441673932
17.0,euler,400,0.003125,0.25,main,S2/S3,0.7894320578393451,1.1754840686560508
17.0,euler,400,0.003125,0.5,main,S2/S1,0.04572778859847693,0.22807809149013908
17.0,euler,400,0.003125,0.5,main,S3/S4,18.47633473408999,2.993928976281112
17.0,euler,400,0.003125,0.5,main,S1/S3,30.425938521702157,4.824323334585578
17.0,euler,400,0.003125,0.5,main,S2/S3,1.3913108846306521,1.1003224588836222
17.0,euler,200,0.0125,0.25,main,S2/S1,0.13375545207055525,0.858796246272451
17.0,euler,200,0.0125,0.25,main,S3/S4,11.970374579329336,3.080863428047438
17.0,euler,200,0.0125,0.25,main,S1/S3,6.023097251503205,1.3726121866498766
17.0,euler,200,0.0125,0.25,main,S2/S3,0.80562209573973,1.178794193482735
17.0,euler,200,0.0125,0.5,main,S2/S1,0.08684617765559327,0.419442447133756
17.0,euler,200,0.0125,0.5,main,S3/S4,18.188430777168293,3.007386973482731
17.0,euler,200,0.0125,0.5,main,S1/S3,15.717270755032205,2.641113588790462
17.0,euler,200,0.0125,0.5,main,S2/S3,1.3649848882525875,1.1077951468404879
17.0,heun,400,0.003125,0.25,main,S2/S1,0.07040453323097963,0.6888060056373649
17.0,heun,400,0.003125,0.25,main,S3/S4,9.856412619247514,3.0818804252131806
17.0,heun,400,0.003125,0.25,main,S1/S3,14.366818481571297,1.7089622792745864
17.0,heun,400,0.003125,0.25,main,S2/S3,1.0114891492092386,1.177143481372055
17.0,heun,400,0.003125,0.5,main,S2/S1,0.04463252389720273,0.2265286445190526
17.0,heun,400,0.003125,0.5,main,S3/S4,16.636577177024037,2.82417922873431
17.0,heun,400,0.003125,0.5,main,S1/S3,32.85069987526624,4.974617309160655
17.0,heun,400,0.003125,0.5,main,S2/S3,1.466209647222655,1.12689331604518
17.0,heun,200,0.0125,0.25,main,S2/S1,0.13084261417249926,0.8474584545345041
17.0,heun,200,0.0125,0.25,main,S3/S4,9.46405280895681,3.0180201798466
17.0,heun,200,0.0125,0.25,main,S1/S3,7.880746176233265,1.3948786615843278
17.0,heun,200,0.0125,0.25,main,S2/S3,1.031137431328288,1.182101714809412
17.0,heun,200,0.0125,0.5,main,S2/S1,0.08494796618709964,0.4050708500821911
17.0,heun,200,0.0125,0.5,main,S3/S4,15.899900637468438,2.8650977046989987
17.0,heun,200,0.0125,0.5,main,S1/S3,18.075138590507528,2.767235434050086
17.0,heun,200,0.0125,0.5,main,S2/S3,1.5354462618135734,1.1209264096482294
17.0,rk4,400,0.003125,0.25,main,S2/S1,0.0704048795736308,0.6887985737321649
17.0,rk4,400,0.003125,0.25,main,S3/S4,9.875461734604475,3.08114424400168
17.0,rk4,400,0.003125,0.25,main,S1/S3,14.339267026179403,1.7093747141747238
17.0,rk4,400,0.003125,0.25,main,S2/S3,1.0095543681522958,1.1774148650973768
17.0,rk4,400,0.003125,0.5,main,S2/S1,0.04462186948736662,0.22652359074080705
17.0,rk4,400,0.003125,0.5,main,S3/S4,16.673613258701355,2.8235367363298383
17.0,rk4,400,0.003125,0.5,main,S1/S3,32.7772720118593,4.975722162524821
17.0,rk4,400,0.003125,0.5,main,S2/S3,1.4625831538651006,1.127118450783736
17.0,rk4,200,0.0125,0.25,main,S2/S1,0.13078465245981638,0.8473249656518862
17.0,rk4,200,0.0125,0.25,main,S3/S4,9.528688581764499,3.014971635111501
17.0,rk4,200,0.0125,0.25,main,S1/S3,7.8307761735740975,1.3964698851352793
17.0,rk4,200,0.0125,0.25,main,S2/S3,1.024145340351499,1.183263797456144
17.0,rk4,200,0.0125,0.5,main,S2/S1,0.0848717693053722,0.4049383480724212
17.0,rk4,200,0.0125,0.5,main,S3/S4,16.03147475392435,2.8627751068427214
17.0,rk4,200,0.0125,0.5,main,S1/S3,17.931044150584526,2.770074409268773
17.0,rk4,200,0.0125,0.5,main,S2/S3,1.5218394425528534,1.121709355326985
17.0,rk8,400,0.003125,0.25,main,S2/S1,0.0704048795707201,0.6887985737245006
17.0,rk8,400,0.003125,0.25,main,S3/S4,9.875461493695736,3.0811442521640875
17.0,rk8,400,0.003125,0.25,main,S1/S3,14.33926737817156,1.7093747096116967
17.0,rk8,400,0.003125,0.25,main,S2/S3,1.009554392892524,1.1774148619412692
17.0,rk8,400,0.003125,0.5,main,S2/S1,0.044621869428084604,0.22652359072704376
17.0,rk8,400,0.003125,0.5,main,S3/S4,16.67361278792834,2.8235367424812767
17.0,rk8,400,0.003125,0.5,main,S1/S3,32.77727294571566,4.975722151567043
17.0,rk8,400,0.003125,0.5,main,S2/S3,1.462583193592414,1.1271184482330585
17.0,rk8,200,0.0125,0.25,main,S2/S1,0.13078464939657725,0.8473249639424094
17.0,rk8,200,0.0125,0.25,main,S3/S4,9.528675666346134,3.0149721773537084
17.0,rk8,200,0.0125,0.25,main,S1/S3,7.83078715807864,1.3964696352214576
17.0,rk8,200,0.0125,0.25,main,S2/S3,1.0241467529685344,1.1832635833106913
17.0,rk8,200,0.0125,0.5,main,S2/S1,0.08487176240024112,0.4049383449482963
17.0,rk8,200,0.0125,0.5,main,S3/S4,16.031448134869272,2.862775471189318
17.0,rk8,200,0.0125,0.5,main,S1/S3,17.931075105301872,2.7700740581575256
17.0,rk8,200,0.0125,0.5,main,S2/S3,1.521841945918059,1.121709204494519
18.0,euler,400,0.003125,0.25,main,S2/S1,0.08038143221656292,0.7164545981960193
18.0,euler,400,0.003125,0.25,main,S3/S4,13.128352134066196,3.1357383874505125
18.0,euler,400,0.003125,0.25,main,S1/S3,9.962240029757016,1.6560890553887753
18.0,euler,400,0.003125,0.25,main,S2/S3,0.8007791216770435,1.18651261875539
18.0,euler,400,0.003125,0.5,main,S2/S1,0.04874751047262775,0.24949480456103224
18.0,euler,400,0.003125,0.5,main,S3/S4,19.634343523192555,3.0077517884949425
18.0,euler,400,0.003125,0.5,main,S1/S3,26.11381660059295,4.462861949574684
18.0,euler,400,0.003125,0.5,main,S2/S3,1.2729835482176852,1.113460869892003
18.0,euler,200,0.0125,0.25,main,S2/S1,0.15430066091142683,0.8715864330146647
18.0,euler,200,0.0125,0.25,main,S3/S4,12.549791930621097,3.0780156330686013
18.0,euler,200,0.0125,0.25,main,S1/S3,5.3283185775102275,1.3868932330743087
18.0,euler,200,0.0125,0.25,main,S2/S3,0.8221630780564618,1.2087973259874125
18.0,euler,200,0.0125,0.5,main,S2/S1,0.0922655207231073,0.43893913168457555
18.0,euler,200,0.0125,0.5,main,S3/S4,19.314929857023415,2.976085223769965
18.0,euler,200,0.0125,0.5,main,S1/S3,13.65423073223248,2.460502606168038
18.0,euler,200,0.0125,0.5,main,S2/S3,1.2598147085828844,1.0800108774590338
18.0,heun,400,0.003125,0.25,main,S2/S1,0.08155152742204734,0.7140617384289051
18.0,heun,400,0.003125,0.25,main,S3/S4,10.508292557751288,3.0717561895988696
18.0,heun,400,0.003125,0.25,main,S1/S3,12.388660306891403,1.6673827285029292
18.0,heun,400,0.003125,0.25,main,S2/S3,1.0103141707398835,1.1906142097411325
18.0,heun,400,0.003125,0.5,main,S2/S1,0.047634320569567457,0.24743020889613074
18.0,heun,400,0.003125,0.5,main,S3/S4,17.86673346558292,2.8271315352495194
18.0,heun,400,0.003125,0.5,main,S1/S3,28.00460746124159,4.635098819684406
18.0,heun,400,0.003125,0.5,main,S2/S3,1.3339804492336824,1.1468634692087216
18.0,heun,200,0.0125,0.25,main,S2/S1,0.15043100481013894,0.8631695122484828
18.0,heun,200,0.0125,0.25,main,S3/S4,10.060983130168227,3.012115801489731
18.0,heun,200,0.0125,0.25,main,S1/S3,6.889807850501836,1.4073252854451195
18.0,heun,200,0.0125,0.25,main,S2/S3,1.0364407178997748,1.2147602802126205
18.0,heun,200,0.0125,0.5,main,S2/S1,0.09034808039808648,0.4229290284837935
18.0,heun,200,0.0125,0.5,main,S3/S4,17.06137323158095,2.830348972418078
18.0,heun,200,0.0125,0.5,main,S1/S3,15.593596317163822,2.59552568737537
18.0,heun,200,0.0125,0.5,main,S2/S3,1.4088514937584222,1.0977231573663955
18.0,rk4,400,0.003125,0.25,main,S2/S1,0.08155158906480758,0.7140546980006691
18.0,rk4,400,0.003125,0.25,main,S3/S4,10.526629735616009,3.0709924134056457
18.0,rk4,400,0.003125,0.25,main,S1/S3,12.367228241705083,1.6677992836329183
18.0,rk4,400,0.003125,0.25,main,S2/S3,1.0085671154382159,1.1908999138002356
18.0,rk4,400,0.003125,0.5,main,S2/S1,0.047623493338750864,0.2474245105882127
18.0,rk4,400,0.003125,0.5,main,S3/S4,17.902756499855222,2.826454603859687
18.0,rk4,400,0.003125,0.5,main,S1/S3,27.94792996599074,4.636180162411806
18.0,rk4,400,0.003125,0.5,main,S2/S3,1.3309780565672356,1.1471046076835214
18.0,rk4,200,0.0125,0.25,main,S2/S1,0.15036189247927148,0.8630890482997301
18.0,rk4,200,0.0125,0.25,main,S3/S4,10.123797201411884,3.00891497935548
18.0,rk4,200,0.0125,0.25,main,S1/S3,6.850096057645296,1.4089093694905461
18.0,rk4,200,0.0125,0.25,main,S2/S3,1.0299934068923435,1.2160142468541684
18.0,rk4,200,0.0125,0.5,main,S2/S1,0.09027115741078484,0.4227833162304265
18.0,rk4,200,0.0125,0.5,main,S3/S4,17.188675090195975,2.8279745336745257
18.0,rk4,200,0.0125,0.5,main,S1/S3,15.481793350547914,2.59829253046315
18.0,rk4,200,0.0125,0.5,main,S2/S3,1.3975594045485529,1.098514732565957
18.0,rk8,400,0.003125,0.25,main,S2/S1,0.0815515890614891,0.7140546979914535
18.0,rk8,400,0.003125,0.25,main,S3/S4,10.526629503151483,3.0709924219360554
18.0,rk8,400,0.003125,0.25,main,S1/S3,12.367228516734738,1.6677992789767215
18.0,rk8,400,0.003125,0.25,main,S2/S3,1.0085671378262808,1.1908999104600868
18.0,rk8,400,0.003125,0.5,main,S2/S1,0.047623493278622926,0.24742451057388126
18.0,rk8,400,0.003125,0.5,main,S3/S4,17.90275604130755,2.826454610400627
18.0,rk8,400,0.003125,0.5,main,S1/S3,27.947930688863323,4.636180151564547
18.0,rk8,400,0.003125,0.5,main,S2/S3,1.3309780893125018,1.1471046049332008
18.0,rk8,200,0.0125,0.25,main,S2/S1,0.15036188898768288,0.863089046954092
18.0,rk8,200,0.0125,0.25,main,S3/S4,10.123784656123886,3.008915549771456
18.0,rk8,200,0.0125,0.25,main,S1/S3,6.850104872791299,1.4089091030334293
18.0,rk8,200,0.0125,0.25,main,S2/S3,1.0299947084366308,1.2160140149820673
18.0,rk8,200,0.0125,0.5,main,S2/S1,0.09027115044908744,0.4227833129610549
18.0,rk8,200,0.0125,0.5,main,S3/S4,17.188649309372096,2.8279749094090314
18.0,rk8,200,0.0125,0.5,main,S1/S3,15.481817600976576,2.5982921862130643
18.0,rk8,200,0.0125,0.5,main,S2/S3,1.3975614858830865,1.0985145785279817
19.0,euler,400,0.003125,0.25,main,S2/S1,0.09243330789514609,0.7366949699915178
19.0,euler,400,0.003125,0.25,main,S3/S4,13.798405066603566,3.170429068750148
19.0,euler,400,0.003125,0.25,main,S1/S3,8.778038036255523,1.630202234095073
19.0,euler,400,0.003125,0.25,main,S2/S3,0.8113830925205104,1.2009617859267752
19.0,euler,400,0.003125,0.5,main,S2/S1,0.05174480071428508,0.27109367047697325
19.0,euler,400,0.003125,0.5,main,S3/S4,20.851101482454418,2.957550551050091
19.0,euler,400,0.003125,0.5,main,S1/S3,22.701609850127202,4.166069892524148
19.0,euler,400,0.003125,0.5,main,S2/S3,1.1746902775882833,1.1293951786279808
19.0,euler,200,0.0125,0.25,main,S2/S1,0.17603159937124987,0.8758530480477028
19.0,euler,200,0.0125,0.25,main,S3/S4,13.306367170609184,3.1150881881568555
19.0,euler,200,0.0125,0.25,main,S1/S3,4.706465101713131,1.4249228556832425
19.0,euler,200,0.0125,0.25,main,S2/S3,0.8284865792395346,1.248023026383005
19.0,euler,200,0.0125,0.5,main,S2/S1,0.09760508009350859,0.4640471150761371
19.0,euler,200,0.0125,0.5,main,S3/S4,20.514450203760497,2.998655514322842
19.0,euler,200,0.0125,0.5,main,S1/S3,12.011565509088612,2.2870997872919214
19.0,euler,200,0.0125,0.5,main,S2/S3,1.1723898135630193,1.061322058184063
19.0,heun,400,0.003125,0.25,main,S2/S1,0.09350539175604863,0.7339973390858823
19.0,heun,400,0.003125,0.25,main,S3/S4,11.257165414152832,3.102485396659255
19.0,heun,400,0.003125,0.25,main,S1/S3,10.730510083911355,1.6453608601617284
19.0,heun,400,0.003125,0.25,main,S2/S3,1.0033605491383615,1.2076904931947672
19.0,heun,400,0.003125,0.5,main,S2/S1,0.05061662116034552,0.2685617904917313
19.0,heun,400,0.003125,0.5,main,S3/S4,19.14217887886441,2.8220489609335897
19.0,heun,400,0.003125,0.5,main,S1/S3,24.20863865270126,4.272583619872941
19.0,heun,400,0.003125,0.5,main,S2/S3,1.2253594914914772,1.14745270697872
19.0,heun,200,0.0125,0.25,main,S2/S1,0.1711330736153682,0.8676187273180275
19.0,heun,200,0.0125,0.25,main,S3/S4,10.853885482341514,3.044650131459226
19.0,heun,200,0.0125,0.25,main,S1/S3,5.995484626013286,1.4487193649075738
19.0,heun,200,0.0125,0.25,main,S2/S3,1.02602571186334,1.2569360516220902
19.0,heun,200,0.0125,0.5,main,S2/S1,0.09567396917383326,0.4490404245703348
19.0,heun,200,0.0125,0.5,main,S3/S4,18.278077310182788,2.8453498807364386
19.0,heun,200,0.0125,0.5,main,S1/S3,13.638654618720318,2.42933483381297
19.0,heun,200,0.0125,0.5,main,S2/S3,1.3048642215640065,1.09086954519888
19.0,rk4,400,0.003125,0.25,main,S2/S1,0.09350514145609605,0.7339898291619649
19.0,rk4,400,0.003125,0.25,main,S3/S4,11.275169367339677,3.101676305851377
19.0,rk4,400,0.003125,0.25,main,S1/S3,10.71350957535942,1.645791536979129
19.0,rk4,400,0.003125,0.25,main,S2/S3,1.001768228335222,1.2079942490635185
19.0,rk4,400,0.003125,0.5,main,S2/S1,0.0506056494581757,0.2685553551989655
19.0,rk4,400,0.003125,0.5,main,S3/S4,19.177384783923856,2.821517282153931
19.0,rk4,400,0.003125,0.5,main,S1/S3,24.16395789862781,4.273363312359382
19.0,rk4,400,0.003125,0.5,main,S2/S3,1.222832782940075,1.1476346022449013
19.0,rk4,200,0.0125,0.25,main,S2/S1,0.17105208525740678,0.8675403378717793
19.0,rk4,200,0.0125,0.25,main,S3/S4,10.912439892699965,3.0412210668948303
19.0,rk4,200,0.0125,0.25,main,S1/S3,5.965920961090925,1.4504343505842503
19.0,rk4,200,0.0125,0.25,main,S2/S3,1.0204832208754753,1.2583103065666954
19.0,rk4,200,0.0125,0.5,main,S2/S1,0.09559653681829912,0.4489030314089519
19.0,rk4,200,0.0125,0.5,main,S3/S4,18.401809401216262,2.8428585402179656
19.0,rk4,200,0.0125,0.5,main,S1/S3,13.550163578612608,2.4320472961842636
19.0,rk4,200,0.0125,0.5,main,S2/S3,1.2953487114368158,1.0917534037870609
19.0,rk8,400,0.003125,0.25,main,S2/S1,0.09350514145236241,0.7339898291528898
19.0,rk8,400,0.003125,0.25,main,S3/S4,11.275169138937393,3.1016763149241804
19.0,rk8,400,0.003125,0.25,main,S1/S3,10.71350979400088,1.6457915321399381
19.0,rk8,400,0.003125,0.25,main,S2/S3,1.0017682487393225,1.207994245496666
19.0,rk8,400,0.003125,0.5,main,S2/S1,0.05060564939733682,0.26855535518342394
19.0,rk8,400,0.003125,0.5,main,S3/S4,19.177384335005105,2.821517287124995
19.0,rk8,400,0.003125,0.5,main,S1/S3,24.16395847008887,4.2733633047182416
19.0,rk8,400,0.003125,0.5,main,S2/S3,1.2228328103891246,1.1476346001264177
19.0,rk8,200,0.0125,0.25,main,S2/S1,0.17105208131403302,0.8675403365630932
19.0,rk8,200,0.0125,0.25,main,S3/S4,10.912428170734806,3.0412216788742295
19.0,rk8,200,0.0125,0.25,main,S1/S3,5.965927661317386,1.4504340593271663
19.0,rk8,200,0.0125,0.25,main,S2/S3,1.0204843434373005,1.2583100519912631
19.0,rk8,200,0.0125,0.5,main,S2/S1,0.09559652981776476,0.44890302945355015
19.0,rk8,200,0.0125,0.5,main,S3/S4,18.401784326065503,2.8428589379119766
19.0,rk8,200,0.0125,0.5,main,S1/S3,13.550182956079576,2.432046956592254
19.0,rk8,200,0.0125,0.5,main,S2/S3,1.295350468997029,1.0917532465875495
20.0,euler,400,0.003125,0.25,main,S2/S1,0.10529829535524084,0.758575191861882
20.0,euler,400,0.003125,0.25,main,S3/S4,14.31398995138241,3.121891295852926
20.0,euler,400,0.003125,0.25,main,S1/S3,7.817844148457604,1.6026822201713724
20.0,euler,400,0.003125,0.25,main,S2/S3,0.82320566218553,1.215754972660126
20.0,euler,400,0.003125,0.5,main,S2/S1,0.05471995819588902,0.28847158358607733
20.0,euler,400,0.003125,0.5,main,S3/S4,22.212071822214813,3.0188638851425638
20.0,euler,400,0.003125,0.5,main,S1/S3,19.816568554383107,3.8592998438597683
20.0,euler,400,0.003125,0.5,main,S2/S3,1.0843618028818125,1.1132983374917282
20.0,euler,200,0.0125,0.25,main,S2/S1,0.19887784006926595,0.8788222282801126
20.0,euler,200,0.0125,0.25,main,S3/S4,13.729847285729326,3.0572348339526054
20.0,euler,200,0.0125,0.25,main,S1/S3,4.204893766978969,1.4314861817374718
20.0,euler,200,0.0125,0.25,main,S2/S3,0.8362601900974967,1.2580218759867152
20.0,euler,200,0.0125,0.5,main,S2/S1,0.1028655135502552,0.4973561720254053
20.0,euler,200,0.0125,0.5,main,S3/S4,21.632805324547963,3.0644631803811624
20.0,euler,200,0.0125,0.5,main,S1/S3,10.66457832067527,2.1914550020872734
20.0,euler,200,0.0125,0.5,main,S2/S3,1.09701732575318,1.0899336710040528
20.0,heun,400,0.003125,0.25,main,S2/S1,0.10625697413856626,0.7555909089273553
20.0,heun,400,0.003125,0.25,main,S3/S4,11.866408404625396,3.0730254831243187
20.0,heun,400,0.003125,0.25,main,S1/S3,9.418586643049897,1.6098330353439942
20.0,heun,400,0.003125,0.25,main,S2/S3,1.0007905173523985,1.2163752063968518
20.0,heun,400,0.003125,0.5,main,S2/S1,0.05357930315664455,0.2853630808890165
20.0,heun,400,0.003125,0.5,main,S3/S4,20.41489078080422,2.874757789126421
20.0,heun,400,0.003125,0.5,main,S1/S3,21.176690064136803,3.9786344799937687
20.0,heun,400,0.003125,0.5,main,S2/S3,1.1346322968006883,1.1353553929422922
20.0,heun,200,0.0125,0.25,main,S2/S1,0.1928837183404999,0.87071623766443
20.0,heun,200,0.0125,0.25,main,S3/S4,11.404821213027768,3.0211704575793
20.0,heun,200,0.0125,0.25,main,S1/S3,5.267524932078111,1.4409791107756529
20.0,heun,200,0.0125,0.25,main,S2/S3,1.016019795350515,1.2546839098876124
20.0,heun,200,0.0125,0.5,main,S2/S1,0.10092527960264103,0.4856673425378428
20.0,heun,200,0.0125,0.5,main,S3/S4,19.529758110429757,2.899877295188562
20.0,heun,200,0.0125,0.5,main,S1/S3,12.070191995968127,2.3159428911806637
20.0,heun,200,0.0125,0.5,main,S2/S3,1.218187502050643,1.1247778294291215
20.0,rk4,400,0.003125,0.25,main,S2/S1,0.10625638036840365,0.755582864085477
20.0,rk4,400,0.003125,0.25,main,S3/S4,11.883937137978611,3.0724245927873133
20.0,rk4,400,0.003125,0.25,main,S1/S3,9.404818121864585,1.6101498302685282
20.0,rk4,400,0.003125,0.25,main,S2/S3,0.999321931652499,1.2166016203610392
20.0,rk4,400,0.003125,0.5,main,S2/S1,0.053568211265482356,0.28535548359004387
20.0,rk4,400,0.003125,0.5,main,S3/S4,20.449318138610455,2.87419979772975
20.0,rk4,400,0.003125,0.5,main,S1/S3,21.140864635319353,3.979389220597176
20.0,rk4,400,0.003125,0.5,main,S2/S3,1.1324783031197518,1.135540535436515
20.0,rk4,200,0.0125,0.25,main,S2/S1,0.1927901795991596,0.8706393825953547
20.0,rk4,200,0.0125,0.25,main,S3/S4,11.460400128945594,3.019353398340205
20.0,rk4,200,0.0125,0.25,main,S1/S3,5.244275630704391,1.4419287282558744
20.0,rk4,200,0.0125,0.25,main,S2/S3,1.0110448407109953,1.2553999377151994
20.0,rk4,200,0.0125,0.5,main,S2/S1,0.10084751997469099,0.485564765420217
20.0,rk4,200,0.0125,0.5,main,S3/S4,19.65039567280702,2.897202928640402
20.0,rk4,200,0.0125,0.5,main,S1/S3,11.998952304473512,2.3184079250995397
20.0,rk4,200,0.0125,0.5,main,S2/S3,1.2100645822007572,1.12573720029933
20.0,rk8,400,0.003125,0.25,main,S2/S1,0.10625638036423761,0.7555828640762838
20.0,rk8,400,0.003125,0.25,main,S3/S4,11.883936915506336,3.0724245994076886
20.0,rk8,400,0.003125,0.25,main,S1/S3,9.404818299340079,1.6101498267754342
20.0,rk8,400,0.003125,0.25,main,S2/S3,0.9993219504712216,1.216601617706915
20.0,rk8,400,0.003125,0.5,main,S2/S1,0.05356821120406769,0.28535548357414453
20.0,rk8,400,0.003125,0.5,main,S3/S4,20.449317698663222,2.8741998029879965
20.0,rk8,400,0.003125,0.5,main,S1/S3,21.140865095261326,3.9793892132014714
20.0,rk8,400,0.003125,0.5,main,S2/S3,1.1324783264596612,1.1355405332628403
20.0,rk8,200,0.0125,0.25,main,S2/S1,0.19279017518242447,0.8706393813129335
20.0,rk8,200,0.0125,0.25,main,S3/S4,11.460389012674147,3.019353712077873
20.0,rk8,200,0.0125,0.25,main,S1/S3,5.244280973502311,1.4419285795027932
20.0,rk8,200,0.0125,0.25,main,S2/S3,1.0110458475873658,1.255399806355749
20.0,rk8,200,0.0125,0.5,main,S2/S1,0.10084751295049525,0.48556476378171504
20.0,rk8,200,0.0125,0.5,main,S3/S4,19.650371216620474,2.897203359388251
20.0,rk8,200,0.0125,0.5,main,S1/S3,11.998968052963026,2.3184075790073595
20.0,rk8,200,0.0125,0.5,main,S2/S3,1.2100660861137675,1.1257370284504462
21.0,euler,400,0.003125,0.25,main,S2/S1,0.11896726387490081,0.7755540376937012
21.0,euler,400,0.003125,0.25,main,S3/S4,14.943709773901574,3.1846450999943268
21.0,euler,400,0.003125,0.25,main,S1/S3,6.977323121486206,1.5500748791649308
21.0,euler,400,0.003125,0.25,main,S2/S3,0.830073040934296,1.2021668312639382
21.0,euler,400,0.003125,0.5,main,S2/S1,0.05767239197154731,0.30630940443912646
21.0,euler,400,0.003125,0.5,main,S3/S4,23.39136391173247,3.0177337996703084
21.0,euler,400,0.003125,0.5,main,S1/S3,17.453613334094463,3.5775774871891763
21.0,euler,400,0.003125,0.5,main,S2/S3,1.0065916295237207,1.095845629435743
21.0,euler,200,0.0125,0.25,main,S2/S1,0.2227659152749243,0.8806463603644962
21.0,euler,200,0.0125,0.25,main,S3/S4,14.13870474823489,3.0611820697879115
21.0,euler,200,0.0125,0.25,main,S1/S3,3.7940193718879835,1.405888897441228
21.0,euler,200,0.0125,0.25,main,S2/S3,0.8451781979494201,1.238090940608472
21.0,euler,200,0.0125,0.5,main,S2/S1,0.10804798604398265,0.5204900816404281
21.0,euler,200,0.0125,0.5,main,S3/S4,22.51987029640947,3.006004268498908
21.0,euler,200,0.0125,0.5,main,S1/S3,9.440552482005325,2.1659122815295313
21.0,euler,200,0.0125,0.5,main,S2/S3,1.0200326828231971,1.1273358602393115
21.0,heun,400,0.003125,0.25,main,S2/S1,0.11979782842821991,0.7722087333319235
21.0,heun,400,0.003125,0.25,main,S3/S4,12.503146756711892,3.1333499766920707
21.0,heun,400,0.003125,0.25,main,S1/S3,8.339414061010737,1.5597206344795926
21.0,heun,400,0.003125,0.25,main,S2/S3,0.9990436948728489,1.2044298955031503
21.0,heun,400,0.003125,0.5,main,S2/S1,0.05652150789202804,0.3042296578995169
21.0,heun,400,0.003125,0.5,main,S3/S4,21.6549547777757,2.8653813373688437
21.0,heun,400,0.003125,0.5,main,S1/S3,18.560992875822773,3.7043463381611117
21.0,heun,400,0.003125,0.5,main,S2/S3,1.0490953053146932,1.1269720192000832
21.0,heun,200,0.0125,0.25,main,S2/S1,0.21561441376752552,0.8726177724700416
21.0,heun,200,0.0125,0.25,main,S3/S4,11.928722602435593,3.0247579014045645
21.0,heun,200,0.0125,0.25,main,S1/S3,4.6851941140985005,1.4165471276758594
21.0,heun,200,0.0125,0.25,main,S2/S3,1.0101953822984093,1.2361041991513442
21.0,heun,200,0.0125,0.5,main,S2/S1,0.1061025014407125,0.5075195413688364
21.0,heun,200,0.0125,0.5,main,S3/S4,20.36889368786085,2.836114836031827
21.0,heun,200,0.0125,0.5,main,S1/S3,10.730621057621399,2.3025297535667377
21.0,heun,200,0.0125,0.5,main,S2/S3,1.1385457362260143,1.1685788445182905
21.0,rk4,400,0.003125,0.25,main,S2/S1,0.11979686586623584,0.7722013082743815
21.0,rk4,400,0.003125,0.25,main,S3/S4,12.519902168976786,3.132722760262565
21.0,rk4,400,0.003125,0.25,main,S1/S3,8.328367962550493,1.560032642304719
21.0,rk4,400,0.003125,0.25,main,S2/S3,0.9977123796943173,1.204659247338444
21.0,rk4,400,0.003125,0.5,main,S2/S1,0.05651031705093313,0.30422445072699145
21.0,rk4,400,0.003125,0.5,main,S3/S4,21.688360980254124,2.864805669150723
21.0,rk4,400,0.003125,0.5,main,S1/S3,18.532280778311318,3.705073607070082
21.0,rk4,400,0.003125,0.5,main,S2/S3,1.0472650624592863,1.1271739830139687
21.0,rk4,200,0.0125,0.25,main,S2/S1,0.21550769218350901,0.8725418980148996
21.0,rk4,200,0.0125,0.25,main,S3/S4,11.981590699706686,3.022942964429263
21.0,rk4,200,0.0125,0.25,main,S1/S3,4.666567705025275,1.4174755438546096
21.0,rk4,200,0.0125,0.25,main,S2/S3,1.0056812365280912,1.236806801424603
21.0,rk4,200,0.0125,0.5,main,S2/S1,0.10602456954733201,0.5074082599446912
21.0,rk4,200,0.0125,0.5,main,S3/S4,20.48285344972249,2.8333671978192903
21.0,rk4,200,0.0125,0.5,main,S1/S3,10.673511058532585,2.305125596859232
21.0,rk4,200,0.0125,0.5,main,S2/S3,1.1316544155396053,1.1696397680563109
21.0,rk8,400,0.003125,0.25,main,S2/S1,0.11979686586162623,0.7722013082624538
21.0,rk8,400,0.003125,0.25,main,S3/S4,12.5199019559221,3.132722767195083
21.0,rk8,400,0.003125,0.25,main,S1/S3,8.328368105553514,1.560032638833683
21.0,rk8,400,0.003125,0.25,main,S2/S3,0.9977123967872404,1.2046592446394981
21.0,rk8,400,0.003125,0.5,main,S2/S1,0.05651031698904987,0.3042244507178213
21.0,rk8,400,0.003125,0.5,main,S3/S4,21.688360552973112,2.864805674638859
21.0,rk8,400,0.003125,0.5,main,S1/S3,18.532281147845445,3.7050735998686224
21.0,rk8,400,0.003125,0.5,main,S2/S3,1.047265082194939,1.1271739807891326
21.0,rk8,200,0.0125,0.25,main,S2/S1,0.21550768727271627,0.8725418967478429
21.0,rk8,200,0.0125,0.25,main,S3/S4,11.981580139449408,3.0229432779980248
21.0,rk8,200,0.0125,0.25,main,S1/S3,4.666572045675176,1.4174753977642904
21.0,rk8,200,0.0125,0.25,main,S2/S3,1.0056821490549657,1.236806672158657
21.0,rk8,200,0.0125,0.5,main,S2/S1,0.10602456251235594,0.5074082583031564
21.0,rk8,200,0.0125,0.5,main,S3/S4,20.482830284452607,2.8333676488295367
21.0,rk8,200,0.0125,0.5,main,S1/S3,10.673523853502902,2.305125227874762
21.0,rk8,200,0.0125,0.5,main,S2/S3,1.1316556970328406,1.1696395770465995
22.0,euler,400,0.003125,0.25,main,S2/S1,0.13342895962562443,0.7756337131854635
22.0,euler,400,0.003125,0.25,main,S3/S4,15.621849846065476,3.2182088704333793
22.0,euler,400,0.003125,0.25,main,S1/S3,6.267870989594865,1.5294020209194856
22.0,euler,400,0.003125,0.25,main,S2/S3,0.8363155052092758,1.1862557684391326
22.0,euler,400,0.003125,0.5,main,S2/S1,0.06060316487962198,0.32669843815351135
22.0,euler,400,0.003125,0.5,main,S3/S4,24.61459573291304,3.022364393544884
22.0,euler,400,0.003125,0.5,main,S1/S3,15.512039978428382,3.3996853814753396
22.0,euler,400,0.003125,0.5,main,S2/S3,0.9400787164319829,1.1106719043413178
22.0,euler,400,0.0015625,0.25,time_half,S2/S1,0.13377684192237305,0.7739262839397726
22.0,euler,400,0.0015625,0.25,time_half,S3/S4,14.432250876416367,3.1907861957959653
22.0,euler,400,0.0015625,0.25,time_half,S1/S3,6.788300665157948,1.5353653694030056
22.0,euler,400,0.0015625,0.25,time_half,S2/S3,0.9081174250043746,1.1882596148318845
22.0,euler,400,0.0015625,0.5,time_half,S2/S1,0.0600208992613669,0.3254034773536353
22.0,euler,400,0.0015625,0.5,time_half,S3/S4,23.77276521012481,2.9406627918507287
22.0,euler,400,0.0015625,0.5,time_half,S1/S3,15.951466093914375,3.468609536179776
22.0,euler,400,0.0015625,0.5,time_half,S2/S3,0.9574213394939445,1.1286976046548791
22.0,euler,200,0.0125,0.25,main,S2/S1,0.2476206326957881,0.8814308471337914
22.0,euler,200,0.0125,0.25,main,S3/S4,14.539769740537064,3.1139306625248517
22.0,euler,200,0.0125,0.25,main,S1/S3,3.4527729586287315,1.378317046804448
22.0,euler,200,0.0125,0.25,main,S2/S3,0.8549778245705547,1.2148911621837903
22.0,euler,200,0.0125,0.5,main,S2/S1,0.1131536178466979,0.546328581387999
22.0,euler,200,0.0125,0.5,main,S3/S4,23.371839391866242,2.8539929277980627
22.0,euler,200,0.0125,0.5,main,S1/S3,8.434108838394078,2.1510100637331364
22.0,euler,200,0.0125,0.5,main,S2/S3,0.9543499283771008,1.1751582766706339
22.0,euler,200,0.00625,0.25,time_half,S2/S1,0.24336210085837662,0.8774178717741203
22.0,euler,200,0.00625,0.25,time_half,S3/S4,13.488960257767847,3.0943987178702566
22.0,euler,200,0.00625,0.25,time_half,S1/S3,3.801758686718674,1.3844646281061506
22.0,euler,200,0.00625,0.25,time_half,S2/S3,0.9252039809564393,1.2147540075394476
22.0,euler,200,0.00625,0.5,time_half,S2/S1,0.11216046340966104,0.539050250540732
22.0,euler,200,0.00625,0.5,time_half,S3/S4,22.58608005752031,2.7652698114810046
22.0,euler,200,0.00625,0.5,time_half,S1/S3,8.950931972543351,2.2264895004819487
22.0,euler,200,0.00625,0.5,time_half,S2/S3,1.0039406779888136,1.2001897230611038
22.0,heun,400,0.003125,0.25,main,S2/S1,0.134117261792254,0.7722234029770465
22.0,heun,400,0.003125,0.25,main,S3/S4,13.252250369273698,3.1641704827937867
22.0,heun,400,0.003125,0.25,main,S1/S3,7.396933209243031,1.5411386652029229
22.0,heun,400,0.003125,0.25,main,S2/S3,0.9920564276838651,1.1901033445025044
22.0,heun,400,0.003125,0.5,main,S2/S1,0.059443840815085205,0.3241193805228136
22.0,heun,400,0.003125,0.5,main,S3/S4,22.92918667655708,2.8617684546857203
22.0,heun,400,0.003125,0.5,main,S1/S3,16.427941216408197,3.5386013882327423
22.0,heun,400,0.003125,0.5,main,S2/S3,0.9765399225877461,1.1469292898711647
22.0,heun,400,0.0015625,0.25,time_half,S2/S1,0.13411624559586013,0.7722177399555904
22.0,heun,400,0.0015625,0.25,time_half,S3/S4,13.264535692098592,3.1636824262838203
22.0,heun,400,0.0015625,0.25,time_half,S1/S3,7.390161259221654,1.5413764128291105
22.0,heun,400,0.0015625,0.25,time_half,S2/S3,0.9911406824347824,1.1902782099357507
22.0,heun,400,0.0015625,0.5,time_half,S2/S1,0.05943539601444853,0.32411479822143113
22.0,heun,400,0.0015625,0.5,time_half,S3/S4,22.953580343315075,2.861316374651916
22.0,heun,400,0.0015625,0.5,time_half,S1/S3,16.410416862171445,3.5391513476347085
22.0,heun,400,0.0015625,0.5,time_half,S2/S3,0.9753596249653437,1.1470913249137296
22.0,heun,200,0.0125,0.25,main,S2/S1,0.23925484513255046,0.8734255103569977
22.0,heun,200,0.0125,0.25,main,S3/S4,12.433825390569833,3.07636062842568
22.0,heun,200,0.0125,0.25,main,S1/S3,4.211191617624209,1.390096980415192
22.0,heun,200,0.0125,0.25,main,S2/S3,1.0075479982981748,1.2141461645648604
22.0,heun,200,0.0125,0.5,main,S2/S1,0.11120619185891345,0.5319296033769875
22.0,heun,200,0.0125,0.5,main,S3/S4,21.40505436642574,2.6829191469051348
22.0,heun,200,0.0125,0.5,main,S1/S3,9.53752771741258,2.301617429629807
22.0,heun,200,0.0125,0.5,main,S2/S3,1.0606321372022882,1.2242984464685447
22.0,heun,200,0.00625,0.25,time_half,S2/S1,0.2391648781609028,0.8733691328906524
22.0,heun,200,0.00625,0.25,time_half,S3/S4,12.471352868181276,3.0749734040068586
22.0,heun,200,0.00625,0.25,time_half,S1/S3,4.199898137712529,1.3907798764960235
22.0,heun,200,0.00625,0.25,time_half,S2/S3,1.0044681263942195,1.2146642147771007
22.0,heun,200,0.00625,0.5,time_half,S2/S1,0.11114796355566983,0.5318387454605443
22.0,heun,200,0.00625,0.5,time_half,S3/S4,21.48621840477121,2.68081304399723
22.0,heun,200,0.00625,0.5,time_half,S1/S3,9.503231529620578,2.303709355462524
22.0,heun,200,0.00625,0.5,time_half,S2/S3,1.0562648317153605,1.225201893514908
22.0,rk4,400,0.003125,0.25,main,S2/S1,0.13411590315983873,0.7722158468880789
22.0,rk4,400,0.003125,0.25,main,S3/S4,13.268654735132005,3.1635200611186884
22.0,rk4,400,0.003125,0.25,main,S1/S3,7.387893504977323,1.5414555206953753
22.0,rk4,400,0.003125,0.25,main,S2/S3,0.9908340098687403,1.1903363803540838
22.0,rk4,400,0.003125,0.5,main,S2/S1,0.05943256882365012,0.32411326606108987
22.0,rk4,400,0.003125,0.5,main,S3/S4,22.961718868722812,2.8611668186785417
22.0,rk4,400,0.003125,0.5,main,S1/S3,16.40457915660342,3.539333292208248
22.0,rk4,400,0.003125,0.5,main,S2/S3,0.974966279747849,1.147144873016365
22.0,rk4,400,0.0015625,0.25,time_half,S2/S1,0.13411590315509023,0.7722158468775523
22.0,rk4,400,0.0015625,0.25,time_half,S3/S4,13.26865453949939,3.1635200678967266
22.0,rk4,400,0.0015625,0.25,time_half,S1/S3,7.38789361492165,1.5414555173762623
22.0,rk4,400,0.0015625,0.25,time_half,S2/S3,0.9908340245789414,1.190336377774786
22.0,rk4,400,0.0015625,0.5,time_half,S2/S1,0.05943256876526336,0.3241132660521599
22.0,rk4,400,0.0015625,0.5,time_half,S3/S4,22.96171847826594,2.8611668241023187
22.0,rk4,400,0.0015625,0.5,time_half,S1/S3,16.404579439107707,3.539333285400594
22.0,rk4,400,0.0015625,0.5,time_half,S2/S3,0.9749662955799943,1.1471448707783078
22.0,rk4,200,0.0125,0.25,main,S2/S1,0.2391343505299398,0.8733501597070542
22.0,rk4,200,0.0125,0.25,main,S3/S4,12.48419153319774,3.0745134339534865
22.0,rk4,200,0.0125,0.25,main,S1/S3,4.196044608585179,1.3910067120517304
22.0,rk4,200,0.0125,0.25,main,S2/S3,1.0034184022686723,1.2148359341239632
22.0,rk4,200,0.0125,0.5,main,S2/S1,0.11112822011862893,0.5318081874781916
22.0,rk4,200,0.0125,0.5,main,S3/S4,21.513514277404447,2.6801273921926936
22.0,rk4,200,0.0125,0.5,main,S1/S3,9.491781787526474,2.3043941662439638
22.0,rk4,200,0.0125,0.5,main,S2/S3,1.0548048158022352,1.225495684785521
22.0,rk4,200,0.00625,0.25,time_half,S2/S1,0.2391343454488897,0.8733501585266688
22.0,rk4,200,0.00625,0.25,time_half,S3/S4,12.484182129221544,3.0745137332602863
22.0,rk4,200,0.00625,0.25,time_half,S1/S3,4.196047961166901,1.3910065774101978
22.0,rk4,200,0.00625,0.25,time_half,S2/S3,1.003419182665795,1.214835814892835
22.0,rk4,200,0.00625,0.5,time_half,S2/S1,0.1111282135267852,0.5318081859174696
22.0,rk4,200,0.00625,0.5,time_half,S3/S4,21.51349361097526,2.6801278261167494
22.0,rk4,200,0.00625,0.5,time_half,S1/S3,9.49179150927259,2.304393791138954
22.0,rk4,200,0.00625,0.5,time_half,S2/S3,1.0548058335941712,1.2254954817050874
22.0,rk8,400,0.003125,0.25,main,S2/S1,0.13411590315476896,0.772215846876496
22.0,rk8,400,0.003125,0.25,main,S3/S4,13.268654526377732,3.163520068348571
22.0,rk8,400,0.003125,0.25,main,S1/S3,7.387893622295047,1.541455517155528
22.0,rk8,400,0.003125,0.25,main,S2/S3,0.9908340255654576,1.1903363776027032
22.0,rk8,400,0.003125,0.5,main,S2/S1,0.05943256876138683,0.3241132660514826
22.0,rk8,400,0.003125,0.5,main,S3/S4,22.961718452309785,2.861166824460801
22.0,rk8,400,0.003125,0.5,main,S1/S3,16.404579457956046,3.5393332849517822
22.0,rk8,400,0.003125,0.5,main,S2/S3,0.9749662966366065,1.1471448706304448
22.0,rk8,400,0.0015625,0.25,time_half,S2/S1,0.13411590315476812,0.7722158468764547
22.0,rk8,400,0.0015625,0.25,time_half,S3/S4,13.268654526405598,3.1635200683478075
22.0,rk8,400,0.0015625,0.25,time_half,S1/S3,7.387893622273802,1.5414555171553113
22.0,rk8,400,0.0015625,0.25,time_half,S2/S3,0.9908340255626024,1.1903363776024722
22.0,rk8,400,0.0015625,0.5,time_half,S2/S1,0.059432568761376474,0.3241132660516595
22.0,rk8,400,0.0015625,0.5,time_half,S3/S4,22.961718452234937,2.8611668244603257
22.0,rk8,400,0.0015625,0.5,time_half,S1/S3,16.404579457983132,3.5393332849497092
22.0,rk8,400,0.0015625,0.5,time_half,S2/S3,0.9749662966380463,1.147144870630399
22.0,rk8,200,0.0125,0.25,main,S2/S1,0.23913434510531964,0.8733501584478339
22.0,rk8,200,0.0125,0.25,main,S3/S4,12.484181489412938,3.0745137531045863
22.0,rk8,200,0.0125,0.25,main,S1/S3,4.1960481892138155,1.3910065684818655
22.0,rk8,200,0.0125,0.25,main,S2/S3,1.0034192357580083,1.2148358069856149
22.0,rk8,200,0.0125,0.5,main,S2/S1,0.11112821308387241,0.5318081858128437
22.0,rk8,200,0.0125,0.5,main,S3/S4,21.5134922232683,2.680127854340928
22.0,rk8,200,0.0125,0.5,main,S1/S3,9.4917921614075,2.304393766730911
22.0,rk8,200,0.0125,0.5,main,S2/S3,1.0548059018607225,1.225495468483591
22.0,rk8,200,0.00625,0.25,time_half,S2/S1,0.23913434510531748,0.8733501584477226
22.0,rk8,200,0.00625,0.25,time_half,S3/S4,12.484181489389256,3.0745137531043083
22.0,rk8,200,0.00625,0.25,time_half,S1/S3,4.196048189213218,1.39100656848185
22.0,rk8,200,0.00625,0.25,time_half,S2/S3,1.0034192357578562,1.2148358069854466
22.0,rk8,200,0.00625,0.5,time_half,S2/S1,0.1111282130838714,0.5318081858128384
22.0,rk8,200,0.00625,0.5,time_half,S3/S4,21.513492223214712,2.680127854340581
22.0,rk8,200,0.00625,0.5,time_half,S1/S3,9.491792161406874,2.304393766730716
22.0,rk8,200,0.00625,0.5,time_half,S2/S3,1.0548059018606435,1.2254954684834751
