p,route,n,dt,method,halfwidth,purpose,time,region,u,rho,provenance
3.0,integrable_original,400,0.003125,euler,4.0,main,0.25,core,0.008103444393702327,0.0002564838407147496,reused
3.0,integrable_original,400,0.003125,euler,4.0,main,0.25,peak,0.0045655895590112835,0.0002408922930866586,reused
3.0,integrable_original,400,0.003125,euler,4.0,main,0.5,core,0.04015885909986359,0.0031497898552712567,reused
3.0,integrable_original,400,0.003125,euler,4.0,main,0.5,peak,0.018454726946807366,0.00201460119832364,reused
3.0,integrable_original,400,0.0015625,euler,4.0,time_half,0.25,core,0.008171598371605748,0.0002628175585484005,reused
3.0,integrable_original,400,0.0015625,euler,4.0,time_half,0.25,peak,0.004590366721724637,0.0002453808439527583,reused
3.0,integrable_original,400,0.0015625,euler,4.0,time_half,0.5,core,0.040551408983187626,0.003214106856973542,reused
3.0,integrable_original,400,0.0015625,euler,4.0,time_half,0.5,peak,0.018580446095584492,0.0020449075035201547,reused
3.0,integrable_calibrated,400,0.003125,euler,4.0,main,0.25,core,1.3989975988172934e-05,5.585023749699047e-06,reused
3.0,integrable_calibrated,400,0.003125,euler,4.0,main,0.25,peak,7.924722140145724e-06,5.585147094144816e-06,reused
3.0,integrable_calibrated,400,0.003125,euler,4.0,main,0.5,core,6.883208960035969e-05,6.241564474374073e-06,reused
3.0,integrable_calibrated,400,0.003125,euler,4.0,main,0.5,peak,3.200559139000109e-05,5.5337682594025495e-06,reused
3.0,integrable_calibrated,400,0.0015625,euler,4.0,time_half,0.25,core,1.4072487442412344e-05,6.6599574535253225e-06,reused
3.0,integrable_calibrated,400,0.0015625,euler,4.0,time_half,0.25,peak,7.797516639738294e-06,6.660079417519782e-06,reused
3.0,integrable_calibrated,400,0.0015625,euler,4.0,time_half,0.5,core,6.863597935148624e-05,7.60377932973455e-06,reused
3.0,integrable_calibrated,400,0.0015625,euler,4.0,time_half,0.5,peak,3.147692687784781e-05,7.604196138766284e-06,reused
3.0,difference_matched,400,0.003125,euler,4.0,main,0.25,core,1.3729198139605936e-06,5.154675906560158e-06,reused
3.0,difference_matched,400,0.003125,euler,4.0,main,0.25,peak,1.3768776575447117e-06,5.154791431483119e-06,reused
3.0,difference_matched,400,0.003125,euler,4.0,main,0.5,core,8.023934241285259e-06,2.8515751709923265e-06,reused
3.0,difference_matched,400,0.003125,euler,4.0,main,0.5,peak,6.0215172260867644e-06,2.8520108062979332e-06,reused
3.0,difference_matched,400,0.0015625,euler,4.0,time_half,0.25,core,1.1082005278301166e-06,6.224824680600705e-06,reused
3.0,difference_matched,400,0.0015625,euler,4.0,time_half,0.25,peak,1.1114527042645206e-06,6.224938586152362e-06,reused
3.0,difference_matched,400,0.0015625,euler,4.0,time_half,0.5,core,7.343439653360526e-06,4.980469226367745e-06,reused
3.0,difference_matched,400,0.0015625,euler,4.0,time_half,0.5,peak,5.099936959854917e-06,4.98091597989081e-06,reused
3.0,difference_rm,400,0.003125,euler,4.0,main,0.25,core,7.993538219119856e-07,2.5802285954501514e-06,reused
3.0,difference_rm,400,0.003125,euler,4.0,main,0.25,peak,7.993493182402445e-07,2.5802629920468334e-06,reused
3.0,difference_rm,400,0.003125,euler,4.0,main,0.5,core,6.933257425401074e-07,2.858197546085073e-06,reused
3.0,difference_rm,400,0.003125,euler,4.0,main,0.5,peak,6.961242694399072e-07,2.8775545689585513e-06,reused
3.0,difference_rm,400,0.0015625,euler,4.0,time_half,0.25,core,9.491941883529864e-07,3.2562964892290935e-06,reused
3.0,difference_rm,400,0.0015625,euler,4.0,time_half,0.25,peak,9.49245585177283e-07,3.256634708903583e-06,reused
3.0,difference_rm,400,0.0015625,euler,4.0,time_half,0.5,core,7.723004862743299e-07,2.77789449532051e-06,reused
3.0,difference_rm,400,0.0015625,euler,4.0,time_half,0.5,peak,7.723012078603153e-07,2.7779780772396734e-06,reused
3.0,difference_fixed,400,0.003125,euler,4.0,main,0.25,core,7.413489204570467e-07,2.7904042918525107e-06,reused
3.0,difference_fixed,400,0.003125,euler,4.0,main,0.25,peak,7.413410922710306e-07,2.7903569606024803e-06,reused
3.0,difference_fixed,400,0.003125,euler,4.0,main,0.5,core,9.784505280163724e-07,3.544438560876273e-06,reused
3.0,difference_fixed,400,0.003125,euler,4.0,main,0.5,peak,9.771803160321668e-07,3.5415057815235684e-06,reused
3.0,difference_fixed,400,0.0015625,euler,4.0,time_half,0.25,core,9.849543370910041e-07,3.621358524164009e-06,reused
3.0,difference_fixed,400,0.0015625,euler,4.0,time_half,0.25,peak,9.849344694973228e-07,3.621346504001366e-06,reused
3.0,difference_fixed,400,0.0015625,euler,4.0,time_half,0.5,core,7.588360160931673e-07,3.0440235775364144e-06,reused
3.0,difference_fixed,400,0.0015625,euler,4.0,time_half,0.5,peak,7.588288977629365e-07,3.0440436320500197e-06,reused
3.5,integrable_original,400,0.003125,euler,4.0,main,0.25,core,0.009973300997197811,0.0003533132174057263,new
3.5,integrable_original,400,0.003125,euler,4.0,main,0.25,peak,0.0049705610544985915,0.00033697907512320047,new
3.5,integrable_original,400,0.003125,euler,4.0,main,0.5,core,0.04616275632435935,0.0038388185357621785,new
3.5,integrable_original,400,0.003125,euler,4.0,main,0.5,peak,0.01755084162166152,0.00239179082710006,new
3.5,integrable_original,400,0.0015625,euler,4.0,time_half,0.25,core,0.010048869344776489,0.00035881953153160673,new
3.5,integrable_original,400,0.0015625,euler,4.0,time_half,0.25,peak,0.004990239433479635,0.00034279298369321864,new
3.5,integrable_original,400,0.0015625,euler,4.0,time_half,0.5,core,0.04655795926465988,0.003913209370879245,new
3.5,integrable_original,400,0.0015625,euler,4.0,time_half,0.5,peak,0.017637789997739184,0.002422336420148108,new
3.5,integrable_calibrated,400,0.003125,euler,4.0,main,0.25,core,3.082197144167135e-05,1.741992781134627e-05,new
3.5,integrable_calibrated,400,0.003125,euler,4.0,main,0.25,peak,1.559972451482816e-05,1.7419973252996712e-05,new
3.5,integrable_calibrated,400,0.003125,euler,4.0,main,0.5,core,0.0001416255614434146,1.6317853686831363e-05,new
3.5,integrable_calibrated,400,0.003125,euler,4.0,main,0.5,peak,5.460901764407777e-05,1.6318474882037748e-05,new
3.5,integrable_calibrated,400,0.0015625,euler,4.0,time_half,0.25,core,3.093593951953265e-05,2.0115542189058644e-05,new
3.5,integrable_calibrated,400,0.0015625,euler,4.0,time_half,0.25,peak,1.5251777815694645e-05,2.011558424008797e-05,new
3.5,integrable_calibrated,400,0.0015625,euler,4.0,time_half,0.5,core,0.00014121104240096514,2.1591872467863205e-05,new
3.5,integrable_calibrated,400,0.0015625,euler,4.0,time_half,0.5,peak,5.353699512906235e-05,2.1591918121566245e-05,new
3.5,difference_matched,400,0.003125,euler,4.0,main,0.25,core,3.0492919992006207e-06,1.631719002670451e-05,new
3.5,difference_matched,400,0.003125,euler,4.0,main,0.25,peak,3.0492782249202932e-06,1.631723088268977e-05,new
3.5,difference_matched,400,0.003125,euler,4.0,main,0.5,core,9.856337013676442e-06,1.0085987573016375e-05,new
3.5,difference_matched,400,0.003125,euler,4.0,main,0.5,peak,9.867296442631068e-06,1.0086135392994855e-05,new
3.5,difference_matched,400,0.0015625,euler,4.0,time_half,0.25,core,3.8950413309840615e-06,1.900171343272028e-05,new
3.5,difference_matched,400,0.0015625,euler,4.0,time_half,0.25,peak,3.895218180137439e-06,1.9001750730329725e-05,new
3.5,difference_matched,400,0.0015625,euler,4.0,time_half,0.5,core,8.000554835144169e-06,1.5440973711533523e-05,new
3.5,difference_matched,400,0.0015625,euler,4.0,time_half,0.5,peak,8.013491810704432e-06,1.544112171358858e-05,new
3.5,difference_rm,400,0.003125,euler,4.0,main,0.25,core,2.3189686918709262e-06,6.538146665957534e-06,new
3.5,difference_rm,400,0.003125,euler,4.0,main,0.25,peak,2.3192334674126958e-06,6.538060591698702e-06,new
3.5,difference_rm,400,0.003125,euler,4.0,main,0.5,core,1.5657182147049697e-06,5.703782867017004e-06,new
3.5,difference_rm,400,0.003125,euler,4.0,main,0.5,peak,1.5659469235207446e-06,5.683903135489388e-06,new
3.5,difference_rm,400,0.0015625,euler,4.0,time_half,0.25,core,2.5247331953137664e-06,7.797768803330385e-06,new
3.5,difference_rm,400,0.0015625,euler,4.0,time_half,0.25,peak,2.5250061828283044e-06,7.798256977387119e-06,new
3.5,difference_rm,400,0.0015625,euler,4.0,time_half,0.5,core,2.1917266710760885e-06,7.195250801839137e-06,new
3.5,difference_rm,400,0.0015625,euler,4.0,time_half,0.5,peak,2.1917672831384127e-06,7.195254379865901e-06,new
3.5,difference_fixed,400,0.003125,euler,4.0,main,0.25,core,2.2322549081549292e-06,7.788101665795466e-06,new
3.5,difference_fixed,400,0.003125,euler,4.0,main,0.25,peak,2.2322489647494392e-06,7.78811999258e-06,new
3.5,difference_fixed,400,0.003125,euler,4.0,main,0.5,core,2.269273240311509e-06,7.945322018088063e-06,new
3.5,difference_fixed,400,0.003125,euler,4.0,main,0.5,peak,2.2688112865792975e-06,7.89895150687947e-06,new
3.5,difference_fixed,400,0.0015625,euler,4.0,time_half,0.25,core,2.777188424160637e-06,9.53774580603195e-06,new
3.5,difference_fixed,400,0.0015625,euler,4.0,time_half,0.25,peak,2.777183386308557e-06,9.537762156730523e-06,new
3.5,difference_fixed,400,0.0015625,euler,4.0,time_half,0.5,core,2.2400754967344394e-06,8.706611777542506e-06,new
3.5,difference_fixed,400,0.0015625,euler,4.0,time_half,0.5,peak,2.2400628594473893e-06,8.706685106441014e-06,new
4.0,integrable_original,400,0.003125,euler,4.0,main,0.25,core,0.011239442928325388,0.00045070279142300773,reused
4.0,integrable_original,400,0.003125,euler,4.0,main,0.25,peak,0.005229329832628214,0.0004229329469700449,reused
4.0,integrable_original,400,0.003125,euler,4.0,main,0.5,core,0.050373350433966846,0.004234879099734967,reused
4.0,integrable_original,400,0.003125,euler,4.0,main,0.5,peak,0.017089419520077906,0.002677620660883062,reused
4.0,integrable_original,400,0.0015625,euler,4.0,time_half,0.25,core,0.011320121570086265,0.0004564468250507492,reused
4.0,integrable_original,400,0.0015625,euler,4.0,time_half,0.25,peak,0.0052457346500368734,0.0004300706170962121,reused
4.0,integrable_original,400,0.0015625,euler,4.0,time_half,0.5,core,0.05077349502806798,0.004315900229343694,reused
4.0,integrable_original,400,0.0015625,euler,4.0,time_half,0.5,peak,0.01715604620980092,0.0027093332616512367,reused
4.0,integrable_calibrated,400,0.003125,euler,4.0,main,0.25,core,5.12510460236623e-05,3.6562059898992416e-05,reused
4.0,integrable_calibrated,400,0.003125,euler,4.0,main,0.25,peak,2.4615948728490267e-05,3.656480240388227e-05,reused
4.0,integrable_calibrated,400,0.003125,euler,4.0,main,0.5,core,0.00023000101272649008,3.422578486789174e-05,reused
4.0,integrable_calibrated,400,0.003125,euler,4.0,main,0.5,peak,7.97087699189944e-05,3.422800001617876e-05,reused
4.0,integrable_calibrated,400,0.0015625,euler,4.0,time_half,0.25,core,5.1239478932779085e-05,4.1145415437982e-05,reused
4.0,integrable_calibrated,400,0.0015625,euler,4.0,time_half,0.25,peak,2.3928070073009344e-05,4.114810331190544e-05,reused
4.0,integrable_calibrated,400,0.0015625,euler,4.0,time_half,0.5,core,0.0002284349196151306,4.3178671640053956e-05,reused
4.0,integrable_calibrated,400,0.0015625,euler,4.0,time_half,0.5,peak,7.754390382841425e-05,4.3180403704434767e-05,reused
4.0,difference_matched,400,0.003125,euler,4.0,main,0.25,core,8.281341339948234e-06,3.458274486201063e-05,reused
4.0,difference_matched,400,0.003125,euler,4.0,main,0.25,peak,8.281403487020444e-06,3.4582889972933906e-05,reused
4.0,difference_matched,400,0.003125,euler,4.0,main,0.5,core,1.3843658006454373e-05,2.342836508584245e-05,reused
4.0,difference_matched,400,0.003125,euler,4.0,main,0.5,peak,1.3919300587077188e-05,2.342967179880251e-05,reused
4.0,difference_matched,400,0.0015625,euler,4.0,time_half,0.25,core,9.882045081725799e-06,3.9151110287405366e-05,reused
4.0,difference_matched,400,0.0015625,euler,4.0,time_half,0.25,peak,9.88267689254474e-06,3.915125277653697e-05,reused
4.0,difference_matched,400,0.0015625,euler,4.0,time_half,0.5,core,1.0910486906372252e-05,3.253505565603554e-05,reused
4.0,difference_matched,400,0.0015625,euler,4.0,time_half,0.5,peak,1.0901383908287765e-05,3.253630365818161e-05,reused
4.0,difference_rm,400,0.003125,euler,4.0,main,0.25,core,4.241434777452202e-06,1.1132988278372835e-05,reused
4.0,difference_rm,400,0.003125,euler,4.0,main,0.25,peak,4.241712109935569e-06,1.1133120387363249e-05,reused
4.0,difference_rm,400,0.003125,euler,4.0,main,0.5,core,3.2271779303386094e-06,9.393969396920276e-06,reused
4.0,difference_rm,400,0.003125,euler,4.0,main,0.5,peak,3.2271327384050807e-06,9.394529146278252e-06,reused
4.0,difference_rm,400,0.0015625,euler,4.0,time_half,0.25,core,4.4543942342503695e-06,1.2756655560774988e-05,reused
4.0,difference_rm,400,0.0015625,euler,4.0,time_half,0.25,peak,4.455244498012545e-06,1.2756606637132073e-05,reused
4.0,difference_rm,400,0.0015625,euler,4.0,time_half,0.5,core,4.0494244019778636e-06,1.252845747623521e-05,reused
4.0,difference_rm,400,0.0015625,euler,4.0,time_half,0.5,peak,4.049856025596654e-06,1.2529669498717588e-05,reused
4.0,difference_fixed,400,0.003125,euler,4.0,main,0.25,core,4.444338435084794e-06,1.4455986687145206e-05,reused
4.0,difference_fixed,400,0.003125,euler,4.0,main,0.25,peak,4.4443270059355e-06,1.4455974420068962e-05,reused
4.0,difference_fixed,400,0.003125,euler,4.0,main,0.5,core,3.5793222254720813e-06,1.2536134300522583e-05,reused
4.0,difference_fixed,400,0.003125,euler,4.0,main,0.5,peak,3.5760493604306e-06,1.251698613968788e-05,reused
4.0,difference_fixed,400,0.0015625,euler,4.0,time_half,0.25,core,5.294080388830447e-06,1.6959654628223575e-05,reused
4.0,difference_fixed,400,0.0015625,euler,4.0,time_half,0.25,peak,5.2940699836467875e-06,1.6959549697936893e-05,reused
4.0,difference_fixed,400,0.0015625,euler,4.0,time_half,0.5,core,4.4459904348717605e-06,1.6511102912231124e-05,reused
4.0,difference_fixed,400,0.0015625,euler,4.0,time_half,0.5,peak,4.4459464540735905e-06,1.651116856749013e-05,reused
4.5,integrable_original,400,0.003125,euler,4.0,main,0.25,core,0.012133411850269234,0.0005448969395176473,new
4.5,integrable_original,400,0.003125,euler,4.0,main,0.25,peak,0.005396166892363982,0.0004947997359289191,new
4.5,integrable_original,400,0.003125,euler,4.0,main,0.5,core,0.05345910280265097,0.004468520327495784,new
4.5,integrable_original,400,0.003125,euler,4.0,main,0.5,peak,0.016801298240351023,0.002923229386526671,new
4.5,integrable_original,400,0.0015625,euler,4.0,time_half,0.25,core,0.012217791289249677,0.0005507078215460925,new
4.5,integrable_original,400,0.0015625,euler,4.0,time_half,0.25,peak,0.005410197433323813,0.000503342090103498,new
4.5,integrable_original,400,0.0015625,euler,4.0,time_half,0.5,core,0.05386459175735159,0.004553984069715078,new
4.5,integrable_original,400,0.0015625,euler,4.0,time_half,0.5,peak,0.016855260685103943,0.002956186865051058,new
4.5,integrable_calibrated,400,0.003125,euler,4.0,main,0.25,core,7.371972222953039e-05,6.24275252411044e-05,new
4.5,integrable_calibrated,400,0.003125,euler,4.0,main,0.25,peak,3.401439883515822e-05,6.242858990224143e-05,new
4.5,integrable_calibrated,400,0.003125,euler,4.0,main,0.5,core,0.00032772664389353785,5.914077622948266e-05,new
4.5,integrable_calibrated,400,0.003125,euler,4.0,main,0.5,peak,0.00010470856636902309,5.9140727313056196e-05,new
4.5,integrable_calibrated,400,0.0015625,euler,4.0,time_half,0.25,core,7.351476542808485e-05,6.887135016098167e-05,new
4.5,integrable_calibrated,400,0.0015625,euler,4.0,time_half,0.25,peak,3.2806050160733013e-05,6.887243223285822e-05,new
4.5,integrable_calibrated,400,0.0015625,euler,4.0,time_half,0.5,core,0.00032456288532377244,7.15649443229216e-05,new
4.5,integrable_calibrated,400,0.0015625,euler,4.0,time_half,0.5,peak,0.00010114425820773043,7.156791681739438e-05,new
4.5,difference_matched,400,0.003125,euler,4.0,main,0.25,core,1.661048573027568e-05,5.945158748599244e-05,new
4.5,difference_matched,400,0.003125,euler,4.0,main,0.25,peak,1.6610486529289314e-05,5.9452608380028416e-05,new
4.5,difference_matched,400,0.003125,euler,4.0,main,0.5,core,1.8188934339751113e-05,4.306447631197141e-05,new
4.5,difference_matched,400,0.003125,euler,4.0,main,0.5,peak,1.784673107929624e-05,4.306800391207233e-05,new
4.5,difference_matched,400,0.0015625,euler,4.0,time_half,0.25,core,1.9098416920285133e-05,6.586828529164812e-05,new
4.5,difference_matched,400,0.0015625,euler,4.0,time_half,0.25,peak,1.9098353986266026e-05,6.586932154784009e-05,new
4.5,difference_matched,400,0.0015625,euler,4.0,time_half,0.5,core,2.3754952612159473e-05,5.5858523645091473e-05,new
4.5,difference_matched,400,0.0015625,euler,4.0,time_half,0.5,peak,1.4523270442615144e-05,5.5861978586757566e-05,new
4.5,difference_rm,400,0.003125,euler,4.0,main,0.25,core,6.128833365412478e-06,1.5701007998747407e-05,new
4.5,difference_rm,400,0.003125,euler,4.0,main,0.25,peak,6.128874907182502e-06,1.5701896716180386e-05,new
4.5,difference_rm,400,0.003125,euler,4.0,main,0.5,core,5.014184012219758e-06,1.4594539249790373e-05,new
4.5,difference_rm,400,0.003125,euler,4.0,main,0.5,peak,5.014164129762966e-06,1.459739510611957e-05,new
4.5,difference_rm,400,0.0015625,euler,4.0,time_half,0.25,core,6.384383337984523e-06,1.7470391782792305e-05,new
4.5,difference_rm,400,0.0015625,euler,4.0,time_half,0.25,peak,6.384428630851202e-06,1.747143600427936e-05,new
4.5,difference_rm,400,0.0015625,euler,4.0,time_half,0.5,core,5.9876887770204945e-06,1.8108529838190002e-05,new
4.5,difference_rm,400,0.0015625,euler,4.0,time_half,0.5,peak,5.9886445236689845e-06,1.8109035320845734e-05,new
4.5,difference_fixed,400,0.003125,euler,4.0,main,0.25,core,7.194503045301892e-06,2.1934048804683748e-05,new
4.5,difference_fixed,400,0.003125,euler,4.0,main,0.25,peak,7.1944909301457916e-06,2.1934024173386746e-05,new
4.5,difference_fixed,400,0.003125,euler,4.0,main,0.5,core,5.10782360402251e-06,1.992260792726963e-05,new
4.5,difference_fixed,400,0.003125,euler,4.0,main,0.5,peak,5.107797179160212e-06,1.992290795216345e-05,new
4.5,difference_fixed,400,0.0015625,euler,4.0,time_half,0.25,core,8.292802284509682e-06,2.4919971967629628e-05,new
4.5,difference_fixed,400,0.0015625,euler,4.0,time_half,0.25,peak,8.292786718142042e-06,2.4919870339146222e-05,new
4.5,difference_fixed,400,0.0015625,euler,4.0,time_half,0.5,core,7.25305902636586e-06,2.562584320375816e-05,new
4.5,difference_fixed,400,0.0015625,euler,4.0,time_half,0.5,peak,7.253001039361773e-06,2.56259602986475e-05,new
5.0,integrable_original,400,0.003125,euler,4.0,main,0.25,core,0.012780484705533812,0.0006362422058713291,reused
5.0,integrable_original,400,0.003125,euler,4.0,main,0.25,peak,0.005503741022907627,0.0005664188814357152,reused
5.0,integrable_original,400,0.003125,euler,4.0,main,0.5,core,0.05574281966810508,0.0046182697999930244,reused
5.0,integrable_original,400,0.003125,euler,4.0,main,0.5,peak,0.016557042413768652,0.0030644121694014537,reused
5.0,integrable_original,400,0.0015625,euler,4.0,time_half,0.25,core,0.012867530529896866,0.0006419264311804396,reused
5.0,integrable_original,400,0.0015625,euler,4.0,time_half,0.25,peak,0.005515854431172973,0.000576066804650277,reused
5.0,integrable_original,400,0.0015625,euler,4.0,time_half,0.5,core,0.05615257378634262,0.0047068883247909366,reused
5.0,integrable_original,400,0.0015625,euler,4.0,time_half,0.5,peak,0.016601981595392126,0.003098475946283208,reused
5.0,integrable_original,800,0.0015625,euler,4.0,space_time_half,0.25,core,0.006410690318443183,0.00032210010243372,new
5.0,integrable_original,800,0.0015625,euler,4.0,space_time_half,0.25,peak,0.0027512263592164854,0.0002660369337984525,new
5.0,integrable_original,800,0.0015625,euler,4.0,space_time_half,0.5,core,0.02795361596340509,0.0023400218770224246,new
5.0,integrable_original,800,0.0015625,euler,4.0,space_time_half,0.5,peak,0.008272393671485023,0.0015335391031386925,new
5.0,integrable_calibrated,400,0.003125,euler,4.0,main,0.25,core,9.745297504513181e-05,9.413427124282947e-05,reused
5.0,integrable_calibrated,400,0.003125,euler,4.0,main,0.25,peak,4.418199168061687e-05,9.413427124282947e-05,reused
5.0,integrable_calibrated,400,0.003125,euler,4.0,main,0.5,core,0.000430548061527522,9.05918410671891e-05,reused
5.0,integrable_calibrated,400,0.003125,euler,4.0,main,0.5,peak,0.0001323122117426745,9.05955286590876e-05,reused
5.0,integrable_calibrated,400,0.0015625,euler,4.0,time_half,0.25,core,9.704115859588422e-05,0.00010224829799831969,reused
5.0,integrable_calibrated,400,0.0015625,euler,4.0,time_half,0.25,peak,4.2524198418256165e-05,0.00010224829799831969,reused
5.0,integrable_calibrated,400,0.0015625,euler,4.0,time_half,0.5,core,0.00042564117926128446,0.00010582108842116522,reused
5.0,integrable_calibrated,400,0.0015625,euler,4.0,time_half,0.5,peak,0.00012745580823297908,0.00010582419029980805,reused
5.0,integrable_calibrated,800,0.0015625,euler,4.0,space_time_half,0.25,core,2.51175047487832e-05,1.950385345939054e-05,new
5.0,integrable_calibrated,800,0.0015625,euler,4.0,space_time_half,0.25,peak,1.1955132210139663e-05,1.9503797016429125e-05,new
5.0,integrable_calibrated,800,0.0015625,euler,4.0,space_time_half,0.5,core,0.00011259347884387495,1.7591311314735236e-05,new
5.0,integrable_calibrated,800,0.0015625,euler,4.0,space_time_half,0.5,peak,3.5809354941532257e-05,1.7514324335610176e-05,new
5.0,difference_matched,400,0.003125,euler,4.0,main,0.25,core,2.8324159112566583e-05,9.007723444731663e-05,reused
5.0,difference_matched,400,0.003125,euler,4.0,main,0.25,peak,2.832585406431498e-05,9.007723444731663e-05,reused
5.0,difference_matched,400,0.003125,euler,4.0,main,0.5,core,4.2480724625019724e-05,6.855231658575711e-05,reused
5.0,difference_matched,400,0.003125,euler,4.0,main,0.5,peak,2.201016803662914e-05,6.855231658575711e-05,reused
5.0,difference_matched,400,0.0015625,euler,4.0,time_half,0.25,core,3.174918714256292e-05,9.815506088128867e-05,reused
5.0,difference_matched,400,0.0015625,euler,4.0,time_half,0.25,peak,3.175057791131308e-05,9.815506088128867e-05,reused
5.0,difference_matched,400,0.0015625,euler,4.0,time_half,0.5,core,5.0656306265672055e-05,8.46606434338204e-05,reused
5.0,difference_matched,400,0.0015625,euler,4.0,time_half,0.5,peak,2.9101687575666668e-05,8.46606434338204e-05,reused
5.0,difference_matched,800,0.0015625,euler,4.0,space_time_half,0.25,core,5.386462944789727e-06,1.8470622293209615e-05,new
5.0,difference_matched,800,0.0015625,euler,4.0,space_time_half,0.25,peak,5.386970136897484e-06,1.8470622293209615e-05,new
5.0,difference_matched,800,0.0015625,euler,4.0,space_time_half,0.5,core,8.79209106363632e-06,1.0934557247987975e-05,new
5.0,difference_matched,800,0.0015625,euler,4.0,space_time_half,0.5,peak,8.801605540120772e-06,1.1139775863977519e-05,new
5.0,difference_rm,400,0.003125,euler,4.0,main,0.25,core,7.702920424679238e-06,2.1919656579161284e-05,reused
5.0,difference_rm,400,0.003125,euler,4.0,main,0.25,peak,7.703418784532623e-06,2.0052246805013496e-05,reused
5.0,difference_rm,400,0.003125,euler,4.0,main,0.5,core,6.571553982426259e-06,2.1165815389134757e-05,reused
5.0,difference_rm,400,0.003125,euler,4.0,main,0.5,peak,6.571786636253019e-06,2.0057581895716048e-05,reused
5.0,difference_rm,400,0.0015625,euler,4.0,time_half,0.25,core,8.092388233779668e-06,2.3888190957777056e-05,reused
5.0,difference_rm,400,0.0015625,euler,4.0,time_half,0.25,peak,8.092880220494925e-06,2.1832990378278794e-05,reused
5.0,difference_rm,400,0.0015625,euler,4.0,time_half,0.5,core,7.702472877180178e-06,2.5222771981692205e-05,reused
5.0,difference_rm,400,0.0015625,euler,4.0,time_half,0.5,peak,7.702714470633754e-06,2.3677857733273022e-05,reused
5.0,difference_rm,800,0.0015625,euler,4.0,space_time_half,0.25,core,1.7293203084800535e-06,4.493200705169009e-06,new
5.0,difference_rm,800,0.0015625,euler,4.0,space_time_half,0.25,peak,1.7299621676292176e-06,4.12697736607015e-06,new
5.0,difference_rm,800,0.0015625,euler,4.0,space_time_half,0.5,core,1.0807956730002344e-06,4.600938147913958e-06,new
5.0,difference_rm,800,0.0015625,euler,4.0,space_time_half,0.5,peak,1.0808573316645198e-06,4.438139430851251e-06,new
5.0,difference_fixed,400,0.003125,euler,4.0,main,0.25,core,1.029741994169886e-05,2.9854678212148933e-05,reused
5.0,difference_fixed,400,0.003125,euler,4.0,main,0.25,peak,1.0297403247400139e-05,2.9854776483762002e-05,reused
5.0,difference_fixed,400,0.003125,euler,4.0,main,0.5,core,8.028874238438788e-06,2.925436380496471e-05,reused
5.0,difference_fixed,400,0.003125,euler,4.0,main,0.5,peak,8.028883573388268e-06,2.9254611001894304e-05,reused
5.0,difference_fixed,400,0.0015625,euler,4.0,time_half,0.25,core,1.1578508722007164e-05,3.309548466456924e-05,reused
5.0,difference_fixed,400,0.0015625,euler,4.0,time_half,0.25,peak,1.1578431837369618e-05,3.309555189989766e-05,reused
5.0,difference_fixed,400,0.0015625,euler,4.0,time_half,0.5,core,1.0531198884444759e-05,3.5654609437663076e-05,reused
5.0,difference_fixed,400,0.0015625,euler,4.0,time_half,0.5,peak,1.0531172737707206e-05,3.565468672162009e-05,reused
5.0,difference_fixed,800,0.0015625,euler,4.0,space_time_half,0.25,core,1.935177537118471e-06,5.8522421634288335e-06,new
5.0,difference_fixed,800,0.0015625,euler,4.0,space_time_half,0.25,peak,1.935097652977502e-06,5.85223063553908e-06,new
5.0,difference_fixed,800,0.0015625,euler,4.0,space_time_half,0.5,core,2.516781494557585e-06,8.022615287539558e-06,new
5.0,difference_fixed,800,0.0015625,euler,4.0,space_time_half,0.5,peak,2.510768606314717e-06,8.015405617789462e-06,new
5.5,integrable_original,400,0.003125,euler,4.0,main,0.25,core,0.013259327684869617,0.0007253515347080963,new
5.5,integrable_original,400,0.003125,euler,4.0,main,0.25,peak,0.005569578307394477,0.0006275568407758669,new
5.5,integrable_original,400,0.003125,euler,4.0,main,0.5,core,0.05744998751076375,0.0049260739303421675,new
5.5,integrable_original,400,0.003125,euler,4.0,main,0.5,peak,0.01634033691999308,0.00317540528484761,new
5.5,integrable_original,400,0.0015625,euler,4.0,time_half,0.25,core,0.013348291160875781,0.0007315784365422573,new
5.5,integrable_original,400,0.0015625,euler,4.0,time_half,0.25,peak,0.005580088673761502,0.0006383474356466134,new
5.5,integrable_original,400,0.0015625,euler,4.0,time_half,0.5,core,0.05786262805332824,0.00497120257771555,new
5.5,integrable_original,400,0.0015625,euler,4.0,time_half,0.5,peak,0.01637835258048942,0.003210556472960313,new
5.5,integrable_calibrated,400,0.003125,euler,4.0,main,0.25,core,0.0001222263439312799,0.00013075211986135482,new
5.5,integrable_calibrated,400,0.003125,euler,4.0,main,0.25,peak,5.4060056749155594e-05,0.00013075509529469898,new
5.5,integrable_calibrated,400,0.003125,euler,4.0,main,0.5,core,0.0005368366038737424,0.0001284278994112542,new
5.5,integrable_calibrated,400,0.003125,euler,4.0,main,0.5,peak,0.00015817380427439465,0.00012842789744149652,new
5.5,integrable_calibrated,400,0.0015625,euler,4.0,time_half,0.25,core,0.00012161847761301515,0.00014029466604370544,new
5.5,integrable_calibrated,400,0.0015625,euler,4.0,time_half,0.25,peak,5.184057055701574e-05,0.000140297690801372,new
5.5,integrable_calibrated,400,0.0015625,euler,4.0,time_half,0.5,core,0.0005301980438017137,0.0001452272728327264,new
5.5,integrable_calibrated,400,0.0015625,euler,4.0,time_half,0.5,peak,0.00015189598163439788,0.00014523128591925616,new
5.5,difference_matched,400,0.003125,euler,4.0,main,0.25,core,4.362716664906008e-05,0.00012557275996438744,new
5.5,difference_matched,400,0.003125,euler,4.0,main,0.25,peak,4.362923992771994e-05,0.00012557577606286952,new
5.5,difference_matched,400,0.003125,euler,4.0,main,0.5,core,7.580614398470452e-05,9.916240586005376e-05,new
5.5,difference_matched,400,0.003125,euler,4.0,main,0.5,peak,3.9055385228220496e-05,9.916455273284441e-05,new
5.5,difference_matched,400,0.0015625,euler,4.0,time_half,0.25,core,4.792057083798096e-05,0.00013506976103938584,new
5.5,difference_matched,400,0.0015625,euler,4.0,time_half,0.25,peak,4.7922170094957806e-05,0.00013507283010527615,new
5.5,difference_matched,400,0.0015625,euler,4.0,time_half,0.5,core,8.663850988480039e-05,0.00011809302699916646,new
5.5,difference_matched,400,0.0015625,euler,4.0,time_half,0.5,peak,4.8178827356651355e-05,0.00011809504657056547,new
5.5,difference_rm,400,0.003125,euler,4.0,main,0.25,core,8.83977249928336e-06,3.093029735778963e-05,new
5.5,difference_rm,400,0.003125,euler,4.0,main,0.25,peak,8.841880947865755e-06,2.4229914589390944e-05,new
5.5,difference_rm,400,0.003125,euler,4.0,main,0.5,core,8.409295368383418e-06,3.119998395750834e-05,new
5.5,difference_rm,400,0.003125,euler,4.0,main,0.5,peak,7.645130856062665e-06,2.561510245457921e-05,new
5.5,difference_rm,400,0.0015625,euler,4.0,time_half,0.25,core,9.464618190915819e-06,3.3212830088280576e-05,new
5.5,difference_rm,400,0.0015625,euler,4.0,time_half,0.25,peak,9.466732798057986e-06,2.595623836887384e-05,new
5.5,difference_rm,400,0.0015625,euler,4.0,time_half,0.5,core,9.545461874253813e-06,3.594676204887737e-05,new
5.5,difference_rm,400,0.0015625,euler,4.0,time_half,0.5,peak,8.966428397025328e-06,2.9180136751794095e-05,new
5.5,difference_fixed,400,0.003125,euler,4.0,main,0.25,core,1.361592710093229e-05,3.8249205197904423e-05,new
5.5,difference_fixed,400,0.003125,euler,4.0,main,0.25,peak,1.3615913053766082e-05,3.8249267548917665e-05,new
5.5,difference_fixed,400,0.003125,euler,4.0,main,0.5,core,1.143161893839284e-05,3.962120461831198e-05,new
5.5,difference_fixed,400,0.003125,euler,4.0,main,0.5,peak,1.1431547464052505e-05,3.962126417567102e-05,new
5.5,difference_fixed,400,0.0015625,euler,4.0,time_half,0.25,core,1.5018863768187507e-05,4.165133001621246e-05,new
5.5,difference_fixed,400,0.0015625,euler,4.0,time_half,0.25,peak,1.5018850270664963e-05,4.165135427758315e-05,new
5.5,difference_fixed,400,0.0015625,euler,4.0,time_half,0.5,core,1.4171482207989139e-05,4.650253529292492e-05,new
5.5,difference_fixed,400,0.0015625,euler,4.0,time_half,0.5,peak,1.41714095919232e-05,4.650268594685869e-05,new
6.0,integrable_original,400,0.003125,euler,4.0,main,0.25,core,0.013619849263527512,0.000815555134556889,reused
6.0,integrable_original,400,0.003125,euler,4.0,main,0.25,peak,0.005619617908657101,0.0006973260202806086,reused
6.0,integrable_original,400,0.003125,euler,4.0,main,0.5,core,0.05873974926100512,0.005325271490618566,reused
6.0,integrable_original,400,0.003125,euler,4.0,main,0.5,peak,0.016158709424120427,0.00333422327506383,reused
6.0,integrable_original,400,0.0015625,euler,4.0,time_half,0.25,core,0.013710189988945768,0.000821789621289315,reused
6.0,integrable_original,400,0.0015625,euler,4.0,time_half,0.25,peak,0.005628698463234563,0.0007088377020340042,reused
6.0,integrable_original,400,0.0015625,euler,4.0,time_half,0.5,core,0.059154096702699284,0.0053688184024790475,reused
6.0,integrable_original,400,0.0015625,euler,4.0,time_half,0.5,peak,0.016191191165476265,0.003370439404604575,reused
6.0,integrable_calibrated,400,0.003125,euler,4.0,main,0.25,core,0.00014745139892007424,0.0001715415075962401,reused
6.0,integrable_calibrated,400,0.003125,euler,4.0,main,0.25,peak,6.461468651798585e-05,0.0001715432184686838,reused
6.0,integrable_calibrated,400,0.003125,euler,4.0,main,0.5,core,0.0006446384706807608,0.00017276627733786576,reused
6.0,integrable_calibrated,400,0.003125,euler,4.0,main,0.5,peak,0.00018136032190607665,0.00017276742691552105,reused
6.0,integrable_calibrated,400,0.0015625,euler,4.0,time_half,0.25,core,0.000146666282212788,0.0001822080984932306,reused
6.0,integrable_calibrated,400,0.0015625,euler,4.0,time_half,0.25,peak,6.198461353267015e-05,0.00018220841111915576,reused
6.0,integrable_calibrated,400,0.0015625,euler,4.0,time_half,0.5,core,0.0006363602426543136,0.0001897743793650708,reused
6.0,integrable_calibrated,400,0.0015625,euler,4.0,time_half,0.5,peak,0.00017336661991153302,0.00018978064263819316,reused
6.0,difference_matched,400,0.003125,euler,4.0,main,0.25,core,6.25567747329775e-05,0.00016515857805488032,reused
6.0,difference_matched,400,0.003125,euler,4.0,main,0.25,peak,6.255672096834586e-05,0.00016515887847745603,reused
6.0,difference_matched,400,0.003125,euler,4.0,main,0.5,core,0.00011859214873951134,0.00013491268525445133,reused
6.0,difference_matched,400,0.003125,euler,4.0,main,0.5,peak,6.078519877966704e-05,0.0001349127917209536,reused
6.0,difference_matched,400,0.0015625,euler,4.0,time_half,0.25,core,6.781396636436343e-05,0.00017582891684420066,reused
6.0,difference_matched,400,0.0015625,euler,4.0,time_half,0.25,peak,6.781399640075347e-05,0.00017582923496506364,reused
6.0,difference_matched,400,0.0015625,euler,4.0,time_half,0.5,core,0.0001320819310388029,0.0001554783916241087,reused
6.0,difference_matched,400,0.0015625,euler,4.0,time_half,0.5,peak,7.189239058645602e-05,0.00015547939082294349,reused
6.0,difference_rm,400,0.003125,euler,4.0,main,0.25,core,1.0241808394768903e-05,4.120953689457085e-05,reused
6.0,difference_rm,400,0.003125,euler,4.0,main,0.25,peak,9.505550006672081e-06,2.8322811226999534e-05,reused
6.0,difference_rm,400,0.003125,euler,4.0,main,0.5,core,1.2300178176220117e-05,4.296034496265033e-05,reused
6.0,difference_rm,400,0.003125,euler,4.0,main,0.5,peak,8.065919299957147e-06,3.1203902750243095e-05,reused
6.0,difference_rm,400,0.0015625,euler,4.0,time_half,0.25,core,1.0453813993047123e-05,4.375157364888693e-05,reused
6.0,difference_rm,400,0.0015625,euler,4.0,time_half,0.25,peak,1.0455865946432108e-05,2.99660463664031e-05,reused
6.0,difference_rm,400,0.0015625,euler,4.0,time_half,0.5,core,1.3058798124517684e-05,4.8290003826334527e-05,reused
6.0,difference_rm,400,0.0015625,euler,4.0,time_half,0.5,peak,9.619386032805322e-06,3.4628381450185763e-05,reused
6.0,difference_fixed,400,0.003125,euler,4.0,main,0.25,core,1.7039361232998318e-05,4.729774944067788e-05,reused
6.0,difference_fixed,400,0.003125,euler,4.0,main,0.25,peak,1.7039304978219705e-05,4.729782052592668e-05,reused
6.0,difference_fixed,400,0.003125,euler,4.0,main,0.5,core,1.5195150011762526e-05,5.094347128042909e-05,reused
6.0,difference_fixed,400,0.003125,euler,4.0,main,0.5,peak,1.5195068618203966e-05,5.094357000257066e-05,reused
6.0,difference_fixed,400,0.0015625,euler,4.0,time_half,0.25,core,1.8512957682750852e-05,5.080888454223054e-05,reused
6.0,difference_fixed,400,0.0015625,euler,4.0,time_half,0.25,peak,1.8512903061138064e-05,5.0808946353009254e-05,reused
6.0,difference_fixed,400,0.0015625,euler,4.0,time_half,0.5,core,1.8072952144163046e-05,5.8204740183698256e-05,reused
6.0,difference_fixed,400,0.0015625,euler,4.0,time_half,0.5,peak,1.8072968018506552e-05,5.820481649021492e-05,reused
6.5,integrable_original,400,0.003125,euler,4.0,main,0.25,core,0.013895201147951551,0.000906721253933318,new
6.5,integrable_original,400,0.003125,euler,4.0,main,0.25,peak,0.0056554470000320795,0.0007636501259289386,new
6.5,integrable_original,400,0.003125,euler,4.0,main,0.5,core,0.05972485889650864,0.0057195500741421545,new
6.5,integrable_original,400,0.003125,euler,4.0,main,0.5,peak,0.01594565971236206,0.003374827354421406,new
6.5,integrable_original,400,0.0015625,euler,4.0,time_half,0.25,core,0.013986526831781487,0.0009131221043094939,new
6.5,integrable_original,400,0.0015625,euler,4.0,time_half,0.25,peak,0.005663264474640606,0.000775838765498027,new
6.5,integrable_original,400,0.0015625,euler,4.0,time_half,0.5,core,0.06014007133550658,0.005763429996316738,new
6.5,integrable_original,400,0.0015625,euler,4.0,time_half,0.5,peak,0.015973422503867088,0.003412020943150962,new
6.5,integrable_calibrated,400,0.003125,euler,4.0,main,0.25,core,0.000172713616891465,0.00021640346887297213,new
6.5,integrable_calibrated,400,0.003125,euler,4.0,main,0.25,peak,7.486463822452272e-05,0.00021640908773301604,new
6.5,integrable_calibrated,400,0.003125,euler,4.0,main,0.5,core,0.0007528318632039614,0.00022383483664834003,new
6.5,integrable_calibrated,400,0.003125,euler,4.0,main,0.5,peak,0.0002074994621394377,0.000223834699498493,new
6.5,integrable_calibrated,400,0.0015625,euler,4.0,time_half,0.25,core,0.00017177364316545867,0.00022753314628976007,new
6.5,integrable_calibrated,400,0.0015625,euler,4.0,time_half,0.25,peak,7.182537422256718e-05,0.00022753676458331373,new
6.5,integrable_calibrated,400,0.0015625,euler,4.0,time_half,0.5,core,0.0007430457423702955,0.00024020100750987705,new
6.5,integrable_calibrated,400,0.0015625,euler,4.0,time_half,0.5,peak,0.00019818186410634764,0.00024020173702743453,new
6.5,difference_matched,400,0.003125,euler,4.0,main,0.25,core,8.524066320519941e-05,0.00020835546837338903,new
6.5,difference_matched,400,0.003125,euler,4.0,main,0.25,peak,8.524109179851302e-05,0.0002083557119895163,new
6.5,difference_matched,400,0.003125,euler,4.0,main,0.5,core,0.00017109887242612788,0.0001771101178237311,new
6.5,difference_matched,400,0.003125,euler,4.0,main,0.5,peak,8.725059148385894e-05,0.0001771112225066318,new
6.5,difference_matched,400,0.0015625,euler,4.0,time_half,0.25,core,9.13076875367208e-05,0.00021980588896308717,new
6.5,difference_matched,400,0.0015625,euler,4.0,time_half,0.25,peak,9.13083854187785e-05,0.00021980617134853553,new
6.5,difference_matched,400,0.0015625,euler,4.0,time_half,0.5,core,0.00018716571433464077,0.0001968521186571648,new
6.5,difference_matched,400,0.0015625,euler,4.0,time_half,0.5,peak,0.00010029866645512586,0.00019685245790579398,new
6.5,difference_rm,400,0.003125,euler,4.0,main,0.25,core,1.3256257780720065e-05,5.261374057674573e-05,new
6.5,difference_rm,400,0.003125,euler,4.0,main,0.25,peak,9.702832515251503e-06,3.237148841916948e-05,new
6.5,difference_rm,400,0.003125,euler,4.0,main,0.5,core,1.671788840631322e-05,5.626104080647121e-05,new
6.5,difference_rm,400,0.003125,euler,4.0,main,0.5,peak,7.726809831118397e-06,3.6798405915083876e-05,new
6.5,difference_rm,400,0.0015625,euler,4.0,time_half,0.25,core,1.2931699222350906e-05,5.5380392118720145e-05,new
6.5,difference_rm,400,0.0015625,euler,4.0,time_half,0.25,peak,1.1045953598728953e-05,3.391990061796246e-05,new
6.5,difference_rm,400,0.0015625,euler,4.0,time_half,0.5,core,1.6988340120798612e-05,6.212312960196531e-05,new
6.5,difference_rm,400,0.0015625,euler,4.0,time_half,0.5,peak,9.549517951276676e-06,4.002090646371137e-05,new
6.5,difference_fixed,400,0.003125,euler,4.0,main,0.25,core,2.0491989377272035e-05,5.843119423920573e-05,new
6.5,difference_fixed,400,0.003125,euler,4.0,main,0.25,peak,2.0491931499305727e-05,5.6818412682901887e-05,new
6.5,difference_fixed,400,0.003125,euler,4.0,main,0.5,core,1.923074324934604e-05,6.328636073493765e-05,new
6.5,difference_fixed,400,0.003125,euler,4.0,main,0.5,peak,1.9230754477281287e-05,6.264581260873037e-05,new
6.5,difference_fixed,400,0.0015625,euler,4.0,time_half,0.25,core,2.199852628323451e-05,6.234491182799395e-05,new
6.5,difference_fixed,400,0.0015625,euler,4.0,time_half,0.25,peak,2.199847019110357e-05,6.0447488709258757e-05,new
6.5,difference_fixed,400,0.0015625,euler,4.0,time_half,0.5,core,2.217758025051253e-05,7.081845511780482e-05,new
6.5,difference_fixed,400,0.0015625,euler,4.0,time_half,0.5,peak,2.2177586203223076e-05,7.028479710913249e-05,new
7.0,integrable_original,400,0.003125,euler,4.0,main,0.25,core,0.014108299783583399,0.0009989856076377812,new
7.0,integrable_original,400,0.003125,euler,4.0,main,0.25,peak,0.005657459582613794,0.000825386070643086,new
7.0,integrable_original,400,0.003125,euler,4.0,main,0.5,core,0.06048426007171597,0.006105719707622859,new
7.0,integrable_original,400,0.003125,euler,4.0,main,0.5,peak,0.01575636917745267,0.0034147885294921743,new
7.0,integrable_original,400,0.0015625,euler,4.0,time_half,0.25,core,0.014200327598179496,0.0010057968347300106,new
7.0,integrable_original,400,0.0015625,euler,4.0,time_half,0.25,peak,0.005664159888010167,0.0008382449744794851,new
7.0,integrable_original,400,0.0015625,euler,4.0,time_half,0.5,core,0.06089963695204914,0.006148764360640602,new
7.0,integrable_original,400,0.0015625,euler,4.0,time_half,0.5,peak,0.015780122568061758,0.0034526114873114633,new
7.0,integrable_calibrated,400,0.003125,euler,4.0,main,0.25,core,0.00019801390827346843,0.0002670207485089282,new
7.0,integrable_calibrated,400,0.003125,euler,4.0,main,0.25,peak,8.473964137539758e-05,0.00026702717897797434,new
7.0,integrable_calibrated,400,0.003125,euler,4.0,main,0.5,core,0.0008610058638552353,0.0002817886154594662,new
7.0,integrable_calibrated,400,0.003125,euler,4.0,main,0.5,peak,0.00023195883202391243,0.0002817911518722127,new
7.0,integrable_calibrated,400,0.0015625,euler,4.0,time_half,0.25,core,0.00019694212189525856,0.00027762578437695584,new
7.0,integrable_calibrated,400,0.0015625,euler,4.0,time_half,0.25,peak,8.112852076490318e-05,0.00027762615377557864,new
7.0,integrable_calibrated,400,0.0015625,euler,4.0,time_half,0.5,core,0.0008498606548611885,0.00029731253397624613,new
7.0,integrable_calibrated,400,0.0015625,euler,4.0,time_half,0.5,peak,0.00022130545165720272,0.00029731373207686485,new
7.0,difference_matched,400,0.003125,euler,4.0,main,0.25,core,0.00011148500354066226,0.00025713106032332345,new
7.0,difference_matched,400,0.003125,euler,4.0,main,0.25,peak,0.00011148582981326816,0.00025713343020628,new
7.0,difference_matched,400,0.003125,euler,4.0,main,0.5,core,0.0002331767217107833,0.00022583719488544762,new
7.0,difference_matched,400,0.003125,euler,4.0,main,0.5,peak,0.00011837628271089973,0.00022583736353709583,new
7.0,difference_matched,400,0.0015625,euler,4.0,time_half,0.25,core,0.00011830948955685039,0.0002678909694832088,new
7.0,difference_matched,400,0.0015625,euler,4.0,time_half,0.25,peak,0.00011830979889759785,0.0002678915052786168,new
7.0,difference_matched,400,0.0015625,euler,4.0,time_half,0.5,core,0.0002517339477459982,0.00024440064248876237,new
7.0,difference_matched,400,0.0015625,euler,4.0,time_half,0.5,peak,0.0001334396950274791,0.0002444044097701381,new
7.0,difference_rm,400,0.003125,euler,4.0,main,0.25,core,1.6374604418393363e-05,6.509960259126757e-05,new
7.0,difference_rm,400,0.003125,euler,4.0,main,0.25,peak,9.459019656321566e-06,3.6224365251413815e-05,new
7.0,difference_rm,400,0.003125,euler,4.0,main,0.5,core,2.1561746031330264e-05,7.097375507947312e-05,new
7.0,difference_rm,400,0.003125,euler,4.0,main,0.5,peak,9.474989498464703e-06,4.205386536726419e-05,new
7.0,difference_rm,400,0.0015625,euler,4.0,time_half,0.25,core,1.551005830047192e-05,6.804023156303796e-05,new
7.0,difference_rm,400,0.0015625,euler,4.0,time_half,0.25,peak,1.1239009624908203e-05,3.767206934457423e-05,new
7.0,difference_rm,400,0.0015625,euler,4.0,time_half,0.5,core,2.1268716626485218e-05,7.73349285070335e-05,new
7.0,difference_rm,400,0.0015625,euler,4.0,time_half,0.5,peak,8.687754495390054e-06,4.503981381109856e-05,new
7.0,difference_fixed,400,0.003125,euler,4.0,main,0.25,core,2.3924267235686525e-05,7.401122602446186e-05,new
7.0,difference_fixed,400,0.003125,euler,4.0,main,0.25,peak,2.3924269444336455e-05,6.571359847107328e-05,new
7.0,difference_fixed,400,0.003125,euler,4.0,main,0.5,core,2.3457821554634384e-05,7.827935154758325e-05,new
7.0,difference_fixed,400,0.003125,euler,4.0,main,0.5,peak,2.3457777690777393e-05,7.407784540447437e-05,new
7.0,difference_fixed,400,0.0015625,euler,4.0,time_half,0.25,core,2.5436214749541275e-05,7.831458597507002e-05,new
7.0,difference_fixed,400,0.0015625,euler,4.0,time_half,0.25,peak,2.5436216744140205e-05,6.938572504944229e-05,new
7.0,difference_fixed,400,0.0015625,euler,4.0,time_half,0.5,core,2.6412223415456237e-05,8.714023089939626e-05,new
7.0,difference_fixed,400,0.0015625,euler,4.0,time_half,0.5,peak,2.641218268070733e-05,8.188794254038179e-05,new
7.5,integrable_original,400,0.003125,euler,4.0,main,0.25,core,0.014274921223676351,0.001094724350481302,new
7.5,integrable_original,400,0.003125,euler,4.0,main,0.25,peak,0.005629449100085643,0.0008808543634775123,new
7.5,integrable_original,400,0.003125,euler,4.0,main,0.5,core,0.06107299807909761,0.0064893389751981,new
7.5,integrable_original,400,0.003125,euler,4.0,main,0.5,peak,0.015594014337519752,0.003504274098639626,new
7.5,integrable_original,400,0.0015625,euler,4.0,time_half,0.25,core,0.014367441722821379,0.0011014989170194944,new
7.5,integrable_original,400,0.0015625,euler,4.0,time_half,0.25,peak,0.005635166394467081,0.0008943935355711918,new
7.5,integrable_original,400,0.0015625,euler,4.0,time_half,0.5,core,0.06148810546708535,0.006531427154037206,new
7.5,integrable_original,400,0.0015625,euler,4.0,time_half,0.5,peak,0.015614340269562113,0.0035423107712809765,new
7.5,integrable_calibrated,400,0.003125,euler,4.0,main,0.25,core,0.00022333310164090027,0.0003241021142323941,new
7.5,integrable_calibrated,400,0.003125,euler,4.0,main,0.25,peak,9.418442762566814e-05,0.000324104542974768,new
7.5,integrable_calibrated,400,0.003125,euler,4.0,main,0.5,core,0.0009688886815878156,0.00034681753158516404,new
7.5,integrable_calibrated,400,0.003125,euler,4.0,main,0.5,peak,0.00025437880872897223,0.0003450838138033818,new
7.5,integrable_calibrated,400,0.0015625,euler,4.0,time_half,0.25,core,0.00022215201521924233,0.0003341906988924559,new
7.5,integrable_calibrated,400,0.0015625,euler,4.0,time_half,0.25,peak,8.994672659598524e-05,0.0003341913061299384,new
7.5,integrable_calibrated,400,0.0015625,euler,4.0,time_half,0.5,core,0.0009565372652699436,0.0003611552628095538,new
7.5,integrable_calibrated,400,0.0015625,euler,4.0,time_half,0.5,peak,0.00024240167465737483,0.00036115692020721735,new
7.5,difference_matched,400,0.003125,euler,4.0,main,0.25,core,0.00014163530695454618,0.00031250054561843266,new
7.5,difference_matched,400,0.003125,euler,4.0,main,0.25,peak,0.00014163798050212395,0.0003125008540862395,new
7.5,difference_matched,400,0.003125,euler,4.0,main,0.5,core,0.0003047228649701563,0.00028120068680403953,new
7.5,difference_matched,400,0.003125,euler,4.0,main,0.5,peak,0.00015450947554407346,0.0002812006769156161,new
7.5,difference_matched,400,0.0015625,euler,4.0,time_half,0.25,core,0.00014937558864486222,0.0003227148207668451,new
7.5,difference_matched,400,0.0015625,euler,4.0,time_half,0.25,peak,0.00014937884066720808,0.00032271479329276653,new
7.5,difference_matched,400,0.0015625,euler,4.0,time_half,0.5,core,0.00032567763098500206,0.00029862826436899415,new
7.5,difference_matched,400,0.0015625,euler,4.0,time_half,0.5,peak,0.0001708904914269893,0.0002986358474703632,new
7.5,difference_rm,400,0.003125,euler,4.0,main,0.25,core,1.949538904903042e-05,7.846789879006888e-05,new
7.5,difference_rm,400,0.003125,euler,4.0,main,0.25,peak,8.803007069790869e-06,3.978946065685829e-05,new
7.5,difference_rm,400,0.003125,euler,4.0,main,0.5,core,2.6744917860251766e-05,8.701871684502205e-05,new
7.5,difference_rm,400,0.003125,euler,4.0,main,0.5,peak,1.2883785611997323e-05,4.7167801224823336e-05,new
7.5,difference_rm,400,0.0015625,euler,4.0,time_half,0.25,core,1.8064409812158094e-05,8.158536034086339e-05,new
7.5,difference_rm,400,0.0015625,euler,4.0,time_half,0.25,peak,1.1043931730070344e-05,4.112234517172908e-05,new
7.5,difference_rm,400,0.0015625,euler,4.0,time_half,0.5,core,2.5862518515364086e-05,9.374970972575447e-05,new
7.5,difference_rm,400,0.0015625,euler,4.0,time_half,0.5,peak,1.0871096687459225e-05,4.98721263216817e-05,new
7.5,difference_fixed,400,0.003125,euler,4.0,main,0.25,core,2.7304226656060804e-05,9.155923542991662e-05,new
7.5,difference_fixed,400,0.003125,euler,4.0,main,0.25,peak,2.7304126864607925e-05,7.512860141778432e-05,new
7.5,difference_fixed,400,0.003125,euler,4.0,main,0.5,core,2.781008139104979e-05,9.851203120192498e-05,new
7.5,difference_fixed,400,0.003125,euler,4.0,main,0.5,peak,2.781000183044169e-05,8.469592191684416e-05,new
7.5,difference_fixed,400,0.0015625,euler,4.0,time_half,0.25,core,2.8802086337959e-05,9.619306714236942e-05,new
7.5,difference_fixed,400,0.0015625,euler,4.0,time_half,0.25,peak,2.880198284530011e-05,7.880924449510385e-05,new
7.5,difference_fixed,400,0.0015625,euler,4.0,time_half,0.5,core,3.0733186097031684e-05,0.0001080120721128619,new
7.5,difference_fixed,400,0.0015625,euler,4.0,time_half,0.5,peak,3.073311160145531e-05,9.248265447348025e-05,new
8.0,integrable_original,400,0.003125,euler,4.0,main,0.25,core,0.014406289387276141,0.001193504017998892,reused
8.0,integrable_original,400,0.003125,euler,4.0,main,0.25,peak,0.005614111683421824,0.000927918382267412,reused
8.0,integrable_original,400,0.003125,euler,4.0,main,0.5,core,0.061533304288687994,0.0068638789675378176,reused
8.0,integrable_original,400,0.003125,euler,4.0,main,0.5,peak,0.015437954644110727,0.0035521325863396847,reused
8.0,integrable_original,400,0.0015625,euler,4.0,time_half,0.25,core,0.014499149674530254,0.0012003476300201932,reused
8.0,integrable_original,400,0.0015625,euler,4.0,time_half,0.25,peak,0.005618974339617666,0.0009421447455303933,reused
8.0,integrable_original,400,0.0015625,euler,4.0,time_half,0.5,core,0.061947780825071574,0.0069062271643818285,reused
8.0,integrable_original,400,0.0015625,euler,4.0,time_half,0.5,peak,0.015454882534749484,0.0035899302824092816,reused
8.0,integrable_calibrated,400,0.003125,euler,4.0,main,0.25,core,0.0002485258256006005,0.0003884438579124794,reused
8.0,integrable_calibrated,400,0.003125,euler,4.0,main,0.25,peak,0.00010298534770450396,0.0003884439853809596,reused
8.0,integrable_calibrated,400,0.003125,euler,4.0,main,0.5,core,0.0010761528298891198,0.000418964332616345,reused
8.0,integrable_calibrated,400,0.003125,euler,4.0,main,0.5,peak,0.0002849764858627174,0.00041706933285590164,reused
8.0,integrable_calibrated,400,0.0015625,euler,4.0,time_half,0.25,core,0.0002472567798991724,0.0003971830009735777,reused
8.0,integrable_calibrated,400,0.0015625,euler,4.0,time_half,0.25,peak,9.799298425491876e-05,0.00039718292200813243,reused
8.0,integrable_calibrated,400,0.0015625,euler,4.0,time_half,0.5,core,0.0010627443977242127,0.00043208169307284994,reused
8.0,integrable_calibrated,400,0.0015625,euler,4.0,time_half,0.5,peak,0.0002726645060798505,0.0004320881620285544,reused
8.0,difference_matched,400,0.003125,euler,4.0,main,0.25,core,0.00017567376748334196,0.00037496861967800665,reused
8.0,difference_matched,400,0.003125,euler,4.0,main,0.25,peak,0.00017567451334246642,0.00037497530092739373,reused
8.0,difference_matched,400,0.003125,euler,4.0,main,0.5,core,0.000385788776508744,0.0003432984890188173,reused
8.0,difference_matched,400,0.003125,euler,4.0,main,0.5,peak,0.0001952084218353467,0.000342804290077936,reused
8.0,difference_matched,400,0.0015625,euler,4.0,time_half,0.25,core,0.00018409621286183397,0.000384085109668475,reused
8.0,difference_matched,400,0.0015625,euler,4.0,time_half,0.25,peak,0.00018409726038370877,0.00038409519354587474,reused
8.0,difference_matched,400,0.0015625,euler,4.0,time_half,0.5,core,0.0004090499866242789,0.00035995009661504707,reused
8.0,difference_matched,400,0.0015625,euler,4.0,time_half,0.5,peak,0.0002135512168102427,0.00035995410176387077,reused
8.0,difference_rm,400,0.003125,euler,4.0,main,0.25,core,2.2573466738777526e-05,9.284385738439482e-05,reused
8.0,difference_rm,400,0.003125,euler,4.0,main,0.25,peak,9.430819774086663e-06,4.2570996397095495e-05,reused
8.0,difference_rm,400,0.003125,euler,4.0,main,0.5,core,3.223477611330808e-05,0.00010422552640454441,reused
8.0,difference_rm,400,0.003125,euler,4.0,main,0.5,peak,1.693783131705151e-05,5.1645196439797925e-05,reused
8.0,difference_rm,400,0.0015625,euler,4.0,time_half,0.25,core,2.0566274472472168e-05,9.60930750880662e-05,reused
8.0,difference_rm,400,0.0015625,euler,4.0,time_half,0.25,peak,1.0473220979495546e-05,4.3775688218783415e-05,reused
8.0,difference_rm,400,0.0015625,euler,4.0,time_half,0.5,core,3.071803849279131e-05,0.0001114175276171192,reused
8.0,difference_rm,400,0.0015625,euler,4.0,time_half,0.5,peak,1.4520528487507733e-05,5.405014415310605e-05,reused
8.0,difference_fixed,400,0.003125,euler,4.0,main,0.25,core,3.061207867305349e-05,0.0001107492261649412,reused
8.0,difference_fixed,400,0.003125,euler,4.0,main,0.25,peak,3.061208147614458e-05,8.2257860305468e-05,reused
8.0,difference_fixed,400,0.003125,euler,4.0,main,0.5,core,3.224284073075068e-05,0.00012115075837670908,reused
8.0,difference_fixed,400,0.003125,euler,4.0,main,0.5,peak,3.224277668967268e-05,9.693447288672274e-05,reused
8.0,difference_fixed,400,0.0015625,euler,4.0,time_half,0.25,core,3.208244046146169e-05,0.00011568022253483079,reused
8.0,difference_fixed,400,0.0015625,euler,4.0,time_half,0.25,peak,3.208244296754037e-05,8.583527586675244e-05,reused
8.0,difference_fixed,400,0.0015625,euler,4.0,time_half,0.5,core,3.510763649422488e-05,0.00013142557485235074,reused
8.0,difference_fixed,400,0.0015625,euler,4.0,time_half,0.5,peak,3.510757684538346e-05,0.0001047097842749034,reused
8.5,integrable_original,400,0.003125,euler,4.0,main,0.25,core,0.014510522196128868,0.0012964272371026597,new
8.5,integrable_original,400,0.003125,euler,4.0,main,0.25,peak,0.005650224725145245,0.0010277599670532322,new
8.5,integrable_original,400,0.003125,euler,4.0,main,0.5,core,0.06189427606095429,0.007234641043737722,new
8.5,integrable_original,400,0.003125,euler,4.0,main,0.5,peak,0.015227162058310123,0.0034599034517011074,new
8.5,integrable_original,400,0.0015625,euler,4.0,time_half,0.25,core,0.014603605615447178,0.0013034574897925477,new
8.5,integrable_original,400,0.0015625,euler,4.0,time_half,0.25,peak,0.005653917892240998,0.0010418575394239293,new
8.5,integrable_original,400,0.0015625,euler,4.0,time_half,0.5,core,0.06230794594096551,0.0072772115319466035,new
8.5,integrable_original,400,0.0015625,euler,4.0,time_half,0.5,peak,0.015241532357433168,0.003497875303430431,new
8.5,integrable_calibrated,400,0.003125,euler,4.0,main,0.25,core,0.00027359153361402775,0.0004595697746996308,new
8.5,integrable_calibrated,400,0.003125,euler,4.0,main,0.25,peak,0.00011398351026629949,0.00045957679750346925,new
8.5,integrable_calibrated,400,0.003125,euler,4.0,main,0.5,core,0.0011827116185134574,0.000498051914845199,new
8.5,integrable_calibrated,400,0.003125,euler,4.0,main,0.5,peak,0.00030419890731500643,0.0004886602006259899,new
8.5,integrable_calibrated,400,0.0015625,euler,4.0,time_half,0.25,core,0.00027225444686272693,0.0004679345060014106,new
8.5,integrable_calibrated,400,0.0015625,euler,4.0,time_half,0.25,peak,0.00012062891700898026,0.00046793767315639334,new
8.5,integrable_calibrated,400,0.0015625,euler,4.0,time_half,0.5,core,0.001168387782950521,0.0005103846038706505,new
8.5,integrable_calibrated,400,0.0015625,euler,4.0,time_half,0.5,peak,0.00029042696931695644,0.0005056099466955732,new
8.5,difference_matched,400,0.003125,euler,4.0,main,0.25,core,0.00021335167740876848,0.00044383129637354246,new
8.5,difference_matched,400,0.003125,euler,4.0,main,0.25,peak,0.00021335428494781428,0.00044383162236122375,new
8.5,difference_matched,400,0.003125,euler,4.0,main,0.5,core,0.0004762674465883763,0.00041278031546310157,new
8.5,difference_matched,400,0.003125,euler,4.0,main,0.5,peak,0.00024080464297024373,0.0004107727093404234,new
8.5,difference_matched,400,0.0015625,euler,4.0,time_half,0.25,core,0.00022239756498404484,0.00045282993305978403,new
8.5,difference_matched,400,0.0015625,euler,4.0,time_half,0.25,peak,0.00022240088080038856,0.0004528318166605594,new
8.5,difference_matched,400,0.0015625,euler,4.0,time_half,0.5,core,0.0005017504720023361,0.0004277611962070216,new
8.5,difference_matched,400,0.0015625,euler,4.0,time_half,0.5,peak,0.0002601894113550274,0.00042776135967442785,new
8.5,difference_rm,400,0.003125,euler,4.0,main,0.25,core,2.648812456106618e-05,0.00010800326470228327,new
8.5,difference_rm,400,0.003125,euler,4.0,main,0.25,peak,1.210197696560611e-05,4.5394810713028644e-05,new
8.5,difference_rm,400,0.003125,euler,4.0,main,0.5,core,3.7949851717275496e-05,0.00012268872710630152,new
8.5,difference_rm,400,0.003125,euler,4.0,main,0.5,peak,2.155238816017868e-05,5.576840239679415e-05,new
8.5,difference_rm,400,0.0015625,euler,4.0,time_half,0.25,core,2.4505931613068993e-05,0.00011136492576246937,new
8.5,difference_rm,400,0.0015625,euler,4.0,time_half,0.25,peak,9.549357215282717e-06,4.647535653062862e-05,new
8.5,difference_rm,400,0.0015625,euler,4.0,time_half,0.5,core,3.5841943690377576e-05,0.0001302000680479809,new
8.5,difference_rm,400,0.0015625,euler,4.0,time_half,0.5,peak,1.8728730069569877e-05,5.786223608711394e-05,new
8.5,difference_fixed,400,0.003125,euler,4.0,main,0.25,core,3.38363437844269e-05,0.00013167765375921014,new
8.5,difference_fixed,400,0.003125,euler,4.0,main,0.25,peak,3.383633517584084e-05,9.091262271515577e-05,new
8.5,difference_fixed,400,0.003125,euler,4.0,main,0.5,core,3.672265685936149e-05,0.00014609019039668603,new
8.5,difference_fixed,400,0.003125,euler,4.0,main,0.5,peak,3.672260131365457e-05,0.00010561191669988812,new
8.5,difference_fixed,400,0.0015625,euler,4.0,time_half,0.25,core,3.5270309644980236e-05,0.00013688307971371216,new
8.5,difference_fixed,400,0.0015625,euler,4.0,time_half,0.25,peak,3.5270299506617864e-05,9.442830117178946e-05,new
8.5,difference_fixed,400,0.0015625,euler,4.0,time_half,0.5,core,3.951093574239284e-05,0.0001569440592286142,new
8.5,difference_fixed,400,0.0015625,euler,4.0,time_half,0.5,peak,3.951087005779619e-05,0.00011310856068474928,new
9.0,integrable_original,400,0.003125,euler,4.0,main,0.25,core,0.014593864929960745,0.001404158410711065,new
9.0,integrable_original,400,0.003125,euler,4.0,main,0.25,peak,0.005561642326889812,0.0010619772362724933,new
9.0,integrable_original,400,0.003125,euler,4.0,main,0.5,core,0.0621772868023051,0.007598608328433176,new
9.0,integrable_original,400,0.003125,euler,4.0,main,0.5,peak,0.015128448593770216,0.0036255588294222263,new
9.0,integrable_original,400,0.0015625,euler,4.0,time_half,0.25,core,0.014687090487456296,0.0014114940998940506,new
9.0,integrable_original,400,0.0015625,euler,4.0,time_half,0.25,peak,0.005564896301717942,0.001076756639134313,new
9.0,integrable_original,400,0.0015625,euler,4.0,time_half,0.5,core,0.06258998629671705,0.0076416020557682485,new
9.0,integrable_original,400,0.0015625,euler,4.0,time_half,0.5,peak,0.01514065307025722,0.003663941023817896,new
9.0,integrable_calibrated,400,0.003125,euler,4.0,main,0.25,core,0.0002985192548794604,0.0005377183866574486,new
9.0,integrable_calibrated,400,0.003125,euler,4.0,main,0.25,peak,0.0001401751926732031,0.0005324638229545764,new
9.0,integrable_calibrated,400,0.003125,euler,4.0,main,0.5,core,0.0012885366825702617,0.0005841381180890504,new
9.0,integrable_calibrated,400,0.003125,euler,4.0,main,0.5,peak,0.00032103405670022567,0.0005577555036837545,new
9.0,integrable_calibrated,400,0.0015625,euler,4.0,time_half,0.25,core,0.0002971325400730103,0.0005455984793911184,new
9.0,integrable_calibrated,400,0.0015625,euler,4.0,time_half,0.25,peak,0.00014997791636991997,0.0005419749281891373,new
9.0,integrable_calibrated,400,0.0015625,euler,4.0,time_half,0.5,core,0.0012734295580352558,0.0005961814300656787,new
9.0,integrable_calibrated,400,0.0015625,euler,4.0,time_half,0.5,peak,0.0003052386395304696,0.0005768443603197948,new
9.0,difference_matched,400,0.003125,euler,4.0,main,0.25,core,0.00025459696145743727,0.0005195804945344329,new
9.0,difference_matched,400,0.003125,euler,4.0,main,0.25,peak,0.00025459697342272714,0.000519102751928846,new
9.0,difference_matched,400,0.003125,euler,4.0,main,0.5,core,0.0005760892897324946,0.0004891900716828546,new
9.0,difference_matched,400,0.003125,euler,4.0,main,0.5,peak,0.0002903845011620332,0.00047372629441322367,new
9.0,difference_matched,400,0.0015625,euler,4.0,time_half,0.25,core,0.00026421129003886823,0.0005278995041597678,new
9.0,difference_matched,400,0.0015625,euler,4.0,time_half,0.25,peak,0.00026421127799172717,0.0005279016791870927,new
9.0,difference_matched,400,0.0015625,euler,4.0,time_half,0.5,core,0.0006037188279150558,0.0005022421814498967,new
9.0,difference_matched,400,0.0015625,euler,4.0,time_half,0.5,peak,0.00031187514037753217,0.0004936346322711449,new
9.0,difference_rm,400,0.003125,euler,4.0,main,0.25,core,3.135836512929528e-05,0.00012392173879505197,new
9.0,difference_rm,400,0.003125,euler,4.0,main,0.25,peak,1.5231126953230145e-05,4.794094067694932e-05,new
9.0,difference_rm,400,0.003125,euler,4.0,main,0.5,core,4.3901018933152625e-05,0.00014214861702444015,new
9.0,difference_rm,400,0.003125,euler,4.0,main,0.5,peak,2.64864333439363e-05,5.9860063445105194e-05,new
9.0,difference_rm,400,0.0015625,euler,4.0,time_half,0.25,core,2.8949787889576833e-05,0.0001273807019466222,new
9.0,difference_rm,400,0.0015625,euler,4.0,time_half,0.25,peak,1.1774891052696024e-05,4.890021558090485e-05,new
9.0,difference_rm,400,0.0015625,euler,4.0,time_half,0.5,core,4.117844145461527e-05,0.00014994711358140567,new
9.0,difference_rm,400,0.0015625,euler,4.0,time_half,0.5,peak,2.327680739461213e-05,6.165699490034982e-05,new
9.0,difference_fixed,400,0.003125,euler,4.0,main,0.25,core,3.6971147528208625e-05,0.0001544443898975345,new
9.0,difference_fixed,400,0.003125,euler,4.0,main,0.25,peak,3.6971118529322e-05,9.942727918604843e-05,new
9.0,difference_fixed,400,0.003125,euler,4.0,main,0.5,core,4.122459584079974e-05,0.000173236674370858,new
9.0,difference_fixed,400,0.003125,euler,4.0,main,0.5,peak,4.122453943933291e-05,0.0001172529728899474,new
9.0,difference_fixed,400,0.0015625,euler,4.0,time_half,0.25,core,3.836311426361205e-05,0.00015990917453390097,new
9.0,difference_fixed,400,0.0015625,euler,4.0,time_half,0.25,peak,3.8363086250714495e-05,0.00010286711087081901,new
9.0,difference_fixed,400,0.0015625,euler,4.0,time_half,0.5,core,4.3926042676528665e-05,0.00018463553873215854,new
9.0,difference_fixed,400,0.0015625,euler,4.0,time_half,0.5,peak,4.392607811171123e-05,0.00012462469135526844,new
9.5,integrable_original,400,0.003125,euler,4.0,main,0.25,core,0.01466065648931764,0.0015164733977572897,new
9.5,integrable_original,400,0.003125,euler,4.0,main,0.25,peak,0.005612874809291346,0.001168567017304889,new
9.5,integrable_original,400,0.003125,euler,4.0,main,0.5,core,0.06240133711735636,0.007960056187712783,new
9.5,integrable_original,400,0.003125,euler,4.0,main,0.5,peak,0.014921619534955216,0.003527234709935989,new
9.5,integrable_original,400,0.0015625,euler,4.0,time_half,0.25,core,0.014753958961622873,0.0015242646722544162,new
9.5,integrable_original,400,0.0015625,euler,4.0,time_half,0.25,peak,0.005614920648766314,0.0011831563232743147,new
9.5,integrable_original,400,0.0015625,euler,4.0,time_half,0.5,core,0.06281295266672417,0.008001881483736595,new
9.5,integrable_original,400,0.0015625,euler,4.0,time_half,0.5,peak,0.014931289978290546,0.003565074197468765,new
9.5,integrable_calibrated,400,0.003125,euler,4.0,main,0.25,core,0.00032327898795967076,0.0006231005603923867,new
9.5,integrable_calibrated,400,0.003125,euler,4.0,main,0.25,peak,0.00017209409950294519,0.0006156905944048607,new
9.5,integrable_calibrated,400,0.003125,euler,4.0,main,0.5,core,0.0013935440028667438,0.0006791246247467297,new
9.5,integrable_calibrated,400,0.003125,euler,4.0,main,0.5,peak,0.0003495471177923093,0.0006478571077998541,new
9.5,integrable_calibrated,400,0.0015625,euler,4.0,time_half,0.25,core,0.00032185943344422937,0.0006304008923564419,new
9.5,integrable_calibrated,400,0.0015625,euler,4.0,time_half,0.25,peak,0.00018249076998272384,0.0006248117659523045,new
9.5,integrable_calibrated,400,0.0015625,euler,4.0,time_half,0.5,core,0.00137777502019754,0.0006893512840545624,new
9.5,integrable_calibrated,400,0.0015625,euler,4.0,time_half,0.5,peak,0.00033405381181186855,0.0006659548504118762,new
9.5,difference_matched,400,0.003125,euler,4.0,main,0.25,core,0.0002993085254329453,0.0006032225710047578,new
9.5,difference_matched,400,0.003125,euler,4.0,main,0.25,peak,0.00029930886617193786,0.0005939308286540546,new
9.5,difference_matched,400,0.003125,euler,4.0,main,0.5,core,0.0006851849726798263,0.0005726677223257259,new
9.5,difference_matched,400,0.003125,euler,4.0,main,0.5,peak,0.00034592750770159886,0.0005498292541452066,new
9.5,difference_matched,400,0.0015625,euler,4.0,time_half,0.25,core,0.0003094365242378161,0.0006098684084235306,new
9.5,difference_matched,400,0.0015625,euler,4.0,time_half,0.25,peak,0.0003094373816689422,0.0006028402674055355,new
9.5,difference_matched,400,0.0015625,euler,4.0,time_half,0.5,core,0.0007148948489667526,0.0005849669459934148,new
9.5,difference_matched,400,0.0015625,euler,4.0,time_half,0.5,peak,0.0003683593503804039,0.0005696018477505671,new
9.5,difference_rm,400,0.003125,euler,4.0,main,0.25,core,3.666110618972748e-05,0.0001405170328571126,new
9.5,difference_rm,400,0.003125,euler,4.0,main,0.25,peak,1.876583036231061e-05,5.0079504365696526e-05,new
9.5,difference_rm,400,0.003125,euler,4.0,main,0.5,core,5.003061273869264e-05,0.00016253970136015372,new
9.5,difference_rm,400,0.003125,euler,4.0,main,0.5,peak,3.3552101285860836e-05,6.357403738671552e-05,new
9.5,difference_rm,400,0.0015625,euler,4.0,time_half,0.25,core,3.382972977151143e-05,0.00014406236823183427,new
9.5,difference_rm,400,0.0015625,euler,4.0,time_half,0.25,peak,1.4916448952795314e-05,5.0922099137318266e-05,new
9.5,difference_rm,400,0.0015625,euler,4.0,time_half,0.5,core,4.6745803050661505e-05,0.00017060012202063657,new
9.5,difference_rm,400,0.0015625,euler,4.0,time_half,0.5,peak,3.012531812698893e-05,6.508464172116923e-05,new
9.5,difference_fixed,400,0.003125,euler,4.0,main,0.25,core,4.00143541584852e-05,0.00017909370578117478,new
9.5,difference_fixed,400,0.003125,euler,4.0,main,0.25,peak,4.001423847929675e-05,0.00010289193328155699,new
9.5,difference_fixed,400,0.003125,euler,4.0,main,0.5,core,4.573200776095132e-05,0.00020265265387342524,new
9.5,difference_fixed,400,0.003125,euler,4.0,main,0.5,peak,4.5731999758436004e-05,0.00012742530298842647,new
9.5,difference_fixed,400,0.0015625,euler,4.0,time_half,0.25,core,4.1361097819991866e-05,0.00018480668708353853,new
9.5,difference_fixed,400,0.0015625,euler,4.0,time_half,0.25,peak,4.1360978941029636e-05,0.00010610478502665055,new
9.5,difference_fixed,400,0.0015625,euler,4.0,time_half,0.5,core,4.83417802450703e-05,0.00021457431208038447,new
9.5,difference_fixed,400,0.0015625,euler,4.0,time_half,0.5,peak,4.834177146842422e-05,0.00013463192254964396,new
10.0,integrable_original,400,0.003125,euler,4.0,main,0.25,core,0.014714376141415674,0.0016339092879251726,reused
10.0,integrable_original,400,0.003125,euler,4.0,main,0.25,peak,0.005532405954235903,0.0011821729201843545,reused
10.0,integrable_original,400,0.003125,euler,4.0,main,0.5,core,0.06257764652903644,0.008316833906236831,reused
10.0,integrable_original,400,0.003125,euler,4.0,main,0.5,peak,0.014878367784623647,0.00370884428583218,reused
10.0,integrable_original,400,0.0015625,euler,4.0,time_half,0.25,core,0.014807706905085314,0.0016411438118700827,reused
10.0,integrable_original,400,0.0015625,euler,4.0,time_half,0.25,peak,0.005534373024366129,0.0011974251380612588,reused
10.0,integrable_original,400,0.0015625,euler,4.0,time_half,0.5,core,0.062988169878962,0.008360159870691053,reused
10.0,integrable_original,400,0.0015625,euler,4.0,time_half,0.5,peak,0.014886505048356424,0.003746882554856945,reused
10.0,integrable_calibrated,400,0.003125,euler,4.0,main,0.25,core,0.000347874599109726,0.0007158182232710475,reused
10.0,integrable_calibrated,400,0.003125,euler,4.0,main,0.25,peak,0.00020721782993127214,0.0006847333969953739,reused
10.0,integrable_calibrated,400,0.003125,euler,4.0,main,0.5,core,0.0014977415826489008,0.0007812910234961112,reused
10.0,integrable_calibrated,400,0.003125,euler,4.0,main,0.5,peak,0.00036201076500050333,0.0007148684506017577,reused
10.0,integrable_calibrated,400,0.0015625,euler,4.0,time_half,0.25,core,0.00034643747643256566,0.0007224880102127962,reused
10.0,integrable_calibrated,400,0.0015625,euler,4.0,time_half,0.25,peak,0.00021816958234230355,0.0006951290224277984,reused
10.0,integrable_calibrated,400,0.0015625,euler,4.0,time_half,0.5,core,0.001481421682791894,0.0007895531115618137,reused
10.0,integrable_calibrated,400,0.0015625,euler,4.0,time_half,0.5,peak,0.0003441788944788249,0.0007324741832172577,reused
10.0,difference_matched,400,0.003125,euler,4.0,main,0.25,core,0.0003473846852115603,0.0006939327629533754,reused
10.0,difference_matched,400,0.003125,euler,4.0,main,0.25,peak,0.00034738483890670024,0.0006719711123767125,reused
10.0,difference_matched,400,0.003125,euler,4.0,main,0.5,core,0.0008034714199838261,0.0006633005627864619,reused
10.0,difference_matched,400,0.003125,euler,4.0,main,0.5,peak,0.0004054803369395177,0.0006317085670661249,reused
10.0,difference_matched,400,0.0015625,euler,4.0,time_half,0.25,core,0.00035798116076568576,0.0007000852373472699,reused
10.0,difference_matched,400,0.0015625,euler,4.0,time_half,0.25,peak,0.00035798204254464117,0.000681981227236006,reused
10.0,difference_matched,400,0.0015625,euler,4.0,time_half,0.5,core,0.0008352055533086944,0.0006747685096331613,reused
10.0,difference_matched,400,0.0015625,euler,4.0,time_half,0.5,peak,0.00042870613051015916,0.0006512483112073308,reused
10.0,difference_rm,400,0.003125,euler,4.0,main,0.25,core,4.2403528432426174e-05,0.0001578159968592674,reused
10.0,difference_rm,400,0.003125,euler,4.0,main,0.25,peak,2.2714291641162676e-05,5.109434936023671e-05,reused
10.0,difference_rm,400,0.003125,euler,4.0,main,0.5,core,5.6353753168000495e-05,0.0001838241683365105,reused
10.0,difference_rm,400,0.003125,euler,4.0,main,0.5,peak,4.167494989457121e-05,6.562329752479723e-05,reused
10.0,difference_rm,400,0.0015625,euler,4.0,time_half,0.25,core,3.917647104634443e-05,0.0001614386443807847,reused
10.0,difference_rm,400,0.0015625,euler,4.0,time_half,0.25,peak,1.8494414825376282e-05,5.1821301289334265e-05,reused
10.0,difference_rm,400,0.0015625,euler,4.0,time_half,0.5,core,5.473456011010312e-05,0.00019212744452923314,reused
10.0,difference_rm,400,0.0015625,euler,4.0,time_half,0.5,peak,3.802684180842508e-05,6.686461843374847e-05,reused
10.0,difference_fixed,400,0.003125,euler,4.0,main,0.25,core,4.2966286692536215e-05,0.00020553003023782157,reused
10.0,difference_fixed,400,0.003125,euler,4.0,main,0.25,peak,4.296629141306574e-05,0.00011011465869720238,reused
10.0,difference_fixed,400,0.003125,euler,4.0,main,0.5,core,5.0230526006500575e-05,0.00023428137749970102,reused
10.0,difference_fixed,400,0.003125,euler,4.0,main,0.5,peak,5.02305668891867e-05,0.00013346790766211036,reused
10.0,difference_fixed,400,0.0015625,euler,4.0,time_half,0.25,core,4.4266283854288435e-05,0.0002114792986269709,reused
10.0,difference_fixed,400,0.0015625,euler,4.0,time_half,0.25,peak,4.426628791479037e-05,0.00011322212781250673,reused
10.0,difference_fixed,400,0.0015625,euler,4.0,time_half,0.5,core,5.274108656247445e-05,0.00024670683294070184,reused
10.0,difference_fixed,400,0.0015625,euler,4.0,time_half,0.5,peak,5.274112689326871e-05,0.00014019951958094135,reused
10.5,integrable_original,400,0.003125,euler,4.0,main,0.25,core,0.014757804929450929,0.0017612193415905697,new
10.5,integrable_original,400,0.003125,euler,4.0,main,0.25,peak,0.005502958958766763,0.0012919294488694666,new
10.5,integrable_original,400,0.003125,euler,4.0,main,0.5,core,0.06271583228868895,0.008669396907453053,new
10.5,integrable_original,400,0.003125,euler,4.0,main,0.5,peak,0.014625704409825135,0.0034936082998516804,new
10.5,integrable_original,400,0.0015625,euler,4.0,time_half,0.25,core,0.014851130243597108,0.0017690840984248002,new
10.5,integrable_original,400,0.0015625,euler,4.0,time_half,0.25,peak,0.005503257092634217,0.0013069714305731228,new
10.5,integrable_original,400,0.0015625,euler,4.0,time_half,0.5,core,0.0631252320596106,0.008712730288982229,new
10.5,integrable_original,400,0.0015625,euler,4.0,time_half,0.5,peak,0.014631698435637136,0.003531116705113968,new
10.5,integrable_calibrated,400,0.003125,euler,4.0,main,0.25,core,0.0003723130900098105,0.0008158698720217572,new
10.5,integrable_calibrated,400,0.003125,euler,4.0,main,0.25,peak,0.0002455439922550151,0.0007771860154315302,new
10.5,integrable_calibrated,400,0.003125,euler,4.0,main,0.5,core,0.001601193873228989,0.0008899707119828792,new
10.5,integrable_calibrated,400,0.003125,euler,4.0,main,0.5,peak,0.0003897707756121971,0.0008110499090257517,new
10.5,integrable_calibrated,400,0.0015625,euler,4.0,time_half,0.25,core,0.000370872320887037,0.0008218381095982941,new
10.5,integrable_calibrated,400,0.0015625,euler,4.0,time_half,0.25,peak,0.00025701441760953014,0.0007872258804302312,new
10.5,integrable_calibrated,400,0.0015625,euler,4.0,time_half,0.5,core,0.0015844242813598947,0.0008961068427125185,new
10.5,integrable_calibrated,400,0.0015625,euler,4.0,time_half,0.5,peak,0.00037176215367409893,0.000830658776295512,new
10.5,difference_matched,400,0.003125,euler,4.0,main,0.25,core,0.0003999385396708799,0.0007917480421837375,new
10.5,difference_matched,400,0.003125,euler,4.0,main,0.25,peak,0.0003999399281046645,0.0007616818222418997,new
10.5,difference_matched,400,0.003125,euler,4.0,main,0.5,core,0.0009309032412491301,0.0007612143480598133,new
10.5,difference_matched,400,0.003125,euler,4.0,main,0.5,peak,0.00046873307661945973,0.0007194825946605365,new
10.5,difference_matched,400,0.0015625,euler,4.0,time_half,0.25,core,0.0004114130070654587,0.0007973697794794177,new
10.5,difference_matched,400,0.0015625,euler,4.0,time_half,0.25,peak,0.0004114141160043161,0.0007714702115055871,new
10.5,difference_matched,400,0.0015625,euler,4.0,time_half,0.5,core,0.0009646163743339651,0.0007717565876434462,new
10.5,difference_matched,400,0.0015625,euler,4.0,time_half,0.5,peak,0.000492615008413605,0.0007387105069641131,new
10.5,difference_rm,400,0.003125,euler,4.0,main,0.25,core,4.855343043023985e-05,0.00017572807833599047,new
10.5,difference_rm,400,0.003125,euler,4.0,main,0.25,peak,2.7092005548040587e-05,5.2765755783723556e-05,new
10.5,difference_rm,400,0.003125,euler,4.0,main,0.5,core,6.64023557309934e-05,0.0002059736426305303,new
10.5,difference_rm,400,0.003125,euler,4.0,main,0.5,peak,5.084772044414154e-05,6.865782895304484e-05,new
10.5,difference_rm,400,0.0015625,euler,4.0,time_half,0.25,core,4.494862416660507e-05,0.0001794211436787485,new
10.5,difference_rm,400,0.0015625,euler,4.0,time_half,0.25,peak,2.2470360070608875e-05,5.339143976429428e-05,new
10.5,difference_rm,400,0.0015625,euler,4.0,time_half,0.5,core,6.453215090674452e-05,0.00021450529323085998,new
10.5,difference_rm,400,0.0015625,euler,4.0,time_half,0.5,peak,4.69479428922559e-05,6.965032624312029e-05,new
10.5,difference_fixed,400,0.003125,euler,4.0,main,0.25,core,4.5828851878704224e-05,0.00023339986922066291,new
10.5,difference_fixed,400,0.003125,euler,4.0,main,0.25,peak,4.5828838565215024e-05,0.00011708837383284099,new
10.5,difference_fixed,400,0.003125,euler,4.0,main,0.5,core,5.470619897537943e-05,0.0002678236736096684,new
10.5,difference_fixed,400,0.003125,euler,4.0,main,0.5,peak,5.470625132747431e-05,0.0001438189536575596,new
10.5,difference_fixed,400,0.0015625,euler,4.0,time_half,0.25,core,4.7081780760460656e-05,0.00023956699825766758,new
10.5,difference_fixed,400,0.0015625,euler,4.0,time_half,0.25,peak,4.708176603424041e-05,0.00012008839875521371,new
10.5,difference_fixed,400,0.0015625,euler,4.0,time_half,0.5,core,5.711615515546775e-05,0.0002807264481793359,new
10.5,difference_fixed,400,0.0015625,euler,4.0,time_half,0.5,peak,5.711620707410381e-05,0.00015035518345996035,new
11.0,integrable_original,400,0.003125,euler,4.0,main,0.25,core,0.014792944412666332,0.0018892523631545144,reused
11.0,integrable_original,400,0.003125,euler,4.0,main,0.25,peak,0.00558915923801484,0.001410740939974453,reused
11.0,integrable_original,400,0.003125,euler,4.0,main,0.5,core,0.06282370526560399,0.009009661581512174,reused
11.0,integrable_original,400,0.003125,euler,4.0,main,0.5,peak,0.01457619555576109,0.0037112948027994697,reused
11.0,integrable_original,400,0.0015625,euler,4.0,time_half,0.25,core,0.01488623918187073,0.0018978695992685202,reused
11.0,integrable_original,400,0.0015625,euler,4.0,time_half,0.25,peak,0.005589440538021351,0.0014255405184850911,reused
11.0,integrable_original,400,0.0015625,euler,4.0,time_half,0.5,core,0.06323197341412823,0.009052866083377298,reused
11.0,integrable_original,400,0.0015625,euler,4.0,time_half,0.5,peak,0.014580141879757341,0.0037483643154916924,reused
11.0,integrable_calibrated,400,0.003125,euler,4.0,main,0.25,core,0.00039658933087105113,0.0009230692898037907,reused
11.0,integrable_calibrated,400,0.003125,euler,4.0,main,0.25,peak,0.0002870685420288954,0.0008772907773196281,reused
11.0,integrable_calibrated,400,0.003125,euler,4.0,main,0.5,core,0.001703876151494389,0.0010041745456542128,reused
11.0,integrable_calibrated,400,0.003125,euler,4.0,main,0.5,peak,0.0004176144021470485,0.0009194367203658182,reused
11.0,integrable_calibrated,400,0.0015625,euler,4.0,time_half,0.25,core,0.00039515742351871786,0.0009282895180752204,reused
11.0,integrable_calibrated,400,0.0015625,euler,4.0,time_half,0.25,peak,0.0002990238151873714,0.0008869293189288641,reused
11.0,integrable_calibrated,400,0.0015625,euler,4.0,time_half,0.5,core,0.0016867482847818852,0.0010116903476933836,reused
11.0,integrable_calibrated,400,0.0015625,euler,4.0,time_half,0.5,peak,0.0004000461458281146,0.0009380116275727324,reused
11.0,difference_matched,400,0.003125,euler,4.0,main,0.25,core,0.00045660244636747116,0.0008967012424315746,reused
11.0,difference_matched,400,0.003125,euler,4.0,main,0.25,peak,0.0004566077092002796,0.0008578809024933909,reused
11.0,difference_matched,400,0.003125,euler,4.0,main,0.5,core,0.0010673937070295263,0.0008664231525500332,reused
11.0,difference_matched,400,0.003125,euler,4.0,main,0.5,peak,0.0005371577570217334,0.0008128697816313091,reused
11.0,difference_matched,400,0.0015625,euler,4.0,time_half,0.25,core,0.00046853266334137555,0.0009017648878388296,reused
11.0,difference_matched,400,0.0015625,euler,4.0,time_half,0.25,peak,0.00046853869797658376,0.0008674117780594903,reused
11.0,difference_matched,400,0.0015625,euler,4.0,time_half,0.5,core,0.0011030487954098982,0.0008759995681971722,reused
11.0,difference_matched,400,0.0015625,euler,4.0,time_half,0.5,peak,0.0005633574872657421,0.0008317942076051521,reused
11.0,difference_rm,400,0.003125,euler,4.0,main,0.25,core,5.509634541653579e-05,0.0001942572479547433,reused
11.0,difference_rm,400,0.003125,euler,4.0,main,0.25,peak,3.183893944178062e-05,5.423751739525029e-05,reused
11.0,difference_rm,400,0.003125,euler,4.0,main,0.5,core,7.737880068448173e-05,0.00022895683889223584,reused
11.0,difference_rm,400,0.003125,euler,4.0,main,0.5,peak,6.10852094761194e-05,7.143671103304605e-05,reused
11.0,difference_rm,400,0.0015625,euler,4.0,time_half,0.25,core,5.113068010013412e-05,0.00019801642473737946,reused
11.0,difference_rm,400,0.0015625,euler,4.0,time_half,0.25,peak,2.6833849225221806e-05,5.4769354440264983e-05,reused
11.0,difference_rm,400,0.0015625,euler,4.0,time_half,0.5,core,7.526122952240203e-05,0.00023770643679232872,reused
11.0,difference_rm,400,0.0015625,euler,4.0,time_half,0.5,peak,5.6882890617865334e-05,7.219817377362991e-05,reused
11.0,difference_fixed,400,0.003125,euler,4.0,main,0.25,core,4.9303958824256644e-05,0.0002626366821145698,reused
11.0,difference_fixed,400,0.003125,euler,4.0,main,0.25,peak,4.860489908437016e-05,0.00012380862744321153,reused
11.0,difference_fixed,400,0.003125,euler,4.0,main,0.5,core,5.915161816247294e-05,0.00030346410542925195,reused
11.0,difference_fixed,400,0.003125,euler,4.0,main,0.5,peak,5.915163533598555e-05,0.0001540091163529378,reused
11.0,difference_fixed,400,0.0015625,euler,4.0,time_half,0.25,core,5.0446405651997234e-05,0.00026892842274583995,reused
11.0,difference_fixed,400,0.0015625,euler,4.0,time_half,0.25,peak,4.981127564018806e-05,0.0001267010380692768,reused
11.0,difference_fixed,400,0.0015625,euler,4.0,time_half,0.5,core,6.146128982434385e-05,0.00031657640008664334,reused
11.0,difference_fixed,400,0.0015625,euler,4.0,time_half,0.5,peak,6.146130693818197e-05,0.0001603474489210721,reused
11.5,integrable_original,400,0.003125,euler,4.0,main,0.25,core,0.014821385591794356,0.0020306941516997634,new
11.5,integrable_original,400,0.003125,euler,4.0,main,0.25,peak,0.0054599221600355186,0.0014174519627456195,new
11.5,integrable_original,400,0.003125,euler,4.0,main,0.5,core,0.06290863457996432,0.00936314952570061,new
11.5,integrable_original,400,0.003125,euler,4.0,main,0.5,peak,0.01445962441245327,0.003777846674976215,new
11.5,integrable_original,400,0.0015625,euler,4.0,time_half,0.25,core,0.01491463004773392,0.0020388690674624232,new
11.5,integrable_original,400,0.0015625,euler,4.0,time_half,0.25,peak,0.005460269613461133,0.0014325391846694013,new
11.5,integrable_original,400,0.0015625,euler,4.0,time_half,0.5,core,0.06331575550647504,0.009408094767848207,new
11.5,integrable_original,400,0.0015625,euler,4.0,time_half,0.5,peak,0.014462823053340429,0.003815527898662352,new
11.5,integrable_calibrated,400,0.003125,euler,4.0,main,0.25,core,0.000420708912044973,0.0010370873128048297,new
11.5,integrable_calibrated,400,0.003125,euler,4.0,main,0.25,peak,0.00033178674991532486,0.0009266810426775129,new
11.5,integrable_calibrated,400,0.003125,euler,4.0,main,0.5,core,0.0018058156991128213,0.001129515072879117,new
11.5,integrable_calibrated,400,0.003125,euler,4.0,main,0.5,peak,0.00042339031740906696,0.0009621512059401205,new
11.5,integrable_calibrated,400,0.0015625,euler,4.0,time_half,0.25,core,0.00041929715080057353,0.0010415203776662496,new
11.5,integrable_calibrated,400,0.0015625,euler,4.0,time_half,0.25,peak,0.0003441956151739034,0.0009377270554193906,new
11.5,integrable_calibrated,400,0.0015625,euler,4.0,time_half,0.5,core,0.0017884122156545804,0.0011369376450542923,new
11.5,integrable_calibrated,400,0.0015625,euler,4.0,time_half,0.5,peak,0.0004031533348303473,0.0009835528351844758,new
11.5,difference_matched,400,0.003125,euler,4.0,main,0.25,core,0.0005169686693458353,0.0010087346506856831,new
11.5,difference_matched,400,0.003125,euler,4.0,main,0.25,peak,0.0005169693875126946,0.0009036966502482535,new
11.5,difference_matched,400,0.003125,euler,4.0,main,0.5,core,0.0012128780376884237,0.0009789634448768014,new
11.5,difference_matched,400,0.003125,euler,4.0,main,0.5,peak,0.0006115359315301272,0.0008493773637282542,new
11.5,difference_matched,400,0.0015625,euler,4.0,time_half,0.25,core,0.0005293209335794358,0.0010131993406212736,new
11.5,difference_matched,400,0.0015625,euler,4.0,time_half,0.25,peak,0.0005293214594428719,0.0009147714808549479,new
11.5,difference_matched,400,0.0015625,euler,4.0,time_half,0.5,core,0.0012504465814459902,0.0009875522101885914,new
11.5,difference_matched,400,0.0015625,euler,4.0,time_half,0.5,peak,0.0006384178663425832,0.0008715825847041558,new
11.5,difference_rm,400,0.003125,euler,4.0,main,0.25,core,6.209741066767055e-05,0.00021329448772866577,new
11.5,difference_rm,400,0.003125,euler,4.0,main,0.25,peak,3.686627681900867e-05,5.552703535172121e-05,new
11.5,difference_rm,400,0.003125,euler,4.0,main,0.5,core,8.925094958250543e-05,0.00025273030586026035,new
11.5,difference_rm,400,0.003125,euler,4.0,main,0.5,peak,7.221504123397504e-05,7.397650849966242e-05,new
11.5,difference_rm,400,0.0015625,euler,4.0,time_half,0.25,core,5.779502853833513e-05,0.00021711630972887086,new
11.5,difference_rm,400,0.0015625,euler,4.0,time_half,0.25,peak,3.151088777808564e-05,5.597243259564122e-05,new
11.5,difference_rm,400,0.0015625,euler,4.0,time_half,0.5,core,8.689024146274829e-05,0.0002616907489796372,new
11.5,difference_rm,400,0.0015625,euler,4.0,time_half,0.5,peak,6.770554094931436e-05,7.452455780504463e-05,new
11.5,difference_fixed,400,0.003125,euler,4.0,main,0.25,core,5.3796047607357345e-05,0.00029488885605377657,new
11.5,difference_fixed,400,0.003125,euler,4.0,main,0.25,peak,5.129795707958795e-05,0.00012184163764739075,new
11.5,difference_fixed,400,0.003125,euler,4.0,main,0.5,core,6.356287767603219e-05,0.0003425347814498547,new
11.5,difference_fixed,400,0.003125,euler,4.0,main,0.5,peak,6.356279126285003e-05,0.00015346996539755686,new
11.5,difference_fixed,400,0.0015625,euler,4.0,time_half,0.25,core,5.493869090317238e-05,0.00030140054202498767,new
11.5,difference_fixed,400,0.0015625,euler,4.0,time_half,0.25,peak,5.245886384133702e-05,0.00012445365461377644,new
11.5,difference_fixed,400,0.0015625,euler,4.0,time_half,0.5,core,6.577240406621665e-05,0.000356140958776896,new
11.5,difference_fixed,400,0.0015625,euler,4.0,time_half,0.5,peak,6.577247053202173e-05,0.0001592264375399055,new
12.0,integrable_original,400,0.003125,euler,4.0,main,0.25,core,0.014844423665697175,0.0021691789500487557,reused
12.0,integrable_original,400,0.003125,euler,4.0,main,0.25,peak,0.005396304330158835,0.0015000629678922905,reused
12.0,integrable_original,400,0.003125,euler,4.0,main,0.5,core,0.0629744984568725,0.00971428468848956,reused
12.0,integrable_original,400,0.003125,euler,4.0,main,0.5,peak,0.014233063580238348,0.003547586385050261,reused
12.0,integrable_original,400,0.0015625,euler,4.0,time_half,0.25,core,0.014937603614642867,0.0021782658736603233,reused
12.0,integrable_original,400,0.0015625,euler,4.0,time_half,0.25,peak,0.00539425514433492,0.0015152553357852816,reused
12.0,integrable_original,400,0.0015625,euler,4.0,time_half,0.5,core,0.0633805457176411,0.009757623678816163,reused
12.0,integrable_original,400,0.0015625,euler,4.0,time_half,0.5,peak,0.014234515484715327,0.0035841323558342686,reused
12.0,integrable_calibrated,400,0.003125,euler,4.0,main,0.25,core,0.0004446775355953161,0.001157418797604448,reused
12.0,integrable_calibrated,400,0.003125,euler,4.0,main,0.25,peak,0.0003796931310207641,0.001030394422265546,reused
12.0,integrable_calibrated,400,0.003125,euler,4.0,main,0.5,core,0.001907044121495411,0.0012636994219115127,reused
12.0,integrable_calibrated,400,0.003125,euler,4.0,main,0.5,peak,0.0004499781252239321,0.0010748841231125184,reused
12.0,integrable_calibrated,400,0.0015625,euler,4.0,time_half,0.25,core,0.00044329609302860677,0.0011610314247313402,reused
12.0,integrable_calibrated,400,0.0015625,euler,4.0,time_half,0.25,peak,0.0003925264802727979,0.0010411079040674176,reused
12.0,integrable_calibrated,400,0.0015625,euler,4.0,time_half,0.5,core,0.0018894396951757934,0.0012691307897800819,reused
12.0,integrable_calibrated,400,0.0015625,euler,4.0,time_half,0.5,peak,0.00042998187528953125,0.0010954127395085833,reused
12.0,difference_matched,400,0.003125,euler,4.0,main,0.25,core,0.0005809837274555196,0.0011277420609445699,reused
12.0,difference_matched,400,0.003125,euler,4.0,main,0.25,peak,0.0005809836866844664,0.0010005606457371696,reused
12.0,difference_matched,400,0.003125,euler,4.0,main,0.5,core,0.0013672966979093755,0.001098836986028584,reused
12.0,difference_matched,400,0.003125,euler,4.0,main,0.5,peak,0.0006899122080286091,0.0009409487874703082,reused
12.0,difference_matched,400,0.0015625,euler,4.0,time_half,0.25,core,0.0005937235101387273,0.001131593596730207,reused
12.0,difference_matched,400,0.0015625,euler,4.0,time_half,0.25,peak,0.0005937233854329538,0.001010994524145492,reused
12.0,difference_matched,400,0.0015625,euler,4.0,time_half,0.5,core,0.0014067580206465894,0.0011063843270563423,reused
12.0,difference_matched,400,0.0015625,euler,4.0,time_half,0.5,peak,0.0007173754980921154,0.0009628774368031778,reused
12.0,difference_rm,400,0.003125,euler,4.0,main,0.25,core,6.94709168679291e-05,0.00023285672306372351,reused
12.0,difference_rm,400,0.003125,euler,4.0,main,0.25,peak,4.226933263584698e-05,5.665186558273527e-05,reused
12.0,difference_rm,400,0.003125,euler,4.0,main,0.5,core,0.00010204648944293904,0.00027723620614139577,reused
12.0,difference_rm,400,0.003125,euler,4.0,main,0.5,peak,8.429539780682727e-05,7.487449159987447e-05,reused
12.0,difference_rm,400,0.0015625,euler,4.0,time_half,0.25,core,6.485126895209008e-05,0.00023673776498611687,reused
12.0,difference_rm,400,0.0015625,euler,4.0,time_half,0.25,peak,3.6574274562217735e-05,5.7017908668965944e-05,reused
12.0,difference_rm,400,0.0015625,euler,4.0,time_half,0.5,core,9.945411082872956e-05,0.00028640221750564354,reused
12.0,difference_rm,400,0.0015625,euler,4.0,time_half,0.5,peak,7.951894494634404e-05,7.52242977022366e-05,reused
12.0,difference_fixed,400,0.003125,euler,4.0,main,0.25,core,5.8169494742889294e-05,0.00032700470050306407,reused
12.0,difference_fixed,400,0.003125,euler,4.0,main,0.25,peak,5.391191910467108e-05,0.00012708854554072113,reused
12.0,difference_fixed,400,0.003125,euler,4.0,main,0.5,core,6.794085234035352e-05,0.0003822576244909559,reused
12.0,difference_fixed,400,0.003125,euler,4.0,main,0.5,peak,6.794077630523088e-05,0.0001620035623796645,reused
12.0,difference_fixed,400,0.0015625,euler,4.0,time_half,0.25,core,5.930599126117639e-05,0.00033369257946946895,reused
12.0,difference_fixed,400,0.0015625,euler,4.0,time_half,0.25,peak,5.502882499069939e-05,0.00012959059569089826,reused
12.0,difference_fixed,400,0.0015625,euler,4.0,time_half,0.5,core,7.005151817465749e-05,0.00039629844755917354,reused
12.0,difference_fixed,400,0.0015625,euler,4.0,time_half,0.5,peak,7.005144474825364e-05,0.000167550051414167,reused
12.5,integrable_original,400,0.003125,euler,4.0,main,0.25,core,0.014863092135412901,0.0023276948023650545,new
12.5,integrable_original,400,0.003125,euler,4.0,main,0.25,peak,0.005465553296732595,0.0016243400771659977,new
12.5,integrable_original,400,0.003125,euler,4.0,main,0.5,core,0.0630247895522389,0.010032796887879392,new
12.5,integrable_original,400,0.003125,euler,4.0,main,0.5,peak,0.014176113947511615,0.0037537545519547577,new
12.5,integrable_original,400,0.0015625,euler,4.0,time_half,0.25,core,0.014956197680651958,0.0023363948797152645,new
12.5,integrable_original,400,0.0015625,euler,4.0,time_half,0.25,peak,0.005463561020257246,0.0016392841107917278,new
12.5,integrable_original,400,0.0015625,euler,4.0,time_half,0.5,core,0.06342979034271304,0.010079488600229003,new
12.5,integrable_original,400,0.0015625,euler,4.0,time_half,0.5,peak,0.014175879780530976,0.0037898197906316433,new
12.5,integrable_calibrated,400,0.003125,euler,4.0,main,0.25,core,0.00046850115854804006,0.0012833738485277246,new
12.5,integrable_calibrated,400,0.003125,euler,4.0,main,0.25,peak,0.00043078195769122307,0.0011416383722669399,new
12.5,integrable_calibrated,400,0.003125,euler,4.0,main,0.5,core,0.002007593861944719,0.0014039562211298762,new
12.5,integrable_calibrated,400,0.003125,euler,4.0,main,0.5,peak,0.00047682215581493215,0.0011965748546056143,new
12.5,integrable_calibrated,400,0.0015625,euler,4.0,time_half,0.25,core,0.00046715920284115314,0.0012869183942195161,new
12.5,integrable_calibrated,400,0.0015625,euler,4.0,time_half,0.25,peak,0.0004440129729544884,0.001151994980788773,new
12.5,integrable_calibrated,400,0.0015625,euler,4.0,time_half,0.5,core,0.001989855933267426,0.0014073087090342717,new
12.5,integrable_calibrated,400,0.0015625,euler,4.0,time_half,0.5,peak,0.00045711793458116934,0.001216171505968977,new
12.5,difference_matched,400,0.003125,euler,4.0,main,0.25,core,0.0006486051320085118,0.0012535288526782096,new
12.5,difference_matched,400,0.003125,euler,4.0,main,0.25,peak,0.000648605318309986,0.0011089411629127688,new
12.5,difference_matched,400,0.003125,euler,4.0,main,0.5,core,0.001530597055816575,0.0012259832591176578,new
12.5,difference_matched,400,0.003125,euler,4.0,main,0.5,peak,0.0007720528929463233,0.0010370403884160662,new
12.5,difference_matched,400,0.0015625,euler,4.0,time_half,0.25,core,0.0006617017325016572,0.001256760025465875,new
12.5,difference_matched,400,0.0015625,euler,4.0,time_half,0.25,peak,0.0006617017752598431,0.001118991236622291,new
12.5,difference_matched,400,0.0015625,euler,4.0,time_half,0.5,core,0.0015719377407787392,0.0012324415465847505,new
12.5,difference_matched,400,0.0015625,euler,4.0,time_half,0.5,peak,0.0008000033962704822,0.0010586559879011692,new
12.5,difference_rm,400,0.003125,euler,4.0,main,0.25,core,7.720615662901512e-05,0.0002527934900808937,new
12.5,difference_rm,400,0.003125,euler,4.0,main,0.25,peak,4.784865873322386e-05,5.7551154059420906e-05,new
12.5,difference_rm,400,0.003125,euler,4.0,main,0.5,core,0.00011573990527414743,0.0003024686532040466,new
12.5,difference_rm,400,0.003125,euler,4.0,main,0.5,peak,9.728932699629156e-05,7.579173665095418e-05,new
12.5,difference_rm,400,0.0015625,euler,4.0,time_half,0.25,core,7.228822712683231e-05,0.00025673087218769375,new
12.5,difference_rm,400,0.0015625,euler,4.0,time_half,0.25,peak,4.182705100141959e-05,5.78443535804718e-05,new
12.5,difference_rm,400,0.0015625,euler,4.0,time_half,0.5,core,0.00011291861024810123,0.0003118379973506835,new
12.5,difference_rm,400,0.0015625,euler,4.0,time_half,0.5,peak,9.221693371766482e-05,7.599546635606025e-05,new
12.5,difference_fixed,400,0.003125,euler,4.0,main,0.25,core,6.268003368892217e-05,0.00036301864713483845,new
12.5,difference_fixed,400,0.003125,euler,4.0,main,0.25,peak,5.645033849799308e-05,0.0001320716592076443,new
12.5,difference_fixed,400,0.003125,euler,4.0,main,0.5,core,7.227961319009046e-05,0.00042526937485432015,new
12.5,difference_fixed,400,0.003125,euler,4.0,main,0.5,peak,7.227964313005764e-05,0.00017029301793392015,new
12.5,difference_fixed,400,0.0015625,euler,4.0,time_half,0.25,core,6.380381416290146e-05,0.0003698324551876242,new
12.5,difference_fixed,400,0.0015625,euler,4.0,time_half,0.25,peak,5.752494368485572e-05,0.0001344674449657579,new
12.5,difference_fixed,400,0.0015625,euler,4.0,time_half,0.5,core,7.429702212066736e-05,0.00043948989275932604,new
12.5,difference_fixed,400,0.0015625,euler,4.0,time_half,0.5,peak,7.429704952932603e-05,0.00017563502281831012,new
13.0,integrable_original,400,0.003125,euler,4.0,main,0.25,core,0.014878274400457877,0.0024828809551109554,new
13.0,integrable_original,400,0.003125,euler,4.0,main,0.25,peak,0.005533106916726732,0.001757581163938704,new
13.0,integrable_original,400,0.003125,euler,4.0,main,0.5,core,0.06306261981633815,0.01039872586426438,new
13.0,integrable_original,400,0.003125,euler,4.0,main,0.5,peak,0.014273890358032115,0.003966008228607432,new
13.0,integrable_original,400,0.0015625,euler,4.0,time_half,0.25,core,0.014971299826324651,0.002491239276306567,new
13.0,integrable_original,400,0.0015625,euler,4.0,time_half,0.25,peak,0.005531286843965061,0.0017722666725829006,new
13.0,integrable_original,400,0.0015625,euler,4.0,time_half,0.5,core,0.06346660741082295,0.010444900130485046,new
13.0,integrable_original,400,0.0015625,euler,4.0,time_half,0.5,peak,0.014272042801362017,0.004001859341320024,new
13.0,integrable_calibrated,400,0.003125,euler,4.0,main,0.25,core,0.0004921891105256713,0.001420729413112387,new
13.0,integrable_calibrated,400,0.003125,euler,4.0,main,0.25,peak,0.00048504656252351674,0.001260806636196543,new
13.0,integrable_calibrated,400,0.003125,euler,4.0,main,0.5,core,0.0021075350914221743,0.0015490302750363338,new
13.0,integrable_calibrated,400,0.003125,euler,4.0,main,0.5,peak,0.0004748434468165308,0.0013250451165773836,new
13.0,integrable_calibrated,400,0.0015625,euler,4.0,time_half,0.25,core,0.0004986431402580482,0.0014257289082104108,new
13.0,integrable_calibrated,400,0.0015625,euler,4.0,time_half,0.25,peak,0.0004986502356625622,0.00127078614647963,new
13.0,integrable_calibrated,400,0.0015625,euler,4.0,time_half,0.5,core,0.0020897249371566885,0.0015502789777959713,new
13.0,integrable_calibrated,400,0.0015625,euler,4.0,time_half,0.5,peak,0.0004514410581718531,0.0013438446676931615,new
13.0,difference_matched,400,0.003125,euler,4.0,main,0.25,core,0.0007197816928656564,0.0013857985544804552,new
13.0,difference_matched,400,0.003125,euler,4.0,main,0.25,peak,0.0007197849687841096,0.0012250163556277172,new
13.0,difference_matched,400,0.003125,euler,4.0,main,0.5,core,0.001702758747954469,0.0013603046994085655,new
13.0,difference_matched,400,0.003125,euler,4.0,main,0.5,peak,0.0008577125503836103,0.0011459545875625587,new
13.0,difference_matched,400,0.0015625,euler,4.0,time_half,0.25,core,0.000733206554563326,0.0013883813915329668,new
13.0,difference_matched,400,0.0015625,euler,4.0,time_half,0.25,peak,0.0007332091079308156,0.0012346603161332848,new
13.0,difference_matched,400,0.0015625,euler,4.0,time_half,0.5,core,0.0017459726148351827,0.0013656864876456232,new
13.0,difference_matched,400,0.0015625,euler,4.0,time_half,0.5,peak,0.0008860628931640635,0.0011636399479454385,new
13.0,difference_rm,400,0.003125,euler,4.0,main,0.25,core,8.53521053415093e-05,0.0002731083914020438,new
13.0,difference_rm,400,0.003125,euler,4.0,main,0.25,peak,5.3796085611679256e-05,5.652458536148375e-05,new
13.0,difference_rm,400,0.003125,euler,4.0,main,0.5,core,0.00013028215931079178,0.00032835698912714317,new
13.0,difference_rm,400,0.003125,euler,4.0,main,0.5,peak,0.00011109989557650524,7.752800968419127e-05,new
13.0,difference_rm,400,0.0015625,euler,4.0,time_half,0.25,core,8.016069951502156e-05,0.0002771014345162026,new
13.0,difference_rm,400,0.0015625,euler,4.0,time_half,0.25,peak,4.7496583060996356e-05,5.675752932182698e-05,new
13.0,difference_rm,400,0.0015625,euler,4.0,time_half,0.5,core,0.00012723662919695775,0.0003379298129188024,new
13.0,difference_rm,400,0.0015625,euler,4.0,time_half,0.5,peak,0.00010576349881286085,7.757393977764204e-05,new
13.0,difference_fixed,400,0.003125,euler,4.0,main,0.25,core,6.72925666410952e-05,0.0003980698660122073,new
13.0,difference_fixed,400,0.003125,euler,4.0,main,0.25,peak,5.891750655934169e-05,0.00013679886078077352,new
13.0,difference_fixed,400,0.003125,euler,4.0,main,0.5,core,7.657751486223052e-05,0.0004698853861208052,new
13.0,difference_fixed,400,0.003125,euler,4.0,main,0.5,peak,7.657740182587247e-05,0.0001783347100520749,new
13.0,difference_fixed,400,0.0015625,euler,4.0,time_half,0.25,core,6.840945926591194e-05,0.00040504332729751624,new
13.0,difference_fixed,400,0.0015625,euler,4.0,time_half,0.25,peak,5.995165669445135e-05,0.0001390921659897848,new
13.0,difference_fixed,400,0.0015625,euler,4.0,time_half,0.5,core,7.850483881910453e-05,0.00048454811531750686,new
13.0,difference_fixed,400,0.0015625,euler,4.0,time_half,0.5,peak,7.850472844175838e-05,0.00018347860972017793,new
13.5,integrable_original,400,0.003125,euler,4.0,main,0.25,core,0.014890626430860428,0.002646405003084218,new
13.5,integrable_original,400,0.003125,euler,4.0,main,0.25,peak,0.005410906678539773,0.0018432808402321088,new
13.5,integrable_original,400,0.003125,euler,4.0,main,0.5,core,0.06309049874376668,0.010709231355358506,new
13.5,integrable_original,400,0.003125,euler,4.0,main,0.5,peak,0.013979504508004142,0.0038787633149136025,new
13.5,integrable_original,400,0.0015625,euler,4.0,time_half,0.25,core,0.014983569497738802,0.0026557979600411175,new
13.5,integrable_original,400,0.0015625,euler,4.0,time_half,0.25,peak,0.005409621888751798,0.001858070251652466,new
13.5,integrable_original,400,0.0015625,euler,4.0,time_half,0.5,core,0.06349351051509068,0.010756226141950598,new
13.5,integrable_original,400,0.0015625,euler,4.0,time_half,0.5,peak,0.013977796001881787,0.0039154416455854935,new
13.5,integrable_calibrated,400,0.003125,euler,4.0,main,0.25,core,0.0005424802197197265,0.0015679539750411142,new
13.5,integrable_calibrated,400,0.003125,euler,4.0,main,0.25,peak,0.000542480174707205,0.0013368333890573236,new
13.5,integrable_calibrated,400,0.003125,euler,4.0,main,0.5,core,0.0022068666948779174,0.0016974763828995765,new
13.5,integrable_calibrated,400,0.003125,euler,4.0,main,0.5,peak,0.0004999839680276674,0.0013126199532515481,new
13.5,integrable_calibrated,400,0.0015625,euler,4.0,time_half,0.25,core,0.0005564333012221812,0.0015722510223080688,new
13.5,integrable_calibrated,400,0.0015625,euler,4.0,time_half,0.25,peak,0.0005564332881553835,0.0013470909979171886,new
13.5,integrable_calibrated,400,0.0015625,euler,4.0,time_half,0.5,core,0.0021890394382633313,0.0016990646707393253,new
13.5,integrable_calibrated,400,0.0015625,euler,4.0,time_half,0.5,peak,0.00047701469166333554,0.0013337598524925665,new
13.5,difference_matched,400,0.003125,euler,4.0,main,0.25,core,0.0007944677791584809,0.0015241672966432307,new
13.5,difference_matched,400,0.003125,euler,4.0,main,0.25,peak,0.0007944700123563575,0.0013224403805295881,new
13.5,difference_matched,400,0.003125,euler,4.0,main,0.5,core,0.0018837049865100429,0.0015016542185539161,new
13.5,difference_matched,400,0.003125,euler,4.0,main,0.5,peak,0.0009466371547494357,0.0012430611231531996,new
13.5,difference_matched,400,0.0015625,euler,4.0,time_half,0.25,core,0.0008081913666575236,0.0015275699017553435,new
13.5,difference_matched,400,0.0015625,euler,4.0,time_half,0.25,peak,0.000808194326610695,0.001332607615363246,new
13.5,difference_matched,400,0.0015625,euler,4.0,time_half,0.5,core,0.0019287907264698043,0.0015059278175722501,new
13.5,difference_matched,400,0.0015625,euler,4.0,time_half,0.5,peak,0.000975306231850076,0.001263965603636119,new
13.5,difference_rm,400,0.003125,euler,4.0,main,0.25,core,9.388657861134075e-05,0.0002936552394537939,new
13.5,difference_rm,400,0.003125,euler,4.0,main,0.25,peak,6.0072956783285836e-05,5.714330030182069e-05,new
13.5,difference_rm,400,0.003125,euler,4.0,main,0.5,core,0.00014563408058837057,0.0003548349030111364,new
13.5,difference_rm,400,0.003125,euler,4.0,main,0.5,peak,0.00012567199952184804,7.909326863281274e-05,new
13.5,difference_rm,400,0.0015625,euler,4.0,time_half,0.25,core,8.843507396097492e-05,0.0002977024123534955,new
13.5,difference_rm,400,0.0015625,euler,4.0,time_half,0.25,peak,5.3507572421646055e-05,5.731793111712902e-05,new
13.5,difference_rm,400,0.0015625,euler,4.0,time_half,0.5,core,0.00014236876469813243,0.0003646095649684211,new
13.5,difference_rm,400,0.0015625,euler,4.0,time_half,0.5,peak,0.00012010797597034051,7.899579000292256e-05,new
13.5,difference_fixed,400,0.003125,euler,4.0,main,0.25,core,7.177952702153503e-05,0.0004381423953434549,new
13.5,difference_fixed,400,0.003125,euler,4.0,main,0.25,peak,6.131714479268302e-05,0.00014127790438045462,new
13.5,difference_fixed,400,0.003125,euler,4.0,main,0.5,core,8.083360300192854e-05,0.0005169725962497207,new
13.5,difference_fixed,400,0.003125,euler,4.0,main,0.5,peak,8.083363614480588e-05,0.00018612695943742708,new
13.5,difference_fixed,400,0.0015625,euler,4.0,time_half,0.25,core,7.288536807703583e-05,0.00044523353849490466,new
13.5,difference_fixed,400,0.0015625,euler,4.0,time_half,0.25,peak,6.23127425451453e-05,0.00014347341120563017,new
13.5,difference_fixed,400,0.0015625,euler,4.0,time_half,0.5,core,8.26741871681469e-05,0.0005317759935407063,new
13.5,difference_fixed,400,0.0015625,euler,4.0,time_half,0.5,peak,8.26742189698193e-05,0.0001910791194756345,new
14.0,integrable_original,400,0.003125,euler,4.0,main,0.25,core,0.01490064972625185,0.0028265115620683123,reused
14.0,integrable_original,400,0.003125,euler,4.0,main,0.25,peak,0.005248189391102581,0.0017729528924029236,reused
14.0,integrable_original,400,0.003125,euler,4.0,main,0.5,core,0.06311045991301509,0.011075842549662873,reused
14.0,integrable_original,400,0.003125,euler,4.0,main,0.5,peak,0.013766239035698374,0.003637112012285615,reused
14.0,integrable_original,400,0.0015625,euler,4.0,time_half,0.25,core,0.014993508255632714,0.0028356160991559465,reused
14.0,integrable_original,400,0.0015625,euler,4.0,time_half,0.25,peak,0.005243337593511255,0.001787945252791967,reused
14.0,integrable_original,400,0.0015625,euler,4.0,time_half,0.5,core,0.0635125358571356,0.01112321055297627,reused
14.0,integrable_original,400,0.0015625,euler,4.0,time_half,0.5,peak,0.013763144263222282,0.003671999024216721,reused
14.0,integrable_original,800,0.0015625,euler,4.0,space_time_half,0.25,core,0.007365479237027398,0.001096161377820315,new
14.0,integrable_original,800,0.0015625,euler,4.0,space_time_half,0.25,peak,0.002684374093371883,0.0005914958417753136,new
14.0,integrable_original,800,0.0015625,euler,4.0,space_time_half,0.5,core,0.031173980106665986,0.00549385551416226,new
14.0,integrable_original,800,0.0015625,euler,4.0,space_time_half,0.5,peak,0.0069183428704242544,0.0016312111998104117,new
14.0,integrable_calibrated,400,0.003125,euler,4.0,main,0.25,core,0.0006030724039548518,0.0017224905465674234,reused
14.0,integrable_calibrated,400,0.003125,euler,4.0,main,0.25,peak,0.0006030755509847385,0.0014566030757208748,reused
14.0,integrable_calibrated,400,0.003125,euler,4.0,main,0.5,core,0.002305615004536894,0.001862310922335353,reused
14.0,integrable_calibrated,400,0.003125,euler,4.0,main,0.5,peak,0.0005256800170126141,0.0014376344725926526,reused
14.0,integrable_calibrated,400,0.0015625,euler,4.0,time_half,0.25,core,0.0006173536360474241,0.0017260527796500447,reused
14.0,integrable_calibrated,400,0.0015625,euler,4.0,time_half,0.25,peak,0.0006173565062122521,0.001466604132065119,reused
14.0,integrable_calibrated,400,0.0015625,euler,4.0,time_half,0.5,core,0.0022878204771752167,0.001866572272785083,reused
14.0,integrable_calibrated,400,0.0015625,euler,4.0,time_half,0.5,peak,0.0005023612027621471,0.001458678638479094,reused
14.0,integrable_calibrated,800,0.0015625,euler,4.0,space_time_half,0.25,core,0.00014354473587105399,0.0004304419879804233,new
14.0,integrable_calibrated,800,0.0015625,euler,4.0,space_time_half,0.25,peak,0.00014354742684008492,0.0003603211126005368,new
14.0,integrable_calibrated,800,0.0015625,euler,4.0,space_time_half,0.5,core,0.0005977973154365834,0.0004692888724919797,new
14.0,integrable_calibrated,800,0.0015625,euler,4.0,space_time_half,0.5,peak,0.00014659375116485296,0.00037431493781014957,new
14.0,difference_matched,400,0.003125,euler,4.0,main,0.25,core,0.0008726005938308745,0.0016729564021628618,reused
14.0,difference_matched,400,0.003125,euler,4.0,main,0.25,peak,0.0008726033886956308,0.0014418185669564654,reused
14.0,difference_matched,400,0.003125,euler,4.0,main,0.5,core,0.0020733909443982268,0.0016498312801040416,reused
14.0,difference_matched,400,0.003125,euler,4.0,main,0.5,peak,0.0010407191060700927,0.0013531453051411901,reused
14.0,difference_matched,400,0.0015625,euler,4.0,time_half,0.25,core,0.0008866008157857874,0.0016776029055329267,reused
14.0,difference_matched,400,0.0015625,euler,4.0,time_half,0.25,peak,0.0008866026471502642,0.0014517278772920306,reused
14.0,difference_matched,400,0.0015625,euler,4.0,time_half,0.5,core,0.0021203524256679647,0.0016529688893202055,reused
14.0,difference_matched,400,0.0015625,euler,4.0,time_half,0.5,peak,0.0010721147728438574,0.0013736634820931126,reused
14.0,difference_matched,800,0.0015625,euler,4.0,space_time_half,0.25,core,0.00021114098680388715,0.00042085254118529036,new
14.0,difference_matched,800,0.0015625,euler,4.0,space_time_half,0.25,peak,0.00021114888687079336,0.0003565754369652674,new
14.0,difference_matched,800,0.0015625,euler,4.0,space_time_half,0.5,core,0.0005054112146001209,0.0004120287043377635,new
14.0,difference_matched,800,0.0015625,euler,4.0,space_time_half,0.5,peak,0.000246329457621014,0.00032872976902426077,new
14.0,difference_rm,400,0.003125,euler,4.0,main,0.25,core,0.00010273977358768883,0.0003151349795667002,reused
14.0,difference_rm,400,0.003125,euler,4.0,main,0.25,peak,6.666053747056422e-05,5.765761813414372e-05,reused
14.0,difference_rm,400,0.003125,euler,4.0,main,0.5,core,0.00016176900052615288,0.0003817615037163824,reused
14.0,difference_rm,400,0.003125,euler,4.0,main,0.5,peak,0.00014111035743891165,8.050241724283369e-05,reused
14.0,difference_rm,400,0.0015625,euler,4.0,time_half,0.25,core,9.70449963370798e-05,0.00031906125585923206,reused
14.0,difference_rm,400,0.0015625,euler,4.0,time_half,0.25,peak,5.984905813152808e-05,5.777934608269808e-05,reused
14.0,difference_rm,400,0.0015625,euler,4.0,time_half,0.5,core,0.00015828875549154294,0.00039173874392228747,reused
14.0,difference_rm,400,0.0015625,euler,4.0,time_half,0.5,peak,0.00013530574928832806,8.027496019930025e-05,reused
14.0,difference_rm,800,0.0015625,euler,4.0,space_time_half,0.25,core,2.8505497475780038e-05,7.709108675446608e-05,new
14.0,difference_rm,800,0.0015625,euler,4.0,space_time_half,0.25,peak,2.014642798631172e-05,1.4500763098945768e-05,new
14.0,difference_rm,800,0.0015625,euler,4.0,space_time_half,0.5,core,4.175472758409255e-05,9.070303338010177e-05,new
14.0,difference_rm,800,0.0015625,euler,4.0,space_time_half,0.5,peak,3.777354506739883e-05,2.0469437801096113e-05,new
14.0,difference_fixed,400,0.003125,euler,4.0,main,0.25,core,7.63121555202445e-05,0.0004758629498156086,reused
14.0,difference_fixed,400,0.003125,euler,4.0,main,0.25,peak,6.365277896824839e-05,0.0001455180142757584,reused
14.0,difference_fixed,400,0.003125,euler,4.0,main,0.5,core,8.504744926432495e-05,0.0005651745461769941,reused
14.0,difference_fixed,400,0.003125,euler,4.0,main,0.5,peak,8.504748943366502e-05,0.00019068063738386654,reused
14.0,difference_fixed,400,0.0015625,euler,4.0,time_half,0.25,core,7.739827884807593e-05,0.00048300204243434397,reused
14.0,difference_fixed,400,0.0015625,euler,4.0,time_half,0.25,peak,6.461174867591901e-05,0.0001476196847411404,reused
14.0,difference_fixed,400,0.0015625,euler,4.0,time_half,0.5,core,8.680470890468084e-05,0.0005803971238091954,reused
14.0,difference_fixed,400,0.0015625,euler,4.0,time_half,0.5,peak,8.680474771632918e-05,0.00019541497800473762,reused
14.0,difference_fixed,800,0.0015625,euler,4.0,space_time_half,0.25,core,1.8568453134675672e-05,0.00011608207746527377,new
14.0,difference_fixed,800,0.0015625,euler,4.0,space_time_half,0.25,peak,1.5469823492597623e-05,3.455935220508799e-05,new
14.0,difference_fixed,800,0.0015625,euler,4.0,space_time_half,0.5,core,2.0356989857917007e-05,0.00013448675726979165,new
14.0,difference_fixed,800,0.0015625,euler,4.0,space_time_half,0.5,peak,2.035693853380538e-05,4.50453385616445e-05,new
14.5,integrable_original,400,0.003125,euler,4.0,main,0.25,core,0.014908790445051303,0.0030037950910101197,new
14.5,integrable_original,400,0.003125,euler,4.0,main,0.25,peak,0.005302361903679137,0.0019002328626253617,new
14.5,integrable_original,400,0.003125,euler,4.0,main,0.5,core,0.0631245471939791,0.011395201978483538,new
14.5,integrable_original,400,0.003125,euler,4.0,main,0.5,peak,0.013688999245744682,0.0038325077721544365,new
14.5,integrable_original,400,0.0015625,euler,4.0,time_half,0.25,core,0.015001563825254126,0.003012643183120556,new
14.5,integrable_original,400,0.0015625,euler,4.0,time_half,0.25,peak,0.005297635135567941,0.001914981973404395,new
14.5,integrable_original,400,0.0015625,euler,4.0,time_half,0.5,core,0.06352568830456094,0.01144470015111354,new
14.5,integrable_original,400,0.0015625,euler,4.0,time_half,0.5,peak,0.01368455143047878,0.003866908230363564,new
14.5,integrable_calibrated,400,0.003125,euler,4.0,main,0.25,core,0.000666817722996843,0.0018837494917249287,new
14.5,integrable_calibrated,400,0.003125,euler,4.0,main,0.25,peak,0.0006668254200541124,0.0015562002711310696,new
14.5,integrable_calibrated,400,0.003125,euler,4.0,main,0.5,core,0.002403809120272974,0.002038186708272771,new
14.5,integrable_calibrated,400,0.003125,euler,4.0,main,0.5,peak,0.000551305971064231,0.001572342505161417,new
14.5,integrable_calibrated,400,0.0015625,euler,4.0,time_half,0.25,core,0.0006814068216480784,0.001886588832986702,new
14.5,integrable_calibrated,400,0.0015625,euler,4.0,time_half,0.25,peak,0.0006814140356690701,0.0015662215318638095,new
14.5,integrable_calibrated,400,0.0015625,euler,4.0,time_half,0.5,core,0.002386092442864379,0.0020406058700346286,new
14.5,integrable_calibrated,400,0.0015625,euler,4.0,time_half,0.5,peak,0.0005284179300779068,0.0015925826314409086,new
14.5,difference_matched,400,0.003125,euler,4.0,main,0.25,core,0.0009541248518244727,0.0018314972009754182,new
14.5,difference_matched,400,0.003125,euler,4.0,main,0.25,peak,0.0009541247839969791,0.0015410232497500842,new
14.5,difference_matched,400,0.003125,euler,4.0,main,0.5,core,0.0022717746555005803,0.0018046071435165456,new
14.5,difference_matched,400,0.003125,euler,4.0,main,0.5,peak,0.0011432629436937125,0.0014680587032415149,new
14.5,difference_matched,400,0.0015625,euler,4.0,time_half,0.25,core,0.0009683750554379533,0.0018356314329557866,new
14.5,difference_matched,400,0.0015625,euler,4.0,time_half,0.25,peak,0.0009683752942179769,0.0015509509587730563,new
14.5,difference_matched,400,0.0015625,euler,4.0,time_half,0.5,core,0.0023206203851080416,0.0018066500285768283,new
14.5,difference_matched,400,0.0015625,euler,4.0,time_half,0.5,peak,0.0011751112032159228,0.0014881753573964818,new
14.5,difference_rm,400,0.003125,euler,4.0,main,0.25,core,0.00011189781657715107,0.00033736545473639357,new
14.5,difference_rm,400,0.003125,euler,4.0,main,0.25,peak,7.352582156702758e-05,5.807814762032182e-05,new
14.5,difference_rm,400,0.003125,euler,4.0,main,0.5,core,0.00017868411360574387,0.00040910889233991554,new
14.5,difference_rm,400,0.003125,euler,4.0,main,0.5,peak,0.0001573570806937541,8.176755279726278e-05,new
14.5,difference_rm,400,0.0015625,euler,4.0,time_half,0.25,core,0.00010597553973874709,0.00034134237924277055,new
14.5,difference_rm,400,0.0015625,euler,4.0,time_half,0.25,peak,6.648693974767306e-05,5.815193497293869e-05,new
14.5,difference_rm,400,0.0015625,euler,4.0,time_half,0.5,core,0.00017502269598360445,0.0004192937472131675,new
14.5,difference_rm,400,0.0015625,euler,4.0,time_half,0.5,peak,0.00015129395949756153,8.142241460595834e-05,new
14.5,difference_fixed,400,0.003125,euler,4.0,main,0.25,core,8.111800654387116e-05,0.0005195634241327296,new
14.5,difference_fixed,400,0.003125,euler,4.0,main,0.25,peak,6.592791724968627e-05,0.00014931580157917512,new
14.5,difference_fixed,400,0.003125,euler,4.0,main,0.5,core,8.921902467401432e-05,0.0006179907407528606,new
14.5,difference_fixed,400,0.003125,euler,4.0,main,0.5,peak,8.921903038749956e-05,0.0001836640650563215,new
14.5,difference_fixed,400,0.0015625,euler,4.0,time_half,0.25,core,8.219510760290594e-05,0.0005269039670298126,new
14.5,difference_fixed,400,0.0015625,euler,4.0,time_half,0.25,peak,6.685216026725005e-05,0.00015132409659512902,new
14.5,difference_fixed,400,0.0015625,euler,4.0,time_half,0.5,core,9.089637194245603e-05,0.0006333654112284925,new
14.5,difference_fixed,400,0.0015625,euler,4.0,time_half,0.5,peak,9.089637301812337e-05,0.0001878654479003372,new
15.0,integrable_original,400,0.003125,euler,4.0,main,0.25,core,0.014915414560808134,0.003175709710891539,new
15.0,integrable_original,400,0.003125,euler,4.0,main,0.25,peak,0.00535557109368498,0.0020353719667362546,new
15.0,integrable_original,400,0.003125,euler,4.0,main,0.5,core,0.06313428881426682,0.011734797184045132,new
15.0,integrable_original,400,0.003125,euler,4.0,main,0.5,peak,0.013764317528655118,0.004042320121713572,new
15.0,integrable_original,400,0.0015625,euler,4.0,time_half,0.25,core,0.015008103394623419,0.0031843382876958204,new
15.0,integrable_original,400,0.0015625,euler,4.0,time_half,0.25,peak,0.005351154519837309,0.0020498754740798097,new
15.0,integrable_original,400,0.0015625,euler,4.0,time_half,0.5,core,0.0635345958560816,0.011782987016775603,new
15.0,integrable_original,400,0.0015625,euler,4.0,time_half,0.5,peak,0.013756835808407808,0.004076245149240931,new
15.0,integrable_calibrated,400,0.003125,euler,4.0,main,0.25,core,0.0007337127088085094,0.002051053300915484,new
15.0,integrable_calibrated,400,0.003125,euler,4.0,main,0.25,peak,0.0007337213409796817,0.0016109703652812946,new
15.0,integrable_calibrated,400,0.003125,euler,4.0,main,0.5,core,0.0025014766125533356,0.002219463614648254,new
15.0,integrable_calibrated,400,0.003125,euler,4.0,main,0.5,peak,0.0005770211326474595,0.0017162737774834569,new
15.0,integrable_calibrated,400,0.0015625,euler,4.0,time_half,0.25,core,0.0007485906177384094,0.0020531386013306063,new
15.0,integrable_calibrated,400,0.0015625,euler,4.0,time_half,0.25,peak,0.0007485988886982708,0.0016215184115437875,new
15.0,integrable_calibrated,400,0.0015625,euler,4.0,time_half,0.5,core,0.0024838786863231694,0.0022200127780476753,new
15.0,integrable_calibrated,400,0.0015625,euler,4.0,time_half,0.5,peak,0.0005549609735766292,0.0017356884563360375,new
15.0,difference_matched,400,0.003125,euler,4.0,main,0.25,core,0.00103896850928889,0.001997961293121686,new
15.0,difference_matched,400,0.003125,euler,4.0,main,0.25,peak,0.0010389704267866617,0.0015699062681313047,new
15.0,difference_matched,400,0.003125,euler,4.0,main,0.5,core,0.0024788167021015197,0.00196566744058152,new
15.0,difference_matched,400,0.003125,euler,4.0,main,0.5,peak,0.001249959522894195,0.001587892856506956,new
15.0,difference_matched,400,0.0015625,euler,4.0,time_half,0.25,core,0.0010534465468432785,0.002001574348543478,new
15.0,difference_matched,400,0.0015625,euler,4.0,time_half,0.25,peak,0.001053449662293815,0.0015800760939082559,new
15.0,difference_matched,400,0.0015625,euler,4.0,time_half,0.5,core,0.002529559340254525,0.0019665526108230136,new
15.0,difference_matched,400,0.0015625,euler,4.0,time_half,0.5,peak,0.0012822010491265745,0.001607595525870531,new
15.0,difference_rm,400,0.003125,euler,4.0,main,0.25,core,0.000121480361641676,0.0003599131203746442,new
15.0,difference_rm,400,0.003125,euler,4.0,main,0.25,peak,8.063827838883375e-05,5.841494913799705e-05,new
15.0,difference_rm,400,0.003125,euler,4.0,main,0.5,core,0.00019643632874208252,0.0004367525448665255,new
15.0,difference_rm,400,0.003125,euler,4.0,main,0.5,peak,0.00017429050834397164,8.290097634883198e-05,new
15.0,difference_rm,400,0.0015625,euler,4.0,time_half,0.25,core,0.00011535951796505083,0.00036394155434371633,new
15.0,difference_rm,400,0.0015625,euler,4.0,time_half,0.25,peak,7.338959127831113e-05,5.8445311213684015e-05,new
15.0,difference_rm,400,0.0015625,euler,4.0,time_half,0.5,core,0.00019257292537793163,0.0004471453067445008,new
15.0,difference_rm,400,0.0015625,euler,4.0,time_half,0.5,peak,0.00016803477541579848,8.244954968483764e-05,new
15.0,difference_fixed,400,0.003125,euler,4.0,main,0.25,core,8.581570977599443e-05,0.0005628847253487113,new
15.0,difference_fixed,400,0.003125,euler,4.0,main,0.25,peak,6.814624373222e-05,0.00014587514110725452,new
15.0,difference_fixed,400,0.003125,euler,4.0,main,0.5,core,9.334860202819817e-05,0.0006670030410313998,new
15.0,difference_fixed,400,0.003125,euler,4.0,main,0.5,peak,9.334866904212036e-05,0.0001894718070962753,new
15.0,difference_fixed,400,0.0015625,euler,4.0,time_half,0.25,core,8.688102602504369e-05,0.000570294513746683,new
15.0,difference_fixed,400,0.0015625,euler,4.0,time_half,0.25,peak,6.903761864357483e-05,0.00014777929007675494,new
15.0,difference_fixed,400,0.0015625,euler,4.0,time_half,0.5,core,9.494939480919617e-05,0.0006823838404057536,new
15.0,difference_fixed,400,0.0015625,euler,4.0,time_half,0.5,peak,9.494945997803872e-05,0.00019350294166725623,new
15.5,integrable_original,400,0.003125,euler,4.0,main,0.25,core,0.01492082342308086,0.003384256697529564,new
15.5,integrable_original,400,0.003125,euler,4.0,main,0.25,peak,0.005408425113889143,0.0021787244743133316,new
15.5,integrable_original,400,0.003125,euler,4.0,main,0.5,core,0.06314016840036611,0.01208404855933587,new
15.5,integrable_original,400,0.003125,euler,4.0,main,0.5,peak,0.013911755413326232,0.004255672549939693,new
15.5,integrable_original,400,0.0015625,euler,4.0,time_half,0.25,core,0.015013429251248841,0.0033939521786095495,new
15.5,integrable_original,400,0.0015625,euler,4.0,time_half,0.25,peak,0.005404043972432632,0.00219298256735162,new
15.5,integrable_original,400,0.0015625,euler,4.0,time_half,0.5,core,0.06353968259426514,0.01213404565270737,new
15.5,integrable_original,400,0.0015625,euler,4.0,time_half,0.5,peak,0.013904771865882015,0.004289404860317425,new
15.5,integrable_calibrated,400,0.003125,euler,4.0,main,0.25,core,0.000803749245849944,0.0022234291096330794,new
15.5,integrable_calibrated,400,0.003125,euler,4.0,main,0.25,peak,0.0008037553106773065,0.0017451654575133535,new
15.5,integrable_calibrated,400,0.003125,euler,4.0,main,0.5,core,0.0025986434744083927,0.0024047634967754306,new
15.5,integrable_calibrated,400,0.003125,euler,4.0,main,0.5,peak,0.0005609521529240658,0.0018667128206011907,new
15.5,integrable_calibrated,400,0.0015625,euler,4.0,time_half,0.25,core,0.0008188986577795931,0.0022247805525013042,new
15.5,integrable_calibrated,400,0.0015625,euler,4.0,time_half,0.25,peak,0.0008189043202909418,0.0017553920056179728,new
15.5,integrable_calibrated,400,0.0015625,euler,4.0,time_half,0.5,core,0.0025812014208387046,0.002403422137764677,new
15.5,integrable_calibrated,400,0.0015625,euler,4.0,time_half,0.5,peak,0.0005778426772351519,0.001885477993704865,new
15.5,difference_matched,400,0.003125,euler,4.0,main,0.25,core,0.0011270685935394764,0.0021722113785114794,new
15.5,difference_matched,400,0.003125,euler,4.0,main,0.25,peak,0.00112707319273328,0.0017010145681108368,new
15.5,difference_matched,400,0.003125,euler,4.0,main,0.5,core,0.0026944799350503237,0.002132686987655008,new
15.5,difference_matched,400,0.003125,euler,4.0,main,0.5,peak,0.0013606582830585356,0.0017034821325158656,new
15.5,difference_matched,400,0.0015625,euler,4.0,time_half,0.25,core,0.0011417537408430767,0.002175295832745061,new
15.5,difference_matched,400,0.0015625,euler,4.0,time_half,0.25,peak,0.0011417599228625563,0.0017108344847204249,new
15.5,difference_matched,400,0.0015625,euler,4.0,time_half,0.5,core,0.002747135859216645,0.0021324301304930238,new
15.5,difference_matched,400,0.0015625,euler,4.0,time_half,0.5,peak,0.0013932376192172802,0.0017231006969683493,new
15.5,difference_rm,400,0.003125,euler,4.0,main,0.25,core,0.00013137510878683065,0.0003826149163751458,new
15.5,difference_rm,400,0.003125,euler,4.0,main,0.25,peak,8.808327540169025e-05,5.867579171475734e-05,new
15.5,difference_rm,400,0.003125,euler,4.0,main,0.5,core,0.00021489126010281346,0.0004646514661416079,new
15.5,difference_rm,400,0.003125,euler,4.0,main,0.5,peak,0.00019195810295707938,8.367089524380367e-05,new
15.5,difference_rm,400,0.0015625,euler,4.0,time_half,0.25,core,0.0001250576286336959,0.00038669613017616733,new
15.5,difference_rm,400,0.0015625,euler,4.0,time_half,0.25,peak,8.0629574233132e-05,5.866689915928758e-05,new
15.5,difference_rm,400,0.0015625,euler,4.0,time_half,0.5,core,0.00021082954911350385,0.0004752517396705569,new
15.5,difference_rm,400,0.0015625,euler,4.0,time_half,0.5,peak,0.00018548038840590642,8.312318009495723e-05,new
15.5,difference_fixed,400,0.003125,euler,4.0,main,0.25,core,9.0382585696578e-05,0.0006041870778066283,new
15.5,difference_fixed,400,0.003125,euler,4.0,main,0.25,peak,7.031045808073011e-05,0.00014240065586273998,new
15.5,difference_fixed,400,0.003125,euler,4.0,main,0.5,core,9.743668041001241e-05,0.0007267691905158413,new
15.5,difference_fixed,400,0.003125,euler,4.0,main,0.5,peak,9.743668018644125e-05,0.00019503372975532285,new
15.5,difference_fixed,400,0.0015625,euler,4.0,time_half,0.25,core,9.143361230121161e-05,0.000611719718396575,new
15.5,difference_fixed,400,0.0015625,euler,4.0,time_half,0.25,peak,7.117075855778143e-05,0.00014408061069159928,new
15.5,difference_fixed,400,0.0015625,euler,4.0,time_half,0.5,core,9.970175953230576e-05,0.0007426771514535968,new
15.5,difference_fixed,400,0.0015625,euler,4.0,time_half,0.5,peak,9.896418712321275e-05,0.00019890311597842159,new
16.0,integrable_original,400,0.003125,euler,4.0,main,0.25,core,0.01492526599982336,0.00359406716203009,reused
16.0,integrable_original,400,0.003125,euler,4.0,main,0.25,peak,0.00546008233868478,0.0023306422417501693,reused
16.0,integrable_original,400,0.003125,euler,4.0,main,0.5,core,0.06314310151572078,0.012396484273406339,reused
16.0,integrable_original,400,0.003125,euler,4.0,main,0.5,peak,0.013589025064243893,0.0042583123604054696,reused
16.0,integrable_original,400,0.0015625,euler,4.0,time_half,0.25,core,0.015017791083184516,0.0036035841177176064,reused
16.0,integrable_original,400,0.0015625,euler,4.0,time_half,0.25,peak,0.005456583419620992,0.0023446558195100997,reused
16.0,integrable_original,400,0.0015625,euler,4.0,time_half,0.5,core,0.06354186384121069,0.012444727789821086,reused
16.0,integrable_original,400,0.0015625,euler,4.0,time_half,0.5,peak,0.013583150653917159,0.004292651912767731,reused
16.0,integrable_calibrated,400,0.003125,euler,4.0,main,0.25,core,0.0008769168446085829,0.0023999516182966474,reused
16.0,integrable_calibrated,400,0.003125,euler,4.0,main,0.25,peak,0.0008769185668929536,0.0018872552965008005,reused
16.0,integrable_calibrated,400,0.003125,euler,4.0,main,0.5,core,0.002695334124045221,0.0025924822288895255,reused
16.0,integrable_calibrated,400,0.003125,euler,4.0,main,0.5,peak,0.0006083042411873796,0.0018476491742533407,reused
16.0,integrable_calibrated,400,0.0015625,euler,4.0,time_half,0.25,core,0.0008923211366368422,0.0024005114316996146,reused
16.0,integrable_calibrated,400,0.0015625,euler,4.0,time_half,0.25,peak,0.0008923226937598283,0.0018971552011873838,reused
16.0,integrable_calibrated,400,0.0015625,euler,4.0,time_half,0.5,core,0.0026780816771530777,0.002589238123197779,reused
16.0,integrable_calibrated,400,0.0015625,euler,4.0,time_half,0.5,peak,0.0006420187743555184,0.001867742503606995,reused
16.0,difference_matched,400,0.003125,euler,4.0,main,0.25,core,0.0012183565750616687,0.0023540556512904875,reused
16.0,difference_matched,400,0.003125,euler,4.0,main,0.25,peak,0.001218362199445322,0.0018398102281086404,reused
16.0,difference_matched,400,0.003125,euler,4.0,main,0.5,core,0.002918729220914233,0.0023052040611851177,reused
16.0,difference_matched,400,0.003125,euler,4.0,main,0.5,peak,0.0014752014928424428,0.0017674314569193217,reused
16.0,difference_matched,400,0.0015625,euler,4.0,time_half,0.25,core,0.0012332294225796125,0.0023566054927681712,reused
16.0,difference_matched,400,0.0015625,euler,4.0,time_half,0.25,peak,0.0012332368667654914,0.0018492728634272315,reused
16.0,difference_matched,400,0.0015625,euler,4.0,time_half,0.5,core,0.002973318135827648,0.0023038184550187024,reused
16.0,difference_matched,400,0.0015625,euler,4.0,time_half,0.5,peak,0.0015080667536455927,0.001787269169306105,reused
16.0,difference_rm,400,0.003125,euler,4.0,main,0.25,core,0.0001415397531074128,0.0004054855651082212,reused
16.0,difference_rm,400,0.003125,euler,4.0,main,0.25,peak,9.568405430565585e-05,5.886843231950323e-05,reused
16.0,difference_rm,400,0.003125,euler,4.0,main,0.5,core,0.00023401950880636707,0.0004932459378923504,reused
16.0,difference_rm,400,0.003125,euler,4.0,main,0.5,peak,0.0002091738070290894,8.131248440451655e-05,reused
16.0,difference_rm,400,0.0015625,euler,4.0,time_half,0.25,core,0.00013503910831591266,0.0004096193000465709,reused
16.0,difference_rm,400,0.0015625,euler,4.0,time_half,0.25,peak,8.806435137431734e-05,5.882406541452001e-05,reused
16.0,difference_rm,400,0.0015625,euler,4.0,time_half,0.5,core,0.0002297629757874054,0.0005033440375218357,reused
16.0,difference_rm,400,0.0015625,euler,4.0,time_half,0.5,peak,0.0002024496819934274,8.06774589908743e-05,reused
16.0,difference_fixed,400,0.003125,euler,4.0,main,0.25,core,9.48542333746652e-05,0.0006551138981943927,reused
16.0,difference_fixed,400,0.003125,euler,4.0,main,0.25,peak,7.242400234772073e-05,0.00014499973865605975,reused
16.0,difference_fixed,400,0.003125,euler,4.0,main,0.5,core,0.00010236927606778815,0.0007839570870199486,reused
16.0,difference_fixed,400,0.003125,euler,4.0,main,0.5,peak,0.00010148397528761399,0.00020035682302843583,reused
16.0,difference_fixed,400,0.0015625,euler,4.0,time_half,0.25,core,9.587963367322858e-05,0.0006627574302838779,reused
16.0,difference_fixed,400,0.0015625,euler,4.0,time_half,0.25,peak,7.325495406840243e-05,0.00014660441564950943,reused
16.0,difference_fixed,400,0.0015625,euler,4.0,time_half,0.5,core,0.00010476903356309783,0.0007999421976003784,reused
16.0,difference_fixed,400,0.0015625,euler,4.0,time_half,0.5,peak,0.00010294134914495823,0.00020407154793866678,reused
16.5,integrable_original,400,0.003125,euler,4.0,main,0.25,core,0.014928948576632498,0.003801262912635772,new
16.5,integrable_original,400,0.003125,euler,4.0,main,0.25,peak,0.005388845160633232,0.0024768359916634286,new
16.5,integrable_original,400,0.003125,euler,4.0,main,0.5,core,0.0631438424416685,0.012753446606416086,new
16.5,integrable_original,400,0.003125,euler,4.0,main,0.5,peak,0.013307370638810823,0.003959586564125317,new
16.5,integrable_original,400,0.0015625,euler,4.0,time_half,0.25,core,0.015021395723943513,0.003810649269817723,new
16.5,integrable_original,400,0.0015625,euler,4.0,time_half,0.25,peak,0.005385828144721522,0.0024907842243404588,new
16.5,integrable_original,400,0.0015625,euler,4.0,time_half,0.5,core,0.06354189330461998,0.012803765348353813,new
16.5,integrable_original,400,0.0015625,euler,4.0,time_half,0.5,peak,0.013300432491280378,0.0039946731891647436,new
16.5,integrable_calibrated,400,0.003125,euler,4.0,main,0.25,core,0.0009532016264170717,0.002579374910279597,new
16.5,integrable_calibrated,400,0.003125,euler,4.0,main,0.25,peak,0.0009532018484481042,0.002024963542120395,new
16.5,integrable_calibrated,400,0.003125,euler,4.0,main,0.5,core,0.002791571441600856,0.002780815433817696,new
16.5,integrable_calibrated,400,0.003125,euler,4.0,main,0.5,peak,0.0006751080751016825,0.001859059763812343,new
16.5,integrable_calibrated,400,0.0015625,euler,4.0,time_half,0.25,core,0.0009688454010081948,0.002579187688243223,new
16.5,integrable_calibrated,400,0.0015625,euler,4.0,time_half,0.25,peak,0.0009688456752930674,0.00203472175620506,new
16.5,integrable_calibrated,400,0.0015625,euler,4.0,time_half,0.5,core,0.0027745392971898868,0.002775624127912102,new
16.5,integrable_calibrated,400,0.0015625,euler,4.0,time_half,0.5,peak,0.0007093561604586129,0.0018803743997793942,new
16.5,difference_matched,400,0.003125,euler,4.0,main,0.25,core,0.001312759127749752,0.0025432490179880807,new
16.5,difference_matched,400,0.003125,euler,4.0,main,0.25,peak,0.001312763796709221,0.001974029507451791,new
16.5,difference_matched,400,0.003125,euler,4.0,main,0.5,core,0.003151531213479021,0.002485192626054955,new
16.5,difference_matched,400,0.003125,euler,4.0,main,0.5,peak,0.0015934247417852265,0.0017740108953241962,new
16.5,difference_matched,400,0.0015625,euler,4.0,time_half,0.25,core,0.001327801481084273,0.002545293801465287,new
16.5,difference_matched,400,0.0015625,euler,4.0,time_half,0.25,peak,0.0013278080681274895,0.001983319645310788,new
16.5,difference_matched,400,0.0015625,euler,4.0,time_half,0.5,core,0.0032080758030049485,0.002490974509785693,new
16.5,difference_matched,400,0.0015625,euler,4.0,time_half,0.5,peak,0.0016265271885184396,0.001794080373408946,new
16.5,difference_rm,400,0.003125,euler,4.0,main,0.25,core,0.00015195667328666597,0.00042837092444492075,new
16.5,difference_rm,400,0.003125,euler,4.0,main,0.25,peak,0.00010357228220947423,5.8999850435725865e-05,new
16.5,difference_rm,400,0.003125,euler,4.0,main,0.5,core,0.0002537972609223055,0.0005235154568130618,new
16.5,difference_rm,400,0.003125,euler,4.0,main,0.5,peak,0.00022804389250238866,8.180442311866987e-05,new
16.5,difference_rm,400,0.0015625,euler,4.0,time_half,0.25,core,0.00014528528112624488,0.00043255640123007755,new
16.5,difference_rm,400,0.0015625,euler,4.0,time_half,0.25,peak,9.57893329441295e-05,5.892347278857457e-05,new
16.5,difference_rm,400,0.0015625,euler,4.0,time_half,0.5,core,0.00024935036248431054,0.00053372825528053,new
16.5,difference_rm,400,0.0015625,euler,4.0,time_half,0.5,peak,0.00022112484618524997,8.116196237317741e-05,new
16.5,difference_fixed,400,0.003125,euler,4.0,main,0.25,core,9.984723752968702e-05,0.0007034126607241564,new
16.5,difference_fixed,400,0.003125,euler,4.0,main,0.25,peak,7.448918949570782e-05,0.00014742107524795545,new
16.5,difference_fixed,400,0.003125,euler,4.0,main,0.5,core,0.00010726699205292067,0.0008378807333749849,new
16.5,difference_fixed,400,0.003125,euler,4.0,main,0.5,peak,0.00010549116083705123,0.00020544718503151538,new
16.5,difference_fixed,400,0.0015625,euler,4.0,time_half,0.25,core,0.00010086227183032925,0.0007111115689975023,new
16.5,difference_fixed,400,0.0015625,euler,4.0,time_half,0.25,peak,7.529243776804861e-05,0.00014895430200961846,new
16.5,difference_fixed,400,0.0015625,euler,4.0,time_half,0.5,core,0.00010964932573224312,0.0008541983627622374,new
16.5,difference_fixed,400,0.0015625,euler,4.0,time_half,0.5,peak,0.00010688143788387117,0.00020901507565102007,new
17.0,integrable_original,400,0.003125,euler,4.0,main,0.25,core,0.014932042490933762,0.00400357239357807,new
17.0,integrable_original,400,0.003125,euler,4.0,main,0.25,peak,0.005100824963704009,0.0024711647472325793,new
17.0,integrable_original,400,0.003125,euler,4.0,main,0.5,core,0.06314301362296389,0.01308733613180002,new
17.0,integrable_original,400,0.003125,euler,4.0,main,0.5,peak,0.013131895863206594,0.0038727877729253235,new
17.0,integrable_original,400,0.0015625,euler,4.0,time_half,0.25,core,0.01502441492241288,0.004012843247319153,new
17.0,integrable_original,400,0.0015625,euler,4.0,time_half,0.25,peak,0.00509743858104994,0.0024853594269161894,new
17.0,integrable_original,400,0.0015625,euler,4.0,time_half,0.5,core,0.06354039261677326,0.013140408065164144,new
17.0,integrable_original,400,0.0015625,euler,4.0,time_half,0.5,peak,0.013123903433101963,0.00390490362618906,new
17.0,integrable_calibrated,400,0.003125,euler,4.0,main,0.25,core,0.0010325876147442292,0.0027641771566161988,new
17.0,integrable_calibrated,400,0.003125,euler,4.0,main,0.25,peak,0.001032595600871572,0.002013761386259638,new
17.0,integrable_calibrated,400,0.003125,euler,4.0,main,0.5,core,0.0028873903784216418,0.002984934647630888,new
17.0,integrable_calibrated,400,0.003125,euler,4.0,main,0.5,peak,0.0007451034711214166,0.0019994784887020223,new
17.0,integrable_calibrated,400,0.0015625,euler,4.0,time_half,0.25,core,0.0010484564516033967,0.002767320592069966,new
17.0,integrable_calibrated,400,0.0015625,euler,4.0,time_half,0.25,peak,0.001048464762138046,0.002023744270997052,new
17.0,integrable_calibrated,400,0.0015625,euler,4.0,time_half,0.5,core,0.0028706066425146694,0.002986836507794799,new
17.0,integrable_calibrated,400,0.0015625,euler,4.0,time_half,0.5,peak,0.0007798551967144185,0.002020139267008114,new
17.0,difference_matched,400,0.003125,euler,4.0,main,0.25,core,0.0014101987866960708,0.002739552883129659,new
17.0,difference_matched,400,0.003125,euler,4.0,main,0.25,peak,0.0014102012720869084,0.0019591703676875016,new
17.0,difference_matched,400,0.003125,euler,4.0,main,0.5,core,0.0033928935996920644,0.002682088028609142,new
17.0,difference_matched,400,0.003125,euler,4.0,main,0.5,peak,0.001715157232648451,0.00178036299555695,new
17.0,difference_matched,400,0.0015625,euler,4.0,time_half,0.25,core,0.001425393575812034,0.002741057171417094,new
17.0,difference_matched,400,0.0015625,euler,4.0,time_half,0.25,peak,0.0014253976547797254,0.0019686556156262025,new
17.0,difference_matched,400,0.0015625,euler,4.0,time_half,0.5,core,0.0034514204942388957,0.0026870188083066293,new
17.0,difference_matched,400,0.0015625,euler,4.0,time_half,0.5,peak,0.0017484514454281785,0.0017997270238305774,new
17.0,difference_rm,400,0.003125,euler,4.0,main,0.25,core,0.00016273709155880355,0.0004510731885649655,new
17.0,difference_rm,400,0.003125,euler,4.0,main,0.25,peak,0.00011175005250441128,5.9075904579986016e-05,new
17.0,difference_rm,400,0.003125,euler,4.0,main,0.5,core,0.00027419550185861334,0.0005541245512440396,new
17.0,difference_rm,400,0.003125,euler,4.0,main,0.5,peak,0.00024750985672708503,8.23930707027909e-05,new
17.0,difference_rm,400,0.0015625,euler,4.0,time_half,0.25,core,0.00015592592928867976,0.00045531205682136644,new
17.0,difference_rm,400,0.0015625,euler,4.0,time_half,0.25,peak,0.0001038045637613838,5.8970649699341404e-05,new
17.0,difference_rm,400,0.0015625,euler,4.0,time_half,0.5,core,0.00026960303821326956,0.0005645353680444609,new
17.0,difference_rm,400,0.0015625,euler,4.0,time_half,0.5,peak,0.00024040351604179278,8.168453787349428e-05,new
17.0,difference_fixed,400,0.003125,euler,4.0,main,0.25,core,0.00010474882434845928,0.0007482766265358709,new
17.0,difference_fixed,400,0.003125,euler,4.0,main,0.25,peak,7.650911018955431e-05,0.00014967362624879188,new
17.0,difference_fixed,400,0.003125,euler,4.0,main,0.5,core,0.00011232217395428651,0.0009060942116554394,new
17.0,difference_fixed,400,0.003125,euler,4.0,main,0.5,peak,0.00010945922738292424,0.00021031177618480168,new
17.0,difference_fixed,400,0.0015625,euler,4.0,time_half,0.25,core,0.00010575182343768377,0.0007559769115695891,new
17.0,difference_fixed,400,0.0015625,euler,4.0,time_half,0.25,peak,7.728622239758232e-05,0.00015113947123307492,new
17.0,difference_fixed,400,0.0015625,euler,4.0,time_half,0.5,core,0.0001146586033278843,0.0009226025433430873,new
17.0,difference_fixed,400,0.0015625,euler,4.0,time_half,0.5,peak,0.00011078529885524824,0.00021374016463809875,new
17.5,integrable_original,400,0.003125,euler,4.0,main,0.25,core,0.014934736366681616,0.004213762155840406,new
17.5,integrable_original,400,0.003125,euler,4.0,main,0.25,peak,0.005098822612535053,0.002303985087884125,new
17.5,integrable_original,400,0.003125,euler,4.0,main,0.5,core,0.06314112928651637,0.013450367053936207,new
17.5,integrable_original,400,0.003125,euler,4.0,main,0.5,peak,0.013113001831678794,0.004061532558308989,new
17.5,integrable_original,400,0.0015625,euler,4.0,time_half,0.25,core,0.01502703825734585,0.0042240152748374005,new
17.5,integrable_original,400,0.0015625,euler,4.0,time_half,0.25,peak,0.005091697008025475,0.0023179564041692358,new
17.5,integrable_original,400,0.0015625,euler,4.0,time_half,0.5,core,0.06353787502431522,0.013500604897249024,new
17.5,integrable_original,400,0.0015625,euler,4.0,time_half,0.5,peak,0.013099324802845008,0.00409319517359788,new
17.5,integrable_calibrated,400,0.003125,euler,4.0,main,0.25,core,0.0011150899162851169,0.002978240078481853,new
17.5,integrable_calibrated,400,0.003125,euler,4.0,main,0.25,peak,0.0011150900552459875,0.0020862791635909983,new
17.5,integrable_calibrated,400,0.003125,euler,4.0,main,0.5,core,0.0029828168343855937,0.003214294381253424,new
17.5,integrable_calibrated,400,0.003125,euler,4.0,main,0.5,peak,0.0008182885449272426,0.0021480970227225893,new
17.5,integrable_calibrated,400,0.0015625,euler,4.0,time_half,0.25,core,0.0011311708415436827,0.002980754139226216,new
17.5,integrable_calibrated,400,0.0015625,euler,4.0,time_half,0.25,peak,0.0011311709625651811,0.002096626435292681,new
17.5,integrable_calibrated,400,0.0015625,euler,4.0,time_half,0.5,core,0.0029663072592272027,0.003214575311320078,new
17.5,integrable_calibrated,400,0.0015625,euler,4.0,time_half,0.5,peak,0.0008535157945734895,0.00216809764495135,new
17.5,difference_matched,400,0.003125,euler,4.0,main,0.25,core,0.0015105945149654354,0.0029425422530909295,new
17.5,difference_matched,400,0.003125,euler,4.0,main,0.25,peak,0.0015105949412917152,0.002066400549713854,new
17.5,difference_matched,400,0.003125,euler,4.0,main,0.5,core,0.0036427522524378644,0.0028870599013536835,new
17.5,difference_matched,400,0.003125,euler,4.0,main,0.5,peak,0.0018402235113111898,0.0019137650455929855,new
17.5,difference_matched,400,0.0015625,euler,4.0,time_half,0.25,core,0.0015259257115017022,0.002943504500196592,new
17.5,difference_matched,400,0.0015625,euler,4.0,time_half,0.25,peak,0.0015259270016837467,0.0020766227777117563,new
17.5,difference_matched,400,0.0015625,euler,4.0,time_half,0.5,core,0.0037032890891584747,0.0028911561505165495,new
17.5,difference_matched,400,0.0015625,euler,4.0,time_half,0.5,peak,0.0018736667632496817,0.0019323802157492076,new
17.5,difference_rm,400,0.003125,euler,4.0,main,0.25,core,0.00017383735463863577,0.00047412786381628713,new
17.5,difference_rm,400,0.003125,euler,4.0,main,0.25,peak,0.00012007991137710783,5.9102454905313184e-05,new
17.5,difference_rm,400,0.003125,euler,4.0,main,0.5,core,0.00029536683709925973,0.0005848444613716364,new
17.5,difference_rm,400,0.003125,euler,4.0,main,0.5,peak,0.000267584237712698,8.290267429877929e-05,new
17.5,difference_rm,400,0.0015625,euler,4.0,time_half,0.25,core,0.0001668791318708146,0.0004781249179042213,new
17.5,difference_rm,400,0.0015625,euler,4.0,time_half,0.25,peak,0.00011199711302983806,5.8971193134083055e-05,new
17.5,difference_rm,400,0.0015625,euler,4.0,time_half,0.5,core,0.0002905989509053063,0.0005954573906503668,new
17.5,difference_rm,400,0.0015625,euler,4.0,time_half,0.5,peak,0.00026033467974831415,8.21350593734893e-05,new
17.5,difference_fixed,400,0.003125,euler,4.0,main,0.25,core,0.00010954167844704973,0.0008037836062438908,new
17.5,difference_fixed,400,0.003125,euler,4.0,main,0.25,peak,7.848592635326113e-05,0.00015176624262575045,new
17.5,difference_fixed,400,0.003125,euler,4.0,main,0.5,core,0.00011779590839143886,0.0009704289830184676,new
17.5,difference_fixed,400,0.003125,euler,4.0,main,0.5,peak,0.00011338906971389284,0.0002149572134633737,new
17.5,difference_fixed,400,0.0015625,euler,4.0,time_half,0.25,core,0.00011053110846966432,0.0008116794970758345,new
17.5,difference_fixed,400,0.0015625,euler,4.0,time_half,0.25,peak,7.923838679513295e-05,0.00015316850288021877,new
17.5,difference_fixed,400,0.0015625,euler,4.0,time_half,0.5,core,0.00012012437389406078,0.000987010443694536,new
17.5,difference_fixed,400,0.0015625,euler,4.0,time_half,0.5,peak,0.00011465369011029458,0.00021825294252542093,new
18.0,integrable_original,400,0.003125,euler,4.0,main,0.25,core,0.014937107757090689,0.004465698420670683,reused
18.0,integrable_original,400,0.003125,euler,4.0,main,0.25,peak,0.00513927196552863,0.0024369889964447056,reused
18.0,integrable_original,400,0.003125,euler,4.0,main,0.5,core,0.06313861448797298,0.013823553126870114,reused
18.0,integrable_original,400,0.003125,euler,4.0,main,0.5,peak,0.01323170392573772,0.004261905113509268,reused
18.0,integrable_original,400,0.0015625,euler,4.0,time_half,0.25,core,0.015029343655582358,0.004475848499036927,reused
18.0,integrable_original,400,0.0015625,euler,4.0,time_half,0.25,peak,0.0051323326453783236,0.002450736548966631,reused
18.0,integrable_original,400,0.0015625,euler,4.0,time_half,0.5,core,0.0635347644888509,0.013875859199638962,reused
18.0,integrable_original,400,0.0015625,euler,4.0,time_half,0.5,peak,0.013218711528784621,0.0042931282779489766,reused
18.0,integrable_calibrated,400,0.003125,euler,4.0,main,0.25,core,0.0012006661146880815,0.0031994701676462123,reused
18.0,integrable_calibrated,400,0.003125,euler,4.0,main,0.25,peak,0.0012006747177088495,0.0022156006924611282,reused
18.0,integrable_calibrated,400,0.003125,euler,4.0,main,0.5,core,0.003077850270979669,0.003448904685727505,reused
18.0,integrable_calibrated,400,0.003125,euler,4.0,main,0.5,peak,0.0008946611104404534,0.002305297070859663,reused
18.0,integrable_calibrated,400,0.0015625,euler,4.0,time_half,0.25,core,0.001216945787310575,0.003201378130779975,reused
18.0,integrable_calibrated,400,0.0015625,euler,4.0,time_half,0.25,peak,0.001216954594914721,0.002225732301902539,reused
18.0,integrable_calibrated,400,0.0015625,euler,4.0,time_half,0.5,core,0.003061638182455156,0.0034475874810064866,reused
18.0,integrable_calibrated,400,0.0015625,euler,4.0,time_half,0.5,peak,0.0009303374548841337,0.0023246328248163195,reused
18.0,difference_matched,400,0.003125,euler,4.0,main,0.25,core,0.0016138621907642314,0.0031517920501986096,reused
18.0,difference_matched,400,0.003125,euler,4.0,main,0.25,peak,0.0016138624073030183,0.002195320098627329,reused
18.0,difference_matched,400,0.003125,euler,4.0,main,0.5,core,0.003901076012808496,0.003099965210631328,reused
18.0,difference_matched,400,0.003125,euler,4.0,main,0.5,peak,0.001968443160830391,0.002054699659529785,reused
18.0,difference_matched,400,0.0015625,euler,4.0,time_half,0.25,core,0.0016293147327585966,0.0031522123850407646,reused
18.0,difference_matched,400,0.0015625,euler,4.0,time_half,0.25,peak,0.0016293145925434516,0.0022053251861598455,reused
18.0,difference_matched,400,0.0015625,euler,4.0,time_half,0.5,core,0.003963652746527479,0.003103239516789258,reused
18.0,difference_matched,400,0.0015625,euler,4.0,time_half,0.5,peak,0.0020019959327391146,0.0020725548397517723,reused
18.0,difference_rm,400,0.003125,euler,4.0,main,0.25,core,0.00018515913440841783,0.0004994402288429622,reused
18.0,difference_rm,400,0.003125,euler,4.0,main,0.25,peak,0.0001286597433260428,5.879158142402252e-05,reused
18.0,difference_rm,400,0.003125,euler,4.0,main,0.5,core,0.00031711825978011574,0.0006157281235485978,reused
18.0,difference_rm,400,0.003125,euler,4.0,main,0.5,peak,0.00028833503196970534,8.333990296849336e-05,reused
18.0,difference_rm,400,0.0015625,euler,4.0,time_half,0.25,core,0.00017806448943307298,0.0005034937034096298,reused
18.0,difference_rm,400,0.0015625,euler,4.0,time_half,0.25,peak,0.00012046496547518659,5.863669624922574e-05,reused
18.0,difference_rm,400,0.0015625,euler,4.0,time_half,0.5,core,0.0003121722540465116,0.000626550404397741,reused
18.0,difference_rm,400,0.0015625,euler,4.0,time_half,0.5,peak,0.00028087491676861975,8.251959077970605e-05,reused
18.0,difference_fixed,400,0.003125,euler,4.0,main,0.25,core,0.00011420872826411674,0.000859935506261178,reused
18.0,difference_fixed,400,0.003125,euler,4.0,main,0.25,peak,8.042194643356759e-05,0.00015370830027305882,reused
18.0,difference_fixed,400,0.003125,euler,4.0,main,0.5,core,0.00012314259822057694,0.0010298269177710928,reused
18.0,difference_fixed,400,0.003125,euler,4.0,main,0.5,peak,0.00011728163644719736,0.00021939122892483676,reused
18.0,difference_fixed,400,0.0015625,euler,4.0,time_half,0.25,core,0.00011518317678059845,0.00086790370237666,reused
18.0,difference_fixed,400,0.0015625,euler,4.0,time_half,0.25,peak,8.115116033127756e-05,0.0001550502795508446,reused
18.0,difference_fixed,400,0.0015625,euler,4.0,time_half,0.5,core,0.00012545997961412036,0.001046368173863499,reused
18.0,difference_fixed,400,0.0015625,euler,4.0,time_half,0.5,peak,0.00011848742578626781,0.00022256024883310355,reused
18.5,integrable_original,400,0.003125,euler,4.0,main,0.25,core,0.01493924841587655,0.004717982400236687,new
18.5,integrable_original,400,0.003125,euler,4.0,main,0.25,peak,0.00517993009018336,0.002576437127566805,new
18.5,integrable_original,400,0.003125,euler,4.0,main,0.5,core,0.06313582054830376,0.01414014903588956,new
18.5,integrable_original,400,0.003125,euler,4.0,main,0.5,peak,0.013350278545950334,0.004474346354860992,new
18.5,integrable_original,400,0.0015625,euler,4.0,time_half,0.25,core,0.015031422133812313,0.004728049001918755,new
18.5,integrable_original,400,0.0015625,euler,4.0,time_half,0.25,peak,0.005172152693001197,0.002589963572356191,new
18.5,integrable_original,400,0.0015625,euler,4.0,time_half,0.5,core,0.06353141116455872,0.01419452850566183,new
18.5,integrable_original,400,0.0015625,euler,4.0,time_half,0.5,peak,0.013337397656219357,0.004505145283750039,new
18.5,integrable_calibrated,400,0.003125,euler,4.0,main,0.25,core,0.0012893384512444317,0.0034271291015664507,new
18.5,integrable_calibrated,400,0.003125,euler,4.0,main,0.25,peak,0.0012893387133278145,0.0023495745937273937,new
18.5,integrable_calibrated,400,0.003125,euler,4.0,main,0.5,core,0.0031725080702100154,0.0036873965134037734,new
18.5,integrable_calibrated,400,0.003125,euler,4.0,main,0.5,peak,0.0009742190122717376,0.0024714558173636048,new
18.5,integrable_calibrated,400,0.0015625,euler,4.0,time_half,0.25,core,0.001305805287404982,0.0034284222395062347,new
18.5,integrable_calibrated,400,0.0015625,euler,4.0,time_half,0.25,peak,0.0013058055782726175,0.002359489879316168,new
18.5,integrable_calibrated,400,0.0015625,euler,4.0,time_half,0.5,core,0.003156614805921932,0.0036845163135262315,new
18.5,integrable_calibrated,400,0.0015625,euler,4.0,time_half,0.5,peak,0.001010319537898069,0.002490123435362951,new
18.5,difference_matched,400,0.003125,euler,4.0,main,0.25,core,0.0017199150257319884,0.003366810387689545,new
18.5,difference_matched,400,0.003125,euler,4.0,main,0.25,peak,0.0017199184604420048,0.0023289070152661406,new
18.5,difference_matched,400,0.003125,euler,4.0,main,0.5,core,0.004167836836775688,0.0033207942758511355,new
18.5,difference_matched,400,0.003125,euler,4.0,main,0.5,peak,0.0020996325907729485,0.0022034595516502997,new
18.5,difference_matched,400,0.0015625,euler,4.0,time_half,0.25,core,0.001735474749098992,0.0033666907759280496,new
18.5,difference_matched,400,0.0015625,euler,4.0,time_half,0.25,peak,0.0017354765616316714,0.002338694351756515,new
18.5,difference_matched,400,0.0015625,euler,4.0,time_half,0.5,core,0.00423248534876507,0.0033232127594979843,new
18.5,difference_matched,400,0.0015625,euler,4.0,time_half,0.5,peak,0.002133258197015264,0.0022205452483310406,new
18.5,difference_rm,400,0.003125,euler,4.0,main,0.25,core,0.00019668777954299707,0.0005247535897213718,new
18.5,difference_rm,400,0.003125,euler,4.0,main,0.25,peak,0.00013744052751826774,5.7020916122418885e-05,new
18.5,difference_rm,400,0.003125,euler,4.0,main,0.5,core,0.0003394146905715467,0.0006464681038675923,new
18.5,difference_rm,400,0.003125,euler,4.0,main,0.5,peak,0.00030946731721159804,8.371143588095653e-05,new
18.5,difference_rm,400,0.0015625,euler,4.0,time_half,0.25,core,0.00018946598505218803,0.0005288629592433702,new
18.5,difference_rm,400,0.0015625,euler,4.0,time_half,0.25,peak,0.00012913163464528532,5.684468506200746e-05,new
18.5,difference_rm,400,0.0015625,euler,4.0,time_half,0.5,core,0.0003342939652650565,0.0006575042732769321,new
18.5,difference_rm,400,0.0015625,euler,4.0,time_half,0.5,peak,0.00030187889519603384,8.28442178042732e-05,new
18.5,difference_fixed,400,0.003125,euler,4.0,main,0.25,core,0.00011873322182342702,0.0009126979284912462,new
18.5,difference_fixed,400,0.003125,euler,4.0,main,0.25,peak,8.23193353400864e-05,0.00015550746620088263,new
18.5,difference_fixed,400,0.003125,euler,4.0,main,0.5,core,0.00012834194641041588,0.0011004036210298107,new
18.5,difference_fixed,400,0.003125,euler,4.0,main,0.5,peak,0.0001211378407421082,0.00022138438075053335,new
18.5,difference_fixed,400,0.0015625,euler,4.0,time_half,0.25,core,0.00011969138636051466,0.0009206905662664244,new
18.5,difference_fixed,400,0.0015625,euler,4.0,time_half,0.25,peak,8.302661166537106e-05,0.00015679247308481026,new
18.5,difference_fixed,400,0.0015625,euler,4.0,time_half,0.5,core,0.000130645344777712,0.0011174227277062077,new
18.5,difference_fixed,400,0.0015625,euler,4.0,time_half,0.5,peak,0.00012228728172061776,0.00022440955376659688,new
19.0,integrable_original,400,0.003125,euler,4.0,main,0.25,core,0.01494124135269775,0.004968640262522195,new
19.0,integrable_original,400,0.003125,euler,4.0,main,0.25,peak,0.0052193136972304155,0.002722579200542502,new
19.0,integrable_original,400,0.003125,euler,4.0,main,0.5,core,0.06313303762315171,0.014490490352443541,new
19.0,integrable_original,400,0.003125,euler,4.0,main,0.5,peak,0.013467875262667739,0.004699301349944202,new
19.0,integrable_original,400,0.0015625,euler,4.0,time_half,0.25,core,0.015033356801521647,0.004978670484660608,new
19.0,integrable_original,400,0.0015625,euler,4.0,time_half,0.25,peak,0.0052128427257888965,0.002735887734498871,new
19.0,integrable_original,400,0.0015625,euler,4.0,time_half,0.5,core,0.06352810399861417,0.01454197907413779,new
19.0,integrable_original,400,0.0015625,euler,4.0,time_half,0.5,peak,0.013455800982779181,0.0047296924919904,new
19.0,integrable_calibrated,400,0.003125,euler,4.0,main,0.25,core,0.0013810683622896003,0.0036603722890974355,new
19.0,integrable_calibrated,400,0.003125,euler,4.0,main,0.25,peak,0.0013810707144486234,0.0024883201715292236,new
19.0,integrable_calibrated,400,0.003125,euler,4.0,main,0.5,core,0.003266806450297448,0.003928280216655089,new
19.0,integrable_calibrated,400,0.003125,euler,4.0,main,0.5,peak,0.0010569596954994598,0.0026469452892936562,new
19.0,integrable_calibrated,400,0.0015625,euler,4.0,time_half,0.25,core,0.0013977109161054102,0.0036610423404984105,new
19.0,integrable_calibrated,400,0.0015625,euler,4.0,time_half,0.25,peak,0.0013977131978044066,0.0024980196240808328,new
19.0,integrable_calibrated,400,0.0015625,euler,4.0,time_half,0.5,core,0.0032512515540400245,0.0039237703157709025,new
19.0,integrable_calibrated,400,0.0015625,euler,4.0,time_half,0.5,peak,0.0010934608703657422,0.0026649420023605874,new
19.0,difference_matched,400,0.003125,euler,4.0,main,0.25,core,0.0018286676624613418,0.0035870275414907615,new
19.0,difference_matched,400,0.003125,euler,4.0,main,0.25,peak,0.00182867560799313,0.0024672804053743336,new
19.0,difference_matched,400,0.003125,euler,4.0,main,0.5,core,0.004443007628917185,0.003549290704686736,new
19.0,difference_matched,400,0.003125,euler,4.0,main,0.5,peak,0.0022336055410087097,0.0023603273218811838,new
19.0,difference_matched,400,0.0015625,euler,4.0,time_half,0.25,core,0.0018443175002474943,0.003586371973214708,new
19.0,difference_matched,400,0.0015625,euler,4.0,time_half,0.25,peak,0.001844325954941467,0.0024768506293758874,new
19.0,difference_matched,400,0.0015625,euler,4.0,time_half,0.5,core,0.0045097615308453175,0.003550869466470541,new
19.0,difference_matched,400,0.0015625,euler,4.0,time_half,0.5,peak,0.0022672699465487445,0.0023766340949866183,new
19.0,difference_rm,400,0.003125,euler,4.0,main,0.25,core,0.00020840123724916388,0.0005499919125334651,new
19.0,difference_rm,400,0.003125,euler,4.0,main,0.25,peak,0.00014639275114783357,5.626388574400676e-05,new
19.0,difference_rm,400,0.003125,euler,4.0,main,0.5,core,0.0003622450061248339,0.0006769542606460677,new
19.0,difference_rm,400,0.003125,euler,4.0,main,0.5,peak,0.00033129628530043087,8.402260181375465e-05,new
19.0,difference_rm,400,0.0015625,euler,4.0,time_half,0.25,core,0.0002010774934144829,0.0005541593797748767,new
19.0,difference_rm,400,0.0015625,euler,4.0,time_half,0.25,peak,0.00013796607425059504,5.609111921600629e-05,new
19.0,difference_rm,400,0.0015625,euler,4.0,time_half,0.5,core,0.00035695148276572095,0.0006882084721548942,new
19.0,difference_rm,400,0.0015625,euler,4.0,time_half,0.5,peak,0.0003235073768471375,8.311376511166424e-05,new
19.0,difference_fixed,400,0.003125,euler,4.0,main,0.25,core,0.00012335601549096423,0.0009613422488996548,new
19.0,difference_fixed,400,0.003125,euler,4.0,main,0.25,peak,8.419407634321918e-05,0.00015717170543266823,new
19.0,difference_fixed,400,0.003125,euler,4.0,main,0.5,core,0.00013337395451869238,0.001176046121537877,new
19.0,difference_fixed,400,0.003125,euler,4.0,main,0.5,peak,0.00012497809171629903,0.00021736948299572179,new
19.0,difference_fixed,400,0.0015625,euler,4.0,time_half,0.25,core,0.00012428700951155197,0.0009693132000624383,new
19.0,difference_fixed,400,0.0015625,euler,4.0,time_half,0.25,peak,8.487983762914264e-05,0.0001584028218136746,new
19.0,difference_fixed,400,0.0015625,euler,4.0,time_half,0.5,core,0.0001356606716509355,0.0011931975445024223,new
19.0,difference_fixed,400,0.0015625,euler,4.0,time_half,0.5,peak,0.00012607060551730886,0.0002202540827788424,new
19.5,integrable_original,400,0.003125,euler,4.0,main,0.25,core,0.01494315589148991,0.005215830609739014,new
19.5,integrable_original,400,0.003125,euler,4.0,main,0.25,peak,0.005259624294117332,0.0028756656972974415,new
19.5,integrable_original,400,0.003125,euler,4.0,main,0.5,core,0.06313050498275423,0.01491415749295133,new
19.5,integrable_original,400,0.003125,euler,4.0,main,0.5,peak,0.013391446757199527,0.0048733147846346525,new
19.5,integrable_original,400,0.0015625,euler,4.0,time_half,0.25,core,0.015035217038581189,0.005225839201413063,new
19.5,integrable_original,400,0.0015625,euler,4.0,time_half,0.25,peak,0.005252398595396418,0.0028887598145707905,new
19.5,integrable_original,400,0.0015625,euler,4.0,time_half,0.5,core,0.06352508103455451,0.014967812222194565,new
19.5,integrable_original,400,0.0015625,euler,4.0,time_half,0.5,peak,0.013381900775180866,0.004903936574852413,new
19.5,integrable_calibrated,400,0.003125,euler,4.0,main,0.25,core,0.0014758493360397251,0.0038982437290276395,new
19.5,integrable_calibrated,400,0.003125,euler,4.0,main,0.25,peak,0.0014758589876124883,0.002631958149823338,new
19.5,integrable_calibrated,400,0.003125,euler,4.0,main,0.5,core,0.0033607605440067662,0.004169869072134069,new
19.5,integrable_calibrated,400,0.003125,euler,4.0,main,0.5,peak,0.0011428807992545087,0.0027899429857542457,new
19.5,integrable_calibrated,400,0.0015625,euler,4.0,time_half,0.25,core,0.0014926566368201055,0.00389832648321653,new
19.5,integrable_calibrated,400,0.0015625,euler,4.0,time_half,0.25,peak,0.0014926663727753697,0.002641442436439295,new
19.5,integrable_calibrated,400,0.0015625,euler,4.0,time_half,0.5,core,0.0033455619390024,0.004163737866110462,new
19.5,integrable_calibrated,400,0.0015625,euler,4.0,time_half,0.5,peak,0.0011797604446800447,0.0028079540838034933,new
19.5,difference_matched,400,0.003125,euler,4.0,main,0.25,core,0.001940983121091977,0.0038118174289624718,new
19.5,difference_matched,400,0.003125,euler,4.0,main,0.25,peak,0.0019409832281337136,0.0026105608670469183,new
19.5,difference_matched,400,0.003125,euler,4.0,main,0.5,core,0.004726562123663896,0.003785346098426179,new
19.5,difference_matched,400,0.003125,euler,4.0,main,0.5,peak,0.002370174110453177,0.002484527378140866,new
19.5,difference_matched,400,0.0015625,euler,4.0,time_half,0.25,core,0.0019577182037519847,0.0038105929619162704,new
19.5,difference_matched,400,0.0015625,euler,4.0,time_half,0.25,peak,0.00195771829943836,0.0026199148153794594,new
19.5,difference_matched,400,0.0015625,euler,4.0,time_half,0.5,core,0.004795456582535327,0.003786030324618883,new
19.5,difference_matched,400,0.0015625,euler,4.0,time_half,0.5,peak,0.0024038453603361376,0.0025007445572402254,new
19.5,difference_rm,400,0.003125,euler,4.0,main,0.25,core,0.00022056171505792583,0.0005749245274226933,new
19.5,difference_rm,400,0.003125,euler,4.0,main,0.25,peak,0.00015560201785064232,5.6103342782359844e-05,new
19.5,difference_rm,400,0.003125,euler,4.0,main,0.5,core,0.00038557724256379003,0.000707024360660502,new
19.5,difference_rm,400,0.003125,euler,4.0,main,0.5,peak,0.0003536114422923453,8.427872426153282e-05,new
19.5,difference_rm,400,0.0015625,euler,4.0,time_half,0.25,core,0.00021313639349576858,0.0005791507620901415,new
19.5,difference_rm,400,0.0015625,euler,4.0,time_half,0.25,peak,0.00014708092788454086,5.591443233768367e-05,new
19.5,difference_rm,400,0.0015625,euler,4.0,time_half,0.5,core,0.0003801141072989128,0.0007185004673182505,new
19.5,difference_rm,400,0.0015625,euler,4.0,time_half,0.5,peak,0.00034568194949563535,8.333307563793135e-05,new
19.5,difference_fixed,400,0.003125,euler,4.0,main,0.25,core,0.00012849453570287425,0.0010258530514005715,new
19.5,difference_fixed,400,0.003125,euler,4.0,main,0.25,peak,8.603440299648213e-05,0.0001587084619447121,new
19.5,difference_fixed,400,0.003125,euler,4.0,main,0.5,core,0.00013821900875545662,0.0012469781463552154,new
19.5,difference_fixed,400,0.003125,euler,4.0,main,0.5,peak,0.00012879145529212654,0.0002081334445074856,new
19.5,difference_fixed,400,0.0015625,euler,4.0,time_half,0.25,core,0.00012941437621432142,0.0010340234574928164,new
19.5,difference_fixed,400,0.0015625,euler,4.0,time_half,0.25,peak,8.670079969447242e-05,0.00015988855830070814,new
19.5,difference_fixed,400,0.0015625,euler,4.0,time_half,0.5,core,0.00014048653033998937,0.0012641605733497707,new
19.5,difference_fixed,400,0.0015625,euler,4.0,time_half,0.5,peak,0.00012983253845291753,0.00021088533303567636,new
20.0,integrable_original,400,0.003125,euler,4.0,main,0.25,core,0.014945049898752984,0.005457261214599107,reused
20.0,integrable_original,400,0.003125,euler,4.0,main,0.25,peak,0.005299103895601703,0.0030359473063898412,reused
20.0,integrable_original,400,0.003125,euler,4.0,main,0.5,core,0.06312841945353667,0.015288406053338033,reused
20.0,integrable_original,400,0.003125,euler,4.0,main,0.5,peak,0.012995478075343264,0.004877730553632109,reused
20.0,integrable_original,400,0.0015625,euler,4.0,time_half,0.25,core,0.015037060732579334,0.005467302250954764,reused
20.0,integrable_original,400,0.0015625,euler,4.0,time_half,0.25,peak,0.0052923357844323615,0.00304883097808456,reused
20.0,integrable_original,400,0.0015625,euler,4.0,time_half,0.5,core,0.06352253787144305,0.01534425121152716,reused
20.0,integrable_original,400,0.0015625,euler,4.0,time_half,0.5,peak,0.012985183997685168,0.004908787143478421,reused
20.0,integrable_calibrated,400,0.003125,euler,4.0,main,0.25,core,0.0015736882783377037,0.004139742972904925,reused
20.0,integrable_calibrated,400,0.003125,euler,4.0,main,0.25,peak,0.0015736912800955183,0.002780609994579214,reused
20.0,integrable_calibrated,400,0.003125,euler,4.0,main,0.5,core,0.003454384473470074,0.004410270704713393,reused
20.0,integrable_calibrated,400,0.003125,euler,4.0,main,0.5,peak,0.0012319789745879606,0.002768360587097146,reused
20.0,integrable_calibrated,400,0.0015625,euler,4.0,time_half,0.25,core,0.001590650364885371,0.004139190839928697,reused
20.0,integrable_calibrated,400,0.0015625,euler,4.0,time_half,0.25,peak,0.0015906533781633037,0.0027898797303794187,reused
20.0,integrable_calibrated,400,0.0015625,euler,4.0,time_half,0.5,core,0.003439558616838682,0.004402451876729052,reused
20.0,integrable_calibrated,400,0.0015625,euler,4.0,time_half,0.5,peak,0.0012692160158709886,0.002786778293729586,reused
20.0,difference_matched,400,0.003125,euler,4.0,main,0.25,core,0.0020625640795040867,0.004040561002347565,reused
20.0,difference_matched,400,0.003125,euler,4.0,main,0.25,peak,0.002062564525749294,0.002758869894662258,reused
20.0,difference_matched,400,0.003125,euler,4.0,main,0.5,core,0.005018474779477036,0.0040286422891852025,reused
20.0,difference_matched,400,0.003125,euler,4.0,main,0.5,peak,0.002509149285026241,0.0024435643781675065,reused
20.0,difference_matched,400,0.0015625,euler,4.0,time_half,0.25,core,0.0020794475397537537,0.004038806263715722,reused
20.0,difference_matched,400,0.0015625,euler,4.0,time_half,0.25,peak,0.0020794479482458827,0.0027680081725513506,reused
20.0,difference_matched,400,0.0015625,euler,4.0,time_half,0.5,core,0.005089546361162022,0.004028504753659956,reused
20.0,difference_matched,400,0.0015625,euler,4.0,time_half,0.5,peak,0.0025427983664758347,0.0024600976898744298,reused
20.0,difference_rm,400,0.003125,euler,4.0,main,0.25,core,0.00023291251092111232,0.000599409404936746,reused
20.0,difference_rm,400,0.003125,euler,4.0,main,0.25,peak,0.00016492996458578046,5.591673150959209e-05,reused
20.0,difference_rm,400,0.003125,euler,4.0,main,0.5,core,0.0004094620467639371,0.0007385964672795842,reused
20.0,difference_rm,400,0.003125,euler,4.0,main,0.5,peak,0.00037636871654478377,8.44844330009642e-05,reused
20.0,difference_rm,400,0.0015625,euler,4.0,time_half,0.25,core,0.00022538613598482513,0.0006036949345039622,reused
20.0,difference_rm,400,0.0015625,euler,4.0,time_half,0.25,peak,0.0001563234836488292,5.571338930374092e-05,reused
20.0,difference_rm,400,0.0015625,euler,4.0,time_half,0.5,core,0.0004038947195151711,0.0007490595341428374,reused
20.0,difference_rm,400,0.0015625,euler,4.0,time_half,0.5,peak,0.00036831426541242274,8.350634849529914e-05,reused
20.0,difference_fixed,400,0.003125,euler,4.0,main,0.25,core,0.00013355177148180117,0.0010907106309858694,reused
20.0,difference_fixed,400,0.003125,euler,4.0,main,0.25,peak,8.784197612432543e-05,0.000160124335929962,reused
20.0,difference_fixed,400,0.003125,euler,4.0,main,0.5,core,0.000143419232116717,0.0013122305823122238,reused
20.0,difference_fixed,400,0.003125,euler,4.0,main,0.5,peak,0.00013257255548021485,0.0002084028284121131,reused
20.0,difference_fixed,400,0.0015625,euler,4.0,time_half,0.25,core,0.0001344595984051275,0.001098955339240426,reused
20.0,difference_fixed,400,0.0015625,euler,4.0,time_half,0.25,peak,8.849010983916217e-05,0.0001612562930502215,reused
20.0,difference_fixed,400,0.0015625,euler,4.0,time_half,0.5,core,0.000145635452902821,0.0013293468048267698,reused
20.0,difference_fixed,400,0.0015625,euler,4.0,time_half,0.5,peak,0.0001335642902213774,0.00021082412059983402,reused
20.5,integrable_original,400,0.003125,euler,4.0,main,0.25,core,0.014946971623113512,0.005690709877354427,new
20.5,integrable_original,400,0.003125,euler,4.0,main,0.25,peak,0.005338111354145275,0.0032036757141096772,new
20.5,integrable_original,400,0.003125,euler,4.0,main,0.5,core,0.06312740323683873,0.015609620979640582,new
20.5,integrable_original,400,0.003125,euler,4.0,main,0.5,peak,0.012676063610589372,0.0047045314934318905,new
20.5,integrable_original,400,0.0015625,euler,4.0,time_half,0.25,core,0.015038936125653378,0.0057008147069774195,new
20.5,integrable_original,400,0.0015625,euler,4.0,time_half,0.25,peak,0.005332103776804126,0.0032163522962403157,new
20.5,integrable_original,400,0.0015625,euler,4.0,time_half,0.5,core,0.06352105655602808,0.01566764243747687,new
20.5,integrable_original,400,0.0015625,euler,4.0,time_half,0.5,peak,0.01266501446593049,0.0047361145476203514,new
20.5,integrable_calibrated,400,0.003125,euler,4.0,main,0.25,core,0.0016745546023279323,0.004383537552918426,new
20.5,integrable_calibrated,400,0.003125,euler,4.0,main,0.25,peak,0.0016745549727669728,0.0029339902965148656,new
20.5,integrable_calibrated,400,0.003125,euler,4.0,main,0.5,core,0.0035476914214943255,0.004647477138982059,new
20.5,integrable_calibrated,400,0.003125,euler,4.0,main,0.5,peak,0.001324250981465519,0.002644688493853936,new
20.5,integrable_calibrated,400,0.0015625,euler,4.0,time_half,0.25,core,0.0016916617932099809,0.004382345203761184,new
20.5,integrable_calibrated,400,0.0015625,euler,4.0,time_half,0.25,peak,0.0016916621608667193,0.0029430771922720478,new
20.5,integrable_calibrated,400,0.0015625,euler,4.0,time_half,0.5,core,0.0035332534421712645,0.004638037153079921,new
20.5,integrable_calibrated,400,0.0015625,euler,4.0,time_half,0.5,peak,0.0013618255376046107,0.0026646505022368816,new
20.5,difference_matched,400,0.003125,euler,4.0,main,0.25,core,0.002187808347884318,0.004272340488039206,new
20.5,difference_matched,400,0.003125,euler,4.0,main,0.25,peak,0.0021878085467833264,0.0029119232823116847,new
20.5,difference_matched,400,0.003125,euler,4.0,main,0.5,core,0.005318720683924339,0.004279032257321624,new
20.5,difference_matched,400,0.003125,euler,4.0,main,0.5,peak,0.0026626249370186317,0.0025326155696125396,new
20.5,difference_matched,400,0.0015625,euler,4.0,time_half,0.25,core,0.0022048304201322533,0.0042700232521365455,new
20.5,difference_matched,400,0.0015625,euler,4.0,time_half,0.25,peak,0.0022048305722106865,0.0029208776384077595,new
20.5,difference_matched,400,0.0015625,euler,4.0,time_half,0.5,core,0.005392007213112958,0.004278019588736637,new
20.5,difference_matched,400,0.0015625,euler,4.0,time_half,0.5,peak,0.002700123188141279,0.002552199605036193,new
20.5,difference_rm,400,0.003125,euler,4.0,main,0.25,core,0.00024542322033233857,0.0006233145175842392,new
20.5,difference_rm,400,0.003125,euler,4.0,main,0.25,peak,0.00017447781132420848,5.570673778185209e-05,new
20.5,difference_rm,400,0.003125,euler,4.0,main,0.5,core,0.0004339616974602593,0.0007729333944908046,new
20.5,difference_rm,400,0.003125,euler,4.0,main,0.5,peak,0.000399627882190029,8.464441504421605e-05,new
20.5,difference_rm,400,0.0015625,euler,4.0,time_half,0.25,core,0.00023780325328684937,0.0006276598170391612,new
20.5,difference_rm,400,0.0015625,euler,4.0,time_half,0.25,peak,0.00016580889488168604,5.549052904990637e-05,new
20.5,difference_rm,400,0.0015625,euler,4.0,time_half,0.5,core,0.00042823081983799647,0.0007836111736633233,new
20.5,difference_rm,400,0.0015625,euler,4.0,time_half,0.5,peak,0.00039142784762502547,8.3637871581832e-05,new
20.5,difference_fixed,400,0.003125,euler,4.0,main,0.25,core,0.0001385150647692096,0.001151977186386488,new
20.5,difference_fixed,400,0.003125,euler,4.0,main,0.25,peak,8.961846788393957e-05,0.00016142670649416102,new
20.5,difference_fixed,400,0.003125,euler,4.0,main,0.5,core,0.00014907529423293167,0.001388503136861452,new
20.5,difference_fixed,400,0.003125,euler,4.0,main,0.5,peak,0.000136322094174246,0.0002109886703205166,new
20.5,difference_fixed,400,0.0015625,euler,4.0,time_half,0.25,core,0.00013941007433542624,0.0011602548819096281,new
20.5,difference_fixed,400,0.0015625,euler,4.0,time_half,0.25,peak,9.024937804549826e-05,0.00016251294858188325,new
20.5,difference_fixed,400,0.0015625,euler,4.0,time_half,0.5,core,0.0001512834171645376,0.001406059263252546,new
20.5,difference_fixed,400,0.0015625,euler,4.0,time_half,0.5,peak,0.0001372664401608492,0.0002133171744134188,new
21.0,integrable_original,400,0.003125,euler,4.0,main,0.25,core,0.014948961219706253,0.005967875868614803,new
21.0,integrable_original,400,0.003125,euler,4.0,main,0.25,peak,0.005377368428383628,0.003379101312889765,new
21.0,integrable_original,400,0.003125,euler,4.0,main,0.5,core,0.06312714930007639,0.015942150757662366,new
21.0,integrable_original,400,0.003125,euler,4.0,main,0.5,peak,0.012430989940596965,0.0043473770455445815,new
21.0,integrable_original,400,0.0015625,euler,4.0,time_half,0.25,core,0.015040883344726922,0.005978486641307068,new
21.0,integrable_original,400,0.0015625,euler,4.0,time_half,0.25,peak,0.005371376871723843,0.003391575279196146,new
21.0,integrable_original,400,0.0015625,euler,4.0,time_half,0.5,core,0.06352041582559671,0.015995821252715592,new
21.0,integrable_original,400,0.0015625,euler,4.0,time_half,0.5,peak,0.01241918174845208,0.004379582640855251,new
21.0,integrable_calibrated,400,0.003125,euler,4.0,main,0.25,core,0.0017784370140804528,0.004628410226359014,new
21.0,integrable_calibrated,400,0.003125,euler,4.0,main,0.25,peak,0.0017784369764964614,0.0030619230547446197,new
21.0,integrable_calibrated,400,0.003125,euler,4.0,main,0.5,core,0.003640693698480394,0.004883230704058328,new
21.0,integrable_calibrated,400,0.003125,euler,4.0,main,0.5,peak,0.001419693226115265,0.0027674293052320775,new
21.0,integrable_calibrated,400,0.0015625,euler,4.0,time_half,0.25,core,0.001795680129449334,0.004626624645152011,new
21.0,integrable_calibrated,400,0.0015625,euler,4.0,time_half,0.25,peak,0.0017956800872545586,0.003071047051752568,new
21.0,integrable_calibrated,400,0.0015625,euler,4.0,time_half,0.5,core,0.003626657520471582,0.0048830000672220875,new
21.0,integrable_calibrated,400,0.0015625,euler,4.0,time_half,0.5,peak,0.001457586289109275,0.002787049051024948,new
21.0,difference_matched,400,0.003125,euler,4.0,main,0.25,core,0.002316707456163386,0.004506389046689763,new
21.0,difference_matched,400,0.003125,euler,4.0,main,0.25,peak,0.002316707441618826,0.00303955478001644,new
21.0,difference_matched,400,0.003125,euler,4.0,main,0.5,core,0.0056272754689136685,0.0045361437967607054,new
21.0,difference_matched,400,0.003125,euler,4.0,main,0.5,peak,0.0028241233805559873,0.0026530926218280293,new
21.0,difference_matched,400,0.0015625,euler,4.0,time_half,0.25,core,0.0023338588879622812,0.004503568222144261,new
21.0,difference_matched,400,0.0015625,euler,4.0,time_half,0.25,peak,0.002333858861887722,0.0030485443696863512,new
21.0,difference_matched,400,0.0015625,euler,4.0,time_half,0.5,core,0.005702815903637641,0.004534340813888205,new
21.0,difference_matched,400,0.0015625,euler,4.0,time_half,0.5,peak,0.0028618036239176914,0.002672330219840313,new
21.0,difference_rm,400,0.003125,euler,4.0,main,0.25,core,0.0002580901760279668,0.0006470777265557004,new
21.0,difference_rm,400,0.003125,euler,4.0,main,0.25,peak,0.00018415379212100014,5.547646991588273e-05,new
21.0,difference_rm,400,0.003125,euler,4.0,main,0.5,core,0.0004589132995495809,0.0008070776137364399,new
21.0,difference_rm,400,0.003125,euler,4.0,main,0.5,peak,0.000423369544741814,8.47626384019029e-05,new
21.0,difference_rm,400,0.0015625,euler,4.0,time_half,0.25,core,0.000250383247440819,0.0006510610773778902,new
21.0,difference_rm,400,0.0015625,euler,4.0,time_half,0.25,peak,0.0001754158605768441,5.524880116475339e-05,new
21.0,difference_rm,400,0.0015625,euler,4.0,time_half,0.5,core,0.0004530217865259174,0.0008179759176549783,new
21.0,difference_rm,400,0.0015625,euler,4.0,time_half,0.5,peak,0.00041502483865454853,8.373125809554849e-05,new
21.0,difference_fixed,400,0.003125,euler,4.0,main,0.25,core,0.00014337180573673405,0.0012089436599933556,new
21.0,difference_fixed,400,0.003125,euler,4.0,main,0.25,peak,9.136547505925185e-05,0.0001626217994702972,new
21.0,difference_fixed,400,0.003125,euler,4.0,main,0.5,core,0.00015462342250716077,0.0014766478439576236,new
21.0,difference_fixed,400,0.003125,euler,4.0,main,0.5,peak,0.00014004098910527785,0.00021342256499973233,new
21.0,difference_fixed,400,0.0015625,euler,4.0,time_half,0.25,core,0.00014425324507830184,0.0012172142970341415,new
21.0,difference_fixed,400,0.0015625,euler,4.0,time_half,0.25,peak,9.198013985226017e-05,0.00016366477289342374,new
21.0,difference_fixed,400,0.0015625,euler,4.0,time_half,0.5,core,0.00015682177217320528,0.0014943617961603595,new
21.0,difference_fixed,400,0.0015625,euler,4.0,time_half,0.5,peak,0.00014093979675239288,0.00021566322103871993,new
21.5,integrable_original,400,0.003125,euler,4.0,main,0.25,core,0.014951052017923024,0.006280832316013452,new
21.5,integrable_original,400,0.003125,euler,4.0,main,0.25,peak,0.005416718067095094,0.00356245663233426,new
21.5,integrable_original,400,0.003125,euler,4.0,main,0.5,core,0.06312772012274837,0.016406374589090778,new
21.5,integrable_original,400,0.003125,euler,4.0,main,0.5,peak,0.012410923749773095,0.0042702562859490145,new
21.5,integrable_original,400,0.0015625,euler,4.0,time_half,0.25,core,0.015042935673986757,0.0062914346473696425,new
21.5,integrable_original,400,0.0015625,euler,4.0,time_half,0.25,peak,0.005410136973209467,0.003574737223217661,new
21.5,integrable_original,400,0.0015625,euler,4.0,time_half,0.5,core,0.06352062855796185,0.016462339060139164,new
21.5,integrable_original,400,0.0015625,euler,4.0,time_half,0.5,peak,0.012390076394398486,0.004298355487817235,new
21.5,integrable_calibrated,400,0.003125,euler,4.0,main,0.25,core,0.0018853231079278276,0.004872905804554295,new
21.5,integrable_calibrated,400,0.003125,euler,4.0,main,0.25,peak,0.001885323311075049,0.003185689309317924,new
21.5,integrable_calibrated,400,0.003125,euler,4.0,main,0.5,core,0.003733402805143258,0.0051875075520853575,new
21.5,integrable_calibrated,400,0.003125,euler,4.0,main,0.5,peak,0.001518301753737017,0.0028926904243623264,new
21.5,integrable_calibrated,400,0.0015625,euler,4.0,time_half,0.25,core,0.0019026934331657641,0.004870476993453332,new
21.5,integrable_calibrated,400,0.0015625,euler,4.0,time_half,0.25,peak,0.0019026936672429107,0.0031945421065234236,new
21.5,integrable_calibrated,400,0.0015625,euler,4.0,time_half,0.5,core,0.003719781257827137,0.005185987031927686,new
21.5,integrable_calibrated,400,0.0015625,euler,4.0,time_half,0.5,peak,0.0015564951990618414,0.002911970033963457,new
21.5,difference_matched,400,0.003125,euler,4.0,main,0.25,core,0.0024492517685365534,0.004741872142604964,new
21.5,difference_matched,400,0.003125,euler,4.0,main,0.25,peak,0.00244925208363464,0.003123264684564836,new
21.5,difference_matched,400,0.003125,euler,4.0,main,0.5,core,0.005944115234692865,0.004799678771335247,new
21.5,difference_matched,400,0.003125,euler,4.0,main,0.5,peak,0.0029899211306241014,0.0027761260707172553,new
21.5,difference_matched,400,0.0015625,euler,4.0,time_half,0.25,core,0.0024665237842823595,0.004738462271617394,new
21.5,difference_matched,400,0.0015625,euler,4.0,time_half,0.25,peak,0.002466524108071383,0.003132298638729103,new
21.5,difference_matched,400,0.0015625,euler,4.0,time_half,0.5,core,0.006021949553714888,0.004797032590636685,new
21.5,difference_matched,400,0.0015625,euler,4.0,time_half,0.5,peak,0.0030277596674516405,0.002795019443547847,new
21.5,difference_rm,400,0.003125,euler,4.0,main,0.25,core,0.0002708979798535997,0.0006752683615018906,new
21.5,difference_rm,400,0.003125,euler,4.0,main,0.25,peak,0.00019406165666674413,5.522769355617574e-05,new
21.5,difference_rm,400,0.003125,euler,4.0,main,0.5,core,0.0004842849428364094,0.0008408949083926753,new
21.5,difference_rm,400,0.003125,euler,4.0,main,0.5,peak,0.0004475415147255357,8.471590293079867e-05,new
21.5,difference_rm,400,0.0015625,euler,4.0,time_half,0.25,core,0.0002631110730816513,0.0006793160660567565,new
21.5,difference_rm,400,0.0015625,euler,4.0,time_half,0.25,peak,0.0001852620287927098,5.4989861051985e-05,new
21.5,difference_rm,400,0.0015625,euler,4.0,time_half,0.5,core,0.00047823485304904125,0.0008520195525757446,new
21.5,difference_rm,400,0.0015625,euler,4.0,time_half,0.5,peak,0.00043901935951348725,8.366300573811603e-05,new
21.5,difference_fixed,400,0.003125,euler,4.0,main,0.25,core,0.00014810947802748262,0.001261128045751736,new
21.5,difference_fixed,400,0.003125,euler,4.0,main,0.25,peak,9.308415927644642e-05,0.0001631442547135875,new
21.5,difference_fixed,400,0.003125,euler,4.0,main,0.5,core,0.00016004874835441954,0.001560016195509939,new
21.5,difference_fixed,400,0.003125,euler,4.0,main,0.5,peak,0.00014373011322715845,0.000215711578420541,new
21.5,difference_fixed,400,0.0015625,euler,4.0,time_half,0.25,core,0.00014897664071849073,0.0012694586551068587,new
21.5,difference_fixed,400,0.0015625,euler,4.0,time_half,0.25,peak,9.36834977137424e-05,0.00016414188942046049,new
21.5,difference_fixed,400,0.0015625,euler,4.0,time_half,0.5,core,0.0001622357438843397,0.001577800200476931,new
21.5,difference_fixed,400,0.0015625,euler,4.0,time_half,0.5,peak,0.0001445851294024636,0.00021786872734655405,new
22.0,integrable_original,400,0.003125,euler,4.0,main,0.25,core,0.0149532715792531,0.006595171198926053,reused
22.0,integrable_original,400,0.003125,euler,4.0,main,0.25,peak,0.005079828359195737,0.0037023240545867864,reused
22.0,integrable_original,400,0.003125,euler,4.0,main,0.5,core,0.06312920287949482,0.016826976197703458,reused
22.0,integrable_original,400,0.003125,euler,4.0,main,0.5,peak,0.012502846868036127,0.004448137620209791,reused
22.0,integrable_original,400,0.0015625,euler,4.0,time_half,0.25,core,0.015045120616543567,0.006605824779979896,reused
22.0,integrable_original,400,0.0015625,euler,4.0,time_half,0.25,peak,0.0050748261882263,0.0037147135789312724,reused
22.0,integrable_original,400,0.0015625,euler,4.0,time_half,0.5,core,0.06352178082485314,0.016885270920895534,reused
22.0,integrable_original,400,0.0015625,euler,4.0,time_half,0.5,peak,0.012482521588916384,0.004475848635940222,reused
22.0,integrable_original,800,0.0015625,euler,4.0,space_time_half,0.25,core,0.007300570838069915,0.002119737114903486,new
22.0,integrable_original,800,0.0015625,euler,4.0,space_time_half,0.25,peak,0.002494603178364807,0.0009851118285321425,new
22.0,integrable_original,800,0.0015625,euler,4.0,space_time_half,0.5,core,0.030798314513857453,0.008027602293246727,new
22.0,integrable_original,800,0.0015625,euler,4.0,space_time_half,0.5,peak,0.0064459697663933335,0.0017848398526366382,new
22.0,integrable_calibrated,400,0.003125,euler,4.0,main,0.25,core,0.001995199469819159,0.00511543712611684,reused
22.0,integrable_calibrated,400,0.003125,euler,4.0,main,0.25,peak,0.0019952000048072127,0.0033223351297990422,reused
22.0,integrable_calibrated,400,0.003125,euler,4.0,main,0.5,core,0.003825829490825131,0.005497346842636031,reused
22.0,integrable_calibrated,400,0.003125,euler,4.0,main,0.5,peak,0.0016200719054574875,0.0030204964441066517,reused
22.0,integrable_calibrated,400,0.0015625,euler,4.0,time_half,0.25,core,0.0020126887224223844,0.005112421424327107,reused
22.0,integrable_calibrated,400,0.0015625,euler,4.0,time_half,0.25,peak,0.002012689299116799,0.0033312783562002846,reused
22.0,integrable_calibrated,400,0.0015625,euler,4.0,time_half,0.5,core,0.003812634407791138,0.005494525873717626,reused
22.0,integrable_calibrated,400,0.0015625,euler,4.0,time_half,0.5,peak,0.0016585486339093514,0.003039438099864955,reused
22.0,integrable_calibrated,800,0.0015625,euler,4.0,space_time_half,0.25,core,0.0004903783784348248,0.0013065372012079912,new
22.0,integrable_calibrated,800,0.0015625,euler,4.0,space_time_half,0.25,peak,0.0004903796613592581,0.0007942916057017413,new
22.0,integrable_calibrated,800,0.0015625,euler,4.0,space_time_half,0.5,core,0.0009846906511888297,0.0013955700833801488,new
22.0,integrable_calibrated,800,0.0015625,euler,4.0,space_time_half,0.5,peak,0.00039345937550933074,0.0008428127091271442,new
22.0,difference_matched,400,0.003125,euler,4.0,main,0.25,core,0.0025854305887075824,0.005005453797047754,reused
22.0,difference_matched,400,0.003125,euler,4.0,main,0.25,peak,0.002585433061618264,0.003248612616269214,reused
22.0,difference_matched,400,0.003125,euler,4.0,main,0.5,core,0.006269216481823144,0.005069202628997793,reused
22.0,difference_matched,400,0.003125,euler,4.0,main,0.5,peak,0.003159941653136822,0.002901740280200571,reused
22.0,difference_matched,400,0.0015625,euler,4.0,time_half,0.25,core,0.0026028148565864495,0.005006778093633202,reused
22.0,difference_matched,400,0.0015625,euler,4.0,time_half,0.25,peak,0.002602817345691316,0.003256891154638536,reused
22.0,difference_matched,400,0.0015625,euler,4.0,time_half,0.5,core,0.006349385583448753,0.005065721190519179,reused
22.0,difference_matched,400,0.0015625,euler,4.0,time_half,0.5,peak,0.0031979163687001766,0.002920292198381136,reused
22.0,difference_matched,800,0.0015625,euler,4.0,space_time_half,0.25,core,0.0006476004981988137,0.0012848176325861993,new
22.0,difference_matched,800,0.0015625,euler,4.0,space_time_half,0.25,peak,0.0006476013990426854,0.0007755694388550671,new
22.0,difference_matched,800,0.0015625,euler,4.0,space_time_half,0.5,core,0.001564261129737978,0.0012773923338463278,new
22.0,difference_matched,800,0.0015625,euler,4.0,space_time_half,0.5,peak,0.000778918938451556,0.0007550958769017013,new
22.0,difference_rm,400,0.003125,euler,4.0,main,0.25,core,0.00028409972069216253,0.0007031862165393088,reused
22.0,difference_rm,400,0.003125,euler,4.0,main,0.25,peak,0.000204164689364017,5.4962177629375164e-05,reused
22.0,difference_rm,400,0.003125,euler,4.0,main,0.5,core,0.0005106294419069679,0.0008742027251552598,reused
22.0,difference_rm,400,0.003125,euler,4.0,main,0.5,peak,0.00047208169601278827,8.358096374619373e-05,reused
22.0,difference_rm,400,0.0015625,euler,4.0,time_half,0.25,core,0.0002762654765168966,0.0007073006754095834,reused
22.0,difference_rm,400,0.0015625,euler,4.0,time_half,0.25,peak,0.00019529519779246107,5.4715353254464194e-05,reused
22.0,difference_rm,400,0.0015625,euler,4.0,time_half,0.5,core,0.0005038484585991715,0.0008855596442766123,reused
22.0,difference_rm,400,0.0015625,euler,4.0,time_half,0.5,peak,0.00046342554672609837,8.250963465314398e-05,reused
22.0,difference_rm,800,0.0015625,euler,4.0,space_time_half,0.25,core,7.499531044228213e-05,0.00017451593107642438,new
22.0,difference_rm,800,0.0015625,euler,4.0,space_time_half,0.25,peak,5.5595504511424254e-05,1.4057377633602819e-05,new
22.0,difference_rm,800,0.0015625,euler,4.0,space_time_half,0.5,core,0.00013044890885634264,0.00021406566465198562,new
22.0,difference_rm,800,0.0015625,euler,4.0,space_time_half,0.5,peak,0.00012155336833091779,2.1472833934305102e-05,new
22.0,difference_fixed,400,0.003125,euler,4.0,main,0.25,core,0.00015271570906415927,0.001339954915635655,reused
22.0,difference_fixed,400,0.003125,euler,4.0,main,0.25,peak,9.477602357771397e-05,0.00016169734515930623,reused
22.0,difference_fixed,400,0.003125,euler,4.0,main,0.5,core,0.0001653364783190739,0.0016376478840863795,reused
22.0,difference_fixed,400,0.003125,euler,4.0,main,0.5,peak,0.0001473903056915804,0.00021786170011370287,reused
22.0,difference_fixed,400,0.0015625,euler,4.0,time_half,0.25,core,0.00015356793148939285,0.0013483964627269973,reused
22.0,difference_fixed,400,0.0015625,euler,4.0,time_half,0.25,peak,9.536090219552928e-05,0.00016265071135235232,reused
22.0,difference_fixed,400,0.0015625,euler,4.0,time_half,0.5,core,0.0001675106249048354,0.00165541693207516,reused
22.0,difference_fixed,400,0.0015625,euler,4.0,time_half,0.5,peak,0.00014820317937808136,0.00021993969306077776,reused
22.0,difference_fixed,800,0.0015625,euler,4.0,space_time_half,0.25,core,3.7895302878926396e-05,0.00033467033192091655,new
22.0,difference_fixed,800,0.0015625,euler,4.0,space_time_half,0.25,peak,2.3498274463018554e-05,3.9354448379880225e-05,new
22.0,difference_fixed,800,0.0015625,euler,4.0,space_time_half,0.5,core,4.1337794158460145e-05,0.0004047592622788976,new
22.0,difference_fixed,800,0.0015625,euler,4.0,space_time_half,0.5,peak,3.6399860945224294e-05,5.505214788983914e-05,new
