x,u
0.000000000000000000e+00,0.000000000000000000e+00
4.712279969734290037e-03,-2.775788992618776678e-05
9.423905938035572610e-03,-1.110270909161368484e-04
1.413422405232761525e-02,-2.497941980079828542e-04
1.884258075767368881e-02,-4.440368742770436938e-04
2.354832294545920746e-02,-6.937238578513267974e-04
2.825079810190028046e-02,-9.988149717289761427e-04
3.294935445630440413e-02,-1.359261136391712440e-03
3.764334112905746293e-02,-1.775004385210000998e-03
4.233210827926352920e-02,-2.245977882632311986e-03
4.701500725196393338e-02,-2.772105945148008004e-03
5.169139072491106546e-02,-3.353304065016794559e-03
5.636061285482284883e-02,-3.989478936752637560e-03
6.102202942304647132e-02,-4.680528486347194927e-03
6.567499798060683069e-02,-5.426341903222996720e-03
7.031887799256680838e-02,-6.226799674899803454e-03
7.495303098162986455e-02,-7.081773624354920603e-03
7.957682067095922518e-02,-7.991126950064882106e-03
8.418961312614552106e-02,-8.954714268707789429e-03
8.879077689625117231e-02,-9.972381660502611586e-03
9.337968315391034779e-02,-1.104396671717053184e-02
9.795570583441494394e-02,-1.216929859249310693e-02
1.025182217737192897e-01,-1.334819805543975037e-02
1.070666108453419557e-01,-1.458047754584680146e-02
1.116002560960979162e-01,-1.586594123261924477e-02
1.161185438805956843e-01,-1.720438507442322365e-02
1.206208639944794242e-01,-1.859559688284958059e-02
1.251066098063514098e-01,-2.003935638801539187e-02
1.295751783883115626e-01,-2.153543530656792243e-02
1.340259706450965815e-01,-2.308359741206897700e-02
1.384583914417553130e-01,-2.468359860772278980e-02
1.428718497298014645e-01,-2.633518700140855331e-02
1.472657586718260914e-01,-2.803810298299319603e-02
1.516395357645111686e-01,-2.979207930388418080e-02
1.559926029599859876e-01,-3.159684115877991334e-02
1.603243867855135840e-01,-3.345210626959165684e-02
1.646343184614493249e-01,-3.535758497149327911e-02
1.689218340174172273e-01,-3.731298030105327512e-02
1.731863744066933497e-01,-3.931798808642105597e-02
1.774273856187421061e-01,-4.137229703952143706e-02
1.816443187898533762e-01,-4.347558885020777475e-02
1.858366303118733354e-01,-4.562753828234531600e-02
1.900037819389766014e-01,-4.782781327177482167e-02
1.941452408924330131e-01,-5.007607502610524064e-02
1.982604799633624348e-01,-5.237197812630495913e-02
2.023489776134304030e-01,-5.471517063003950715e-02
2.064102180734400938e-01,-5.710529417670171665e-02
2.104436914398186975e-01,-5.954198409410325216e-02
2.144488937689514041e-01,-6.202486950677285615e-02
2.184253271693260001e-01,-6.455357344580477108e-02
2.223724998914852202e-01,-6.712771296022625178e-02
2.262899264157482715e-01,-6.974689922982664492e-02
2.301771275376624515e-01,-7.241073767939028294e-02
2.340336304511907162e-01,-7.511882809430082963e-02
2.378589688295959514e-01,-7.787076473745851990e-02
2.416526829039905289e-01,-8.066613646745046662e-02
2.454143195395566135e-01,-8.350452685794126917e-02
2.491434323094034453e-01,-8.638551431822440174e-02
2.528395815660356427e-01,-8.930867221487254204e-02
2.565023345104363028e-01,-9.227356899445446348e-02
2.601312652587414731e-01,-9.527976830725799762e-02
2.637259549064773223e-01,-9.832682913195513186e-02
2.672859915903734174e-01,-1.014143059011784059e-01
2.708109705477268481e-01,-1.045417486279458102e-01
2.743004941732959390e-01,-1.077087030328710976e-01
2.777541720737384257e-01,-1.109147106721272563e-01
2.811716211195748327e-01,-1.141593090661015830e-01
2.845524654946564036e-01,-1.174420318286766990e-01
2.878963367431591203e-01,-1.207624087971082699e-01
2.912028738140847173e-01,-1.241199661624355355e-01
2.944717231032570881e-01,-1.275142266003597979e-01
2.977025384928322360e-01,-1.309447094025620872e-01
3.008949813883117774e-01,-1.344109306083972055e-01
3.040487207530497837e-01,-1.379124031368968439e-01
3.071634331402746110e-01,-1.414486369190572912e-01
3.102388027226194445e-01,-1.450191390303454120e-01
3.132745213191551192e-01,-1.486234138233605839e-01
3.162702884199509734e-01,-1.522609630606253095e-01
3.192258112081582944e-01,-1.559312860474406648e-01
3.221408045796163577e-01,-1.596338797647443575e-01
3.250149911600081487e-01,-1.633682390019459141e-01
3.278481013195654326e-01,-1.671338564896747980e-01
3.306398731853241180e-01,-1.709302230323835048e-01
3.333900526509639417e-01,-1.747568276407754362e-01
3.360983933842290328e-01,-1.786131576640033469e-01
3.387646568319426787e-01,-1.824986989215700850e-01
3.413886122226421627e-01,-1.864129358349163323e-01
3.439700365668457716e-01,-1.903553515586304257e-01
3.465087146549561958e-01,-1.943254281112223314e-01
3.490044390528393436e-01,-1.983226465054419574e-01
3.514570100950863973e-01,-2.023464868780827097e-01
3.538662358759708804e-01,-2.063964286192116471e-01
3.562319322381383713e-01,-2.104719505008096903e-01
3.585539227590436306e-01,-2.145725308047642388e-01
3.608320387351482972e-01,-2.186976474501567957e-01
3.630661191639163454e-01,-2.228467781198316677e-01
3.652560107236305642e-01,-2.270194003861897569e-01
3.674015677510391042e-01,-2.312149918361525724e-01
3.695026522168785021e-01,-2.354330301952847759e-01
3.715591336992917215e-01,-2.396729934510201110e-01
3.735708893551590859e-01,-2.439343599749390634e-01
3.755378038893905090e-01,-2.482166086440963093e-01
3.774597695221865723e-01,-2.525192189613161831e-01
3.793366859543135239e-01,-2.568416711744574976e-01
3.811684603304196228e-01,-2.611834463945981177e-01
3.829550072004110350e-01,-2.655440267130870780e-01
3.846962484789408498e-01,-2.699228953174628853e-01
3.863921134030254279e-01,-2.743195366061895735e-01
3.880425384878249395e-01,-2.787334363021592987e-01
3.896474674806281180e-01,-2.831640815649669185e-01
3.912068513130705361e-01,-2.876109611019050383e-01
3.927206480516144960e-01,-2.920735652776382807e-01
3.941888228463381050e-01,-2.965513862225580000e-01
3.956113478780606818e-01,-3.010439179397718656e-01
3.969882023038384111e-01,-3.055506564106894585e-01
3.983193722008737114e-01,-3.100710996992074309e-01
3.996048505088704017e-01,-3.146047480544525432e-01
4.008446369708698609e-01,-3.191511040120443843e-01
4.020387380726099802e-01,-3.237096724938857695e-01
4.031871669804432123e-01,-3.282799609064390167e-01
4.042899434778464696e-01,-3.328614792374599562e-01
4.053470939005700546e-01,-3.374537401511896739e-01
4.063586510704587651e-01,-3.420562590819771209e-01
4.073246542279788107e-01,-3.466685543262928437e-01
4.082451489635027242e-01,-3.512901471331518199e-01
4.091201871473806873e-01,-3.559205617929105947e-01
4.099498268588354088e-01,-3.605593257244056882e-01
4.107341323137327915e-01,-3.652059695604549239e-01
4.114731737912550313e-01,-3.698600272316857618e-01
4.121670275595214483e-01,-3.745210360486653789e-01
4.128157758001959055e-01,-3.791885367823536468e-01
4.134195065321217832e-01,-3.838620737428468654e-01
4.139783135340189824e-01,-3.885411948563900486e-01
4.144922962662897503e-01,-3.932254517406785777e-01
4.149615597919683596e-01,-3.979143997784256315e-01
4.153862146968567148e-01,-4.026075981891705791e-01
4.157663770088809718e-01,-4.073046100993547025e-01
4.161021681167170194e-01,-4.120050026106408247e-01
4.163937146877141338e-01,-4.167083468664598556e-01
4.166411485851637120e-01,-4.214142181168052947e-01
4.168446067849504999e-01,-4.261221957812627026e-01
4.170042312916216742e-01,-4.308318635102527661e-01
4.171201690539171336e-01,-4.355428092445178256e-01
4.171925718797982463e-01,-4.402546252728380405e-01
4.172215963510102488e-01,-4.449669082879560977e-01
4.172074037372238142e-01,-4.496792594407500454e-01
4.171501599097831026e-01,-4.543912843926332101e-01
4.170500352551103629e-01,-4.591025933661720404e-01
4.169072045877921795e-01,-4.638128011939541273e-01
4.167218470633947125e-01,-4.685215273656984092e-01
4.164941460910376314e-01,-4.732283960735899075e-01
4.162242892457678756e-01,-4.779330362558826262e-01
4.159124681807646051e-01,-4.826350816387564024e-01
4.155588785394164764e-01,-4.873341707764224373e-01
4.151637198673030493e-01,-4.920299470895114768e-01
4.147271955241146890e-01,-4.967220589017433130e-01
4.142495125955499846e-01,-5.014101594748630042e-01
4.137308818052193859e-01,-5.060939070418953856e-01
4.131715174265920276e-01,-5.107729648387003829e-01
4.125716371950198247e-01,-5.154470011338326829e-01
4.119314622198685383e-01,-5.201156892567445622e-01
4.112512168967906723e-01,-5.247787076243315418e-01
4.105311288201722308e-01,-5.294357397658105979e-01
4.097714286957835905e-01,-5.340864743459853292e-01
4.089723502536650734e-01,-5.387306051868890888e-01
4.081341301612815831e-01,-5.433678312878020833e-01
4.072570079369706164e-01,-5.479978568437015030e-01
4.063412258637153496e-01,-5.526203912621262537e-01
4.053870289032774910e-01,-5.572351491784700572e-01
4.043946646107076659e-01,-5.618418504697475502e-01
4.033643830492689153e-01,-5.664402202668238351e-01
4.022964367058005641e-01,-5.710299889651295757e-01
4.011910804065446645e-01,-5.756108922338860623e-01
4.000485712334654331e-01,-5.801826710238638940e-01
3.988691684410858862e-01,-5.847450715736610682e-01
3.976531333738672069e-01,-5.892978454145648692e-01
3.964007293841549373e-01,-5.938407493739853438e-01
3.951122217507167522e-01,-5.983735455774803480e-01
3.937878775978949641e-01,-6.028960014494094688e-01
3.924279658153949635e-01,-6.074078897122275889e-01
3.910327569787373503e-01,-6.119089883844237576e-01
3.896025232703882457e-01,-6.163990807771524416e-01
3.881375384015933738e-01,-6.208779554895645925e-01
3.866380775349364529e-01,-6.253454064028476367e-01
3.851044172076413252e-01,-6.298012326730174637e-01
3.835368352556328686e-01,-6.342452387224795096e-01
3.819356107383870547e-01,-6.386772342303550509e-01
3.803010238645741503e-01,-6.430970341216309949e-01
3.786333559185205977e-01,-6.475044585551397169e-01
3.769328891875107224e-01,-6.518993329103736079e-01
3.751999068899340983e-01,-6.562814877731864005e-01
3.734346931042985540e-01,-6.606507589203937103e-01
3.716375326991336880e-01,-6.650069873032709022e-01
3.698087112637843399e-01,-6.693500190300134545e-01
3.679485150401147764e-01,-6.736797053471523800e-01
3.660572308551464649e-01,-6.779959026199469108e-01
3.641351460546232155e-01,-6.822984723117970773e-01
3.621825484375307824e-01,-6.865872809626889506e-01
3.601997261915840798e-01,-6.908622001666799850e-01
3.581869678296799586e-01,-6.951231065484732019e-01
3.561445621273368611e-01,-6.993698817390920919e-01
3.540727980611328429e-01,-7.036024123506673389e-01
3.519719647481450164e-01,-7.078205899503777765e-01
3.498423513863992973e-01,-7.120243110335622294e-01
3.476842471963505488e-01,-7.162134769960069036e-01
3.454979413633859631e-01,-7.203879941054631697e-01
3.432837229813661128e-01,-7.245477734723949625e-01
3.410418809972170506e-01,-7.286927310199781127e-01
3.387727041565680719e-01,-7.328227874533876918e-01
3.364764809504454668e-01,-7.369378682283950210e-01
3.341534995630377480e-01,-7.410379035192683483e-01
3.318040478205194765e-01,-7.451228281860414748e-01
3.294284131409486727e-01,-7.491925817411473343e-01
3.270268824852492484e-01,-7.532471083154280711e-01
3.245997423092620848e-01,-7.572863566235750188e-01
3.221472785168830733e-01,-7.613102799289994671e-01
3.196697764142917841e-01,-7.653188360081437658e-01
3.171675206652623813e-01,-7.693119871142850563e-01
3.146407952475617220e-01,-7.732896999408319649e-01
3.120898834104481878e-01,-7.772519455841303548e-01
3.095150676332533712e-01,-7.811986995058146643e-01
3.069166295850547233e-01,-7.851299414947208177e-01
3.042948500854495419e-01,-7.890456556283621525e-01
3.016500090664137046e-01,-7.929458302340175457e-01
2.989823855352481408e-01,-7.968304578494370682e-01
2.962922575386253143e-01,-8.006995351831678320e-01
2.935799021277156196e-01,-8.045530630745515444e-01
2.908455953243985204e-01,-8.083910464533951012e-01
2.880896120885664269e-01,-8.122134942993213258e-01
2.853122262865009362e-01,-8.160204196008433719e-01
2.825137106603282655e-01,-8.198118393141657911e-01
2.796943367985555984e-01,-8.235877743217219216e-01
2.768543751076715798e-01,-8.273482493904877888e-01
2.739940947848129027e-01,-8.310932931300737403e-01
2.711137637915003729e-01,-8.348229379506039161e-01
2.682136488284271314e-01,-8.385372200204206372e-01
2.652940153112954835e-01,-8.422361792236201516e-01
2.623551273477142676e-01,-8.459198591174210691e-01
2.593972477151249012e-01,-8.495883068894035661e-01
2.564206378397659303e-01,-8.532415733146341275e-01
2.534255577766745815e-01,-8.568797127126592805e-01
2.504122661907041691e-01,-8.605027829044229470e-01
2.473810203385559681e-01,-8.641108451691054126e-01
2.443320760518320478e-01,-8.677039642008779197e-01
2.412656877210792583e-01,-8.712822080656271728e-01
2.381821082808291690e-01,-8.748456481576286636e-01
2.350815891956358483e-01,-8.783943591561944597e-01
2.319643804470814807e-01,-8.819284189823093367e-01
2.288307305217544829e-01,-8.854479087552731276e-01
2.256808864002012582e-01,-8.889529127493360772e-01
2.225150935468216962e-01,-8.924435183503722779e-01
2.193335959007109981e-01,-8.959198160125841914e-01
2.161366358674488564e-01,-8.993818992152423641e-01
2.129244543118070931e-01,-9.028298644194884259e-01
2.096972905513754259e-01,-9.062638110252069223e-01
2.064553823511079134e-01,-9.096838413279589863e-01
2.031989659187588004e-01,-9.130900604760082695e-01
1.999282759012082078e-01,-9.164825764274475706e-01
1.966435453816811063e-01,-9.198614999074145038e-01
1.933450058778239944e-01,-9.232269443654248509e-01
1.900328873406437746e-01,-9.265790259328303691e-01
1.867074181543074696e-01,-9.299178633803927285e-01
1.833688251367706357e-01,-9.332435780759992250e-01
1.800173335412376396e-01,-9.365562939425252642e-01
1.766531670584492175e-01,-9.398561374158301840e-01
1.732765478197706155e-01,-9.431432374029216081e-01
1.698876964010752055e-01,-9.464177252402821150e-01
1.664868318274280168e-01,-9.496797346523504491e-01
1.630741715785336277e-01,-9.529294017101862524e-01
1.596499315949500841e-01,-9.561668647903154294e-01
1.562143262850670122e-01,-9.593922645337455979e-01
1.527675685328166166e-01,-9.626057438051809356e-01
1.493098697061170377e-01,-9.658074476524273200e-01
1.458414396660465961e-01,-9.689975232659846505e-01
1.423624867767170343e-01,-9.721761199388488928e-01
1.388732179158444213e-01,-9.753433890265172934e-01
1.353738384860193045e-01,-9.784994839071876616e-01
1.318645524266392477e-01,-9.816445599421773638e-01
1.283455622265065876e-01,-9.847787744365547047e-01
1.248170689370889791e-01,-9.879022865999714798e-01
1.212792721864106305e-01,-9.910152575077250114e-01
1.177323701935712036e-01,-9.941178500620312386e-01
1.141765597838960006e-01,-9.972102289535089703e-01
1.106120364046793147e-01,-1.000292560622896065e+00
1.070389941415225560e-01,-1.003365013222982105e+00
1.034576257352677053e-01,-1.006427756580751565e+00
9.986812259948980863e-02,-1.009480962159758910e+00
9.627067483854878649e-02,-1.012524803022724962e+00
9.266547126620211516e-02,-1.015559453794343980e+00
8.905269942474129674e-02,-1.018585090624320788e+00
8.543254560465292358e-02,-1.021601891150623054e+00
8.180519486480528069e-02,-1.024610034462951180e+00
7.817083105312407076e-02,-1.027609701066423575e+00
7.452963682775765042e-02,-1.030601072845485300e+00
7.088179367873330416e-02,-1.033584333028020552e+00
6.722748195006697514e-02,-1.036559666149681869e+00
6.356688086232799295e-02,-1.039527258018436262e+00
5.990016853566015181e-02,-1.042487295679298986e+00
5.622752201322101656e-02,-1.045439967379292012e+00
5.254911728504198243e-02,-1.048385462532603007e+00
4.886512931230919954e-02,-1.051323971685922842e+00
4.517573205202877334e-02,-1.054255686484003807e+00
4.148109848207750389e-02,-1.057180799635401236e+00
3.778140062664085697e-02,-1.060099504878393439e+00
3.407680958199638122e-02,-1.063011996947108573e+00
3.036749554265866929e-02,-1.065918471537809387e+00
2.665362782786315221e-02,-1.068819125275375148e+00
2.293537490837143158e-02,-1.071714155679940550e+00
1.921290443359956190e-02,-1.074603761133716473e+00
1.548638325905158340e-02,-1.077488140847967069e+00
1.175597747404059749e-02,-1.080367494830146269e+00
8.021852429698432541e-03,-1.083242023851191727e+00
4.284172767256632514e-03,-1.086111929412967525e+00
5.431024465807343660e-04,-1.088977413715848996e+00
-3.201195225040512696e-03,-1.091838679626450981e+00
-6.948557563868772158e-03,-1.094695930645485316e+00
-1.069882248047015517e-02,-1.097549370875747776e+00
-1.445182845024814249e-02,-1.100399204990230695e+00
-1.820741448377308919e-02,-1.103245638200349710e+00
-2.196542009692579317e-02,-1.106088876224279760e+00
-2.572568528085357464e-02,-1.108929125255402104e+00
-2.948805047175653490e-02,-1.111766591930845482e+00
-3.325235652052137281e-02,-1.114601483300121210e+00
-3.701844466220122198e-02,-1.117434006793851520e+00
-4.078615648535901389e-02,-1.120264370192564529e+00
-4.455533390129184229e-02,-1.123092781595579126e+00
-4.832581911313479223e-02,-1.125919449389953808e+00
-5.209745458486130659e-02,-1.128744582219482373e+00
-5.587008301019818352e-02,-1.131568388953771986e+00
-5.964354728145315060e-02,-1.134391078657348340e+00
-6.341769045827215512e-02,-1.137212860558808769e+00
-6.719235573634436964e-02,-1.140033944020012235e+00
-7.096738641605331022e-02,-1.142854538505301498e+00
-7.474262587109033185e-02,-1.145674853550739503e+00
-7.851791751704946531e-02,-1.148495098733369302e+00
-8.229310478000104179e-02,-1.151315483640477977e+00
-8.606803106506112633e-02,-1.154136217838861445e+00
-8.984253972497553697e-02,-1.156957510844094816e+00
-9.361647402871511869e-02,-1.159779572089778998e+00
-9.738967713010071581e-02,-1.162602610896771527e+00
-1.011619920364754399e-01,-1.165426836442406966e+00
-1.049332615774211525e-01,-1.168252457729664462e+00
-1.087033283735385214e-01,-1.171079683556315088e+00
-1.124720348053063895e-01,-1.173908722484016565e+00
-1.162392229820196354e-01,-1.176739782807359136e+00
-1.200047347108231660e-01,-1.179573072522851263e+00
-1.237684114658587631e-01,-1.182408799297847368e+00
-1.275300943575236323e-01,-1.185247170439401865e+00
-1.312896241018579602e-01,-1.188088392863047016e+00
-1.350468409900794642e-01,-1.190932673061482205e+00
-1.388015848582618006e-01,-1.193780217073189487e+00
-1.425536950571767991e-01,-1.196631230450933447e+00
-1.463030104223158878e-01,-1.199485918230178250e+00
-1.500493692440900972e-01,-1.202344484897389654e+00
-1.537926092382262411e-01,-1.205207134358215360e+00
-1.575325675163762873e-01,-1.208074069905565207e+00
-1.612690805569392538e-01,-1.210945494187553040e+00
-1.650019841761126427e-01,-1.213821609175308680e+00
-1.687311134991914541e-01,-1.216702616130660664e+00
-1.724563029321123375e-01,-1.219588715573681093e+00
-1.761773861332619207e-01,-1.222480107250065284e+00
-1.798941959855663852e-01,-1.225376990098386409e+00
-1.836065645688613468e-01,-1.228279562217174936e+00
-1.873143231325577196e-01,-1.231188020831841534e+00
-1.910173020686246059e-01,-1.234102562261441660e+00
-1.947153308848853792e-01,-1.237023381885260287e+00
-1.984082381786465565e-01,-1.239950674109227879e+00
-2.020958516106745040e-01,-1.242884632332156736e+00
-2.057779978795226394e-01,-1.245825448911796585e+00
-2.094545026962232326e-01,-1.248773315130694339e+00
-2.131251907593642858e-01,-1.251728421161879767e+00
-2.167898857305483318e-01,-1.254690956034342220e+00
-2.204484102102536869e-01,-1.257661107598317285e+00
-2.241005857141126212e-01,-1.260639062490376938e+00
-2.277462326496078326e-01,-1.263625006098308967e+00
-2.313851702932053223e-01,-1.266619122525792340e+00
-2.350172167679389912e-01,-1.269621594556874955e+00
-2.386421890214493746e-01,-1.272632603620223346e+00
-2.422599028044915004e-01,-1.275652329753170555e+00
-2.458701726499315232e-01,-1.278680951565549950e+00
-2.494728118522307747e-01,-1.281718646203313217e+00
-2.530676324474351868e-01,-1.284765589311920309e+00
-2.566544451936874638e-01,-1.287821954999527119e+00
-2.602330595522625023e-01,-1.290887915799941776e+00
-2.638032836691415750e-01,-1.293963642635362898e+00
-2.673649243571460388e-01,-1.297049304778901568e+00
-2.709177870786287357e-01,-1.300145069816879495e+00
-2.744616759287384355e-01,-1.303251103610902684e+00
-2.779963936192786922e-01,-1.306367570259721278e+00
-2.815217414631601134e-01,-1.309494632060866470e+00
-2.850375193594602008e-01,-1.312632449472069585e+00
-2.885435257791125752e-01,-1.315781181072460004e+00
-2.920395577512233665e-01,-1.318940983523548827e+00
-2.955254108500314225e-01,-1.322112011529996911e+00
-2.990008791825317647e-01,-1.325294417800180424e+00
-3.024657553767597373e-01,-1.328488353006524791e+00
-3.059198305707556687e-01,-1.331693965745649244e+00
-3.093628944022246419e-01,-1.334911402498300204e+00
-3.127947349988933201e-01,-1.338140807589082160e+00
-3.162151389695789239e-01,-1.341382323145988043e+00
-3.196238913959905670e-01,-1.344636089059736861e+00
-3.230207758252587324e-01,-1.347902242942928819e+00
-3.264055742632114843e-01,-1.351180920089000592e+00
-3.297780671684164555e-01,-1.354472253431006301e+00
-3.331380334469830617e-01,-1.357776373500222844e+00
-3.364852504481464779e-01,-1.361093408384581149e+00
-3.398194939606497544e-01,-1.364423483686937777e+00
-3.431405382099174117e-01,-1.367766722483177988e+00
-3.464481558560446040e-01,-1.371123245280169600e+00
-3.497421179926141765e-01,-1.374493169973577400e+00
-3.530221941463411728e-01,-1.377876611805527896e+00
-3.562881522775593335e-01,-1.381273683322143953e+00
-3.595397587815700735e-01,-1.384684494330959970e+00
-3.627767784908474402e-01,-1.388109151858219370e+00
-3.659989746781193709e-01,-1.391547760106050857e+00
-3.692061090603365181e-01,-1.395000420409572728e+00
-3.723979418035295863e-01,-1.398467231193876170e+00
-3.755742315285711119e-01,-1.401948287930939729e+00
-3.787347353178544540e-01,-1.405443683096483376e+00
-3.818792087228898291e-01,-1.408953506126740640e+00
-3.850074057728314902e-01,-1.412477843375191222e+00
-3.881190789839504829e-01,-1.416016778069250748e+00
-3.912139793700498136e-01,-1.419570390266930104e+00
-3.942918564538419601e-01,-1.423138756813477901e+00
-3.973524582792880566e-01,-1.426721951298010493e+00
-4.003955314249166841e-01,-1.430320044010156222e+00
-4.034208210181182142e-01,-1.433933101896710083e+00
-4.064280707504379087e-01,-1.437561188518319266e+00
-4.094170228938548428e-01,-1.441204364006217764e+00
-4.123874183180748498e-01,-1.444862685019009607e+00
-4.153389965088363223e-01,-1.448536204699533814e+00
-4.182714955872244844e-01,-1.452224972631797728e+00
-4.211846523300203371e-01,-1.455929034798021826e+00
-4.240782021910829425e-01,-1.459648433535796208e+00
-4.269518793237578880e-01,-1.463383207495358551e+00
-4.298054166043404067e-01,-1.467133391597023495e+00
-4.326385456565860488e-01,-1.470899016988770791e+00
-4.354509968772679041e-01,-1.474680111003998650e+00
-4.382424994628016934e-01,-1.478476697119482486e+00
-4.410127814369347865e-01,-1.482288794913534380e+00
-4.437615696794931508e-01,-1.486116420024390150e+00
-4.464885899562112126e-01,-1.489959584108828228e+00
-4.491935669496359140e-01,-1.493818294801069646e+00
-4.518762242911023574e-01,-1.497692555671932713e+00
-4.545362845937984120e-01,-1.501582366188290774e+00
-4.571734694869158400e-01,-1.505487721672860157e+00
-4.597874996508776180e-01,-1.509408613264286547e+00
-4.623780948536636570e-01,-1.513345027877605720e+00
-4.649449739882263732e-01,-1.517296948165080206e+00
-4.674878551109888924e-01,-1.521264352477402992e+00
-4.700064554814432083e-01,-1.525247214825323105e+00
-4.725004916028412993e-01,-1.529245504841703296e+00
-4.749696792639681586e-01,-1.533259187744016705e+00
-4.774137335820161643e-01,-1.537288224297313377e+00
-4.798323690465499669e-01,-1.541332570777692368e+00
-4.822252995645503471e-01,-1.545392178936261018e+00
-4.845922385065548066e-01,-1.549466995963636684e+00
-4.869328987538829034e-01,-1.553556964455007572e+00
-4.892469927469358937e-01,-1.557662022375748467e+00
-4.915342325345812280e-01,-1.561782103027648416e+00
-4.937943298246142976e-01,-1.565917135015753914e+00
-4.960269960352821084e-01,-1.570067042215831821e+00
-4.982319423478815401e-01,-1.574231743742511958e+00
-5.004088797604180350e-01,-1.578411153918116927e+00
-5.025575191423115040e-01,-1.582605182242164288e+00
-5.046775712901619970e-01,-1.586813733361633005e+00
-5.067687469845526538e-01,-1.591036707041955101e+00
-5.088307570478858288e-01,-1.595273998138784233e+00
-5.108633124032512240e-01,-1.599525496570565197e+00
-5.128661241343127619e-01,-1.603791087291915662e+00
-5.148389035462007657e-01,-1.608070650267841240e+00
-5.167813622274144425e-01,-1.612364060448822745e+00
-5.186932121127062478e-01,-1.616671187746787641e+00
-5.205741655469527940e-01,-1.620991897011976768e+00
-5.224239353499963157e-01,-1.625326048010760527e+00
-5.242422348824413714e-01,-1.629673495404396544e+00
-5.260287781123971218e-01,-1.634034088728761880e+00
-5.277832796831579687e-01,-1.638407672375095769e+00
-5.295054549818009049e-01,-1.642794085571751994e+00
-5.311950202086898054e-01,-1.647193162367001307e+00
-5.328516924478746697e-01,-1.651604731612903887e+00
-5.344751897383647199e-01,-1.656028616950266930e+00
-5.360652311462656971e-01,-1.660464636794712456e+00
-5.376215368377597059e-01,-1.664912604323887768e+00
-5.391438281529209453e-01,-1.669372327465822536e+00
-5.406318276803353529e-01,-1.673843608888468726e+00
-5.420852593325169444e-01,-1.678326245990447774e+00
-5.435038484221011990e-01,-1.682820030893007912e+00
-5.448873217387958379e-01,-1.687324750433230491e+00
-5.462354076270620196e-01,-1.691840186158506398e+00
-5.475478360645219533e-01,-1.696366114322291896e+00
-5.488243387410507435e-01,-1.700902305881164978e+00
-5.500646491385544623e-01,-1.705448526493235972e+00
-5.512685026113919307e-01,-1.710004536517873763e+00
-5.524356364674317676e-01,-1.714570091016816011e+00
-5.535657900497134021e-01,-1.719144939756671153e+00
-5.546587048186919500e-01,-1.723728827212820613e+00
-5.557141244350444209e-01,-1.728321492574742768e+00
-5.567317948430073882e-01,-1.732922669752798628e+00
-5.577114643542245842e-01,-1.737532087386464363e+00
-5.586528837320756669e-01,-1.742149468854055083e+00
-5.595558062764670604e-01,-1.746774532283946968e+00
-5.604199879090450143e-01,-1.751406990567310418e+00
-5.612451872588158919e-01,-1.756046551372383968e+00
-5.620311657481346090e-01,-1.760692917160296966e+00
-5.627776876790473448e-01,-1.765345785202454998e+00
-5.634845203199396746e-01,-1.770004847599504050e+00
-5.641514339924779131e-01,-1.774669791301907384e+00
-5.647782021588046986e-01,-1.779340298132109810e+00
-5.653646015089578425e-01,-1.784016044808341750e+00
-5.659104120484881317e-01,-1.788696702970062891e+00
-5.664154171862360032e-01,-1.793381939205047848e+00
-5.668794038222384479e-01,-1.798071415078140944e+00
-5.673021624357361681e-01,-1.802764787161684756e+00
-5.676834871732440169e-01,-1.807461707067639756e+00
-5.680231759366524136e-01,-1.812161821481392154e+00
-5.683210304713288696e-01,-1.816864772197276379e+00
-5.685768564541771042e-01,-1.821570196155810617e+00
-5.687904635816329879e-01,-1.826277725482653436e+00
-5.689616656575443576e-01,-1.830986987529301002e+00
-5.690902806809158276e-01,-1.835697604915522474e+00
-5.691761309334713026e-01,-1.840409195573528001e+00
-5.692190430670037715e-01,-1.845121372793915748e+00
-5.692188481904755237e-01,-1.849833745273351315e+00
-5.691753819568280415e-01,-1.854545917164019730e+00
-5.690884846494675964e-01,-1.859257488124849811e+00
-5.689580012683903565e-01,-1.863968053374489342e+00
-5.687837816159043713e-01,-1.868677203746067939e+00
-5.685656803819170158e-01,-1.873384525743723827e+00
-5.683035572287427062e-01,-1.878089601600902103e+00
-5.679972768753958068e-01,-1.882792009340429340e+00
-5.676467091813345300e-01,-1.887491322836354346e+00
-5.672517292296066493e-01,-1.892187111877569716e+00
-5.668122174093676024e-01,-1.896878942233176213e+00
-5.663280594977259108e-01,-1.901566375719641044e+00
-5.657991467408791664e-01,-1.906248970269691867e+00
-5.652253759345028383e-01,-1.910926280002964273e+00
-5.646066495033473798e-01,-1.915597855298414087e+00
-5.639428755800055537e-01,-1.920263242868451847e+00
-5.632339680828181150e-01,-1.924921985834815441e+00
-5.624798467928653345e-01,-1.929573623806171367e+00
-5.616804374300115033e-01,-1.934217692957417301e+00
-5.608356717279664450e-01,-1.938853726110697506e+00
-5.599454875083179628e-01,-1.943481252818108462e+00
-5.590098287534969179e-01,-1.948099799446080693e+00
-5.580286456786367477e-01,-1.952708889261419944e+00
-5.570018948022883443e-01,-1.957308042519017910e+00
-5.559295390159516570e-01,-1.961896776551179000e+00
-5.548115476523793888e-01,-1.966474605858573366e+00
-5.536478965526253626e-01,-1.971041042202804627e+00
-5.524385681317794949e-01,-1.975595594700545465e+00
-5.511835514433767180e-01,-1.980137769919243507e+00
-5.498828422424154594e-01,-1.984667071974380193e+00
-5.485364430469690245e-01,-1.989183002628252206e+00
-5.471443631983343714e-01,-1.993685061390245705e+00
-5.457066189196955186e-01,-1.998172745618611135e+00
-5.442232333732535121e-01,-2.002645550623678883e+00
-5.426942367157939762e-01,-2.007102969772514012e+00
-5.411196661526496143e-01,-2.011544494594978083e+00
-5.394995659900266860e-01,-2.015969614891174100e+00
-5.378339876856552682e-01,-2.020377818840240813e+00
-5.361229898977335484e-01,-2.024768593110475745e+00
-5.343666385321228507e-01,-2.029141422970760278e+00
-5.325650067877732985e-01,-2.033495792403244184e+00
-5.307181752003294894e-01,-2.037831184217262059e+00
-5.288262316838951982e-01,-2.042147080164469664e+00
-5.268892715709206920e-01,-2.046442961055138898e+00
-5.249073976501805738e-01,-2.050718306875602970e+00
-5.228807202028109558e-01,-2.054972596906793125e+00
-5.208093570363740987e-01,-2.059205309843852749e+00
-5.186934335169229859e-01,-2.063415923916781303e+00
-5.165330825990340768e-01,-2.067603917012093007e+00
-5.143284448537832620e-01,-2.071768766795400563e+00
-5.120796684946298249e-01,-2.075909950834953221e+00
-5.097869094011865387e-01,-2.080026946726035941e+00
-5.074503311408535833e-01,-2.084119232216223416e+00
-5.050701049882797555e-01,-2.088186285331437020e+00
-5.026464099426353194e-01,-2.092227584502745596e+00
-5.001794327426678510e-01,-2.096242608693905662e+00
-4.976693678795197084e-01,-2.100230837529571293e+00
-4.951164176072843093e-01,-2.104191751424129286e+00
-4.925207919512818999e-01,-2.108124831711137404e+00
-4.898827087140269487e-01,-2.112029560773295067e+00
-4.872023934788791699e-01,-2.115905422172919437e+00
-4.844800796113517549e-01,-2.119751900782873122e+00
-4.817160082580571046e-01,-2.123568482917906231e+00
-4.789104283432830123e-01,-2.127354656466351912e+00
-4.760635965631743738e-01,-2.131109911022128767e+00
-4.731757773775079889e-01,-2.134833738017023030e+00
-4.702472429990516845e-01,-2.138525630853183479e+00
-4.672782733804916044e-01,-2.142185085035771319e+00
-4.642691561989106264e-01,-2.145811598305753076e+00
-4.612201868378200120e-01,-2.149404670772739223e+00
-4.581316683667255862e-01,-2.152963805047854340e+00
-4.550039115182193394e-01,-2.156488506376569525e+00
-4.518372346625972313e-01,-2.159978282771460645e+00
-4.486319637799930926e-01,-2.163432645144820921e+00
-4.453884324300173558e-01,-2.166851107441106539e+00
-4.421069817189081097e-01,-2.170233186769128242e+00
-4.387879602641898691e-01,-2.173578403533954262e+00
-4.354317241568245178e-01,-2.176886281568502390e+00
-4.320386369208765731e-01,-2.180156348264693733e+00
-4.286090694706788939e-01,-2.183388134704193906e+00
-4.251434000655003875e-01,-2.186581175788653297e+00
-4.216420142617290368e-01,-2.189735010369386004e+00
-4.181053048625691937e-01,-2.192849181376447909e+00
-4.145336718652523622e-01,-2.195923235947073948e+00
-4.109275224057826748e-01,-2.198956725553389724e+00
-4.072872707012146765e-01,-2.201949206129367287e+00
-4.036133379894732975e-01,-2.204900238196974893e+00
-3.999061524667319456e-01,-2.207809386991455014e+00
-3.961661492223613190e-01,-2.210676222585679529e+00
-3.923937701714483861e-01,-2.213500320013546130e+00
-3.885894639849196142e-01,-2.216281259392338221e+00
-3.847536860172731110e-01,-2.219018626044025222e+00
-3.808868982319298380e-01,-2.221712010615422894e+00
-3.769895691242376445e-01,-2.224361009197198147e+00
-3.730621736421404488e-01,-2.226965223441595754e+00
-3.691051931045206680e-01,-2.229524260678964254e+00
-3.651191151172606397e-01,-2.232037734032882081e+00
-3.611044334870257555e-01,-2.234505262533929226e+00
-3.570616481327985592e-01,-2.236926471232045799e+00
-3.529912649951947867e-01,-2.239300991307394906e+00
-3.488937959435833847e-01,-2.241628460179690752e+00
-3.447697586810317683e-01,-2.243908521615979090e+00
-3.406196766471160098e-01,-2.246140825836770549e+00
-3.364440789186239900e-01,-2.248325029620515725e+00
-3.322435001081658346e-01,-2.250460796406373642e+00
-3.280184802607537531e-01,-2.252547796395188762e+00
-3.237695647483536665e-01,-2.254585706648694288e+00
-3.194973041624571408e-01,-2.256574211186855194e+00
-3.152022542047207554e-01,-2.258513001083308769e+00
-3.108849755756810107e-01,-2.260401774558860488e+00
-3.065460338615993430e-01,-2.262240237073031235e+00
-3.021859994194852628e-01,-2.264028101413547933e+00
-2.978054472603124947e-01,-2.265765087783795817e+00
-2.934049569304796323e-01,-2.267450923888156389e+00
-2.889851123915719300e-01,-2.269085345015215527e+00
-2.845465018984383865e-01,-2.270668094118780456e+00
-2.800897178756399652e-01,-2.272198921896697144e+00
-2.756153567923284031e-01,-2.273677586867388634e+00
-2.711240190355715951e-01,-2.275103855444156942e+00
-2.666163087821850630e-01,-2.276477502007099307e+00
-2.620928338691294601e-01,-2.277798308972716956e+00
-2.575542056624963716e-01,-2.279066066861124007e+00
-2.530010389251393099e-01,-2.280280574360839196e+00
-2.484339516830185723e-01,-2.281441638391120907e+00
-2.438535650902769192e-01,-2.282549074161839719e+00
-2.392605032931110487e-01,-2.283602705230843632e+00
-2.346553932925072028e-01,-2.284602363558781768e+00
-2.300388648058596108e-01,-2.285547889561385659e+00
-2.254115501275411049e-01,-2.286439132159159282e+00
-2.207740839884921868e-01,-2.287275948824476046e+00
-2.161271034148531112e-01,-2.288058205626028130e+00
-2.114712475857058460e-01,-2.288785777270660571e+00
-2.068071576899982167e-01,-2.289458547142508404e+00
-2.021354767826727683e-01,-2.290076407339463049e+00
-1.974568496400700701e-01,-2.290639258706943071e+00
-1.927719226146797360e-01,-2.291147010868932909e+00
-1.880813434892632530e-01,-2.291599582256292233e+00
-1.833857613304195888e-01,-2.291996900132331927e+00
-1.786858263416677139e-01,-2.292338900615612296e+00
-1.739821897160700181e-01,-2.292625528699995474e+00
-1.692755034884703413e-01,-2.292856738271892070e+00
-1.645664203874204756e-01,-2.293032492124746469e+00
-1.598555936868191474e-01,-2.293152761970716824e+00
-1.551436770573392521e-01,-2.293217528449561282e+00
-1.504313244177162834e-01,-2.293226781134711345e+00
-1.457191897859233254e-01,-2.293180518536551027e+00
-1.410079271303083803e-01,-2.293078748102890696e+00
-1.362981902207661133e-01,-2.292921486216615623e+00
-1.315906324799716864e-01,-2.292708758190554530e+00
-1.268859068347489849e-01,-2.292440598259517071e+00
-1.221846655676500221e-01,-2.292117049569551313e+00
-1.174875601687676158e-01,-2.291738164164395020e+00
-1.127952411878578309e-01,-2.291304002969142939e+00
-1.081083580868450467e-01,-2.290814635771131869e+00
-1.034275590927340172e-01,-2.290270141198054166e+00
-9.875349105100313107e-02,-2.289670606693310351e+00
-9.408679927955167221e-02,-2.289016128488613688e+00
-8.942812742322024666e-02,-2.288306811573844968e+00
-8.477811730897445719e-02,-2.287542769664200115e+00
-8.013740880179334725e-02,-2.286724125164619537e+00
-7.550663966131164473e-02,-2.285851009131547151e+00
-7.088644539928595778e-02,-2.284923561231980038e+00
-6.627745913793166299e-02,-2.283941929699891293e+00
-6.168031146917692109e-02,-2.282906271290020772e+00
-5.709563031490260537e-02,-2.281816751229036822e+00
-5.252404078821362732e-02,-2.280673543164128070e+00
-4.796616505578576301e-02,-2.279476829109016833e+00
-4.342262220135571088e-02,-2.278226799387428336e+00
-3.889402809039754078e-02,-2.276923652574070811e+00
-3.438099523602823615e-02,-2.275567595433111379e+00
-2.988413266620776679e-02,-2.274158842854191231e+00
-2.540404579227458284e-02,-2.272697617786026747e+00
-2.094133627885759116e-02,-2.271184151167599641e+00
-1.649660191522737962e-02,-2.269618681856992559e+00
-1.207043648812550565e-02,-2.268001456557900308e+00
-7.663429656110621810e-03,-2.266332729743813612e+00
-3.276166825481352171e-03,-2.264612763579964216e+00
1.090770972187369908e-03,-2.262841827843043774e+00
5.436807200858501804e-03,-2.261020199838707612e+00
9.761369939140403240e-03,-2.259148164316957974e+00
1.406389199765358845e-02,-2.257226013385390306e+00
1.834381103462359025e-02,-2.255254046420354541e+00
2.260056966964547193e-02,-2.253232569976118871e+00
2.683361559558896173e-02,-2.251161897692009362e+00
3.104240168861381599e-02,-2.249042350197603124e+00
3.522638611624429733e-02,-2.246874255016022559e+00
3.938503244347466709e-02,-2.244657946465344001e+00
4.351780973687807003e-02,-2.242393765558216234e+00
4.762419266667156093e-02,-2.240082059899672018e+00
5.170366160671194949e-02,-2.237723183583221864e+00
5.575570273239828512e-02,-2.235317497085269611e+00
5.977980811643671816e-02,-2.232865367157872427e+00
6.377547582244627589e-02,-2.230367166719930960e+00
6.774220999638422280e-02,-2.227823274746819404e+00
7.167952095575064186e-02,-2.225234076158528751e+00
7.558692527655404281e-02,-2.222599961706369420e+00
7.946394587802013687e-02,-2.219921327858267457e+00
8.331011210500662012e-02,-2.217198576682718691e+00
8.712495980810991414e-02,-2.214432115731452821e+00
9.090803142144911198e-02,-2.211622357920846049e+00
9.465887603809369777e-02,-2.208769721412141340e+00
9.837704948312499253e-02,-2.205874629490525152e+00
1.020621143843188500e-01,-2.202937510443112146e+00
1.057136402404218051e-01,-2.199958797435882296e+00
1.093312034870123350e-01,-2.196938928389655654e+00
1.129143875599395025e-01,-2.193878345855102996e+00
1.164627829563149725e-01,-2.190777496886879394e+00
1.199759872930527271e-01,-2.187636832916947771e+00
1.234536053629535085e-01,-2.184456809627091545e+00
1.268952491883126310e-01,-2.181237886820722505e+00
1.303005380720496376e-01,-2.177980528294024776e+00
1.336690986463620057e-01,-2.174685201706445525e+00
1.370005649188802688e-01,-2.171352378450647436e+00
1.402945783163337401e-01,-2.167982533521937150e+00
1.435507877257259368e-01,-2.164576145387229644e+00
1.467688495330065068e-01,-2.161133695853602266e+00
1.499484276592472076e-01,-2.157655669936489939e+00
1.530891935943275439e-01,-2.154142555727586839e+00
1.561908264281202385e-01,-2.150594844262461169e+00
1.592530128791869171e-01,-2.147013029388025185e+00
1.622754473209938042e-01,-2.143397607629797808e+00
1.652578318056396323e-01,-2.139749078059085541e+00
1.681998760851120545e-01,-2.136067942160145616e+00
1.711012976300819721e-01,-2.132354703697301623e+00
1.739618216462364975e-01,-2.128609868582147069e+00
1.767811810881640133e-01,-2.124833944740838199e+00
1.795591166708105646e-01,-2.121027441981542694e+00
1.822953768785049444e-01,-2.117190871862081103e+00
1.849897179715767059e-01,-2.113324747557829397e+00
1.876419039905798669e-01,-2.109429583729907520e+00
1.902517067581330767e-01,-2.105505896393712550e+00
1.928189058783955356e-01,-2.101554202787860426e+00
1.953432887341990387e-01,-2.097575021243553994e+00
1.978246504818477469e-01,-2.093568871054418690e+00
2.002627940436086107e-01,-2.089536272346904866e+00
2.026575300979157890e-01,-2.085477745951231476e+00
2.050086770673030245e-01,-2.081393813272973237e+00
2.073160611040905654e-01,-2.077284996165287723e+00
2.095795160738508356e-01,-2.073151816801862335e+00
2.117988835366718670e-01,-2.068994797550601117e+00
2.139740127262451386e-01,-2.064814460848110489e+00
2.161047605268070493e-01,-2.060611329075001219e+00
2.181909914479542023e-01,-2.056385924432070578e+00
2.202325775973605348e-01,-2.052138768817369563e+00
2.222293986514300435e-01,-2.047870383704257780e+00
2.241813418239053946e-01,-2.043581290020406449e+00
2.260883018324649496e-01,-2.039272008027848138e+00
2.279501808633417337e-01,-2.034943057204057659e+00
2.297668885339878286e-01,-2.030594956124153416e+00
2.315383418538204952e-01,-2.026228222344212515e+00
2.332644651830809157e-01,-2.021843372285736962e+00
2.349451901898353123e-01,-2.017440921121345543e+00
2.365804558051546602e-01,-2.013021382661654535e+00
2.381702081765059431e-01,-2.008585269243439608e+00
2.397144006193860921e-01,-2.004133091619066942e+00
2.412129935672360226e-01,-1.999665358847273700e+00
2.426659545196704904e-01,-1.995182578185247246e+00
2.440732579890559917e-01,-1.990685254982109464e+00
2.454348854454739826e-01,-1.986173892573792843e+00
2.467508252601081642e-01,-1.981648992179334101e+00
2.480210726470890858e-01,-1.977111052798621982e+00
2.492456296038331465e-01,-1.972560571111622751e+00
2.504245048499183501e-01,-1.967998041379091623e+00
2.515577137645275685e-01,-1.963423955344805849e+00
2.526452783225010545e-01,-1.958838802139348578e+00
2.536872270290386755e-01,-1.954243068185432364e+00
2.546835948530843940e-01,-1.949637237104814069e+00
2.556344231594363525e-01,-1.945021789626807829e+00
2.565397596396211122e-01,-1.940397203498403389e+00
2.573996582415698509e-01,-1.935763953396020476e+00
2.582141790981339891e-01,-1.931122510838910511e+00
2.589833884544843756e-01,-1.926473344104217889e+00
2.597073585944316143e-01,-1.921816918143712138e+00
2.603861677657020590e-01,-1.917153694502216732e+00
2.610199001042182165e-01,-1.912484131237721874e+00
2.616086455574159753e-01,-1.907808682843223469e+00
2.621524998066409040e-01,-1.903127800170272943e+00
2.626515641886635888e-01,-1.898441930354255902e+00
2.631059456163541976e-01,-1.893751516741411622e+00
2.635157564985526335e-01,-1.889056998817599808e+00
2.638811146591798495e-01,-1.884358812138807959e+00
2.642021432556211913e-01,-1.879657388263425100e+00
2.644789706964310039e-01,-1.874953154686278323e+00
2.647117305583887581e-01,-1.870246534774425040e+00
2.649005615029531580e-01,-1.865537947704720478e+00
2.650456071921465928e-01,-1.860827808403157535e+00
2.651470162039147316e-01,-1.856116527485972778e+00
2.652049419469948432e-01,-1.851404511202525693e+00
2.652195425753341440e-01,-1.846692161379961838e+00
2.651909809020950859e-01,-1.841979875369623043e+00
2.651194243132863892e-01,-1.837268045995251287e+00
2.650050446810561788e-01,-1.832557061502947615e+00
2.648480182766845270e-01,-1.827847305512895204e+00
2.646485256833133182e-01,-1.823139156972837460e+00
2.644067517084500163e-01,-1.818432990113325154e+00
2.641228852962805296e-01,-1.813729174404692168e+00
2.637971194398288644e-01,-1.809028074515788065e+00
2.634296510929975965e-01,-1.804330050274440600e+00
2.630206810825250208e-01,-1.799635456629645525e+00
2.625704140198935610e-01,-1.794944643615472568e+00
2.620790582132263014e-01,-1.790257956316693821e+00
2.615468255792003927e-01,-1.785575734836095219e+00
2.609739315550165806e-01,-1.780898314263488658e+00
2.603605950104547762e-01,-1.776226024646402557e+00
2.597070381600493083e-01,-1.771559190962439301e+00
2.590134864754153332e-01,-1.766898133093281142e+00
2.582801685977624273e-01,-1.762243165800352340e+00
2.575073162506169022e-01,-1.757594598702097333e+00
2.566951641527970840e-01,-1.752952736252880950e+00
2.558439499316592092e-01,-1.748317877723493341e+00
2.549539140366529066e-01,-1.743690317183233640e+00
2.540252996532111340e-01,-1.739070343483568371e+00
2.530583526170037123e-01,-1.734458240243349714e+00
2.520533213285837126e-01,-1.729854285835562555e+00
2.510104566684548399e-01,-1.725258753375604748e+00
2.499300119125864583e-01,-1.720671910711067953e+00
2.488122426484004612e-01,-1.716094020413002630e+00
2.476574066912611560e-01,-1.711525339768655396e+00
2.464657640014910056e-01,-1.706966120775668339e+00
2.452375766019335157e-01,-1.702416610137688968e+00
2.439731084960969076e-01,-1.697877049261419025e+00
2.426726255868925930e-01,-1.693347674255037738e+00
2.413363955959964835e-01,-1.688828715928003987e+00
2.399646879838589764e-01,-1.684320399792229139e+00
2.385577738703782147e-01,-1.679822946064562617e+00
2.371159259562621024e-01,-1.675336569670596187e+00
2.356394184451052476e-01,-1.670861480249784314e+00
2.341285269661888546e-01,-1.666397882161794186e+00
2.325835284980364848e-01,-1.661945974494150491e+00
2.310047012927351762e-01,-1.657505951071076788e+00
2.293923248010460714e-01,-1.653078000463564123e+00
2.277466795983222048e-01,-1.648662306000617805e+00
2.260680473112460787e-01,-1.644259045781665929e+00
2.243567105454101762e-01,-1.639868392690115861e+00
2.226129528137544833e-01,-1.635490514408029616e+00
2.208370584658728708e-01,-1.631125573431886799e+00
2.190293126182103756e-01,-1.626773727089434685e+00
2.171900010851620655e-01,-1.622435127557585899e+00
2.153194103110840085e-01,-1.618109921881341284e+00
2.134178273032382722e-01,-1.613798251993719735e+00
2.114855395656786430e-01,-1.609500254736687896e+00
2.095228350340884171e-01,-1.605216061883021572e+00
2.075300020115872224e-01,-1.600945800159131682e+00
2.055073291055152795e-01,-1.596689591268795061e+00
2.034551051652021547e-01,-1.592447551917777870e+00
2.013736192207372655e-01,-1.588219793839326544e+00
1.992631604227474151e-01,-1.584006423820515153e+00
1.971240179831872108e-01,-1.579807543729406127e+00
1.949564811171582146e-01,-1.575623250543017662e+00
1.927608389857610183e-01,-1.571453636376077823e+00
1.905373806399830727e-01,-1.567298788510514962e+00
1.882863949656388702e-01,-1.563158789425703965e+00
1.860081706293610082e-01,-1.559033716829414828e+00
1.837029960256488237e-01,-1.554923643689446910e+00
1.813711592249844240e-01,-1.550828638265940196e+00
1.790129479230183340e-01,-1.546748764144322719e+00
1.766286493908244826e-01,-1.542684080268887481e+00
1.742185504262379891e-01,-1.538634640976972223e+00
1.717829373062723652e-01,-1.534600496033716732e+00
1.693220957406175176e-01,-1.530581690667375039e+00
1.668363108262284067e-01,-1.526578265605176954e+00
1.643258670030013358e-01,-1.522590257109699419e+00
1.617910480105366477e-01,-1.518617697015735013e+00
1.592321368459967967e-01,-1.514660612767632530e+00
1.566494157230556850e-01,-1.510719027457105179e+00
1.540431660319367679e-01,-1.506792959861459558e+00
1.514136683005461170e-01,-1.502882424482247403e+00
1.487612021566979137e-01,-1.498987431584316576e+00
1.460860462914260471e-01,-1.495107987235226199e+00
1.433884784233885323e-01,-1.491244093345035937e+00
1.406687752643597800e-01,-1.487395747706419025e+00
1.379272124858040571e-01,-1.483562944035099473e+00
1.351640646865357176e-01,-1.479745672010595925e+00
1.323796053614595958e-01,-1.475943917317239507e+00
1.295741068713837929e-01,-1.472157661685467689e+00
1.267478404139105452e-01,-1.468386882933351512e+00
1.239010759953963758e-01,-1.464631555008373054e+00
1.210340824039724261e-01,-1.460891648029394974e+00
1.181471271836315451e-01,-1.457167128328843653e+00
1.152404766093699240e-01,-1.453457958495064206e+00
1.123143956633757684e-01,-1.449764097414846908e+00
1.093691480122678805e-01,-1.446085500316094397e+00
1.064049959853737987e-01,-1.442422118810624765e+00
1.034222005540374328e-01,-1.438773900937098338e+00
1.004210213119584444e-01,-1.435140791204041921e+00
9.740171645655326671e-02,-1.431522730632967200e+00
9.436454277132483304e-02,-1.427919656801559078e+00
9.130975560924478596e-02,-1.424331503886925976e+00
8.823760887713590073e-02,-1.420758202708905626e+00
8.514835502104142750e-02,-1.417199680773393311e+00
8.204224501258479407e-02,-1.413655862315698064e+00
7.891952833630580533e-02,-1.410126668343913758e+00
7.578045297796064117e-02,-1.406612016682274868e+00
7.262526541378701295e-02,-1.403111822014507792e+00
6.945421060072183572e-02,-1.399625995927155531e+00
6.626753196755617858e-02,-1.396154446952856398e+00
6.306547140702965792e-02,-1.392697080613582994e+00
5.984826926885072895e-02,-1.389253799463823880e+00
5.661616435362645805e-02,-1.385824503133691765e+00
5.336939390770500252e-02,-1.382409088371951533e+00
5.010819361891454687e-02,-1.379007449088972548e+00
4.683279761318441536e-02,-1.375619476399565055e+00
4.354343845204922125e-02,-1.372245058665730655e+00
4.024034713101697081e-02,-1.368884081539284869e+00
3.692375307879837421e-02,-1.365536428004367808e+00
3.359388415737658146e-02,-1.362201978419816051e+00
3.025096666291983427e-02,-1.358880610561404856e+00
2.689522532751988104e-02,-1.355572199663939159e+00
2.352688332174086849e-02,-1.352276618463203794e+00
2.014616225797882798e-02,-1.348993737237740298e+00
1.675328219461554025e-02,-1.345723423850481826e+00
1.334846164095030048e-02,-1.342465543790193339e+00
9.931917562909944527e-03,-1.339219960212762794e+00
6.503865389520541856e-03,-1.335986533982295388e+00
3.064519020123921550e-03,-1.332765123712027933e+00
-3.859091676606643583e-04,-1.329555585805052509e+00
-3.847208309246459568e-03,-1.326357774494855146e+00
-7.319169043678050261e-03,-1.323171541885646674e+00
-1.080158350351862612e-02,-1.319996737992493951e+00
-1.429424530404280018e-02,-1.316833210781259034e+00
-1.779694953175245051e-02,-1.313680806208313623e+00
-2.130949273221497894e-02,-1.310539368260058346e+00
-2.483167289724155097e-02,-1.307408738992226427e+00
-2.836328945142274280e-02,-1.304288758568965312e+00
-3.190414323802108487e-02,-1.301179265301714238e+00
-3.545403650423809006e-02,-1.298080095687853985e+00
-3.901277288587360476e-02,-1.294991084449148122e+00
-4.258015739137641781e-02,-1.291912064569955110e+00
-4.615599638530463317e-02,-1.288842867335231013e+00
-4.974009757121251873e-02,-1.285783322368295511e+00
-5.333226997396432051e-02,-1.282733257668389859e+00
-5.693232392149204235e-02,-1.279692499648017456e+00
-6.054007102601511453e-02,-1.276660873170051280e+00
-6.415532416472168042e-02,-1.273638201584623708e+00
-6.777789745992890413e-02,-1.270624306765810507e+00
-7.140760625874019440e-02,-1.267619009148082121e+00
-7.504426711219910895e-02,-1.264622127762540682e+00
-7.868769775395663413e-02,-1.261633480272956076e+00
-8.233771707847122034e-02,-1.258652883011564860e+00
-8.599414511873967881e-02,-1.255680151014680446e+00
-8.965680302357680043e-02,-1.252715098058081900e+00
-9.332551303446227908e-02,-1.249757536692197801e+00
-9.700009846195320473e-02,-1.246807278277089370e+00
-1.006803836616805836e-01,-1.243864133017229090e+00
-1.043661940099474134e-01,-1.240927909996085932e+00
-1.080573558789272304e-01,-1.237998417210510738e+00
-1.117536966114814206e-01,-1.235075461604931535e+00
-1.154550444956122940e-01,-1.232158849105361220e+00
-1.191612287385515612e-01,-1.229248384653226278e+00
-1.228720794405017275e-01,-1.226343872239008759e+00
-1.265874275680480832e-01,-1.223445114935711509e+00
-1.303071049272402637e-01,-1.220551914932161308e+00
-1.340309441363608245e-01,-1.217664073566137928e+00
-1.377587785983989122e-01,-1.214781391357336648e+00
-1.414904424732275345e-01,-1.211903668040181126e+00
-1.452257706495017897e-01,-1.209030702596482376e+00
-1.489645987162970808e-01,-1.206162293287944109e+00
-1.527067629344841526e-01,-1.203298237688529726e+00
-1.564521002078591017e-01,-1.200438332716697643e+00
-1.602004480540474562e-01,-1.197582374667488736e+00
-1.639516445751784401e-01,-1.194730159244503431e+00
-1.677055284283495706e-01,-1.191881481591752223e+00
-1.714619387958961627e-01,-1.189036136325388071e+00
-1.752207153554678765e-01,-1.186193917565329992e+00
-1.789816982499265186e-01,-1.183354618966791838e+00
-1.827447280570844435e-01,-1.180518033751702056e+00
-1.865096457592819446e-01,-1.177683954740041505e+00
-1.902762927128193449e-01,-1.174852174381091574e+00
-1.940445106172651868e-01,-1.172022484784606133e+00
-1.978141414846336932e-01,-1.169194677751903333e+00
-2.015850276084538428e-01,-1.166368544806909435e+00
-2.053570115327434387e-01,-1.163543877227121381e+00
-2.091299360208900282e-01,-1.160720466074530055e+00
-2.129036440244535255e-01,-1.157898102226495141e+00
-2.166779786519093809e-01,-1.155076576406576683e+00
-2.204527831373300772e-01,-1.152255679215334894e+00
-2.242279008090219405e-01,-1.149435201161105313e+00
-2.280031750581364147e-01,-1.146614932690746880e+00
-2.317784493072515550e-01,-1.143794664220387336e+00
-2.355535669789433628e-01,-1.140974186166157756e+00
-2.393283714643632820e-01,-1.138153288974915966e+00
-2.431027060918199145e-01,-1.135331763154997065e+00
-2.468764140953833286e-01,-1.132509399306961484e+00
-2.506493385835293353e-01,-1.129685988154370158e+00
-2.544213225078196805e-01,-1.126861320574580994e+00
-2.581922086316401077e-01,-1.124035187629587762e+00
-2.619618394990079202e-01,-1.121207380596885850e+00
-2.657300574034545670e-01,-1.118377691000398633e+00
-2.694967043569918563e-01,-1.115545910641448257e+00
-2.732616220591885803e-01,-1.112711831629788151e+00
-2.770246518663473378e-01,-1.109875246414698147e+00
-2.807856347608060354e-01,-1.107035947816160215e+00
-2.845444113203771108e-01,-1.104193729056103246e+00
-2.883008216879244245e-01,-1.101348383789737317e+00
-2.920547055410954718e-01,-1.098499706136986775e+00
-2.958059020622257895e-01,-1.095647490714002803e+00
-2.995542499084151156e-01,-1.092791532664793897e+00
-3.032995871817900091e-01,-1.089931627692960925e+00
-3.070417513999761927e-01,-1.087067572093547430e+00
-3.107805794667725108e-01,-1.084199162785007831e+00
-3.145159076430468215e-01,-1.081326197341307971e+00
-3.182475715178748610e-01,-1.078448474024153558e+00
-3.219754059799134760e-01,-1.075565791815351391e+00
-3.256992451890339257e-01,-1.072677950449327122e+00
-3.294189225482254679e-01,-1.069784750445777588e+00
-3.331342706757725036e-01,-1.066885993142480782e+00
-3.368451213777224895e-01,-1.063981480728263040e+00
-3.405513056206606604e-01,-1.061071016276127432e+00
-3.442526535047913394e-01,-1.058154403776557562e+00
-3.479489942373460432e-01,-1.055231448170977693e+00
-3.516401561063252079e-01,-1.052301955385403387e+00
-3.553259664545918572e-01,-1.049365732364260895e+00
-3.590062516543201521e-01,-1.046422587104401059e+00
-3.626808370818103144e-01,-1.043472328689293072e+00
-3.663495470926959596e-01,-1.040514767323409639e+00
-3.700122049975339555e-01,-1.037549714366810649e+00
-3.736686330378015120e-01,-1.034576982369926901e+00
-3.773186523623161537e-01,-1.031596385108535907e+00
-3.809620830040741923e-01,-1.028607737618949525e+00
-3.845987438575324546e-01,-1.025610856233408752e+00
-3.882284526563437588e-01,-1.022605558615680144e+00
-3.918510259515518568e-01,-1.019591663796866721e+00
-3.954662790902575553e-01,-1.016568992211440925e+00
-3.990740261947808842e-01,-1.013537365733474305e+00
-4.026740801423094873e-01,-1.010496607713101458e+00
-4.062662525450608797e-01,-1.007446543013197138e+00
-4.098503537309686195e-01,-1.004386998046260748e+00
-4.134261927248975010e-01,-1.001317800811536429e+00
-4.169935772303997590e-01,-9.982387809323454153e-01
-4.205523136120349892e-01,-9.951497696936393300e-01
-4.241022068782529519e-01,-9.920506000797791879e-01
-4.276430606648506383e-01,-9.889411068125268933e-01
-4.311746772190317989e-01,-9.858211263892661114e-01
-4.346968573840591099e-01,-9.826904971214337481e-01
-4.382094005845212914e-01,-9.795490591731793595e-01
-4.417121048122310545e-01,-9.763966546002341707e-01
-4.452047666127558201e-01,-9.732331273889976986e-01
-4.486871810725953091e-01,-9.700583234958455314e-01
-4.521591418070265989e-01,-9.668720908866362818e-01
-4.556204409486131479e-01,-9.636742795764383640e-01
-4.590708691363968863e-01,-9.604647416694639395e-01
-4.625102155057935760e-01,-9.572433313991957071e-01
-4.659382676791838929e-01,-9.540099051687274123e-01
-4.693548117572238776e-01,-9.507643215912975343e-01
-4.727596323108892440e-01,-9.475064415310088251e-01
-4.761525123742527676e-01,-9.442361281437482434e-01
-4.795332334380142392e-01,-9.409532469182851910e-01
-4.829015754437933072e-01,-9.376576657175491603e-01
-4.862573167791939821e-01,-9.343492548200842407e-01
-4.896002342736499036e-01,-9.310278869616729347e-01
-4.929301031950718559e-01,-9.276934373771213993e-01
-4.962466972472912019e-01,-9.243457838422043382e-01
-4.995497885683228279e-01,-9.209848067157582197e-01
-5.028391477294575918e-01,-9.176103889819231529e-01
-5.061145437351882714e-01,-9.142224162925147724e-01
-5.093757440239787826e-01,-9.108207770095348987e-01
-5.126225144698999259e-01,-9.074053622477964431e-01
-5.158546193851245576e-01,-9.039760659176642177e-01
-5.190718215233038890e-01,-9.005327847679067688e-01
-5.222738820838298546e-01,-8.970754184286339195e-01
-5.254605607169960946e-01,-8.936038694543331218e-01
-5.286316155300612163e-01,-8.901180433669804160e-01
-5.317868030942342061e-01,-8.866178486992138952e-01
-5.349258784525798838e-01,-8.831031970375744500e-01
-5.380485951288591639e-01,-8.795740030657898112e-01
-5.411547051373153394e-01,-8.760301846080947863e-01
-5.442439589934100486e-01,-8.724716626725816937e-01
-5.473161057255189199e-01,-8.688983614945615663e-01
-5.503708928875987727e-01,-8.653102085799300180e-01
-5.534080665728277060e-01,-8.617071347485205646e-01
-5.564273714282328420e-01,-8.580890741774461761e-01
-5.594285506703111643e-01,-8.544559644443906476e-01
-5.624113461016483351e-01,-8.508077465708626663e-01
-5.653754981285429304e-01,-8.471443650653922575e-01
-5.683207457796506379e-01,-8.434657679666393015e-01
-5.712468267256454180e-01,-8.397719068864226699e-01
-5.741534772999070668e-01,-8.360627370526446667e-01
-5.770404325202472817e-01,-8.323382173520932348e-01
-5.799074261116714535e-01,-8.285983103731133781e-01
-5.827541905301860670e-01,-8.248429824481344763e-01
-5.855804569876580379e-01,-8.210722036960188541e-01
-5.883859554777344236e-01,-8.172859480642454821e-01
-5.911704148028102956e-01,-8.134841933708893968e-01
-5.939335626020776360e-01,-8.096669213463855153e-01
-5.966751253806334976e-01,-8.058341176750657420e-01
-5.993948285396618614e-01,-8.019857720364483855e-01
-6.020923964076982937e-01,-7.981218781462589007e-01
-6.047675522729702990e-01,-7.942424337971688564e-01
-6.074200184168183636e-01,-7.903474408992374745e-01
-6.100495161482086814e-01,-7.864369055200257641e-01
-6.126557658393277928e-01,-7.825108379243792545e-01
-6.152384869622684604e-01,-7.785692526138520142e-01
-6.177973981268077841e-01,-7.746121683657498647e-01
-6.203322171192726664e-01,-7.706396082717837936e-01
-6.228426609424999594e-01,-7.666515997763063694e-01
-6.253284458568888482e-01,-7.626481747141080625e-01
-6.277892874225444730e-01,-7.586293693477653699e-01
-6.302249005425100137e-01,-7.545952244045093238e-01
-6.326349995070958965e-01,-7.505457851125946211e-01
-6.350192980392901365e-01,-7.464811012371593835e-01
-6.373775093412563653e-01,-7.424012271155421283e-01
-6.397093461419206539e-01,-7.383062216920347476e-01
-6.420145207456325886e-01,-7.341961485520666075e-01
-6.442927450819108115e-01,-7.300710759557773599e-01
-6.465437307562540425e-01,-7.259310768709664741e-01
-6.487671891020322379e-01,-7.217762290054019481e-01
-6.509628312334294620e-01,-7.176066148384605548e-01
-6.531303680994582361e-01,-7.134223216520735322e-01
-6.552695105390191621e-01,-7.092234415609630638e-01
-6.573799693370092623e-01,-7.050100715421511177e-01
-6.594614552814737074e-01,-7.007823134637003459e-01
-6.615136792217867212e-01,-6.965402741126817121e-01
-6.635363521278588861e-01,-6.922840652223459790e-01
-6.655291851503596368e-01,-6.880138034984566442e-01
-6.674918896819497238e-01,-6.837296106447892097e-01
-6.694241774195094363e-01,-6.794316133877558173e-01
-6.713257604273550339e-01,-6.751199435001363769e-01
-6.731963512014335071e-01,-6.707947378238905412e-01
-6.750356627344821225e-01,-6.664561382920402011e-01
-6.768434085821437574e-01,-6.621042919495887524e-01
-6.786193029300249258e-01,-6.577393509734461574e-01
-6.803630606616808407e-01,-6.533614726913586912e-01
-6.820743974275167432e-01,-6.489708195998097340e-01
-6.837530297145927305e-01,-6.445675593808577464e-01
-6.853986749173172077e-01,-6.401518649179103182e-01
-6.870110514090063125e-01,-6.357239143103980972e-01
-6.885898786143077599e-01,-6.312838908873247279e-01
-6.901348770824600187e-01,-6.268319832196799224e-01
-6.916457685613759399e-01,-6.223683851316909044e-01
-6.931222760725328502e-01,-6.178932957108779211e-01
-6.945641239866490180e-01,-6.134069193169130463e-01
-6.959710381001302792e-01,-6.089094655892454133e-01
-6.973427457122677309e-01,-6.044011494534708984e-01
-6.986789757031633963e-01,-5.998821911264382578e-01
-6.999794586123674334e-01,-5.953528161200560831e-01
-7.012439267182041247e-01,-5.908132552437872498e-01
-7.024721141177606709e-01,-5.862637446058083235e-01
-7.036637568075315707e-01,-5.817045256128211550e-01
-7.048185927646708482e-01,-5.771358449684746983e-01
-7.059363620288572339e-01,-5.725579546704068212e-01
-7.070168067847255600e-01,-5.679711120058695828e-01
-7.080596714448541551e-01,-5.633755795459131077e-01
-7.090647027332740437e-01,-5.587716251381256161e-01
-7.100316497694816320e-01,-5.541595218979067372e-01
-7.109602641529230160e-01,-5.495395481982418007e-01
-7.118503000479287079e-01,-5.449119876579807675e-01
-7.127015142690664717e-01,-5.402771291285926036e-01
-7.135136663668862900e-01,-5.356352666793758877e-01
-7.142865187140318151e-01,-5.309866995811193258e-01
-7.150198365916847765e-01,-5.263317322881907456e-01
-7.157133882763181409e-01,-5.216706744190338085e-01
-7.163669451267237198e-01,-5.170038407350699972e-01
-7.169802816712861349e-01,-5.123315511179855619e-01
-7.175531756954702800e-01,-5.076541305453797781e-01
-7.180854083294955226e-01,-5.029719090647802870e-01
-7.185767641361625602e-01,-4.982852217660016514e-01
-7.190270311987939644e-01,-4.935944087518298606e-01
-7.194360012092666512e-01,-4.888998151070332865e-01
-7.198034695560980856e-01,-4.842017908656867098e-01
-7.201292354125494732e-01,-4.795006909767836056e-01
-7.204131018247190710e-01,-4.747968752681507310e-01
-7.206548757995828725e-01,-4.700907084086392573e-01
-7.208543683929540258e-01,-4.653825598685830678e-01
-7.210113947973255666e-01,-4.606728038785296575e-01
-7.211257744295554994e-01,-4.559618193862269298e-01
-7.211973310183640296e-01,-4.512499900118556728e-01
-7.212258926916030877e-01,-4.465377040015163224e-01
-7.212112920632646196e-01,-4.418253541789524674e-01
-7.211533663201845634e-01,-4.371133378955074922e-01
-7.210519573084167577e-01,-4.324020569783218471e-01
-7.209069116192230453e-01,-4.276919176767594033e-01
-7.207180806746589230e-01,-4.229833306070550636e-01
-7.204853208127005582e-01,-4.182767106952005598e-01
-7.202084933718906345e-01,-4.135724771180536719e-01
-7.198874647754494038e-01,-4.088710532426716449e-01
-7.195221066148226319e-01,-4.041728665638779638e-01
-7.191122957326242515e-01,-3.994783486400656503e-01
-7.186579143049336427e-01,-3.947879350272222587e-01
-7.181588499229116795e-01,-3.901020652112040521e-01
-7.176149956736871394e-01,-3.854211825382530265e-01
-7.170262502204891586e-01,-3.807457341437548992e-01
-7.163925178819732231e-01,-3.760761708792592639e-01
-7.157137087107028339e-01,-3.714129472377632468e-01
-7.149897385707560948e-01,-3.667565212772588290e-01
-7.142205292144058193e-01,-3.621073545425653184e-01
-7.134060083578421807e-01,-3.574659119854556866e-01
-7.125461097558939416e-01,-3.528326618830730510e-01
-7.116407732757085158e-01,-3.482080757546677230e-01
-7.106899449693567794e-01,-3.435926282766621487e-01
-7.096935771453108943e-01,-3.389867971960452975e-01
-7.086516284387732734e-01,-3.343910632421281948e-01
-7.075640638807993987e-01,-3.298059100366713126e-01
-7.064308549661907355e-01,-3.252318240023867602e-01
-7.052519797201051155e-01,-3.206692942698537441e-01
-7.040274227633606108e-01,-3.161188125828550133e-01
-7.027571753763797169e-01,-3.115808732021445038e-01
-7.014412355617450912e-01,-3.070559728076847628e-01
-7.000796081053268782e-01,-3.025446103993684743e-01
-6.986723046359415434e-01,-2.980472871962310255e-01
-6.972193436835065761e-01,-2.935645065342032400e-01
-6.957207507356566456e-01,-2.890967737624097200e-01
-6.941765582927770240e-01,-2.846445961380389966e-01
-6.925868059214254080e-01,-2.802084827198209060e-01
-6.909515403061056160e-01,-2.757889442601298424e-01
-6.892708152993515247e-01,-2.713864930957394783e-01
-6.875446919700912707e-01,-2.670016430372660343e-01
-6.857732386502587429e-01,-2.626349092573244115e-01
-6.839565309796128423e-01,-2.582868081774221114e-01
-6.820946519487356419e-01,-2.539578573536322437e-01
-6.801876919401758093e-01,-2.496485753610745428e-01
-6.782357487677012076e-01,-2.453594816772260434e-01
-6.762389277136316990e-01,-2.410910965641135939e-01
-6.741973415642250611e-01,-2.368439409494123571e-01
-6.721111106430787130e-01,-2.326185363064790235e-01
-6.699803628425162749e-01,-2.284154045333715299e-01
-6.678052336529429756e-01,-2.242350678308831502e-01
-6.655858661901219442e-01,-2.200780485796226815e-01
-6.633224112203611744e-01,-2.159448692161947125e-01
-6.610150271835733005e-01,-2.118360521085080050e-01
-6.586638802141863147e-01,-2.077521194302495711e-01
-6.562691441598788034e-01,-2.036935930345770418e-01
-6.538310005981174955e-01,-1.996609943270628018e-01
-6.513496388504688150e-01,-1.956548441379281633e-01
-6.488252559946653397e-01,-1.916756625936206215e-01
-6.462580568744025200e-01,-1.877239689877721884e-01
-6.436482541068491159e-01,-1.838002816515789672e-01
-6.409960680878461492e-01,-1.799051178236562298e-01
-6.383017269947738326e-01,-1.760389935194051347e-01
-6.355654667870802577e-01,-1.722024233999460419e-01
-6.327875312044342060e-01,-1.683959206406518139e-01
-6.299681717625061905e-01,-1.646199967993436375e-01
-6.271076477463525256e-01,-1.608751616841889165e-01
-6.242062262013822194e-01,-1.571619232213441741e-01
-6.212641819219089090e-01,-1.534807873224030839e-01
-6.182817974372640801e-01,-1.498322577516930099e-01
-6.152593629954570265e-01,-1.462168359934635231e-01
-6.121971765443897651e-01,-1.426350211190282324e-01
-6.090955437105983750e-01,-1.390873096539051723e-01
-6.059547777755180942e-01,-1.355741954449985187e-01
-6.027751996492767272e-01,-1.320961695278862480e-01
-5.995571378419967123e-01,-1.286537199942583976e-01
-5.963009284326045156e-01,-1.252473318595512530e-01
-5.930069150351503504e-01,-1.218774869308408698e-01
-5.896754487626326702e-01,-1.185446636750426830e-01
-5.863068881883199968e-01,-1.152493370874624612e-01
-5.829015993045812971e-01,-1.119919785607639134e-01
-5.794599554792232432e-01,-1.087730557543978294e-01
-5.759823374093225867e-01,-1.055930324645412421e-01
-5.724691330725836247e-01,-1.024523684946095081e-01
-5.689207376762090984e-01,-9.935151952638873740e-02
-5.653375536032817505e-01,-9.629093699183613464e-02
-5.617199903566906238e-01,-9.327106794561046410e-02
-5.580684645005883349e-01,-9.029235493838193294e-02
-5.543833995993940889e-01,-8.735523589096642894e-02
-5.506652261543617533e-01,-8.446014396934961588e-02
-5.469143815377178752e-01,-8.160750746064580896e-02
-5.431313099243787468e-01,-7.879774965003963350e-02
-5.393164622212748283e-01,-7.603128869877306961e-02
-5.354702959942890805e-01,-7.330853752322340211e-02
-5.315932753928230836e-01,-7.062990367512035628e-02
-5.276858710720183643e-01,-6.799578922296128924e-02
-5.237485601126526946e-01,-6.540659063467267609e-02
-5.197818259387151363e-01,-6.286269866156204977e-02
-5.157861582327050165e-01,-6.036449822362143641e-02
-5.117620528486670484e-01,-5.791236829622584820e-02
-5.077100117229805809e-01,-5.550668179827347032e-02
-5.036305427829393944e-01,-5.314780548182401060e-02
-4.995241598531464655e-01,-5.083609982327960686e-02
-4.953913825597431320e-01,-4.857191891615260382e-02
-4.912327362325119573e-01,-4.635561036547508618e-02
-4.870487518048821629e-01,-4.418751518389315430e-02
-4.828399657118571109e-01,-4.206796768948834614e-02
-4.786069197859125768e-01,-3.999729540537934336e-02
-4.743501611508916804e-01,-3.797581896114491512e-02
-4.700702421139216769e-01,-3.600385199610902504e-02
-4.657677200554076191e-01,-3.408170106453815851e-02
-4.614431573171264289e-01,-3.220966554279067195e-02
-4.570971210884551827e-01,-3.038803753845637640e-02
-4.527301832907856260e-01,-2.861710180153426500e-02
-4.483429204601570572e-01,-2.689713563768533766e-02
-4.439359136281421647e-01,-2.522840882359697959e-02
-4.395097482010392187e-01,-2.361118352450363930e-02
-4.350650138374096976e-01,-2.204571421389844160e-02
-4.306023043239927683e-01,-2.053224759546941683e-02
-4.261222174500586268e-01,-1.907102252730247249e-02
-4.216253548802388895e-01,-1.766226994838223513e-02
-4.171123220258695086e-01,-1.630621280742280965e-02
-4.125837279149105474e-01,-1.500306599406606677e-02
-4.080401850604814529e-01,-1.375303627247663647e-02
-4.034823093280534567e-01,-1.255632221736239715e-02
-3.989107198013634448e-01,-1.141311415245437923e-02
-3.943260386470898160e-01,-1.032359409147241489e-02
-3.897288909783347410e-01,-9.287935681602185051e-03
-3.851199047169794887e-01,-8.306304149513854887e-03
-3.804997104549548981e-01,-7.378856249945360025e-03
-3.758689413144731262e-01,-6.505740216872830765e-03
-3.712282328072911142e-01,-5.687095717294431835e-03
-3.665782226930464072e-01,-4.923053807647235700e-03
-3.619195508367150094e-01,-4.213736892876413474e-03
-3.572528590652628289e-01,-3.559258688178795239e-03
-3.525787910235329004e-01,-2.959724183437021598e-03
-3.478979920294209549e-01,-2.415229610360189981e-03
-3.432111089284083372e-01,-1.925862412348646737e-03
-3.385187899474992879e-01,-1.491701217095731591e-03
-3.338216845486159379e-01,-1.112815811938826574e-03
-3.291204432815169056e-01,-7.892671219729325855e-04
-3.244157176362953976e-01,-5.211071909360529214e-04
-3.197081598955001103e-01,-3.083791648750656500e-04
-3.149984229859582041e-01,-1.511172786009013923e-04
-3.102871603303445358e-01,-4.934684493861974698e-05
-3.055750256985507174e-01,-3.084246777438133518e-06
-3.008626730589276099e-01,-1.233693192499245894e-05
-2.961507564294487693e-01,-7.710341076776002661e-05
-2.914399297288465807e-01,-1.973732567389995082e-04
-2.867308466277966872e-01,-3.731271095939558253e-04
-2.820241604001978986e-01,-6.043366814905636562e-04
-2.773205237745990370e-01,-8.909647658733128514e-04
-2.726205887858472732e-01,-1.232965249155487187e-03
-2.679250066270045805e-01,-1.630283125194316018e-03
-2.632344275015872093e-01,-2.082854512553047183e-03
-2.585495004761968474e-01,-2.590606674540613975e-03
-2.538708733335950374e-01,-3.153458042019805646e-03
-2.491991924262690061e-01,-3.771318238974295280e-03
-2.445351025305615711e-01,-4.444088110820758504e-03
-2.398792467014150831e-01,-5.171659755453366855e-03
-2.352322661277751470e-01,-5.953916557007480140e-03
-2.305947999887263122e-01,-6.790733222324285903e-03
-2.259674853104086667e-01,-7.681975820100325064e-03
-2.213509568237602421e-01,-8.627501822705009246e-03
-2.167458468231563684e-01,-9.627160150643810851e-03
-2.121527850259912473e-01,-1.068079121964751570e-02
-2.075723984332487060e-01,-1.178822699036724368e-02
-2.030053111911279962e-01,-1.294929102064888878e-02
-1.984521444537714896e-01,-1.416379852036379373e-02
-1.939135162471370410e-01,-1.543155640877254438e-02
-1.893900413340819100e-01,-1.675236337439073991e-02
-1.848823310806949616e-01,-1.812600993733268218e-02
-1.803909933239373764e-01,-1.955227851410087925e-02
-1.759166322406266192e-01,-2.103094348479577977e-02
-1.714598482178280314e-01,-2.256177126270955680e-02
-1.670212377246935997e-01,-2.414452036627388887e-02
-1.626013931857866190e-01,-2.577894149333139970e-02
-1.582009028559537844e-01,-2.746477759769161073e-02
-1.538203506967803780e-01,-2.920176396793811024e-02
-1.494603162546672692e-01,-3.098962830845433669e-02
-1.451213745405856292e-01,-3.282809082262505562e-02
-1.408040959115452462e-01,-3.471686429817798236e-02
-1.365090459538096934e-01,-3.665565419463022445e-02
-1.322367853679133065e-01,-3.864415873279340718e-02
-1.279878698555123318e-01,-4.068206898629996016e-02
-1.237628500081008887e-01,-4.276906897511249805e-02
-1.195622711976427610e-01,-4.490483576096752222e-02
-1.153866734691502971e-01,-4.708903954471353737e-02
-1.112365914352351770e-01,-4.932134376550372651e-02
-1.071125541726823949e-01,-5.160140520179152396e-02
-1.030150851210709512e-01,-5.392887407408741840e-02
-9.894470198346795586e-02,-5.630339414943527632e-02
-9.490191662924012117e-02,-5.872460284755412485e-02
-9.088723499900527858e-02,-6.119213134860168601e-02
-8.690115701174598584e-02,-6.370560470251736274e-02
-8.294417647412570538e-02,-6.626464193988702844e-02
-7.901678099202827377e-02,-6.886885618428618960e-02
-7.511945188433698239e-02,-7.151785476605643233e-02
-7.125266409899284892e-02,-7.421123933745653323e-02
-6.741688613134620700e-02,-7.694860598914307626e-02
-6.361257994481832323e-02,-7.972954536793477875e-02
-5.984020089390467562e-02,-8.255364279580076903e-02
-5.610019764953383392e-02,-8.542047839002556153e-02
-5.239301212679319669e-02,-8.832962718450571016e-02
-4.871907941505088796e-02,-9.128065925211488463e-02
-4.507882771048296600e-02,-9.427313982809247539e-02
-4.147267825101395855e-02,-9.730662943440718249e-02
-3.790104525369690502e-02,-1.003806840050338184e-01
-3.436433585453727707e-02,-1.034948550120959182e-01
-3.086295005076682488e-02,-1.066486895928268480e-01
-2.739728064558774601e-02,-1.098417306772868501e-01
-2.396771319539001827e-02,-1.130735171167877307e-01
-2.057462595944266337e-02,-1.163435838129783517e-01
-1.721838985207663902e-02,-1.196514618475275210e-01
-1.389936839735811391e-02,-1.229966786123569966e-01
-1.061791768624963626e-02,-1.263787579403775896e-01
-7.374386336272969675e-03,-1.297972202366645955e-01
-4.169115453668745079e-03,-1.332515826100257039e-01
-1.002438598047308100e-03,-1.367413590049151584e-01
2.125318250459505304e-03,-1.402660603336302325e-01
5.213836721553931526e-03,-1.438251946087443500e-01
8.262806082643960395e-03,-1.474182670757308578e-01
1.127192326422538082e-02,-1.510447803457141969e-01
1.424089288278561176e-02,-1.547042345283030917e-01
1.716942726124144267e-02,-1.583961273644621803e-01
2.005724644690852487e-02,-1.621199543593574433e-01
2.290407822701740620e-02,-1.658752089151336317e-01
2.570965814179109604e-02,-1.696613824635791190e-01
2.847372949508596152e-02,-1.734779645986149199e-01
3.119604336261343897e-02,-1.773244432085695488e-01
3.387635859776081532e-02,-1.812003046081923641e-01
3.651444183501626611e-02,-1.851050336703491672e-01
3.911006749101881425e-02,-1.890381139573560354e-01
4.166301776325367218e-02,-1.929990278519130575e-01
4.417308262640222416e-02,-1.969872566875773834e-01
4.664005982636974107e-02,-2.010022808787364501e-01
4.906375487201422581e-02,-2.050435800500430283e-01
5.144398102458855315e-02,-2.091106331652555772e-01
5.378055928492169596e-02,-2.132029186554437739e-01
5.607331837836507238e-02,-2.173199145465254667e-01
5.832209473751941153e-02,-2.214610985860771541e-01
6.052673248276983081e-02,-2.256259483693841827e-01
6.268708340065796969e-02,-2.298139414646948320e-01
6.480300692010955432e-02,-2.340245555376250230e-01
6.687437008654656401e-02,-2.382572684746814828e-01
6.890104753391618209e-02,-2.425115585058691681e-01
7.088292145465643901e-02,-2.467869043263334339e-01
7.281988156763087583e-02,-2.510827852170034458e-01
7.471182508406533362e-02,-2.553986811642103838e-01
7.655865667150950349e-02,-2.597340729782287583e-01
7.836028841585870874e-02,-2.640884424107121653e-01
8.011663978146896237e-02,-2.684612722709985855e-01
8.182763756939151478e-02,-2.728520465412357932e-01
8.349321587376275222e-02,-2.772602504903018406e-01
8.511331603638563892e-02,-2.816853707864971357e-01
8.668788659953005626e-02,-2.861268956089618731e-01
8.821688325698950894e-02,-2.905843147577964469e-01
8.970026880343123787e-02,-2.950571197628642506e-01
9.113801308207031271e-02,-2.995448039912308458e-01
9.253009293070457719e-02,-3.040468627532244006e-01
9.387649212615081784e-02,-3.085627934070950262e-01
9.517720132711186831e-02,-3.130920954622326557e-01
9.643221801551486727e-02,-3.176342706809303640e-01
9.764154643636062392e-02,-3.221888231786704249e-01
9.880519753611545497e-02,-3.267552595229034074e-01
9.992318889968709872e-02,-3.313330888302987720e-01
1.009955446860240497e-01,-3.359218228624583080e-01
1.020222955623727307e-01,-3.405209761200568286e-01
1.030034786372334560e-01,-3.451300659353964129e-01
1.039391373920548062e-01,-3.497486125633670340e-01
1.048293216117033577e-01,-3.543761392707790447e-01
1.056740873137482772e-01,-3.590121724240598056e-01
1.064734966766025526e-01,-3.636562415753053501e-01
1.072276179665560131e-01,-3.683078795466619981e-01
1.079365254637430910e-01,-3.729666225130263690e-01
1.086002993870844313e-01,-3.776320100830637405e-01
1.092190258182401952e-01,-3.823035853785142768e-01
1.097927966246161208e-01,-3.869808951117867379e-01
1.103217093814625044e-01,-3.916634896618358397e-01
1.108058672931045291e-01,-3.963509231483013928e-01
1.112453791133438119e-01,-4.010427535039091662e-01
1.116403590650717065e-01,-4.057385425451228711e-01
1.119909267591329971e-01,-4.104378560410480992e-01
1.122972071124799104e-01,-4.151402637805746698e-01
1.125593302656547473e-01,-4.198453396377518909e-01
1.127774314996420474e-01,-4.245526616354073357e-01
1.129516511521278105e-01,-4.292618120069869869e-01
1.130821345332051614e-01,-4.339723772566265181e-01
1.131690318405655787e-01,-4.386839482174563765e-01
1.132124980742131859e-01,-4.433961201081271786e-01
1.132126929507413227e-01,-4.481084925875628011e-01
1.131697808172087427e-01,-4.528206698079509929e-01
1.130839305646536563e-01,-4.575322604659583514e-01
1.129553155412824500e-01,-4.622428778521782133e-01
1.127841134653710525e-01,-4.669521398988265570e-01
1.125705063379152104e-01,-4.716596692256695422e-01
1.123146803550666289e-01,-4.763650931842028369e-01
1.120168258203906309e-01,-4.810680439000868946e-01
1.116771370569820815e-01,-4.857681583138397929e-01
1.112958123194744547e-01,-4.904650782197938486e-01
1.108730537059767901e-01,-4.951584503033372164e-01
1.104090670699741789e-01,-4.998479261764297021e-01
1.099040619322262796e-01,-5.045331624114136604e-01
1.093582513926958932e-01,-5.092138205731348011e-01
1.087718520425427771e-01,-5.138895672493679623e-01
1.081450838762166300e-01,-5.185600740795693886e-01
1.074781702036785025e-01,-5.232250177819719461e-01
1.067713375627860894e-01,-5.278840801790231074e-01
1.060248156318732843e-01,-5.325369482211791405e-01
1.052388371425540675e-01,-5.371833140090911396e-01
1.044136377927835230e-01,-5.418228748141645790e-01
1.035494561602053470e-01,-5.464553330975268075e-01
1.026465336158139535e-01,-5.510803965274178040e-01
1.017051142379626627e-01,-5.556977779950103002e-01
1.007254447267463132e-01,-5.603071956286760358e-01
9.970777431878356800e-02,-5.649083728067321175e-01
9.865235470243088889e-02,-5.695010381686551604e-01
9.755943993345220222e-02,-5.740849256248033994e-01
9.642928635117072045e-02,-5.786597743646596514e-01
9.526215249513050876e-02,-5.832253288636031208e-01
9.405829902229274897e-02,-5.877813388882400236e-01
9.281798862478890522e-02,-5.923275595003115734e-01
9.154148594825960161e-02,-5.968637510591877637e-01
9.022905751080000092e-02,-6.013896792229714849e-01
8.888097162253331962e-02,-6.059051149482471699e-01
8.749749830583876398e-02,-6.104098344884715255e-01
8.607890921625437064e-02,-6.149036193910309978e-01
8.462547756407343136e-02,-6.193862564930098236e-01
8.313747803665924585e-02,-6.238575379156575673e-01
8.161518672149790932e-02,-6.283172610575913364e-01
8.005888103000365075e-02,-6.327652285867659820e-01
7.846883962210308983e-02,-6.372012484312122860e-01
7.684534233161312289e-02,-6.416251337685749956e-01
7.518867009242832800e-02,-6.460367030144779088e-01
7.349910486553914990e-02,-6.504357798097281096e-01
7.177692956689667170e-02,-6.548221930063834462e-01
7.002242799613600521e-02,-6.591957766527172247e-01
6.823588476617994947e-02,-6.635563699770835600e-01
6.641758523373494927e-02,-6.679038173707191328e-01
6.456781543069073370e-02,-6.722379683695041130e-01
6.268686199644334101e-02,-6.765586776346939057e-01
6.077501211115186874e-02,-6.808658049326574702e-01
5.883255342993848336e-02,-6.851592151136399744e-01
5.685977401804988979e-02,-6.894387780895659956e-01
5.485696228698878213e-02,-6.937043688109155726e-01
5.282440693162309547e-02,-6.979558672426969812e-01
5.076239686828962899e-02,-7.021931583395260024e-01
4.867122117389909713e-02,-7.064161320198465432e-01
4.655116902604811840e-02,-7.106246831393149277e-01
4.440252964415417752e-02,-7.148187114633635098e-01
4.222559223161804348e-02,-7.189981216389670360e-01
4.002064591901800111e-02,-7.231628231656488381e-01
3.778797970835000991e-02,-7.273127303657246356e-01
3.552788241831735666e-02,-7.314477623538280238e-01
3.324064263067161989e-02,-7.355678430057287498e-01
3.092654863761865741e-02,-7.396729009264685351e-01
2.858588839029084158e-02,-7.437628694178374245e-01
2.621894944828604898e-02,-7.478376864452139783e-01
2.382601893028590129e-02,-7.518972946037822958e-01
2.140738346575259479e-02,-7.559416410841610645e-01
1.896332914770397504e-02,-7.599706776374598460e-01
1.649414148657711923e-02,-7.639843605397731441e-01
1.400010536517944972e-02,-7.679826505561531125e-01
1.148150499472441917e-02,-7.719655129040742247e-01
8.938623871961794143e-03,-7.759329172163974553e-01
6.371744737399524620e-03,-7.798848375038719416e-01
3.781149534613101760e-03,-7.838212521171918912e-01
1.167119370651423932e-03,-7.877421437086169487e-01
-1.470065522465508574e-03,-7.916474991931852223e-01
-4.130125825162169612e-03,-7.955373097095452817e-01
-6.812783166628613024e-03,-7.994115705804074601e-01
-9.517760160052908536e-03,-8.032702812726487673e-01
-1.224478043677136758e-02,-8.071134453570869560e-01
-1.499356867932974402e-02,-8.109410704679415050e-01
-1.776385065346231668e-02,-8.147531682619936211e-01
-2.055535323899678607e-02,-8.185497543774772344e-01
-2.336780445967872114e-02,-8.223308483927043167e-01
-2.620093351192373521e-02,-8.260964737844499473e-01
-2.905447079250667031e-02,-8.298466578861152243e-01
-3.192814792518178235e-02,-8.335814318456777894e-01
-3.482169778624395057e-02,-8.373008305834512832e-01
-3.773485452904046245e-02,-8.410048927496751592e-01
-4.066735360742846500e-02,-8.446936606819395177e-01
-4.361893179818935457e-02,-8.483671803624642793e-01
-4.658932722240980567e-02,-8.520255013752573436e-01
-4.957827936582665657e-02,-8.556686768631553974e-01
-5.258552909814584453e-02,-8.592967634847636926e-01
-5.561081869134797129e-02,-8.629098213713159993e-01
-5.865389183697625880e-02,-8.665079140834616167e-01
-6.171449366242284101e-02,-8.700911085679948753e-01
-6.479237074621455039e-02,-8.736594751145425608e-01
-6.788727113231389498e-02,-8.772130873122221395e-01
-7.099894434343338723e-02,-8.807520220062823313e-01
-7.412714139337513164e-02,-8.842763592547326912e-01
-7.727161479840993774e-02,-8.877861822849894002e-01
-8.043211858769382105e-02,-8.912815774505329358e-01
-8.360840831273537443e-02,-8.947626341875972722e-01
-8.680024105592790140e-02,-8.982294449718992713e-01
-9.000737543814578412e-02,-9.016821052754220300e-01
-9.322957162541800624e-02,-9.051207135232549605e-01
-9.646659133469501213e-02,-9.085453710505120295e-01
-9.971819783870627951e-02,-9.119561820593276025e-01
-1.029841559699244125e-01,-9.153532535759427713e-01
-1.062642321236507287e-01,-9.187366954078920456e-01
-1.095581942602212866e-01,-9.221066201013002894e-01
-1.128658119063486037e-01,-9.254631428982923458e-01
-1.161868561556155810e-01,-9.288063816945321127e-01
-1.195210996681194404e-01,-9.321364569968895175e-01
-1.228683166692831480e-01,-9.354534918812494881e-01
-1.262282829478488244e-01,-9.387576119504660310e-01
-1.296007758530544063e-01,-9.420489452924717400e-01
-1.329855742910076022e-01,-9.453276224385431803e-01
-1.363824587202752403e-01,-9.485937763217353602e-01
-1.397912111466877716e-01,-9.518475422354849558e-01
-1.432116151173734031e-01,-9.550890577923891733e-01
-1.466434557140411932e-01,-9.583184628831711294e-01
-1.500865195455109713e-01,-9.615358996358229771e-01
-1.535405947395069304e-01,-9.647415123749485399e-01
-1.570054709337343757e-01,-9.679354475812929071e-01
-1.604809392662353562e-01,-9.711178538514763092e-01
-1.639667923650434678e-01,-9.742888818579250598e-01
-1.674628243371534264e-01,-9.774486843090117727e-01
-1.709688307568062171e-01,-9.805974159094010822e-01
-1.744846086531060825e-01,-9.837352333206037525e-01
-1.780099564969866155e-01,-9.868622951217499439e-01
-1.815446741875276215e-01,-9.899787617705693155e-01
-1.850885630376373492e-01,-9.930847955645932812e-01
-1.886414257591194632e-01,-9.961805606025709858e-01
-1.922030664471249262e-01,-9.992662227461116542e-01
-1.957732905640039434e-01,-1.002341949581532887e+00
-1.993519049225778716e-01,-1.005407910381947323e+00
-2.029387176688307315e-01,-1.008464276069554577e+00
-2.065335382640350603e-01,-1.011511219178161225e+00
-2.101361774663334514e-01,-1.014548913815923159e+00
-2.137464473117741959e-01,-1.017577535628302998e+00
-2.173641610948162661e-01,-1.020597261761249541e+00
-2.209891333483259834e-01,-1.023608270824596822e+00
-2.246211798230603462e-01,-1.026610742855679437e+00
-2.282601174666578359e-01,-1.029604859283164142e+00
-2.319057644021524367e-01,-1.032590802891095727e+00
-2.355579399060120371e-01,-1.035568757783155380e+00
-2.392164643857173922e-01,-1.038538909347130890e+00
-2.428811593569008276e-01,-1.041501444219592010e+00
-2.465518474200425192e-01,-1.044456550250777660e+00
-2.502283522367432789e-01,-1.047404416469677191e+00
-2.539104985055905539e-01,-1.050345233049316152e+00
-2.575981119376195005e-01,-1.053279191272246562e+00
-2.612910192313808166e-01,-1.056206483496214599e+00
-2.649890480476412291e-01,-1.059127303120032781e+00
-2.686920269837085873e-01,-1.062041844549633129e+00
-2.723997855474047380e-01,-1.064950303164299950e+00
-2.761121541306988392e-01,-1.067852875283087588e+00
-2.798289639830041642e-01,-1.070749758131409823e+00
-2.835500471841538306e-01,-1.073641149807795125e+00
-2.872752366170739369e-01,-1.076527249250813778e+00
-2.910043659401536087e-01,-1.079408256206166650e+00
-2.947372695593269420e-01,-1.082284371193921624e+00
-2.984737825998889371e-01,-1.085155795475908125e+00
-3.022137408780396495e-01,-1.088022731023260192e+00
-3.059569808721758211e-01,-1.090885380484085676e+00
-3.097033396939495864e-01,-1.093743947151295526e+00
-3.134526550590891469e-01,-1.096598634930541216e+00
-3.172047652580038957e-01,-1.099449648308285843e+00
-3.209595091261855382e-01,-1.102297192319991348e+00
-3.247167260144077083e-01,-1.105141472518427648e+00
-3.284762557587418419e-01,-1.107982694942072355e+00
-3.322379386504062393e-01,-1.110821066083626629e+00
-3.360016154054428772e-01,-1.113656792858622957e+00
-3.397671271342465604e-01,-1.116490082574113751e+00
-3.435343153109590153e-01,-1.119321142897455434e+00
-3.473030217427273691e-01,-1.122150181825157578e+00
-3.510730885388445577e-01,-1.124977407651809092e+00
-3.548443580797896457e-01,-1.127803028939066809e+00
-3.586166729861649527e-01,-1.130627254484702471e+00
-3.623898760875505776e-01,-1.133450293291696109e+00
-3.661638103912895903e-01,-1.136272354537379847e+00
-3.699383190512047781e-01,-1.139093647542614551e+00
-3.737132453362644879e-01,-1.141914381740997797e+00
-3.774884325992151624e-01,-1.144734766648106250e+00
-3.812637242451750730e-01,-1.147555011830737159e+00
-3.850389637002122334e-01,-1.150375326876174942e+00
-3.888139943799201470e-01,-1.153195921361463983e+00
-3.925886596579937216e-01,-1.156017004822667671e+00
-3.963628028348131216e-01,-1.158838786724128100e+00
-4.001362671060673670e-01,-1.161661476427704454e+00
-4.039088955314049656e-01,-1.164485283161995177e+00
-4.076805310031313412e-01,-1.167310415991524186e+00
-4.114510162149734307e-01,-1.170137083785897314e+00
-4.152201936309069530e-01,-1.172965495188913465e+00
-4.189879054540646686e-01,-1.175795858587626475e+00
-4.227539935957436712e-01,-1.178628382081357451e+00
-4.265182996445089358e-01,-1.181463273450634066e+00
-4.302806648354119412e-01,-1.184300740126076557e+00
-4.340409300193392439e-01,-1.187140989157198678e+00
-4.377989356324916148e-01,-1.189984227181128285e+00
-4.415545216660170524e-01,-1.192830660391247299e+00
-4.453075276357943979e-01,-1.195680494505730440e+00
-4.490577925523954184e-01,-1.198533934735992679e+00
-4.528051548912244151e-01,-1.201391185755028124e+00
-4.565494525628449596e-01,-1.204252451665630108e+00
-4.602905228835207918e-01,-1.207117935968511802e+00
-4.640282025459634418e-01,-1.209987841530287600e+00
-4.677623275903050604e-01,-1.212862370551331948e+00
-4.714927333753158312e-01,-1.215741724533511814e+00
-4.752192545498643006e-01,-1.218626104247763076e+00
-4.789417250246353897e-01,-1.221515709701539221e+00
-4.826599779441272942e-01,-1.224410740106104178e+00
-4.863738456589234427e-01,-1.227311393843671494e+00
-4.900831596982603289e-01,-1.230217868434371864e+00
-4.937877507429049295e-01,-1.233130360503086553e+00
-4.974874485983415973e-01,-1.236049065746079645e+00
-5.011820821682926308e-01,-1.238974178897477074e+00
-5.048714794285740215e-01,-1.241905893695558927e+00
-5.085554674013049725e-01,-1.244844402848877651e+00
-5.122338721294834585e-01,-1.247789898002188647e+00
-5.159065186519240509e-01,-1.250742569702183005e+00
-5.195732309785907610e-01,-1.253702607363044619e+00
-5.232338320663298958e-01,-1.256670199231799234e+00
-5.268881437949979318e-01,-1.259645532353461883e+00
-5.305359869440208209e-01,-1.262628792535996247e+00
-5.341771811693876160e-01,-1.265620164315058194e+00
-5.378115449810704218e-01,-1.268619830918531699e+00
-5.414388957209168574e-01,-1.271627974230858493e+00
-5.450590495410058134e-01,-1.274644774757160315e+00
-5.486718213824679502e-01,-1.277670411587138011e+00
-5.522770249548131227e-01,-1.280705062358756363e+00
-5.558744727157539645e-01,-1.283748903221721527e+00
-5.594639758515329575e-01,-1.286802108800729760e+00
-5.630453442577860734e-01,-1.289864852158498332e+00
-5.666183865209423187e-01,-1.292937304758584371e+00
-5.701829099001607393e-01,-1.296019636427973465e+00
-5.737387203098338606e-01,-1.299112015319449753e+00
-5.772856223026732181e-01,-1.302214607873753982e+00
-5.808234190533528851e-01,-1.305327578781508402e+00
-5.843519123427690642e-01,-1.308451090944925399e+00
-5.878709025429015300e-01,-1.311585305439302740e+00
-5.913801886022825860e-01,-1.314730381474293441e+00
-5.948795680321065094e-01,-1.317886476354962921e+00
-5.983688368929794832e-01,-1.321053745442632987e+00
-6.018477897823103495e-01,-1.324232342115499117e+00
-6.053162198223794865e-01,-1.327422417729055448e+00
-6.087739186490787047e-01,-1.330624121576302166e+00
-6.122206764013307101e-01,-1.333837600847738170e+00
-6.156562817112121166e-01,-1.337063000591167672e+00
-6.190805216947952161e-01,-1.340300463671297182e+00
-6.224931819436911873e-01,-1.343550130729133096e+00
-6.258940465173372658e-01,-1.346812140141199432e+00
-6.292828979360325370e-01,-1.350086627978560605e+00
-6.326595171747121382e-01,-1.353373727965653028e+00
-6.360236836574987285e-01,-1.356673571438955284e+00
-6.393751752530318910e-01,-1.359986287305481545e+00
-6.427137682705695854e-01,-1.363312002001089152e+00
-6.460392374569055018e-01,-1.366650839448649846e+00
-6.493513559940857771e-01,-1.370002921016054698e+00
-6.526498954979438327e-01,-1.373368365474065822e+00
-6.559346260174701015e-01,-1.376747288954029536e+00
-6.592053160350205276e-01,-1.380139804905469392e+00
-6.624617324673709451e-01,-1.383546024053518009e+00
-6.657036406676370976e-01,-1.386966054356267408e+00
-6.689308044280686261e-01,-1.390400000961985905e+00
-6.721429859837112497e-01,-1.393847966166233965e+00
-6.753399460169728918e-01,-1.397310049368891249e+00
-6.785214436630838675e-01,-1.400786347031103718e+00
-6.816872365164650116e-01,-1.404276952632140807e+00
-6.848370806380169595e-01,-1.407781956626203312e+00
-6.879707305633434578e-01,-1.411301446399166437e+00
-6.910879393118991576e-01,-1.414835506225283535e+00
-6.941884583970912015e-01,-1.418384217223847221e+00
-6.972720378373412631e-01,-1.421947657315848268e+00
-7.003384261680956069e-01,-1.425525901180597188e+00
-7.033873704548183614e-01,-1.429119020212368696e+00
-7.064186163069667845e-01,-1.432727082477051495e+00
-7.094319078929380851e-01,-1.436350152668816715e+00
-7.124269879560287677e-01,-1.439988292066840536e+00
-7.154035978313882937e-01,-1.443641558492070320e+00
-7.183614774639788259e-01,-1.447310006264054927e+00
-7.213003654275592647e-01,-1.450993686157852514e+00
-7.242199989446909125e-01,-1.454692645361051806e+00
-7.271201139077650977e-01,-1.458406927430868638e+00
-7.300004449010764063e-01,-1.462136572251396816e+00
-7.328607252239346392e-01,-1.465881615990982878e+00
-7.357006869148193795e-01,-1.469642091059749633e+00
-7.385200607765906033e-01,-1.473418026067303321e+00
-7.413185764027632185e-01,-1.477209445780625519e+00
-7.440959622048296529e-01,-1.481016371082149119e+00
-7.468519454406608027e-01,-1.484838818928073456e+00
-7.495862522439785680e-01,-1.488676802306916125e+00
-7.522986076548889844e-01,-1.492530330198300170e+00
-7.549887356515109227e-01,-1.496399407532027936e+00
-7.576563591826764865e-01,-1.500284035147446904e+00
-7.603012002017133231e-01,-1.504184209753103962e+00
-7.629229797013173942e-01,-1.508099923886743632e+00
-7.655214177495158756e-01,-1.512031165875649341e+00
-7.680962335267114138e-01,-1.515977919797335316e+00
-7.706471453638237268e-01,-1.519940165440632596e+00
-7.731738707815242195e-01,-1.523917878267179171e+00
-7.756761265305547326e-01,-1.527911029373322016e+00
-7.781536286331455221e-01,-1.531919585452465649e+00
-7.806060924255247002e-01,-1.535943508757890763e+00
-7.830332326015130295e-01,-1.539982757066040264e+00
-7.854347632572115101e-01,-1.544037283640319780e+00
-7.878103979367815368e-01,-1.548107037195425750e+00
-7.901598496793005300e-01,-1.552191961862201763e+00
-7.924828310667075826e-01,-1.556291997153074425e+00
-7.947790542728303542e-01,-1.560407077928082087e+00
-7.970482311134803322e-01,-1.564537134361492887e+00
-7.992900730976287837e-01,-1.568682091909073595e+00
-8.015042914796481899e-01,-1.572841871276004388e+00
-8.036905973126129421e-01,-1.577016388385461543e+00
-8.058487015026604139e-01,-1.581205554347905107e+00
-8.079783148644059665e-01,-1.585409275431089338e+00
-8.100791481773945701e-01,-1.589627453030801441e+00
-8.121509122435977002e-01,-1.593859983642375910e+00
-8.141933179459411862e-01,-1.598106758832994689e+00
-8.162060763078452519e-01,-1.602367665214788683e+00
-8.181888985537911774e-01,-1.606642584418778164e+00
-8.201414961708834994e-01,-1.610931393069668927e+00
-8.220635809714076370e-01,-1.615233962761519981e+00
-8.239548651563753934e-01,-1.619550160034312070e+00
-8.258150613800439022e-01,-1.623879846351451439e+00
-8.276438828153934724e-01,-1.628222878078195324e+00
-8.294410432205576722e-01,-1.632579106461072405e+00
-8.312062570061928835e-01,-1.636948377608279381e+00
-8.329392393037701181e-01,-1.641330532471092729e+00
-8.346397060347792163e-01,-1.645725406826325177e+00
-8.363073739808329909e-01,-1.650132831259834010e+00
-8.379419608546464504e-01,-1.654552631151111175e+00
-8.395431853718915427e-01,-1.658984626658984718e+00
-8.411107673238999993e-01,-1.663428632708447319e+00
-8.426444276511957376e-01,-1.667884458978619699e+00
-8.441438885178521589e-01,-1.672351909891900856e+00
-8.456088733866481411e-01,-1.676830784604312896e+00
-8.470391070949970791e-01,-1.681320876997042690e+00
-8.484343159316540817e-01,-1.685821975669236750e+00
-8.497942277141545819e-01,-1.690333863932054204e+00
-8.511185718669768141e-01,-1.694856319803984102e+00
-8.524070795004147216e-01,-1.699389116007476552e+00
-8.536594834901274353e-01,-1.703932019966897249e+00
-8.548755185573467807e-01,-1.708484793807803603e+00
-8.560549213497263832e-01,-1.713047194357599334e+00
-8.571974305228066138e-01,-1.717618973147576833e+00
-8.583027868220628465e-01,-1.722199876416335762e+00
-8.593707331655311421e-01,-1.726789645114639615e+00
-8.604010147269700592e-01,-1.731388014911716455e+00
-8.613933790195398288e-01,-1.735994716202994947e+00
-8.623475759799772433e-01,-1.740609474119337863e+00
-8.632633580532328432e-01,-1.745232008537762169e+00
-8.641404802775446425e-01,-1.749862034093662366e+00
-8.649787003699276333e-01,-1.754499260194576138e+00
-8.657777788120459839e-01,-1.759143391035477899e+00
-8.665374789364348462e-01,-1.763794125615653963e+00
-8.672575670130535652e-01,-1.768451157757131353e+00
-8.679378123361318753e-01,-1.773114176124717778e+00
-8.685779873112834393e-01,-1.777782864247632322e+00
-8.691778675428553091e-01,-1.782456900542761735e+00
-8.697372319214823344e-01,-1.787135958339567177e+00
-8.702558627118126555e-01,-1.791819705906601223e+00
-8.707335456403773044e-01,-1.796507806479719305e+00
-8.711700699835650541e-01,-1.801199918291951807e+00
-8.715652286556782036e-01,-1.805895694605041513e+00
-8.719188182970257772e-01,-1.810594783742708547e+00
-8.722306393620291587e-01,-1.815296829125581990e+00
-8.725004962072985260e-01,-1.820001469307873876e+00
-8.727281971796554405e-01,-1.824708338015764708e+00
-8.729135547040529630e-01,-1.829417064187508934e+00
-8.730563853713716460e-01,-1.834127272015292132e+00
-8.731565100260445522e-01,-1.838838580988831461e+00
-8.732137538534853194e-01,-1.843550605940713183e+00
-8.732279464672716429e-01,-1.848262957093506964e+00
-8.731989219960594184e-01,-1.852975240108624799e+00
-8.731265191701786943e-01,-1.857687056136945403e+00
-8.730105814078832349e-01,-1.862398001871210740e+00
-8.728509569012122826e-01,-1.867107669600200692e+00
-8.726474987014256612e-01,-1.871815647264658988e+00
-8.724000648039759165e-01,-1.876521518515004816e+00
-8.721085182329787466e-01,-1.881224862770823014e+00
-8.717727271251427545e-01,-1.885925255282109747e+00
-8.713925648131186641e-01,-1.890622267192293871e+00
-8.709679099082305864e-01,-1.895315465603039096e+00
-8.704986463825521437e-01,-1.900004413640786982e+00
-8.699846636502815977e-01,-1.904688670525073624e+00
-8.694258566483845652e-01,-1.909367791638616252e+00
-8.688221259164580212e-01,-1.914041328599109359e+00
-8.681733776757833976e-01,-1.918708829332798960e+00
-8.674795239075163700e-01,-1.923369838149778799e+00
-8.667404824299941302e-01,-1.928023895821008526e+00
-8.659561769750971916e-01,-1.932670539657058262e+00
-8.651265372636433026e-01,-1.937309303588551801e+00
-8.642514990797652841e-01,-1.941939718248310465e+00
-8.633310043442408155e-01,-1.946561311055170052e+00
-8.623650011867204368e-01,-1.951173606299486218e+00
-8.613534440168322259e-01,-1.955776125230273665e+00
-8.602962935941087519e-01,-1.960368386144003106e+00
-8.591935170967057722e-01,-1.964949904475023601e+00
-8.580450881888729286e-01,-1.969520192887576515e+00
-8.568509870871328094e-01,-1.974078761369417290e+00
-8.556112006251331836e-01,-1.978625117327009519e+00
-8.543257223171359938e-01,-1.983158765682254687e+00
-8.529945524201010265e-01,-1.987679208970773104e+00
-8.516176979943231862e-01,-1.992185947441690752e+00
-8.501951729626002763e-01,-1.996678479158904951e+00
-8.487269981678762232e-01,-2.001156300103823948e+00
-8.472132014293318747e-01,-2.005618904279557579e+00
-8.456538175968892901e-01,-2.010065783816494811e+00
-8.440488886040858896e-01,-2.014496429079300377e+00
-8.423984635192866000e-01,-2.018910328775269214e+00
-8.407025985952022440e-01,-2.023306970063997401e+00
-8.389613573166722071e-01,-2.027685838668373819e+00
-8.371748104466805174e-01,-2.032046418986861447e+00
-8.353430360705749180e-01,-2.036388194207002122e+00
-8.334661196384481885e-01,-2.040710646420142993e+00
-8.315441540056522918e-01,-2.045013256737362006e+00
-8.295772394714205911e-01,-2.049295505406520501e+00
-8.275654838155533932e-01,-2.053556871930437566e+00
-8.255090023331401738e-01,-2.057796835186174178e+00
-8.234079178673000543e-01,-2.062014873545310767e+00
-8.212623608398922359e-01,-2.066210464995271057e+00
-8.190724692801779616e-01,-2.070383087261628230e+00
-8.168383888514085811e-01,-2.074532217931306377e+00
-8.145602728753047472e-01,-2.078657334576698990e+00
-8.122382823543996544e-01,-2.082757914880655203e+00
-8.098725859922313308e-01,-2.086833436762254745e+00
-8.074633602113480135e-01,-2.090883378503381795e+00
-8.050107891691004047e-01,-2.094907218876024491e+00
-8.025150647712161467e-01,-2.098904437270245005e+00
-7.999763866831069992e-01,-2.102874513822835745e+00
-7.973949623389038344e-01,-2.106816929546548867e+00
-7.947710069482032402e-01,-2.110731166459895114e+00
-7.921047435004907600e-01,-2.114616707717460908e+00
-7.893964027672254469e-01,-2.118473037740686848e+00
-7.866462233015847350e-01,-2.122299642349080084e+00
-7.838544514358268822e-01,-2.126096008891790401e+00
-7.810213412762697649e-01,-2.129861626379519812e+00
-7.781471546958769192e-01,-2.133595985616724366e+00
-7.752321613244196330e-01,-2.137298579334025117e+00
-7.722766385362117569e-01,-2.140968902320840250e+00
-7.692808714354143484e-01,-2.144606451558104698e+00
-7.662451528388797284e-01,-2.148210726351115873e+00
-7.631697832565351725e-01,-2.151781228462402940e+00
-7.600550708693093460e-01,-2.155317462244561888e+00
-7.569013315045725054e-01,-2.158818934773062193e+00
-7.537088886090926865e-01,-2.162285155978895368e+00
-7.504780732195159842e-01,-2.165715638781097852e+00
-7.472092239303451677e-01,-2.169109899219019866e+00
-7.439026868594189601e-01,-2.172467456584344259e+00
-7.405588156109150777e-01,-2.175787833552775830e+00
-7.371779712358347281e-01,-2.179070556315350515e+00
-7.337605221899985430e-01,-2.182315154709324023e+00
-7.303068442895543910e-01,-2.185521162348583069e+00
-7.268173206639865214e-01,-2.188688116753510826e+00
-7.232923417066330352e-01,-2.191815559480276843e+00
-7.197323050227359964e-01,-2.194903036249499895e+00
-7.161376153750016460e-01,-2.197950097074194975e+00
-7.125086846266965868e-01,-2.200956296386999078e+00
-7.088459316822947054e-01,-2.203921193166585191e+00
-7.051497824256641733e-01,-2.206844351063232068e+00
-7.014206696558171750e-01,-2.209725338523514715e+00
-6.976590330202494528e-01,-2.212563728914005878e+00
-6.938653189458565684e-01,-2.215359100643996992e+00
-6.900399805674509723e-01,-2.218111037287155085e+00
-6.861834776539212921e-01,-2.220819127702068574e+00
-6.822962765320084166e-01,-2.223482966151631324e+00
-6.783788500077456707e-01,-2.226102152421231661e+00
-6.744316772855849518e-01,-2.228676291935653975e+00
-6.704552438852122709e-01,-2.231204995874686237e+00
-6.664500415560800084e-01,-2.233687881287354848e+00
-6.624165681896997393e-01,-2.236124571204757494e+00
-6.583553277296915196e-01,-2.238514694751418954e+00
-6.542668300796231629e-01,-2.240857887255155223e+00
-6.501515910086920202e-01,-2.243153790355354893e+00
-6.460101320552373849e-01,-2.245402052109685798e+00
-6.418429804281333695e-01,-2.247602327099115893e+00
-6.376506689061122168e-01,-2.249754276531256370e+00
-6.334337357350025011e-01,-2.251857568341941729e+00
-6.291927245229537169e-01,-2.253911877295045496e+00
-6.249281841336763454e-01,-2.255916885080414769e+00
-6.206406685777097199e-01,-2.257872280409974675e+00
-6.163307369017740900e-01,-2.259777759111877504e+00
-6.119989530762440788e-01,-2.261633024222688970e+00
-6.076458858807710639e-01,-2.263437786077585390e+00
-6.032721087880861255e-01,-2.265191762398476527e+00
-5.988781998460597222e-01,-2.266894678380060313e+00
-5.944647415580152083e-01,-2.268546266773744602e+00
-5.900323207613568099e-01,-2.270146267969399556e+00
-5.855815285045700147e-01,-2.271694430074901128e+00
-5.811129599226113607e-01,-2.273190508993452319e+00
-5.766272141107392502e-01,-2.274634268498617384e+00
-5.721248939968538449e-01,-2.276025480307042326e+00
-5.676066062123577005e-01,-2.277363924148843477e+00
-5.630729609616015319e-01,-2.278649387835616658e+00
-5.585245718899772838e-01,-2.279881667326023376e+00
-5.539620559506747144e-01,-2.281060566788968735e+00
-5.493860332701696603e-01,-2.282185898664291557e+00
-5.447971270125082643e-01,-2.283257483720960046e+00
-5.401959632424038205e-01,-2.284275151112756141e+00
-5.355831707872172887e-01,-2.285238738431398797e+00
-5.309593810978860962e-01,-2.286148091757108869e+00
-5.263252281088246498e-01,-2.287003065706563198e+00
-5.216813480968647276e-01,-2.287803523478239232e+00
-5.170283795393023629e-01,-2.288549336895114195e+00
-5.123669629710803086e-01,-2.289240386444709952e+00
-5.076977408411681436e-01,-2.289876561316444459e+00
-5.030213573682200678e-01,-2.290457759436315577e+00
-4.983384583955219327e-01,-2.290983887498830196e+00
-4.936496912453157693e-01,-2.291454860996253284e+00
-4.889557045725609896e-01,-2.291870604245072496e+00
-4.842571482181585174e-01,-2.292231050409737847e+00
-4.795546730617175069e-01,-2.292536141523616955e+00
-4.748489308739304304e-01,-2.292785828507187595e+00
-4.701405741685863449e-01,-2.292980071183456481e+00
-4.654302560542942779e-01,-2.293118838290550521e+00
-4.607186300859912875e-01,-2.293202107491540520e+00
-4.560063501162588406e-01,-2.293229865381465782e+00
-4.512940701465246174e-01,-2.293202107491540076e+00
-4.465824441782216270e-01,-2.293118838290549633e+00
-4.418721260639312809e-01,-2.292980071183455149e+00
-4.371637693585854745e-01,-2.292785828507186263e+00
-4.324580271707982870e-01,-2.292536141523614734e+00
-4.277555520143590528e-01,-2.292231050409737403e+00
-4.230569956599547488e-01,-2.291870604245072940e+00
-4.183630089871999136e-01,-2.291454860996254173e+00
-4.136742418369956376e-01,-2.290983887498831084e+00
-4.089913428642952264e-01,-2.290457759436315133e+00
-4.043149593913462625e-01,-2.289876561316443571e+00
-3.996457372614364290e-01,-2.289240386444708175e+00
-3.949843206932127093e-01,-2.288549336895114195e+00
-3.903313521356508442e-01,-2.287803523478238787e+00
-3.856874721236924208e-01,-2.287003065706562310e+00
-3.810533191346295312e-01,-2.286148091757107981e+00
-3.764295294452983942e-01,-2.285238738431399241e+00
-3.718167369901136388e-01,-2.284275151112757030e+00
-3.672155732200080291e-01,-2.283257483720960490e+00
-3.626266669623472994e-01,-2.282185898664291557e+00
-3.580506442818446322e-01,-2.281060566788968735e+00
-3.534881283425404530e-01,-2.279881667326022932e+00
-3.489397392709159829e-01,-2.278649387835616213e+00
-3.444060940201617016e-01,-2.277363924148844365e+00
-3.398878062356639473e-01,-2.276025480307041882e+00
-3.353854861217780980e-01,-2.274634268498616940e+00
-3.308997403099077639e-01,-2.273190508993450987e+00
-3.264311717279474445e-01,-2.271694430074897575e+00
-3.219803794711608713e-01,-2.270146267969394671e+00
-3.175479586745038607e-01,-2.268546266773741493e+00
-3.131345003864580145e-01,-2.266894678380054984e+00
-3.087405914444318888e-01,-2.265191762398472086e+00
-3.043668143517486158e-01,-2.263437786077580949e+00
-3.000137471562737135e-01,-2.261633024222684085e+00
-2.956819633307444795e-01,-2.259777759111871287e+00
-2.913720316548101263e-01,-2.257872280409968013e+00
-2.870845160988422240e-01,-2.255916885080407663e+00
-2.828199757095643530e-01,-2.253911877295039723e+00
-2.785789644975173451e-01,-2.251857568341936844e+00
-2.743620313264061306e-01,-2.249754276531251485e+00
-2.701697198043845338e-01,-2.247602327099111896e+00
-2.660025681772826833e-01,-2.245402052109682689e+00
-2.618611092238260496e-01,-2.243153790355351340e+00
-2.577458701528952401e-01,-2.240857887255152114e+00
-2.536573725028289927e-01,-2.238514694751416734e+00
-2.495961320428190244e-01,-2.236124571204754830e+00
-2.455626586764389219e-01,-2.233687881287352184e+00
-2.415574563473076863e-01,-2.231204995874683572e+00
-2.375810229469330903e-01,-2.228676291935649534e+00
-2.336338502247723714e-01,-2.226102152421225888e+00
-2.297164237005107912e-01,-2.223482966151625995e+00
-2.258292225785966112e-01,-2.220819127702061913e+00
-2.219727196650668477e-01,-2.218111037287148868e+00
-2.181473812866630557e-01,-2.215359100643990775e+00
-2.143536672122685061e-01,-2.212563728913999217e+00
-2.105920305767010337e-01,-2.209725338523508054e+00
-2.068629178068555619e-01,-2.206844351063227627e+00
-2.031667685502234477e-01,-2.203921193166578973e+00
-1.995040156058216774e-01,-2.200956296386993749e+00
-1.958750848575181724e-01,-2.197950097074192310e+00
-1.922803952097824065e-01,-2.194903036249496786e+00
-1.887203585258863947e-01,-2.191815559480275510e+00
-1.851953795685330750e-01,-2.188688116753509050e+00
-1.817058559429640674e-01,-2.185521162348579516e+00
-1.782521780425213864e-01,-2.182315154709322691e+00
-1.748347289966849516e-01,-2.179070556315348295e+00
-1.714538846216034917e-01,-2.175787833552772277e+00
-1.681100133731009416e-01,-2.172467456584342038e+00
-1.648034763021752891e-01,-2.169109899219018534e+00
-1.615346270130030015e-01,-2.165715638781094743e+00
-1.583038116234279646e-01,-2.162285155978893592e+00
-1.551113687279483122e-01,-2.158818934773060416e+00
-1.519576293632103337e-01,-2.155317462244558779e+00
-1.488429169759856729e-01,-2.151781228462401163e+00
-1.457675473936407562e-01,-2.148210726351114097e+00
-1.427318287971048039e-01,-2.144606451558101590e+00
-1.397360616963087832e-01,-2.140968902320838474e+00
-1.367805389081013234e-01,-2.137298579334023341e+00
-1.338655455366431213e-01,-2.133595985616721258e+00
-1.309913589562513581e-01,-2.129861626379518036e+00
-1.281582487966941852e-01,-2.126096008891787736e+00
-1.253664769309352223e-01,-2.122299642349076088e+00
-1.226162974652954540e-01,-2.118473037740683296e+00
-1.199079567320302520e-01,-2.114616707717456023e+00
-1.172416932843167586e-01,-2.110731166459887564e+00
-1.146177378936173580e-01,-2.106816929546542649e+00
-1.120363135494139711e-01,-2.102874513822829972e+00
-1.094976354613036301e-01,-2.098904437270237899e+00
-1.070019110634203713e-01,-2.094907218876019162e+00
-1.045493400211731233e-01,-2.090883378503376466e+00
-1.021401142402886264e-01,-2.086833436762247196e+00
-9.977441787812113549e-02,-2.082757914880649430e+00
-9.745242735721569571e-02,-2.078657334576693660e+00
-9.517431138111127897e-02,-2.074532217931300604e+00
-9.294023095234320297e-02,-2.070383087261625121e+00
-9.075033939262888705e-02,-2.066210464995267948e+00
-8.860478236522048578e-02,-2.062014873545304106e+00
-8.650369789938101850e-02,-2.057796835186169293e+00
-8.444721641696761871e-02,-2.053556871930433569e+00
-8.243546076109947718e-02,-2.049295505406513840e+00
-8.046854622686863689e-02,-2.045013256737356233e+00
-7.854658059407271242e-02,-2.040710646420137220e+00
-7.666966416194499756e-02,-2.036388194206994129e+00
-7.483788978583991169e-02,-2.032046418986855674e+00
-7.305134291584815254e-02,-2.027685838668367158e+00
-7.131010163731758833e-02,-2.023306970063988519e+00
-6.961423671323356543e-02,-2.018910328775261220e+00
-6.796381162843403989e-02,-2.014496429079291495e+00
-6.635888263563016753e-02,-2.010065783816485041e+00
-6.479949880318836009e-02,-2.005618904279549142e+00
-6.328570206464424752e-02,-2.001156300103815067e+00
-6.181752726992005564e-02,-1.996678479158894071e+00
-6.039500223819783270e-02,-1.992185947441680760e+00
-5.901814781241998542e-02,-1.987679208970762890e+00
-5.768697791538429653e-02,-1.983158765682243141e+00
-5.640149960738803647e-02,-1.978625117326999749e+00
-5.516171314538857035e-02,-1.974078761369407742e+00
-5.396761204364812492e-02,-1.969520192887565413e+00
-5.281918313581553115e-02,-1.964949904475014275e+00
-5.171640663841230862e-02,-1.960368386143993336e+00
-5.065925621568818926e-02,-1.955776125230261897e+00
-4.964769904580011023e-02,-1.951173606299476004e+00
-4.868169588827988420e-02,-1.946561311055159393e+00
-4.776120115275520744e-02,-1.941939718248298252e+00
-4.688616296887771623e-02,-1.937309303588541143e+00
-4.605652325742300851e-02,-1.932670539657047604e+00
-4.527221780252561195e-02,-1.928023895820995870e+00
-4.453317632500360113e-02,-1.923369838149767697e+00
-4.383932255673705231e-02,-1.918708829332787857e+00
-4.319057431606198455e-02,-1.914041328599097147e+00
-4.258684358413617616e-02,-1.909367791638605816e+00
-4.202803658223901867e-02,-1.904688670525063188e+00
-4.151405384996834091e-02,-1.900004413640774770e+00
-4.104479032428971774e-02,-1.895315465603028660e+00
-4.062013541940152211e-02,-1.890622267192283656e+00
-4.023997310737698757e-02,-1.885925255282097757e+00
-3.990418199954103712e-02,-1.881224862770813022e+00
-3.961263542854412401e-02,-1.876521518514994824e+00
-3.936520153109449721e-02,-1.871815647264647220e+00
-3.916174333130786195e-02,-1.867107669600190700e+00
-3.900211882463681945e-02,-1.862398001871200748e+00
-3.888618106234129762e-02,-1.857687056136933634e+00
-3.881377823646039310e-02,-1.852975240108614807e+00
-3.878475376524809226e-02,-1.848262957093496972e+00
-3.879894637903472804e-02,-1.843550605940701415e+00
-3.885619020647525235e-02,-1.838838580988821469e+00
-3.895631486114816550e-02,-1.834127272015282140e+00
-3.909914552846642521e-02,-1.829417064187497166e+00
-3.928450305286391303e-02,-1.824708338015754716e+00
-3.951220402522082759e-02,-1.820001469307863884e+00
-3.978206087049068057e-02,-1.815296829125570222e+00
-4.009388193549387469e-02,-1.810594783742698555e+00
-4.044747157684180916e-02,-1.805895694605031743e+00
-4.084263024895525007e-02,-1.801199918291940261e+00
-4.127915459214322180e-02,-1.796507806479709757e+00
-4.175683752070770416e-02,-1.791819705906590121e+00
-4.227546831103833752e-02,-1.787135958339555852e+00
-4.283483268966542523e-02,-1.782456900542752187e+00
-4.343471292123766980e-02,-1.777782864247620775e+00
-4.407488789638920601e-02,-1.773114176124706232e+00
-4.475513321946696099e-02,-1.768451157757122250e+00
-4.547522129608549957e-02,-1.763794125615643305e+00
-4.623492142047441744e-02,-1.759143391035467907e+00
-4.703399986259247656e-02,-1.754499260194567256e+00
-4.787221995497584898e-02,-1.749862034093651708e+00
-4.874934217928726665e-02,-1.745232008537751289e+00
-4.966512425254212409e-02,-1.740609474119328981e+00
-5.061932121298001047e-02,-1.735994716202983623e+00
-5.161168550555018247e-02,-1.731388014911705353e+00
-5.264196706698866246e-02,-1.726789645114630956e+00
-5.370991341045715239e-02,-1.722199876416325548e+00
-5.481526970971328100e-02,-1.717618973147566619e+00
-5.595777888279239443e-02,-1.713047194357590897e+00
-5.713718167517214952e-02,-1.708484793807792945e+00
-5.835321674239104389e-02,-1.703932019966886813e+00
-5.960562073210297351e-02,-1.699389116007467893e+00
-6.089412836554129738e-02,-1.694856319803973443e+00
-6.221847251836364751e-02,-1.690333863932043323e+00
-6.357838430086333592e-02,-1.685821975669227646e+00
-6.497359313752103238e-02,-1.681320876997031810e+00
-6.640382684587037287e-02,-1.676830784604301794e+00
-6.786881171466488394e-02,-1.672351909891891086e+00
-6.936827258132166607e-02,-1.667884458978607709e+00
-7.090193290861736275e-02,-1.663428632708435106e+00
-7.246951486062513936e-02,-1.658984626658973616e+00
-7.407073937787102269e-02,-1.654552631151098518e+00
-7.570532625168452379e-02,-1.650132831259821575e+00
-7.737299419773731313e-02,-1.645725406826314519e+00
-7.907346092874695254e-02,-1.641330532471080961e+00
-8.080644322632432597e-02,-1.636948377608268279e+00
-8.257165701195932905e-02,-1.632579106461063079e+00
-8.436881741712429217e-02,-1.628222878078185332e+00
-8.619763885247445911e-02,-1.623879846351441669e+00
-8.805783507614303729e-02,-1.619550160034303632e+00
-8.994911926111141820e-02,-1.615233962761509101e+00
-9.187120406163543085e-02,-1.610931393069658268e+00
-9.382380167872685084e-02,-1.606642584418769060e+00
-9.580662392467333144e-02,-1.602367665214777803e+00
-9.781938228657804935e-02,-1.598106758832984031e+00
-9.986178798892052233e-02,-1.593859983642367029e+00
-1.019335520551244850e-01,-1.589627453030790560e+00
-1.040343853681130332e-01,-1.585409275431078235e+00
-1.061639987298579196e-01,-1.581205554347895337e+00
-1.083221029199064739e-01,-1.577016388385450218e+00
-1.105084087528717396e-01,-1.572841871275993064e+00
-1.127226271348909514e-01,-1.568682091909063381e+00
-1.149644691190401802e-01,-1.564537134361481341e+00
-1.172336459596901720e-01,-1.560407077928070541e+00
-1.195298691658119444e-01,-1.556291997153064433e+00
-1.218528505532197881e-01,-1.552191961862190217e+00
-1.242023022957390033e-01,-1.548107037195414426e+00
-1.265779369753084749e-01,-1.544037283640310010e+00
-1.289794676310079269e-01,-1.539982757066028940e+00
-1.314066078069960342e-01,-1.535943508757879217e+00
-1.338590715993745461e-01,-1.531919585452455879e+00
-1.363365737019660850e-01,-1.527911029373310470e+00
-1.388388294509965426e-01,-1.523917878267168069e+00
-1.413655548686962027e-01,-1.519940165440622826e+00
-1.439164667058095426e-01,-1.515977919797323992e+00
-1.464912824830053584e-01,-1.512031165875639127e+00
-1.490897205312032292e-01,-1.508099923886734750e+00
-1.517115000308083272e-01,-1.504184209753093748e+00
-1.543563410498449417e-01,-1.500284035147436690e+00
-1.570239645810093676e-01,-1.496399407532019055e+00
-1.597140925776320830e-01,-1.492530330198289956e+00
-1.624264479885426660e-01,-1.488676802306906133e+00
-1.651607547918587937e-01,-1.484838818928064352e+00
-1.679167380276912203e-01,-1.481016371082138017e+00
-1.706941238297579044e-01,-1.477209445780615304e+00
-1.734926394559297702e-01,-1.473418026067294440e+00
-1.763120133177024096e-01,-1.469642091059739863e+00
-1.791519750085871776e-01,-1.465881615990972886e+00
-1.820122553314449110e-01,-1.462136572251387712e+00
-1.848925863247573298e-01,-1.458406927430858646e+00
-1.877927012878319313e-01,-1.454692645361042036e+00
-1.907123348049623301e-01,-1.450993686157844298e+00
-1.936512227685435461e-01,-1.447310006264045601e+00
-1.966091024011339949e-01,-1.443641558492061439e+00
-1.995857122764919389e-01,-1.439988292066832321e+00
-2.025807923395832599e-01,-1.436350152668807612e+00
-2.055940839255549768e-01,-1.432727082477042391e+00
-2.086253297777020677e-01,-1.429119020212360924e+00
-2.116742740644259602e-01,-1.425525901180587640e+00
-2.147406623951799987e-01,-1.421947657315838942e+00
-2.178242418354289500e-01,-1.418384217223839006e+00
-2.209247609206222152e-01,-1.414835506225273765e+00
-2.240419696691778317e-01,-1.411301446399156667e+00
-2.271756195945038026e-01,-1.407781956626194653e+00
-2.303254637160569995e-01,-1.404276952632130815e+00
-2.334912565694377551e-01,-1.400786347031093948e+00
-2.366727542155472874e-01,-1.397310049368882590e+00
-2.398697142488094847e-01,-1.393847966166223973e+00
-2.430818958044523859e-01,-1.390400000961976357e+00
-2.463090595648828318e-01,-1.386966054356259637e+00
-2.495509677651503166e-01,-1.383546024053508905e+00
-2.528073841975010394e-01,-1.380139804905459400e+00
-2.560780742150504108e-01,-1.376747288954020210e+00
-2.593628047345774013e-01,-1.373368365474054942e+00
-2.626613442384355679e-01,-1.370002921016044040e+00
-2.659734627756142888e-01,-1.366650839448640520e+00
-2.692989319619509825e-01,-1.363312002001078271e+00
-2.726375249794886768e-01,-1.359986287305470887e+00
-2.759890165750203406e-01,-1.356673571438946402e+00
-2.793531830578085406e-01,-1.353373727965643258e+00
-2.827298022964883639e-01,-1.350086627978551057e+00
-2.861186537151826359e-01,-1.346812140141191216e+00
-2.895195182888299912e-01,-1.343550130729123993e+00
-2.929321785377254628e-01,-1.340300463671287190e+00
-2.963564185213076185e-01,-1.337063000591158568e+00
-2.997920238311908014e-01,-1.333837600847727511e+00
-3.032387815834420297e-01,-1.330624121576291286e+00
-3.066964804101403597e-01,-1.327422417729046122e+00
-3.101649104502109400e-01,-1.324232342115489347e+00
-3.136438633395421949e-01,-1.321053745442622995e+00
-3.171331322004132813e-01,-1.317886476354954928e+00
-3.206325116302382039e-01,-1.314730381474284338e+00
-3.241417976896193154e-01,-1.311585305439294080e+00
-3.276607878897505599e-01,-1.308451090944917627e+00
-3.311892811791679048e-01,-1.305327578781500408e+00
-3.347270779298463506e-01,-1.302214607873747099e+00
-3.382739799226855970e-01,-1.299112015319442648e+00
-3.418297903323607168e-01,-1.296019636427964361e+00
-3.453943137115774720e-01,-1.292937304758576822e+00
-3.489673559747339948e-01,-1.289864852158490116e+00
-3.525487243809889981e-01,-1.286802108800720656e+00
-3.561382275167669365e-01,-1.283748903221713533e+00
-3.597356752777077227e-01,-1.280705062358748147e+00
-3.633408788500545605e-01,-1.277670411587128463e+00
-3.669536506915154761e-01,-1.274644774757151877e+00
-3.705738045116040991e-01,-1.271627974230850278e+00
-3.742011552514518669e-01,-1.268619830918522373e+00
-3.778355190631336180e-01,-1.265620164315050200e+00
-3.814767132885000245e-01,-1.262628792535988698e+00
-3.851245564375242458e-01,-1.259645532353453445e+00
-3.887788681661906165e-01,-1.256670199231791907e+00
-3.924394692539294183e-01,-1.253702607363037291e+00
-3.961061815805970721e-01,-1.250742569702174567e+00
-3.997788281030363877e-01,-1.247789898002181541e+00
-4.034572328312156508e-01,-1.244844402848870768e+00
-4.071412208039484892e-01,-1.241905893695551155e+00
-4.108306180642292138e-01,-1.238974178897470191e+00
-4.145252516341804694e-01,-1.236049065746072761e+00
-4.182249494896180253e-01,-1.233130360503079226e+00
-4.219295405342619598e-01,-1.230217868434364092e+00
-4.256388545735995121e-01,-1.227311393843663279e+00
-4.293527222883954941e-01,-1.224410740106097073e+00
-4.330709752078865660e-01,-1.221515709701532115e+00
-4.367934456826582656e-01,-1.218626104247756414e+00
-4.405199668572068461e-01,-1.215741724533505375e+00
-4.442503726422168397e-01,-1.212862370551326618e+00
-4.479844976865590134e-01,-1.209987841530281605e+00
-4.517221773490014969e-01,-1.207117935968505584e+00
-4.554632476696765520e-01,-1.204252451665623669e+00
-4.592075453412978736e-01,-1.201391185755021462e+00
-4.629549076801270369e-01,-1.198533934735986239e+00
-4.667051725967275022e-01,-1.195680494505724889e+00
-4.704581785665055138e-01,-1.192830660391241082e+00
-4.742137646000311180e-01,-1.189984227181122733e+00
-4.779717702131829338e-01,-1.187140989157192683e+00
-4.817320353971108471e-01,-1.184300740126070117e+00
-4.854944005880144631e-01,-1.181463273450626961e+00
-4.892587066367785620e-01,-1.178628382081351011e+00
-4.930247947784583418e-01,-1.175795858587620035e+00
-4.967925066016168345e-01,-1.172965495188906804e+00
-5.005616840175490800e-01,-1.170137083785892651e+00
-5.043321692293919467e-01,-1.167310415991518191e+00
-5.081038047011195991e-01,-1.164485283161988516e+00
-5.118764331264558098e-01,-1.161661476427698902e+00
-5.156498973977103883e-01,-1.158838786724122549e+00
-5.194240405745302880e-01,-1.156017004822661676e+00
-5.231987058526018641e-01,-1.153195921361458653e+00
-5.269737365323109435e-01,-1.150375326876169169e+00
-5.307489759873484925e-01,-1.147555011830731164e+00
-5.345242676333069598e-01,-1.144734766648101365e+00
-5.382994548962586334e-01,-1.141914381740992246e+00
-5.420743811813201196e-01,-1.139093647542608112e+00
-5.458488898412340307e-01,-1.136272354537374962e+00
-5.496228241449735430e-01,-1.133450293291690558e+00
-5.533960272463596120e-01,-1.130627254484695809e+00
-5.571683421527333646e-01,-1.127803028939061925e+00
-5.609396116936791188e-01,-1.124977407651804207e+00
-5.647096784897975841e-01,-1.122150181825151583e+00
-5.684783849215645501e-01,-1.119321142897450772e+00
-5.722455730982781708e-01,-1.116490082574108866e+00
-5.760110848270828532e-01,-1.113656792858616518e+00
-5.797747615821172706e-01,-1.110821066083621300e+00
-5.835364444737819456e-01,-1.107982694942066360e+00
-5.872959742181173004e-01,-1.105141472518421653e+00
-5.910531911063376942e-01,-1.102297192319986685e+00
-5.948079349745202249e-01,-1.099449648308279404e+00
-5.985600451734367500e-01,-1.096598634930534555e+00
-6.023093605385754223e-01,-1.093743947151289753e+00
-6.060557193603491877e-01,-1.090885380484078793e+00
-6.097989593544855813e-01,-1.088022731023253309e+00
-6.135389176326351279e-01,-1.085155795475903240e+00
-6.172754306731976781e-01,-1.082284371193916517e+00
-6.210083342923712335e-01,-1.079408256206161321e+00
-6.247374636154493510e-01,-1.076527249250809559e+00
-6.284626530483703455e-01,-1.073641149807790018e+00
-6.321837362495206225e-01,-1.070749758131404716e+00
-6.359005461018247818e-01,-1.067852875283083813e+00
-6.396129146851197156e-01,-1.064950303164295509e+00
-6.433206732488170321e-01,-1.062041844549628689e+00
-6.470236521848832245e-01,-1.059127303120029229e+00
-6.507216810011433594e-01,-1.056206483496210158e+00
-6.544145882949048421e-01,-1.053279191272241899e+00
-6.581022017269317903e-01,-1.050345233049313265e+00
-6.617843479957805641e-01,-1.047404416469673194e+00
-6.654608528124819067e-01,-1.044456550250774107e+00
-6.691315408756218774e-01,-1.041501444219589567e+00
-6.727962358468058124e-01,-1.038538909347126671e+00
-6.764547603265117504e-01,-1.035568757783151383e+00
-6.801069358303696299e-01,-1.032590802891092396e+00
-6.837525827658647026e-01,-1.029604859283160367e+00
-6.873915204094630527e-01,-1.026610742855675440e+00
-6.910235668841967493e-01,-1.023608270824593047e+00
-6.946485391377072993e-01,-1.020597261761245544e+00
-6.982662529207499524e-01,-1.017577535628298335e+00
-7.018765227661890593e-01,-1.014548913815919828e+00
-7.054791619684883663e-01,-1.011511219178156118e+00
-7.090739825636930282e-01,-1.008464276069548360e+00
-7.126607953099446391e-01,-1.005407910381941772e+00
-7.162394096685192890e-01,-1.002341949581526670e+00
-7.198096337853988613e-01,-9.992662227461055480e-01
-7.233712744734026590e-01,-9.961805606025663229e-01
-7.269241371948853558e-01,-9.930847955645875080e-01
-7.304680260449951668e-01,-9.899787617705632092e-01
-7.340027437355353124e-01,-9.868622951217447259e-01
-7.375280915794169001e-01,-9.837352333205979793e-01
-7.410438694757173206e-01,-9.805974159093938658e-01
-7.445498758953693619e-01,-9.774486843090054444e-01
-7.480459078674805973e-01,-9.742888818579180654e-01
-7.515317609662897080e-01,-9.711178538514684266e-01
-7.550072292987889400e-01,-9.679354475812865788e-01
-7.584721054930169126e-01,-9.647415123749415455e-01
-7.619261806870136766e-01,-9.615358996358154275e-01
-7.653692445184819837e-01,-9.583184628831645790e-01
-7.688010851151505509e-01,-9.550890577923824010e-01
-7.722214890858373204e-01,-9.518475422354771842e-01
-7.756302415122486860e-01,-9.485937763217290319e-01
-7.790271259415175731e-01,-9.453276224385367410e-01
-7.824119243794716017e-01,-9.420489452924649676e-01
-7.857844172846760733e-01,-9.387576119504600358e-01
-7.891443835632420134e-01,-9.354534918812430488e-01
-7.924916005644058181e-01,-9.321364569968825231e-01
-7.958258440769085951e-01,-9.288063816945256734e-01
-7.991468883261759748e-01,-9.254631428982854624e-01
-8.024545059723036111e-01,-9.221066201012932950e-01
-8.057484681088730172e-01,-9.187366954078863834e-01
-8.090285442625997359e-01,-9.153532535759364430e-01
-8.122945023938186182e-01,-9.119561820593203860e-01
-8.155461088978283035e-01,-9.085453710505058122e-01
-8.187831286071061143e-01,-9.051207135232481882e-01
-8.220053247943791552e-01,-9.016821052754144805e-01
-8.252124591765963579e-01,-8.982294449718929430e-01
-8.284042919197899257e-01,-8.947626341875902778e-01
-8.315805816448321730e-01,-8.912815774505254973e-01
-8.347410854341151820e-01,-8.877861822849832940e-01
-8.378855588391507236e-01,-8.842763592547259188e-01
-8.410137558890925513e-01,-8.807520220062748928e-01
-8.441254291002109333e-01,-8.772130873122160333e-01
-8.472203294863100975e-01,-8.736594751145357884e-01
-8.502982065701023551e-01,-8.700911085679875479e-01
-8.533588083955473413e-01,-8.665079140834556215e-01
-8.564018815411764685e-01,-8.629098213713095600e-01
-8.594271711343791642e-01,-8.592967634847561431e-01
-8.624344208666977485e-01,-8.556686768631484030e-01
-8.654233730101141830e-01,-8.520255013752500162e-01
-8.683937684343351338e-01,-8.483671803624562857e-01
-8.713453466250947743e-01,-8.446936606819320792e-01
-8.742778457034828810e-01,-8.410048927496679427e-01
-8.771910024462802324e-01,-8.373008305834432896e-01
-8.800845523073419496e-01,-8.335814318456712391e-01
-8.829582294400167841e-01,-8.298466578861087850e-01
-8.858117667206002466e-01,-8.260964737844432859e-01
-8.886448957728445563e-01,-8.223308483926983214e-01
-8.914573469935264116e-01,-8.185497543774709062e-01
-8.942488495790611447e-01,-8.147531682619867377e-01
-8.970191315531930165e-01,-8.109410704679357318e-01
-8.997679197957516584e-01,-8.071134453570810718e-01
-9.024949400724707749e-01,-8.032702812726419950e-01
-9.051999170658944216e-01,-7.994115705804012428e-01
-9.078825744073605319e-01,-7.955373097095389534e-01
-9.105426347100579187e-01,-7.916474991931778948e-01
-9.131798196031742920e-01,-7.877421437086102873e-01
-9.157938497671360700e-01,-7.838212521171855629e-01
-9.183844449699228862e-01,-7.798848375038643921e-01
-9.209513241044848808e-01,-7.759329172163907939e-01
-9.234942052272471225e-01,-7.719655129040675634e-01
-9.260128055977026040e-01,-7.679826505561460070e-01
-9.285068417191000290e-01,-7.639843605397668158e-01
-9.309760293802266107e-01,-7.599706776374537398e-01
-9.334200836982757821e-01,-7.559416410841542922e-01
-9.358387191628091406e-01,-7.518972946037761895e-01
-9.382316496808094097e-01,-7.478376864452073169e-01
-9.405985886228144244e-01,-7.437628694178300970e-01
-9.429392488701416886e-01,-7.396729009264617627e-01
-9.452533428631945123e-01,-7.355678430057219774e-01
-9.475405826508409568e-01,-7.314477623538204742e-01
-9.498006799408729162e-01,-7.273127303657178633e-01
-9.520333461515411155e-01,-7.231628231656418437e-01
-9.542382924641412689e-01,-7.189981216389591534e-01
-9.564152298766765981e-01,-7.148187114633562933e-01
-9.585638692585708442e-01,-7.106246831393077112e-01
-9.606839214064220034e-01,-7.064161320198384386e-01
-9.627750971008122161e-01,-7.021931583395187859e-01
-9.648371071641453911e-01,-6.979558672426897648e-01
-9.668696625195111194e-01,-6.937043688109075790e-01
-9.688724742505722132e-01,-6.894387780895590012e-01
-9.708452536624607720e-01,-6.851592151136328690e-01
-9.727877123436746709e-01,-6.808658049326495876e-01
-9.746995622289658101e-01,-6.765586776346868003e-01
-9.765805156632131334e-01,-6.722379683694970076e-01
-9.784302854662567661e-01,-6.679038173707118053e-01
-9.802485849987014888e-01,-6.635563699770770096e-01
-9.820351282286574612e-01,-6.591957766527105633e-01
-9.837896297994186412e-01,-6.548221930063758967e-01
-9.855118050980610223e-01,-6.504357798097211152e-01
-9.872013703249505889e-01,-6.460367030144711364e-01
-9.888580425641357863e-01,-6.416251337685672240e-01
-9.904815398546256144e-01,-6.372012484312051805e-01
-9.920715812625269248e-01,-6.327652285867588766e-01
-9.936278869540214886e-01,-6.283172610575833428e-01
-9.951501782691820619e-01,-6.238575379156506839e-01
-9.966381777965960254e-01,-6.193862564930037173e-01
-9.980916094487779500e-01,-6.149036193910237813e-01
-9.995101985383616494e-01,-6.104098344884649752e-01
-1.000893671855055400e+00,-6.059051149482403975e-01
-1.002241757743322248e+00,-6.013896792229634913e-01
-1.003554186180781294e+00,-5.968637510591809914e-01
-1.004830688857310639e+00,-5.923275595003054672e-01
-1.006070999254813358e+00,-5.877813388882333623e-01
-1.007274852727651160e+00,-5.832253288635971256e-01
-1.008441986583691108e+00,-5.786597743646537673e-01
-1.009572140165972298e+00,-5.740849256247967380e-01
-1.010665054934950069e+00,-5.695010381686497203e-01
-1.011720474551302207e+00,-5.649083728067270105e-01
-1.012738144959264064e+00,-5.603071956286719280e-01
-1.013717814470479928e+00,-5.556977779950051932e-01
-1.014659233848331565e+00,-5.510803965274125860e-01
-1.015562156392723070e+00,-5.464553330975226997e-01
-1.016426338025300469e+00,-5.418228748141594719e-01
-1.017251537375069237e+00,-5.371833140090855885e-01
-1.018037515864388176e+00,-5.325369482211745886e-01
-1.018784037795301911e+00,-5.278840801790178894e-01
-1.019490870436193353e+00,-5.232250177819669501e-01
-1.020157784108732146e+00,-5.185600740795651697e-01
-1.020784552275057377e+00,-5.138895672493627442e-01
-1.021370951625210521e+00,-5.092138205731294720e-01
-1.021916762164741366e+00,-5.045331624114093305e-01
-1.022421767302489570e+00,-4.998479261764242620e-01
-1.022885753938490794e+00,-4.951584503033318319e-01
-1.023308512551989624e+00,-4.904650782197893522e-01
-1.023689837289496252e+00,-4.857681583138342418e-01
-1.024029526052905092e+00,-4.810680439000813435e-01
-1.024327380587580993e+00,-4.763650931841981739e-01
-1.024583206570430338e+00,-4.716596692256641021e-01
-1.024796813697886222e+00,-4.669521398988211169e-01
-1.024968015773797481e+00,-4.622428778521736614e-01
-1.025096630797167840e+00,-4.575322604659529113e-01
-1.025182481049722760e+00,-4.528206698079455528e-01
-1.025225393183256006e+00,-4.481084925875582492e-01
-1.025225198306727981e+00,-4.433961201081217385e-01
-1.025181732073081164e+00,-4.386839482174509364e-01
-1.025094834765721163e+00,-4.339723772566219662e-01
-1.024964351384644035e+00,-4.292618120069815468e-01
-1.024790131732158827e+00,-4.245526616354019511e-01
-1.024572030498172026e+00,-4.198453396377473945e-01
-1.024309907344996828e+00,-4.151402637805692852e-01
-1.024003626991650817e+00,-4.104378560410427701e-01
-1.023653059297589207e+00,-4.057385425451184302e-01
-1.023258079345862326e+00,-4.010427535039038927e-01
-1.022818567525622502e+00,-3.963509231482960082e-01
-1.022334409613981920e+00,-3.916634896618313433e-01
-1.021805496857134843e+00,-3.869808951117814644e-01
-1.021231726050759070e+00,-3.823035853785082816e-01
-1.020612999619602501e+00,-3.776320100830592996e-01
-1.019949225696261008e+00,-3.729666225130210955e-01
-1.019240318199074125e+00,-3.683078795466560029e-01
-1.018486196909120123e+00,-3.636562415753011313e-01
-1.017686787546265403e+00,-3.590121724240546985e-01
-1.016842021844220678e+00,-3.543761392707731606e-01
-1.015951837624573306e+00,-3.497486125633628706e-01
-1.015016178869751151e+00,-3.451300659353913614e-01
-1.014034995794890648e+00,-3.405209761200507779e-01
-1.013008244918542911e+00,-3.359218228624542557e-01
-1.011935889132207000e+00,-3.313330888302937205e-01
-1.010817897768635287e+00,-3.267552595228974122e-01
-1.009654246668880928e+00,-3.221888231786662060e-01
-1.008444918248035282e+00,-3.176342706809252570e-01
-1.007189901559631062e+00,-3.130920954622264385e-01
-1.005889192358670803e+00,-3.085627934070904743e-01
-1.004542793163223147e+00,-3.040468627532190715e-01
-1.003150713314589160e+00,-2.995448039912248506e-01
-1.001712969035951195e+00,-2.950571197628600872e-01
-1.000229583489509633e+00,-2.905843147577915619e-01
-9.987005868320495416e-01,-2.861268956089561555e-01
-9.971260162689055129e-01,-2.816853707864930279e-01
-9.955059161062824735e-01,-2.772602504902970666e-01
-9.938403378019106116e-01,-2.728520465412301865e-01
-9.921293400139890029e-01,-2.684612722709945332e-01
-9.903729886483783051e-01,-2.640884424107071693e-01
-9.885713569040280868e-01,-2.597340729782228741e-01
-9.867245253165844998e-01,-2.553986811642061094e-01
-9.848325818001503196e-01,-2.510827852169985053e-01
-9.828956216871754803e-01,-2.467869043263276885e-01
-9.809137477664358062e-01,-2.425115585058650602e-01
-9.788870703190656331e-01,-2.382572684746764313e-01
-9.768157071526283319e-01,-2.340245555376192221e-01
-9.746997836331774412e-01,-2.298139414646906964e-01
-9.725394327152885321e-01,-2.256259483693792700e-01
-9.703347949700372732e-01,-2.214610985860713255e-01
-9.680860186108839471e-01,-2.173199145465211923e-01
-9.657932595174405499e-01,-2.132029186554387501e-01
-9.634566812571071504e-01,-2.091106331652498596e-01
-9.610764551045338777e-01,-2.050435800500388650e-01
-9.586527600588897746e-01,-2.010022808787315651e-01
-9.561857828589219732e-01,-1.969872566875718045e-01
-9.536757179957743302e-01,-1.929990278519090330e-01
-9.511227677235390976e-01,-1.890381139573512892e-01
-9.485271420675358556e-01,-1.851050336703436994e-01
-9.458890588302818481e-01,-1.812003046081883673e-01
-9.432087435951335141e-01,-1.773244432085649136e-01
-9.404864297276055440e-01,-1.734779645986097296e-01
-9.377223583743112822e-01,-1.696613824635754275e-01
-9.349167784595370234e-01,-1.658752089151293574e-01
-9.320699466794274413e-01,-1.621199543593523362e-01
-9.291821274937615005e-01,-1.583961273644585444e-01
-9.262535931153047519e-01,-1.547042345282987064e-01
-9.232846234967440058e-01,-1.510447803457091454e-01
-9.202755063151635273e-01,-1.474182670757272495e-01
-9.172265369540726354e-01,-1.438251946087399091e-01
-9.141380184829773770e-01,-1.402660603336251810e-01
-9.110102616344718518e-01,-1.367413590049114669e-01
-9.078435847788494106e-01,-1.332515826100213185e-01
-9.046383138962443837e-01,-1.297972202366595440e-01
-9.013947825462687025e-01,-1.263787579403738703e-01
-8.981133318351596229e-01,-1.229966786123526945e-01
-8.947943103804399945e-01,-1.196514618475226083e-01
-8.914380742730755314e-01,-1.163435838129747990e-01
-8.880449870371276422e-01,-1.130735171167835118e-01
-8.846154195869289083e-01,-1.098417306772819929e-01
-8.811497501817510125e-01,-1.066486895928232120e-01
-8.776483643779803279e-01,-1.034948550120917271e-01
-8.741116549788192636e-01,-1.003806840050290444e-01
-8.705400219815035978e-01,-9.730662943440356039e-02
-8.669338725220337993e-01,-9.427313982808825654e-02
-8.632936208174656345e-01,-9.128065925211008291e-02
-8.596196881057245331e-01,-8.832962718450196316e-02
-8.559125025829831257e-01,-8.542047839002135656e-02
-8.521724993386113889e-01,-8.255364279579605058e-02
-8.484001202876995107e-01,-7.972954536793112890e-02
-8.445958141011711273e-01,-7.694860598913892680e-02
-8.407600361335236805e-01,-7.421123933745189805e-02
-8.368932483481803519e-01,-7.151785476605286573e-02
-8.329959192404885471e-01,-6.886885618428209566e-02
-8.290685237583900191e-01,-6.626464193988240714e-02
-8.251115432207718481e-01,-6.370560470251371288e-02
-8.211254652335119308e-01,-6.119213134859759207e-02
-8.171107836032763805e-01,-5.872460284754955906e-02
-8.130679982490505164e-01,-5.630339414943161952e-02
-8.089976151114461889e-01,-5.392887407408334527e-02
-8.049001460598341762e-01,-5.160140520178702062e-02
-8.007761087972826708e-01,-4.932134376550007665e-02
-7.966260267633666903e-01,-4.708903954470947811e-02
-7.924504290348738378e-01,-4.490483576096307439e-02
-7.882498502244175143e-01,-4.276906897510885514e-02
-7.840248303770050997e-01,-4.068206898629594254e-02
-7.797759148646029592e-01,-3.864415873278901487e-02
-7.755036542787081544e-01,-3.665565419462658847e-02
-7.712086043209722686e-01,-3.471686429817400638e-02
-7.668913256919307475e-01,-3.282809082262073269e-02
-7.625523839778506341e-01,-3.098962830845071112e-02
-7.581923495357369980e-01,-2.920176396793414467e-02
-7.538117973765631197e-01,-2.746477759768733984e-02
-7.494113070467317561e-01,-2.577894149332777760e-02
-7.449914625078239983e-01,-2.414452036626997533e-02
-7.405528520146892335e-01,-2.256177126270537958e-02
-7.360960679918920890e-01,-2.103094348479218889e-02
-7.316217069085803049e-01,-1.955227851409700388e-02
-7.271303691518217205e-01,-1.812600993732855353e-02
-7.226226588984366872e-01,-1.675236337438713863e-02
-7.180991839853805292e-01,-1.543155640876870544e-02
-7.135605557787457753e-01,-1.416379852035972581e-02
-7.090073890413900459e-01,-1.294929102064506891e-02
-7.044403017992698635e-01,-1.178822699036343596e-02
-6.998599152065262397e-01,-1.068079121964351196e-02
-6.952668534093626729e-01,-9.627160150640015276e-03
-6.906617434087584106e-01,-8.627501822701222345e-03
-6.860452149221089035e-01,-7.681975820096387242e-03
-6.814179002437924515e-01,-6.790733222320535431e-03
-6.767804341047439776e-01,-5.953916557003740076e-03
-6.721334535311037639e-01,-5.171659755449497554e-03
-6.674775977019582474e-01,-4.444088110817033185e-03
-6.628135078062505903e-01,-3.771318238970578635e-03
-6.581418268989237541e-01,-3.153458042015985351e-03
-6.534631997563223882e-01,-2.590606674536913810e-03
-6.487782727309318043e-01,-2.082854512549357860e-03
-6.440876936055134339e-01,-1.630283125190557523e-03
-6.393921114466714073e-01,-1.232965249151818463e-03
-6.346921764579196434e-01,-8.909647658696547533e-04
-6.299885398323205044e-01,-6.043366814868667437e-04
-6.252818536047222153e-01,-3.731271095903181101e-04
-6.205727705036727659e-01,-1.973732567353723370e-04
-6.158619438030692450e-01,-7.710341076412597066e-05
-6.111500271735907930e-01,-1.233693192138631273e-05
-6.064376745339676855e-01,-3.084246773842450281e-06
-6.017255399021724793e-01,-4.934684493504849345e-05
-5.970142772465588665e-01,-1.511172785973267235e-04
-5.923045403370169604e-01,-3.083791648715016064e-04
-5.875969825962201742e-01,-5.211071909325442264e-04
-5.828922569509988882e-01,-7.892671219693887623e-04
-5.781910156838997450e-01,-1.112815811935293593e-03
-5.734939102850156178e-01,-1.491701217092286213e-03
-5.688015913041075677e-01,-1.925862412345135657e-03
-5.641147082030951720e-01,-2.415229610356692345e-03
-5.594339092089821719e-01,-2.959724183433638887e-03
-5.547598411672525209e-01,-3.559258688175311915e-03
-5.500931493958000074e-01,-4.213736892872941425e-03
-5.454344775394679434e-01,-4.923053807643911969e-03
-5.407844674252236805e-01,-5.687095717290979735e-03
-5.361437589180421126e-01,-6.505740216869386472e-03
-5.315129897775598966e-01,-7.378856249942096143e-03
-5.268927955155353615e-01,-8.306304149510437482e-03
-5.222838092541797206e-01,-9.287935681598776319e-03
-5.176866615854240905e-01,-1.032359409146921432e-02
-5.131019804311512944e-01,-1.141311415245098611e-02
-5.085303909044612825e-01,-1.255632221735901444e-02
-5.039725151720321206e-01,-1.375303627247349142e-02
-4.994289723176035811e-01,-1.500306599406269967e-02
-4.949003782066444534e-01,-1.630621280741946164e-02
-4.903873453522742398e-01,-1.766226994837916120e-02
-4.858904827824555017e-01,-1.907102252729914876e-02
-4.814103959085215267e-01,-2.053224759546610351e-02
-4.769476863951038204e-01,-2.204571421389542665e-02
-4.725029520314750209e-01,-2.361118352450035374e-02
-4.680767866043720193e-01,-2.522840882359369749e-02
-4.636697797723562942e-01,-2.689713563768237475e-02
-4.592825169417285580e-01,-2.861710180153100025e-02
-4.549155791440590013e-01,-3.038803753845311165e-02
-4.505695429153869780e-01,-3.220966554278776456e-02
-4.462449801771067315e-01,-3.408170106453490417e-02
-4.419424581185924517e-01,-3.600385199610577763e-02
-4.376625390816217820e-01,-3.797581896114205630e-02
-4.334057804466016073e-01,-3.999729540537610983e-02
-4.291727345206570177e-01,-4.206796768948509874e-02
-4.249639484276312995e-01,-4.418751518389035099e-02
-4.207799640000022268e-01,-4.635561036547188735e-02
-4.166213176727708856e-01,-4.857191891614939805e-02
-4.124885403793668304e-01,-5.083609982327683130e-02
-4.083821574495750673e-01,-5.314780548182081177e-02
-4.043026885095335476e-01,-5.550668179827032006e-02
-4.002506473838480239e-01,-5.791236829622226079e-02
-3.962265419998095561e-01,-6.036449822361832085e-02
-3.922308742937992698e-01,-6.286269866155895503e-02
-3.882641401198620446e-01,-6.540659063466913725e-02
-3.843268291604957088e-01,-6.799578922295827776e-02
-3.804194248396917111e-01,-7.062990367511731704e-02
-3.765424042382264358e-01,-7.330853752321982164e-02
-3.726962380112396889e-01,-7.603128869876996099e-02
-3.688813903081356038e-01,-7.879774965003652487e-02
-3.650983186947972525e-01,-8.160750746064218686e-02
-3.613474740781527084e-01,-8.446014396934652113e-02
-3.576293006331207613e-01,-8.735523589096334807e-02
-3.539442357319275145e-01,-9.029235493837831084e-02
-3.502927098758243929e-01,-9.327106794560746650e-02
-3.466751466292333772e-01,-9.629093699183313704e-02
-3.430919625563069730e-01,-9.935151952638519857e-02
-3.395435671599315586e-01,-1.024523684946065660e-01
-3.360303628231932072e-01,-1.055930324645383417e-01
-3.325527447532933278e-01,-1.087730557543943322e-01
-3.291111009279343302e-01,-1.119919785607610407e-01
-3.257058120441962967e-01,-1.152493370874596162e-01
-3.223372514698844560e-01,-1.185446636750391858e-01
-3.190057851973666092e-01,-1.218774869308380387e-01
-3.157117717999123885e-01,-1.252473318595484220e-01
-3.124555623905206914e-01,-1.286537199942549559e-01
-3.092375005832400103e-01,-1.320961695278834169e-01
-3.060579224569984769e-01,-1.355741954449956599e-01
-3.029171565219185291e-01,-1.390873096539016196e-01
-2.998155236881259178e-01,-1.426350211190253736e-01
-2.967533372370583233e-01,-1.462168359934605533e-01
-2.937309027952522689e-01,-1.498322577516894016e-01
-2.907485183106063853e-01,-1.534807873224000863e-01
-2.878064740311334635e-01,-1.571619232213412320e-01
-2.849050524861640454e-01,-1.608751616841851695e-01
-2.820445284700095478e-01,-1.646199967993405289e-01
-2.792251690280811993e-01,-1.683959206406487885e-01
-2.764472334454354252e-01,-1.722024233999423226e-01
-2.737109732377407401e-01,-1.760389935194021649e-01
-2.710166321446682014e-01,-1.799051178236531490e-01
-2.683644461256655123e-01,-1.838002816515751370e-01
-2.657546433581122747e-01,-1.877239689877691076e-01
-2.631874442378493995e-01,-1.916756625936183178e-01
-2.606630613820466458e-01,-1.956548441379243886e-01
-2.581816996343982429e-01,-1.996609943270597487e-01
-2.557435560726372126e-01,-2.036935930345747381e-01
-2.533488200183304229e-01,-2.077521194302457685e-01
-2.509976730489431596e-01,-2.118360521085050074e-01
-2.486902890121550080e-01,-2.159448692161925754e-01
-2.464268340423952375e-01,-2.200780485796190178e-01
-2.442074665795741784e-01,-2.242350678308803469e-01
-2.420323373900004904e-01,-2.284154045333696148e-01
-2.399015895894389405e-01,-2.326185363064755540e-01
-2.378153586682917042e-01,-2.368439409494098036e-01
-2.357737725188848998e-01,-2.410910965641118175e-01
-2.337769514648157798e-01,-2.453594816772226295e-01
-2.318250082923404842e-01,-2.496485753610718228e-01
-2.299180482837805128e-01,-2.539578573536303563e-01
-2.280561692529041173e-01,-2.582868081774183922e-01
-2.262394615822579114e-01,-2.626349092573213584e-01
-2.244680082624249395e-01,-2.670016430372637584e-01
-2.227418849331648243e-01,-2.713864930957356481e-01
-2.210611599264103722e-01,-2.757889442601268448e-01
-2.194258943110907467e-01,-2.802084827198187411e-01
-2.178361419397397969e-01,-2.846445961380351108e-01
-2.162919494968596756e-01,-2.890967737624066669e-01
-2.147933565490094399e-01,-2.935645065342010751e-01
-2.133403955965752774e-01,-2.980472871962271952e-01
-2.119330921271897761e-01,-3.025446103993651992e-01
-2.105714646707716464e-01,-3.070559728076822648e-01
-2.092555248561376868e-01,-3.115808732021401184e-01
-2.079852774691569595e-01,-3.161188125828516826e-01
-2.067607205124126768e-01,-3.206692942698511350e-01
-2.055818452663277507e-01,-3.252318240023822082e-01
-2.044486363517185878e-01,-3.298059100366673158e-01
-2.033610717937448520e-01,-3.343910632421251417e-01
-2.023191230872073698e-01,-3.389867971960403570e-01
-2.013227552631616513e-01,-3.435926282766580964e-01
-2.003719269568093875e-01,-3.482080757546643923e-01
-1.994665904766244058e-01,-3.528326618830677774e-01
-1.986066918746758336e-01,-3.574659119854516898e-01
-1.977921710181118342e-01,-3.621073545425623208e-01
-1.970229616617614476e-01,-3.667565212772542216e-01
-1.962989915218142645e-01,-3.714129472377595276e-01
-1.956201823505437087e-01,-3.760761708792564328e-01
-1.949864500120277733e-01,-3.807457341437504028e-01
-1.943977045588300701e-01,-3.854211825382494738e-01
-1.938538503096053911e-01,-3.901020652112014431e-01
-1.933547859275827341e-01,-3.947879350272178733e-01
-1.929004044998921807e-01,-3.994783486400622086e-01
-1.924905936176933563e-01,-4.041728665638754103e-01
-1.921252354570662790e-01,-4.088710532426672595e-01
-1.918042068606246320e-01,-4.135724771180502302e-01
-1.915273794198150414e-01,-4.182767106951980063e-01
-1.912946195578572040e-01,-4.229833306070506782e-01
-1.911057886132927763e-01,-4.276919176767559061e-01
-1.909607429240992582e-01,-4.324020569783192380e-01
-1.908593339123310362e-01,-4.371133378955031068e-01
-1.908014081692511466e-01,-4.418253541789489702e-01
-1.907868075409120956e-01,-4.465377040015137133e-01
-1.908153692141512647e-01,-4.512499900118512874e-01
-1.908869258029598781e-01,-4.559618193862234325e-01
-1.910013054351900885e-01,-4.606728038785271040e-01
-1.911583318395617681e-01,-4.653825598685787379e-01
-1.913578244329329492e-01,-4.700907084086358156e-01
-1.915995984077963898e-01,-4.747968752681480664e-01
-1.918834648199659598e-01,-4.795006909767792203e-01
-1.922092306764177083e-01,-4.842017908656831571e-01
-1.925766990232491982e-01,-4.888998151070307330e-01
-1.929856690337218850e-01,-4.935944087518256973e-01
-1.934359360963530672e-01,-4.982852217659983207e-01
-1.939272919030203268e-01,-5.029719090647777335e-01
-1.944595245370460135e-01,-5.076541305453755593e-01
-1.950324185612297423e-01,-5.123315511179823423e-01
-1.956457551057917965e-01,-5.170038407350678877e-01
-1.962993119561974309e-01,-5.216706744190298117e-01
-1.969928636408310174e-01,-5.263317322881876370e-01
-1.977261815184841731e-01,-5.309866995811165502e-01
-1.984990338656292819e-01,-5.356352666793712247e-01
-1.993111859634492944e-01,-5.402771291285887179e-01
-2.001624001845872247e-01,-5.449119876579779920e-01
-2.010524360795929444e-01,-5.495395481982378039e-01
-2.019810504630345782e-01,-5.541595218979035176e-01
-2.029479974992420555e-01,-5.587716251381232846e-01
-2.039530287876616943e-01,-5.633755795459091109e-01
-2.049958934477903449e-01,-5.679711120058662521e-01
-2.060763382036588098e-01,-5.725579546704043787e-01
-2.071941074678446959e-01,-5.771358449684704794e-01
-2.083489434249840011e-01,-5.817045256128177133e-01
-2.095405861147545679e-01,-5.862637446058057700e-01
-2.107687735143115859e-01,-5.908132552437828089e-01
-2.120332416201481940e-01,-5.953528161200524194e-01
-2.133337245293530082e-01,-5.998821911264353712e-01
-2.146699545202485349e-01,-6.044011494534661244e-01
-2.160416621323861530e-01,-6.089094655892410834e-01
-2.174485762458674143e-01,-6.134069193169096046e-01
-2.188904241599829992e-01,-6.178932957108727031e-01
-2.203669316711401593e-01,-6.223683851316866855e-01
-2.218778231500564690e-01,-6.268319832196764807e-01
-2.234228216182085336e-01,-6.312838908873195098e-01
-2.250016488235101753e-01,-6.357239143103938783e-01
-2.266140253151992523e-01,-6.401518649179068765e-01
-2.282596705179228691e-01,-6.445675593808523063e-01
-2.299383028049991895e-01,-6.489708195998048490e-01
-2.316496395708351475e-01,-6.533614726913543613e-01
-2.333933973024905073e-01,-6.577393509734402732e-01
-2.351692916503724806e-01,-6.621042919495837564e-01
-2.369770374980350036e-01,-6.664561382920359822e-01
-2.388163490310829251e-01,-6.707947378238839908e-01
-2.406869398051614262e-01,-6.751199435001306037e-01
-2.425885228130071347e-01,-6.794316133877508213e-01
-2.445208105505663754e-01,-6.837296106447831034e-01
-2.464835150821570453e-01,-6.880138034984506490e-01
-2.484763481046583233e-01,-6.922840652223412050e-01
-2.504990210107297943e-01,-6.965402741126762720e-01
-2.525512449510430857e-01,-7.007823134636951279e-01
-2.546327308955079194e-01,-7.050100715421466768e-01
-2.567431896934974644e-01,-7.092234415609576237e-01
-2.588823321330581129e-01,-7.134223216520679811e-01
-2.610498689990871091e-01,-7.176066148384561139e-01
-2.632455111304838336e-01,-7.217762290053967300e-01
-2.654689694762618069e-01,-7.259310768709613670e-01
-2.677199551506060371e-01,-7.300710759557729190e-01
-2.699981794868835383e-01,-7.341961485520613895e-01
-2.723033540905962502e-01,-7.383062216920294185e-01
-2.746351908912604833e-01,-7.424012271155373544e-01
-2.769934021932263790e-01,-7.464811012371539434e-01
-2.793777007254204525e-01,-7.505457851125891811e-01
-2.817877996900067239e-01,-7.545952244045044388e-01
-2.842234128099722645e-01,-7.586293693477602629e-01
-2.866842543756274453e-01,-7.626481747141031775e-01
-2.891700392900165562e-01,-7.666515997763020396e-01
-2.916804831132431275e-01,-7.706396082717784646e-01
-2.942153021057080098e-01,-7.746121683657450907e-01
-2.967742132702478330e-01,-7.785692526138479064e-01
-2.993569343931884452e-01,-7.825108379243745915e-01
-3.019631840843080561e-01,-7.864369055200211012e-01
-3.045926818156987625e-01,-7.903474408992336997e-01
-3.072451479595463830e-01,-7.942424337971647486e-01
-3.099203038248189435e-01,-7.981218781462552370e-01
-3.126178716928566526e-01,-8.019857720364454989e-01
-3.153375748518846833e-01,-8.058341176750617452e-01
-3.180791376304411000e-01,-8.096669213463820736e-01
-3.208422854297094395e-01,-8.134841933708869544e-01
-3.236267447547850340e-01,-8.172859480642424845e-01
-3.264322432448611977e-01,-8.210722036960164116e-01
-3.292585097023343343e-01,-8.248429824481328110e-01
-3.321052741208481152e-01,-8.285983103731107136e-01
-3.349722677122725645e-01,-8.323382173520906813e-01
-3.378592229326136120e-01,-8.360627370526423352e-01
-3.407658735068749278e-01,-8.397719068864193392e-01
-3.436919544528697634e-01,-8.434657679666358598e-01
-3.466372021039776929e-01,-8.471443650653897040e-01
-3.496013541308711225e-01,-8.508077465708593357e-01
-3.525841495622078492e-01,-8.544559644443874280e-01
-3.555853288042868932e-01,-8.580890741774438446e-01
-3.586046336596916961e-01,-8.617071347485177890e-01
-3.616418073449205184e-01,-8.653102085799271315e-01
-3.646965945070007598e-01,-8.688983614945597900e-01
-3.677687412391092425e-01,-8.724716626725788071e-01
-3.708579950952044513e-01,-8.760301846080918997e-01
-3.739641051036610153e-01,-8.795740030657875907e-01
-3.770868217799393518e-01,-8.831031970375716744e-01
-3.802258971382854180e-01,-8.866178486992111196e-01
-3.833810847024591850e-01,-8.901180433669783065e-01
-3.865521395155237516e-01,-8.936038694543303462e-01
-3.897388181486899916e-01,-8.970754184286313659e-01
-3.929408787092164013e-01,-9.005327847679053255e-01
-3.961580808473949555e-01,-9.039760659176618862e-01
-3.993901857626200314e-01,-9.074053622477942227e-01
-4.026369562085413967e-01,-9.108207770095332334e-01
-4.058981564973313527e-01,-9.142224162925119968e-01
-4.091735525030623100e-01,-9.176103889819205994e-01
-4.124629116641980731e-01,-9.209848067157567764e-01
-4.157660029852290329e-01,-9.243457838422022288e-01
-4.190825970374483789e-01,-9.276934373771194009e-01
-4.224124659588708308e-01,-9.310278869616718245e-01
-4.257553834533262527e-01,-9.343492548200827974e-01
-4.291111247887268165e-01,-9.376576657175479390e-01
-4.324794667945053295e-01,-9.409532469182835257e-01
-4.358601878582674671e-01,-9.442361281437469112e-01
-4.392530679216312128e-01,-9.475064415310076038e-01
-4.426578884752959131e-01,-9.507643215912954249e-01
-4.460744325533363419e-01,-9.540099051687261911e-01
-4.495024847267266588e-01,-9.572433313991940418e-01
-4.529418310961227379e-01,-9.604647416694613860e-01
-4.563922592839070869e-01,-9.636742795764365876e-01
-4.598535584254935804e-01,-9.668720908866342834e-01
-4.633255191599242040e-01,-9.700583234958432000e-01
-4.668079336197647478e-01,-9.732331273889962553e-01
-4.703005954202894023e-01,-9.763966546002328384e-01
-4.738032996479983328e-01,-9.795490591731773611e-01
-4.773158428484610138e-01,-9.826904971214324158e-01
-4.808380230134883249e-01,-9.858211263892651122e-01
-4.843696395676688193e-01,-9.889411068125253390e-01
-4.879104933542671163e-01,-9.920506000797778556e-01
-4.914603866204850235e-01,-9.951497696936381088e-01
-4.950191230021195876e-01,-9.982387809323434169e-01
-4.985865075076226782e-01,-1.001317800811535097e+00
-5.021623465015517818e-01,-1.004386998046259638e+00
-5.057464476874593551e-01,-1.007446543013194917e+00
-5.093386200902116911e-01,-1.010496607713099460e+00
-5.129386740377402942e-01,-1.013537365733472306e+00
-5.165464211422625684e-01,-1.016568992211437816e+00
-5.201616742809692662e-01,-1.019591663796865610e+00
-5.237842475761771421e-01,-1.022605558615679255e+00
-5.274139563749876691e-01,-1.025610856233408086e+00
-5.310506172284459314e-01,-1.028607737618949525e+00
-5.346940478702042476e-01,-1.031596385108535463e+00
-5.383440671947185008e-01,-1.034576982369925791e+00
-5.420004952349865013e-01,-1.037549714366810649e+00
-5.456631531398243862e-01,-1.040514767323409417e+00
-5.493318631507094763e-01,-1.043472328689292850e+00
-5.530064485782003603e-01,-1.046422587104401947e+00
-5.566867337779281000e-01,-1.049365732364262227e+00
-5.603725441261946383e-01,-1.052301955385404941e+00
-5.640637059951744137e-01,-1.055231448170979913e+00
-5.677600467277290619e-01,-1.058154403776559338e+00
-5.714613946118588528e-01,-1.061071016276128764e+00
-5.751675788547978563e-01,-1.063981480728264151e+00
-5.788784295567485083e-01,-1.066885993142482558e+00
-5.825937776842938787e-01,-1.069784750445778920e+00
-5.863134550434864201e-01,-1.072677950449329343e+00
-5.900372942526083131e-01,-1.075565791815352945e+00
-5.937651287146461510e-01,-1.078448474024154446e+00
-5.974967925894744125e-01,-1.081326197341309747e+00
-6.012321207657491673e-01,-1.084199162785009385e+00
-6.049709488325443196e-01,-1.087067572093547874e+00
-6.087131130507316135e-01,-1.089931627692961813e+00
-6.124584503241068401e-01,-1.092791532664794563e+00
-6.162067981702951114e-01,-1.095647490714002359e+00
-6.199579946914263173e-01,-1.098499706136987442e+00
-6.237118785445976421e-01,-1.101348383789738650e+00
-6.274682889121431240e-01,-1.104193729056102358e+00
-6.312270654717150320e-01,-1.107035947816160437e+00
-6.349880483661746178e-01,-1.109875246414699479e+00
-6.387510781733323206e-01,-1.112711831629788373e+00
-6.425159958755298772e-01,-1.115545910641449590e+00
-6.462826428290685543e-01,-1.118377691000399965e+00
-6.500508607335138134e-01,-1.121207380596885406e+00
-6.538204916008827361e-01,-1.124035187629588206e+00
-6.575913777247035519e-01,-1.126861320574581882e+00
-6.613633616489923428e-01,-1.129685988154369713e+00
-6.651362861371385993e-01,-1.132509399306961262e+00
-6.689099941407025129e-01,-1.135331763154996843e+00
-6.726843287681577577e-01,-1.138153288974915078e+00
-6.764591332535789814e-01,-1.140974186166156423e+00
-6.802342509252716773e-01,-1.143794664220386448e+00
-6.840095251743859572e-01,-1.146614932690744659e+00
-6.877847994235016804e-01,-1.149435201161104425e+00
-6.915599170951944874e-01,-1.152255679215334672e+00
-6.953347215806143788e-01,-1.155076576406575573e+00
-6.991090562080711779e-01,-1.157898102226495141e+00
-7.028827642116354246e-01,-1.160720466074530721e+00
-7.066556886997801268e-01,-1.163543877227121381e+00
-7.104276726240702500e-01,-1.166368544806910768e+00
-7.141985587478907327e-01,-1.169194677751903999e+00
-7.179681896152581011e-01,-1.172022484784605911e+00
-7.217364075197046924e-01,-1.174852174381092240e+00
-7.255030544732437026e-01,-1.177683954740042616e+00
-7.292679721754395938e-01,-1.180518033751702722e+00
-7.330310019825985179e-01,-1.183354618966792726e+00
-7.367919848770579927e-01,-1.186193917565332212e+00
-7.405507614366281244e-01,-1.189036136325389181e+00
-7.443071718041749385e-01,-1.191881481591754000e+00
-7.480610556573462633e-01,-1.194730159244505430e+00
-7.518122521784760259e-01,-1.197582374667489180e+00
-7.555606000246651854e-01,-1.200438332716698309e+00
-7.593059372980406341e-01,-1.203298237688531280e+00
-7.630481015162263736e-01,-1.206162293287944332e+00
-7.667869295830225251e-01,-1.209030702596484375e+00
-7.705222577592972799e-01,-1.211903668040184678e+00
-7.742539216341240982e-01,-1.214781391357338647e+00
-7.779817560961636014e-01,-1.217664073566141703e+00
-7.817055953052853834e-01,-1.220551914932165749e+00
-7.854252726644765925e-01,-1.223445114935715061e+00
-7.891406207920238502e-01,-1.226343872239012756e+00
-7.928514714939749464e-01,-1.229248384653231385e+00
-7.965576557369127286e-01,-1.232158849105365661e+00
-8.002590036210444069e-01,-1.235075461604936198e+00
-8.039553443535989441e-01,-1.237998417210515623e+00
-8.076465062225771652e-01,-1.240927909996089262e+00
-8.113323165708453688e-01,-1.243864133017232865e+00
-8.150126017705731085e-01,-1.246807278277093145e+00
-8.186871871980625492e-01,-1.249757536692200910e+00
-8.223558972089488606e-01,-1.252715098058085674e+00
-8.260185551137865234e-01,-1.255680151014684443e+00
-8.296749831540531916e-01,-1.258652883011568413e+00
-8.333250024785691101e-01,-1.261633480272959851e+00
-8.369684331203272043e-01,-1.264622127762546011e+00
-8.406050939737841343e-01,-1.267619009148086562e+00
-8.442348027725958826e-01,-1.270624306765816280e+00
-8.478573760678037585e-01,-1.273638201584629481e+00
-8.514726292065086799e-01,-1.276660873170055943e+00
-8.550803763110325084e-01,-1.279692499648022119e+00
-8.586804302585611115e-01,-1.282733257668395632e+00
-8.622726026613118933e-01,-1.285783322368299064e+00
-8.658567038472206878e-01,-1.288842867335235676e+00
-8.694325428411497914e-01,-1.291912064569960439e+00
-8.729999273466514387e-01,-1.294991084449151009e+00
-8.765586637282877236e-01,-1.298080095687857982e+00
-8.801085569945058529e-01,-1.301179265301718235e+00
-8.836494107811029286e-01,-1.304288758568969531e+00
-8.871810273352842557e-01,-1.307408738992231534e+00
-8.907032075003114002e-01,-1.310539368260063897e+00
-8.942157507007727490e-01,-1.313680806208318064e+00
-8.977184549284827897e-01,-1.316833210781264585e+00
-9.012111167290079994e-01,-1.319996737992500169e+00
-9.046935311888473219e-01,-1.323171541885651337e+00
-9.081654919232799994e-01,-1.326357774494860697e+00
-9.116267910648654382e-01,-1.329555585805058726e+00
-9.150772192526489546e-01,-1.332765123712032818e+00
-9.185165656220458663e-01,-1.335986533982300717e+00
-9.219446177954363497e-01,-1.339219960212769234e+00
-9.253611618734755018e-01,-1.342465543790199334e+00
-9.287659824271415898e-01,-1.345723423850488709e+00
-9.321588624905053910e-01,-1.348993737237747625e+00
-9.355395835542661409e-01,-1.352276618463209346e+00
-9.389079255600462082e-01,-1.355572199663945154e+00
-9.422636668954468275e-01,-1.358880610561411073e+00
-9.456065843899028600e-01,-1.362201978419820270e+00
-9.489364533113249234e-01,-1.365536428004372249e+00
-9.522530473635436588e-01,-1.368884081539290198e+00
-9.555561386845743410e-01,-1.372245058665735318e+00
-9.588454978457098266e-01,-1.375619476399571051e+00
-9.621208938514405062e-01,-1.379007449088978765e+00
-9.653820941402307954e-01,-1.382409088371956862e+00
-9.686288645861524937e-01,-1.385824503133697316e+00
-9.718609695013774585e-01,-1.389253799463830319e+00
-9.750781716395560128e-01,-1.392697080613589211e+00
-9.782802322000825335e-01,-1.396154446952862616e+00
-9.814669108332491065e-01,-1.399625995927162636e+00
-9.846379656463132291e-01,-1.403111822014514454e+00
-9.877931532104866630e-01,-1.406612016682281530e+00
-9.909322285688322296e-01,-1.410126668343921086e+00
-9.940549452451107326e-01,-1.413655862315704725e+00
-9.971610552535674632e-01,-1.417199680773399972e+00
-1.000250309109662172e+00,-1.420758202708912732e+00
-1.003322455841771044e+00,-1.424331503886932193e+00
-1.006377243003850674e+00,-1.427919656801564852e+00
-1.009414416689079497e+00,-1.431522730632973417e+00
-1.012433721544484522e+00,-1.435140791204047250e+00
-1.015434900786563732e+00,-1.438773900937103445e+00
-1.018417696217900792e+00,-1.442422118810630538e+00
-1.021381848244794055e+00,-1.446085500316099282e+00
-1.024327095895902096e+00,-1.449764097414852682e+00
-1.027253176841897098e+00,-1.453457958495069979e+00
-1.030159827416158524e+00,-1.457167128328847872e+00
-1.033046782636498628e+00,-1.460891648029398748e+00
-1.035913776227924021e+00,-1.464631555008376829e+00
-1.038760540646437081e+00,-1.468386882933354620e+00
-1.041586807103911383e+00,-1.472157661685470798e+00
-1.044392305593987880e+00,-1.475943917317244169e+00
-1.047176764919064640e+00,-1.479745672010600144e+00
-1.049939912718331758e+00,-1.483562944035103026e+00
-1.052681475496888508e+00,-1.487395747706422799e+00
-1.055401178655916761e+00,-1.491244093345039046e+00
-1.058098746523952860e+00,-1.495107987235229752e+00
-1.060773902389225531e+00,-1.498987431584320351e+00
-1.063426368533073152e+00,-1.502882424482250512e+00
-1.066055866264464136e+00,-1.506792959861462222e+00
-1.068662115955584024e+00,-1.510719027457108732e+00
-1.071244837078525247e+00,-1.514660612767635417e+00
-1.073803748243064904e+00,-1.518617697015738566e+00
-1.076338567235530341e+00,-1.522590257109703860e+00
-1.078849011058757634e+00,-1.526578265605180285e+00
-1.081334795973146967e+00,-1.530581690667378369e+00
-1.083795637538801593e+00,-1.534600496033720507e+00
-1.086231250658767244e+00,-1.538634640976975332e+00
-1.088641349623354460e+00,-1.542684080268890146e+00
-1.091025648155549144e+00,-1.546748764144326715e+00
-1.093383859457514706e+00,-1.550828638265943304e+00
-1.095715696258178440e+00,-1.554923643689450463e+00
-1.098020870861891485e+00,-1.559033716829419047e+00
-1.100299095198169930e+00,-1.563158789425708184e+00
-1.102550080872514382e+00,-1.567298788510518515e+00
-1.104773539218292688e+00,-1.571453636376082930e+00
-1.106969181349689801e+00,-1.575623250543022547e+00
-1.109136718215717909e+00,-1.579807543729410346e+00
-1.111275860655278835e+00,-1.584006423820520704e+00
-1.113386319453268491e+00,-1.588219793839331206e+00
-1.115467805397733381e+00,-1.592447551917782533e+00
-1.117520029338046728e+00,-1.596689591268800834e+00
-1.119542702244117338e+00,-1.600945800159135901e+00
-1.121535535266618755e+00,-1.605216061883026457e+00
-1.123498239798208731e+00,-1.609500254736693670e+00
-1.125430527535768332e+00,-1.613798251993724842e+00
-1.127332110543615373e+00,-1.618109921881345725e+00
-1.129202701317693958e+00,-1.622435127557592116e+00
-1.131042012850742129e+00,-1.626773727089439570e+00
-1.132849758698405651e+00,-1.631125573431892128e+00
-1.134625653046287930e+00,-1.635490514408034723e+00
-1.136369410777943401e+00,-1.639868392690120746e+00
-1.138080747543778193e+00,-1.644259045781670148e+00
-1.139759379830855623e+00,-1.648662306000622468e+00
-1.141405025033578768e+00,-1.653078000463569008e+00
-1.143017401525267429e+00,-1.657505951071081229e+00
-1.144596228730568654e+00,-1.661945974494153599e+00
-1.146141227198720580e+00,-1.666397882161798405e+00
-1.147652118677637167e+00,-1.670861480249789199e+00
-1.149128626188793856e+00,-1.675336569670599740e+00
-1.150570474102909468e+00,-1.679822946064565503e+00
-1.151977388216390841e+00,-1.684320399792234246e+00
-1.153349095828527515e+00,-1.688828715928007318e+00
-1.154685325819424513e+00,-1.693347674255040847e+00
-1.155985808728629882e+00,-1.697877049261423466e+00
-1.157250276834465241e+00,-1.702416610137691633e+00
-1.158478464234023564e+00,-1.706966120775670781e+00
-1.159670106923792687e+00,-1.711525339768659393e+00
-1.160824942880930521e+00,-1.716094020413004850e+00
-1.161942712145115353e+00,-1.720671910711071062e+00
-1.163023156900984789e+00,-1.725258753375608523e+00
-1.164066021561112274e+00,-1.729854285835564554e+00
-1.165071052849532052e+00,-1.734458240243352156e+00
-1.166037999885739973e+00,-1.739070343483571479e+00
-1.166966614269181690e+00,-1.743690317183234972e+00
-1.167856650164187826e+00,-1.748317877723495339e+00
-1.168707864385326589e+00,-1.752952736252883836e+00
-1.169520016483146740e+00,-1.757594598702097999e+00
-1.170292868830292932e+00,-1.762243165800354117e+00
-1.171026186707946337e+00,-1.766898133093283807e+00
-1.171719738392581922e+00,-1.771559190962439745e+00
-1.172373295242987945e+00,-1.776226024646403667e+00
-1.172986631787549028e+00,-1.780898314263490878e+00
-1.173559525811731730e+00,-1.785575734836095885e+00
-1.174091758445757083e+00,-1.790257956316695376e+00
-1.174583114252424121e+00,-1.794944643615475233e+00
-1.175033381315054859e+00,-1.799635456629646413e+00
-1.175442351325528323e+00,-1.804330050274442376e+00
-1.175809819672360090e+00,-1.809028074515790729e+00
-1.176135585528812033e+00,-1.813729174404693056e+00
-1.176419451940980965e+00,-1.818432990113326930e+00
-1.176661225915844433e+00,-1.823139156972840125e+00
-1.176860718509216142e+00,-1.827847305512896314e+00
-1.177017744913588126e+00,-1.832557061502949614e+00
-1.177132124545817948e+00,-1.837268045995254173e+00
-1.177203681134626256e+00,-1.841979875369624153e+00
-1.177232242807864981e+00,-1.846692161379963837e+00
-1.177217642179526846e+00,-1.851404511202528580e+00
-1.177159716436446013e+00,-1.856116527485973888e+00
-1.177058307424678096e+00,-1.860827808403159533e+00
-1.176913261735484939e+00,-1.865537947704723365e+00
-1.176724430790920373e+00,-1.870246534774426150e+00
-1.176491670928961897e+00,-1.874953154686280099e+00
-1.176214843488151196e+00,-1.879657388263427764e+00
-1.175893814891710187e+00,-1.884358812138808625e+00
-1.175528456731081750e+00,-1.889056998817601363e+00
-1.175118645848882037e+00,-1.893751516741414065e+00
-1.174664264421190873e+00,-1.898441930354256346e+00
-1.174165200039167578e+00,-1.903127800170274275e+00
-1.173621345789941817e+00,-1.907808682843225911e+00
-1.173032600336744613e+00,-1.912484131237722762e+00
-1.172398867998227789e+00,-1.917153694502218286e+00
-1.171720058826958066e+00,-1.921816918143715025e+00
-1.170996088687011438e+00,-1.926473344104218555e+00
-1.170226879330660053e+00,-1.931122510838912287e+00
-1.169412358474096081e+00,-1.935763953396022918e+00
-1.168552459872148619e+00,-1.940397203498404277e+00
-1.167647123391963415e+00,-1.945021789626809605e+00
-1.166696295085611901e+00,-1.949637237104817178e+00
-1.165699927261566460e+00,-1.954243068185434140e+00
-1.164657978555028839e+00,-1.958838802139351021e+00
-1.163570413997056185e+00,-1.963423955344809624e+00
-1.162437205082448965e+00,-1.967998041379093621e+00
-1.161258329836363901e+00,-1.972560571111625638e+00
-1.160033772879620173e+00,-1.977111052798625535e+00
-1.158763525492639834e+00,-1.981648992179335433e+00
-1.157447585678006208e+00,-1.986173892573795507e+00
-1.156085958221588328e+00,-1.990685254982113239e+00
-1.154678654752203215e+00,-1.995182578185249911e+00
-1.153225693799768026e+00,-1.999665358847276364e+00
-1.151727100851916985e+00,-2.004133091619070495e+00
-1.150182908409036919e+00,-2.008585269243441385e+00
-1.148593156037685192e+00,-2.013021382661657199e+00
-1.146957890422364956e+00,-2.017440921121347763e+00
-1.145277165415611309e+00,-2.021843372285737406e+00
-1.143551042086350389e+00,-2.026228222344212515e+00
-1.141779588766516529e+00,-2.030594956124154304e+00
-1.139962881095870406e+00,-2.034943057204058103e+00
-1.138101002064992429e+00,-2.039272008027848138e+00
-1.136194042056432929e+00,-2.043581290020406449e+00
-1.134242098883957661e+00,-2.047870383704256447e+00
-1.132245277829886820e+00,-2.052138768817367787e+00
-1.130203691680481626e+00,-2.056385924432070134e+00
-1.128117460759334723e+00,-2.060611329075001663e+00
-1.125986712958772396e+00,-2.064814460848109157e+00
-1.123811583769199984e+00,-2.068994797550599340e+00
-1.121592216306379619e+00,-2.073151816801860559e+00
-1.119328761336618516e+00,-2.077284996165287723e+00
-1.117021377299830087e+00,-2.081393813272974569e+00
-1.114670230330443657e+00,-2.085477745951233253e+00
-1.112275494276136145e+00,-2.089536272346906198e+00
-1.109837350714373949e+00,-2.093568871054420910e+00
-1.107355988966726601e+00,-2.097575021243554882e+00
-1.104831606110921793e+00,-2.101554202787861314e+00
-1.102264406990658197e+00,-2.105505896393713883e+00
-1.099654604223106347e+00,-2.109429583729906632e+00
-1.097002418204103602e+00,-2.113324747557827621e+00
-1.094308077111031841e+00,-2.117190871862079771e+00
-1.091571816903337044e+00,-2.121027441981538253e+00
-1.088793881320690549e+00,-2.124833944740833314e+00
-1.085974521878761978e+00,-2.128609868582140852e+00
-1.083113997862608313e+00,-2.132354703697293186e+00
-1.080212576317638007e+00,-2.136067942160137179e+00
-1.077270532038164808e+00,-2.139749078059078879e+00
-1.074288147553518868e+00,-2.143397607629788038e+00
-1.071265713111711149e+00,-2.147013029388015859e+00
-1.068203526660643554e+00,-2.150594844262451844e+00
-1.065101893826852164e+00,-2.154142555727576624e+00
-1.061961127891770440e+00,-2.157655669936481946e+00
-1.058781549765529295e+00,-2.161133695853595160e+00
-1.055563487958249169e+00,-2.164576145387222095e+00
-1.052307278548856306e+00,-2.167982533521930044e+00
-1.049013265151402363e+00,-2.171352378450640774e+00
-1.045681798878884683e+00,-2.174685201706438420e+00
-1.042313238304572343e+00,-2.177980528294018558e+00
-1.038907949420834420e+00,-2.181237886820718508e+00
-1.035466305595477143e+00,-2.184456809627083551e+00
-1.031988687525575266e+00,-2.187636832916941110e+00
-1.028475483188837414e+00,-2.190777496886872733e+00
-1.024927087792462999e+00,-2.193878345855094558e+00
-1.021343903719535762e+00,-2.196938928389650325e+00
-1.017726340472945301e+00,-2.199958797435876523e+00
-1.014074814616844122e+00,-2.202937510443105484e+00
-1.010389749715649765e+00,-2.205874629490520267e+00
-1.006671576270617541e+00,-2.208769721412136011e+00
-1.002920731653974995e+00,-2.211622357920839832e+00
-9.991376600406346453e-01,-2.214432115731446160e+00
-9.953228123375303937e-01,-2.217198576682711142e+00
-9.914766461105454232e-01,-2.219921327858259463e+00
-9.875996255090784270e-01,-2.222599961706360538e+00
-9.836922211882740408e-01,-2.225234076158520313e+00
-9.797549102289090373e-01,-2.227823274746808302e+00
-9.757881760549711458e-01,-2.230367166719920746e+00
-9.717925083489606930e-01,-2.232865367157863101e+00
-9.677684029649233910e-01,-2.235317497085260285e+00
-9.637163618392362574e-01,-2.237723183583212982e+00
-9.596368928991949598e-01,-2.240082059899663136e+00
-9.555305099694029192e-01,-2.242393765558206464e+00
-9.513977326759988085e-01,-2.244657946465333787e+00
-9.472390863487676338e-01,-2.246874255016012345e+00
-9.430551019211387276e-01,-2.249042350197593798e+00
-9.388463158281129539e-01,-2.251161897691999147e+00
-9.346132699021689749e-01,-2.253232569976109545e+00
-9.303565112671488002e-01,-2.255254046420344771e+00
-9.260765922301774644e-01,-2.257226013385380092e+00
-9.217740701716635732e-01,-2.259148164316949536e+00
-9.174495074333836042e-01,-2.261020199838698286e+00
-9.131034712047113588e-01,-2.262841827843034004e+00
-9.087365334070413025e-01,-2.264612763579955779e+00
-9.043492705764133444e-01,-2.266332729743805174e+00
-8.999422637443972306e-01,-2.268001456557891871e+00
-8.955160983172950617e-01,-2.269618681856985454e+00
-8.910713639536668174e-01,-2.271184151167590315e+00
-8.866086544402494996e-01,-2.272697617786018753e+00
-8.821285675663154136e-01,-2.274158842854183682e+00
-8.776317049964967865e-01,-2.275567595433105161e+00
-8.731186721421266839e-01,-2.276923652574065038e+00
-8.685900780311671676e-01,-2.278226799387422119e+00
-8.640465351767384616e-01,-2.279476829109009284e+00
-8.594886594443090777e-01,-2.280673543164121853e+00
-8.549170699176188437e-01,-2.281816751229030604e+00
-8.503323887633457145e-01,-2.282906271290014111e+00
-8.457352410945901955e-01,-2.283941929699885520e+00
-8.411262548332344435e-01,-2.284923561231974709e+00
-8.365060605712099084e-01,-2.285851009131543154e+00
-8.318752914307276924e-01,-2.286724125164614208e+00
-8.272345829235462356e-01,-2.287542769664194342e+00
-8.225845728093017506e-01,-2.288306811573840527e+00
-8.179259009529695756e-01,-2.289016128488610580e+00
-8.132592091815173951e-01,-2.289670606693307242e+00
-8.085851411397879662e-01,-2.290270141198051501e+00
-8.039043421456745220e-01,-2.290814635771128316e+00
-7.992174590446619042e-01,-2.291304002969138942e+00
-7.945251400637537431e-01,-2.291738164164391911e+00
-7.898280346648695049e-01,-2.292117049569548204e+00
-7.851267933977704727e-01,-2.292440598259513962e+00
-7.804220677525491867e-01,-2.292708758190551421e+00
-7.757145100117525116e-01,-2.292921486216613847e+00
-7.710047731022106055e-01,-2.293078748102888920e+00
-7.662935104465969927e-01,-2.293180518536549251e+00
-7.615813758148017865e-01,-2.293226781134710013e+00
-7.568690231751786790e-01,-2.293217528449559950e+00
-7.521571065457002270e-01,-2.293152761970715936e+00
-7.474462798450967060e-01,-2.293032492124744248e+00
-7.427371967440473677e-01,-2.292856738271889849e+00
-7.380305105164490787e-01,-2.292625528699994586e+00
-7.333268738908499396e-01,-2.292338900615611852e+00
-7.286269389020981757e-01,-2.291996900132331483e+00
-7.239313567432561491e-01,-2.291599582256290901e+00
-7.192407776178378898e-01,-2.291147010868933354e+00
-7.145558505924470838e-01,-2.290639258706942627e+00
-7.098772234498454958e-01,-2.290076407339464382e+00
-7.052055425425183266e-01,-2.289458547142509737e+00
-7.005414526468106695e-01,-2.288785777270663679e+00
-6.958855968176651530e-01,-2.288058205626031238e+00
-6.912386162440248283e-01,-2.287275948824476934e+00
-6.866011501049762433e-01,-2.286439132159159726e+00
-6.819738354266596803e-01,-2.285547889561386103e+00
-6.773573069400100621e-01,-2.284602363558783100e+00
-6.727521969394057999e-01,-2.283602705230842744e+00
-6.681591351422421221e-01,-2.282549074161840164e+00
-6.635787485494983873e-01,-2.281441638391119575e+00
-6.590116613073783158e-01,-2.280280574360836976e+00
-6.544584945700225864e-01,-2.279066066861124007e+00
-6.499198663633877215e-01,-2.277798308972714736e+00
-6.453963914503315635e-01,-2.276477502007097531e+00
-6.408886811969467523e-01,-2.275103855444155165e+00
-6.363973434401883900e-01,-2.273677586867387745e+00
-6.319229823568763837e-01,-2.272198921896696255e+00
-6.274661983340793503e-01,-2.270668094118783120e+00
-6.230275878409445856e-01,-2.269085345015218191e+00
-6.186077433020384930e-01,-2.267450923888159053e+00
-6.142072529722053531e-01,-2.265765087783798037e+00
-6.098267008130315858e-01,-2.264028101413551042e+00
-6.054666663709192820e-01,-2.262240237073034788e+00
-6.011277246568376142e-01,-2.260401774558863153e+00
-5.968104460277959822e-01,-2.258513001083309657e+00
-5.925153960700616507e-01,-2.256574211186856083e+00
-5.882431354841654025e-01,-2.254585706648695620e+00
-5.839942199717632620e-01,-2.252547796395190094e+00
-5.797692001243528459e-01,-2.250460796406376307e+00
-5.755686213138949681e-01,-2.248325029620518833e+00
-5.713930235854022266e-01,-2.246140825836772770e+00
-5.672429415514881335e-01,-2.243908521615982643e+00
-5.631189042889349627e-01,-2.241628460179693860e+00
-5.590214352373227280e-01,-2.239300991307397126e+00
-5.549510520997201768e-01,-2.236926471232048463e+00
-5.509082667454927584e-01,-2.234505262533931447e+00
-5.468935851152573191e-01,-2.232037734032883414e+00
-5.429075071279989562e-01,-2.229524260678967362e+00
-5.389505265903792308e-01,-2.226965223441597974e+00
-5.350231311082809249e-01,-2.224361009197199035e+00
-5.311258020005906744e-01,-2.221712010615425559e+00
-5.272590142152459025e-01,-2.219018626044027442e+00
-5.234232362475984557e-01,-2.216281259392343106e+00
-5.196189300610716266e-01,-2.213500320013551015e+00
-5.158465510101583051e-01,-2.210676222585684858e+00
-5.121065477657863463e-01,-2.207809386991459011e+00
-5.083993622430462711e-01,-2.204900238196980666e+00
-5.047254295313040595e-01,-2.201949206129372172e+00
-5.010851778267362278e-01,-2.198956725553394609e+00
-4.974790283672677615e-01,-2.195923235947078833e+00
-4.939073953699504305e-01,-2.192849181376451906e+00
-4.903706859707912535e-01,-2.189735010369390444e+00
-4.868693001670184595e-01,-2.186581175788656850e+00
-4.834036307618407302e-01,-2.183388134704199235e+00
-4.799740633116437727e-01,-2.180156348264699506e+00
-4.765809760756946067e-01,-2.176886281568507275e+00
-4.732247399683299771e-01,-2.173578403533959591e+00
-4.699057185136122916e-01,-2.170233186769131351e+00
-4.666242678025021573e-01,-2.166851107441107427e+00
-4.633807364525269756e-01,-2.163432645144822253e+00
-4.601754655699233365e-01,-2.159978282771463309e+00
-4.570087887143000072e-01,-2.156488506376570413e+00
-4.538810318657943710e-01,-2.152963805047857893e+00
-4.507925133947005003e-01,-2.149404670772743664e+00
-4.477435440336087757e-01,-2.145811598305755297e+00
-4.447344268520286303e-01,-2.142185085035774872e+00
-4.417654572334691054e-01,-2.138525630853187920e+00
-4.388369228550117462e-01,-2.134833738017027471e+00
-4.359491036693459165e-01,-2.131109911022132763e+00
-4.331022718892375556e-01,-2.127354656466357241e+00
-4.302966919744622420e-01,-2.123568482917908895e+00
-4.275326206211680913e-01,-2.119751900782874454e+00
-4.248103067536410649e-01,-2.115905422172919881e+00
-4.221299915184923424e-01,-2.112029560773294179e+00
-4.194919082812378908e-01,-2.108124831711138736e+00
-4.168962826252359255e-01,-2.104191751424129286e+00
-4.143433323529996937e-01,-2.100230837529569516e+00
-4.118332674898520507e-01,-2.096242608693906107e+00
-4.093662902898849154e-01,-2.092227584502747817e+00
-4.069425952442389249e-01,-2.088186285331437908e+00
-4.045623690916654858e-01,-2.084119232216223860e+00
-4.022257908313328079e-01,-2.080026946726037718e+00
-3.999330317378879118e-01,-2.075909950834954110e+00
-3.976842553787343637e-01,-2.071768766795403671e+00
-3.954796176334844371e-01,-2.067603917012097003e+00
-3.933192667155949729e-01,-2.063415923916783967e+00
-3.912033431961444707e-01,-2.059205309843856746e+00
-3.891319800297077247e-01,-2.054972596906797122e+00
-3.871053025823370519e-01,-2.050718306875606967e+00
-3.851234286615975444e-01,-2.046442961055144227e+00
-3.831864685486233713e-01,-2.042147080164474993e+00
-3.812945250321878032e-01,-2.037831184217266500e+00
-3.794476934447444383e-01,-2.033495792403250846e+00
-3.776460617003953302e-01,-2.029141422970768271e+00
-3.758897103347841884e-01,-2.024768593110482851e+00
-3.741787125468621356e-01,-2.020377818840247475e+00
-3.725131342424911618e-01,-2.015969614891181649e+00
-3.708930340798674008e-01,-2.011544494594984300e+00
-3.693184635167235386e-01,-2.007102969772520673e+00
-3.677894668592644467e-01,-2.002645550623686876e+00
-3.663060813128214410e-01,-1.998172745618618462e+00
-3.648683370341829768e-01,-1.993685061390253255e+00
-3.634762571855490454e-01,-1.989183002628260200e+00
-3.621298579901019998e-01,-1.984667071974387520e+00
-3.608291487891413518e-01,-1.980137769919251500e+00
-3.595741321007387414e-01,-1.975595594700554125e+00
-3.583648036798920966e-01,-1.971041042202811955e+00
-3.572011525801376819e-01,-1.966474605858580915e+00
-3.560831612165665239e-01,-1.961896776551186550e+00
-3.550108054302290039e-01,-1.957308042519023905e+00
-3.539840545538809335e-01,-1.952708889261427272e+00
-3.530028714790202637e-01,-1.948099799446088687e+00
-3.520672127241982752e-01,-1.943481252818115124e+00
-3.511770285045501816e-01,-1.938853726110705056e+00
-3.503322628025052343e-01,-1.934217692957425960e+00
-3.495328534396504594e-01,-1.929573623806179139e+00
-3.487787321496971793e-01,-1.924921985834824323e+00
-3.480698246525102402e-01,-1.920263242868461839e+00
-3.474060507291688027e-01,-1.915597855298422081e+00
-3.467873242980132331e-01,-1.910926280002972932e+00
-3.462135534916376822e-01,-1.906248970269701415e+00
-3.456846407347911598e-01,-1.901566375719649260e+00
-3.452004828231493017e-01,-1.896878942233185095e+00
-3.447609710029101437e-01,-1.892187111877579486e+00
-3.443659910511820410e-01,-1.887491322836362340e+00
-3.440154233571208198e-01,-1.882792009340438000e+00
-3.437091430037738649e-01,-1.878089601600911651e+00
-3.434470198505989447e-01,-1.873384525743731821e+00
-3.432289186166116446e-01,-1.868677203746076820e+00
-3.430546989641260480e-01,-1.863968053374499112e+00
-3.429242155830484196e-01,-1.859257488124857804e+00
-3.428373182756881410e-01,-1.854545917164028612e+00
-3.427938520420402702e-01,-1.849833745273361085e+00
-3.427936571655124109e-01,-1.845121372793923742e+00
-3.428365692990448799e-01,-1.840409195573536882e+00
-3.429224195515999662e-01,-1.835697604915532244e+00
-3.430510345749712142e-01,-1.830986987529308996e+00
-3.432222366508827505e-01,-1.826277725482662317e+00
-3.434358437783383011e-01,-1.821570196155820387e+00
-3.436916697611871463e-01,-1.816864772197284594e+00
-3.439895242958632693e-01,-1.812161821481401258e+00
-3.443292130592716105e-01,-1.807461707067649970e+00
-3.447105377967794038e-01,-1.802764787161693194e+00
-3.451332964102767908e-01,-1.798071415078150270e+00
-3.455972830462791801e-01,-1.793381939205058062e+00
-3.461022881840273291e-01,-1.788696702970071328e+00
-3.466480987235577849e-01,-1.784016044808351076e+00
-3.472344980737108178e-01,-1.779340298132120024e+00
-3.478612662400373257e-01,-1.774669791301915822e+00
-3.485281799125750646e-01,-1.770004847599513376e+00
-3.492350125534671723e-01,-1.765345785202464768e+00
-3.499815344843805187e-01,-1.760692917160305404e+00
-3.507675129736998465e-01,-1.756046551372393294e+00
-3.515927123234701690e-01,-1.751406990567320410e+00
-3.524568939560487335e-01,-1.746774532283954739e+00
-3.533598165004397385e-01,-1.742149468854063965e+00
-3.543012358782908766e-01,-1.737532087386473911e+00
-3.552809053895075730e-01,-1.732922669752805955e+00
-3.562985757974699852e-01,-1.728321492574751206e+00
-3.573539954138221231e-01,-1.723728827212830383e+00
-3.584469101828012261e-01,-1.719144939756680479e+00
-3.595770637650822499e-01,-1.714570091016825781e+00
-3.607441976211221979e-01,-1.710004536517884199e+00
-3.619480510939612761e-01,-1.705448526493244632e+00
-3.631883614914649949e-01,-1.700902305881174303e+00
-3.644648641679938961e-01,-1.696366114322302332e+00
-3.657772926054541074e-01,-1.691840186158515724e+00
-3.671253784937206777e-01,-1.687324750433239595e+00
-3.685088518104144839e-01,-1.682820030893018348e+00
-3.699274408999997932e-01,-1.678326245990455989e+00
-3.713808725521806076e-01,-1.673843608888477164e+00
-3.728688720795941824e-01,-1.669372327465831862e+00
-3.743911633947565321e-01,-1.664912604323895762e+00
-3.759474690862503188e-01,-1.660464636794721338e+00
-3.775375104941505189e-01,-1.656028616950276255e+00
-3.791610077846412907e-01,-1.651604731612911436e+00
-3.808176800238257664e-01,-1.647193162367009744e+00
-3.825072452507144449e-01,-1.642794085571761320e+00
-3.842294205493579917e-01,-1.638407672375103763e+00
-3.859839221201182835e-01,-1.634034088728770540e+00
-3.877704653500735343e-01,-1.629673495404406758e+00
-3.895887648825194782e-01,-1.625326048010769187e+00
-3.914385346855633330e-01,-1.620991897011985206e+00
-3.933194881198099346e-01,-1.616671187746796301e+00
-3.952313380051025171e-01,-1.612364060448829628e+00
-3.971737966863155278e-01,-1.608070650267849011e+00
-3.991465760982031985e-01,-1.603791087291924544e+00
-4.011493878292654025e-01,-1.599525496570571192e+00
-4.031819431846307977e-01,-1.595273998138790894e+00
-4.052439532479637507e-01,-1.591036707041961984e+00
-4.073351289423556287e-01,-1.586813733361639001e+00
-4.094551810902064548e-01,-1.582605182242171393e+00
-4.116038204720995353e-01,-1.578411153918124921e+00
-4.137807578846369183e-01,-1.574231743742517731e+00
-4.159857041972362945e-01,-1.570067042215837594e+00
-4.182183704079032727e-01,-1.565917135015762351e+00
-4.204784676979373415e-01,-1.561782103027655744e+00
-4.227657074855830088e-01,-1.557662022375755129e+00
-4.250798014786353884e-01,-1.553556964455015788e+00
-4.274204617259642625e-01,-1.549466995963644234e+00
-4.297874006679687775e-01,-1.545392178936269012e+00
-4.321803311859682695e-01,-1.541332570777702138e+00
-4.345989666505028493e-01,-1.537288224297320927e+00
-4.370430209685511880e-01,-1.533259187744023810e+00
-4.395122086296772146e-01,-1.529245504841712400e+00
-4.420062447510760828e-01,-1.525247214825329989e+00
-4.445248451215307872e-01,-1.521264352477409654e+00
-4.470677262442923627e-01,-1.517296948165089088e+00
-4.496346053788560782e-01,-1.513345027877612825e+00
-4.522252005816421172e-01,-1.509408613264293431e+00
-4.548392307456029515e-01,-1.505487721672869039e+00
-4.574764156387214897e-01,-1.501582366188298101e+00
-4.601364759414176553e-01,-1.497692555671940262e+00
-4.628191332828831550e-01,-1.493818294801078306e+00
-4.655241102763086891e-01,-1.489959584108835555e+00
-4.682511305530267509e-01,-1.486116420024397033e+00
-4.709999187955841160e-01,-1.482288794913543040e+00
-4.737702007697185969e-01,-1.478476697119489591e+00
-4.765617033552525528e-01,-1.474680111004006644e+00
-4.793741545759332423e-01,-1.470899016988780117e+00
-4.822072836281799946e-01,-1.467133391597032599e+00
-4.850608209087626244e-01,-1.463383207495368543e+00
-4.879344980414365707e-01,-1.459648433535807754e+00
-4.908280479025002863e-01,-1.455929034798032040e+00
-4.937412046452959724e-01,-1.452224972631808164e+00
-4.966737037236830243e-01,-1.448536204699546026e+00
-4.996252819144456625e-01,-1.444862685019020931e+00
-5.025956773386652809e-01,-1.441204364006229310e+00
-5.055846294820806053e-01,-1.437561188518332145e+00
-5.085918792144018541e-01,-1.433933101896722073e+00
-5.116171688076033286e-01,-1.430320044010168434e+00
-5.146602419532313455e-01,-1.426721951298024038e+00
-5.177208437786789963e-01,-1.423138756813489447e+00
-5.207987208624700326e-01,-1.419570390266943205e+00
-5.238936212485681976e-01,-1.416016778069264515e+00
-5.270052944596888000e-01,-1.412477843375202990e+00
-5.301334915096296285e-01,-1.408953506126753075e+00
-5.332779649146637269e-01,-1.405443683096497365e+00
-5.364384687039494004e-01,-1.401948287930951942e+00
-5.396147584289907595e-01,-1.398467231193889049e+00
-5.428065911721832171e-01,-1.395000420409586939e+00
-5.460137255544029733e-01,-1.391547760106063292e+00
-5.492359217416750150e-01,-1.388109151858232471e+00
-5.524729414509516046e-01,-1.384684494330973958e+00
-5.557245479549637324e-01,-1.381273683322155277e+00
-5.589905060861813935e-01,-1.377876611805540774e+00
-5.622705822399066689e-01,-1.374493169973591167e+00
-5.655645443764785174e-01,-1.371123245280181591e+00
-5.688721620226050435e-01,-1.367766722483190422e+00
-5.721932062718713130e-01,-1.364423483686951988e+00
-5.755274497843764214e-01,-1.361093408384593362e+00
-5.788746667855390049e-01,-1.357776373500235945e+00
-5.822346330641038348e-01,-1.354472253431021178e+00
-5.856071259693108599e-01,-1.351180920089013915e+00
-5.889919244072635562e-01,-1.347902242942942808e+00
-5.923888088365310001e-01,-1.344636089059751516e+00
-5.957975612629446971e-01,-1.341382323146000255e+00
-5.992179652336302453e-01,-1.338140807589094594e+00
-6.026498058302973693e-01,-1.334911402498313970e+00
-6.060928696617684519e-01,-1.331693965745660568e+00
-6.095469448557641057e-01,-1.328488353006536782e+00
-6.130118210499903020e-01,-1.325294417800193969e+00
-6.164872893824924205e-01,-1.322112011530008235e+00
-6.199731424813000880e-01,-1.318940983523561261e+00
-6.234691744534098801e-01,-1.315781181072474215e+00
-6.269751808730645859e-01,-1.312632449472082907e+00
-6.304909587693635631e-01,-1.309494632060880681e+00
-6.340163066132437075e-01,-1.306367570259736377e+00
-6.375510243037865177e-01,-1.303251103610915340e+00
-6.410949131538949963e-01,-1.300145069816892596e+00
-6.446477758753764720e-01,-1.297049304778915335e+00
-6.482094165633830452e-01,-1.293963642635374445e+00
-6.517796406802612852e-01,-1.290887915799953989e+00
-6.553582550388347139e-01,-1.287821954999540441e+00
-6.589450677850892113e-01,-1.284765589311931855e+00
-6.625398883802927630e-01,-1.281718646203325429e+00
-6.661425275825908487e-01,-1.278680951565563939e+00
-6.697527974280328422e-01,-1.275652329753183434e+00
-6.733705112110742741e-01,-1.272632603620237335e+00
-6.769954834645836028e-01,-1.269621594556890276e+00
-6.806275299393196310e-01,-1.266619122525805663e+00
-6.842664675829163157e-01,-1.263625006098321624e+00
-6.879121145184099451e-01,-1.260639062490390927e+00
-6.915642900222703782e-01,-1.257661107598329497e+00
-6.952228145019752059e-01,-1.254690956034355320e+00
-6.988875094731578086e-01,-1.251728421161893534e+00
-7.025581975363006659e-01,-1.248773315130706774e+00
-7.062347023530005652e-01,-1.245825448911808797e+00
-7.099168486218478957e-01,-1.242884632332169836e+00
-7.136044620538778416e-01,-1.239950674109238982e+00
-7.172973693476376589e-01,-1.237023381885271389e+00
-7.209953981638964615e-01,-1.234102562261453651e+00
-7.246983770999654295e-01,-1.231188020831852414e+00
-7.284061356636613027e-01,-1.228279562217186927e+00
-7.321185042469547932e-01,-1.225376990098399954e+00
-7.358353140992615060e-01,-1.222480107250077053e+00
-7.395563973004102287e-01,-1.219588715573692639e+00
-7.432815867333296689e-01,-1.216702616130674208e+00
-7.470107160564107840e-01,-1.213821609175320226e+00
-7.507436196755831181e-01,-1.210945494187565696e+00
-7.544801327161440030e-01,-1.208074069905579639e+00
-7.582200909942964362e-01,-1.205207134358227128e+00
-7.619633309884313865e-01,-1.202344484897402310e+00
-7.657096898102037086e-01,-1.199485918230192460e+00
-7.694590051753450455e-01,-1.196631230450945660e+00
-7.732111153742596832e-01,-1.193780217073201921e+00
-7.769658592424407706e-01,-1.190932673061495750e+00
-7.807230761306641620e-01,-1.188088392863059228e+00
-7.844826058749982955e-01,-1.185247170439414965e+00
-7.882442887666616382e-01,-1.182408799297861357e+00
-7.920079655216988312e-01,-1.179573072522863919e+00
-7.957734772505019594e-01,-1.176739782807373125e+00
-7.995406654272142477e-01,-1.173908722484031886e+00
-8.033093718589837673e-01,-1.171079683556329076e+00
-8.070794386551009003e-01,-1.168252457729678229e+00
-8.108507081960457663e-01,-1.165426836442421621e+00
-8.146230231024222945e-01,-1.162602610896784849e+00
-8.183962262038071422e-01,-1.159779572089791877e+00
-8.221701605075451003e-01,-1.156957510844108805e+00
-8.259446691674621199e-01,-1.154136217838873435e+00
-8.297195954525221628e-01,-1.151315483640490411e+00
-8.334947827154721711e-01,-1.148495098733382624e+00
-8.372700743614336361e-01,-1.145674853550750605e+00
-8.410453138164695197e-01,-1.142854538505314599e+00
-8.448203444961769337e-01,-1.140033944020026002e+00
-8.485950097742512854e-01,-1.137212860558820982e+00
-8.523691529510696308e-01,-1.134391078657360996e+00
-8.561426172223225439e-01,-1.131568388953785309e+00
-8.599152456476617523e-01,-1.128744582219493919e+00
-8.636868811193884055e-01,-1.125919449389965576e+00
-8.674573663312297178e-01,-1.123092781595592671e+00
-8.712265437471645724e-01,-1.120264370192576298e+00
-8.749942555703219549e-01,-1.117434006793864842e+00
-8.787603437120006244e-01,-1.114601483300134310e+00
-8.825246497607676099e-01,-1.111766591930856585e+00
-8.862870149516693941e-01,-1.108929125255414538e+00
-8.900472801355955310e-01,-1.106088876224292861e+00
-8.938052857487506220e-01,-1.103245638200360812e+00
-8.975608717822743943e-01,-1.100399204990243351e+00
-9.013138777520509626e-01,-1.097549370875759989e+00
-9.050641426686544255e-01,-1.094695930645495974e+00
-9.088115050074818679e-01,-1.091838679626461639e+00
-9.125558026791020794e-01,-1.088977413715860099e+00
-9.162968729997801320e-01,-1.086111929412976185e+00
-9.200345526622212278e-01,-1.083242023851201496e+00
-9.237686777065620136e-01,-1.080367494830157593e+00
-9.274990834915719518e-01,-1.077488140847978615e+00
-9.312256046661232523e-01,-1.074603761133726687e+00
-9.349480751408938417e-01,-1.071714155679951430e+00
-9.386663280603850801e-01,-1.068819125275386916e+00
-9.423801957751828384e-01,-1.065918471537819157e+00
-9.460895098145192250e-01,-1.063011996947119009e+00
-9.497941008591626044e-01,-1.060099504878404097e+00
-9.534937987146011595e-01,-1.057180799635409896e+00
-9.571884322845509718e-01,-1.054255686484014021e+00
-9.608778295448308082e-01,-1.051323971685933056e+00
-9.645618175175647568e-01,-1.048385462532612111e+00
-9.682402222457419105e-01,-1.045439967379302226e+00
-9.719128687681810597e-01,-1.042487295679308978e+00
-9.755795810948504343e-01,-1.039527258018444922e+00
-9.792401821825885699e-01,-1.036559666149691417e+00
-9.828944939112552737e-01,-1.033584333028030100e+00
-9.865423370602804942e-01,-1.030601072845493738e+00
-9.901835312856458460e-01,-1.027609701066433345e+00
-9.938178950973269865e-01,-1.024610034462960728e+00
-9.974452458371758645e-01,-1.021601891150631491e+00
-1.001065399657262489e+00,-1.018585090624331002e+00
-1.004678171498722294e+00,-1.015559453794354861e+00
-1.008283375071069798e+00,-1.012524803022734288e+00
-1.011880822832010418e+00,-1.009480962159770012e+00
-1.015470325967788634e+00,-1.006427756580762667e+00
-1.019051694374045081e+00,-1.003365013222992097e+00
-1.022624736637200105e+00,-1.000292560622906946e+00
-1.026189260016416416e+00,-9.972102289535197395e-01
-1.029745070426094422e+00,-9.941178500620408975e-01
-1.033291972418932891e+00,-9.910152575077361137e-01
-1.036829769169611559e+00,-9.879022865999824710e-01
-1.040358262459029959e+00,-9.847787744365642526e-01
-1.043877252659161314e+00,-9.816445599421882440e-01
-1.047386538718541482e+00,-9.784994839071978756e-01
-1.050885918148367848e+00,-9.753433890265265083e-01
-1.054375187009239490e+00,-9.721761199388591068e-01
-1.057854139898569246e+00,-9.689975232659947535e-01
-1.061322569938640825e+00,-9.658074476524362018e-01
-1.064780268765339155e+00,-9.626057438051910387e-01
-1.068227026517590161e+00,-9.593922645337558119e-01
-1.071662631827474899e+00,-9.561668647903245333e-01
-1.075086871811057998e+00,-9.529294017101965775e-01
-1.078499532059951527e+00,-9.496797346523607741e-01
-1.081900396633600270e+00,-9.464177252402913298e-01
-1.085289248052294209e+00,-9.431432374029322663e-01
-1.088665867290971700e+00,-9.398561374158409532e-01
-1.092030033773761177e+00,-9.365562939425350342e-01
-1.095381525369292453e+00,-9.332435780760104382e-01
-1.098720118386827371e+00,-9.299178633804040528e-01
-1.102045587573163399e+00,-9.265790259328403611e-01
-1.105357706110342786e+00,-9.232269443654359531e-01
-1.108656245614199065e+00,-9.198614999074257170e-01
-1.111940976133726666e+00,-9.164825764274575626e-01
-1.115211666151275427e+00,-9.130900604760193717e-01
-1.118468082583624401e+00,-9.096838413279701996e-01
-1.121709990783893884e+00,-9.062638110252166923e-01
-1.124937154544325191e+00,-9.028298644194994171e-01
-1.128149336099967037e+00,-8.993818992152530223e-01
-1.131346296133229901e+00,-8.959198160125938504e-01
-1.134527793779338989e+00,-8.924435183503832691e-01
-1.137693586632718468e+00,-8.889529127493471794e-01
-1.140843430754273635e+00,-8.854479087552828975e-01
-1.143977080679599689e+00,-8.819284189823204390e-01
-1.147094289428154612e+00,-8.783943591562055619e-01
-1.150194808513347544e+00,-8.748456481576385446e-01
-1.153278387953596162e+00,-8.712822080656383861e-01
-1.156344776284349729e+00,-8.677039642008891329e-01
-1.159393720571073816e+00,-8.641108451691150716e-01
-1.162424966423221129e+00,-8.605027829044337162e-01
-1.165438258009192429e+00,-8.568797127126697166e-01
-1.168433338072284888e+00,-8.532415733146431203e-01
-1.171409947947642305e+00,-8.495883068894142243e-01
-1.174367827580229839e+00,-8.459198591174318382e-01
-1.177306715543811277e+00,-8.422361792236295885e-01
-1.180226349060941704e+00,-8.385372200204314064e-01
-1.183126464024015334e+00,-8.348229379506147962e-01
-1.186006795017328530e+00,-8.310932931300830662e-01
-1.188867075340186652e+00,-8.273482493904986690e-01
-1.191707037031070060e+00,-8.235877743217329128e-01
-1.194526410892845503e+00,-8.198118393141756721e-01
-1.197324926519016675e+00,-8.160204196008548072e-01
-1.200102312321082554e+00,-8.122134942993327611e-01
-1.202858295556917589e+00,-8.083910464534052043e-01
-1.205592602360233689e+00,-8.045530630745630907e-01
-1.208304957771143551e+00,-8.006995351831792673e-01
-1.210995085767767154e+00,-7.968304578494471713e-01
-1.213662709298931608e+00,-7.929458302340290921e-01
-1.216307550317968111e+00,-7.890456556283736989e-01
-1.218929329817574514e+00,-7.851299414947310318e-01
-1.221527767865772329e+00,-7.811986995058263217e-01
-1.224102583642966424e+00,-7.772519455841420122e-01
-1.226653495480080291e+00,-7.732896999408421790e-01
-1.229180220897780007e+00,-7.693119871142964916e-01
-1.231682476646809077e+00,-7.653188360081555341e-01
-1.234159978749402864e+00,-7.613102799290097922e-01
-1.236612442541782375e+00,-7.572863566235870092e-01
-1.239039582717770260e+00,-7.532471083154401725e-01
-1.241441113373470406e+00,-7.491925817411581034e-01
-1.243816748053039101e+00,-7.451228281860540203e-01
-1.246166199795557539e+00,-7.410379035192810049e-01
-1.248489181182965924e+00,-7.369378682284061233e-01
-1.250785404389086919e+00,-7.328227874534004593e-01
-1.253054581229736231e+00,-7.286927310199908803e-01
-1.255296423213886126e+00,-7.245477734724060648e-01
-1.257510641595906087e+00,-7.203879941054758262e-01
-1.259696947428871061e+00,-7.162134769960195602e-01
-1.261855051618919976e+00,-7.120243110335731096e-01
-1.263984664980664752e+00,-7.078205899503902110e-01
-1.266085498293652911e+00,-7.036024123506799954e-01
-1.268157262359857596e+00,-6.993698817391033051e-01
-1.270199668062199860e+00,-6.951231065484858584e-01
-1.272212426424103482e+00,-6.908622001666926415e-01
-1.274195248670050962e+00,-6.865872809627003859e-01
-1.276147846287142507e+00,-6.822984723118100669e-01
-1.278069931087665090e+00,-6.779959026199599004e-01
-1.279961215272633623e+00,-6.736797053471639263e-01
-1.281821411496300245e+00,-6.693500190300264441e-01
-1.283650232931649038e+00,-6.650069873032841139e-01
-1.285447393336815125e+00,-6.606507589204050346e-01
-1.287212607122450780e+00,-6.562814877731993901e-01
-1.288945589420028348e+00,-6.518993329103864864e-01
-1.290646056151038001e+00,-6.475044585551509302e-01
-1.292313724097091443e+00,-6.430970341216438735e-01
-1.293948310970903348e+00,-6.386772342303679295e-01
-1.295549535488149218e+00,-6.342452387224909449e-01
-1.297117117440157230e+00,-6.298012326730305643e-01
-1.298650777767452968e+00,-6.253454064028607373e-01
-1.300150238634111055e+00,-6.208779554895761388e-01
-1.301615223502905483e+00,-6.163990807771656533e-01
-1.303045457211254421e+00,-6.119089883844368583e-01
-1.304440666047913533e+00,-6.074078897122392462e-01
-1.305800577830414033e+00,-6.028960014494226805e-01
-1.307124921983236376e+00,-5.983735455774933376e-01
-1.308413429616675838e+00,-5.938407493739967791e-01
-1.309665833606388663e+00,-5.892978454145780809e-01
-1.310881868673605899e+00,-5.847450715736741689e-01
-1.312061271465986056e+00,-5.801826710238751073e-01
-1.313203780639063512e+00,-5.756108922338989409e-01
-1.314309136938319522e+00,-5.710299889651424543e-01
-1.315377083281787485e+00,-5.664402202668348263e-01
-1.316407364843227068e+00,-5.618418504697602067e-01
-1.317399729135797282e+00,-5.572351491784827138e-01
-1.318353926096236917e+00,-5.526203912621369119e-01
-1.319269708169491961e+00,-5.479978568437140485e-01
-1.320146830393802428e+00,-5.433678312878148509e-01
-1.320985050486185530e+00,-5.387306051869000800e-01
-1.321784128928303215e+00,-5.340864743459980968e-01
-1.322543829052692299e+00,-5.294357397658231434e-01
-1.323263917129310796e+00,-5.247787076243422000e-01
-1.323944162452387774e+00,-5.201156892567568857e-01
-1.324584337427538117e+00,-5.154470011338446733e-01
-1.325184217659110653e+00,-5.107729648387105970e-01
-1.325743582037737678e+00,-5.060939070419073760e-01
-1.326262212828067888e+00,-5.014101594748749946e-01
-1.326739895756632759e+00,-4.967220589017535270e-01
-1.327176420099820398e+00,-4.920299470895235228e-01
-1.327571578771932881e+00,-4.873341707764345943e-01
-1.327925168413281787e+00,-4.826350816387666720e-01
-1.328236989478284835e+00,-4.779330362558947276e-01
-1.328506846323555202e+00,-4.732283960736019535e-01
-1.328734547295911783e+00,-4.685215273657086787e-01
-1.328919904820309084e+00,-4.638128011939661732e-01
-1.329062735487627878e+00,-4.591025933661840863e-01
-1.329162860142300451e+00,-4.543912843926434797e-01
-1.329220103969740885e+00,-4.496792594407620913e-01
-1.329234296583527541e+00,-4.449669082879681437e-01
-1.329205272112315317e+00,-4.402546252728483100e-01
-1.329132869286434371e+00,-4.355428092445298716e-01
-1.329016931524139133e+00,-4.308318635102648120e-01
-1.328857307017468292e+00,-4.261221957812729721e-01
-1.328653848817681782e+00,-4.214142181168172852e-01
-1.328406414920233702e+00,-4.167083468664717905e-01
-1.328114868349236533e+00,-4.120050026106510388e-01
-1.327779077241401318e+00,-4.073046100993665819e-01
-1.327398914929376783e+00,-4.026075981891824029e-01
-1.326974260024488705e+00,-3.979143997784357345e-01
-1.326504996498809152e+00,-3.932254517406904015e-01
-1.325991013766538495e+00,-3.885411948564017615e-01
-1.325432206764640908e+00,-3.838620737428568575e-01
-1.324828476032714919e+00,-3.791885367823655262e-01
-1.324179727792039962e+00,-3.745210360486772583e-01
-1.323485874023773823e+00,-3.698600272316959758e-01
-1.322746832546251916e+00,-3.652059695604670253e-01
-1.321962527091353978e+00,-3.605593257244177896e-01
-1.321132887379899756e+00,-3.559205617929209198e-01
-1.320257849196021960e+00,-3.512901471331638659e-01
-1.319337354460497158e+00,-3.466685543263048896e-01
-1.318371351302976224e+00,-3.420562590819873350e-01
-1.317359794133087902e+00,-3.374537401512016088e-01
-1.316302643710364650e+00,-3.328614792374718911e-01
-1.315199867212961005e+00,-3.282799609064492308e-01
-1.314051438305127828e+00,-3.237096724938976489e-01
-1.312857337203388042e+00,-3.191511040120563192e-01
-1.311617550741388083e+00,-3.146047480544628128e-01
-1.310332072433392003e+00,-3.100710996992194213e-01
-1.309000902536357369e+00,-3.055506564107014489e-01
-1.307624048110579418e+00,-3.010439179397821352e-01
-1.306201523078858395e+00,-2.965513862225699904e-01
-1.304733348284134564e+00,-2.920735652776503821e-01
-1.303219551545589772e+00,-2.876109611019153633e-01
-1.301660167713147853e+00,-2.831640815649788534e-01
-1.300055238720345008e+00,-2.787334363021712336e-01
-1.298404813635545274e+00,-2.743195366061998985e-01
-1.296708948711459808e+00,-2.699228953174749868e-01
-1.294967707432929993e+00,-2.655440267130991794e-01
-1.293181160562936860e+00,-2.611834463946087204e-01
-1.291349386186832371e+00,-2.568416711744698766e-01
-1.289472469754706196e+00,-2.525192189613286176e-01
-1.287550504121909523e+00,-2.482166086441070785e-01
-1.285583589587679487e+00,-2.439343599749515257e-01
-1.283571833931811845e+00,-2.396729934510325732e-01
-1.281515352449397183e+00,-2.354330301952957394e-01
-1.279414267983558062e+00,-2.312149918361635914e-01
-1.277268710956151132e+00,-2.270194003862023580e-01
-1.275078819396435970e+00,-2.228467781198426867e-01
-1.272844738967668254e+00,-2.186976474501678147e-01
-1.270566622991565087e+00,-2.145725308047767843e-01
-1.268244632470658440e+00,-2.104719505008206260e-01
-1.265878936108490560e+00,-2.063964286192226105e-01
-1.263469710327606910e+00,-2.023464868780952275e-01
-1.261017139285358635e+00,-1.983226465054530041e-01
-1.258521414887476153e+00,-1.943254281112334336e-01
-1.255982736799367894e+00,-1.903553515586429712e-01
-1.253401312455163508e+00,-1.864129358349273791e-01
-1.250777357064464246e+00,-1.824986989215811317e-01
-1.248111093616750766e+00,-1.786131576640159202e-01
-1.245402752883483233e+00,-1.747568276407866217e-01
-1.242652573417844186e+00,-1.709302230323947180e-01
-1.239860801552086667e+00,-1.671338564896874823e-01
-1.237027691392528439e+00,-1.633682390019571828e-01
-1.234153504812135926e+00,-1.596338797647556818e-01
-1.231238511440678973e+00,-1.559312860474534046e-01
-1.228282988652469765e+00,-1.522609630606366615e-01
-1.225287221551674355e+00,-1.486234138233718804e-01
-1.222251502955138625e+00,-1.450191390303580685e-01
-1.219176133372792847e+00,-1.414486369190686432e-01
-1.216061420985567354e+00,-1.379124031369081960e-01
-1.212907681620829514e+00,-1.344109306084099176e-01
-1.209715238725348474e+00,-1.309447094025735225e-01
-1.206484423335773659e+00,-1.275142266003712888e-01
-1.203215574046603065e+00,-1.241199661624483308e-01
-1.199909036975675081e+00,-1.207624087971198024e-01
-1.196565165727172309e+00,-1.174420318286882869e-01
-1.193184321352091182e+00,-1.141593090661144616e-01
-1.189766872306253109e+00,-1.109147106721388859e-01
-1.186313194405809179e+00,-1.077087030328827411e-01
-1.182823670780242642e+00,-1.045417486279586611e-01
-1.179298691822888934e+00,-1.014143059011900910e-01
-1.175738655138992561e+00,-9.832682913196681695e-02
-1.172143965491257989e+00,-9.527976830727084845e-02
-1.168515034742952485e+00,-9.227356899446614857e-02
-1.164852281798551603e+00,-8.930867221488421326e-02
-1.161156132541921071e+00,-8.638551431823719706e-02
-1.157427019772073074e+00,-8.350452685795295427e-02
-1.153665383136507794e+00,-8.066613646746217947e-02
-1.149871669062114465e+00,-7.787076473747131522e-02
-1.146046330683707870e+00,-7.511882809431259800e-02
-1.142189827770179633e+00,-7.241073767940207906e-02
-1.138302626648266092e+00,-6.974689922983945412e-02
-1.134385200124001569e+00,-6.712771296023807566e-02
-1.130438027401843071e+00,-6.455357344581659496e-02
-1.126461594001469946e+00,-6.202486950678564454e-02
-1.122456391672337128e+00,-5.954198409411512460e-02
-1.118422918305959746e+00,-5.710529417671360991e-02
-1.114361677845952192e+00,-5.471517063005230941e-02
-1.110273180195882947e+00,-5.237197812631688709e-02
-1.106157941124953803e+00,-5.007607502611717554e-02
-1.102016482171498613e+00,-4.782781327178759617e-02
-1.097849330544394153e+00,-4.562753828235727865e-02
-1.093657019022373333e+00,-4.347558885021976516e-02
-1.089440085851262063e+00,-4.137229703953423238e-02
-1.085199074639212169e+00,-3.931798808643309495e-02
-1.080934534249936574e+00,-3.731298030106534186e-02
-1.076647018693970059e+00,-3.535758497150610913e-02
-1.072337087018032431e+00,-3.345210626960377909e-02
-1.068005303192505417e+00,-3.159684115879203559e-02
-1.063652235997033069e+00,-2.979207930389698653e-02
-1.059278458904346687e+00,-2.803810298300534257e-02
-1.054884549962322282e+00,-2.633518700142071720e-02
-1.050471091674278545e+00,-2.468359860773558165e-02
-1.046038670877617927e+00,-2.308359741208116170e-02
-1.041587878620832130e+00,-2.153543530658013488e-02
-1.037119310038874032e+00,-2.003935638802816291e-02
-1.032633564226999479e+00,-1.859559688286181386e-02
-1.028131244113114517e+00,-1.720438507443546733e-02
-1.023612956328618262e+00,-1.586594123263200887e-02
-1.019079311077860206e+00,-1.458047754585909198e-02
-1.014530922006238178e+00,-1.334819805545205997e-02
-1.009968406066935609e+00,-1.216929859250587102e-02
-1.005392383386428667e+00,-1.104396671718288481e-02
-1.000803477128769492e+00,-9.972381660514981899e-03
-9.962023133586653811e-01,-8.954714268720555259e-03
-9.915895209034774060e-01,-7.991126950077292318e-03
-9.869657312141481009e-01,-7.081773624367353366e-03
-9.823315782250864325e-01,-6.226799674912573621e-03
-9.776876982131248450e-01,-5.426341903235477188e-03
-9.730347296555642567e-01,-4.680528486359696212e-03
-9.683733130873424244e-01,-3.989478936765413798e-03
-9.637040909574287051e-01,-3.353304065029341814e-03
-9.590277074844820726e-01,-2.772105945160576509e-03
-9.543448085117833823e-01,-2.245977882645089092e-03
-9.496560413615756646e-01,-1.775004385222610920e-03
-9.449620546888228834e-01,-1.359261136404343396e-03
-9.402634983344209108e-01,-9.988149717417541158e-04
-9.355610231779784014e-01,-6.937238578640000366e-04
-9.308552809901929903e-01,-4.440368742897379123e-04
-9.261469242848487937e-01,-2.497941980207607732e-04
-9.214366061705552280e-01,-1.110270909288728900e-04
-9.167249802022540139e-01,-2.775788993894472332e-05
-9.120127002325212340e-01,-1.277788022628569737e-14
