method,case,model,mesh,variant,t,field,main_error,control_error,field_difference,initial_peak,pass_old_threshold
RK4,fig3,SD,fixed,time_half,0.001,u,1.8063403556256574e-06,1.8063403556256574e-06,3.3306690738754696e-16,0.521213732480525,True
RK4,fig3,SD,fixed,time_half,0.001,v,1.1455208486221835e-06,1.1455208487332058e-06,1.6653345369377348e-15,0.6075148241764006,True
RK4,fig3,SD,fixed,time_half,0.005,u,4.946155541252217e-06,4.946155540808128e-06,9.992007221626409e-16,0.521213732480525,True
RK4,fig3,SD,fixed,time_half,0.005,v,2.0394754599029064e-06,2.039475460124951e-06,3.1086244689504383e-15,0.6075148241764006,True
RK4,fig3,SD,fixed,time_half,0.01,u,9.938457304237147e-06,9.938457303348969e-06,1.4432899320127035e-15,0.521213732480525,True
RK4,fig3,SD,fixed,time_half,0.01,v,3.4778979492999795e-06,3.4778979496330464e-06,2.4424906541753444e-15,0.6075148241764006,True
RK4,fig3,SD,fixed,time_half,0.02,u,2.0117680456566145e-05,2.01176804548453e-05,2.6645352591003757e-15,0.521213732480525,True
RK4,fig3,SD,fixed,time_half,0.02,v,6.065982565528483e-06,6.065982566028083e-06,4.107825191113079e-15,0.6075148241764006,True
RK4,fig3,SD,fixed,x_half,0.001,u,1.8063403556256574e-06,1.1533099500971034e-06,1.1201525287329872e-06,0.521213732480525,True
RK4,fig3,SD,fixed,x_half,0.001,v,1.1455208486221835e-06,4.2741186845329793e-07,1.2197135828007077e-06,0.6075148241764006,True
RK4,fig3,SD,fixed,x_half,0.005,u,4.946155541252217e-06,5.7331198543009165e-06,2.4193382570092403e-06,0.521213732480525,True
RK4,fig3,SD,fixed,x_half,0.005,v,2.0394754599029064e-06,2.077016131141196e-06,1.4084832918870305e-06,0.6075148241764006,True
RK4,fig3,SD,fixed,x_half,0.01,u,9.938457304237147e-06,1.1431409223161548e-05,4.848345709240753e-06,0.521213732480525,True
RK4,fig3,SD,fixed,x_half,0.01,v,3.4778979492999795e-06,4.1524016202165726e-06,1.932898903878044e-06,0.6075148241764006,True
RK4,fig3,SD,fixed,x_half,0.02,u,2.0117680456566145e-05,2.2663172247860963e-05,9.489741257417972e-06,0.521213732480525,True
RK4,fig3,SD,fixed,x_half,0.02,v,6.065982565528483e-06,8.338960368448056e-06,3.597005737654424e-06,0.6075148241764006,True
RK4,fig3,SD,fixed,y_half,0.001,u,1.8063403556256574e-06,1.2991986971799818e-06,8.830440727525257e-07,0.521213732480525,True
RK4,fig3,SD,fixed,y_half,0.001,v,1.1455208486221835e-06,1.20310445128613e-06,3.178214557086889e-07,0.6075148241764006,True
RK4,fig3,SD,fixed,y_half,0.005,u,4.946155541252217e-06,2.7035626595228734e-06,4.404052549034088e-06,0.521213732480525,True
RK4,fig3,SD,fixed,y_half,0.005,v,2.0394754599029064e-06,1.2865410164986102e-06,1.5904660151666583e-06,0.6075148241764006,True
RK4,fig3,SD,fixed,y_half,0.01,u,9.938457304237147e-06,4.7425160490388585e-06,8.772921924471433e-06,0.521213732480525,True
RK4,fig3,SD,fixed,y_half,0.01,v,3.4778979492999795e-06,1.966489339311206e-06,3.1850411001954626e-06,0.6075148241764006,True
RK4,fig3,SD,fixed,y_half,0.02,u,2.0117680456566145e-05,8.97972698327143e-06,1.7386911045191855e-05,0.521213732480525,True
RK4,fig3,SD,fixed,y_half,0.02,v,6.065982565528483e-06,3.5688492635577163e-06,6.390533000388832e-06,0.6075148241764006,True
RK4,fig3,SD,fixed,domain_double,0.001,u,1.8063403556256574e-06,1.8063403556256574e-06,0.0,0.521213732480525,True
RK4,fig3,SD,fixed,domain_double,0.001,v,1.1455208486221835e-06,1.1455208486221835e-06,0.0,0.6075148241764006,True
RK4,fig3,SD,fixed,domain_double,0.005,u,4.946155541252217e-06,4.946155541252217e-06,0.0,0.521213732480525,True
RK4,fig3,SD,fixed,domain_double,0.005,v,2.0394754599029064e-06,2.0394754599029064e-06,0.0,0.6075148241764006,True
RK4,fig3,SD,fixed,domain_double,0.01,u,9.938457304237147e-06,9.938457304237147e-06,0.0,0.521213732480525,True
RK4,fig3,SD,fixed,domain_double,0.01,v,3.4778979492999795e-06,3.4778979492999795e-06,0.0,0.6075148241764006,True
RK4,fig3,SD,fixed,domain_double,0.02,u,2.0117680456566145e-05,2.0117680456566145e-05,0.0,0.521213732480525,True
RK4,fig3,SD,fixed,domain_double,0.02,v,6.065982565528483e-06,6.065982565528483e-06,0.0,0.6075148241764006,True
RK4,fig3,SD2,fixed,time_half,0.001,u,1.5106807246256793e-06,1.5106807236264785e-06,1.3981871216373065e-14,0.521213732480525,True
RK4,fig3,SD2,fixed,time_half,0.001,v,1.4159391502621688e-06,1.4159391250601061e-06,2.83884244237087e-13,0.6075148241764006,True
RK4,fig3,SD2,fixed,time_half,0.005,u,6.532180297724732e-06,6.532180293172818e-06,3.625572064791527e-14,0.521213732480525,True
RK4,fig3,SD2,fixed,time_half,0.005,v,3.253632575417331e-06,3.253632551825092e-06,5.906386491005833e-13,0.6075148241764006,True
RK4,fig3,SD2,fixed,time_half,0.01,u,1.319223049484064e-05,1.3192230468139776e-05,7.46382122773781e-14,0.521213732480525,True
RK4,fig3,SD2,fixed,time_half,0.01,v,5.920389342439769e-06,5.920389482272359e-06,1.0596523658534807e-12,0.6075148241764006,True
RK4,fig3,SD2,fixed,time_half,0.02,u,2.65783240242512e-05,2.6578323962356265e-05,1.50414403154997e-13,0.521213732480525,True
RK4,fig3,SD2,fixed,time_half,0.02,v,1.1151557871458273e-05,1.1151557740896045e-05,2.2108426200873055e-12,0.6075148241764006,True
RK4,fig3,SD2,fixed,x_half,0.001,u,1.5106807246256793e-06,1.1669228321409264e-06,9.708341647263197e-07,0.521213732480525,True
RK4,fig3,SD2,fixed,x_half,0.001,v,1.4159391502621688e-06,4.4158588780041086e-07,1.489821749856013e-06,0.6075148241764006,True
RK4,fig3,SD2,fixed,x_half,0.005,u,6.532180297724732e-06,5.80884435130713e-06,3.083741168086185e-06,0.521213732480525,True
RK4,fig3,SD2,fixed,x_half,0.005,v,3.253632575417331e-06,2.1298529363500407e-06,2.8439279738945444e-06,0.6075148241764006,True
RK4,fig3,SD2,fixed,x_half,0.01,u,1.319223049484064e-05,1.1577473831958507e-05,6.24327463127905e-06,0.521213732480525,True
RK4,fig3,SD2,fixed,x_half,0.01,v,5.920389342439769e-06,4.249563118396971e-06,4.570284345306597e-06,0.6075148241764006,True
RK4,fig3,SD2,fixed,x_half,0.02,u,2.65783240242512e-05,2.2957047804361697e-05,1.2767467926555476e-05,0.521213732480525,True
RK4,fig3,SD2,fixed,x_half,0.02,v,1.1151557871458273e-05,8.518695097325946e-06,8.010095037813691e-06,0.6075148241764006,True
RK4,fig3,SD2,fixed,y_half,0.001,u,1.5106807246256793e-06,1.0109747615727471e-06,8.875361386939673e-07,0.521213732480525,True
RK4,fig3,SD2,fixed,y_half,0.001,v,1.4159391502621688e-06,1.4872944750221606e-06,3.175475849492848e-07,0.6075148241764006,True
RK4,fig3,SD2,fixed,y_half,0.005,u,6.532180297724732e-06,3.0454174871907824e-06,4.426932403767125e-06,0.521213732480525,True
RK4,fig3,SD2,fixed,y_half,0.005,v,3.253632575417331e-06,2.7921117055074163e-06,1.5886678527143872e-06,0.6075148241764006,True
RK4,fig3,SD2,fixed,y_half,0.01,u,1.319223049484064e-05,6.218228837673312e-06,8.820306367118835e-06,0.521213732480525,True
RK4,fig3,SD2,fixed,y_half,0.01,v,5.920389342439769e-06,4.443737793624614e-06,3.180328493834761e-06,0.6075148241764006,True
RK4,fig3,SD2,fixed,y_half,0.02,u,2.65783240242512e-05,1.2679918154567815e-05,1.7488118978559175e-05,0.521213732480525,True
RK4,fig3,SD2,fixed,y_half,0.02,v,1.1151557871458273e-05,7.693082673787544e-06,6.376721372658434e-06,0.6075148241764006,True
RK4,fig3,SD2,fixed,domain_double,0.001,u,1.5106807246256793e-06,1.5106803437081595e-06,3.780364909999889e-12,0.521213732480525,True
RK4,fig3,SD2,fixed,domain_double,0.001,v,1.4159391502621688e-06,1.4159392943691174e-06,3.983480212355062e-12,0.6075148241764006,True
RK4,fig3,SD2,fixed,domain_double,0.005,u,6.532180297724732e-06,6.532192251773594e-06,1.89306903486397e-11,0.521213732480525,True
RK4,fig3,SD2,fixed,domain_double,0.005,v,3.253632575417331e-06,3.2536333657295913e-06,1.9301504838864503e-11,0.6075148241764006,True
RK4,fig3,SD2,fixed,domain_double,0.01,u,1.319223049484064e-05,1.3192254748772836e-05,3.795810887829987e-11,0.521213732480525,True
RK4,fig3,SD2,fixed,domain_double,0.01,v,5.920389342439769e-06,5.920390978630952e-06,3.713490626111593e-11,0.6075148241764006,True
RK4,fig3,SD2,fixed,domain_double,0.02,u,2.65783240242512e-05,2.657837408709396e-05,7.6137957050193e-11,0.521213732480525,True
RK4,fig3,SD2,fixed,domain_double,0.02,v,1.1151557871458273e-05,1.1151563300615397e-05,7.054040684906226e-11,0.6075148241764006,True
RK4,fig3,FD,fixed,time_half,0.001,u,1.0467944163705667e-06,1.0467944163705667e-06,4.440892098500626e-16,0.521213732480525,True
RK4,fig3,FD,fixed,time_half,0.001,v,1.2463034793075423e-06,1.2463034795295869e-06,2.4295073331598305e-15,0.6075148241764006,True
RK4,fig3,FD,fixed,time_half,0.005,u,4.278537086566114e-06,4.278537086066514e-06,9.992007221626409e-16,0.521213732480525,True
RK4,fig3,FD,fixed,time_half,0.005,v,1.5634943427711434e-06,1.5634943432152326e-06,5.800698463231946e-15,0.6075148241764006,True
RK4,fig3,FD,fixed,time_half,0.01,u,8.59412302139928e-06,8.594123020289057e-06,1.4432899320127035e-15,0.521213732480525,True
RK4,fig3,FD,fixed,time_half,0.01,v,1.9595038985853463e-06,1.9595038993625025e-06,5.401061542453789e-15,0.6075148241764006,True
RK4,fig3,FD,fixed,time_half,0.02,u,1.7032498305313837e-05,1.7032498303704013e-05,2.6645352591003757e-15,0.521213732480525,True
RK4,fig3,FD,fixed,time_half,0.02,v,3.1156459524561697e-06,3.115645951790036e-06,9.63812363252714e-15,0.6075148241764006,True
RK4,fig3,FD,fixed,x_half,0.001,u,1.0467944163705667e-06,3.8126862283993646e-07,1.1195371864003434e-06,0.521213732480525,True
RK4,fig3,FD,fixed,x_half,0.001,v,1.2463034793075423e-06,2.586751584043867e-07,1.2202495154323145e-06,0.6075148241764006,True
RK4,fig3,FD,fixed,x_half,0.005,u,4.278537086566114e-06,1.901216960920049e-06,2.419288711308365e-06,0.521213732480525,True
RK4,fig3,FD,fixed,x_half,0.005,v,1.5634943427711434e-06,1.1255011300725926e-06,1.4130789335320415e-06,0.6075148241764006,True
RK4,fig3,FD,fixed,x_half,0.01,u,8.59412302139928e-06,3.8045273548226177e-06,4.847500274518524e-06,0.521213732480525,True
RK4,fig3,FD,fixed,x_half,0.01,v,1.9595038985853463e-06,2.25166668699206e-06,1.8655007226753284e-06,0.6075148241764006,True
RK4,fig3,FD,fixed,x_half,0.02,u,1.7032498305313837e-05,7.581124993993882e-06,9.485368158868024e-06,0.521213732480525,True
RK4,fig3,FD,fixed,x_half,0.02,v,3.1156459524561697e-06,4.646189712631532e-06,3.0203122307614905e-06,0.6075148241764006,True
RK4,fig3,FD,fixed,y_half,0.001,u,1.0467944163705667e-06,1.1034277683785731e-06,2.576590193981154e-07,0.521213732480525,True
RK4,fig3,FD,fixed,y_half,0.001,v,1.2463034793075423e-06,1.2203348077610698e-06,1.745546236442408e-07,0.6075148241764006,True
RK4,fig3,FD,fixed,y_half,0.005,u,4.278537086566114e-06,3.0173708730485416e-06,1.2970963552128012e-06,0.521213732480525,True
RK4,fig3,FD,fixed,y_half,0.005,v,1.5634943427711434e-06,1.3336882001002692e-06,8.617890293605157e-07,0.6075148241764006,True
RK4,fig3,FD,fixed,y_half,0.01,u,8.59412302139928e-06,6.051324752842646e-06,2.5936442638596624e-06,0.521213732480525,True
RK4,fig3,FD,fixed,y_half,0.01,v,1.9595038985853463e-06,1.5035420504183605e-06,1.7476069928967775e-06,0.6075148241764006,True
RK4,fig3,FD,fixed,y_half,0.02,u,1.7032498305313837e-05,1.188956668296548e-05,5.180103483826137e-06,0.521213732480525,True
RK4,fig3,FD,fixed,y_half,0.02,v,3.1156459524561697e-06,2.1851815155682353e-06,3.5933111033337184e-06,0.6075148241764006,True
RK4,fig3,FD,fixed,domain_double,0.001,u,1.0467944163705667e-06,1.0467944163705667e-06,0.0,0.521213732480525,True
RK4,fig3,FD,fixed,domain_double,0.001,v,1.2463034793075423e-06,1.2463034793075423e-06,0.0,0.6075148241764006,True
RK4,fig3,FD,fixed,domain_double,0.005,u,4.278537086566114e-06,4.278537086566114e-06,0.0,0.521213732480525,True
RK4,fig3,FD,fixed,domain_double,0.005,v,1.5634943427711434e-06,1.5634943427711434e-06,0.0,0.6075148241764006,True
RK4,fig3,FD,fixed,domain_double,0.01,u,8.59412302139928e-06,8.59412302139928e-06,0.0,0.521213732480525,True
RK4,fig3,FD,fixed,domain_double,0.01,v,1.9595038985853463e-06,1.9595038985853463e-06,0.0,0.6075148241764006,True
RK4,fig3,FD,fixed,domain_double,0.02,u,1.7032498305313837e-05,1.7032498305313837e-05,0.0,0.521213732480525,True
RK4,fig3,FD,fixed,domain_double,0.02,v,3.1156459524561697e-06,3.1156459524561697e-06,0.0,0.6075148241764006,True
RK4,fig3,SD,moving,time_half,0.001,u,1.4236888300489525e-06,1.4236888300489525e-06,3.3306690738754696e-16,0.521213732480525,True
RK4,fig3,SD,moving,time_half,0.001,v,7.132804273890514e-07,7.132804273335402e-07,7.549516567451064e-15,0.6075148241764006,True
RK4,fig3,SD,moving,time_half,0.005,u,4.880047001887267e-06,4.8800470018317554e-06,3.1086244689504383e-15,0.521213732480525,True
RK4,fig3,SD,moving,time_half,0.005,v,1.981089513714007e-06,1.98108951432463e-06,8.519140254348301e-14,0.6075148241764006,True
RK4,fig3,SD,moving,time_half,0.01,u,9.744408561107587e-06,9.744408560830031e-06,3.83026943495679e-15,0.521213732480525,True
RK4,fig3,SD,moving,time_half,0.01,v,3.725116504871284e-06,3.725116504482706e-06,2.7200464103316335e-14,0.6075148241764006,True
RK4,fig3,SD,moving,time_half,0.02,u,1.943981344065815e-05,1.9439813439436904e-05,2.1094237467877974e-15,0.521213732480525,True
RK4,fig3,SD,moving,time_half,0.02,v,7.380284629543432e-06,7.380284629543432e-06,5.181965967437918e-14,0.6075148241764006,True
RK4,fig3,SD,moving,x_half,0.001,u,1.4236888300489525e-06,1.1646089663197579e-06,6.725995713718902e-07,0.521213732480525,True
RK4,fig3,SD,moving,x_half,0.001,v,7.132804273890514e-07,4.259078811297279e-07,7.360605362993766e-07,0.6075148241764006,True
RK4,fig3,SD,moving,x_half,0.005,u,4.880047001887267e-06,5.79407942685739e-06,1.0976084419134224e-06,0.521213732480525,True
RK4,fig3,SD,moving,x_half,0.005,v,1.981089513714007e-06,2.101565351575463e-06,7.742110146313763e-07,0.6075148241764006,True
RK4,fig3,SD,moving,x_half,0.01,u,9.744408561107587e-06,1.1539407347826991e-05,2.178551226972303e-06,0.521213732480525,True
RK4,fig3,SD,moving,x_half,0.01,v,3.725116504871284e-06,4.202917704920761e-06,9.259686172269355e-07,0.6075148241764006,True
RK4,fig3,SD,moving,x_half,0.02,u,1.943981344065815e-05,2.2835873064896983e-05,4.292597867328052e-06,0.521213732480525,True
RK4,fig3,SD,moving,x_half,0.02,v,7.380284629543432e-06,8.436294503921804e-06,1.678931176918308e-06,0.6075148241764006,True
RK4,fig3,SD,moving,y_half,0.001,u,1.4236888300489525e-06,8.470316562592117e-07,8.804555552410775e-07,0.521213732480525,True
RK4,fig3,SD,moving,y_half,0.001,v,7.132804273890514e-07,7.169818080354773e-07,3.175756849160827e-07,0.6075148241764006,True
RK4,fig3,SD,moving,y_half,0.005,u,4.880047001887267e-06,1.6172904366840157e-06,4.39097929166854e-06,0.521213732480525,True
RK4,fig3,SD,moving,y_half,0.005,v,1.981089513714007e-06,8.031470620228909e-07,1.5895728265324927e-06,0.6075148241764006,True
RK4,fig3,SD,moving,y_half,0.01,u,9.744408561107587e-06,2.7735814158713623e-06,8.747059032643278e-06,0.521213732480525,True
RK4,fig3,SD,moving,y_half,0.01,v,3.725116504871284e-06,1.2651162905608082e-06,3.1838788730476075e-06,0.6075148241764006,True
RK4,fig3,SD,moving,y_half,0.02,u,1.943981344065815e-05,5.192089131300648e-06,1.733655707752968e-05,0.521213732480525,True
RK4,fig3,SD,moving,y_half,0.02,v,7.380284629543432e-06,2.2403464238207604e-06,6.390857713700626e-06,0.6075148241764006,True
RK4,fig3,SD,moving,domain_double,0.001,u,1.4236888300489525e-06,1.406112350221811e-06,1.4235141632124027e-07,0.521213732480525,True
RK4,fig3,SD,moving,domain_double,0.001,v,7.132804273890514e-07,7.026418946676216e-07,1.6095499100199362e-07,0.6075148241764006,True
RK4,fig3,SD,moving,domain_double,0.005,u,4.880047001887267e-06,4.904867233035404e-06,1.3935005893639385e-07,0.521213732480525,True
RK4,fig3,SD,moving,domain_double,0.005,v,1.981089513714007e-06,1.9816395555594113e-06,1.5881499237924146e-07,0.6075148241764006,True
RK4,fig3,SD,moving,domain_double,0.01,u,9.744408561107587e-06,9.79200701828331e-06,1.4065298209464672e-07,0.521213732480525,True
RK4,fig3,SD,moving,domain_double,0.01,v,3.725116504871284e-06,3.7378723570236083e-06,1.5654040919077516e-07,0.6075148241764006,True
RK4,fig3,SD,moving,domain_double,0.02,u,1.943981344065815e-05,1.9529533305862046e-05,1.6833580512853885e-07,0.521213732480525,True
RK4,fig3,SD,moving,domain_double,0.02,v,7.380284629543432e-06,7.4109757972617984e-06,1.569037769710846e-07,0.6075148241764006,True
RK4,fig3,SD2,moving,time_half,0.001,u,1.3266677908463365e-06,1.3266677912904257e-06,1.444677710793485e-14,0.521213732480525,True
RK4,fig3,SD2,moving,time_half,0.001,v,8.228635218210378e-07,8.228634937323953e-07,1.85162527129544e-13,0.6075148241764006,True
RK4,fig3,SD2,moving,time_half,0.005,u,5.474336741528862e-06,5.474336759625498e-06,3.1252778143198157e-14,0.521213732480525,True
RK4,fig3,SD2,moving,time_half,0.005,v,2.4698853204330184e-06,2.469885691747109e-06,6.838202692895784e-13,0.6075148241764006,True
RK4,fig3,SD2,moving,time_half,0.01,u,1.0924825935898497e-05,1.0924825980085373e-05,5.917488721252084e-14,0.521213732480525,True
RK4,fig3,SD2,moving,time_half,0.01,v,4.503160183466637e-06,4.503160886348834e-06,1.063708203550423e-12,0.6075148241764006,True
RK4,fig3,SD2,moving,time_half,0.02,u,2.1673004210687186e-05,2.167300434102737e-05,1.461053500406706e-13,0.521213732480525,True
RK4,fig3,SD2,moving,time_half,0.02,v,8.831591125912919e-06,8.831591264468752e-06,2.4091284522853584e-12,0.6075148241764006,True
RK4,fig3,SD2,moving,x_half,0.001,u,1.3266677908463365e-06,1.169131305878146e-06,6.328905068908597e-07,0.521213732480525,True
RK4,fig3,SD2,moving,x_half,0.001,v,8.228635218210378e-07,4.2956882778666383e-07,8.358300428445986e-07,0.6075148241764006,True
RK4,fig3,SD2,moving,x_half,0.005,u,5.474336741528862e-06,5.81938574506502e-06,1.1492093048293128e-06,0.521213732480525,True
RK4,fig3,SD2,moving,x_half,0.005,v,2.4698853204330184e-06,2.1189530832188552e-06,1.3553734726778899e-06,0.6075148241764006,True
RK4,fig3,SD2,moving,x_half,0.01,u,1.0924825935898497e-05,1.159152327095958e-05,2.3145879304298234e-06,0.521213732480525,True
RK4,fig3,SD2,moving,x_half,0.01,v,4.503160183466637e-06,4.239018806639905e-06,2.08979681315391e-06,0.6075148241764006,True
RK4,fig3,SD2,moving,x_half,0.02,u,2.1673004210687186e-05,2.2920204274190503e-05,4.718268219017219e-06,0.521213732480525,True
RK4,fig3,SD2,moving,x_half,0.02,v,8.831591125912919e-06,8.521897354729635e-06,3.6109328072075897e-06,0.6075148241764006,True
RK4,fig3,SD2,moving,y_half,0.001,u,1.3266677908463365e-06,7.204485981127107e-07,8.823767315147002e-07,0.521213732480525,True
RK4,fig3,SD2,moving,y_half,0.001,v,8.228635218210378e-07,8.206006600897098e-07,3.1747437317930505e-07,0.6075148241764006,True
RK4,fig3,SD2,moving,y_half,0.005,u,5.474336741528862e-06,1.6841060759831272e-06,4.4007247479438405e-06,0.521213732480525,True
RK4,fig3,SD2,moving,y_half,0.005,v,2.4698853204330184e-06,1.2369760831187904e-06,1.5889374848088167e-06,0.6075148241764006,True
RK4,fig3,SD2,moving,y_half,0.01,u,1.0924825935898497e-05,3.4148279273171767e-06,8.766874845800299e-06,0.521213732480525,True
RK4,fig3,SD2,moving,y_half,0.01,v,4.503160183466637e-06,2.007156680028377e-06,3.1822905661726963e-06,0.6075148241764006,True
RK4,fig3,SD2,moving,y_half,0.02,u,2.1673004210687186e-05,6.931142641553034e-06,1.7377123616435508e-05,0.521213732480525,True
RK4,fig3,SD2,moving,y_half,0.02,v,8.831591125912919e-06,3.489891381325272e-06,6.386480121745031e-06,0.6075148241764006,True
RK4,fig3,SD2,moving,domain_double,0.001,u,1.3266677908463365e-06,1.3140648704723645e-06,1.423514205955989e-07,0.521213732480525,True
RK4,fig3,SD2,moving,domain_double,0.001,v,8.228635218210378e-07,8.087345145790792e-07,1.6107097039474993e-07,0.6075148241764006,True
RK4,fig3,SD2,moving,domain_double,0.005,u,5.474336741528862e-06,5.477094266737037e-06,1.3939275311791732e-07,0.521213732480525,True
RK4,fig3,SD2,moving,domain_double,0.005,v,2.4698853204330184e-06,2.453261402635132e-06,1.5771460792901593e-07,0.6075148241764006,True
RK4,fig3,SD2,moving,domain_double,0.01,u,1.0924825935898497e-05,1.0929295537864814e-05,1.4516911811535138e-07,0.521213732480525,True
RK4,fig3,SD2,moving,domain_double,0.01,v,4.503160183466637e-06,4.479785003230763e-06,1.54110712524691e-07,0.6075148241764006,True
RK4,fig3,SD2,moving,domain_double,0.02,u,2.1673004210687186e-05,2.1678650453826886e-05,1.888130090610396e-07,0.521213732480525,True
RK4,fig3,SD2,moving,domain_double,0.02,v,8.831591125912919e-06,8.815107070736516e-06,1.7641035404691863e-07,0.6075148241764006,True
RK4,fig3,FD,moving,time_half,0.001,u,6.330115236430345e-07,6.330115237540568e-07,9.992007221626409e-16,0.521213732480525,True
RK4,fig3,FD,moving,time_half,0.001,v,7.886668907941541e-07,7.886668906831318e-07,1.2985489419858887e-15,0.6075148241764006,True
RK4,fig3,FD,moving,time_half,0.005,u,2.912868776627775e-06,2.912868776572264e-06,1.970645868709653e-15,0.521213732480525,True
RK4,fig3,FD,moving,time_half,0.005,v,1.3594195835686662e-06,1.3594195839017331e-06,3.264939317168536e-15,0.6075148241764006,True
RK4,fig3,FD,moving,time_half,0.01,u,5.807394405699107e-06,5.807394405588084e-06,1.4432899320127035e-15,0.521213732480525,True
RK4,fig3,FD,moving,time_half,0.01,v,2.1573692995380256e-06,2.1573692995380256e-06,4.72408570595384e-15,0.6075148241764006,True
RK4,fig3,FD,moving,time_half,0.02,u,1.1479784606416299e-05,1.1479784606527321e-05,3.164135620181696e-15,0.521213732480525,True
RK4,fig3,FD,moving,time_half,0.02,v,3.921096118797429e-06,3.921096118131295e-06,8.531695315505683e-15,0.6075148241764006,True
RK4,fig3,FD,moving,x_half,0.001,u,6.330115236430345e-07,3.631740953524698e-07,6.721504364204378e-07,0.521213732480525,True
RK4,fig3,FD,moving,x_half,0.001,v,7.886668907941541e-07,2.471716021856807e-07,7.363849879871154e-07,0.6075148241764006,True
RK4,fig3,FD,moving,x_half,0.005,u,2.912868776627775e-06,1.816732257575726e-06,1.0970992210812547e-06,0.521213732480525,True
RK4,fig3,FD,moving,x_half,0.005,v,1.3594195835686662e-06,1.1401089973217537e-06,7.767786519563558e-07,0.6075148241764006,True
RK4,fig3,FD,moving,x_half,0.01,u,5.807394405699107e-06,3.6320502072584304e-06,2.1771856665298017e-06,0.521213732480525,True
RK4,fig3,FD,moving,x_half,0.01,v,2.1573692995380256e-06,2.302258700792592e-06,9.238625777729936e-07,0.6075148241764006,True
RK4,fig3,FD,moving,x_half,0.02,u,1.1479784606416299e-05,7.255757532687035e-06,4.28903414184667e-06,0.521213732480525,True
RK4,fig3,FD,moving,x_half,0.02,v,3.921096118797429e-06,4.743601447088075e-06,1.5225676159857926e-06,0.6075148241764006,True
RK4,fig3,FD,moving,y_half,0.001,u,6.330115236430345e-07,6.426219120170273e-07,2.58992918389378e-07,0.521213732480525,True
RK4,fig3,FD,moving,y_half,0.001,v,7.886668907941541e-07,7.362519821585423e-07,1.7473219171559862e-07,0.6075148241764006,True
RK4,fig3,FD,moving,y_half,0.005,u,2.912868776627775e-06,1.6102012870278237e-06,1.303569626132095e-06,0.521213732480525,True
RK4,fig3,FD,moving,y_half,0.005,v,1.3594195835686662e-06,7.6510217394965e-07,8.627980038200533e-07,0.6075148241764006,True
RK4,fig3,FD,moving,y_half,0.01,u,5.807394405699107e-06,3.2020283944889094e-06,2.6077282423986325e-06,0.521213732480525,True
RK4,fig3,FD,moving,y_half,0.01,v,2.1573692995380256e-06,7.871957573568622e-07,1.7493342543417612e-06,0.6075148241764006,True
RK4,fig3,FD,moving,y_half,0.02,u,1.1479784606416299e-05,6.282218686592955e-06,5.212401596066396e-06,0.521213732480525,True
RK4,fig3,FD,moving,y_half,0.02,v,3.921096118797429e-06,1.0215846034111742e-06,3.595976098558218e-06,0.6075148241764006,True
RK4,fig3,FD,moving,domain_double,0.001,u,6.330115236430345e-07,6.13097456914069e-07,1.4235141626572911e-07,0.521213732480525,True
RK4,fig3,FD,moving,domain_double,0.001,v,7.886668907941541e-07,7.691103075524452e-07,1.6158403026711454e-07,0.6075148241764006,True
RK4,fig3,FD,moving,domain_double,0.005,u,2.912868776627775e-06,2.878281898655022e-06,1.3935005893639385e-07,0.521213732480525,True
RK4,fig3,FD,moving,domain_double,0.005,v,1.3594195835686662e-06,1.349583726883985e-06,1.5949179849039652e-07,0.6075148241764006,True
RK4,fig3,FD,moving,domain_double,0.01,u,5.807394405699107e-06,5.742133609376587e-06,1.4061831210554487e-07,0.521213732480525,True
RK4,fig3,FD,moving,domain_double,0.01,v,2.1573692995380256e-06,2.1558892483453107e-06,1.5874661984938143e-07,0.6075148241764006,True
RK4,fig3,FD,moving,domain_double,0.02,u,1.1479784606416299e-05,1.1359563948931672e-05,1.6822384252268563e-07,0.521213732480525,True
RK4,fig3,FD,moving,domain_double,0.02,v,3.921096118797429e-06,3.944249718723647e-06,1.5784449070022077e-07,0.6075148241764006,True
RK4,fig4,SD,fixed,time_half,0.001,u,0.0002399245130662031,0.00023992451306575902,4.218847493575595e-15,1.765730002912966,True
RK4,fig4,SD,fixed,time_half,0.001,v,0.0001990982210511305,0.00019909822105024233,3.552713678800501e-15,2.5567891710310655,True
RK4,fig4,SD,fixed,time_half,0.005,u,0.0003065438412552801,0.0003065438412581667,2.0039525594484076e-14,1.765730002912966,True
RK4,fig4,SD,fixed,time_half,0.005,v,0.0005965392256364055,0.0005965392256377378,1.021405182655144e-14,2.5567891710310655,True
RK4,fig4,SD,fixed,time_half,0.01,u,0.0005912895543382923,0.0005912895543398466,4.246603069191224e-14,1.765730002912966,True
RK4,fig4,SD,fixed,time_half,0.01,v,0.0011067780609281819,0.0011067780609370637,2.398081733190338e-14,2.5567891710310655,True
RK4,fig4,SD,fixed,time_half,0.02,u,0.001358221990984454,0.001358221990979347,1.3145040611561853e-13,1.765730002912966,True
RK4,fig4,SD,fixed,time_half,0.02,v,0.00230340407553431,0.0023034040755480767,9.50350909079134e-14,2.5567891710310655,True
RK4,fig4,SD,fixed,x_half,0.001,u,0.0002399245130662031,3.838794972121917e-05,0.00026860456745714245,1.765730002912966,True
RK4,fig4,SD,fixed,x_half,0.001,v,0.0001990982210511305,2.962213032509098e-05,0.00018849887685146172,2.5567891710310655,True
RK4,fig4,SD,fixed,x_half,0.005,u,0.0003065438412552801,0.0001908641131063149,0.0004295317937177412,1.765730002912966,True
RK4,fig4,SD,fixed,x_half,0.005,v,0.0005965392256364055,0.00011667426461281494,0.000542971828935368,2.5567891710310655,True
RK4,fig4,SD,fixed,x_half,0.01,u,0.0005912895543382923,0.0003782990795988539,0.0007227985363440492,1.765730002912966,True
RK4,fig4,SD,fixed,x_half,0.01,v,0.0011067780609281819,0.00021061359925433898,0.000997887032498923,2.5567891710310655,True
RK4,fig4,SD,fixed,x_half,0.02,u,0.001358221990984454,0.0007508174171491078,0.001631501406617497,1.765730002912966,True
RK4,fig4,SD,fixed,x_half,0.02,v,0.00230340407553431,0.0005595504068265367,0.0022084035435825378,2.5567891710310655,True
RK4,fig4,SD,fixed,y_half,0.001,u,0.0002399245130662031,0.00026046188580508556,2.7600906110647472e-05,1.765730002912966,True
RK4,fig4,SD,fixed,y_half,0.001,v,0.0001990982210511305,0.00019652618166343672,1.741297389035168e-05,2.5567891710310655,True
RK4,fig4,SD,fixed,y_half,0.005,u,0.0003065438412552801,0.0003934546689341456,0.0001371534784275763,1.765730002912966,True
RK4,fig4,SD,fixed,y_half,0.005,v,0.0005965392256364055,0.0005837623265692038,7.546654973955569e-05,2.5567891710310655,True
RK4,fig4,SD,fixed,y_half,0.01,u,0.0005912895543382923,0.000660206269599728,0.00027157227440421927,1.765730002912966,True
RK4,fig4,SD,fixed,y_half,0.01,v,0.0011067780609281819,0.0010828468436590022,0.0001679101186744525,2.5567891710310655,True
RK4,fig4,SD,fixed,y_half,0.02,u,0.001358221990984454,0.0015249905355030346,0.000529876751250713,1.765730002912966,True
RK4,fig4,SD,fixed,y_half,0.02,v,0.00230340407553431,0.00233725426015452,0.0004180015456911601,2.5567891710310655,True
RK4,fig4,SD,fixed,domain_double,0.001,u,0.0002399245130662031,0.0002399245130662031,0.0,1.765730002912966,True
RK4,fig4,SD,fixed,domain_double,0.001,v,0.0001990982210511305,0.0001990982210511305,0.0,2.5567891710310655,True
RK4,fig4,SD,fixed,domain_double,0.005,u,0.0003065438412552801,0.0003065438412552801,0.0,1.765730002912966,True
RK4,fig4,SD,fixed,domain_double,0.005,v,0.0005965392256364055,0.0005965392256364055,0.0,2.5567891710310655,True
RK4,fig4,SD,fixed,domain_double,0.01,u,0.0005912895543382923,0.0005912895543382923,0.0,1.765730002912966,True
RK4,fig4,SD,fixed,domain_double,0.01,v,0.0011067780609281819,0.0011067780609281819,0.0,2.5567891710310655,True
RK4,fig4,SD,fixed,domain_double,0.02,u,0.001358221990984454,0.001358221990984454,0.0,1.765730002912966,True
RK4,fig4,SD,fixed,domain_double,0.02,v,0.00230340407553431,0.00230340407553431,0.0,2.5567891710310655,True
RK4,fig4,SD2,fixed,time_half,0.001,u,0.00032541843824174244,0.00032541843824240857,1.4208089999662166e-14,1.765730002912966,True
RK4,fig4,SD2,fixed,time_half,0.001,v,0.0002118759664448966,0.00021187596645466655,1.7769694136277048e-13,2.5567891710310655,True
RK4,fig4,SD2,fixed,time_half,0.005,u,0.0011285261924847134,0.0011285261924864898,3.978241347457612e-14,1.765730002912966,True
RK4,fig4,SD2,fixed,time_half,0.005,v,0.0007855749620677699,0.0007855749620269137,6.195044477408373e-13,2.5567891710310655,True
RK4,fig4,SD2,fixed,time_half,0.01,u,0.002348381095143015,0.0023483810951638873,7.815970093361102e-14,1.765730002912966,True
RK4,fig4,SD2,fixed,time_half,0.01,v,0.0017616238582780497,0.001761623858294037,1.0691040338173946e-12,2.5567891710310655,True
RK4,fig4,SD2,fixed,time_half,0.02,u,0.005406388897807535,0.005406388897929659,3.4072744625746054e-13,1.765730002912966,True
RK4,fig4,SD2,fixed,time_half,0.02,v,0.004826665921288331,0.0048266659212554686,2.1228776386512244e-12,2.5567891710310655,True
RK4,fig4,SD2,fixed,x_half,0.001,u,0.00032541843824174244,4.4666252133840345e-05,0.00032833649760677375,1.765730002912966,True
RK4,fig4,SD2,fixed,x_half,0.001,v,0.0002118759664448966,2.847750570911245e-05,0.0001911633704465565,2.5567891710310655,True
RK4,fig4,SD2,fixed,x_half,0.005,u,0.0011285261924847134,0.00022765045583539312,0.0010500446696914967,1.765730002912966,True
RK4,fig4,SD2,fixed,x_half,0.005,v,0.0007855749620677699,0.0001330756824722279,0.000667519262651517,2.5567891710310655,True
RK4,fig4,SD2,fixed,x_half,0.01,u,0.002348381095143015,0.00046914548748855367,0.002141684035724012,1.765730002912966,False
RK4,fig4,SD2,fixed,x_half,0.01,v,0.0017616238582780497,0.000312480806886839,0.0014668451737507304,2.5567891710310655,True
RK4,fig4,SD2,fixed,x_half,0.02,u,0.005406388897807535,0.0010133849055797839,0.004856631879476936,1.765730002912966,False
RK4,fig4,SD2,fixed,x_half,0.02,v,0.004826665921288331,0.001020595973745042,0.003926703445086055,2.5567891710310655,False
RK4,fig4,SD2,fixed,y_half,0.001,u,0.00032541843824174244,0.0003332357080065851,2.7822610733974074e-05,1.765730002912966,True
RK4,fig4,SD2,fixed,y_half,0.001,v,0.0002118759664448966,0.00020540581846928418,6.052257263799987e-05,2.5567891710310655,True
RK4,fig4,SD2,fixed,y_half,0.005,u,0.0011285261924847134,0.0011230386814780058,0.0001398876155755957,1.765730002912966,True
RK4,fig4,SD2,fixed,y_half,0.005,v,0.0007855749620677699,0.000760596541463876,0.0003235309230493755,2.5567891710310655,True
RK4,fig4,SD2,fixed,y_half,0.01,u,0.002348381095143015,0.0023115016700621105,0.0002820670538450365,1.765730002912966,True
RK4,fig4,SD2,fixed,y_half,0.01,v,0.0017616238582780497,0.0016996257071490994,0.0007118463532949093,2.5567891710310655,True
RK4,fig4,SD2,fixed,y_half,0.02,u,0.005406388897807535,0.005277915569995795,0.000577181594636933,1.765730002912966,True
RK4,fig4,SD2,fixed,y_half,0.02,v,0.004826665921288331,0.004648978122857805,0.0017948900411446367,2.5567891710310655,True
RK4,fig4,SD2,fixed,domain_double,0.001,u,0.00032541843824174244,0.0003254184270748972,3.132982762110714e-11,1.765730002912966,True
RK4,fig4,SD2,fixed,domain_double,0.001,v,0.0002118759664448966,0.00021187597375282863,7.417710889967566e-11,2.5567891710310655,True
RK4,fig4,SD2,fixed,domain_double,0.005,u,0.0011285261924847134,0.0011285260978364242,1.661886184223249e-10,1.765730002912966,True
RK4,fig4,SD2,fixed,domain_double,0.005,v,0.0007855749620677699,0.0007855749797327505,3.7780623074468167e-10,2.5567891710310655,True
RK4,fig4,SD2,fixed,domain_double,0.01,u,0.002348381095143015,0.0023483808717914556,3.5558667121904364e-10,1.765730002912966,True
RK4,fig4,SD2,fixed,domain_double,0.01,v,0.0017616238582780497,0.001761624558379804,7.72247155111927e-10,2.5567891710310655,True
RK4,fig4,SD2,fixed,domain_double,0.02,u,0.005406388897807535,0.005406388427194209,8.898883852026529e-10,1.765730002912966,True
RK4,fig4,SD2,fixed,domain_double,0.02,v,0.004826665921288331,0.004826667349384195,1.6088632648347811e-09,2.5567891710310655,True
RK4,fig4,FD,fixed,time_half,0.001,u,0.000274259932529608,0.00027425993253071823,4.052314039881821e-15,1.765730002912966,True
RK4,fig4,FD,fixed,time_half,0.001,v,0.0002179999585769643,0.00021799995857652021,5.316927453868914e-15,2.5567891710310655,True
RK4,fig4,FD,fixed,time_half,0.005,u,0.0004718487277990402,0.0004718487278050354,2.1371793224034263e-14,1.765730002912966,True
RK4,fig4,FD,fixed,time_half,0.005,v,0.0006895660001666748,0.0006895660001688952,1.1546319456101628e-14,2.5567891710310655,True
RK4,fig4,FD,fixed,time_half,0.01,u,0.0008352936061506444,0.000835293606163523,4.6351811278100286e-14,1.765730002912966,True
RK4,fig4,FD,fixed,time_half,0.01,v,0.0012919342375576903,0.0012919342375692366,3.1530333899354446e-14,2.5567891710310655,True
RK4,fig4,FD,fixed,time_half,0.02,u,0.0019512361514315568,0.001951236151471747,1.5315526624704034e-13,1.765730002912966,True
RK4,fig4,FD,fixed,time_half,0.02,v,0.0028201491954131797,0.00282014919543494,1.2301271112846734e-13,2.5567891710310655,True
RK4,fig4,FD,fixed,x_half,0.001,u,0.000274259932529608,2.142555203521468e-05,0.00026620947016842145,1.765730002912966,True
RK4,fig4,FD,fixed,x_half,0.001,v,0.0002179999585769643,3.70109369303151e-05,0.00018656718851017828,2.5567891710310655,True
RK4,fig4,FD,fixed,x_half,0.005,u,0.0004718487277990402,8.201805114160798e-05,0.0004153274697469289,1.765730002912966,True
RK4,fig4,FD,fixed,x_half,0.005,v,0.0006895660001666748,0.0001662703625657791,0.0005315524490359103,2.5567891710310655,True
RK4,fig4,FD,fixed,x_half,0.01,u,0.0008352936061506444,0.00016620700661040821,0.0006863669324290722,1.765730002912966,True
RK4,fig4,FD,fixed,x_half,0.01,v,0.0012919342375576903,0.00033691396773427584,0.0009688257550743984,2.5567891710310655,True
RK4,fig4,FD,fixed,x_half,0.02,u,0.0019512361514315568,0.00045524447390077327,0.0015080863847900527,1.765730002912966,True
RK4,fig4,FD,fixed,x_half,0.02,v,0.0028201491954131797,0.0007996100420397667,0.0020332829779836636,2.5567891710310655,True
RK4,fig4,FD,fixed,y_half,0.001,u,0.000274259932529608,0.00026996036025805914,8.853178051770882e-06,1.765730002912966,True
RK4,fig4,FD,fixed,y_half,0.001,v,0.0002179999585769643,0.00020120610953933138,1.7918882436074313e-05,2.5567891710310655,True
RK4,fig4,FD,fixed,y_half,0.005,u,0.0004718487277990402,0.00044312109894062424,4.646398160734755e-05,1.765730002912966,True
RK4,fig4,FD,fixed,y_half,0.005,v,0.0006895660001666748,0.00060659858024259,9.069732981270562e-05,2.5567891710310655,True
RK4,fig4,FD,fixed,y_half,0.01,u,0.0008352936061506444,0.0007635363827369623,0.00010060900986852417,1.765730002912966,True
RK4,fig4,FD,fixed,y_half,0.01,v,0.0012919342375576903,0.0011350896743036465,0.00018631879368014026,2.5567891710310655,True
RK4,fig4,FD,fixed,y_half,0.02,u,0.0019512361514315568,0.0017551563138640258,0.00025343343761075054,1.765730002912966,True
RK4,fig4,FD,fixed,y_half,0.02,v,0.0028201491954131797,0.0024846867322159127,0.00037469269745438183,2.5567891710310655,True
RK4,fig4,FD,fixed,domain_double,0.001,u,0.000274259932529608,0.000274259932529608,0.0,1.765730002912966,True
RK4,fig4,FD,fixed,domain_double,0.001,v,0.0002179999585769643,0.0002179999585769643,0.0,2.5567891710310655,True
RK4,fig4,FD,fixed,domain_double,0.005,u,0.0004718487277990402,0.0004718487277990402,0.0,1.765730002912966,True
RK4,fig4,FD,fixed,domain_double,0.005,v,0.0006895660001666748,0.0006895660001666748,0.0,2.5567891710310655,True
RK4,fig4,FD,fixed,domain_double,0.01,u,0.0008352936061506444,0.0008352936061506444,0.0,1.765730002912966,True
RK4,fig4,FD,fixed,domain_double,0.01,v,0.0012919342375576903,0.0012919342375576903,0.0,2.5567891710310655,True
RK4,fig4,FD,fixed,domain_double,0.02,u,0.0019512361514315568,0.0019512361514315568,0.0,1.765730002912966,True
RK4,fig4,FD,fixed,domain_double,0.02,v,0.0028201491954131797,0.0028201491954131797,0.0,2.5567891710310655,True
RK4,fig4,SD,moving,time_half,0.001,u,7.893914104906141e-05,7.893914104961652e-05,2.220446049250313e-15,1.765730002912966,True
RK4,fig4,SD,moving,time_half,0.001,v,9.699955444197883e-05,9.699955444020247e-05,1.0264011862659572e-13,2.5567891710310655,True
RK4,fig4,SD,moving,time_half,0.005,u,0.0001727885002311691,0.0001727885002351659,1.6653345369377348e-14,1.765730002912966,True
RK4,fig4,SD,moving,time_half,0.005,v,0.0002676482181565021,0.00026764821816982476,4.218847493575595e-14,2.5567891710310655,True
RK4,fig4,SD,moving,time_half,0.01,u,0.0003608792901765856,0.0003608792901974578,5.140332604014475e-14,1.765730002912966,True
RK4,fig4,SD,moving,time_half,0.01,v,0.0005343877459771385,0.000534387746004672,3.409269394571979e-13,2.5567891710310655,True
RK4,fig4,SD,moving,time_half,0.02,u,0.0008279690626487035,0.0008279690628447689,4.4853010194856324e-13,1.765730002912966,True
RK4,fig4,SD,moving,time_half,0.02,v,0.0012423636873126753,0.0012423636874685506,8.526512829121202e-13,2.5567891710310655,True
RK4,fig4,SD,moving,x_half,0.001,u,7.893914104906141e-05,3.9437438203338004e-05,9.696903338740626e-05,1.765730002912966,True
RK4,fig4,SD,moving,x_half,0.001,v,9.699955444197883e-05,2.0793802863128263e-05,9.062593884645587e-05,2.5567891710310655,True
RK4,fig4,SD,moving,x_half,0.005,u,0.0001727885002311691,0.00019840759794154117,0.00019934154378620228,1.765730002912966,True
RK4,fig4,SD,moving,x_half,0.005,v,0.0002676482181565021,0.00010174123899076015,0.0002595098338726842,2.5567891710310655,True
RK4,fig4,SD,moving,x_half,0.01,u,0.0003608792901765856,0.00040028283073700877,0.00035941654742577267,1.765730002912966,True
RK4,fig4,SD,moving,x_half,0.01,v,0.0005343877459771385,0.00023548088378655407,0.0005083897173636664,2.5567891710310655,True
RK4,fig4,SD,moving,x_half,0.02,u,0.0008279690626487035,0.002280141248299783,0.0022237187734805985,1.765730002912966,False
RK4,fig4,SD,moving,x_half,0.02,v,0.0012423636873126753,0.0023842204670501133,0.001993934630968308,2.5567891710310655,True
RK4,fig4,SD,moving,y_half,0.001,u,7.893914104906141e-05,9.499365665255333e-05,2.9813304981418653e-05,1.765730002912966,True
RK4,fig4,SD,moving,y_half,0.001,v,9.699955444197883e-05,9.528377945988709e-05,1.7130637922413428e-05,2.5567891710310655,True
RK4,fig4,SD,moving,y_half,0.005,u,0.0001727885002311691,0.00018513491305027774,0.00014912975260372718,1.765730002912966,True
RK4,fig4,SD,moving,y_half,0.005,v,0.0002676482181565021,0.0002805254985109862,7.817108865326716e-05,2.5567891710310655,True
RK4,fig4,SD,moving,y_half,0.01,u,0.0003608792901765856,0.00033555945064989157,0.00029822586205940915,1.765730002912966,True
RK4,fig4,SD,moving,y_half,0.01,v,0.0005343877459771385,0.0005523976602854752,0.00018041438467952808,2.5567891710310655,True
RK4,fig4,SD,moving,y_half,0.02,u,0.0008279690626487035,0.0007509631076775269,0.0005980006249024505,1.765730002912966,True
RK4,fig4,SD,moving,y_half,0.02,v,0.0012423636873126753,0.0012590737463735735,0.0004897717678691293,2.5567891710310655,True
RK4,fig4,SD,moving,domain_double,0.001,u,7.893914104906141e-05,7.522676097437841e-05,4.444436930428619e-05,1.765730002912966,True
RK4,fig4,SD,moving,domain_double,0.001,v,9.699955444197883e-05,9.554090059360476e-05,4.2406945401696206e-05,2.5567891710310655,True
RK4,fig4,SD,moving,domain_double,0.005,u,0.0001727885002311691,0.00017573915807300722,4.925292828605876e-05,1.765730002912966,True
RK4,fig4,SD,moving,domain_double,0.005,v,0.0002676482181565021,0.0002611117694426568,4.71931993972774e-05,2.5567891710310655,True
RK4,fig4,SD,moving,domain_double,0.01,u,0.0003608792901765856,0.0003659050258260077,5.62083111470546e-05,1.765730002912966,True
RK4,fig4,SD,moving,domain_double,0.01,v,0.0005343877459771385,0.0005162312203110808,5.3832841180101454e-05,2.5567891710310655,True
RK4,fig4,SD,moving,domain_double,0.02,u,0.0008279690626487035,0.0008335961484380316,7.399079032066602e-05,1.765730002912966,True
RK4,fig4,SD,moving,domain_double,0.02,v,0.0012423636873126753,0.0011958500171593833,6.959357039870717e-05,2.5567891710310655,True
RK4,fig4,SD,moving,x_half_time_half,0.001,u,7.893914104906141e-05,3.943743820356005e-05,9.696903338740626e-05,1.765730002912966,True
RK4,fig4,SD,moving,x_half_time_half,0.001,v,9.699955444197883e-05,2.0793802863128263e-05,9.06259388366859e-05,2.5567891710310655,True
RK4,fig4,SD,moving,x_half_time_half,0.005,u,0.0001727885002311691,0.00019840759794487184,0.0001993415437857582,1.765730002912966,True
RK4,fig4,SD,moving,x_half_time_half,0.005,v,0.0002676482181565021,0.00010174123900230647,0.00025950983387179605,2.5567891710310655,True
RK4,fig4,SD,moving,x_half_time_half,0.01,u,0.0003608792901765856,0.00040028283098281214,0.0003594165474184452,1.765730002912966,True
RK4,fig4,SD,moving,x_half_time_half,0.01,v,0.0005343877459771385,0.00023548088414826474,0.0005083897173627783,2.5567891710310655,True
RK4,fig4,SD,moving,x_half_time_half,0.02,u,0.0008279690626487035,0.0022801421306495318,0.0022237200866339624,1.765730002912966,False
RK4,fig4,SD,moving,x_half_time_half,0.02,v,0.0012423636873126753,0.0023842217421883305,0.0019939359061065254,2.5567891710310655,True
RK4,fig4,SD2,moving,time_half,0.001,u,7.435261018384764e-05,7.435261018251538e-05,1.532107773982716e-14,1.765730002912966,True
RK4,fig4,SD2,moving,time_half,0.001,v,9.534250994902571e-05,9.534250986553694e-05,2.279842981067759e-13,2.5567891710310655,True
RK4,fig4,SD2,moving,time_half,0.005,u,0.0002142351955969346,0.00021423519561070137,6.017408793468348e-14,1.765730002912966,True
RK4,fig4,SD2,moving,time_half,0.005,v,0.0003242660531710406,0.00032426605368574,6.384337503106963e-13,2.5567891710310655,True
RK4,fig4,SD2,moving,time_half,0.01,u,0.00046522671960835815,0.00046522671964166484,1.921796055626146e-13,1.765730002912966,True
RK4,fig4,SD2,moving,time_half,0.01,v,0.000693622664432958,0.0006936226654512545,1.6266987756807794e-12,2.5567891710310655,True
RK4,fig4,SD2,moving,time_half,0.02,u,0.001170817915132405,0.0011708179152485343,1.6564527527407336e-12,1.765730002912966,True
RK4,fig4,SD2,moving,time_half,0.02,v,0.0017670210843330203,0.0017670210868168112,8.698819442543027e-12,2.5567891710310655,True
RK4,fig4,SD2,moving,x_half,0.001,u,7.435261018384764e-05,3.895447990953649e-05,8.954680390438341e-05,1.765730002912966,True
RK4,fig4,SD2,moving,x_half,0.001,v,9.534250994902571e-05,1.9889043283871644e-05,8.603607515444978e-05,2.5567891710310655,True
RK4,fig4,SD2,moving,x_half,0.005,u,0.0002142351955969346,0.0001953693801133305,0.00022492249606487213,1.765730002912966,True
RK4,fig4,SD2,moving,x_half,0.005,v,0.0003242660531710406,0.00010313383253390818,0.0002576962456695142,2.5567891710310655,True
RK4,fig4,SD2,moving,x_half,0.01,u,0.00046522671960835815,0.00039232974746084004,0.00045347862962463736,1.765730002912966,True
RK4,fig4,SD2,moving,x_half,0.01,v,0.000693622664432958,0.00023725380078953862,0.0005510105559172196,2.5567891710310655,True
RK4,fig4,SD2,moving,x_half,0.02,u,0.001170817915132405,0.0032144439785488643,0.0032407052413438997,1.765730002912966,False
RK4,fig4,SD2,moving,x_half,0.02,v,0.0017670210843330203,0.0026915205555302357,0.002204925328862073,2.5567891710310655,True
RK4,fig4,SD2,moving,y_half,0.001,u,7.435261018384764e-05,8.694997165181739e-05,2.9700410810518107e-05,1.765730002912966,True
RK4,fig4,SD2,moving,y_half,0.001,v,9.534250994902571e-05,9.025148630881219e-05,2.1013005067072044e-05,2.5567891710310655,True
RK4,fig4,SD2,moving,y_half,0.005,u,0.0002142351955969346,0.00022029210061758064,0.00014858284428220792,1.765730002912966,True
RK4,fig4,SD2,moving,y_half,0.005,v,0.0003242660531710406,0.00028627962747673763,0.00010001766240863574,2.5567891710310655,True
RK4,fig4,SD2,moving,y_half,0.01,u,0.00046522671960835815,0.0004785556100797006,0.00029718111853394014,1.765730002912966,True
RK4,fig4,SD2,moving,y_half,0.01,v,0.000693622664432958,0.000614562514717143,0.00019187907726703202,2.5567891710310655,True
RK4,fig4,SD2,moving,y_half,0.02,u,0.001170817915132405,0.0011864651326853881,0.0005958265521817108,1.765730002912966,True
RK4,fig4,SD2,moving,y_half,0.02,v,0.0017670210843330203,0.001605035494598006,0.00046852429814081553,2.5567891710310655,True
RK4,fig4,SD2,moving,domain_double,0.001,u,7.435261018384764e-05,6.691531179470189e-05,4.351340534303194e-05,1.765730002912966,True
RK4,fig4,SD2,moving,domain_double,0.001,v,9.534250994902571e-05,8.8666234410395e-05,4.11074210586726e-05,2.5567891710310655,True
RK4,fig4,SD2,moving,domain_double,0.005,u,0.0002142351955969346,0.00019876783591254998,4.4017318104994096e-05,1.765730002912966,True
RK4,fig4,SD2,moving,domain_double,0.005,v,0.0003242660531710406,0.00031102337369315336,4.4670623356335426e-05,2.5567891710310655,True
RK4,fig4,SD2,moving,domain_double,0.01,u,0.00046522671960835815,0.0004359113731609021,5.390996297238715e-05,1.765730002912966,True
RK4,fig4,SD2,moving,domain_double,0.01,v,0.000693622664432958,0.0006660980359920465,5.260375038584897e-05,2.5567891710310655,True
RK4,fig4,SD2,moving,domain_double,0.02,u,0.001170817915132405,0.0011071258503008163,7.850033040202042e-05,1.765730002912966,True
RK4,fig4,SD2,moving,domain_double,0.02,v,0.0017670210843330203,0.001697749239006896,8.607326664322734e-05,2.5567891710310655,True
RK4,fig4,SD2,moving,x_half_time_half,0.001,u,7.435261018384764e-05,3.895447990398537e-05,8.954680388328917e-05,1.765730002912966,True
RK4,fig4,SD2,moving,x_half_time_half,0.001,v,9.534250994902571e-05,1.9889043331833278e-05,8.603607499324539e-05,2.5567891710310655,True
RK4,fig4,SD2,moving,x_half_time_half,0.005,u,0.0002142351955969346,0.00019536938005648707,0.00022492249582217738,1.765730002912966,True
RK4,fig4,SD2,moving,x_half_time_half,0.005,v,0.0003242660531710406,0.00010313383074422866,0.0002576962480866918,2.5567891710310655,True
RK4,fig4,SD2,moving,x_half_time_half,0.01,u,0.00046522671960835815,0.0003923297519043967,0.00045347862914479897,1.765730002912966,True
RK4,fig4,SD2,moving,x_half_time_half,0.01,v,0.000693622664432958,0.00023725367086058213,0.0005510106130701686,2.5567891710310655,True
RK4,fig4,SD2,moving,x_half_time_half,0.02,u,0.001170817915132405,0.0032144414128778553,0.0032407012535975444,1.765730002912966,False
RK4,fig4,SD2,moving,x_half_time_half,0.02,v,0.0017670210843330203,0.0026916371398213457,0.0022049944590445403,2.5567891710310655,True
RK4,fig4,FD,moving,time_half,0.001,u,0.00010433604789550355,0.00010433604789583661,4.218847493575595e-15,1.765730002912966,True
RK4,fig4,FD,moving,time_half,0.001,v,0.00010185842550969326,0.00010185842550924917,5.975065277621927e-15,2.5567891710310655,True
RK4,fig4,FD,moving,time_half,0.005,u,0.00024890977706926165,0.00024890977707126005,1.326716514427062e-14,1.765730002912966,True
RK4,fig4,FD,moving,time_half,0.005,v,0.0003840246797750524,0.0003840246797826019,1.5987211554602254e-14,2.5567891710310655,True
RK4,fig4,FD,moving,time_half,0.01,u,0.00047107758670561495,0.000471077586710722,3.835820550079916e-14,1.765730002912966,True
RK4,fig4,FD,moving,time_half,0.01,v,0.0007664459336922391,0.0007664459337144436,6.927791673660977e-14,2.5567891710310655,True
RK4,fig4,FD,moving,time_half,0.02,u,0.0010549298526772999,0.0010549298526910666,3.126388037344441e-13,1.765730002912966,True
RK4,fig4,FD,moving,time_half,0.02,v,0.0017095995831688526,0.0017095995833118494,6.985523270941485e-13,2.5567891710310655,True
RK4,fig4,FD,moving,x_half,0.001,u,0.00010433604789550355,1.3302877292842297e-05,9.673305798019172e-05,1.765730002912966,True
RK4,fig4,FD,moving,x_half,0.001,v,0.00010185842550969326,2.954525545550979e-05,9.031221532507239e-05,2.5567891710310655,True
RK4,fig4,FD,moving,x_half,0.005,u,0.00024890977706926165,6.0325356621371284e-05,0.0001962911130370948,1.765730002912966,True
RK4,fig4,FD,moving,x_half,0.005,v,0.0003840246797750524,0.00014082729201314592,0.00025347680613574397,2.5567891710310655,True
RK4,fig4,FD,moving,x_half,0.01,u,0.00047107758670561495,0.0001253851124174421,0.00035213579571002906,1.765730002912966,True
RK4,fig4,FD,moving,x_half,0.01,v,0.0007664459336922391,0.00028880249304652494,0.0004930505927602802,2.5567891710310655,True
RK4,fig4,FD,moving,x_half,0.02,u,0.0010549298526772999,0.0024289527564438362,0.002175209030996106,1.765730002912966,False
RK4,fig4,FD,moving,x_half,0.02,v,0.0017095995831688526,0.0023209318811221458,0.0019406090126530273,2.5567891710310655,True
RK4,fig4,FD,moving,y_half,0.001,u,0.00010433604789550355,0.00010142400373691629,8.851402583553991e-06,1.765730002912966,True
RK4,fig4,FD,moving,y_half,0.001,v,0.00010185842550969326,9.581174026229711e-05,1.9033706972315656e-05,2.5567891710310655,True
RK4,fig4,FD,moving,y_half,0.005,u,0.00024890977706926165,0.00021809092174185363,4.477546985537373e-05,1.765730002912966,True
RK4,fig4,FD,moving,y_half,0.005,v,0.0003840246797750524,0.00030947202194520074,9.567313366787289e-05,2.5567891710310655,True
RK4,fig4,FD,moving,y_half,0.01,u,0.00047107758670561495,0.00040242126156853075,9.165630007390568e-05,1.765730002912966,True
RK4,fig4,FD,moving,y_half,0.01,v,0.0007664459336922391,0.0006100266842157254,0.0001945926187274516,2.5567891710310655,True
RK4,fig4,FD,moving,y_half,0.02,u,0.0010549298526772999,0.0008896251748098383,0.000245930745271572,1.765730002912966,True
RK4,fig4,FD,moving,y_half,0.02,v,0.0017095995831688526,0.0013749668740210552,0.00042205419888130535,2.5567891710310655,True
RK4,fig4,FD,moving,domain_double,0.001,u,0.00010433604789550355,0.00010137441465851715,4.443634799622398e-05,1.765730002912966,True
RK4,fig4,FD,moving,domain_double,0.001,v,0.00010185842550969326,0.00010201819334687556,4.2385553671975273e-05,2.5567891710310655,True
RK4,fig4,FD,moving,domain_double,0.005,u,0.00024890977706926165,0.00023759130967482278,4.920653170092937e-05,1.765730002912966,True
RK4,fig4,FD,moving,domain_double,0.005,v,0.0003840246797750524,0.0003783120666653872,4.709925099155576e-05,2.5567891710310655,True
RK4,fig4,FD,moving,domain_double,0.01,u,0.00047107758670561495,0.0004446385923382312,5.610378560005902e-05,1.765730002912966,True
RK4,fig4,FD,moving,domain_double,0.01,v,0.0007664459336922391,0.0007498777138219559,5.366817722185502e-05,2.5567891710310655,True
RK4,fig4,FD,moving,domain_double,0.02,u,0.0010549298526772999,0.0010012514549586626,7.337215778513428e-05,1.765730002912966,True
RK4,fig4,FD,moving,domain_double,0.02,v,0.0017095995831688526,0.0016660543791462423,6.938581580828718e-05,2.5567891710310655,True
RK4,fig4,FD,moving,x_half_time_half,0.001,u,0.00010433604789550355,1.3302877293286386e-05,9.673305798019172e-05,1.765730002912966,True
RK4,fig4,FD,moving,x_half_time_half,0.001,v,0.00010185842550969326,2.9545255455953878e-05,9.03122153246283e-05,2.5567891710310655,True
RK4,fig4,FD,moving,x_half_time_half,0.005,u,0.00024890977706926165,6.032535662736649e-05,0.00019629111303487434,1.765730002912966,True
RK4,fig4,FD,moving,x_half_time_half,0.005,v,0.0003840246797750524,0.00014082729201758681,0.0002534768061348558,2.5567891710310655,True
RK4,fig4,FD,moving,x_half_time_half,0.01,u,0.00047107758670561495,0.00012538511264481578,0.0003521357956941529,1.765730002912966,True
RK4,fig4,FD,moving,x_half_time_half,0.01,v,0.0007664459336922391,0.0002888024930860489,0.0004930505927500661,2.5567891710310655,True
RK4,fig4,FD,moving,x_half_time_half,0.02,u,0.0010549298526772999,0.0024289534049593,0.0021752096795115694,1.765730002912966,False
RK4,fig4,FD,moving,x_half_time_half,0.02,v,0.0017095995831688526,0.0023209324469495307,0.0019406095284759672,2.5567891710310655,True
RK4,fig5,SD,fixed,time_half,0.001,u,2.0151491663712717e-08,2.015149166458008e-08,1.0408340855860843e-17,0.03004067291014295,True
RK4,fig5,SD,fixed,time_half,0.001,v,2.308561116576291e-08,2.308561116576291e-08,9.71445146547012e-17,0.11549905034354419,True
RK4,fig5,SD,fixed,time_half,0.005,u,1.0075554294532163e-07,1.0075554294532163e-07,1.0408340855860843e-17,0.03004067291014295,True
RK4,fig5,SD,fixed,time_half,0.005,v,7.085777312121344e-08,7.085777307958008e-08,1.8041124150158794e-16,0.11549905034354419,True
RK4,fig5,SD,fixed,time_half,0.01,u,2.015089349324123e-07,2.0150893493327965e-07,1.0408340855860843e-17,0.03004067291014295,True
RK4,fig5,SD,fixed,time_half,0.01,v,1.3444289664876763e-07,1.34442896690401e-07,2.3592239273284576e-16,0.11549905034354419,True
RK4,fig5,SD,fixed,time_half,0.02,u,4.0301020240787744e-07,4.030102024070101e-07,1.3877787807814457e-17,0.03004067291014295,True
RK4,fig5,SD,fixed,time_half,0.02,v,2.6578788064890446e-07,2.657878806350267e-07,2.914335439641036e-16,0.11549905034354419,True
RK4,fig5,SD,fixed,x_half,0.001,u,2.0151491663712717e-08,2.015286500612473e-08,1.2179190541500295e-08,0.03004067291014295,True
RK4,fig5,SD,fixed,x_half,0.001,v,2.308561116576291e-08,1.3146199587255047e-08,2.3667658416437476e-08,0.11549905034354419,True
RK4,fig5,SD,fixed,x_half,0.005,u,1.0075554294532163e-07,1.0076662236395417e-07,1.2247750702520932e-08,0.03004067291014295,True
RK4,fig5,SD,fixed,x_half,0.005,v,7.085777312121344e-08,6.565285151638456e-08,2.3678915314628846e-08,0.11549905034354419,True
RK4,fig5,SD,fixed,x_half,0.01,u,2.015089349324123e-07,2.0153723029932985e-07,1.233528761773739e-08,0.03004067291014295,True
RK4,fig5,SD,fixed,x_half,0.01,v,1.3444289664876763e-07,1.312641740025544e-07,2.3680869834508123e-08,0.11549905034354419,True
RK4,fig5,SD,fixed,x_half,0.02,u,4.0301020240787744e-07,4.030828209726847e-07,1.2516209117741095e-08,0.03004067291014295,True
RK4,fig5,SD,fixed,x_half,0.02,v,2.6578788064890446e-07,2.6236493452791443e-07,2.412444054245011e-08,0.11549905034354419,True
RK4,fig5,SD,fixed,y_half,0.001,u,2.0151491663712717e-08,1.2629702741961957e-08,1.7190804304373364e-08,0.03004067291014295,True
RK4,fig5,SD,fixed,y_half,0.001,v,2.308561116576291e-08,2.1557019030948865e-08,2.8842486204938567e-08,0.11549905034354419,True
RK4,fig5,SD,fixed,y_half,0.005,u,1.0075554294532163e-07,2.522582096681214e-08,7.701857646612298e-08,0.03004067291014295,True
RK4,fig5,SD,fixed,y_half,0.005,v,7.085777312121344e-08,2.4443602614221405e-08,4.6923324018011137e-08,0.11549905034354419,True
RK4,fig5,SD,fixed,y_half,0.01,u,2.015089349324123e-07,5.0452886523125184e-08,1.5180865805316385e-07,0.03004067291014295,True
RK4,fig5,SD,fixed,y_half,0.01,v,1.3444289664876763e-07,3.9700670223519197e-08,9.315472057624952e-08,0.11549905034354419,True
RK4,fig5,SD,fixed,y_half,0.02,u,4.0301020240787744e-07,1.0091034562294265e-07,3.0202618524644703e-07,0.03004067291014295,True
RK4,fig5,SD,fixed,y_half,0.02,v,2.6578788064890446e-07,7.133428771288752e-08,1.8562010201117474e-07,0.11549905034354419,True
RK4,fig5,SD,fixed,domain_double,0.001,u,2.0151491663712717e-08,2.0151491663712717e-08,0.0,0.03004067291014295,True
RK4,fig5,SD,fixed,domain_double,0.001,v,2.308561116576291e-08,2.308561116576291e-08,0.0,0.11549905034354419,True
RK4,fig5,SD,fixed,domain_double,0.005,u,1.0075554294532163e-07,1.0075554294532163e-07,0.0,0.03004067291014295,True
RK4,fig5,SD,fixed,domain_double,0.005,v,7.085777312121344e-08,7.085777312121344e-08,0.0,0.11549905034354419,True
RK4,fig5,SD,fixed,domain_double,0.01,u,2.015089349324123e-07,2.015089349324123e-07,0.0,0.03004067291014295,True
RK4,fig5,SD,fixed,domain_double,0.01,v,1.3444289664876763e-07,1.3444289664876763e-07,0.0,0.11549905034354419,True
RK4,fig5,SD,fixed,domain_double,0.02,u,4.0301020240787744e-07,4.0301020240787744e-07,0.0,0.03004067291014295,True
RK4,fig5,SD,fixed,domain_double,0.02,v,2.6578788064890446e-07,2.6578788064890446e-07,0.0,0.11549905034354419,True
RK4,fig5,SD2,fixed,time_half,0.001,u,2.0151321777038544e-08,2.015132202423664e-08,6.063032190293128e-15,0.03004067291014295,True
RK4,fig5,SD2,fixed,time_half,0.001,v,2.302833951306482e-08,2.3028337368946605e-08,7.166552643206661e-14,0.11549905034354419,True
RK4,fig5,SD2,fixed,time_half,0.005,u,1.0075468229956558e-07,1.0075468101847229e-07,8.112934084844418e-15,0.03004067291014295,True
RK4,fig5,SD2,fixed,time_half,0.005,v,6.905068347662358e-08,6.905070511209477e-08,1.1270845368116511e-13,0.11549905034354419,True
RK4,fig5,SD2,fixed,time_half,0.01,u,2.0150719128031458e-07,2.0150719041208548e-07,1.2882899330386288e-14,0.03004067291014295,True
RK4,fig5,SD2,fixed,time_half,0.01,v,1.301669798337013e-07,1.301669859676835e-07,1.3444800828210646e-13,0.11549905034354419,True
RK4,fig5,SD2,fixed,time_half,0.02,u,4.030066262936463e-07,4.030066258339446e-07,2.3303984643971518e-14,0.03004067291014295,True
RK4,fig5,SD2,fixed,time_half,0.02,v,2.554131245530167e-07,2.5541317853761125e-07,1.74124603624648e-13,0.11549905034354419,True
RK4,fig5,SD2,fixed,x_half,0.001,u,2.0151321777038544e-08,2.0152853388681613e-08,1.2203512284036933e-08,0.03004067291014295,True
RK4,fig5,SD2,fixed,x_half,0.001,v,2.302833951306482e-08,1.3116679464797443e-08,2.3595039977397647e-08,0.11549905034354419,True
RK4,fig5,SD2,fixed,x_half,0.005,u,1.0075468229956558e-07,1.0076656779302307e-07,1.2367733438073403e-08,0.03004067291014295,True
RK4,fig5,SD2,fixed,x_half,0.005,v,6.905068347662358e-08,6.549046301096428e-08,2.3325127149198543e-08,0.11549905034354419,True
RK4,fig5,SD2,fixed,x_half,0.01,u,2.0150719128031458e-07,2.0153711893268478e-07,1.2571228783647692e-08,0.03004067291014295,True
RK4,fig5,SD2,fixed,x_half,0.01,v,1.301669798337013e-07,1.30938894171706e-07,2.311920652142696e-08,0.11549905034354419,True
RK4,fig5,SD2,fixed,x_half,0.02,u,4.030066262936463e-07,4.0308259132999097e-07,1.297231631489093e-08,0.03004067291014295,True
RK4,fig5,SD2,fixed,x_half,0.02,v,2.554131245530167e-07,2.6171283863674066e-07,2.340800991929015e-08,0.11549905034354419,True
RK4,fig5,SD2,fixed,y_half,0.001,u,2.0151321777038544e-08,1.2644523861987667e-08,1.719079839850729e-08,0.03004067291014295,True
RK4,fig5,SD2,fixed,y_half,0.001,v,2.302833951306482e-08,2.1485219645067666e-08,2.8842355920266627e-08,0.11549905034354419,True
RK4,fig5,SD2,fixed,y_half,0.005,u,1.0075468229956558e-07,2.522499278987539e-08,7.701854936367075e-08,0.03004067291014295,True
RK4,fig5,SD2,fixed,y_half,0.005,v,6.905068347662358e-08,2.3325185130596005e-08,4.6923063462545045e-08,0.11549905034354419,True
RK4,fig5,SD2,fixed,y_half,0.01,u,2.0150719128031458e-07,5.045120739753661e-08,1.518086040885186e-07,0.03004067291014295,True
RK4,fig5,SD2,fixed,y_half,0.01,v,1.301669798337013e-07,3.683842407509186e-08,9.31540402593356e-08,0.11549905034354419,True
RK4,fig5,SD2,fixed,y_half,0.02,u,4.030066262936463e-07,1.009069029661927e-07,3.0202615545430606e-07,0.03004067291014295,True
RK4,fig5,SD2,fixed,y_half,0.02,v,2.554131245530167e-07,6.442920137683661e-08,1.8561871154010312e-07,0.11549905034354419,True
RK4,fig5,SD2,fixed,domain_double,0.001,u,2.0151321777038544e-08,2.01513212861118e-08,3.401643658591802e-15,0.03004067291014295,True
RK4,fig5,SD2,fixed,domain_double,0.001,v,2.302833951306482e-08,2.3028337167718682e-08,7.183271675981098e-14,0.11549905034354419,True
RK4,fig5,SD2,fixed,domain_double,0.005,u,1.0075468229956558e-07,1.0075468244268027e-07,1.0552651764908689e-14,0.03004067291014295,True
RK4,fig5,SD2,fixed,domain_double,0.005,v,6.905068347662358e-08,6.905070362717147e-08,2.1430802197821208e-13,0.11549905034354419,True
RK4,fig5,SD2,fixed,domain_double,0.01,u,2.0150719128031458e-07,2.015071919438463e-07,1.1200282780225723e-14,0.03004067291014295,True
RK4,fig5,SD2,fixed,domain_double,0.01,v,1.301669798337013e-07,1.3016700518841962e-07,1.3844107067326195e-13,0.11549905034354419,True
RK4,fig5,SD2,fixed,domain_double,0.02,u,4.030066262936463e-07,4.0300662822179145e-07,1.3037544676665347e-14,0.03004067291014295,True
RK4,fig5,SD2,fixed,domain_double,0.02,v,2.554131245530167e-07,2.5541318800226254e-07,2.0098159247972092e-13,0.11549905034354419,True
RK4,fig5,FD,fixed,time_half,0.001,u,1.200203412002332e-08,1.200203412002332e-08,1.3877787807814457e-17,0.03004067291014295,True
RK4,fig5,FD,fixed,time_half,0.001,v,2.400695191251412e-08,2.400695189863633e-08,1.1102230246251565e-16,0.11549905034354419,True
RK4,fig5,FD,fixed,time_half,0.005,u,1.1706945635125976e-08,1.1706945635125976e-08,1.0408340855860843e-17,0.03004067291014295,True
RK4,fig5,FD,fixed,time_half,0.005,v,2.5229257002989947e-08,2.522925698911216e-08,2.3592239273284576e-16,0.11549905034354419,True
RK4,fig5,FD,fixed,time_half,0.01,u,1.1734001822277795e-08,1.1734001818808348e-08,1.3877787807814457e-17,0.03004067291014295,True
RK4,fig5,FD,fixed,time_half,0.01,v,2.707441650040554e-08,2.7074416458772177e-08,2.636779683484747e-16,0.11549905034354419,True
RK4,fig5,FD,fixed,time_half,0.02,u,1.5887743613773875e-08,1.5887743613773875e-08,1.0408340855860843e-17,0.03004067291014295,True
RK4,fig5,FD,fixed,time_half,0.02,v,3.132929619897862e-08,3.1329296226734193e-08,3.469446951953614e-16,0.11549905034354419,True
RK4,fig5,FD,fixed,x_half,0.001,u,1.200203412002332e-08,8.547805172010037e-10,1.217888380075638e-08,0.03004067291014295,True
RK4,fig5,FD,fixed,x_half,0.001,v,2.400695191251412e-08,1.802128751782206e-09,2.3667603918364755e-08,0.11549905034354419,True
RK4,fig5,FD,fixed,x_half,0.005,u,1.1706945635125976e-08,3.7518190568186505e-09,1.2246198465015734e-08,0.03004067291014295,True
RK4,fig5,FD,fixed,x_half,0.005,v,2.5229257002989947e-08,3.327263978225581e-09,2.3678665278525912e-08,0.11549905034354419,True
RK4,fig5,FD,fixed,x_half,0.01,u,1.1734001822277795e-08,7.493485679188616e-09,1.2332137189902115e-08,0.03004067291014295,True
RK4,fig5,FD,fixed,x_half,0.01,v,2.707441650040554e-08,5.247004386532694e-09,2.3680403082870782e-08,0.11549905034354419,True
RK4,fig5,FD,fixed,x_half,0.02,u,1.5887743613773875e-08,1.497642709326341e-08,1.2509727823073469e-08,0.03004067291014295,True
RK4,fig5,FD,fixed,x_half,0.02,v,3.132929619897862e-08,9.149053251111816e-09,2.4122979919161125e-08,0.11549905034354419,True
RK4,fig5,FD,fixed,y_half,0.001,u,1.200203412002332e-08,1.2161869022281335e-08,4.777601290278932e-09,0.03004067291014295,True
RK4,fig5,FD,fixed,y_half,0.001,v,2.400695191251412e-08,2.383895561508531e-08,3.192953351716099e-08,0.11549905034354419,True
RK4,fig5,FD,fixed,y_half,0.005,u,1.1706945635125976e-08,1.2061901286802845e-08,4.907732300413192e-09,0.03004067291014295,True
RK4,fig5,FD,fixed,y_half,0.005,v,2.5229257002989947e-08,2.4120791822235255e-08,3.179171781386714e-08,0.11549905034354419,True
RK4,fig5,FD,fixed,y_half,0.01,u,1.1734001822277795e-08,1.1942194188402366e-08,5.64643284385602e-09,0.03004067291014295,True
RK4,fig5,FD,fixed,y_half,0.01,v,2.707441650040554e-08,2.4556026531619146e-08,3.184142226275721e-08,0.11549905034354419,True
RK4,fig5,FD,fixed,y_half,0.02,u,1.5887743613773875e-08,1.1770395064863992e-08,1.1257049039453682e-08,0.03004067291014295,True
RK4,fig5,FD,fixed,y_half,0.02,v,3.132929619897862e-08,2.5893295993451027e-08,3.2556416326712245e-08,0.11549905034354419,True
RK4,fig5,FD,fixed,domain_double,0.001,u,1.200203412002332e-08,1.200203412002332e-08,0.0,0.03004067291014295,True
RK4,fig5,FD,fixed,domain_double,0.001,v,2.400695191251412e-08,2.400695191251412e-08,0.0,0.11549905034354419,True
RK4,fig5,FD,fixed,domain_double,0.005,u,1.1706945635125976e-08,1.1706945635125976e-08,0.0,0.03004067291014295,True
RK4,fig5,FD,fixed,domain_double,0.005,v,2.5229257002989947e-08,2.5229257002989947e-08,0.0,0.11549905034354419,True
RK4,fig5,FD,fixed,domain_double,0.01,u,1.1734001822277795e-08,1.1734001822277795e-08,0.0,0.03004067291014295,True
RK4,fig5,FD,fixed,domain_double,0.01,v,2.707441650040554e-08,2.707441650040554e-08,0.0,0.11549905034354419,True
RK4,fig5,FD,fixed,domain_double,0.02,u,1.5887743613773875e-08,1.5887743613773875e-08,0.0,0.03004067291014295,True
RK4,fig5,FD,fixed,domain_double,0.02,v,3.132929619897862e-08,3.132929619897862e-08,0.0,0.11549905034354419,True
RK4,fig5,SD,moving,time_half,0.001,u,2.015301715351664e-08,2.015301715351664e-08,1.1796119636642288e-16,0.03004067291014295,True
RK4,fig5,SD,moving,time_half,0.001,v,2.1732450575240314e-08,2.173245056830142e-08,1.970645868709653e-15,0.11549905034354419,True
RK4,fig5,SD,moving,time_half,0.005,u,1.0076275786495559e-07,1.0076275786755767e-07,5.898059818321144e-17,0.03004067291014295,True
RK4,fig5,SD,moving,time_half,0.005,v,7.016439555751486e-08,7.016439547424813e-08,3.1363800445660672e-15,0.11549905034354419,True
RK4,fig5,SD,moving,time_half,0.01,u,2.015249614406578e-07,2.0152496144239251e-07,1.1449174941446927e-16,0.03004067291014295,True
RK4,fig5,SD,moving,time_half,0.01,v,1.3389989453327367e-07,1.3389989445000694e-07,1.3314002678121994e-14,0.11549905034354419,True
RK4,fig5,SD,moving,time_half,0.02,u,4.030421536125803e-07,4.0304215361778445e-07,1.7694179454963432e-16,0.03004067291014295,True
RK4,fig5,SD,moving,time_half,0.02,v,2.652831205263162e-07,2.652831213034723e-07,6.2450045135165055e-15,0.11549905034354419,True
RK4,fig5,SD,moving,x_half,0.001,u,2.015301715351664e-08,2.015235637739532e-08,1.1392313405134136e-08,0.03004067291014295,True
RK4,fig5,SD,moving,x_half,0.001,v,2.1732450575240314e-08,1.313383279910596e-08,2.2112763259363177e-08,0.11549905034354419,True
RK4,fig5,SD,moving,x_half,0.005,u,1.0076275786495559e-07,1.0076314461288094e-07,1.1460604191354529e-08,0.03004067291014295,True
RK4,fig5,SD,moving,x_half,0.005,v,7.016439555751486e-08,6.564828287924929e-08,2.219064731967535e-08,0.11549905034354419,True
RK4,fig5,SD,moving,x_half,0.01,u,2.015249614406578e-07,2.015328113384729e-07,1.1547842768827588e-08,0.03004067291014295,True
RK4,fig5,SD,moving,x_half,0.01,v,1.3389989453327367e-07,1.3125400039060153e-07,2.2277065095388515e-08,0.11549905034354419,True
RK4,fig5,SD,moving,x_half,0.02,u,4.030421536125803e-07,4.03078567045613e-07,1.1728352504458694e-08,0.03004067291014295,True
RK4,fig5,SD,moving,x_half,0.02,v,2.652831205263162e-07,2.623435335774582e-07,2.2413543340760178e-08,0.11549905034354419,True
RK4,fig5,SD,moving,y_half,0.001,u,2.015301715351664e-08,1.1864263377292517e-08,1.7190785279661003e-08,0.03004067291014295,True
RK4,fig5,SD,moving,y_half,0.001,v,2.1732450575240314e-08,2.0144630824558973e-08,2.8842677829432617e-08,0.11549905034354419,True
RK4,fig5,SD,moving,y_half,0.005,u,1.0076275786495559e-07,2.5224164236503643e-08,7.701856480617914e-08,0.03004067291014295,True
RK4,fig5,SD,moving,y_half,0.005,v,7.016439555751486e-08,2.379822681974897e-08,4.6922398300175416e-08,0.11549905034354419,True
RK4,fig5,SD,moving,y_half,0.01,u,2.015249614406578e-07,5.044964560430715e-08,1.518086309854061e-07,0.03004067291014295,True
RK4,fig5,SD,moving,y_half,0.01,v,1.3389989453327367e-07,3.912648709192279e-08,9.315495032302668e-08,0.11549905034354419,True
RK4,fig5,SD,moving,y_half,0.02,u,4.030421536125803e-07,1.0090460502137216e-07,3.020261155088286e-07,0.03004067291014295,True
RK4,fig5,SD,moving,y_half,0.02,v,2.652831205263162e-07,7.070522835272985e-08,1.8562019819812203e-07,0.11549905034354419,True
RK4,fig5,SD,moving,domain_double,0.001,u,2.015301715351664e-08,2.0153399870811994e-08,4.5690851796509335e-10,0.03004067291014295,True
RK4,fig5,SD,moving,domain_double,0.001,v,2.1732450575240314e-08,2.1670710108334656e-08,8.267034765085945e-10,0.11549905034354419,True
RK4,fig5,SD,moving,domain_double,0.005,u,1.0076275786495559e-07,1.0076588723498259e-07,4.5664208525586503e-10,0.03004067291014295,True
RK4,fig5,SD,moving,domain_double,0.005,v,7.016439555751486e-08,7.014411812500398e-08,8.254712191568814e-10,0.11549905034354419,True
RK4,fig5,SD,moving,domain_double,0.01,u,2.015249614406578e-07,2.0153114294908792e-07,4.563020065961876e-10,0.03004067291014295,True
RK4,fig5,SD,moving,domain_double,0.01,v,1.3389989453327367e-07,1.338684248730626e-07,8.238844745322993e-10,0.11549905034354419,True
RK4,fig5,SD,moving,domain_double,0.02,u,4.030421536125803e-07,4.030553198697273e-07,4.555989127630333e-10,0.03004067291014295,True
RK4,fig5,SD,moving,domain_double,0.02,v,2.652831205263162e-07,2.652697121408032e-07,8.205551862983107e-10,0.11549905034354419,True
RK4,fig5,SD2,moving,time_half,0.001,u,2.015280748789844e-08,2.015280793805918e-08,5.718939455031172e-15,0.03004067291014295,True
RK4,fig5,SD2,moving,time_half,0.001,v,2.165287088518042e-08,2.165287367461577e-08,4.492193834797209e-14,0.11549905034354419,True
RK4,fig5,SD2,moving,time_half,0.005,u,1.0076169978251448e-07,1.0076170034456489e-07,1.2033086420999099e-14,0.03004067291014295,True
RK4,fig5,SD2,moving,time_half,0.005,v,6.866286157702906e-08,6.86628771201514e-08,1.001213001394774e-13,0.11549905034354419,True
RK4,fig5,SD2,moving,time_half,0.01,u,2.0152282598218108e-07,2.015228262831556e-07,1.531572936203996e-14,0.03004067291014295,True
RK4,fig5,SD2,moving,time_half,0.01,v,1.300644239532467e-07,1.3006441024199233e-07,1.5245443796274571e-13,0.11549905034354419,True
RK4,fig5,SD2,moving,time_half,0.02,u,4.0303780151577234e-07,4.030378009363747e-07,2.829361793174666e-14,0.03004067291014295,True
RK4,fig5,SD2,moving,time_half,0.02,v,2.5587766597223727e-07,2.558777897759823e-07,1.803189216866008e-13,0.11549905034354419,True
RK4,fig5,SD2,moving,x_half,0.001,u,2.015280748789844e-08,2.015234330798865e-08,1.1414327965447724e-08,0.03004067291014295,True
RK4,fig5,SD2,moving,x_half,0.001,v,2.165287088518042e-08,1.3104363871807578e-08,2.200617869874133e-08,0.11549905034354419,True
RK4,fig5,SD2,moving,x_half,0.005,u,1.0076169978251448e-07,1.0076308055474714e-07,1.1569242477221797e-08,0.03004067291014295,True
RK4,fig5,SD2,moving,x_half,0.005,v,6.866286157702906e-08,6.550065280441775e-08,2.1943428657467123e-08,0.11549905034354419,True
RK4,fig5,SD2,moving,x_half,0.01,u,2.0152282598218108e-07,2.0153267103490552e-07,1.176156597115785e-08,0.03004067291014295,True
RK4,fig5,SD2,moving,x_half,0.01,v,1.300644239532467e-07,1.3095833023557546e-07,2.1924093235314857e-08,0.11549905034354419,True
RK4,fig5,SD2,moving,x_half,0.02,u,4.0303780151577234e-07,4.030782769530103e-07,1.2141789487024601e-08,0.03004067291014295,True
RK4,fig5,SD2,moving,x_half,0.02,v,2.5587766597223727e-07,2.6175088417568215e-07,2.1962196325442385e-08,0.11549905034354419,True
RK4,fig5,SD2,moving,y_half,0.001,u,2.015280748789844e-08,1.187915759162661e-08,1.7190778120457217e-08,0.03004067291014295,True
RK4,fig5,SD2,moving,y_half,0.001,v,2.165287088518042e-08,2.0109304332827094e-08,2.884250929757748e-08,0.11549905034354419,True
RK4,fig5,SD2,moving,y_half,0.005,u,1.0076169978251448e-07,2.5223137968023723e-08,7.701853482582066e-08,0.03004067291014295,True
RK4,fig5,SD2,moving,y_half,0.005,v,6.866286157702906e-08,2.262277910836108e-08,4.69222031090899e-08,0.11549905034354419,True
RK4,fig5,SD2,moving,y_half,0.01,u,2.0152282598218108e-07,5.044757204336614e-08,1.5180857421571298e-07,0.03004067291014295,True
RK4,fig5,SD2,moving,y_half,0.01,v,1.300644239532467e-07,3.648710816817058e-08,9.315439862545016e-08,0.11549905034354419,True
RK4,fig5,SD2,moving,y_half,0.02,u,4.0303780151577234e-07,1.009003787518642e-07,3.0202607500910694e-07,0.03004067291014295,True
RK4,fig5,SD2,moving,y_half,0.02,v,2.5587766597223727e-07,6.425407038379571e-08,1.8561898978974867e-07,0.11549905034354419,True
RK4,fig5,SD2,moving,domain_double,0.001,u,2.015280748789844e-08,2.0153190051670766e-08,4.5690940614351305e-10,0.03004067291014295,True
RK4,fig5,SD2,moving,domain_double,0.001,v,2.165287088518042e-08,2.159137150320456e-08,8.269633797186593e-10,0.11549905034354419,True
RK4,fig5,SD2,moving,domain_double,0.005,u,1.0076169978251448e-07,1.0076482941535209e-07,4.566412768747252e-10,0.03004067291014295,True
RK4,fig5,SD2,moving,domain_double,0.005,v,6.866286157702906e-08,6.864791969596329e-08,8.264079004449698e-10,0.11549905034354419,True
RK4,fig5,SD2,moving,domain_double,0.01,u,2.0152282598218108e-07,2.0152900704738935e-07,4.5630170475430276e-10,0.03004067291014295,True
RK4,fig5,SD2,moving,domain_double,0.01,v,1.300644239532467e-07,1.3006265260628869e-07,8.263282280651651e-10,0.11549905034354419,True
RK4,fig5,SD2,moving,domain_double,0.02,u,4.0303780151577234e-07,4.030509668457097e-07,4.555986386767241e-10,0.03004067291014295,True
RK4,fig5,SD2,moving,domain_double,0.02,v,2.5587766597223727e-07,2.559047376782253e-07,8.263960765697576e-10,0.11549905034354419,True
RK4,fig5,FD,moving,time_half,0.001,u,1.119067107382965e-08,1.119067107382965e-08,5.898059818321144e-17,0.03004067291014295,True
RK4,fig5,FD,moving,time_half,0.001,v,2.2463842536124545e-08,2.2463842522246757e-08,1.1102230246251565e-16,0.11549905034354419,True
RK4,fig5,FD,moving,time_half,0.005,u,1.0959255811876512e-08,1.0959255811876512e-08,1.3877787807814457e-17,0.03004067291014295,True
RK4,fig5,FD,moving,time_half,0.005,v,2.3814785088394075e-08,2.3814785074516287e-08,1.8041124150158794e-16,0.11549905034354419,True
RK4,fig5,FD,moving,time_half,0.01,u,1.098150436210088e-08,1.0981504369039774e-08,4.458239333260394e-16,0.03004067291014295,True
RK4,fig5,FD,moving,time_half,0.01,v,2.565999711323652e-08,2.5659997154869885e-08,2.220446049250313e-16,0.11549905034354419,True
RK4,fig5,FD,moving,time_half,0.02,u,1.572228269103304e-08,1.572228269103304e-08,1.734723475976807e-16,0.03004067291014295,True
RK4,fig5,FD,moving,time_half,0.02,v,2.957938917413916e-08,2.9579389257405886e-08,3.0531133177191805e-16,0.11549905034354419,True
RK4,fig5,FD,moving,x_half,0.001,u,1.119067107382965e-08,8.431975430378547e-10,1.1392063330867286e-08,0.03004067291014295,True
RK4,fig5,FD,moving,x_half,0.001,v,2.2463842536124545e-08,1.7116652262227916e-09,2.2112702446897003e-08,0.11549905034354419,True
RK4,fig5,FD,moving,x_half,0.005,u,1.0959255811876512e-08,3.751496611623106e-09,1.1459337277697212e-08,0.03004067291014295,True
RK4,fig5,FD,moving,x_half,0.005,v,2.3814785088394075e-08,3.228350503592381e-09,2.2190357662488225e-08,0.11549905034354419,True
RK4,fig5,FD,moving,x_half,0.01,u,1.098150436210088e-08,7.49341705005846e-09,1.1545262083162422e-08,0.03004067291014295,True
RK4,fig5,FD,moving,x_half,0.01,v,2.565999711323652e-08,5.1574304549273364e-09,2.227652019792803e-08,0.11549905034354419,True
RK4,fig5,FD,moving,x_half,0.02,u,1.572228269103304e-08,1.4977365863158565e-08,1.1723009080838453e-08,0.03004067291014295,True
RK4,fig5,FD,moving,x_half,0.02,v,2.957938917413916e-08,9.052554511557176e-09,2.2412587841191822e-08,0.11549905034354419,True
RK4,fig5,FD,moving,y_half,0.001,u,1.119067107382965e-08,1.1379890172552587e-08,4.777334996347582e-09,0.03004067291014295,True
RK4,fig5,FD,moving,y_half,0.001,v,2.2463842536124545e-08,2.2309566194422814e-08,3.192930538020722e-08,0.11549905034354419,True
RK4,fig5,FD,moving,y_half,0.005,u,1.0959255811876512e-08,1.1255455924924496e-08,4.907413496402224e-09,0.03004067291014295,True
RK4,fig5,FD,moving,y_half,0.005,v,2.3814785088394075e-08,2.267955065415883e-08,3.1792057528234885e-08,0.11549905034354419,True
RK4,fig5,FD,moving,y_half,0.01,u,1.098150436210088e-08,1.1105297448993356e-08,5.64645470310654e-09,0.03004067291014295,True
RK4,fig5,FD,moving,y_half,0.01,v,2.565999711323652e-08,2.312601739273834e-08,3.184167239600466e-08,0.11549905034354419,True
RK4,fig5,FD,moving,y_half,0.02,u,1.572228269103304e-08,1.0987916874982684e-08,1.1257114294546677e-08,0.03004067291014295,True
RK4,fig5,FD,moving,y_half,0.02,v,2.957938917413916e-08,2.4148181801408874e-08,3.255666541912561e-08,0.11549905034354419,True
RK4,fig5,FD,moving,domain_double,0.001,u,1.119067107382965e-08,1.117002856529381e-08,4.569084555150482e-10,0.03004067291014295,True
RK4,fig5,FD,moving,domain_double,0.001,v,2.2463842536124545e-08,2.2422104006825094e-08,8.267174236853414e-10,0.11549905034354419,True
RK4,fig5,FD,moving,domain_double,0.005,u,1.0959255811876512e-08,1.0891766002996128e-08,4.566419638252217e-10,0.03004067291014295,True
RK4,fig5,FD,moving,domain_double,0.005,v,2.3814785088394075e-08,2.377202634740172e-08,8.255398517564849e-10,0.11549905034354419,True
RK4,fig5,FD,moving,domain_double,0.01,u,1.098150436210088e-08,1.0913332036677215e-08,4.5630189210443817e-10,0.03004067291014295,True
RK4,fig5,FD,moving,domain_double,0.01,v,2.565999711323652e-08,2.5611986587126268e-08,8.240215385035832e-10,0.11549905034354419,True
RK4,fig5,FD,moving,domain_double,0.02,u,1.572228269103304e-08,1.5701997167771875e-08,4.555986247989363e-10,0.03004067291014295,True
RK4,fig5,FD,moving,domain_double,0.02,v,2.957938917413916e-08,2.9524810096770437e-08,8.208310420254605e-10,0.11549905034354419,True
Euler,fig3,SD,fixed,time_half,0.001,u,2.0113376075214795e-06,1.5003993760753787e-06,5.44886776143727e-07,0.521213732480525,True
Euler,fig3,SD,fixed,time_half,0.001,v,1.4554941070166194e-06,8.511127523869177e-07,6.864461281619327e-07,0.6075148241764006,True
Euler,fig3,SD,fixed,time_half,0.005,u,1.0104989167536438e-05,7.524506223821614e-06,2.722935724452924e-06,0.521213732480525,True
Euler,fig3,SD,fixed,time_half,0.005,v,7.215630644541449e-06,3.947262813941421e-06,3.4045328020093635e-06,0.6075148241764006,True
Euler,fig3,SD,fixed,time_half,0.01,u,2.023756306152036e-05,1.504056936818543e-05,5.44205611763271e-06,0.521213732480525,True
Euler,fig3,SD,fixed,time_half,0.01,v,1.4301289773532844e-05,7.825936286898205e-06,6.739525499566135e-06,0.6075148241764006,True
Euler,fig3,SD,fixed,time_half,0.02,u,4.039713132814038e-05,3.0242621745668608e-05,1.0866965296063569e-05,0.521213732480525,True
Euler,fig3,SD,fixed,time_half,0.02,v,2.8017181461503782e-05,1.524561129340185e-05,1.3198142924886191e-05,0.6075148241764006,True
Euler,fig3,SD,fixed,x_half,0.001,u,2.0113376075214795e-06,1.5186938480682421e-06,9.72155716039147e-07,0.521213732480525,True
Euler,fig3,SD,fixed,x_half,0.001,v,1.4554941070166194e-06,8.455656451689109e-07,7.515942190838842e-07,0.6075148241764006,True
Euler,fig3,SD,fixed,x_half,0.005,u,1.0104989167536438e-05,7.615250550319086e-06,3.7230935686083377e-06,0.521213732480525,True
Euler,fig3,SD,fixed,x_half,0.005,v,7.215630644541449e-06,4.20880972906712e-06,3.730351967767831e-06,0.6075148241764006,True
Euler,fig3,SD,fixed,x_half,0.01,u,2.023756306152036e-05,1.5244529525004769e-05,7.369888728958607e-06,0.521213732480525,True
Euler,fig3,SD,fixed,x_half,0.01,v,1.4301289773532844e-05,8.37487865767983e-06,7.349030039738302e-06,0.6075148241764006,True
Euler,fig3,SD,fixed,x_half,0.02,u,4.039713132814038e-05,3.053687007564809e-05,1.4736316100938396e-05,0.521213732480525,True
Euler,fig3,SD,fixed,x_half,0.02,v,2.8017181461503782e-05,1.657978780622571e-05,1.4429056185649713e-05,0.6075148241764006,True
Euler,fig3,SD,fixed,y_half,0.001,u,2.0113376075214795e-06,1.4380241956102324e-06,8.918680237668397e-07,0.521213732480525,True
Euler,fig3,SD,fixed,y_half,0.001,v,1.4554941070166194e-06,1.4032165963628884e-06,3.3744669336588373e-07,0.6075148241764006,True
Euler,fig3,SD,fixed,y_half,0.005,u,1.0104989167536438e-05,7.201328476424962e-06,4.446769483579249e-06,0.521213732480525,True
Euler,fig3,SD,fixed,y_half,0.005,v,7.215630644541449e-06,6.971728029436797e-06,1.6781265842480408e-06,0.6075148241764006,True
Euler,fig3,SD,fixed,y_half,0.01,u,2.023756306152036e-05,1.436402539634063e-05,8.856155038983182e-06,0.521213732480525,True
Euler,fig3,SD,fixed,y_half,0.01,v,1.4301289773532844e-05,1.381169246328362e-05,3.3410135382716533e-06,0.6075148241764006,True
Euler,fig3,SD,fixed,y_half,0.02,u,4.039713132814038e-05,2.854968931315094e-05,1.7545736014590307e-05,0.521213732480525,True
Euler,fig3,SD,fixed,y_half,0.02,v,2.8017181461503782e-05,2.7138858639141894e-05,6.628119549323408e-06,0.6075148241764006,True
Euler,fig3,SD,fixed,domain_double,0.001,u,2.0113376075214795e-06,2.0113376075214795e-06,0.0,0.521213732480525,True
Euler,fig3,SD,fixed,domain_double,0.001,v,1.4554941070166194e-06,1.4554941070166194e-06,0.0,0.6075148241764006,True
Euler,fig3,SD,fixed,domain_double,0.005,u,1.0104989167536438e-05,1.0104989167536438e-05,0.0,0.521213732480525,True
Euler,fig3,SD,fixed,domain_double,0.005,v,7.215630644541449e-06,7.215630644541449e-06,0.0,0.6075148241764006,True
Euler,fig3,SD,fixed,domain_double,0.01,u,2.023756306152036e-05,2.023756306152036e-05,0.0,0.521213732480525,True
Euler,fig3,SD,fixed,domain_double,0.01,v,1.4301289773532844e-05,1.4301289773532844e-05,0.0,0.6075148241764006,True
Euler,fig3,SD,fixed,domain_double,0.02,u,4.039713132814038e-05,4.039713132814038e-05,0.0,0.521213732480525,True
Euler,fig3,SD,fixed,domain_double,0.02,v,2.8017181461503782e-05,2.8017181461503782e-05,0.0,0.6075148241764006,True
Euler,fig3,SD,fixed,time_quarter,0.001,u,2.0113376075214795e-06,1.5686956432725552e-06,8.173244560039095e-07,0.521213732480525,True
Euler,fig3,SD,fixed,time_quarter,0.001,v,1.4554941070166194e-06,8.498157859637701e-07,1.0296044933300053e-06,0.6075148241764006,True
Euler,fig3,SD,fixed,time_quarter,0.005,u,1.0104989167536438e-05,6.235379923724693e-06,4.084352546840364e-06,0.521213732480525,True
Euler,fig3,SD,fixed,time_quarter,0.005,v,7.215630644541449e-06,2.4511057836740235e-06,5.106461186343836e-06,0.6075148241764006,True
Euler,fig3,SD,fixed,time_quarter,0.01,u,2.023756306152036e-05,1.2441971528776019e-05,8.16291866134744e-06,0.521213732480525,True
Euler,fig3,SD,fixed,time_quarter,0.01,v,1.4301289773532844e-05,4.872283086543305e-06,1.0108568933242523e-05,0.6075148241764006,True
Euler,fig3,SD,fixed,time_quarter,0.02,u,4.039713132814038e-05,2.5178139615056327e-05,1.629992212703879e-05,0.521213732480525,True
Euler,fig3,SD,fixed,time_quarter,0.02,v,2.8017181461503782e-05,9.691696655211857e-06,1.979564270315759e-05,0.6075148241764006,True
Euler,fig3,SD2,fixed,time_half,0.001,u,1.5296230697070534e-06,1.4062812255799528e-06,7.396227585942938e-07,0.521213732480525,True
Euler,fig3,SD2,fixed,time_half,0.001,v,7.415641881891588e-06,4.240064689353673e-06,3.2780002973131772e-06,0.6075148241764006,True
Euler,fig3,SD2,fixed,time_half,0.005,u,7.750286347918411e-06,7.072089374449142e-06,3.7138523671931267e-06,0.521213732480525,True
Euler,fig3,SD2,fixed,time_half,0.005,v,3.3884882883361556e-05,1.749796649574975e-05,1.6428245826816124e-05,0.6075148241764006,True
Euler,fig3,SD2,fixed,time_half,0.01,u,1.5692735947370196e-05,1.417870554620837e-05,7.465818157470494e-06,0.521213732480525,True
Euler,fig3,SD2,fixed,time_half,0.01,v,6.716598752121161e-05,3.441697286088452e-05,3.29484897190202e-05,0.6075148241764006,True
Euler,fig3,SD2,fixed,time_half,0.02,u,3.172108037918786e-05,2.8712991310575475e-05,1.5073520492125958e-05,0.521213732480525,True
Euler,fig3,SD2,fixed,time_half,0.02,v,0.00013403696560632117,6.836883273109162e-05,6.624140149513735e-05,0.6075148241764006,True
Euler,fig3,SD2,fixed,x_half,0.001,u,1.5296230697070534e-06,1.111425455391224e-06,1.218046078221846e-06,0.521213732480525,True
Euler,fig3,SD2,fixed,x_half,0.001,v,7.415641881891588e-06,3.072393958136743e-06,4.426388172440454e-06,0.6075148241764006,True
Euler,fig3,SD2,fixed,x_half,0.005,u,7.750286347918411e-06,5.557161105285147e-06,6.147091248132064e-06,0.521213732480525,True
Euler,fig3,SD2,fixed,x_half,0.005,v,3.3884882883361556e-05,1.5205145068031278e-05,1.874153717851268e-05,0.6075148241764006,True
Euler,fig3,SD2,fixed,x_half,0.01,u,1.5692735947370196e-05,1.1120826782673454e-05,1.2399914373295573e-05,0.521213732480525,True
Euler,fig3,SD2,fixed,x_half,0.01,v,6.716598752121161e-05,3.0445108603061044e-05,3.674289728050617e-05,0.6075148241764006,True
Euler,fig3,SD2,fixed,x_half,0.02,u,3.172108037918786e-05,2.2238777791561137e-05,2.5325932557440645e-05,0.521213732480525,True
Euler,fig3,SD2,fixed,x_half,0.02,v,0.00013403696560632117,6.127818165990728e-05,7.309545907019377e-05,0.6075148241764006,True
Euler,fig3,SD2,fixed,y_half,0.001,u,1.5296230697070534e-06,1.779335801699311e-06,9.538898739780421e-07,0.521213732480525,True
Euler,fig3,SD2,fixed,y_half,0.001,v,7.415641881891588e-06,1.2820165228411007e-05,9.35967232229551e-06,0.6075148241764006,True
Euler,fig3,SD2,fixed,y_half,0.005,u,7.750286347918411e-06,8.981913536931785e-06,4.7644125453771835e-06,0.521213732480525,True
Euler,fig3,SD2,fixed,y_half,0.005,v,3.3884882883361556e-05,6.147210830131922e-05,4.6937588621176474e-05,0.6075148241764006,True
Euler,fig3,SD2,fixed,y_half,0.01,u,1.5692735947370196e-05,1.8126437344889723e-05,9.55393997026377e-06,0.521213732480525,True
Euler,fig3,SD2,fixed,y_half,0.01,v,6.716598752121161e-05,0.00012256713491221038,9.415305055981982e-05,0.6075148241764006,True
Euler,fig3,SD2,fixed,y_half,0.02,u,3.172108037918786e-05,3.6617634867619486e-05,1.9216015039513756e-05,0.521213732480525,True
Euler,fig3,SD2,fixed,y_half,0.02,v,0.00013403696560632117,0.0002452134350116042,0.0001893420804919277,0.6075148241764006,True
Euler,fig3,SD2,fixed,domain_double,0.001,u,1.5296230697070534e-06,1.5296261733355188e-06,3.790689984128903e-12,0.521213732480525,True
Euler,fig3,SD2,fixed,domain_double,0.001,v,7.415641881891588e-06,7.415642266583866e-06,3.968991801883703e-12,0.6075148241764006,True
Euler,fig3,SD2,fixed,domain_double,0.005,u,7.750286347918411e-06,7.750272541684478e-06,1.8975793159015097e-11,0.521213732480525,True
Euler,fig3,SD2,fixed,domain_double,0.005,v,3.3884882883361556e-05,3.388488174382864e-05,1.9276358287356743e-11,0.6075148241764006,True
Euler,fig3,SD2,fixed,domain_double,0.01,u,1.5692735947370196e-05,1.569270799506306e-05,3.8052477835393006e-11,0.521213732480525,True
Euler,fig3,SD2,fixed,domain_double,0.01,v,6.716598752121161e-05,6.716598629985526e-05,3.711153606644757e-11,0.6075148241764006,True
Euler,fig3,SD2,fixed,domain_double,0.02,u,3.172108037918786e-05,3.1721022837383206e-05,7.634390342126096e-11,0.521213732480525,True
Euler,fig3,SD2,fixed,domain_double,0.02,v,0.00013403696560632117,0.00013403697783387347,7.164357995748105e-11,0.6075148241764006,True
Euler,fig3,SD2,fixed,time_quarter,0.001,u,1.5296230697070534e-06,1.3465966556269748e-06,1.1094202011507903e-06,0.521213732480525,True
Euler,fig3,SD2,fixed,time_quarter,0.001,v,7.415641881891588e-06,2.6525381748854215e-06,4.9169474135579705e-06,0.6075148241764006,True
Euler,fig3,SD2,fixed,time_quarter,0.005,u,7.750286347918411e-06,6.737717584415215e-06,5.570696442358525e-06,0.521213732480525,True
Euler,fig3,SD2,fixed,time_quarter,0.005,v,3.3884882883361556e-05,9.45094738835639e-06,2.4642074550218496e-05,0.6075148241764006,True
Euler,fig3,SD2,fixed,time_quarter,0.01,u,1.5692735947370196e-05,1.353561060435382e-05,1.1198524317634906e-05,0.521213732480525,True
Euler,fig3,SD2,fixed,time_quarter,0.01,v,6.716598752121161e-05,1.8058715039792617e-05,4.9422058924109e-05,0.6075148241764006,True
Euler,fig3,SD2,fixed,time_quarter,0.02,u,3.172108037918786e-05,2.7623424686706866e-05,2.260969264367141e-05,0.521213732480525,True
Euler,fig3,SD2,fixed,time_quarter,0.02,v,0.00013403696560632117,3.585206666267826e-05,9.936053030423775e-05,0.6075148241764006,True
Euler,fig3,FD,fixed,time_half,0.001,u,1.2951392835969244e-06,9.85943045428428e-07,5.44457377849028e-07,0.521213732480525,True
Euler,fig3,FD,fixed,time_half,0.001,v,1.4236559737756949e-06,7.715066905333856e-07,6.865061245031612e-07,0.6075148241764006,True
Euler,fig3,FD,fixed,time_half,0.005,u,6.426762918398943e-06,4.8967696776314185e-06,2.7208170798598275e-06,0.521213732480525,True
Euler,fig3,FD,fixed,time_half,0.005,v,7.088581328806853e-06,3.8331398872770706e-06,3.4048745538584058e-06,0.6075148241764006,True
Euler,fig3,FD,fixed,time_half,0.01,u,1.2657853485809056e-05,9.668567616194501e-06,5.437892341308981e-06,0.521213732480525,True
Euler,fig3,FD,fixed,time_half,0.01,v,1.4118654005135234e-05,7.626326421261709e-06,6.740328387655481e-06,0.6075148241764006,True
Euler,fig3,FD,fixed,time_half,0.02,u,2.4630289762961333e-05,1.8588197298052833e-05,1.0858969349714087e-05,0.521213732480525,True
Euler,fig3,FD,fixed,time_half,0.02,v,2.797674124399574e-05,1.518202776007449e-05,1.320017878969626e-05,0.6075148241764006,True
Euler,fig3,FD,fixed,x_half,0.001,u,1.2951392835969244e-06,6.58363728534006e-07,9.721268728890564e-07,0.521213732480525,True
Euler,fig3,FD,fixed,x_half,0.001,v,1.4236559737756949e-06,8.07507048117273e-07,7.188671868885166e-07,0.6075148241764006,True
Euler,fig3,FD,fixed,x_half,0.005,u,6.426762918398943e-06,3.242972648420661e-06,3.7193355766351743e-06,0.521213732480525,True
Euler,fig3,FD,fixed,x_half,0.005,v,7.088581328806853e-06,4.028608440842518e-06,3.5562009722545085e-06,0.6075148241764006,True
Euler,fig3,FD,fixed,x_half,0.01,u,1.2657853485809056e-05,6.3761078603619126e-06,7.36180785387841e-06,0.521213732480525,True
Euler,fig3,FD,fixed,x_half,0.01,v,1.4118654005135234e-05,8.040909841633415e-06,7.0501312843251895e-06,0.6075148241764006,True
Euler,fig3,FD,fixed,x_half,0.02,u,2.4630289762961333e-05,1.2275044376619526e-05,1.47235856224337e-05,0.521213732480525,True
Euler,fig3,FD,fixed,x_half,0.02,v,2.797674124399574e-05,1.600736568796446e-05,1.3872506560930198e-05,0.6075148241764006,True
Euler,fig3,FD,fixed,y_half,0.001,u,1.2951392835969244e-06,1.2800619308972472e-06,2.4597609454835023e-07,0.521213732480525,True
Euler,fig3,FD,fixed,y_half,0.001,v,1.4236559737756949e-06,1.3813795927131167e-06,1.7452615996838006e-07,0.6075148241764006,True
Euler,fig3,FD,fixed,y_half,0.005,u,6.426762918398943e-06,6.353464579778034e-06,1.2392169681518794e-06,0.521213732480525,True
Euler,fig3,FD,fixed,y_half,0.005,v,7.088581328806853e-06,6.86598208399225e-06,8.609278931981379e-07,0.6075148241764006,True
Euler,fig3,FD,fixed,y_half,0.01,u,1.2657853485809056e-05,1.2603182141912583e-05,2.481101905038585e-06,0.521213732480525,True
Euler,fig3,FD,fixed,y_half,0.01,v,1.4118654005135234e-05,1.363095388162705e-05,1.7445385290804083e-06,0.6075148241764006,True
Euler,fig3,FD,fixed,y_half,0.02,u,2.4630289762961333e-05,2.5152888254886818e-05,4.969065924731453e-06,0.521213732480525,True
Euler,fig3,FD,fixed,y_half,0.02,v,2.797674124399574e-05,2.6870699116776642e-05,3.581740810387757e-06,0.6075148241764006,True
Euler,fig3,FD,fixed,domain_double,0.001,u,1.2951392835969244e-06,1.2951392835969244e-06,0.0,0.521213732480525,True
Euler,fig3,FD,fixed,domain_double,0.001,v,1.4236559737756949e-06,1.4236559737756949e-06,0.0,0.6075148241764006,True
Euler,fig3,FD,fixed,domain_double,0.005,u,6.426762918398943e-06,6.426762918398943e-06,0.0,0.521213732480525,True
Euler,fig3,FD,fixed,domain_double,0.005,v,7.088581328806853e-06,7.088581328806853e-06,0.0,0.6075148241764006,True
Euler,fig3,FD,fixed,domain_double,0.01,u,1.2657853485809056e-05,1.2657853485809056e-05,0.0,0.521213732480525,True
Euler,fig3,FD,fixed,domain_double,0.01,v,1.4118654005135234e-05,1.4118654005135234e-05,0.0,0.6075148241764006,True
Euler,fig3,FD,fixed,domain_double,0.02,u,2.4630289762961333e-05,2.4630289762961333e-05,0.0,0.521213732480525,True
Euler,fig3,FD,fixed,domain_double,0.02,v,2.797674124399574e-05,2.797674124399574e-05,0.0,0.6075148241764006,True
Euler,fig3,FD,fixed,time_quarter,0.001,u,1.2951392835969244e-06,9.70530759980548e-07,8.166808859177976e-07,0.521213732480525,True
Euler,fig3,FD,fixed,time_quarter,0.001,v,1.4236559737756949e-06,9.0699670229899e-07,1.0296946753030056e-06,0.6075148241764006,True
Euler,fig3,FD,fixed,time_quarter,0.005,u,6.426762918398943e-06,4.4575862350182405e-06,4.0811747616942284e-06,0.521213732480525,True
Euler,fig3,FD,fixed,time_quarter,0.005,v,7.088581328806853e-06,2.2942484962928944e-06,5.106974731994285e-06,0.6075148241764006,True
Euler,fig3,FD,fixed,time_quarter,0.01,u,1.2657853485809056e-05,8.739530159895814e-06,8.156673487191846e-06,0.521213732480525,True
Euler,fig3,FD,fixed,time_quarter,0.01,v,1.4118654005135234e-05,4.529477215520217e-06,1.0109775026467815e-05,0.6075148241764006,True
Euler,fig3,FD,fixed,time_quarter,0.02,u,2.4630289762961333e-05,1.734322375873676e-05,1.628792963059844e-05,0.521213732480525,True
Euler,fig3,FD,fixed,time_quarter,0.02,v,2.797674124399574e-05,9.032650723828084e-06,1.9798699720130486e-05,0.6075148241764006,True
Euler,fig3,SD,moving,time_half,0.001,u,1.7093671488832562e-06,1.327935938155722e-06,4.2847206349616584e-07,0.521213732480525,True
Euler,fig3,SD,moving,time_half,0.001,v,1.1491087945625367e-06,7.087929980165164e-07,5.27904362224163e-07,0.6075148241764006,True
Euler,fig3,SD,moving,time_half,0.005,u,8.598786596314412e-06,6.6410727073695774e-06,2.1390121054398747e-06,0.521213732480525,True
Euler,fig3,SD,moving,time_half,0.005,v,5.705814631551398e-06,3.415976520426689e-06,2.6180114994778236e-06,0.6075148241764006,True
Euler,fig3,SD,moving,time_half,0.01,u,1.7280402272501494e-05,1.3275003992341272e-05,4.270737404277192e-06,0.521213732480525,True
Euler,fig3,SD,moving,time_half,0.01,v,1.1324624688113794e-05,6.80416995058053e-06,5.182075753173976e-06,0.6075148241764006,True
Euler,fig3,SD,moving,time_half,0.02,u,3.463359036237623e-05,2.669047816733494e-05,8.518796739964696e-06,0.521213732480525,True
Euler,fig3,SD,moving,time_half,0.02,v,2.2312111242706045e-05,1.3529883849505708e-05,1.014723605763379e-05,0.6075148241764006,True
Euler,fig3,SD,moving,x_half,0.001,u,1.7093671488832562e-06,1.4356735171805468e-06,6.328901107632845e-07,0.521213732480525,True
Euler,fig3,SD,moving,x_half,0.001,v,1.1491087945625367e-06,7.338691986324974e-07,5.406458424284111e-07,0.6075148241764006,True
Euler,fig3,SD,moving,x_half,0.005,u,8.598786596314412e-06,7.185453247793294e-06,2.584512212799872e-06,0.521213732480525,True
Euler,fig3,SD,moving,x_half,0.005,v,5.705814631551398e-06,3.6586494944756964e-06,2.6865481387305934e-06,0.6075148241764006,True
Euler,fig3,SD,moving,x_half,0.01,u,1.7280402272501494e-05,1.4368128852637607e-05,5.157089844665119e-06,0.521213732480525,True
Euler,fig3,SD,moving,x_half,0.01,v,1.1324624688113794e-05,7.290355448219543e-06,5.341211812837088e-06,0.6075148241764006,True
Euler,fig3,SD,moving,x_half,0.02,u,3.463359036237623e-05,2.8732364097339147e-05,1.0149294127737019e-05,0.521213732480525,True
Euler,fig3,SD,moving,x_half,0.02,v,2.2312111242706045e-05,1.4474232160388567e-05,1.0487702035599789e-05,0.6075148241764006,True
Euler,fig3,SD,moving,y_half,0.001,u,1.7093671488832562e-06,1.0971910766599535e-06,8.871020882317282e-07,0.521213732480525,True
Euler,fig3,SD,moving,y_half,0.001,v,1.1491087945625367e-06,1.0702951979135733e-06,3.183560376984751e-07,0.6075148241764006,True
Euler,fig3,SD,moving,y_half,0.005,u,8.598786596314412e-06,5.486634469475948e-06,4.423212820348077e-06,0.521213732480525,True
Euler,fig3,SD,moving,y_half,0.005,v,5.705814631551398e-06,5.3192185891504096e-06,1.5862182732861996e-06,0.6075148241764006,True
Euler,fig3,SD,moving,y_half,0.01,u,1.7280402272501494e-05,1.0934888343805405e-05,8.809876907711622e-06,0.521213732480525,True
Euler,fig3,SD,moving,y_half,0.01,v,1.1324624688113794e-05,1.0538906104806678e-05,3.175319512827013e-06,0.6075148241764006,True
Euler,fig3,SD,moving,y_half,0.02,u,3.463359036237623e-05,2.19036279778817e-05,1.745630807592491e-05,0.521213732480525,True
Euler,fig3,SD,moving,y_half,0.02,v,2.2312111242706045e-05,2.07130212604989e-05,6.368157492109283e-06,0.6075148241764006,True
Euler,fig3,SD,moving,domain_double,0.001,u,1.7093671488832562e-06,1.710658067644033e-06,1.4235142586915828e-07,0.521213732480525,True
Euler,fig3,SD,moving,domain_double,0.001,v,1.1491087945625367e-06,1.1470460954399186e-06,1.6095582827668764e-07,0.6075148241764006,True
Euler,fig3,SD,moving,domain_double,0.005,u,8.598786596314412e-06,8.60124768614634e-06,1.3935031117906505e-07,0.521213732480525,True
Euler,fig3,SD,moving,domain_double,0.005,v,5.705814631551398e-06,5.70913289565933e-06,1.5883045767495219e-07,0.6075148241764006,True
Euler,fig3,SD,moving,domain_double,0.01,u,1.7280402272501494e-05,1.7291760031235004e-05,1.4064674508373898e-07,0.521213732480525,True
Euler,fig3,SD,moving,domain_double,0.01,v,1.1324624688113794e-05,1.1331266356773284e-05,1.565704602635165e-07,0.6075148241764006,True
Euler,fig3,SD,moving,domain_double,0.02,u,3.463359036237623e-05,3.46756986766561e-05,1.6832681598577537e-07,0.521213732480525,True
Euler,fig3,SD,moving,domain_double,0.02,v,2.2312111242706045e-05,2.232691837100731e-05,1.5697580768581076e-07,0.6075148241764006,True
Euler,fig3,SD,moving,time_quarter,0.001,u,1.7093671488832562e-06,1.2845648732495718e-06,6.427095698424701e-07,0.521213732480525,True
Euler,fig3,SD,moving,time_quarter,0.001,v,1.1491087945625367e-06,6.95890573387814e-07,7.918067710388499e-07,0.6075148241764006,True
Euler,fig3,SD,moving,time_quarter,0.005,u,8.598786596314412e-06,5.705937952182882e-06,3.208518273678518e-06,0.521213732480525,True
Euler,fig3,SD,moving,time_quarter,0.005,v,5.705814631551398e-06,2.4852436569799963e-06,3.926765961170808e-06,0.6075148241764006,True
Euler,fig3,SD,moving,time_quarter,0.01,u,1.7280402272501494e-05,1.1445676002863614e-05,6.40609576596507e-06,0.521213732480525,True
Euler,fig3,SD,moving,time_quarter,0.01,v,1.1324624688113794e-05,4.963997104590057e-06,7.772587201082537e-06,0.6075148241764006,True
Euler,fig3,SD,moving,time_quarter,0.02,u,3.463359036237623e-05,2.291489136030389e-05,1.2778114266087659e-05,0.521213732480525,True
Euler,fig3,SD,moving,time_quarter,0.02,v,2.2312111242706045e-05,9.999152539186262e-06,1.521976998886121e-05,0.6075148241764006,True
Euler,fig3,SD2,moving,time_half,0.001,u,1.12238912969298e-06,1.0733540343199621e-06,5.77515523736416e-07,0.521213732480525,True
Euler,fig3,SD2,moving,time_half,0.001,v,5.649679786334794e-06,3.123362820822706e-06,2.6054847188650143e-06,0.6075148241764006,True
Euler,fig3,SD2,moving,time_half,0.005,u,5.63461924918407e-06,5.3870009951717535e-06,2.8958435206449806e-06,0.521213732480525,True
Euler,fig3,SD2,moving,time_half,0.005,v,2.6081578585857024e-05,1.3122718995783877e-05,1.3049577727297645e-05,0.6075148241764006,True
Euler,fig3,SD2,moving,time_half,0.01,u,1.1305101278391572e-05,1.0807202545148886e-05,5.8117317579542416e-06,0.521213732480525,True
Euler,fig3,SD2,moving,time_half,0.01,v,5.165674751772542e-05,2.5789130383091496e-05,2.615150093221441e-05,0.6075148241764006,True
Euler,fig3,SD2,moving,time_half,0.02,u,2.266003062073585e-05,2.160927211164454e-05,1.1698638569757058e-05,0.521213732480525,True
Euler,fig3,SD2,moving,time_half,0.02,v,0.000103234662288898,5.118077638022189e-05,5.2493385541030335e-05,0.6075148241764006,True
Euler,fig3,SD2,moving,x_half,0.001,u,1.12238912969298e-06,1.0507029193917994e-06,7.351235471464435e-07,0.521213732480525,True
Euler,fig3,SD2,moving,x_half,0.001,v,5.649679786334794e-06,2.406748005223669e-06,3.284797428726449e-06,0.6075148241764006,True
Euler,fig3,SD2,moving,x_half,0.005,u,5.63461924918407e-06,5.255903013534624e-06,3.6925560726874807e-06,0.521213732480525,True
Euler,fig3,SD2,moving,x_half,0.005,v,2.6081578585857024e-05,1.1916276561052541e-05,1.4203855135730414e-05,0.6075148241764006,True
Euler,fig3,SD2,moving,x_half,0.01,u,1.1305101278391572e-05,1.0499579255252023e-05,7.4253973257887296e-06,0.521213732480525,True
Euler,fig3,SD2,moving,x_half,0.01,v,5.165674751772542e-05,2.385328813903076e-05,2.784307758996185e-05,0.6075148241764006,True
Euler,fig3,SD2,moving,x_half,0.02,u,2.266003062073585e-05,2.086383473054454e-05,1.4975779853210192e-05,0.521213732480525,True
Euler,fig3,SD2,moving,x_half,0.02,v,0.000103234662288898,4.7931488996955096e-05,5.556374186987956e-05,0.6075148241764006,True
Euler,fig3,SD2,moving,y_half,0.001,u,1.12238912969298e-06,1.186924206697526e-06,8.825883997531925e-07,0.521213732480525,True
Euler,fig3,SD2,moving,y_half,0.001,v,5.649679786334794e-06,1.0066997328306293e-05,7.557392241674954e-06,0.6075148241764006,True
Euler,fig3,SD2,moving,y_half,0.005,u,5.63461924918407e-06,5.967553326380326e-06,4.401807731480023e-06,0.521213732480525,True
Euler,fig3,SD2,moving,y_half,0.005,v,2.6081578585857024e-05,4.832172398760992e-05,3.787909925123678e-05,0.6075148241764006,True
Euler,fig3,SD2,moving,y_half,0.01,u,1.1305101278391572e-05,1.1972585050035178e-05,8.769013296661132e-06,0.521213732480525,True
Euler,fig3,SD2,moving,y_half,0.01,v,5.165674751772542e-05,9.616746168261692e-05,7.591193055234147e-05,0.6075148241764006,True
Euler,fig3,SD2,moving,y_half,0.02,u,2.266003062073585e-05,2.410111555972705e-05,1.73812048473998e-05,0.521213732480525,True
Euler,fig3,SD2,moving,y_half,0.02,v,0.000103234662288898,0.00019277992778343744,0.0001523655978411531,0.6075148241764006,True
Euler,fig3,SD2,moving,domain_double,0.001,u,1.12238912969298e-06,1.1179287684459638e-06,1.4235142553609137e-07,0.521213732480525,True
Euler,fig3,SD2,moving,domain_double,0.001,v,5.649679786334794e-06,5.62679152771306e-06,1.6107244588114966e-07,0.6075148241764006,True
Euler,fig3,SD2,moving,domain_double,0.005,u,5.63461924918407e-06,5.618493511938549e-06,1.393948421690716e-07,0.521213732480525,True
Euler,fig3,SD2,moving,domain_double,0.005,v,2.6081578585857024e-05,2.60467057849878e-05,1.577264729935024e-07,0.6075148241764006,True
Euler,fig3,SD2,moving,domain_double,0.01,u,1.1305101278391572e-05,1.127613520662818e-05,1.4520441288246033e-07,0.521213732480525,True
Euler,fig3,SD2,moving,domain_double,0.01,v,5.165674751772542e-05,5.1612934406364275e-05,1.5413841369937842e-07,0.6075148241764006,True
Euler,fig3,SD2,moving,domain_double,0.02,u,2.266003062073585e-05,2.2569009884676472e-05,1.8882988744861606e-07,0.521213732480525,True
Euler,fig3,SD2,moving,domain_double,0.02,v,0.000103234662288898,0.00010312252562105773,1.7640593791279358e-07,0.6075148241764006,True
Euler,fig3,SD2,moving,time_quarter,0.001,u,1.12238912969298e-06,1.0897394360220858e-06,8.662620769595009e-07,0.521213732480525,True
Euler,fig3,SD2,moving,time_quarter,0.001,v,5.649679786334794e-06,1.8686975906678782e-06,3.908210858494243e-06,0.6075148241764006,True
Euler,fig3,SD2,moving,time_quarter,0.005,u,5.63461924918407e-06,5.357542090189682e-06,4.343702905251767e-06,0.521213732480525,True
Euler,fig3,SD2,moving,time_quarter,0.005,v,2.6081578585857024e-05,6.800511175408808e-06,1.957427391086064e-05,0.6075148241764006,True
Euler,fig3,SD2,moving,time_quarter,0.01,u,1.1305101278391572e-05,1.0702880300972328e-05,8.717448402362216e-06,0.521213732480525,True
Euler,fig3,SD2,moving,time_quarter,0.01,v,5.165674751772542e-05,1.296109540749324e-05,3.922706033276935e-05,0.6075148241764006,True
Euler,fig3,SD2,moving,time_quarter,0.02,u,2.266003062073585e-05,2.1517066004062002e-05,1.7547584489130408e-05,0.521213732480525,True
Euler,fig3,SD2,moving,time_quarter,0.02,v,0.000103234662288898,2.5565078245137762e-05,7.873955780779429e-05,0.6075148241764006,True
Euler,fig3,FD,moving,time_half,0.001,u,9.755578629921935e-07,6.736790865158326e-07,4.279192851175395e-07,0.521213732480525,True
Euler,fig3,FD,moving,time_half,0.001,v,1.1333620618669826e-06,6.3916910186812e-07,5.279447393702341e-07,0.6075148241764006,True
Euler,fig3,FD,moving,time_half,0.005,u,4.83582681873318e-06,3.3257967879674055e-06,2.1362702145588663e-06,0.521213732480525,True
Euler,fig3,FD,moving,time_half,0.005,v,5.647286436927246e-06,3.188833901379695e-06,2.6182398008556262e-06,0.6075148241764006,True
Euler,fig3,FD,moving,time_half,0.01,u,9.555687520312883e-06,6.511521155161404e-06,4.265312921192255e-06,0.521213732480525,True
Euler,fig3,FD,moving,time_half,0.01,v,1.1262223464925114e-05,6.378836276299538e-06,5.182599972619606e-06,0.6075148241764006,True
Euler,fig3,FD,moving,time_half,0.02,u,1.8914205008879748e-05,1.2658817673316669e-05,8.50813334674072e-06,0.521213732480525,True
Euler,fig3,FD,moving,time_half,0.02,v,2.237860943898884e-05,1.2823559996211209e-05,1.0148584107527725e-05,0.6075148241764006,True
Euler,fig3,FD,moving,x_half,0.001,u,9.755578629921935e-07,5.467001772396785e-07,6.328901112073737e-07,0.521213732480525,True
Euler,fig3,FD,moving,x_half,0.001,v,1.1333620618669826e-06,6.703354914483484e-07,5.291375693161626e-07,0.6075148241764006,True
Euler,fig3,FD,moving,x_half,0.005,u,4.83582681873318e-06,2.690977480512835e-06,2.5818493653018137e-06,0.521213732480525,True
Euler,fig3,FD,moving,x_half,0.005,v,5.647286436927246e-06,3.3452813447132357e-06,2.6319553213527414e-06,0.6075148241764006,True
Euler,fig3,FD,moving,x_half,0.01,u,9.555687520312883e-06,5.262777739711844e-06,5.151522421475985e-06,0.521213732480525,True
Euler,fig3,FD,moving,x_half,0.01,v,1.1262223464925114e-05,6.67460501491135e-06,5.224399020953285e-06,0.6075148241764006,True
Euler,fig3,FD,moving,x_half,0.02,u,1.8914205008879748e-05,1.0078898618814947e-05,1.0137983255942284e-05,0.521213732480525,True
Euler,fig3,FD,moving,x_half,0.02,v,2.237860943898884e-05,1.3321798734922119e-05,1.0315265561056108e-05,0.6075148241764006,True
Euler,fig3,FD,moving,y_half,0.001,u,9.755578629921935e-07,9.492390249943305e-07,2.502953159178034e-07,0.521213732480525,True
Euler,fig3,FD,moving,y_half,0.001,v,1.1333620618669826e-06,1.0535683790946493e-06,1.7472402513707408e-07,0.6075148241764006,True
Euler,fig3,FD,moving,y_half,0.005,u,4.83582681873318e-06,4.734417375806821e-06,1.2604682958494706e-06,0.521213732480525,True
Euler,fig3,FD,moving,y_half,0.005,v,5.647286436927246e-06,5.24930552725511e-06,8.620793816582761e-07,0.6075148241764006,True
Euler,fig3,FD,moving,y_half,0.01,u,9.555687520312883e-06,9.399032467383162e-06,2.523947598920273e-06,0.521213732480525,True
Euler,fig3,FD,moving,y_half,0.01,v,1.1262223464925114e-05,1.0427605110052696e-05,1.7469050830332122e-06,0.6075148241764006,True
Euler,fig3,FD,moving,y_half,0.02,u,1.8914205008879748e-05,1.85845944509766e-05,5.055447468149676e-06,0.521213732480525,True
Euler,fig3,FD,moving,y_half,0.02,v,2.237860943898884e-05,2.058317835818002e-05,3.5871190013914145e-06,0.6075148241764006,True
Euler,fig3,FD,moving,domain_double,0.001,u,9.755578629921935e-07,9.725448525954583e-07,1.4235142564711367e-07,0.521213732480525,True
Euler,fig3,FD,moving,domain_double,0.001,v,1.1333620618669826e-06,1.1311758099097347e-06,1.6158677962341272e-07,0.6075148241764006,True
Euler,fig3,FD,moving,domain_double,0.005,u,4.83582681873318e-06,4.821348099814937e-06,1.393503115676431e-07,0.521213732480525,True
Euler,fig3,FD,moving,domain_double,0.005,v,5.647286436927246e-06,5.650686794478332e-06,1.5950871651293497e-07,0.6075148241764006,True
Euler,fig3,FD,moving,domain_double,0.01,u,9.555687520312883e-06,9.520144551300458e-06,1.4061230485529208e-07,0.521213732480525,True
Euler,fig3,FD,moving,domain_double,0.01,v,1.1262223464925114e-05,1.1268472651981831e-05,1.5877891501592245e-07,0.6075148241764006,True
Euler,fig3,FD,moving,domain_double,0.02,u,1.8914205008879748e-05,1.882613859560678e-05,1.682155211235603e-07,0.521213732480525,True
Euler,fig3,FD,moving,domain_double,0.02,v,2.237860943898884e-05,2.23931207006256e-05,1.5791707796974919e-07,0.6075148241764006,True
Euler,fig3,FD,moving,time_quarter,0.001,u,9.755578629921935e-07,6.330114304953227e-07,6.418803553120966e-07,0.521213732480525,True
Euler,fig3,FD,moving,time_quarter,0.001,v,1.1333620618669826e-06,5.346163968189543e-07,7.918674732598774e-07,0.6075148241764006,True
Euler,fig3,FD,moving,time_quarter,0.005,u,4.83582681873318e-06,2.9511400235215923e-06,3.204405204348948e-06,0.521213732480525,True
Euler,fig3,FD,moving,time_quarter,0.005,v,5.647286436927246e-06,2.0092533520310596e-06,3.92710391672324e-06,0.6075148241764006,True
Euler,fig3,FD,moving,time_quarter,0.01,u,9.555687520312883e-06,5.81875532873477e-06,6.397958568382656e-06,0.521213732480525,True
Euler,fig3,FD,moving,time_quarter,0.01,v,1.1262223464925114e-05,4.037697075243152e-06,7.773374828490276e-06,0.6075148241764006,True
Euler,fig3,FD,moving,time_quarter,0.02,u,1.8914205008879748e-05,1.1333546186098609e-05,1.2762118238196507e-05,0.521213732480525,True
Euler,fig3,FD,moving,time_quarter,0.02,v,2.237860943898884e-05,8.214524358507447e-06,1.5221794533171185e-05,0.6075148241764006,True
Euler,fig4,SD,fixed,time_half,0.001,u,0.00023979064697132735,0.00023985770697843023,6.158317550353232e-07,1.765730002912966,True
Euler,fig4,SD,fixed,time_half,0.001,v,0.00019851978607476894,0.00019880880736744544,4.961019866023264e-07,2.5567891710310655,True
Euler,fig4,SD,fixed,time_half,0.005,u,0.00030586492136097654,0.0003062040302534985,3.060188153214405e-06,1.765730002912966,True
Euler,fig4,SD,fixed,time_half,0.005,v,0.0005934530374425151,0.0005949950232606582,2.536490219195997e-06,2.5567891710310655,True
Euler,fig4,SD,fixed,time_half,0.01,u,0.0005900336137989459,0.0005906607946415399,6.081429910098635e-06,1.765730002912966,True
Euler,fig4,SD,fixed,time_half,0.01,v,0.0011000730009063098,0.0011034227461235169,5.409420840152279e-06,2.5567891710310655,True
Euler,fig4,SD,fixed,time_half,0.02,u,0.001354768702070297,0.0013564925411642115,1.2512058985114649e-05,1.765730002912966,True
Euler,fig4,SD,fixed,time_half,0.02,v,0.0022850838022097086,0.0022942346724508234,1.2948619413588602e-05,2.5567891710310655,True
Euler,fig4,SD,fixed,x_half,0.001,u,0.00023979064697132735,3.842668840681185e-05,0.000268322717293934,1.765730002912966,True
Euler,fig4,SD,fixed,x_half,0.001,v,0.00019851978607476894,2.9586918266488738e-05,0.00018820469082792002,2.5567891710310655,True
Euler,fig4,SD,fixed,x_half,0.005,u,0.00030586492136097654,0.00019104806950975828,0.00042826854445809914,1.765730002912966,True
Euler,fig4,SD,fixed,x_half,0.005,v,0.0005934530374425151,0.00011639518098283119,0.0005413584503917157,2.5567891710310655,True
Euler,fig4,SD,fixed,x_half,0.01,u,0.0005900336137989459,0.00037861445332776356,0.0007202476051431095,1.765730002912966,True
Euler,fig4,SD,fixed,x_half,0.01,v,0.0011000730009063098,0.00021413463493313856,0.0009942733665395664,2.5567891710310655,True
Euler,fig4,SD,fixed,x_half,0.02,u,0.001354768702070297,0.0007509072097859892,0.001624921324141937,1.765730002912966,True
Euler,fig4,SD,fixed,x_half,0.02,v,0.0022850838022097086,0.0005674822021850545,0.00221022184015629,2.5567891710310655,True
Euler,fig4,SD,fixed,y_half,0.001,u,0.00023979064697132735,0.00026015283423341806,2.7601211445071883e-05,1.765730002912966,True
Euler,fig4,SD,fixed,y_half,0.001,v,0.00019851978607476894,0.00019593919970528617,1.7704489601033657e-05,2.5567891710310655,True
Euler,fig4,SD,fixed,y_half,0.005,u,0.00030586492136097654,0.0003921915368505502,0.0001371720831140344,1.765730002912966,True
Euler,fig4,SD,fixed,y_half,0.005,v,0.0005934530374425151,0.0005806240668451146,7.528978540261022e-05,2.5567891710310655,True
Euler,fig4,SD,fixed,y_half,0.01,u,0.0005900336137989459,0.0006578069314964186,0.00027165044616217493,1.765730002912966,True
Euler,fig4,SD,fixed,y_half,0.01,v,0.0011000730009063098,0.0010760000758383015,0.0001674091650796239,2.5567891710310655,True
Euler,fig4,SD,fixed,y_half,0.02,u,0.001354768702070297,0.001517257623087076,0.0005300781954185041,1.765730002912966,True
Euler,fig4,SD,fixed,y_half,0.02,v,0.0022850838022097086,0.002324494287016421,0.0004164080353317168,2.5567891710310655,True
Euler,fig4,SD,fixed,domain_double,0.001,u,0.00023979064697132735,0.00023979064697132735,0.0,1.765730002912966,True
Euler,fig4,SD,fixed,domain_double,0.001,v,0.00019851978607476894,0.00019851978607476894,0.0,2.5567891710310655,True
Euler,fig4,SD,fixed,domain_double,0.005,u,0.00030586492136097654,0.00030586492136097654,0.0,1.765730002912966,True
Euler,fig4,SD,fixed,domain_double,0.005,v,0.0005934530374425151,0.0005934530374425151,0.0,2.5567891710310655,True
Euler,fig4,SD,fixed,domain_double,0.01,u,0.0005900336137989459,0.0005900336137989459,0.0,1.765730002912966,True
Euler,fig4,SD,fixed,domain_double,0.01,v,0.0011000730009063098,0.0011000730009063098,0.0,2.5567891710310655,True
Euler,fig4,SD,fixed,domain_double,0.02,u,0.001354768702070297,0.001354768702070297,0.0,1.765730002912966,True
Euler,fig4,SD,fixed,domain_double,0.02,v,0.0022850838022097086,0.0022850838022097086,0.0,2.5567891710310655,True
Euler,fig4,SD,fixed,time_quarter,0.001,u,0.00023979064697132735,0.00023989114160438696,9.23722709544883e-07,1.765730002912966,True
Euler,fig4,SD,fixed,time_quarter,0.001,v,0.00019851978607476894,0.00019895346509279932,7.442239020605257e-07,2.5567891710310655,True
Euler,fig4,SD,fixed,time_quarter,0.005,u,0.00030586492136097654,0.00030637384754084174,4.5901633592970725e-06,1.765730002912966,True
Euler,fig4,SD,fixed,time_quarter,0.005,v,0.0005934530374425151,0.0005957668468004051,3.8056917159856596e-06,2.5567891710310655,True
Euler,fig4,SD,fixed,time_quarter,0.01,u,0.0005900336137989459,0.0005909749761388028,9.122356810720156e-06,1.765730002912966,True
Euler,fig4,SD,fixed,time_quarter,0.01,v,0.0011000730009063098,0.0011050997050729983,8.11723121740826e-06,2.5567891710310655,True
Euler,fig4,SD,fixed,time_quarter,0.02,u,0.001354768702070297,0.0013573565644897645,1.877624726498439e-05,1.765730002912966,True
Euler,fig4,SD,fixed,time_quarter,0.02,v,0.0022850838022097086,0.002298817050529145,1.9436065251010604e-05,2.5567891710310655,True
Euler,fig4,SD2,fixed,time_half,0.001,u,0.0003249127703288668,0.0003251654244593727,3.440114260122584e-07,1.765730002912966,True
Euler,fig4,SD2,fixed,time_half,0.001,v,0.0002128853209319992,0.00021214649954170994,1.417174303020019e-06,2.5567891710310655,True
Euler,fig4,SD2,fixed,time_half,0.005,u,0.0011261212722728509,0.0011273230218515895,1.7903149023279497e-06,1.765730002912966,True
Euler,fig4,SD2,fixed,time_half,0.005,v,0.0007919951793380342,0.0007887835569881929,7.176047160939447e-06,2.5567891710310655,True
Euler,fig4,SD2,fixed,time_half,0.01,u,0.0023432549611106523,0.0023458150683881573,3.820687126232514e-06,1.765730002912966,True
Euler,fig4,SD2,fixed,time_half,0.01,v,0.0017603617582260256,0.0017609821795492309,1.551091533102955e-05,2.5567891710310655,True
Euler,fig4,SD2,fixed,time_half,0.02,u,0.005390189386970334,0.005398269318154014,1.1371356304197555e-05,1.765730002912966,True
Euler,fig4,SD2,fixed,time_half,0.02,v,0.004813736861679185,0.004820164675874317,3.787780296837795e-05,2.5567891710310655,True
Euler,fig4,SD2,fixed,x_half,0.001,u,0.0003249127703288668,4.463635990781256e-05,0.000327946449506733,1.765730002912966,True
Euler,fig4,SD2,fixed,x_half,0.001,v,0.0002128853209319992,2.925390592212196e-05,0.00019112739582061167,2.5567891710310655,True
Euler,fig4,SD2,fixed,x_half,0.005,u,0.0011261212722728509,0.00022749493866092152,0.0010480930312444237,1.765730002912966,True
Euler,fig4,SD2,fixed,x_half,0.005,v,0.0007919951793380342,0.00013688493799390855,0.0006696595602901922,2.5567891710310655,True
Euler,fig4,SD2,fixed,x_half,0.01,u,0.0023432549611106523,0.0004685938081598895,0.0021373842964034218,1.765730002912966,False
Euler,fig4,SD2,fixed,x_half,0.01,v,0.0017603617582260256,0.0003140015567173471,0.0014635571268364345,2.5567891710310655,True
Euler,fig4,SD2,fixed,x_half,0.02,u,0.005390189386970334,0.0010113247382275148,0.004843104382522778,1.765730002912966,False
Euler,fig4,SD2,fixed,x_half,0.02,v,0.004813736861679185,0.0010167518061572345,0.003915094851952627,2.5567891710310655,False
Euler,fig4,SD2,fixed,y_half,0.001,u,0.0003249127703288668,0.00033276951394878296,2.7824012619248606e-05,1.765730002912966,True
Euler,fig4,SD2,fixed,y_half,0.001,v,0.0002128853209319992,0.00020658136229645407,5.8385776897651454e-05,2.5567891710310655,True
Euler,fig4,SD2,fixed,y_half,0.005,u,0.0011261212722728509,0.0011208874555905801,0.00013990010795117414,1.765730002912966,True
Euler,fig4,SD2,fixed,y_half,0.005,v,0.0007919951793380342,0.0007544817873070819,0.00031259818694939767,2.5567891710310655,True
Euler,fig4,SD2,fixed,y_half,0.01,u,0.0023432549611106523,0.002306917460070279,0.00028207192802742753,1.765730002912966,True
Euler,fig4,SD2,fixed,y_half,0.01,v,0.0017603617582260256,0.0016858422430847675,0.0006891217589983789,2.5567891710310655,True
Euler,fig4,SD2,fixed,y_half,0.02,u,0.005390189386970334,0.005263329911698644,0.000576946515845167,1.765730002912966,True
Euler,fig4,SD2,fixed,y_half,0.02,v,0.004813736861679185,0.004623018047781535,0.0017449173682537733,2.5567891710310655,True
Euler,fig4,SD2,fixed,domain_double,0.001,u,0.0003249127703288668,0.0003249127592208634,3.125855130292621e-11,1.765730002912966,True
Euler,fig4,SD2,fixed,domain_double,0.001,v,0.0002128853209319992,0.0002128853199070413,7.413980540604825e-11,2.5567891710310655,True
Euler,fig4,SD2,fixed,domain_double,0.005,u,0.0011261212722728509,0.0011261211779507452,1.6588264095673821e-10,1.765730002912966,True
Euler,fig4,SD2,fixed,domain_double,0.005,v,0.0007919951793380342,0.0007919951970971617,3.7712144518309287e-10,2.5567891710310655,True
Euler,fig4,SD2,fixed,domain_double,0.01,u,0.0023432549611106523,0.0023432547383539504,3.550950644637396e-10,1.765730002912966,True
Euler,fig4,SD2,fixed,domain_double,0.01,v,0.0017603617582260256,0.0017603624597875012,7.70946861905486e-10,2.5567891710310655,True
Euler,fig4,SD2,fixed,domain_double,0.02,u,0.005390189386970334,0.005390188916803096,8.871288148526446e-10,1.765730002912966,True
Euler,fig4,SD2,fixed,domain_double,0.02,v,0.004813736861679185,0.004813738292750447,1.606399457898533e-09,2.5567891710310655,True
Euler,fig4,SD2,fixed,time_quarter,0.001,u,0.0003249127703288668,0.0003252918860296994,5.160721343600017e-07,1.765730002912966,True
Euler,fig4,SD2,fixed,time_quarter,0.001,v,0.0002128853209319992,0.0002119276575087703,2.1258546418767565e-06,2.5567891710310655,True
Euler,fig4,SD2,fixed,time_quarter,0.005,u,0.0011261212722728509,0.0011279244279549516,2.685936973279013e-06,1.765730002912966,True
Euler,fig4,SD2,fixed,time_quarter,0.005,v,0.0007919951793380342,0.0007871788797677581,1.076753541640052e-05,2.5567891710310655,True
Euler,fig4,SD2,fixed,time_quarter,0.01,u,0.0023432549611106523,0.002347097337364046,5.732863498586482e-06,1.765730002912966,True
Euler,fig4,SD2,fixed,time_quarter,0.01,v,0.0017603617582260256,0.0017613003558394347,2.327603289709046e-05,2.5567891710310655,True
Euler,fig4,SD2,fixed,time_quarter,0.02,u,0.005390189386970334,0.005402324118464419,1.7095455426351103e-05,1.765730002912966,True
Euler,fig4,SD2,fixed,time_quarter,0.02,v,0.004813736861679185,0.004823406108520167,5.6856410141303826e-05,2.5567891710310655,True
Euler,fig4,FD,fixed,time_half,0.001,u,0.0002739010643886264,0.00027408052481603384,6.408013148995195e-07,1.765730002912966,True
Euler,fig4,FD,fixed,time_half,0.001,v,0.00021743770918725147,0.00021771863177599826,5.099080455650551e-07,2.5567891710310655,True
Euler,fig4,FD,fixed,time_half,0.005,u,0.0004703252808255787,0.0004710869701747278,3.1743371955439414e-06,1.765730002912966,True
Euler,fig4,FD,fixed,time_half,0.005,v,0.0006865514562379715,0.0006880575238792375,2.6718155097249507e-06,2.5567891710310655,True
Euler,fig4,FD,fixed,time_half,0.01,u,0.0008329579841019896,0.0008341248868566353,6.289945209236869e-06,1.765730002912966,True
Euler,fig4,FD,fixed,time_half,0.01,v,0.0012853198157340984,0.0012886238599985056,5.787088781961103e-06,2.5567891710310655,True
Euler,fig4,FD,fixed,time_half,0.02,u,0.0019432417340004005,0.0019472299286065198,1.3012567346870618e-05,1.765730002912966,True
Euler,fig4,FD,fixed,time_half,0.02,v,0.0028062163989037714,0.0028131668819519895,1.4234926316358809e-05,2.5567891710310655,True
Euler,fig4,FD,fixed,x_half,0.001,u,0.0002739010643886264,2.138920216010476e-05,0.00026591427141120505,1.765730002912966,True
Euler,fig4,FD,fixed,x_half,0.001,v,0.00021743770918725147,3.670627748730837e-05,0.00018628611174653642,2.5567891710310655,True
Euler,fig4,FD,fixed,x_half,0.005,u,0.0004703252808255787,8.335360321742868e-05,0.0004140122629163745,1.765730002912966,True
Euler,fig4,FD,fixed,x_half,0.005,v,0.0006865514562379715,0.00016517384993131046,0.0005300090887248032,2.5567891710310655,True
Euler,fig4,FD,fixed,x_half,0.01,u,0.0008329579841019896,0.00016874672110822608,0.0006837461423450097,1.765730002912966,True
Euler,fig4,FD,fixed,x_half,0.01,v,0.0012853198157340984,0.00033668176019041596,0.0009653662513096073,2.5567891710310655,True
Euler,fig4,FD,fixed,x_half,0.02,u,0.0019432417340004005,0.00045378188821221244,0.001501420742046955,1.765730002912966,True
Euler,fig4,FD,fixed,x_half,0.02,v,0.0028062163989037714,0.0007944859801356507,0.0020245248112762404,2.5567891710310655,True
Euler,fig4,FD,fixed,y_half,0.001,u,0.0002739010643886264,0.00026964076938496007,8.848012472251199e-06,1.765730002912966,True
Euler,fig4,FD,fixed,y_half,0.001,v,0.00021743770918725147,0.000200622737125844,1.791807573159332e-05,2.5567891710310655,True
Euler,fig4,FD,fixed,y_half,0.005,u,0.0004703252808255787,0.00044180835690199594,4.64123608763245e-05,1.765730002912966,True
Euler,fig4,FD,fixed,y_half,0.005,v,0.0006865514562379715,0.0006034761365878438,9.066950732039558e-05,2.5567891710310655,True
Euler,fig4,FD,fixed,y_half,0.01,u,0.0008329579841019896,0.0007608961370750844,0.00010044226571337411,1.765730002912966,True
Euler,fig4,FD,fixed,y_half,0.01,v,0.0012853198157340984,0.0011309871533429217,0.00018647329958954018,2.5567891710310655,True
Euler,fig4,FD,fixed,y_half,0.02,u,0.0019432417340004005,0.0017470300667896677,0.0002525524094694198,1.765730002912966,True
Euler,fig4,FD,fixed,y_half,0.02,v,0.0028062163989037714,0.0024716464926943793,0.000375278429213477,2.5567891710310655,True
Euler,fig4,FD,fixed,domain_double,0.001,u,0.0002739010643886264,0.0002739010643886264,0.0,1.765730002912966,True
Euler,fig4,FD,fixed,domain_double,0.001,v,0.00021743770918725147,0.00021743770918725147,0.0,2.5567891710310655,True
Euler,fig4,FD,fixed,domain_double,0.005,u,0.0004703252808255787,0.0004703252808255787,0.0,1.765730002912966,True
Euler,fig4,FD,fixed,domain_double,0.005,v,0.0006865514562379715,0.0006865514562379715,0.0,2.5567891710310655,True
Euler,fig4,FD,fixed,domain_double,0.01,u,0.0008329579841019896,0.0008329579841019896,0.0,1.765730002912966,True
Euler,fig4,FD,fixed,domain_double,0.01,v,0.0012853198157340984,0.0012853198157340984,0.0,2.5567891710310655,True
Euler,fig4,FD,fixed,domain_double,0.02,u,0.0019432417340004005,0.0019432417340004005,0.0,1.765730002912966,True
Euler,fig4,FD,fixed,domain_double,0.02,v,0.0028062163989037714,0.0028062163989037714,0.0,2.5567891710310655,True
Euler,fig4,FD,fixed,time_quarter,0.001,u,0.0002739010643886264,0.0002741702350790298,9.61161881418704e-07,1.765730002912966,True
Euler,fig4,FD,fixed,time_quarter,0.001,v,0.00021743770918725147,0.0002178592445405414,7.649785529473263e-07,2.5567891710310655,True
Euler,fig4,FD,fixed,time_quarter,0.005,u,0.0004703252808255787,0.000471467839060713,4.761329780333945e-06,1.765730002912966,True
Euler,fig4,FD,fixed,time_quarter,0.005,v,0.0006865514562379715,0.0006888114601326656,4.009123179660179e-06,2.5567891710310655,True
Euler,fig4,FD,fixed,time_quarter,0.01,u,0.0008329579841019896,0.0008347090154301462,9.435117740319576e-06,1.765730002912966,True
Euler,fig4,FD,fixed,time_quarter,0.01,v,0.0012853198157340984,0.001290278254249877,8.68458124747562e-06,2.5567891710310655,True
Euler,fig4,FD,fixed,time_quarter,0.02,u,0.0019432417340004005,0.001949230770210253,1.9529949755847653e-05,1.765730002912966,True
Euler,fig4,FD,fixed,time_quarter,0.02,v,0.0028062163989037714,0.0028166540502794213,2.136846200873066e-05,2.5567891710310655,True
Euler,fig4,SD,moving,time_half,0.001,u,7.863992273793308e-05,7.87893934482975e-05,6.721644457141629e-07,1.765730002912966,True
Euler,fig4,SD,moving,time_half,0.001,v,9.672795013804247e-05,9.686371912542846e-05,5.746212599078149e-07,2.5567891710310655,True
Euler,fig4,SD,moving,time_half,0.005,u,0.00017416436481121345,0.00017347627004560273,3.3319157284328327e-06,1.765730002912966,True
Euler,fig4,SD,moving,time_half,0.005,v,0.0002640906105964014,0.00026586808392714545,2.9910748815531463e-06,2.5567891710310655,True
Euler,fig4,SD,moving,time_half,0.01,u,0.0003634556021252511,0.0003621662366117828,6.594127110293169e-06,1.765730002912966,True
Euler,fig4,SD,moving,time_half,0.01,v,0.0005264787445216079,0.0005304294891548267,6.480253434748562e-06,2.5567891710310655,True
Euler,fig4,SD,moving,time_half,0.02,u,0.0008310977288228383,0.0008295194355132374,1.3511107013419732e-05,1.765730002912966,True
Euler,fig4,SD,moving,time_half,0.02,v,0.0012224191280205687,0.0012323727443952492,1.730677851341511e-05,2.5567891710310655,True
Euler,fig4,SD,moving,x_half,0.001,u,7.863992273793308e-05,3.961193465285007e-05,9.679026825715198e-05,1.765730002912966,True
Euler,fig4,SD,moving,x_half,0.001,v,9.672795013804247e-05,2.0674319642477457e-05,9.048416826962224e-05,2.5567891710310655,True
Euler,fig4,SD,moving,x_half,0.005,u,0.00017416436481121345,0.0001993083234725912,0.00019872820048671969,1.765730002912966,True
Euler,fig4,SD,moving,x_half,0.005,v,0.0002640906105964014,0.00010332488456232802,0.0002576277951140682,2.5567891710310655,True
Euler,fig4,SD,moving,x_half,0.01,u,0.0003634556021252511,0.00040190548735918874,0.0003579077527314789,1.765730002912966,True
Euler,fig4,SD,moving,x_half,0.01,v,0.0005264787445216079,0.00023884885469938055,0.0005040676823480084,2.5567891710310655,True
Euler,fig4,SD,moving,x_half,0.02,u,0.0008310977288228383,0.0018312917603087175,0.0016456481399407252,1.765730002912966,True
Euler,fig4,SD,moving,x_half,0.02,v,0.0012224191280205687,0.0018516585917303097,0.0015297700229774946,2.5567891710310655,True
Euler,fig4,SD,moving,y_half,0.001,u,7.863992273793308e-05,9.469224974523183e-05,2.9803580945619856e-05,1.765730002912966,True
Euler,fig4,SD,moving,y_half,0.001,v,9.672795013804247e-05,9.502173950548531e-05,1.7234439625646303e-05,2.5567891710310655,True
Euler,fig4,SD,moving,y_half,0.005,u,0.00017416436481121345,0.00018421931793077828,0.00014909416379516038,1.765730002912966,True
Euler,fig4,SD,moving,y_half,0.005,v,0.0002640906105964014,0.0002769655211722899,7.967778984685481e-05,2.5567891710310655,True
Euler,fig4,SD,moving,y_half,0.01,u,0.0003634556021252511,0.00033340240840240565,0.000298174416629049,1.765730002912966,True
Euler,fig4,SD,moving,y_half,0.01,v,0.0005264787445216079,0.0005446061997287366,0.00017966038090921899,2.5567891710310655,True
Euler,fig4,SD,moving,y_half,0.02,u,0.0008310977288228383,0.0007444497525479488,0.0005977219418664692,1.765730002912966,True
Euler,fig4,SD,moving,y_half,0.02,v,0.0012224191280205687,0.0012394771776782498,0.0004871020445578189,2.5567891710310655,True
Euler,fig4,SD,moving,domain_double,0.001,u,7.863992273793308e-05,7.495236121746185e-05,4.444152913185562e-05,1.765730002912966,True
Euler,fig4,SD,moving,domain_double,0.001,v,9.672795013804247e-05,9.530251828149261e-05,4.2406506429948365e-05,2.5567891710310655,True
Euler,fig4,SD,moving,domain_double,0.005,u,0.00017416436481121345,0.00017699625894129767,4.923873711959459e-05,1.765730002912966,True
Euler,fig4,SD,moving,domain_double,0.005,v,0.0002640906105964014,0.00025739636311605807,4.7188303566203516e-05,2.5567891710310655,True
Euler,fig4,SD,moving,domain_double,0.01,u,0.0003634556021252511,0.0003682515653251617,5.6178335440804084e-05,1.765730002912966,True
Euler,fig4,SD,moving,domain_double,0.01,v,0.0005264787445216079,0.0005081194820681922,5.381415428895586e-05,2.5567891710310655,True
Euler,fig4,SD,moving,domain_double,0.02,u,0.0008310977288228383,0.0008365581857270321,7.394886275724488e-05,1.765730002912966,True
Euler,fig4,SD,moving,domain_double,0.02,v,0.0012224191280205687,0.0011757025015430855,6.950197692368043e-05,2.5567891710310655,True
Euler,fig4,SD,moving,time_quarter,0.001,u,7.863992273793308e-05,7.886423260705655e-05,1.0082010554191e-06,1.765730002912966,True
Euler,fig4,SD,moving,time_quarter,0.001,v,9.672795013804247e-05,9.693162841650782e-05,8.620915172841137e-07,2.5567891710310655,True
Euler,fig4,SD,moving,time_quarter,0.005,u,0.00017416436481121345,0.00017313234359983554,4.997557047803358e-06,1.765730002912966,True
Euler,fig4,SD,moving,time_quarter,0.005,v,0.0002640906105964014,0.00026675781718621394,4.488125563195666e-06,2.5567891710310655,True
Euler,fig4,SD,moving,time_quarter,0.01,u,0.0003634556021252511,0.0003615224565280961,9.890740231888184e-06,1.765730002912966,True
Euler,fig4,SD,moving,time_quarter,0.01,v,0.0005264787445216079,0.0005324076734622984,9.726092604189773e-06,2.5567891710310655,True
Euler,fig4,SD,moving,time_quarter,0.02,u,0.0008310977288228383,0.0008287406991080992,2.0274240463691307e-05,1.765730002912966,True
Euler,fig4,SD,moving,time_quarter,0.02,v,0.0012224191280205687,0.0012373635033751107,2.6001424293653486e-05,2.5567891710310655,True
Euler,fig4,SD,moving,x_half_time_half,0.001,u,7.863992273793308e-05,3.9524697583503965e-05,9.673007498156583e-05,1.765730002912966,True
Euler,fig4,SD,moving,x_half_time_half,0.001,v,9.672795013804247e-05,2.0734001664912682e-05,9.041924830044401e-05,2.5567891710310655,True
Euler,fig4,SD,moving,x_half_time_half,0.005,u,0.00017416436481121345,0.00019885795092910996,0.00019857695404135178,1.765730002912966,True
Euler,fig4,SD,moving,x_half_time_half,0.005,v,0.0002640906105964014,0.00010253319969222296,0.00025681919257314334,2.5567891710310655,True
Euler,fig4,SD,moving,x_half_time_half,0.01,u,0.0003634556021252511,0.00040108989195930533,0.0003575102222077575,1.765730002912966,True
Euler,fig4,SD,moving,x_half_time_half,0.01,v,0.0005264787445216079,0.0002371612896030495,0.0005023340115295483,2.5567891710310655,True
Euler,fig4,SD,moving,x_half_time_half,0.02,u,0.0008310977288228383,0.002036560609320004,0.0019074219427137606,1.765730002912966,False
Euler,fig4,SD,moving,x_half_time_half,0.02,v,0.0012224191280205687,0.0020907810140124994,0.0016888115210234034,2.5567891710310655,True
Euler,fig4,SD2,moving,time_half,0.001,u,7.348097892045935e-05,7.39167381083039e-05,4.480478954516087e-07,1.765730002912966,True
Euler,fig4,SD2,moving,time_half,0.001,v,9.385888052637625e-05,9.460064050714756e-05,1.8277667870325587e-06,2.5567891710310655,True
Euler,fig4,SD2,moving,time_half,0.005,u,0.00021139714084528194,0.0002128157613650039,2.276487041430464e-06,1.765730002912966,True
Euler,fig4,SD2,moving,time_half,0.005,v,0.0003313603785284336,0.0003278123854424386,9.185912740905522e-06,2.5567891710310655,True
Euler,fig4,SD2,moving,time_half,0.01,u,0.00045902966642685783,0.00046212656471222857,4.642710848878906e-06,1.765730002912966,True
Euler,fig4,SD2,moving,time_half,0.01,v,0.000707311837163882,0.0007004639843790628,1.849374976070628e-05,2.5567891710310655,True
Euler,fig4,SD2,moving,time_half,0.02,u,0.0011556480129788493,0.0011632227821261054,9.76869958724258e-06,1.765730002912966,True
Euler,fig4,SD2,moving,time_half,0.02,v,0.0017893524264294136,0.0017781628542352657,3.754760427421289e-05,2.5567891710310655,True
Euler,fig4,SD2,moving,x_half,0.001,u,7.348097892045935e-05,3.9132485016191154e-05,8.909270234336297e-05,1.765730002912966,True
Euler,fig4,SD2,moving,x_half,0.001,v,9.385888052637625e-05,2.035916314024888e-05,8.529444964611166e-05,2.5567891710310655,True
Euler,fig4,SD2,moving,x_half,0.005,u,0.00021139714084528194,0.00019629607905247148,0.00022335777063053897,1.765730002912966,True
Euler,fig4,SD2,moving,x_half,0.005,v,0.0003313603785284336,9.734735758604174e-05,0.0002608661820970859,2.5567891710310655,True
Euler,fig4,SD2,moving,x_half,0.01,u,0.00045902966642685783,0.00039406665513763706,0.00044930409440846475,1.765730002912966,True
Euler,fig4,SD2,moving,x_half,0.01,v,0.000707311837163882,0.00022568510980658374,0.0005568825676021127,2.5567891710310655,True
Euler,fig4,SD2,moving,x_half,0.02,u,0.0011556480129788493,0.002256315055203406,0.0022717182309910378,1.765730002912966,False
Euler,fig4,SD2,moving,x_half,0.02,v,0.0017893524264294136,0.0019718828814201395,0.0018747568331289877,2.5567891710310655,True
Euler,fig4,SD2,moving,y_half,0.001,u,7.348097892045935e-05,8.609231570844145e-05,2.9706076282387528e-05,1.765730002912966,True
Euler,fig4,SD2,moving,y_half,0.001,v,9.385888052637625e-05,8.875792951124062e-05,2.0776055237536895e-05,2.5567891710310655,True
Euler,fig4,SD2,moving,y_half,0.005,u,0.00021139714084528194,0.0002173169838122213,0.00014862325705844448,1.765730002912966,True
Euler,fig4,SD2,moving,y_half,0.005,v,0.0003313603785284336,0.00029342611941807206,9.863880202853892e-05,2.5567891710310655,True
Euler,fig4,SD2,moving,y_half,0.01,u,0.00045902966642685783,0.0004717649442542715,0.00029728145332508227,1.765730002912966,True
Euler,fig4,SD2,moving,y_half,0.01,v,0.000707311837163882,0.0006281029406371985,0.0001889232948366626,2.5567891710310655,True
Euler,fig4,SD2,moving,y_half,0.02,u,0.0011556480129788493,0.0011700140035142415,0.0005958883029308915,1.765730002912966,True
Euler,fig4,SD2,moving,y_half,0.02,v,0.0017893524264294136,0.0016266302434551072,0.0004664838041879005,2.5567891710310655,True
Euler,fig4,SD2,moving,domain_double,0.001,u,7.348097892045935e-05,6.607001079972363e-05,4.3513876022305276e-05,1.765730002912966,True
Euler,fig4,SD2,moving,domain_double,0.001,v,9.385888052637625e-05,8.716678389197874e-05,4.110971207893499e-05,2.5567891710310655,True
Euler,fig4,SD2,moving,domain_double,0.005,u,0.00021139714084528194,0.00019628603500554398,4.4020966123325955e-05,1.765730002912966,True
Euler,fig4,SD2,moving,domain_double,0.005,v,0.0003313603785284336,0.0003182638847514241,4.46669785221232e-05,2.5567891710310655,True
Euler,fig4,SD2,moving,domain_double,0.01,u,0.00045902966642685783,0.0004304159591943524,5.388318722343577e-05,1.765730002912966,True
Euler,fig4,SD2,moving,domain_double,0.01,v,0.000707311837163882,0.0006799954595240187,5.258965195431564e-05,2.5567891710310655,True
Euler,fig4,SD2,moving,domain_double,0.02,u,0.0011556480129788493,0.001092786470156426,7.83907320746069e-05,1.765730002912966,True
Euler,fig4,SD2,moving,domain_double,0.02,v,0.0017893524264294136,0.0017206060631487219,8.583723851396385e-05,2.5567891710310655,True
Euler,fig4,SD2,moving,time_quarter,0.001,u,7.348097892045935e-05,7.413466001238156e-05,6.72101235221767e-07,1.765730002912966,True
Euler,fig4,SD2,moving,time_quarter,0.001,v,9.385888052637625e-05,9.497156145577001e-05,2.7418232997344916e-06,2.5567891710310655,True
Euler,fig4,SD2,moving,time_quarter,0.005,u,0.00021139714084528194,0.0002135253758341893,3.4148473342376917e-06,1.765730002912966,True
Euler,fig4,SD2,moving,time_quarter,0.005,v,0.0003313603785284336,0.00032603900966110544,1.377975394856179e-05,2.5567891710310655,True
Euler,fig4,SD2,moving,time_quarter,0.01,u,0.00045902966642685783,0.00046367623172427486,6.964258019603875e-06,1.765730002912966,True
Euler,fig4,SD2,moving,time_quarter,0.01,v,0.000707311837163882,0.0006970424994614532,2.7742459961732635e-05,2.5567891710310655,True
Euler,fig4,SD2,moving,time_quarter,0.02,u,0.0011556480129788493,0.0011670177795441994,1.4654631703470145e-05,1.765730002912966,True
Euler,fig4,SD2,moving,time_quarter,0.02,v,0.0017893524264294136,0.0017725859331774174,5.632560577217838e-05,2.5567891710310655,True
Euler,fig4,SD2,moving,x_half_time_half,0.001,u,7.348097892045935e-05,3.904351993377908e-05,8.888394904515984e-05,1.765730002912966,True
Euler,fig4,SD2,moving,x_half_time_half,0.001,v,9.385888052637625e-05,2.0124073792260333e-05,8.49234626838502e-05,2.5567891710310655,True
Euler,fig4,SD2,moving,x_half_time_half,0.005,u,0.00021139714084528194,0.00019583285257818162,0.00022280571891064582,1.765730002912966,True
Euler,fig4,SD2,moving,x_half_time_half,0.005,v,0.0003313603785284336,0.00010024066174518786,0.0002628013642129723,2.5567891710310655,True
Euler,fig4,SD2,moving,x_half_time_half,0.01,u,0.00045902966642685783,0.0003931946945423537,0.00044776904629806324,1.765730002912966,True
Euler,fig4,SD2,moving,x_half_time_half,0.01,v,0.000707311837163882,0.00023147389737077084,0.0005606690966968308,2.5567891710310655,True
Euler,fig4,SD2,moving,x_half_time_half,0.02,u,0.0011556480129788493,0.00268385324326903,0.002701198365816393,1.765730002912966,False
Euler,fig4,SD2,moving,x_half_time_half,0.02,v,0.0017893524264294136,0.002292370839690916,0.0019867527901378246,2.5567891710310655,True
Euler,fig4,FD,moving,time_half,0.001,u,0.00010401832718964776,0.00010417706099752344,6.879174846430303e-07,1.765730002912966,True
Euler,fig4,FD,moving,time_half,0.001,v,0.00010121308985677757,0.00010153554784952945,5.518669312642999e-07,2.5567891710310655,True
Euler,fig4,FD,moving,time_half,0.005,u,0.00024792995829936437,0.00024841907044725886,3.4277301630969426e-06,1.765730002912966,True
Euler,fig4,FD,moving,time_half,0.005,v,0.0003804537753877568,0.00038223781512813915,2.855050176719942e-06,2.5567891710310655,True
Euler,fig4,FD,moving,time_half,0.01,u,0.0004686725122097224,0.0004698729629986076,6.838299711375839e-06,1.765730002912966,True
Euler,fig4,FD,moving,time_half,0.01,v,0.0007584646714473564,0.000762451305691414,6.079027896177536e-06,2.5567891710310655,True
Euler,fig4,FD,moving,time_half,0.02,u,0.001048115508968439,0.0010515157882440285,1.4048533541699548e-05,1.765730002912966,True
Euler,fig4,FD,moving,time_half,0.02,v,0.0016892818145244348,0.0016994217583947702,1.5118282877146783e-05,2.5567891710310655,True
Euler,fig4,FD,moving,x_half,0.001,u,0.00010401832718964776,1.3234596879740934e-05,9.654540538484024e-05,1.765730002912966,True
Euler,fig4,FD,moving,x_half,0.001,v,0.00010121308985677757,2.9180144798690577e-05,9.017027088664697e-05,2.5567891710310655,True
Euler,fig4,FD,moving,x_half,0.005,u,0.00024792995829936437,6.144397992402517e-05,0.00019565366504736836,1.765730002912966,True
Euler,fig4,FD,moving,x_half,0.005,v,0.0003804537753877568,0.00013894614873954936,0.0002516341257172705,2.5567891710310655,True
Euler,fig4,FD,moving,x_half,0.01,u,0.0004686725122097224,0.00012668906854984563,0.00035059892819566674,1.765730002912966,True
Euler,fig4,FD,moving,x_half,0.01,v,0.0007584646714473564,0.0002847805500607592,0.0004888707090553446,2.5567891710310655,True
Euler,fig4,FD,moving,x_half,0.02,u,0.001048115508968439,0.0018589416755807608,0.0016004276483969626,1.765730002912966,True
Euler,fig4,FD,moving,x_half,0.02,v,0.0016892818145244348,0.0018603933638154935,0.001509091044496813,2.5567891710310655,True
Euler,fig4,FD,moving,y_half,0.001,u,0.00010401832718964776,0.00010111795936329493,8.862950622079424e-06,1.765730002912966,True
Euler,fig4,FD,moving,y_half,0.001,v,0.00010121308985677757,9.554961999946876e-05,1.903300366024041e-05,2.5567891710310655,True
Euler,fig4,FD,moving,y_half,0.005,u,0.00024792995829936437,0.0002171507317204613,4.481482079254917e-05,1.765730002912966,True
Euler,fig4,FD,moving,y_half,0.005,v,0.0003804537753877568,0.0003059224177515141,9.5640163033206e-05,2.5567891710310655,True
Euler,fig4,FD,moving,y_half,0.01,u,0.0004686725122097224,0.0004002394596819281,9.173530376660466e-05,1.765730002912966,True
Euler,fig4,FD,moving,y_half,0.01,v,0.0007584646714473564,0.0006022470719417861,0.0001944447402317806,2.5567891710310655,True
Euler,fig4,FD,moving,y_half,0.02,u,0.001048115508968439,0.0008829005418719005,0.0002450877024287035,1.765730002912966,True
Euler,fig4,FD,moving,y_half,0.02,v,0.0016892818145244348,0.0013552962807579227,0.0004209570715771882,2.5567891710310655,True
Euler,fig4,FD,moving,domain_double,0.001,u,0.00010401832718964776,0.00010108173161094136,4.443354721295201e-05,1.765730002912966,True
Euler,fig4,FD,moving,domain_double,0.001,v,0.00010121308985677757,0.00010132998066358923,4.238504925746511e-05,2.5567891710310655,True
Euler,fig4,FD,moving,domain_double,0.005,u,0.00024792995829936437,0.0002360317939761325,4.919247280066319e-05,1.765730002912966,True
Euler,fig4,FD,moving,domain_double,0.005,v,0.0003804537753877568,0.00037463308593599365,4.709402906422078e-05,2.5567891710310655,True
Euler,fig4,FD,moving,domain_double,0.01,u,0.0004686725122097224,0.00044122604106555663,5.607402680429807e-05,1.765730002912966,True
Euler,fig4,FD,moving,domain_double,0.01,v,0.0007584646714473564,0.0007417954235533486,5.3648662501570854e-05,2.5567891710310655,True
Euler,fig4,FD,moving,domain_double,0.02,u,0.001048115508968439,0.0009928910593807183,7.3298735566385e-05,1.765730002912966,True
Euler,fig4,FD,moving,domain_double,0.02,v,0.0016892818145244348,0.0016455064946216957,6.929019333012931e-05,2.5567891710310655,True
Euler,fig4,FD,moving,time_quarter,0.001,u,0.00010401832718964776,0.00010425652278311937,1.0318555953015007e-06,1.765730002912966,True
Euler,fig4,FD,moving,time_quarter,0.001,v,0.00010121308985677757,0.00010169693404371571,8.279408891809226e-07,2.5567891710310655,True
Euler,fig4,FD,moving,time_quarter,0.005,u,0.00024792995829936437,0.00024866422380931397,5.141527638419241e-06,1.765730002912966,True
Euler,fig4,FD,moving,time_quarter,0.005,v,0.0003804537753877568,0.00038313089304908843,4.283778253455495e-06,2.5567891710310655,True
Euler,fig4,FD,moving,time_quarter,0.01,u,0.0004686725122097224,0.0004704747515787977,1.0257695244597631e-05,1.765730002912966,True
Euler,fig4,FD,moving,time_quarter,0.01,v,0.0007584646714473564,0.0007644476154156088,9.122548351836457e-06,2.5567891710310655,True
Euler,fig4,FD,moving,time_quarter,0.02,u,0.001048115508968439,0.001053221090458023,2.1083127626386755e-05,1.765730002912966,True
Euler,fig4,FD,moving,time_quarter,0.02,v,0.0016892818145244348,0.0017045058915279299,2.2706384323001316e-05,2.5567891710310655,True
Euler,fig4,FD,moving,x_half_time_half,0.001,u,0.00010401832718964776,1.3268706994917778e-05,9.648040118659384e-05,1.765730002912966,True
Euler,fig4,FD,moving,x_half_time_half,0.001,v,0.00010121308985677757,2.9362664507370795e-05,9.010560964917147e-05,2.5567891710310655,True
Euler,fig4,FD,moving,x_half_time_half,0.005,u,0.00024792995829936437,6.080542557751478e-05,0.00019548264541269234,1.765730002912966,True
Euler,fig4,FD,moving,x_half_time_half,0.005,v,0.0003804537753877568,0.00013988648102314372,0.00025083029140970936,2.5567891710310655,True
Euler,fig4,FD,moving,x_half_time_half,0.01,u,0.0004686725122097224,0.00012602795094163177,0.0003501652169564107,1.765730002912966,True
Euler,fig4,FD,moving,x_half_time_half,0.01,v,0.0007584646714473564,0.00028679019495125857,0.00048716250845792786,2.5567891710310655,True
Euler,fig4,FD,moving,x_half_time_half,0.02,u,0.001048115508968439,0.0021178568966251365,0.0018593428694413383,1.765730002912966,False
Euler,fig4,FD,moving,x_half_time_half,0.02,v,0.0016892818145244348,0.002068999628885404,0.0016540261419346614,2.5567891710310655,True
Euler,fig5,SD,fixed,time_half,0.001,u,2.014447625896254e-08,2.0147983685082915e-08,3.150237362636865e-11,0.03004067291014295,True
Euler,fig5,SD,fixed,time_half,0.001,v,2.3020419660790825e-08,2.3053015302254565e-08,1.6616300002603168e-10,0.11549905034354419,True
Euler,fig5,SD,fixed,time_half,0.005,u,1.0072020134067883e-07,1.0073787076562979e-07,1.5755748442036754e-10,0.03004067291014295,True
Euler,fig5,SD,fixed,time_half,0.005,v,7.191341042100952e-08,7.138558029418096e-08,8.311372562408437e-10,0.11549905034354419,True
Euler,fig5,SD,fixed,time_half,0.01,u,2.0143860702051541e-07,2.0147376822259033e-07,3.152293981401044e-10,0.03004067291014295,True
Euler,fig5,SD,fixed,time_half,0.01,v,1.3674389964801748e-07,1.3559337581903197e-07,1.6630699734010435e-09,0.11549905034354419,True
Euler,fig5,SD,fixed,time_half,0.02,u,4.0287096873380807e-07,4.0294058006005995e-07,6.309183106512073e-10,0.03004067291014295,True
Euler,fig5,SD,fixed,time_half,0.02,v,2.7163058774481996e-07,2.6870920569188605e-07,3.3293358625563485e-09,0.11549905034354419,True
Euler,fig5,SD,fixed,x_half,0.001,u,2.014447625896254e-08,2.0149969533200807e-08,1.215422949785161e-08,0.03004067291014295,True
Euler,fig5,SD,fixed,x_half,0.001,v,2.3020419660790825e-08,1.3280872193655036e-08,2.3503879564845676e-08,0.11549905034354419,True
Euler,fig5,SD,fixed,x_half,0.005,u,1.0072020134067883e-07,1.0075180845604131e-07,1.2123092325150298e-08,0.03004067291014295,True
Euler,fig5,SD,fixed,x_half,0.005,v,7.191341042100952e-08,6.638700829342259e-08,2.2859390283458403e-08,0.11549905034354419,True
Euler,fig5,SD,fixed,x_half,0.01,u,2.0143860702051541e-07,2.0150716466965646e-07,1.2086338482125702e-08,0.03004067291014295,True
Euler,fig5,SD,fixed,x_half,0.01,v,1.3674389964801748e-07,1.3273104089439602e-07,2.2040253455646308e-08,0.11549905034354419,True
Euler,fig5,SD,fixed,x_half,0.02,u,4.0287096873380807e-07,4.030218936530716e-07,1.2019785042283182e-08,0.03004067291014295,True
Euler,fig5,SD,fixed,x_half,0.02,v,2.7163058774481996e-07,2.6529281051124176e-07,2.093073110664978e-08,0.11549905034354419,True
Euler,fig5,SD,fixed,y_half,0.001,u,2.014447625896254e-08,1.2610759981407371e-08,1.7190000901889935e-08,0.03004067291014295,True
Euler,fig5,SD,fixed,y_half,0.001,v,2.3020419660790825e-08,2.1490543213043e-08,2.884470221009572e-08,0.11549905034354419,True
Euler,fig5,SD,fixed,y_half,0.005,u,1.0072020134067883e-07,2.5197630635666324e-08,7.70145470773212e-08,0.03004067291014295,True
Euler,fig5,SD,fixed,y_half,0.005,v,7.191341042100952e-08,2.5392554128811362e-08,4.692347106705075e-08,0.11549905034354419,True
Euler,fig5,SD,fixed,y_half,0.01,u,2.0143860702051541e-07,5.03958256852996e-08,1.5180059876121477e-07,0.03004067291014295,True
Euler,fig5,SD,fixed,y_half,0.01,v,1.3674389964801748e-07,4.177735968280416e-08,9.315505043738792e-08,0.11549905034354419,True
Euler,fig5,SD,fixed,y_half,0.02,u,4.0287096873380807e-07,1.0079311350309761e-07,3.02008711402027e-07,0.03004067291014295,True
Euler,fig5,SD,fixed,y_half,0.02,v,2.7163058774481996e-07,7.585959836686751e-08,1.8562069731276054e-07,0.11549905034354419,True
Euler,fig5,SD,fixed,domain_double,0.001,u,2.014447625896254e-08,2.014447625896254e-08,0.0,0.03004067291014295,True
Euler,fig5,SD,fixed,domain_double,0.001,v,2.3020419660790825e-08,2.3020419660790825e-08,0.0,0.11549905034354419,True
Euler,fig5,SD,fixed,domain_double,0.005,u,1.0072020134067883e-07,1.0072020134067883e-07,0.0,0.03004067291014295,True
Euler,fig5,SD,fixed,domain_double,0.005,v,7.191341042100952e-08,7.191341042100952e-08,0.0,0.11549905034354419,True
Euler,fig5,SD,fixed,domain_double,0.01,u,2.0143860702051541e-07,2.0143860702051541e-07,0.0,0.03004067291014295,True
Euler,fig5,SD,fixed,domain_double,0.01,v,1.3674389964801748e-07,1.3674389964801748e-07,0.0,0.11549905034354419,True
Euler,fig5,SD,fixed,domain_double,0.02,u,4.0287096873380807e-07,4.0287096873380807e-07,0.0,0.03004067291014295,True
Euler,fig5,SD,fixed,domain_double,0.02,v,2.7163058774481996e-07,2.7163058774481996e-07,0.0,0.11549905034354419,True
Euler,fig5,SD,fixed,time_quarter,0.001,u,2.014447625896254e-08,2.014973760587624e-08,4.725362462432159e-11,0.03004067291014295,True
Euler,fig5,SD,fixed,time_quarter,0.001,v,2.3020419660790825e-08,2.3069313216661502e-08,2.492451800506501e-10,0.11549905034354419,True
Euler,fig5,SD,fixed,time_quarter,0.005,u,1.0072020134067883e-07,1.0074670651200046e-07,2.363365891877578e-10,0.03004067291014295,True
Euler,fig5,SD,fixed,time_quarter,0.005,v,7.191341042100952e-08,7.112167385581181e-08,1.2467090693135674e-09,0.11549905034354419,True
Euler,fig5,SD,fixed,time_quarter,0.01,u,2.0143860702051541e-07,2.0149135089055081e-07,4.728448292634635e-10,0.03004067291014295,True
Euler,fig5,SD,fixed,time_quarter,0.01,v,1.3674389964801748e-07,1.3501813081462366e-07,2.4946111565338214e-09,0.11549905034354419,True
Euler,fig5,SD,fixed,time_quarter,0.02,u,4.0287096873380807e-07,4.029753898644045e-07,9.463789474306594e-10,0.03004067291014295,True
Euler,fig5,SD,fixed,time_quarter,0.02,v,2.7163058774481996e-07,2.6724853623150135e-07,4.994016242210186e-09,0.11549905034354419,True
Euler,fig5,SD2,fixed,time_half,0.001,u,2.014614746900789e-08,2.014873457488464e-08,5.0531009931908955e-11,0.03004067291014295,True
Euler,fig5,SD2,fixed,time_half,0.001,v,2.3201455354171507e-08,2.311489723239024e-08,3.607925277981927e-10,0.11549905034354419,True
Euler,fig5,SD2,fixed,time_half,0.005,u,1.0072876441453993e-07,1.0074172326901554e-07,2.527319603595757e-10,0.03004067291014295,True
Euler,fig5,SD2,fixed,time_half,0.005,v,6.747564458564614e-08,6.826320855801704e-08,1.8039144275561192e-09,0.11549905034354419,True
Euler,fig5,SD2,fixed,time_half,0.01,u,2.0145547009221831e-07,2.0148132942165303e-07,5.056534982395e-10,0.03004067291014295,True
Euler,fig5,SD2,fixed,time_half,0.01,v,1.2695288738318045e-07,1.2855990617899327e-07,3.607724674559165e-09,0.11549905034354419,True
Euler,fig5,SD2,fixed,time_half,0.02,u,4.029036373698336e-07,4.029551303819448e-07,1.0120616046604969e-09,0.03004067291014295,True
Euler,fig5,SD2,fixed,time_half,0.02,v,2.4880832297236033e-07,2.521107387853938e-07,7.2150513827362595e-09,0.11549905034354419,True
Euler,fig5,SD2,fixed,x_half,0.001,u,2.014614746900789e-08,2.0150410556286913e-08,1.2153925827568246e-08,0.03004067291014295,True
Euler,fig5,SD2,fixed,x_half,0.001,v,2.3201455354171507e-08,1.295384141619671e-08,2.3750595296023747e-08,0.11549905034354419,True
Euler,fig5,SD2,fixed,x_half,0.005,u,1.0072876441453993e-07,1.0075426383655828e-07,1.2119581435654503e-08,0.03004067291014295,True
Euler,fig5,SD2,fixed,x_half,0.005,v,6.747564458564614e-08,6.466414444183943e-08,2.4103051582402557e-08,0.11549905034354419,True
Euler,fig5,SD2,fixed,x_half,0.01,u,2.0145547009221831e-07,2.0151244959232956e-07,1.2074402099687687e-08,0.03004067291014295,True
Euler,fig5,SD2,fixed,x_half,0.01,v,1.2695288738318045e-07,1.292867248675611e-07,2.469895550583079e-08,0.11549905034354419,True
Euler,fig5,SD2,fixed,x_half,0.02,u,4.029036373698336e-07,4.030330011872349e-07,1.1976598830731877e-08,0.03004067291014295,True
Euler,fig5,SD2,fixed,x_half,0.02,v,2.4880832297236033e-07,2.5841028707118685e-07,2.6570274813675354e-08,0.11549905034354419,True
Euler,fig5,SD2,fixed,y_half,0.001,u,2.014614746900789e-08,1.2572705217206437e-08,1.7190763292908307e-08,0.03004067291014295,True
Euler,fig5,SD2,fixed,y_half,0.001,v,2.3201455354171507e-08,2.1654966278483734e-08,2.8948317479238206e-08,0.11549905034354419,True
Euler,fig5,SD2,fixed,y_half,0.005,u,1.0072876441453993e-07,2.5202365884317846e-08,7.701843309382977e-08,0.03004067291014295,True
Euler,fig5,SD2,fixed,y_half,0.005,v,6.747564458564614e-08,2.4255914422843805e-08,4.6937134540181447e-08,0.11549905034354419,True
Euler,fig5,SD2,fixed,y_half,0.01,u,2.0145547009221831e-07,5.040542151637378e-08,1.518084045172563e-07,0.03004067291014295,True
Euler,fig5,SD2,fixed,y_half,0.01,v,1.2695288738318045e-07,3.388137058413232e-08,9.318550596437714e-08,0.11549905034354419,True
Euler,fig5,SD2,fixed,y_half,0.02,u,4.029036373698336e-07,1.0081431927461137e-07,3.020257382116767e-07,0.03004067291014295,True
Euler,fig5,SD2,fixed,y_half,0.02,v,2.4880832297236033e-07,6.314511193095118e-08,1.8568163059895504e-07,0.11549905034354419,True
Euler,fig5,SD2,fixed,domain_double,0.001,u,2.014614746900789e-08,2.0146148193254942e-08,3.5284275501368256e-15,0.03004067291014295,True
Euler,fig5,SD2,fixed,domain_double,0.001,v,2.3201455354171507e-08,2.3201455381927083e-08,7.307311223128665e-14,0.11549905034354419,True
Euler,fig5,SD2,fixed,domain_double,0.005,u,1.0072876441453993e-07,1.0072876596104591e-07,7.425051852115623e-15,0.03004067291014295,True
Euler,fig5,SD2,fixed,domain_double,0.005,v,6.747564458564614e-08,6.747564344766754e-08,2.1057767956114172e-13,0.11549905034354419,True
Euler,fig5,SD2,fixed,domain_double,0.01,u,2.0145547009221831e-07,2.0145547089192584e-07,1.1306139875775882e-14,0.03004067291014295,True
Euler,fig5,SD2,fixed,domain_double,0.01,v,1.2695288738318045e-07,1.2695284447306054e-07,1.3726021187709936e-13,0.11549905034354419,True
Euler,fig5,SD2,fixed,domain_double,0.02,u,4.029036373698336e-07,4.0290363762483794e-07,1.2098083494206657e-14,0.03004067291014295,True
Euler,fig5,SD2,fixed,domain_double,0.02,v,2.4880832297236033e-07,2.488083006846331e-07,2.0382957474640584e-13,0.11549905034354419,True
Euler,fig5,SD2,fixed,time_quarter,0.001,u,2.014614746900789e-08,2.0150027958687478e-08,7.57984022770053e-11,0.03004067291014295,True
Euler,fig5,SD2,fixed,time_quarter,0.001,v,2.3201455354171507e-08,2.3071608429292567e-08,5.411888159834177e-10,0.11549905034354419,True
Euler,fig5,SD2,fixed,time_quarter,0.005,u,1.0072876441453993e-07,1.0074820326697737e-07,3.790999424102548e-10,0.03004067291014295,True
Euler,fig5,SD2,fixed,time_quarter,0.005,v,6.747564458564614e-08,6.865699846148043e-08,2.7058712423477793e-09,0.11549905034354419,True
Euler,fig5,SD2,fixed,time_quarter,0.01,u,2.0145547009221831e-07,2.0149426088657968e-07,7.584832865947799e-10,0.03004067291014295,True
Euler,fig5,SD2,fixed,time_quarter,0.01,v,1.2695288738318045e-07,1.2936341792224582e-07,5.411605052962898e-09,0.11549905034354419,True
Euler,fig5,SD2,fixed,time_quarter,0.02,u,4.029036373698336e-07,4.0298087860754506e-07,1.5180994343555465e-09,0.03004067291014295,True
Euler,fig5,SD2,fixed,time_quarter,0.02,v,2.4880832297236033e-07,2.537619992332152e-07,1.082255900869411e-08,0.11549905034354419,True
Euler,fig5,FD,fixed,time_half,0.001,u,1.1951231487089542e-08,1.1976633119276103e-08,3.1966602975774805e-11,0.03004067291014295,True
Euler,fig5,FD,fixed,time_half,0.001,v,2.3680200286757547e-08,2.3843574517568022e-08,1.657767811913402e-10,0.11549905034354419,True
Euler,fig5,FD,fixed,time_half,0.005,u,1.1711622928400889e-08,1.1709284590544211e-08,1.598801924185267e-10,0.03004067291014295,True
Euler,fig5,FD,fixed,time_half,0.005,v,2.3692684744669457e-08,2.4460337547105304e-08,8.292081604688306e-10,0.11549905034354419,True
Euler,fig5,FD,fixed,time_half,0.01,u,1.1743505161365686e-08,1.1738754111118022e-08,3.1987843623904055e-10,0.03004067291014295,True
Euler,fig5,FD,fixed,time_half,0.01,v,2.4143071708504493e-08,2.5561491284742388e-08,1.6592278245797232e-09,0.11549905034354419,True
Euler,fig5,FD,fixed,time_half,0.02,u,1.6548073446254197e-08,1.621791791486804e-08,6.402377517034097e-10,0.03004067291014295,True
Euler,fig5,FD,fixed,time_half,0.02,v,2.5598597061526895e-08,2.836692851448941e-08,3.3216914635536554e-09,0.11549905034354419,True
Euler,fig5,FD,fixed,x_half,0.001,u,1.1951231487089542e-08,8.695302637640179e-10,1.2153479535259581e-08,0.03004067291014295,True
Euler,fig5,FD,fixed,x_half,0.001,v,2.3680200286757547e-08,1.6556568060988042e-09,2.3504246507433102e-08,0.11549905034354419,True
Euler,fig5,FD,fixed,x_half,0.005,u,1.1711622928400889e-08,3.750239261496313e-09,1.211932779132674e-08,0.03004067291014295,True
Euler,fig5,FD,fixed,x_half,0.005,v,2.3692684744669457e-08,2.6264749125592957e-09,2.286124237138587e-08,0.11549905034354419,True
Euler,fig5,FD,fixed,x_half,0.01,u,1.1743505161365686e-08,7.490770238469113e-09,1.2078773141410704e-08,0.03004067291014295,True
Euler,fig5,FD,fixed,x_half,0.01,v,2.4143071708504493e-08,4.309710713301662e-09,2.2043978392671804e-08,0.11549905034354419,True
Euler,fig5,FD,fixed,x_half,0.02,u,1.6548073446254197e-08,1.4972491139270128e-08,1.2004513428448549e-08,0.03004067291014295,True
Euler,fig5,FD,fixed,x_half,0.02,v,2.5598597061526895e-08,8.34319981157794e-09,2.09379151655531e-08,0.11549905034354419,True
Euler,fig5,FD,fixed,y_half,0.001,u,1.1951231487089542e-08,1.2110308991730712e-08,4.777146660889242e-09,0.03004067291014295,True
Euler,fig5,FD,fixed,y_half,0.001,v,2.3680200286757547e-08,2.3507658916677165e-08,3.192956467279462e-08,0.11549905034354419,True
Euler,fig5,FD,fixed,y_half,0.005,u,1.1711622928400889e-08,1.1804419570299318e-08,4.905276861782992e-09,0.03004067291014295,True
Euler,fig5,FD,fixed,y_half,0.005,v,2.3692684744669457e-08,2.2464365562191446e-08,3.179187973989528e-08,0.11549905034354419,True
Euler,fig5,FD,fixed,y_half,0.01,u,1.1743505161365686e-08,1.1746440087972987e-08,5.656200972870007e-09,0.03004067291014295,True
Euler,fig5,FD,fixed,y_half,0.01,v,2.4143071708504493e-08,2.1333266056466904e-08,3.184171144809955e-08,0.11549905034354419,True
Euler,fig5,FD,fixed,y_half,0.02,u,1.6548073446254197e-08,1.1796204683195421e-08,1.1276557288636413e-08,0.03004067291014295,True
Euler,fig5,FD,fixed,y_half,0.02,v,2.5598597061526895e-08,1.9853366547972762e-08,3.255704895954725e-08,0.11549905034354419,True
Euler,fig5,FD,fixed,domain_double,0.001,u,1.1951231487089542e-08,1.1951231487089542e-08,0.0,0.03004067291014295,True
Euler,fig5,FD,fixed,domain_double,0.001,v,2.3680200286757547e-08,2.3680200286757547e-08,0.0,0.11549905034354419,True
Euler,fig5,FD,fixed,domain_double,0.005,u,1.1711622928400889e-08,1.1711622928400889e-08,0.0,0.03004067291014295,True
Euler,fig5,FD,fixed,domain_double,0.005,v,2.3692684744669457e-08,2.3692684744669457e-08,0.0,0.11549905034354419,True
Euler,fig5,FD,fixed,domain_double,0.01,u,1.1743505161365686e-08,1.1743505161365686e-08,0.0,0.03004067291014295,True
Euler,fig5,FD,fixed,domain_double,0.01,v,2.4143071708504493e-08,2.4143071708504493e-08,0.0,0.11549905034354419,True
Euler,fig5,FD,fixed,domain_double,0.02,u,1.6548073446254197e-08,1.6548073446254197e-08,0.0,0.03004067291014295,True
Euler,fig5,FD,fixed,domain_double,0.02,v,2.5598597061526895e-08,2.5598597061526895e-08,0.0,0.11549905034354419,True
Euler,fig5,FD,fixed,time_quarter,0.001,u,1.1951231487089542e-08,1.1989333695977544e-08,4.7949970383154294e-11,0.03004067291014295,True
Euler,fig5,FD,fixed,time_quarter,0.001,v,2.3680200286757547e-08,2.3925262812585224e-08,2.486658379208251e-10,0.11549905034354419,True
Euler,fig5,FD,fixed,time_quarter,0.005,u,1.1711622928400889e-08,1.1708115189162926e-08,2.398206737364017e-10,0.03004067291014295,True
Euler,fig5,FD,fixed,time_quarter,0.005,v,2.3692684744669457e-08,2.4844170859461556e-08,1.2438154950444869e-09,0.11549905034354419,True
Euler,fig5,FD,fixed,time_quarter,0.01,u,1.1743505161365686e-08,1.1736378122823021e-08,4.798184315146781e-10,0.03004067291014295,True
Euler,fig5,FD,fixed,time_quarter,0.01,v,2.4143071708504493e-08,2.630579690188206e-08,2.488848155346446e-09,0.11549905034354419,True
Euler,fig5,FD,fixed,time_quarter,0.02,u,1.6548073446254197e-08,1.6052833118340715e-08,9.603581541117734e-10,0.03004067291014295,True
Euler,fig5,FD,fixed,time_quarter,0.02,v,2.5598597061526895e-08,2.984810128225934e-08,4.982549497989375e-09,0.11549905034354419,True
Euler,fig5,SD,moving,time_half,0.001,u,2.0146382966393372e-08,2.0149699820129485e-08,3.033055057111156e-11,0.03004067291014295,True
Euler,fig5,SD,moving,time_half,0.001,v,2.1673604855276807e-08,2.170302743076391e-08,1.596307114271056e-10,0.11549905034354419,True
Euler,fig5,SD,moving,time_half,0.005,u,1.0072982174411105e-07,1.0074628848354139e-07,1.5169599604236694e-10,0.03004067291014295,True
Euler,fig5,SD,moving,time_half,0.005,v,7.118344555467893e-08,7.065746385204186e-08,7.984570227215215e-10,0.11549905034354419,True
Euler,fig5,SD,moving,time_half,0.01,u,2.0145845015199365e-07,2.014917031764596e-07,3.0350418012137226e-10,0.03004067291014295,True
Euler,fig5,SD,moving,time_half,0.01,v,1.3622168380800215e-07,1.350607692490735e-07,1.5976654166305337e-09,0.11549905034354419,True
Euler,fig5,SD,moving,time_half,0.02,u,4.0290968591691345e-07,4.0297550820030115e-07,6.074537539646485e-10,0.03004067291014295,True
Euler,fig5,SD,moving,time_half,0.02,v,2.7084771055119194e-07,2.680069371013838e-07,3.1983342918540103e-09,0.11549905034354419,True
Euler,fig5,SD,moving,x_half,0.001,u,2.0146382966393372e-08,2.0149088089845002e-08,1.1366984020710902e-08,0.03004067291014295,True
Euler,fig5,SD,moving,x_half,0.001,v,2.1673604855276807e-08,1.327507380410875e-08,2.1956811716017377e-08,0.11549905034354419,True
Euler,fig5,SD,moving,x_half,0.005,u,1.0072982174411105e-07,1.0074879594999808e-07,1.1334080975838878e-08,0.03004067291014295,True
Euler,fig5,SD,moving,x_half,0.005,v,7.118344555467893e-08,6.635394364518099e-08,2.1410208370098438e-08,0.11549905034354419,True
Euler,fig5,SD,moving,x_half,0.01,u,2.0145845015199365e-07,2.0150369798351692e-07,1.129510523306676e-08,0.03004067291014295,True
Euler,fig5,SD,moving,x_half,0.01,v,1.3622168380800215e-07,1.326639411658448e-07,2.071450624918647e-08,0.11549905034354419,True
Euler,fig5,SD,moving,x_half,0.02,u,4.0290968591691345e-07,4.0301961733504865e-07,1.123292931934361e-08,0.03004067291014295,True
Euler,fig5,SD,moving,x_half,0.02,v,2.7084771055119194e-07,2.651578178969327e-07,1.9336735261610283e-08,0.11549905034354419,True
Euler,fig5,SD,moving,y_half,0.001,u,2.0146382966393372e-08,1.1840688277087175e-08,1.7190010609402506e-08,0.03004067291014295,True
Euler,fig5,SD,moving,y_half,0.001,v,2.1673604855276807e-08,2.007743385434857e-08,2.884483299436802e-08,0.11549905034354419,True
Euler,fig5,SD,moving,y_half,0.005,u,1.0072982174411105e-07,2.519765838603777e-08,7.701468045153564e-08,0.03004067291014295,True
Euler,fig5,SD,moving,y_half,0.005,v,7.118344555467893e-08,2.46839625406281e-08,4.692254529370388e-08,0.11549905034354419,True
Euler,fig5,SD,moving,y_half,0.01,u,2.0145845015199365e-07,5.039597716395561e-08,1.5180086196907305e-07,0.03004067291014295,True
Euler,fig5,SD,moving,y_half,0.01,v,1.3622168380800215e-07,4.1063673225649744e-08,9.315527441100535e-08,0.11549905034354419,True
Euler,fig5,SD,moving,y_half,0.02,u,4.0290968591691345e-07,1.0079464136860533e-07,3.0200926197203326e-07,0.03004067291014295,True
Euler,fig5,SD,moving,y_half,0.02,v,2.7084771055119194e-07,7.498556593710237e-08,1.8562077507000563e-07,0.11549905034354419,True
Euler,fig5,SD,moving,domain_double,0.001,u,2.0146382966393372e-08,2.0146863791842273e-08,4.569085214345403e-10,0.03004067291014295,True
Euler,fig5,SD,moving,domain_double,0.001,v,2.1673604855276807e-08,2.1611864291226635e-08,8.267032336473079e-10,0.11549905034354419,True
Euler,fig5,SD,moving,domain_double,0.005,u,1.0072982174411105e-07,1.0073344169046761e-07,4.566420783169711e-10,0.03004067291014295,True
Euler,fig5,SD,moving,domain_double,0.005,v,7.118344555467893e-08,7.1169845405894e-08,8.254718714129083e-10,0.11549905034354419,True
Euler,fig5,SD,moving,domain_double,0.01,u,2.0145845015199365e-07,2.0146561259884455e-07,4.5630171169319667e-10,0.03004067291014295,True
Euler,fig5,SD,moving,domain_double,0.01,v,1.3622168380800215e-07,1.3619021227428973e-07,8.238836210483491e-10,0.11549905034354419,True
Euler,fig5,SD,moving,domain_double,0.02,u,4.0290968591691345e-07,4.0292366483563047e-07,4.5559887459911685e-10,0.03004067291014295,True
Euler,fig5,SD,moving,domain_double,0.02,v,2.7084771055119194e-07,2.708234055209813e-07,8.2055769123901e-10,0.11549905034354419,True
Euler,fig5,SD,moving,time_quarter,0.001,u,2.0146382966393372e-08,2.0151358413530995e-08,4.5495947287310656e-11,0.03004067291014295,True
Euler,fig5,SD,moving,time_quarter,0.001,v,2.1673604855276807e-08,2.1717738940552067e-08,2.3944633775752067e-10,0.11549905034354419,True
Euler,fig5,SD,moving,time_quarter,0.005,u,1.0072982174411105e-07,1.0075452281689545e-07,2.2754435835548037e-10,0.03004067291014295,True
Euler,fig5,SD,moving,time_quarter,0.005,v,7.118344555467893e-08,7.041092722759323e-08,1.1976889757736586e-09,0.11549905034354419,True
Euler,fig5,SD,moving,time_quarter,0.01,u,2.0145845015199365e-07,2.0150833165283322e-07,4.5525672121016214e-10,0.03004067291014295,True
Euler,fig5,SD,moving,time_quarter,0.01,v,1.3622168380800215e-07,1.3448032581964142e-07,2.3965045781171312e-09,0.11549905034354419,True
Euler,fig5,SD,moving,time_quarter,0.02,u,4.0290968591691345e-07,4.030087455515405e-07,9.111820742369048e-10,0.03004067291014295,True
Euler,fig5,SD,moving,time_quarter,0.02,v,2.7084771055119194e-07,2.6664502056350514e-07,4.797510472220878e-09,0.11549905034354419,True
Euler,fig5,SD2,moving,time_half,0.001,u,2.014802194961335e-08,2.0150414249513193e-08,4.824742341758004e-11,0.03004067291014295,True
Euler,fig5,SD2,moving,time_half,0.001,v,2.183010228834492e-08,2.1741485320414533e-08,3.4557269545931746e-10,0.11549905034354419,True
Euler,fig5,SD2,moving,time_half,0.005,u,1.0073783642157441e-07,1.0074976923481888e-07,2.413080915641963e-10,0.03004067291014295,True
Euler,fig5,SD2,moving,time_half,0.005,v,6.718092890323213e-08,6.792190655746655e-08,1.727827388109393e-09,0.11549905034354419,True
Euler,fig5,SD2,moving,time_half,0.01,u,2.0147497935274483e-07,2.0149890280971028e-07,4.827889719949408e-10,0.03004067291014295,True
Euler,fig5,SD2,moving,time_half,0.01,v,1.2703200610864052e-07,1.2854816554275228e-07,3.455603872493107e-09,0.11549905034354419,True
Euler,fig5,SD2,moving,time_half,0.02,u,4.0294208922611596e-07,4.0298994339205835e-07,9.662706502988616e-10,0.03004067291014295,True
Euler,fig5,SD2,moving,time_half,0.02,v,2.4958144830000695e-07,2.527296462662143e-07,6.910746599975148e-09,0.11549905034354419,True
Euler,fig5,SD2,moving,x_half,0.001,u,2.014802194961335e-08,2.0149963759173717e-08,1.1367543590462548e-08,0.03004067291014295,True
Euler,fig5,SD2,moving,x_half,0.001,v,2.183010228834492e-08,1.2946966124194326e-08,2.2154728385181954e-08,0.11549905034354419,True
Euler,fig5,SD2,moving,x_half,0.005,u,1.0073783642157441e-07,1.0075139001992223e-07,1.133507551015489e-08,0.03004067291014295,True
Euler,fig5,SD2,moving,x_half,0.005,v,6.718092890323213e-08,6.471230150351115e-08,2.2696512183562056e-08,0.11549905034354419,True
Euler,fig5,SD2,moving,x_half,0.01,u,2.0147497935274483e-07,2.0150968128157531e-07,1.1292652157129934e-08,0.03004067291014295,True
Euler,fig5,SD2,moving,x_half,0.01,v,1.2703200610864052e-07,1.2938224379366314e-07,2.3431028117748554e-08,0.11549905034354419,True
Euler,fig5,SD2,moving,x_half,0.02,u,4.0294208922611596e-07,4.030322855314017e-07,1.1201677106720265e-08,0.03004067291014295,True
Euler,fig5,SD2,moving,x_half,0.02,v,2.4958144830000695e-07,2.5860067473515436e-07,2.5018067603688188e-08,0.11549905034354419,True
Euler,fig5,SD2,moving,y_half,0.001,u,2.014802194961335e-08,1.1808337755520038e-08,1.7190743604664216e-08,0.03004067291014295,True
Euler,fig5,SD2,moving,y_half,0.001,v,2.183010228834492e-08,2.024337906331164e-08,2.8945256386192497e-08,0.11549905034354419,True
Euler,fig5,SD2,moving,y_half,0.005,u,1.0073783642157441e-07,2.5205004873171677e-08,7.701842048152274e-08,0.03004067291014295,True
Euler,fig5,SD2,moving,y_half,0.005,v,6.718092890323213e-08,2.2859257139962175e-08,4.6935982586648883e-08,0.11549905034354419,True
Euler,fig5,SD2,moving,y_half,0.01,u,2.0147497935274483e-07,5.041012131334899e-08,1.518083738733661e-07,0.03004067291014295,True
Euler,fig5,SD2,moving,y_half,0.01,v,1.2703200610864052e-07,3.361281893099477e-08,9.318517160683548e-08,0.11549905034354419,True
Euler,fig5,SD2,moving,y_half,0.02,u,4.0294208922611596e-07,1.0081789341299247e-07,3.0202565349211896e-07,0.03004067291014295,True
Euler,fig5,SD2,moving,y_half,0.02,v,2.4958144830000695e-07,6.301143512521534e-08,1.856806533390154e-07,0.11549905034354419,True
Euler,fig5,SD2,moving,domain_double,0.001,u,2.014802194961335e-08,2.014842723739585e-08,4.5690963859645883e-10,0.03004067291014295,True
Euler,fig5,SD2,moving,domain_double,0.001,v,2.183010228834492e-08,2.17686016087959e-08,8.271218918110002e-10,0.11549905034354419,True
Euler,fig5,SD2,moving,domain_double,0.005,u,1.0073783642157441e-07,1.0074108012809307e-07,4.566415752471631e-10,0.03004067291014295,True
Euler,fig5,SD2,moving,domain_double,0.005,v,6.718092890323213e-08,6.716600343958934e-08,8.264230688670438e-10,0.11549905034354419,True
Euler,fig5,SD2,moving,domain_double,0.01,u,2.0147497935274483e-07,2.0148138903369056e-07,4.5630179842937046e-10,0.03004067291014295,True
Euler,fig5,SD2,moving,domain_double,0.01,v,1.2703200610864052e-07,1.2703021290416672e-07,8.262344627918417e-10,0.11549905034354419,True
Euler,fig5,SD2,moving,domain_double,0.02,u,4.0294208922611596e-07,4.029557135352621e-07,4.555982015264082e-10,0.03004067291014295,True
Euler,fig5,SD2,moving,domain_double,0.02,v,2.4958144830000695e-07,2.4960905695148305e-07,8.261266323805749e-10,0.11549905034354419,True
Euler,fig5,SD2,moving,time_quarter,0.001,u,2.014802194961335e-08,2.0151611313662388e-08,7.237126523063075e-11,0.03004067291014295,True
Euler,fig5,SD2,moving,time_quarter,0.001,v,2.183010228834492e-08,2.1697175632551247e-08,5.18359632994958e-10,0.11549905034354419,True
Euler,fig5,SD2,moving,time_quarter,0.005,u,1.0073783642157441e-07,1.0075573427057588e-07,3.619630567497367e-10,0.03004067291014295,True
Euler,fig5,SD2,moving,time_quarter,0.005,v,6.718092890323213e-08,6.829240434269579e-08,2.5917688967203034e-09,0.11549905034354419,True
Euler,fig5,SD2,moving,time_quarter,0.01,u,2.0147497935274483e-07,2.01510864252831e-07,7.241880359276642e-10,0.03004067291014295,True
Euler,fig5,SD2,moving,time_quarter,0.01,v,1.2703200610864052e-07,1.2930637947883294e-07,5.1834011249862755e-09,0.11549905034354419,True
Euler,fig5,SD2,moving,time_quarter,0.02,u,4.0294208922611596e-07,4.030138741001679e-07,1.449415143461863e-09,0.03004067291014295,True
Euler,fig5,SD2,moving,time_quarter,0.02,v,2.4958144830000695e-07,2.5430365890866113e-07,1.0366111163895297e-08,0.11549905034354419,True
Euler,fig5,FD,moving,time_half,0.001,u,1.1139121035286248e-08,1.1164896396298474e-08,3.0787841026613805e-11,0.03004067291014295,True
Euler,fig5,FD,moving,time_half,0.001,v,2.2152744333370222e-08,2.2308291797168422e-08,1.5925108454162284e-10,0.11549905034354419,True
Euler,fig5,FD,moving,time_half,0.005,u,1.0964201217072977e-08,1.0961728559577555e-08,1.5398601838079173e-10,0.03004067291014295,True
Euler,fig5,FD,moving,time_half,0.005,v,2.2257937701275488e-08,2.3036353283267808e-08,7.965591103387126e-10,0.11549905034354419,True
Euler,fig5,FD,moving,time_half,0.01,u,1.0991491168621526e-08,1.0986498159143432e-08,3.080871946448127e-10,0.03004067291014295,True
Euler,fig5,FD,moving,time_half,0.01,v,2.2746275682439254e-08,2.4203117940380103e-08,1.5938860231656804e-09,0.11549905034354419,True
Euler,fig5,FD,moving,time_half,0.02,u,1.6331773513428294e-08,1.6027036791460558e-08,6.166438228094595e-10,0.03004067291014295,True
Euler,fig5,FD,moving,time_half,0.02,v,2.4212227070496972e-08,2.6895768043266877e-08,3.1908223008247916e-09,0.11549905034354419,True
Euler,fig5,FD,moving,x_half,0.001,u,1.1139121035286248e-08,8.575314590364425e-10,1.1366285832675738e-08,0.03004067291014295,True
Euler,fig5,FD,moving,x_half,0.001,v,2.2152744333370222e-08,1.573989064085346e-09,2.1957169860087333e-08,0.11549905034354419,True
Euler,fig5,FD,moving,x_half,0.005,u,1.0964201217072977e-08,3.7496994936131456e-09,1.1330574232332191e-08,0.03004067291014295,True
Euler,fig5,FD,moving,x_half,0.005,v,2.2257937701275488e-08,2.565932133435922e-09,2.1412016465438555e-08,0.11549905034354419,True
Euler,fig5,FD,moving,x_half,0.01,u,1.0991491168621526e-08,7.490388484812649e-09,1.1288054137248427e-08,0.03004067291014295,True
Euler,fig5,FD,moving,x_half,0.01,v,2.2746275682439254e-08,4.272145470718414e-09,2.0718151819143493e-08,0.11549905034354419,True
Euler,fig5,FD,moving,x_half,0.02,u,1.6331773513428294e-08,1.4971193172327868e-08,1.1221154828239266e-08,0.03004067291014295,True
Euler,fig5,FD,moving,x_half,0.02,v,2.4212227070496972e-08,8.312495983209267e-09,1.9335137713127892e-08,0.11549905034354419,True
Euler,fig5,FD,moving,y_half,0.001,u,1.1139121035286248e-08,1.132751331275883e-08,4.776902876729716e-09,0.03004067291014295,True
Euler,fig5,FD,moving,y_half,0.001,v,2.2152744333370222e-08,2.1994012430748278e-08,3.1929337174219086e-08,0.11549905034354419,True
Euler,fig5,FD,moving,y_half,0.005,u,1.0964201217072977e-08,1.0993838794187694e-08,4.90509105555148e-09,0.03004067291014295,True
Euler,fig5,FD,moving,y_half,0.005,v,2.2257937701275488e-08,2.1100488412084673e-08,3.1792222562887495e-08,0.11549905034354419,True
Euler,fig5,FD,moving,y_half,0.01,u,1.0991491168621526e-08,1.0973781310735786e-08,5.655891598815854e-09,0.03004067291014295,True
Euler,fig5,FD,moving,y_half,0.01,v,2.2746275682439254e-08,2.001618006064465e-08,3.184195626615427e-08,0.11549905034354419,True
Euler,fig5,FD,moving,y_half,0.02,u,1.6331773513428294e-08,1.1009848494697438e-08,1.1275958338927139e-08,0.03004067291014295,True
Euler,fig5,FD,moving,y_half,0.02,v,2.4212227070496972e-08,1.857852481579325e-08,3.255728656115231e-08,0.11549905034354419,True
Euler,fig5,FD,moving,domain_double,0.001,u,1.1139121035286248e-08,1.111847863777271e-08,4.5690858388458544e-10,0.03004067291014295,True
Euler,fig5,FD,moving,domain_double,0.001,v,2.2152744333370222e-08,2.2111005706926257e-08,8.267175347076439e-10,0.11549905034354419,True
Euler,fig5,FD,moving,domain_double,0.005,u,1.0964201217072977e-08,1.0896711429009276e-08,4.566419568863278e-10,0.03004067291014295,True
Euler,fig5,FD,moving,domain_double,0.005,v,2.2257937701275488e-08,2.221517840517162e-08,8.255404346235728e-10,0.11549905034354419,True
Euler,fig5,FD,moving,domain_double,0.01,u,1.0991491168621526e-08,1.0923318645439384e-08,4.5630193720724854e-10,0.03004067291014295,True
Euler,fig5,FD,moving,domain_double,0.01,v,2.2746275682439254e-08,2.26982640183504e-08,8.24022704237759e-10,0.11549905034354419,True
Euler,fig5,FD,moving,domain_double,0.02,u,1.6331773513428294e-08,1.6311487882614273e-08,4.5559878786294306e-10,0.03004067291014295,True
Euler,fig5,FD,moving,domain_double,0.02,v,2.4212227070496972e-08,2.4157645758804414e-08,8.208334081882818e-10,0.11549905034354419,True
Euler,fig5,FD,moving,time_quarter,0.001,u,1.1139121035286248e-08,1.1177783653532058e-08,4.618195409422654e-11,0.03004067291014295,True
Euler,fig5,FD,moving,time_quarter,0.001,v,2.2152744333370222e-08,2.2386066736435062e-08,2.388772096795222e-10,0.11549905034354419,True
Euler,fig5,FD,moving,time_quarter,0.005,u,1.0964201217072977e-08,1.0960492215217332e-08,2.309793085963907e-10,0.03004067291014295,True
Euler,fig5,FD,moving,time_quarter,0.005,v,2.2257937701275488e-08,2.3425567124979452e-08,1.1948416422935537e-09,0.11549905034354419,True
Euler,fig5,FD,moving,time_quarter,0.01,u,1.0991491168621526e-08,1.0984001350827777e-08,4.6213166626785096e-10,0.03004067291014295,True
Euler,fig5,FD,moving,time_quarter,0.01,v,2.2746275682439254e-08,2.4931552891627184e-08,2.3908349605639145e-09,0.11549905034354419,True
Euler,fig5,FD,moving,time_quarter,0.02,u,1.6331773513428294e-08,1.5874662036285958e-08,9.249670335220728e-10,0.03004067291014295,True
Euler,fig5,FD,moving,time_quarter,0.02,v,2.4212227070496972e-08,2.8237568616695796e-08,4.786244969801068e-09,0.11549905034354419,True
