key,p,route,branch,config,nx,h,dt,t,status,reused,E_u,E_v,high_fraction_u,high_fraction_v,J_min,R_min
p1.000000_fd_fixed_main,1.0,fd,fixed,main,512,0.125,1.25e-05,0.005,completed,True,0.00014748063849800985,5.498262763026229e-05,0.04236120697380155,0.0910364761492774,1.0,0.9999999999999996
p1.000000_fd_fixed_main,1.0,fd,fixed,main,512,0.125,1.25e-05,0.01,completed,True,0.0003653767599520741,0.00014368729762992416,0.09663322751670665,0.12409274335019152,1.0,0.9999999999999996
p1.000000_fd_minus_main,1.0,fd,minus,main,512,0.125,1.25e-05,0.005,completed,True,7.140851702502893e-05,2.9480637457557357e-05,0.03951944458446618,0.05203710867250902,0.844814232992217,0.9999999999999997
p1.000000_fd_minus_main,1.0,fd,minus,main,512,0.125,1.25e-05,0.01,completed,True,0.00019974721433357878,7.671114476537344e-05,0.07191252752529666,0.08291947859852493,0.8449246584847946,0.9999999999999996
p1.000000_fd_plus_main,1.0,fd,plus,main,512,0.125,1.25e-05,0.005,completed,True,4.92500042403865e-05,2.91071224147732e-05,0.005709311418379187,0.0295909483572883,0.845209908709514,0.9999999999999994
p1.000000_fd_plus_main,1.0,fd,plus,main,512,0.125,1.25e-05,0.01,completed,True,9.845708464339964e-05,5.918648708980179e-05,0.03425845011126631,0.03721297238423711,0.8452444025440761,0.9999999999999983
p1.000000_fd_symmetric_main,1.0,fd,symmetric,main,512,0.125,1.25e-05,0.005,completed,True,5.192567231437906e-05,2.4365966782236015e-05,0.00978399858319487,0.020849782999654044,0.850679080248883,0.9999999999999996
p1.000000_fd_symmetric_main,1.0,fd,symmetric,main,512,0.125,1.25e-05,0.01,completed,True,0.00012989877486258017,5.523529749229539e-05,0.01859549121199015,0.04485224138301697,0.8505975846303168,0.9999999999999991
p1.000000_sd_fixed_main,1.0,sd,fixed,main,512,0.125,1.25e-05,0.005,completed,True,0.00012995148178784888,5.224851934304553e-05,0.045974636399987376,0.09080844108131668,1.0,0.9999999999999996
p1.000000_sd_fixed_main,1.0,sd,fixed,main,512,0.125,1.25e-05,0.01,completed,True,0.0003250392601266139,0.00013535383903384712,0.10378621471116421,0.12708797634077013,1.0,0.9999999999999996
p1.000000_sd_minus_main,1.0,sd,minus,main,512,0.125,1.25e-05,0.005,completed,True,6.150509223790124e-05,2.627652397446667e-05,0.04725122890256514,0.05836772551015509,0.8448140169309791,0.9999999999999997
p1.000000_sd_minus_main,1.0,sd,minus,main,512,0.125,1.25e-05,0.01,completed,True,0.00015869391918599263,6.753076369292454e-05,0.09463809215484263,0.09867465793360763,0.8449239217668575,0.9999999999999997
p1.000000_sd_plus_main,1.0,sd,plus,main,512,0.125,1.25e-05,0.005,completed,True,4.8935910061609356e-05,3.179850330470302e-05,0.005067113565762138,0.024814991943386613,0.8452097200060439,0.9999999999999992
p1.000000_sd_plus_main,1.0,sd,plus,main,512,0.125,1.25e-05,0.01,completed,True,8.578053265795305e-05,5.736690150681678e-05,0.04266266360968385,0.038675301402280225,0.8452440940931165,0.9999999999999977
p1.000000_sd_symmetric_main,1.0,sd,symmetric,main,512,0.125,1.25e-05,0.005,completed,True,4.460854579635409e-05,2.5588602625803425e-05,0.013010461085885572,0.02064508732528245,0.8506790503036705,0.9999999999999996
p1.000000_sd_symmetric_main,1.0,sd,symmetric,main,512,0.125,1.25e-05,0.01,completed,True,0.00011139037330964996,4.490422561742591e-05,0.025872925840158992,0.05675507632795594,0.8505976230072382,0.9999999999999988
p1.000000_fd_fixed_time_half,1.0,fd,fixed,time_half,512,0.125,6.25e-06,0.005,completed,True,0.00014768581393642677,5.528050366665482e-05,0.04238629496738321,0.09059606027918331,1.0,0.9999999999999996
p1.000000_fd_fixed_time_half,1.0,fd,fixed,time_half,512,0.125,6.25e-06,0.01,completed,True,0.0003662073584207448,0.00014438398505767225,0.09655080260587287,0.12368359605084099,1.0,0.9999999999999996
p1.000000_fd_minus_time_half,1.0,fd,minus,time_half,512,0.125,6.25e-06,0.005,completed,True,7.173756946898813e-05,2.9674357639231097e-05,0.03939365220609061,0.05176046244485931,0.844814279177152,0.9999999999999997
p1.000000_fd_minus_time_half,1.0,fd,minus,time_half,512,0.125,6.25e-06,0.01,completed,True,0.00020058877602879832,7.718017195257332e-05,0.07182851071048331,0.08270546615588778,0.8449247464535354,0.9999999999999996
p1.000000_fd_plus_time_half,1.0,fd,plus,time_half,512,0.125,6.25e-06,0.005,completed,True,4.916588335523997e-05,2.895702663308075e-05,0.005694776204180393,0.02978412836734232,0.8452099607906246,0.9999999999999994
p1.000000_fd_plus_time_half,1.0,fd,plus,time_half,512,0.125,6.25e-06,0.01,completed,True,9.864044945429029e-05,5.890647010453609e-05,0.034392167195698674,0.037446846010591506,0.8452445137782213,0.9999999999999983
p1.000000_fd_symmetric_time_half,1.0,fd,symmetric,time_half,512,0.125,6.25e-06,0.005,completed,True,5.180469856480574e-05,2.4207143868526515e-05,0.009818706986091707,0.02102015452484727,0.8506791212878855,0.9999999999999996
p1.000000_fd_symmetric_time_half,1.0,fd,symmetric,time_half,512,0.125,6.25e-06,0.01,completed,True,0.00013055184260601926,5.566827682546016e-05,0.018663872824243064,0.04460591232322581,0.8505976668281047,0.9999999999999991
p1.000000_sd_fixed_time_half,1.0,sd,fixed,time_half,512,0.125,6.25e-06,0.005,completed,True,0.0001301583488815261,5.199812131861936e-05,0.04599438127210173,0.09131568679811965,1.0,0.9999999999999996
p1.000000_sd_fixed_time_half,1.0,sd,fixed,time_half,512,0.125,6.25e-06,0.01,completed,True,0.000325871033656,0.00013606300824309248,0.10384754571892904,0.1265971294899206,1.0,0.9999999999999996
p1.000000_sd_minus_time_half,1.0,sd,minus,time_half,512,0.125,6.25e-06,0.005,completed,True,6.135941374862952e-05,2.6473820040062712e-05,0.04742596571741368,0.05800053645868536,0.8448140629288605,0.9999999999999997
p1.000000_sd_minus_time_half,1.0,sd,minus,time_half,512,0.125,6.25e-06,0.01,completed,True,0.0001584814718240679,6.80004273697632e-05,0.09501504618105142,0.09832785086985436,0.8449240096607737,0.9999999999999997
p1.000000_sd_plus_time_half,1.0,sd,plus,time_half,512,0.125,6.25e-06,0.005,completed,True,4.914104384168283e-05,3.164184997905828e-05,0.005023660535234995,0.024946856366972914,0.8452097716875326,0.9999999999999992
p1.000000_sd_plus_time_half,1.0,sd,plus,time_half,512,0.125,6.25e-06,0.01,completed,True,8.623557488063316e-05,5.710666505975848e-05,0.042590270490226734,0.038932566589101665,0.845244204772335,0.9999999999999977
p1.000000_sd_symmetric_time_half,1.0,sd,symmetric,time_half,512,0.125,6.25e-06,0.005,completed,True,4.4463002610850566e-05,2.5431554514732113e-05,0.013065454773822566,0.02080580121296699,0.8506790913926768,0.9999999999999996
p1.000000_sd_symmetric_time_half,1.0,sd,symmetric,time_half,512,0.125,6.25e-06,0.01,completed,True,0.0001111700569861318,4.529715206513796e-05,0.02598044983393276,0.05636821642824422,0.8505977059948511,0.9999999999999988
p1.000000_fd_fixed_fine_half,1.0,fd,fixed,fine_half,1024,0.125,6.25e-06,0.005,completed,True,1.5342665652617882e-05,6.874213565488674e-06,5.074098006252806e-05,0.0001012856150743244,1.0,0.9999999999999982
p1.000000_fd_fixed_fine_half,1.0,fd,fixed,fine_half,1024,0.125,6.25e-06,0.01,completed,True,4.207080156026777e-05,1.8940089036134644e-05,0.00214808935690811,0.005309034105112631,1.0,0.9999999999991748
p1.000000_fd_minus_fine_half,1.0,fd,minus,fine_half,1024,0.125,6.25e-06,0.005,completed,True,9.544513763781737e-06,4.9868540987763055e-06,3.457118160139395e-05,4.864341864001369e-05,0.8448055475963806,0.9999999999999982
p1.000000_fd_minus_fine_half,1.0,fd,minus,fine_half,1024,0.125,6.25e-06,0.01,completed,True,2.68486179608729e-05,1.256986786590808e-05,0.010123430788466893,0.0119812620831655,0.8449068836565616,0.9999999999992361
p1.000000_fd_plus_fine_half,1.0,fd,plus,fine_half,1024,0.125,6.25e-06,0.005,completed,True,7.986191405295884e-06,5.259039828398038e-06,6.618704786411948e-06,5.652815655610066e-06,0.844783701454892,0.9999999999999795
p1.000000_fd_plus_fine_half,1.0,fd,plus,fine_half,1024,0.125,6.25e-06,0.01,completed,True,1.961147261386742e-05,1.0839744052248967e-05,0.0036694518942384756,0.0052393569441154374,0.8447788995230523,0.9999999999853242
p1.000000_fd_symmetric_fine_half,1.0,fd,symmetric,fine_half,1024,0.125,6.25e-06,0.005,completed,True,8.653648536638414e-06,4.925047319304099e-06,3.051411819392609e-06,5.044769871388217e-06,0.8506722121390573,0.9999999999999911
p1.000000_fd_symmetric_fine_half,1.0,fd,symmetric,fine_half,1024,0.125,6.25e-06,0.01,completed,True,2.239576472251592e-05,1.1133928034978702e-05,0.0018230042894441941,0.002237325543542751,0.8505922058614928,0.9999999999926792
p1.000000_sd_fixed_fine_half,1.0,sd,fixed,fine_half,1024,0.125,6.25e-06,0.005,completed,True,1.3348137666291393e-05,5.342051174195284e-06,6.921048488407348e-05,0.0001524794901676235,1.0,0.9999999999999981
p1.000000_sd_fixed_fine_half,1.0,sd,fixed,fine_half,1024,0.125,6.25e-06,0.01,completed,True,3.000965154642543e-05,1.1707169132901818e-05,0.0035977046754552024,0.00903531852535571,1.0,0.999999999998484
p1.000000_sd_minus_fine_half,1.0,sd,minus,fine_half,1024,0.125,6.25e-06,0.005,completed,True,1.111284413113367e-05,4.986326669564889e-06,3.0929312680646486e-05,4.47272618020542e-05,0.8448053310881395,0.999999999999998
p1.000000_sd_minus_fine_half,1.0,sd,minus,fine_half,1024,0.125,6.25e-06,0.01,completed,True,2.4613474623347287e-05,1.125126361012363e-05,0.01210371327956981,0.015029351153085027,0.8449063298734717,0.9999999999988843
p1.000000_sd_plus_fine_half,1.0,sd,plus,fine_half,1024,0.125,6.25e-06,0.005,completed,True,1.411329031619779e-05,5.451003761036688e-06,3.7339073161260404e-06,6.471803758273401e-06,0.8447835555739855,0.9999999999999731
p1.000000_sd_plus_fine_half,1.0,sd,plus,fine_half,1024,0.125,6.25e-06,0.01,completed,True,2.864907983224363e-05,1.2279634179934718e-05,0.002481638628603357,0.006969971661451738,0.8447780010637562,0.9999999999828003
p1.000000_sd_symmetric_fine_half,1.0,sd,symmetric,fine_half,1024,0.125,6.25e-06,0.005,completed,True,1.260423460158755e-05,5.165759410674653e-06,1.8821973387765503e-06,9.760330049207867e-06,0.85067218687557,0.9999999999999863
p1.000000_sd_symmetric_fine_half,1.0,sd,symmetric,fine_half,1024,0.125,6.25e-06,0.01,completed,True,2.475343514807271e-05,1.1666803503951328e-05,0.0017176205358427608,0.004780878611117354,0.8505922920783084,0.9999999999908423
p2.000000_fd_fixed_main,2.0,fd,fixed,main,512,0.125,1.25e-05,0.005,completed,True,0.0007393354627116544,0.0006268346328131003,0.20288869108304777,0.18441197923016983,1.0,0.9999999999999996
p2.000000_fd_fixed_main,2.0,fd,fixed,main,512,0.125,1.25e-05,0.01,completed,True,0.002521717183463501,0.001763775997910333,0.26681871445879923,0.2622517345285055,1.0,0.9999999999999996
p2.000000_fd_minus_main,2.0,fd,minus,main,512,0.125,1.25e-05,0.005,completed,True,0.0004871144434854813,0.00034142762410294125,0.1305281924231903,0.15094233015988145,0.7018045297261112,0.9999999999999996
p2.000000_fd_minus_main,2.0,fd,minus,main,512,0.125,1.25e-05,0.01,completed,True,0.0017934751006873917,0.0009298011362826042,0.23089513137719034,0.29048513906913603,0.7018462909218539,0.9999999999999996
p2.000000_fd_plus_main,2.0,fd,plus,main,512,0.125,1.25e-05,0.005,completed,True,0.00019867373347526307,0.0002807746397042177,0.05710536801615166,0.08760475505975505,0.7018502934781726,0.9999999999999996
p2.000000_fd_plus_main,2.0,fd,plus,main,512,0.125,1.25e-05,0.01,completed,True,0.0004251725865407341,0.0005825800468601816,0.19867014991567927,0.10473053003429271,0.701807396146803,0.999999999999998
p2.000000_fd_symmetric_main,2.0,fd,symmetric,main,512,0.125,1.25e-05,0.005,completed,True,0.00022947093994862833,0.00020996318849686446,0.06328269708610208,0.0673721470742061,0.7215654007216199,0.9999999999999996
p2.000000_fd_symmetric_main,2.0,fd,symmetric,main,512,0.125,1.25e-05,0.01,completed,True,0.0006578943337176568,0.0005906993045972087,0.1634334724633455,0.16682758096936576,0.7215289638990217,0.999999999999999
p2.000000_sd_fixed_main,2.0,sd,fixed,main,512,0.125,1.25e-05,0.005,completed,True,0.0005958188007055831,0.0005663635776713694,0.2443967816204461,0.19243696220752748,1.0,0.9999999999999996
p2.000000_sd_fixed_main,2.0,sd,fixed,main,512,0.125,1.25e-05,0.01,completed,True,0.002035761908959266,0.0015856688025017718,0.3214016310913387,0.2773648094938621,1.0,0.9999999999999996
p2.000000_sd_minus_main,2.0,sd,minus,main,512,0.125,1.25e-05,0.005,completed,True,0.0003423484723694692,0.0002964483697864839,0.18471346535059327,0.17583927556013462,0.7018031080721248,0.9999999999999996
p2.000000_sd_minus_main,2.0,sd,minus,main,512,0.125,1.25e-05,0.01,completed,True,0.0014762427668388867,0.000845300853917319,0.27878446460343126,0.3338419807988453,0.7018422377861601,0.9999999999999996
p2.000000_sd_plus_main,2.0,sd,plus,main,512,0.125,1.25e-05,0.005,completed,True,0.0002520138437644981,0.00026557100038315795,0.03824574992291149,0.08414388826044661,0.7018476071804151,0.9999999999999996
p2.000000_sd_plus_main,2.0,sd,plus,main,512,0.125,1.25e-05,0.01,completed,True,0.0006040469534775994,0.0004812684742350193,0.16862376563101455,0.11885226474573313,0.7017915066351446,0.9999999999999986
p2.000000_sd_symmetric_main,2.0,sd,symmetric,main,512,0.125,1.25e-05,0.005,completed,True,0.0001705953879551636,0.0001652424812013109,0.08065544644786109,0.08577462383315085,0.7215643930061368,0.9999999999999996
p2.000000_sd_symmetric_main,2.0,sd,symmetric,main,512,0.125,1.25e-05,0.01,completed,True,0.00046211936675377707,0.0005153271647442281,0.21879823761578515,0.19985743768090453,0.7215304898163143,0.9999999999999992
p2.000000_fd_fixed_time_half,2.0,fd,fixed,time_half,512,0.125,6.25e-06,0.005,completed,True,0.0007403293565251268,0.0006273265138745376,0.20289682659695588,0.18446374744982924,1.0,0.9999999999999996
p2.000000_fd_fixed_time_half,2.0,fd,fixed,time_half,512,0.125,6.25e-06,0.01,completed,True,0.002525095226194818,0.001765982710482783,0.2670378151592652,0.2624402838472611,1.0,0.9999999999999996
p2.000000_fd_minus_time_half,2.0,fd,minus,time_half,512,0.125,6.25e-06,0.005,completed,True,0.0004878965483499087,0.0003416725031395451,0.1305855267744279,0.1510591737039277,0.7018045493166064,0.9999999999999996
p2.000000_fd_minus_time_half,2.0,fd,minus,time_half,512,0.125,6.25e-06,0.01,completed,True,0.0017971962691167853,0.000930872602951327,0.231475618920001,0.291200262645545,0.7018463465889571,0.9999999999999996
p2.000000_fd_plus_time_half,2.0,fd,plus,time_half,512,0.125,6.25e-06,0.005,completed,True,0.0001986840016660052,0.0002806962371040278,0.05717123376668931,0.08761697659616688,0.7018503140426637,0.9999999999999996
p2.000000_fd_plus_time_half,2.0,fd,plus,time_half,512,0.125,6.25e-06,0.01,completed,True,0.00042568857190738996,0.0005824729182433153,0.20017880212004358,0.10550360597306178,0.701807436066469,0.999999999999998
p2.000000_fd_symmetric_time_half,2.0,fd,symmetric,time_half,512,0.125,6.25e-06,0.005,completed,True,0.00022956765523196587,0.00021013004065784102,0.06340139105854907,0.06747664992304733,0.721565416670669,0.9999999999999996
p2.000000_fd_symmetric_time_half,2.0,fd,symmetric,time_half,512,0.125,6.25e-06,0.01,completed,True,0.0006584912643070595,0.0005916720443088774,0.16421819925836076,0.16737033958732891,0.7215289709999928,0.999999999999999
p2.000000_sd_fixed_time_half,2.0,sd,fixed,time_half,512,0.125,6.25e-06,0.005,completed,True,0.0005959010169807044,0.0005668370789089217,0.2447165828986212,0.19247868426003503,1.0,0.9999999999999996
p2.000000_sd_fixed_time_half,2.0,sd,fixed,time_half,512,0.125,6.25e-06,0.01,completed,True,0.002038994634714797,0.00158769359300992,0.3215985194467679,0.2774827535587302,1.0,0.9999999999999996
p2.000000_sd_minus_time_half,2.0,sd,minus,time_half,512,0.125,6.25e-06,0.005,completed,True,0.0003431133465117142,0.0002966969381155149,0.18468937942014332,0.17596084729751452,0.7018031268282126,0.9999999999999996
p2.000000_sd_minus_time_half,2.0,sd,minus,time_half,512,0.125,6.25e-06,0.01,completed,True,0.0014799738795887585,0.0008463558858180509,0.2793021660470593,0.33471041101522975,0.7018422976046472,0.9999999999999996
p2.000000_sd_plus_time_half,2.0,sd,plus,time_half,512,0.125,6.25e-06,0.005,completed,True,0.0002516459992465414,0.00026546086085210696,0.03826660799541035,0.0841337035930869,0.7018476216401839,0.9999999999999996
p2.000000_sd_plus_time_half,2.0,sd,plus,time_half,512,0.125,6.25e-06,0.01,completed,True,0.0006050591393602645,0.0004825001079857838,0.16979712967551075,0.1196430163986052,0.7017915150432088,0.9999999999999983
p2.000000_sd_symmetric_time_half,2.0,sd,symmetric,time_half,512,0.125,6.25e-06,0.005,completed,True,0.00017063883873469354,0.00016541675060932626,0.08080966518924322,0.08589352776600977,0.721564406812056,0.9999999999999996
p2.000000_sd_symmetric_time_half,2.0,sd,symmetric,time_half,512,0.125,6.25e-06,0.01,completed,True,0.0004627104002827842,0.000516289693015759,0.21975625528686552,0.20049494091587852,0.7215305018995479,0.9999999999999991
p2.000000_fd_fixed_fine_half,2.0,fd,fixed,fine_half,1024,0.125,6.25e-06,0.005,completed,True,0.00011410822046453717,0.00010393846079281843,0.0017073489473016321,0.002459571239806074,1.0,0.9999999999999986
p2.000000_fd_fixed_fine_half,2.0,fd,fixed,fine_half,1024,0.125,6.25e-06,0.01,completed,True,0.000418393181131016,0.00039868166263290483,0.1033315088371226,0.09026336406080428,1.0,0.9999999999990473
p2.000000_fd_minus_fine_half,2.0,fd,minus,fine_half,1024,0.125,6.25e-06,0.005,completed,True,7.131225667578178e-05,7.300947077526487e-05,0.001522900719393899,0.002845287644386217,0.701801762909637,0.9999999999999987
p2.000000_fd_minus_fine_half,2.0,fd,minus,fine_half,1024,0.125,6.25e-06,0.01,completed,True,0.0027596646054264262,0.006773011596195477,1.001814359494482,1.0283191859250942,0.7018501122080245,0.9999999999991369
p2.000000_fd_plus_fine_half,2.0,fd,plus,fine_half,1024,0.125,6.25e-06,0.005,completed,True,6.007705523725093e-05,6.756179557343422e-05,0.0007119014869920472,0.00029846904741379993,0.7018401269301467,0.9999999999999629
p2.000000_fd_plus_fine_half,2.0,fd,plus,fine_half,1024,0.125,6.25e-06,0.01,completed,True,0.0023982704349183592,0.0013711760460799471,1.0038351579070908,0.9826416237290106,0.7017123138738699,0.9999999999784848
p2.000000_fd_symmetric_fine_half,2.0,fd,symmetric,fine_half,1024,0.125,6.25e-06,0.005,completed,True,6.575129550157044e-05,6.513885054904023e-05,0.00025530652669884975,0.00024220245311261162,0.7209233448010748,0.9999999999999816
p2.000000_fd_symmetric_fine_half,2.0,fd,symmetric,fine_half,1024,0.125,6.25e-06,0.01,completed,True,0.0005618951919981185,0.0003928200945451099,0.50161901597621,0.5055357174573297,0.7209140748063807,0.9999999999893253
p2.000000_sd_fixed_fine_half,2.0,sd,fixed,fine_half,1024,0.125,6.25e-06,0.005,completed,True,0.00011648017461496352,5.7431301620392006e-05,0.00124954173421249,0.002852952521706958,1.0,0.9999999999999982
p2.000000_sd_fixed_fine_half,2.0,sd,fixed,fine_half,1024,0.125,6.25e-06,0.01,completed,True,0.00035171878313544624,0.00019093031332761967,0.08797179695675807,0.12272082956069785,1.0,0.9999999999987526
p2.000000_sd_minus_fine_half,2.0,sd,minus,fine_half,1024,0.125,6.25e-06,0.005,completed,True,0.00015538880679866196,5.1766549431953024e-05,0.0008083564490780094,0.004693264440694189,0.7018003331782524,0.9999999999999981
p2.000000_sd_minus_fine_half,2.0,sd,minus,fine_half,1024,0.125,6.25e-06,0.01,completed,True,0.00395652077474562,0.008204927900694603,0.9445809180042747,1.0469661077880763,0.7018418071981116,0.9999999999990987
p2.000000_sd_plus_fine_half,2.0,sd,plus,fine_half,1024,0.125,6.25e-06,0.005,completed,True,0.00016166085075441927,5.18489182985693e-05,0.00015587879505693034,0.0007353822331805657,0.7018374054447272,0.9999999999999463
p2.000000_sd_plus_fine_half,2.0,sd,plus,fine_half,1024,0.125,6.25e-06,0.01,completed,True,0.0017188273271901977,0.0022452957598544376,0.782982757389462,0.90855371520778,0.7018183668956957,0.999999999973309
p2.000000_sd_symmetric_fine_half,2.0,sd,symmetric,fine_half,1024,0.125,6.25e-06,0.005,completed,True,0.00015510022562548187,5.1839284690213816e-05,0.00016263286696611715,0.0005687506194529295,0.7209228044978315,0.9999999999999722
p2.000000_sd_symmetric_fine_half,2.0,sd,symmetric,fine_half,1024,0.125,6.25e-06,0.01,completed,True,0.000959036018761239,0.0010964028307700602,0.749195188744253,0.7608570038490988,0.7209064029905852,0.9999999999864744
p0.500000_fd_fixed_main,0.5,fd,fixed,main,512,0.125,1.25e-05,0.005,completed,False,5.535251722132983e-05,1.2284580033550263e-05,0.012935516339974331,0.04799254907418559,1.0,0.9999999999999997
p0.500000_fd_fixed_main,0.5,fd,fixed,main,512,0.125,1.25e-05,0.01,completed,False,0.00012094718463062648,3.216093500169048e-05,0.03068433463243527,0.06375710629616327,1.0,0.9999999999999997
p0.500000_fd_minus_main,0.5,fd,minus,main,512,0.125,1.25e-05,0.005,completed,False,2.861839371526287e-05,7.4458746391892205e-06,0.013263033403096024,0.022029802779441443,0.8924245800655081,0.9999999999999996
p0.500000_fd_minus_main,0.5,fd,minus,main,512,0.125,1.25e-05,0.01,completed,False,6.548959942187516e-05,1.8529663159183585e-05,0.029564595382913065,0.04113400777592017,0.8925349156912369,0.9999999999999996
p0.500000_fd_plus_main,0.5,fd,plus,main,512,0.125,1.25e-05,0.005,completed,False,2.6177496418977597e-05,7.706923682626599e-06,0.0022246730766896086,0.013614943283681017,0.8925886527525858,0.9999999999999994
p0.500000_fd_plus_main,0.5,fd,plus,main,512,0.125,1.25e-05,0.01,completed,False,5.256867107039653e-05,1.5551384495771092e-05,0.005446447151115801,0.01674064217223747,0.8924574868178861,0.9999999999999981
p0.500000_fd_symmetric_main,0.5,fd,symmetric,main,512,0.125,1.25e-05,0.005,completed,False,2.612295806270204e-05,7.104422366677188e-06,0.004100762621174209,0.008686363042362782,0.8952949920676254,0.9999999999999996
p0.500000_fd_symmetric_main,0.5,fd,symmetric,main,512,0.125,1.25e-05,0.01,completed,False,5.593865660502573e-05,1.5910581462219575e-05,0.00881064174595371,0.016886577156433068,0.8952848029734288,0.999999999999999
p0.500000_sd_fixed_main,0.5,sd,fixed,main,512,0.125,1.25e-05,0.005,completed,False,4.8444853960827317e-05,1.4376452664610628e-05,0.014269263016005078,0.03914223309089143,1.0,0.9999999999999997
p0.500000_sd_fixed_main,0.5,sd,fixed,main,512,0.125,1.25e-05,0.01,completed,False,0.00010680710305743801,2.9538869238010523e-05,0.033676569089031376,0.06748195524991465,1.0,0.9999999999999997
p0.500000_sd_minus_main,0.5,sd,minus,main,512,0.125,1.25e-05,0.005,completed,False,2.3142139218279567e-05,7.866690992230918e-06,0.01685171808723772,0.020821774614614624,0.892424511237208,0.9999999999999996
p0.500000_sd_minus_main,0.5,sd,minus,main,512,0.125,1.25e-05,0.01,completed,False,5.384750508241609e-05,1.5449399037414935e-05,0.03776224350556224,0.04949780462085706,0.8925346663414494,0.9999999999999996
p0.500000_sd_plus_main,0.5,sd,plus,main,512,0.125,1.25e-05,0.005,completed,False,2.020338787955822e-05,9.754427368113827e-06,0.0031614151980123963,0.010077268988713261,0.8925886328000708,0.9999999999999996
p0.500000_sd_plus_main,0.5,sd,plus,main,512,0.125,1.25e-05,0.01,completed,False,3.9802109596642765e-05,1.755654838581089e-05,0.00866777732074003,0.015051546678953684,0.8924573947277734,0.9999999999999982
p0.500000_sd_symmetric_main,0.5,sd,symmetric,main,512,0.125,1.25e-05,0.005,completed,False,1.9542738299960227e-05,8.744811408778475e-06,0.005719196727677132,0.007394681469231547,0.8952949711880698,0.9999999999999996
p0.500000_sd_symmetric_main,0.5,sd,symmetric,main,512,0.125,1.25e-05,0.01,completed,False,4.457096748133882e-05,1.582588107112981e-05,0.011636475330897768,0.017609171992779987,0.8952847425400956,0.9999999999999989
p0.500000_fd_fixed_time_half,0.5,fd,fixed,time_half,512,0.125,6.25e-06,0.005,completed,False,5.5447758950055714e-05,1.2523898239247266e-05,0.01293297569349334,0.04705526221112787,1.0,0.9999999999999997
p0.500000_fd_fixed_time_half,0.5,fd,fixed,time_half,512,0.125,6.25e-06,0.01,completed,False,0.0001213138563480598,3.267611952095795e-05,0.030671454973332953,0.06279570910082516,1.0,0.9999999999999997
p0.500000_fd_minus_time_half,0.5,fd,minus,time_half,512,0.125,6.25e-06,0.005,completed,False,2.8772578666957926e-05,7.617301406914745e-06,0.0132068340846256,0.02154742842352844,0.8924246256579169,0.9999999999999996
p0.500000_fd_minus_time_half,0.5,fd,minus,time_half,512,0.125,6.25e-06,0.01,completed,False,6.591412356526938e-05,1.8898969817493505e-05,0.029475620217062917,0.040415484095699235,0.8925350038183834,0.9999999999999996
p0.500000_fd_plus_time_half,0.5,fd,plus,time_half,512,0.125,6.25e-06,0.005,completed,False,2.6174713623206003e-05,7.561037417946892e-06,0.0022215383092980662,0.013897806171823976,0.8925887022530221,0.9999999999999994
p0.500000_fd_plus_time_half,0.5,fd,plus,time_half,512,0.125,6.25e-06,0.01,completed,False,5.272003022338545e-05,1.527029951559067e-05,0.0054418704350085315,0.01709581994100829,0.8924575932774184,0.9999999999999981
p0.500000_fd_symmetric_time_half,0.5,fd,symmetric,time_half,512,0.125,6.25e-06,0.005,completed,False,2.620829994293139e-05,6.950038756892152e-06,0.004092282142225552,0.008882565819293696,0.8952950347204447,0.9999999999999996
p0.500000_fd_symmetric_time_half,0.5,fd,symmetric,time_half,512,0.125,6.25e-06,0.01,completed,False,5.627564022536724e-05,1.6294764890123492e-05,0.008770283975699969,0.016535806032175037,0.8952848893118291,0.999999999999999
p0.500000_sd_fixed_time_half,0.5,sd,fixed,time_half,512,0.125,6.25e-06,0.005,completed,False,4.852117511089382e-05,1.415851776975785e-05,0.014261863796731668,0.03977057140815615,1.0,0.9999999999999997
p0.500000_sd_fixed_time_half,0.5,sd,fixed,time_half,512,0.125,6.25e-06,0.01,completed,False,0.00010717563202211622,3.0058696237067473e-05,0.03365107346445948,0.0663702054367933,1.0,0.9999999999999997
p0.500000_sd_minus_time_half,0.5,sd,minus,time_half,512,0.125,6.25e-06,0.005,completed,False,2.2995239243761567e-05,7.697869129186241e-06,0.017012542293986112,0.021311772323388295,0.8924245567622386,0.9999999999999996
p0.500000_sd_minus_time_half,0.5,sd,minus,time_half,512,0.125,6.25e-06,0.01,completed,False,5.359489201939294e-05,1.5815559646137345e-05,0.03801722207850616,0.04842931005880884,0.892534754396151,0.9999999999999996
p0.500000_sd_plus_time_half,0.5,sd,plus,time_half,512,0.125,6.25e-06,0.005,completed,False,2.0379784246515875e-05,9.593385846273783e-06,0.0031637696701045056,0.01023985577560226,0.892588682268783,0.9999999999999996
p0.500000_sd_plus_time_half,0.5,sd,plus,time_half,512,0.125,6.25e-06,0.01,completed,False,3.9894495163173005e-05,1.7265349695427812e-05,0.008694863800637762,0.015337182974296799,0.8924575011294281,0.9999999999999981
p0.500000_sd_symmetric_time_half,0.5,sd,symmetric,time_half,512,0.125,6.25e-06,0.005,completed,False,1.9399164117195333e-05,8.5813337001861e-06,0.005775771580969313,0.007567997064450953,0.8952950138288492,0.9999999999999996
p0.500000_sd_symmetric_time_half,0.5,sd,symmetric,time_half,512,0.125,6.25e-06,0.01,completed,False,4.431939068405555e-05,1.55192665631243e-05,0.011751420574825758,0.018036155442487167,0.8952848289650712,0.9999999999999989
p0.500000_fd_fixed_fine_half,0.5,fd,fixed,fine_half,1024,0.125,6.25e-06,0.005,completed,False,5.243344722849486e-06,1.7053789654886131e-06,3.5961763918682037e-06,8.21200044321805e-06,1.0,0.9999999999999989
p0.500000_fd_fixed_fine_half,0.5,fd,fixed,fine_half,1024,0.125,6.25e-06,0.01,completed,False,1.1772512654939504e-05,3.619413864286436e-06,0.00015622592924632574,0.0004778415325287923,1.0,0.9999999999994149
p0.500000_fd_minus_fine_half,0.5,fd,minus,fine_half,1024,0.125,6.25e-06,0.005,completed,False,3.4071237526855924e-06,1.3230172161149412e-06,2.122335454818494e-06,4.180135485499201e-06,0.8924184485408351,0.9999999999999982
p0.500000_fd_minus_fine_half,0.5,fd,minus,fine_half,1024,0.125,6.25e-06,0.01,completed,False,7.736737008157135e-06,2.703420257932354e-06,0.0003913997326728317,0.0010640323895576148,0.8924293350915993,0.9999999999993638
p0.500000_fd_plus_fine_half,0.5,fd,plus,fine_half,1024,0.125,6.25e-06,0.005,completed,False,3.248672822753207e-06,1.4163589387439224e-06,5.118240749270073e-07,1.6193922748867853e-06,0.8924093548056151,0.9999999999999777
p0.500000_fd_plus_fine_half,0.5,fd,plus,fine_half,1024,0.125,6.25e-06,0.01,completed,False,6.778612886781943e-06,2.8542840213585663e-06,0.00018722860146349715,0.0011007626656053412,0.8924457223389899,0.9999999999847191
p0.500000_sd_fixed_fine_half,0.5,sd,fixed,fine_half,1024,0.125,6.25e-06,0.005,completed,False,4.647083553521725e-06,2.168918060263536e-06,4.6791742107244625e-06,7.430735044532929e-06,1.0,0.9999999999999977
p0.500000_sd_fixed_fine_half,0.5,sd,fixed,fine_half,1024,0.125,6.25e-06,0.01,completed,False,9.781726699853444e-06,4.550110825285447e-06,0.00022838260180275797,0.00047570307128819855,1.0,0.9999999999985641
p0.500000_sd_minus_fine_half,0.5,sd,minus,fine_half,1024,0.125,6.25e-06,0.005,completed,False,3.928349328274905e-06,1.9171729363498535e-06,1.885110028785825e-06,3.537761499444931e-06,0.892418379251875,0.999999999999997
p0.500000_sd_minus_fine_half,0.5,sd,minus,fine_half,1024,0.125,6.25e-06,0.01,completed,False,7.574178329639025e-06,4.010870270243494e-06,0.00046514873877951226,0.0013617824281859012,0.8924291085983054,0.9999999999989002
p0.500000_fd_symmetric_fine_half,0.5,fd,symmetric,fine_half,1024,0.125,6.25e-06,0.005,completed,False,3.297114689715386e-06,1.3682200880049677e-06,4.186859972372567e-07,3.599694349921607e-06,0.8952892946885792,0.9999999999999898
p0.500000_fd_symmetric_fine_half,0.5,fd,symmetric,fine_half,1024,0.125,6.25e-06,0.01,completed,False,7.2066641048085245e-06,2.7459281902730837e-06,0.000212003589537679,0.0022320140406206553,0.8952791474750292,0.9999999999925588
p0.500000_sd_plus_fine_half,0.5,sd,plus,fine_half,1024,0.125,6.25e-06,0.005,completed,False,4.716099303081478e-06,2.038084022715214e-06,4.051997921242047e-07,2.580269656761726e-06,0.892409317739344,0.9999999999999651
p0.500000_sd_plus_fine_half,0.5,sd,plus,fine_half,1024,0.125,6.25e-06,0.01,completed,False,9.21921595087305e-06,4.308494643445737e-06,0.00023769078014826124,0.0018085058280670767,0.892445623311799,0.9999999999740284
p0.750000_fd_fixed_main,0.75,fd,fixed,main,512,0.125,1.25e-05,0.005,completed,False,9.237361769920405e-05,2.6907667127651358e-05,0.024165861931026978,0.06799211845489596,1.0,0.9999999999999997
p0.750000_fd_fixed_main,0.75,fd,fixed,main,512,0.125,1.25e-05,0.01,completed,False,0.00021247520578260293,7.004737399418648e-05,0.055649456393084704,0.09171320883196352,1.0,0.9999999999999996
p0.750000_fd_minus_main,0.75,fd,minus,main,512,0.125,1.25e-05,0.005,completed,False,4.504967064611343e-05,1.5059025211483501e-05,0.023672980251560567,0.035715806497924524,0.8702628728709921,0.9999999999999996
p0.750000_fd_minus_main,0.75,fd,minus,main,512,0.125,1.25e-05,0.01,completed,False,0.00011361808572751819,3.833015436238707e-05,0.05146666778305631,0.06054938817735394,0.8703765588977797,0.9999999999999996
p0.750000_fd_plus_main,0.75,fd,plus,main,512,0.125,1.25e-05,0.005,completed,False,3.7021062252895476e-05,1.5366989826737232e-05,0.0034353257666441565,0.020591581896240992,0.8706340810765368,0.9999999999999994
p0.750000_fd_plus_main,0.75,fd,plus,main,512,0.125,1.25e-05,0.01,completed,False,7.433125068589952e-05,3.1126633066369536e-05,0.0139959628517938,0.025686374237047293,0.8704274545193343,0.999999999999998
p0.750000_sd_fixed_main,0.75,sd,fixed,main,512,0.125,1.25e-05,0.005,completed,False,8.14716253896286e-05,2.7899148986376687e-05,0.026297269059237155,0.06234449054071309,1.0,0.9999999999999997
p0.750000_sd_fixed_main,0.75,sd,fixed,main,512,0.125,1.25e-05,0.01,completed,False,0.0001894754842157731,6.556239084021254e-05,0.060153055258148916,0.09496565401525922,1.0,0.9999999999999996
p0.750000_fd_symmetric_main,0.75,fd,symmetric,main,512,0.125,1.25e-05,0.005,completed,False,3.718166363064768e-05,1.3586320098513127e-05,0.00675118370423043,0.013988734067744108,0.8744030150702303,0.9999999999999996
p0.750000_fd_symmetric_main,0.75,fd,symmetric,main,512,0.125,1.25e-05,0.01,completed,False,8.580658265722185e-05,3.068694669794425e-05,0.01291367004736864,0.02804750413552956,0.8743604719991255,0.9999999999999989
p0.750000_sd_minus_main,0.75,sd,minus,main,512,0.125,1.25e-05,0.005,completed,False,3.827694159030948e-05,1.3041031873939346e-05,0.029541875805217405,0.04157846541121835,0.8702627482500199,0.9999999999999996
p0.750000_sd_minus_main,0.75,sd,minus,main,512,0.125,1.25e-05,0.01,completed,False,9.34680544051325e-05,3.3115057822774574e-05,0.06599891134571606,0.07072459705219795,0.8703761200341894,0.9999999999999996
p0.750000_sd_plus_main,0.75,sd,plus,main,512,0.125,1.25e-05,0.005,completed,False,3.193251973210298e-05,1.7853668404566037e-05,0.004150076353607138,0.01617431925293142,0.8706340525593058,0.9999999999999997
p0.750000_sd_plus_main,0.75,sd,plus,main,512,0.125,1.25e-05,0.01,completed,False,5.7591863851014224e-05,3.221637141603839e-05,0.020833280465024747,0.025118732453005648,0.8704273059595267,0.9999999999999983
p0.750000_sd_symmetric_main,0.75,sd,symmetric,main,512,0.125,1.25e-05,0.005,completed,False,3.022586422807283e-05,1.5262604847299244e-05,0.008927227960505347,0.0130698506221528,0.8744029877641739,0.9999999999999997
p0.750000_sd_symmetric_main,0.75,sd,symmetric,main,512,0.125,1.25e-05,0.01,completed,False,7.189004820573608e-05,2.7328740096588255e-05,0.017712919955914307,0.033243411402695267,0.8743604272967734,0.9999999999999991
p0.750000_fd_fixed_time_half,0.75,fd,fixed,time_half,512,0.125,6.25e-06,0.005,completed,False,9.251668205756403e-05,2.7177865073668706e-05,0.024171359404729576,0.06733080462400338,1.0,0.9999999999999997
p0.750000_fd_fixed_time_half,0.75,fd,fixed,time_half,512,0.125,6.25e-06,0.01,completed,False,0.00021305974875951428,7.064810913226527e-05,0.0556694815393438,0.091027932838222,1.0,0.9999999999999996
p0.500000_sd_symmetric_fine_half,0.5,sd,symmetric,fine_half,1024,0.125,6.25e-06,0.005,completed,False,4.324943046141172e-06,1.973728859683277e-06,3.156379142615642e-07,3.61990827528595e-06,0.8952892750331496,0.9999999999999821
p0.500000_sd_symmetric_fine_half,0.5,sd,symmetric,fine_half,1024,0.125,6.25e-06,0.01,completed,False,8.201224796833273e-06,4.145743240258071e-06,0.00017015747546993043,0.002229291684997133,0.8952790968673764,0.999999999986561
p0.750000_fd_minus_time_half,0.75,fd,minus,time_half,512,0.125,6.25e-06,0.005,completed,False,4.528513739399109e-05,1.5246937627000356e-05,0.023611411414421003,0.035320427419780774,0.8702629200661288,0.9999999999999996
p0.750000_fd_minus_time_half,0.75,fd,minus,time_half,512,0.125,6.25e-06,0.01,completed,False,0.00011423850429337357,3.874789907643006e-05,0.051323071715270875,0.060069678324431365,0.8703766495302856,0.9999999999999996
p0.750000_fd_plus_time_half,0.75,fd,plus,time_half,512,0.125,6.25e-06,0.005,completed,False,3.6988157047668224e-05,1.5216005225471285e-05,0.0034250421944330032,0.02082710138650472,0.8706341325116442,0.9999999999999994
p0.750000_fd_plus_time_half,0.75,fd,plus,time_half,512,0.125,6.25e-06,0.01,completed,False,7.451294816251952e-05,3.083960335314995e-05,0.014001862252549391,0.02601634994124324,0.8704275662786218,0.999999999999998
p0.750000_sd_fixed_time_half,0.75,sd,fixed,time_half,512,0.125,6.25e-06,0.005,completed,False,8.161575032072932e-05,2.766084398098112e-05,0.026297558131380676,0.06292626263778807,1.0,0.9999999999999997
p0.750000_sd_fixed_time_half,0.75,sd,fixed,time_half,512,0.125,6.25e-06,0.01,completed,False,0.00019001086363190645,6.617091704042011e-05,0.06016085143619176,0.09420256676961875,1.0,0.9999999999999996
p0.750000_fd_symmetric_time_half,0.75,fd,symmetric,time_half,512,0.125,6.25e-06,0.005,completed,False,3.732863036720602e-05,1.3426401815230804e-05,0.006742409049351324,0.014171271471376394,0.8744030582472986,0.9999999999999996
p0.750000_fd_symmetric_time_half,0.75,fd,symmetric,time_half,512,0.125,6.25e-06,0.01,completed,False,8.628493143048033e-05,3.109595418393507e-05,0.012873865895927523,0.027740614197064657,0.8743605591021582,0.9999999999999989
p0.750000_sd_minus_time_half,0.75,sd,minus,time_half,512,0.125,6.25e-06,0.005,completed,False,3.812415949744352e-05,1.316826105202118e-05,0.029694303321387356,0.04102705707296376,0.8702627953298868,0.9999999999999996
p0.750000_sd_minus_time_half,0.75,sd,minus,time_half,512,0.125,6.25e-06,0.01,completed,False,9.32054624538381e-05,3.353660484595178e-05,0.06635125657461582,0.07004188865043338,0.8703762105721351,0.9999999999999996
p0.750000_sd_plus_time_half,0.75,sd,plus,time_half,512,0.125,6.25e-06,0.005,completed,False,3.212808986308158e-05,1.7691040832157334e-05,0.004119077171425746,0.016324966698042388,0.870634103939796,0.9999999999999997
p0.750000_sd_plus_time_half,0.75,sd,plus,time_half,512,0.125,6.25e-06,0.01,completed,False,5.804192756753146e-05,3.193219529318281e-05,0.020904877119480157,0.025373168902684873,0.8704274175639688,0.9999999999999983
p0.750000_sd_symmetric_time_half,0.75,sd,symmetric,time_half,512,0.125,6.25e-06,0.005,completed,False,3.007615150973919e-05,1.509893029794096e-05,0.008996094301255128,0.013224258508330734,0.8744030309441702,0.9999999999999997
p0.750000_sd_symmetric_time_half,0.75,sd,symmetric,time_half,512,0.125,6.25e-06,0.01,completed,False,7.164128348813303e-05,2.7024420798160698e-05,0.017805542060153567,0.03365102023347072,0.8743605146913774,0.9999999999999991
p0.750000_fd_fixed_fine_half,0.75,fd,fixed,fine_half,1024,0.125,6.25e-06,0.005,completed,False,9.079900970210275e-06,3.4202518436332596e-06,1.4931823607781953e-05,3.285877006457302e-05,1.0,0.9999999999999983
p0.750000_fd_fixed_fine_half,0.75,fd,fixed,fine_half,1024,0.125,6.25e-06,0.01,completed,False,2.2299679498072322e-05,8.448779874381529e-06,0.0006217263218421872,0.0016288063481762506,1.0,0.9999999999993427
p0.750000_fd_minus_fine_half,0.75,fd,minus,fine_half,1024,0.125,6.25e-06,0.005,completed,False,5.714417105062708e-06,2.4923301144008647e-06,9.491814090180789e-06,1.4933151644765895e-05,0.8702552743431664,0.9999999999999989
p0.750000_fd_minus_fine_half,0.75,fd,minus,fine_half,1024,0.125,6.25e-06,0.01,completed,False,1.43052899674867e-05,5.951640847157158e-06,0.0019757286904561267,0.0026701559290125115,0.8703017511859299,0.9999999999992715
p0.750000_fd_plus_fine_half,0.75,fd,plus,fine_half,1024,0.125,6.25e-06,0.005,completed,False,5.14989333710858e-06,2.7450436707043835e-06,1.8364747032834718e-06,1.6686394027354071e-06,0.8702221279328957,0.9999999999999925
p0.750000_fd_plus_fine_half,0.75,fd,plus,fine_half,1024,0.125,6.25e-06,0.01,completed,False,1.1470575423278007e-05,5.587541156315545e-06,0.0008873135759834345,0.0014816845025213711,0.8702788140672229,0.9999999999896144
p0.750000_sd_fixed_fine_half,0.75,sd,fixed,fine_half,1024,0.125,6.25e-06,0.005,completed,False,7.87168896887458e-06,3.4190254765142924e-06,2.0450312089601774e-05,3.770733534746067e-05,1.0,0.9999999999999986
p0.750000_sd_fixed_fine_half,0.75,sd,fixed,fine_half,1024,0.125,6.25e-06,0.01,completed,False,1.7140822277106338e-05,7.251645217642988e-06,0.000999983089708548,0.0021255331110684407,1.0,0.999999999999173
p0.750000_sd_minus_fine_half,0.75,sd,minus,fine_half,1024,0.125,6.25e-06,0.005,completed,False,6.391991413057241e-06,3.0334082036787002e-06,8.763284686926558e-06,1.2199163556866702e-05,0.8702551491483015,0.999999999999999
p0.750000_sd_minus_fine_half,0.75,sd,minus,fine_half,1024,0.125,6.25e-06,0.01,completed,False,1.279545300336693e-05,6.571969589086457e-06,0.002365790156267514,0.002995768196590923,0.8703013844537818,0.9999999999989251
p0.750000_fd_symmetric_fine_half,0.75,fd,symmetric,fine_half,1024,0.125,6.25e-06,0.005,completed,False,5.363896846022342e-06,2.611412946551539e-06,1.280892934874196e-06,2.77821488196912e-06,0.8743963909362126,0.9999999999999959
p0.750000_fd_symmetric_fine_half,0.75,fd,symmetric,fine_half,1024,0.125,6.25e-06,0.01,completed,False,1.2720262486221046e-05,5.38993642329455e-06,0.00049501353551677,0.001536893971630576,0.8743543756379483,0.9999999999946954
p1.250000_fd_fixed_main,1.25,fd,fixed,main,512,0.125,1.25e-05,0.005,completed,False,0.00022766076819813463,0.0001065501995405338,0.07204318325176358,0.11576182450634956,1.0,0.9999999999999996
p1.250000_fd_fixed_main,1.25,fd,fixed,main,512,0.125,1.25e-05,0.01,completed,False,0.0006154402288829353,0.0002813311529147322,0.13457330162659648,0.15988169773029956,1.0,0.9999999999999996
p0.750000_sd_plus_fine_half,0.75,sd,plus,fine_half,1024,0.125,6.25e-06,0.005,completed,False,8.015732825716881e-06,3.296929443452612e-06,1.1461929501259809e-06,2.9912184347270876e-06,0.8702220568993563,0.9999999999999786
p0.750000_sd_plus_fine_half,0.75,sd,plus,fine_half,1024,0.125,6.25e-06,0.01,completed,False,1.588639090210897e-05,7.173640413027371e-06,0.000586190376884809,0.002230222785288466,0.8702784091102219,0.9999999999725517
p1.250000_fd_minus_main,1.25,fd,minus,main,512,0.125,1.25e-05,0.005,completed,False,0.0001153653405991939,5.643740286065402e-05,0.06374507564406305,0.0647831538068945,0.8156879721518442,0.9999999999999996
p1.250000_fd_minus_main,1.25,fd,minus,main,512,0.125,1.25e-05,0.01,completed,False,0.0003537811802625246,0.00014824403771229733,0.12001440781962452,0.11728255855361866,0.8157881348525633,0.9999999999999996
p1.250000_fd_plus_main,1.25,fd,plus,main,512,0.125,1.25e-05,0.005,completed,False,6.823785536369531e-05,5.301085557585239e-05,0.015566858799644895,0.041657042455318455,0.8159360998669484,0.9999999999999996
p1.250000_fd_plus_main,1.25,fd,plus,main,512,0.125,1.25e-05,0.01,completed,False,0.00013758998973445458,0.00010831152883750139,0.06623353339094125,0.052157389027683985,0.8161664608212839,0.9999999999999986
p1.250000_sd_fixed_main,1.25,sd,fixed,main,512,0.125,1.25e-05,0.005,completed,False,0.0001971161404950017,9.97363645454108e-05,0.07831838827538909,0.11830739389549222,1.0,0.9999999999999996
p1.250000_sd_fixed_main,1.25,sd,fixed,main,512,0.125,1.25e-05,0.01,completed,False,0.0005428711814261522,0.0002647428576129096,0.14942727998863214,0.16244047079425744,1.0,0.9999999999999996
p1.250000_fd_symmetric_main,1.25,fd,symmetric,main,512,0.125,1.25e-05,0.005,completed,False,7.728684574193068e-05,4.351410747693851e-05,0.01255081662529199,0.03179997352319096,0.8238557804281512,0.9999999999999997
p1.250000_fd_symmetric_main,1.25,fd,symmetric,main,512,0.125,1.25e-05,0.01,completed,False,0.0001963809419793794,9.742831742165503e-05,0.02384139280345635,0.0752586413881799,0.8237331491075071,0.9999999999999993
p1.250000_sd_minus_main,1.25,sd,minus,main,512,0.125,1.25e-05,0.005,completed,False,9.645502436139708e-05,5.0521839849659855e-05,0.0764914863007132,0.07379840693598412,0.8156876118502155,0.9999999999999996
p1.250000_sd_minus_main,1.25,sd,minus,main,512,0.125,1.25e-05,0.01,completed,False,0.0002817850409659872,0.00013171917335796923,0.1541555106866445,0.1336127964302423,0.8157869534496138,0.9999999999999996
p1.250000_sd_plus_main,1.25,sd,plus,main,512,0.125,1.25e-05,0.005,completed,False,7.372803452476706e-05,5.5293861824790014e-05,0.011744244864789175,0.03870763512805887,0.8159357146687816,0.9999999999999997
p1.250000_sd_plus_main,1.25,sd,plus,main,512,0.125,1.25e-05,0.01,completed,False,0.0001251364680856515,9.945289806578828e-05,0.07478945022360649,0.05372255441177708,0.8161642009804808,0.9999999999999981
p1.250000_sd_symmetric_main,1.25,sd,symmetric,main,512,0.125,1.25e-05,0.005,completed,False,6.297792261600321e-05,4.135497540536104e-05,0.017124764371679275,0.034393866190219086,0.8238557579645167,0.9999999999999996
p1.250000_sd_symmetric_main,1.25,sd,symmetric,main,512,0.125,1.25e-05,0.01,completed,False,0.00016625935839287287,8.635351238428512e-05,0.033885090116693044,0.08872479049257363,0.8237334081787104,0.999999999999999
p0.750000_sd_symmetric_fine_half,0.75,sd,symmetric,fine_half,1024,0.125,6.25e-06,0.005,completed,False,7.213754468660127e-06,3.1470724091708924e-06,9.558624031747068e-07,2.8717608667046966e-06,0.8743963660943321,0.9999999999999911
p0.750000_sd_symmetric_fine_half,0.75,sd,symmetric,fine_half,1024,0.125,6.25e-06,0.01,completed,False,1.3752377360676249e-05,6.830457022322101e-06,0.0004696004730236077,0.001819243015053783,0.8743543543459641,0.9999999999857384
p1.250000_fd_fixed_time_half,1.25,fd,fixed,time_half,512,0.125,6.25e-06,0.005,completed,False,0.00022799179660593083,0.00010687427607303235,0.07209874000387995,0.11549572750461888,1.0,0.9999999999999996
p1.250000_fd_fixed_time_half,1.25,fd,fixed,time_half,512,0.125,6.25e-06,0.01,completed,False,0.0006167014505953361,0.00028215165953393573,0.13454791023233806,0.15968726925048154,1.0,0.9999999999999996
p1.250000_fd_minus_time_half,1.25,fd,minus,time_half,512,0.125,6.25e-06,0.005,completed,False,0.00011577952863506269,5.662763049962827e-05,0.06364701475841858,0.06464375710397124,0.8156880145307925,0.9999999999999996
p1.250000_fd_minus_time_half,1.25,fd,minus,time_half,512,0.125,6.25e-06,0.01,completed,False,0.0003549334455270614,0.00014879062702410906,0.11996790284120358,0.11717855235398487,0.8157882150673466,0.9999999999999996
p1.250000_fd_plus_time_half,1.25,fd,plus,time_half,512,0.125,6.25e-06,0.005,completed,False,6.840755263193277e-05,5.2867957835878165e-05,0.015539306327033658,0.041752074157368806,0.8159361478626418,0.9999999999999996
p1.250000_fd_plus_time_half,1.25,fd,plus,time_half,512,0.125,6.25e-06,0.01,completed,False,0.0001375151789075879,0.00010805243534128817,0.06658605102056582,0.05239036438893552,0.8161665628372479,0.9999999999999986
p1.250000_sd_fixed_time_half,1.25,sd,fixed,time_half,512,0.125,6.25e-06,0.005,completed,False,0.0001974307771064332,0.0001000682867244862,0.07836877440959356,0.1180093592426281,1.0,0.9999999999999996
p1.250000_sd_fixed_time_half,1.25,sd,fixed,time_half,512,0.125,6.25e-06,0.01,completed,False,0.0005440386999060465,0.0002655823171245908,0.14935334193546831,0.16216449297838775,1.0,0.9999999999999996
p1.250000_fd_symmetric_time_half,1.25,fd,symmetric,time_half,512,0.125,6.25e-06,0.005,completed,False,7.718579238047418e-05,4.3685772141310864e-05,0.012586931807024417,0.03172107618056744,0.8238558166743246,0.9999999999999997
p1.250000_fd_symmetric_time_half,1.25,fd,symmetric,time_half,512,0.125,6.25e-06,0.01,completed,False,0.00019628226023171713,9.783836772980781e-05,0.023916778771547575,0.07521313512476803,0.82373322083033,0.9999999999999993
p1.250000_sd_minus_time_half,1.25,sd,minus,time_half,512,0.125,6.25e-06,0.005,completed,False,9.633376890794132e-05,5.0712467841829145e-05,0.0767195672480054,0.0735996832063218,0.8156876539415789,0.9999999999999996
p1.250000_sd_minus_time_half,1.25,sd,minus,time_half,512,0.125,6.25e-06,0.01,completed,False,0.00028296033269503695,0.00013225363541180535,0.1539807575305278,0.1334595863063654,0.8157870337584676,0.9999999999999996
p1.250000_sd_plus_time_half,1.25,sd,plus,time_half,512,0.125,6.25e-06,0.005,completed,False,7.391537341527865e-05,5.514927666094849e-05,0.011718052504578434,0.03878967261243619,0.8159357618077758,0.9999999999999997
p1.250000_sd_plus_time_half,1.25,sd,plus,time_half,512,0.125,6.25e-06,0.01,completed,False,0.000125559494923988,9.921826210235185e-05,0.07494178465257716,0.05392047347513768,0.8161642982038556,0.9999999999999981
p1.250000_sd_symmetric_time_half,1.25,sd,symmetric,time_half,512,0.125,6.25e-06,0.005,completed,False,6.28626264174148e-05,4.121058841488612e-05,0.01718144226638992,0.03458289397264093,0.823855794370385,0.9999999999999996
p1.250000_sd_symmetric_time_half,1.25,sd,symmetric,time_half,512,0.125,6.25e-06,0.01,completed,False,0.0001661302019633215,8.676274051033772e-05,0.0339945382366052,0.0885936658355534,0.823733481760615,0.999999999999999
p1.250000_fd_fixed_fine_half,1.25,fd,fixed,fine_half,1024,0.125,6.25e-06,0.005,completed,False,2.5579295922284473e-05,1.3994477277678996e-05,0.0001410294311008965,0.0002748625183343947,1.0,0.9999999999999981
p1.250000_fd_fixed_fine_half,1.25,fd,fixed,fine_half,1024,0.125,6.25e-06,0.01,completed,False,7.843374325533503e-05,4.113014562590056e-05,0.006547356918039827,0.013867158647471622,1.0,0.9999999999991913
p1.250000_fd_minus_fine_half,1.25,fd,minus,fine_half,1024,0.125,6.25e-06,0.005,completed,False,1.5955097776076954e-05,9.763250348848729e-06,0.00010334688535052337,0.00015441184620027218,0.8156789738623156,0.9999999999999981
p1.250000_fd_minus_fine_half,1.25,fd,minus,fine_half,1024,0.125,6.25e-06,0.01,completed,False,5.1343285324412236e-05,2.661209476373383e-05,0.044096088164158276,0.05354898896488761,0.8157819240558379,0.999999999999305
p1.250000_fd_plus_fine_half,1.25,fd,plus,fine_half,1024,0.125,6.25e-06,0.005,completed,False,1.2468900771001046e-05,9.974500692511157e-06,3.336326424619073e-05,2.0095927825127106e-05,0.8157464618653147,0.9999999999999827
p1.250000_fd_plus_fine_half,1.25,fd,plus,fine_half,1024,0.125,6.25e-06,0.01,completed,False,3.467157622072392e-05,2.093713535100683e-05,0.022393912768472666,0.02231854557563663,0.8156653414445734,0.9999999999793877
p1.250000_sd_fixed_fine_half,1.25,sd,fixed,fine_half,1024,0.125,6.25e-06,0.005,completed,False,2.2567646869919855e-05,8.964223638385782e-06,0.0001893573414976953,0.0004590649174545311,1.0,0.9999999999999983
p1.250000_sd_fixed_fine_half,1.25,sd,fixed,fine_half,1024,0.125,6.25e-06,0.01,completed,False,5.1805304893681736e-05,1.9583251502752752e-05,0.011076769919871618,0.030077355005831682,1.0,0.9999999999990875
p1.250000_sd_minus_fine_half,1.25,sd,minus,fine_half,1024,0.125,6.25e-06,0.005,completed,False,2.0574537860973408e-05,8.520888343466204e-06,8.022865235627019e-05,0.00017468196893563706,0.815678613618526,0.9999999999999986
p1.250000_sd_minus_fine_half,1.25,sd,minus,fine_half,1024,0.125,6.25e-06,0.01,completed,False,5.2771237951665384e-05,2.0059654155302198e-05,0.0517157340693481,0.09013814931320728,0.8157807734053392,0.999999999999312
p1.250000_fd_symmetric_fine_half,1.25,fd,symmetric,fine_half,1024,0.125,6.25e-06,0.005,completed,False,1.4051793223446296e-05,9.189615956528563e-06,6.074318085781132e-06,1.5118144159941261e-05,0.8237618146590702,0.9999999999999909
p1.250000_fd_symmetric_fine_half,1.25,fd,symmetric,fine_half,1024,0.125,6.25e-06,0.01,completed,False,3.9292217653974504e-05,2.264279590002971e-05,0.006988534009976828,0.01017842116874665,0.8237300010507193,0.9999999999900848
p1.500000_fd_fixed_main,1.5,fd,fixed,main,512,0.125,1.25e-05,0.005,completed,False,0.0003425371358343199,0.00019816862476829122,0.11520486391449355,0.14054782766504606,1.0,0.9999999999999996
p1.500000_fd_fixed_main,1.5,fd,fixed,main,512,0.125,1.25e-05,0.01,completed,False,0.001018937866154257,0.0005326694750436012,0.1728174768343814,0.19645946446193027,1.0,0.9999999999999996
p1.250000_sd_plus_fine_half,1.25,sd,plus,fine_half,1024,0.125,6.25e-06,0.005,completed,False,2.5532036108000256e-05,9.208769889412771e-06,1.4057630946325481e-05,2.501531658621031e-05,0.8157461542450195,0.9999999999999708
p1.250000_sd_plus_fine_half,1.25,sd,plus,fine_half,1024,0.125,6.25e-06,0.01,completed,False,5.317635694201961e-05,2.156263347874443e-05,0.010489104888978603,0.021186124591732206,0.8156633147644745,0.9999999999871191
p1.500000_fd_minus_main,1.5,fd,minus,main,512,0.125,1.25e-05,0.005,completed,False,0.0001878869929630156,0.00010457722931200841,0.08608412336712831,0.09466832861969625,0.782454949966327,0.9999999999999996
p1.500000_fd_minus_main,1.5,fd,minus,main,512,0.125,1.25e-05,0.01,completed,False,0.0006228922315263397,0.0002780241495248248,0.15599005306189972,0.15473132197939676,0.7825385905347699,0.9999999999999996
p1.500000_fd_plus_main,1.5,fd,plus,main,512,0.125,1.25e-05,0.005,completed,False,9.86099470209334e-05,9.372241698113459e-05,0.03504119978380293,0.054293207834680654,0.7825495465316733,0.9999999999999997
p1.500000_fd_plus_main,1.5,fd,plus,main,512,0.125,1.25e-05,0.01,completed,False,0.00019987033578239277,0.00019277125308025944,0.10584738897119103,0.06310298094373172,0.7826941643026014,0.9999999999999994
p1.500000_sd_fixed_main,1.5,sd,fixed,main,512,0.125,1.25e-05,0.005,completed,False,0.0002869286859752407,0.00018475481733037924,0.12692316750146856,0.1435917790605626,1.0,0.9999999999999996
p1.500000_sd_fixed_main,1.5,sd,fixed,main,512,0.125,1.25e-05,0.01,completed,False,0.0008808126130914751,0.0004962881558643328,0.19311066825362022,0.19969564855277472,1.0,0.9999999999999996
p1.500000_fd_symmetric_main,1.5,fd,symmetric,main,512,0.125,1.25e-05,0.005,completed,False,0.00011252772484859896,7.543450265590224e-05,0.02715799538431762,0.04635208509422129,0.7936418859920333,0.9999999999999996
p1.500000_fd_symmetric_main,1.5,fd,symmetric,main,512,0.125,1.25e-05,0.01,completed,False,0.00029781982554877295,0.0001794636880321221,0.05974354873799827,0.11856155506179147,0.7934825804694671,0.9999999999999996
p1.500000_sd_minus_main,1.5,sd,minus,main,512,0.125,1.25e-05,0.005,completed,False,0.0001482940223589413,9.304479699778767e-05,0.10959753493190645,0.10731031995877248,0.7824543689460108,0.9999999999999996
p1.500000_sd_minus_main,1.5,sd,minus,main,512,0.125,1.25e-05,0.01,completed,False,0.0005010527623370287,0.00024781739843804385,0.2031071862468274,0.18119431872277,0.7825367756726032,0.9999999999999996
p1.500000_sd_plus_main,1.5,sd,plus,main,512,0.125,1.25e-05,0.005,completed,False,0.00011011587519371702,9.433394892865987e-05,0.027084924623892892,0.05013075758098061,0.7825487751516265,0.9999999999999997
p1.500000_sd_plus_main,1.5,sd,plus,main,512,0.125,1.25e-05,0.01,completed,False,0.000182483465689387,0.00016884285284379796,0.10730234267228796,0.0692657626325481,0.7826895102417509,0.9999999999999992
p1.500000_sd_symmetric_main,1.5,sd,symmetric,main,512,0.125,1.25e-05,0.005,completed,False,8.513553802314e-05,6.484515400528856e-05,0.03569423156087345,0.05590134096542958,0.793641887858855,0.9999999999999996
p1.500000_sd_symmetric_main,1.5,sd,symmetric,main,512,0.125,1.25e-05,0.01,completed,False,0.00023998186458773496,0.0001591565635983283,0.07050268612370014,0.13725857162127014,0.7934832754896508,0.9999999999999994
p1.250000_sd_symmetric_fine_half,1.25,sd,symmetric,fine_half,1024,0.125,6.25e-06,0.005,completed,False,2.29392739294898e-05,8.751678663654339e-06,6.3735657406213335e-06,3.735454241925403e-05,0.8237617278484507,0.9999999999999856
p1.250000_sd_symmetric_fine_half,1.25,sd,symmetric,fine_half,1024,0.125,6.25e-06,0.01,completed,False,4.685598976394978e-05,2.0616444818988278e-05,0.007056447378303144,0.031408437874367416,0.8237303390634363,0.9999999999933172
p1.500000_fd_fixed_time_half,1.5,fd,fixed,time_half,512,0.125,6.25e-06,0.005,completed,False,0.0003430394471264364,0.0001985283782519609,0.11515179003209725,0.14041460961374405,1.0,0.9999999999999996
p1.500000_fd_fixed_time_half,1.5,fd,fixed,time_half,512,0.125,6.25e-06,0.01,completed,False,0.0010207121378242867,0.0005337385172921039,0.1728619863762267,0.19642965442166602,1.0,0.9999999999999996
p1.500000_fd_minus_time_half,1.5,fd,minus,time_half,512,0.125,6.25e-06,0.005,completed,False,0.00018839325056063672,0.00010477189115398744,0.08600166221299987,0.0946190214343062,0.7824549859970178,0.9999999999999996
p1.500000_fd_minus_time_half,1.5,fd,minus,time_half,512,0.125,6.25e-06,0.01,completed,False,0.0006245332111736168,0.0002787120239842178,0.15621287164070954,0.1549460280585469,0.7825386597257257,0.9999999999999996
p1.500000_fd_plus_time_half,1.5,fd,plus,time_half,512,0.125,6.25e-06,0.005,completed,False,9.874066502679746e-05,9.359350900917107e-05,0.03504175342888492,0.05435707056243006,0.7825495870325015,0.9999999999999997
p1.500000_fd_plus_time_half,1.5,fd,plus,time_half,512,0.125,6.25e-06,0.01,completed,False,0.00019993429066489377,0.00019254906382337733,0.10627394051443145,0.06329780792267292,0.7826942439331327,0.9999999999999994
p1.500000_sd_fixed_time_half,1.5,sd,fixed,time_half,512,0.125,6.25e-06,0.005,completed,False,0.00028737152909386054,0.000185113687821703,0.12722885910014503,0.14343554714774256,1.0,0.9999999999999996
p1.500000_sd_fixed_time_half,1.5,sd,fixed,time_half,512,0.125,6.25e-06,0.01,completed,False,0.0008825557717253574,0.0004973258035130268,0.19311522051640084,0.19958651571422875,1.0,0.9999999999999996
p1.500000_fd_symmetric_time_half,1.5,fd,symmetric,time_half,512,0.125,6.25e-06,0.005,completed,False,0.00011247286519910915,7.559924262168227e-05,0.027229028293093826,0.046357539720678284,0.7936419152697256,0.9999999999999996
p1.500000_fd_symmetric_time_half,1.5,fd,symmetric,time_half,512,0.125,6.25e-06,0.01,completed,False,0.00029786441376433714,0.00017988824635351008,0.059998531732865616,0.11883881531971811,0.7934826370292689,0.9999999999999996
p1.500000_sd_minus_time_half,1.5,sd,minus,time_half,512,0.125,6.25e-06,0.005,completed,False,0.0001482371850700659,9.324006394861861e-05,0.10989337087046773,0.10723009379368002,0.782454404557836,0.9999999999999996
p1.500000_sd_minus_time_half,1.5,sd,minus,time_half,512,0.125,6.25e-06,0.01,completed,False,0.0005027115177402841,0.00024848165207913553,0.203291647263216,0.1814006181725853,0.7825368455261124,0.9999999999999996
p1.500000_sd_plus_time_half,1.5,sd,plus,time_half,512,0.125,6.25e-06,0.005,completed,False,0.00011026742463382533,9.420454390085542e-05,0.027085875535936773,0.0501847501932162,0.782548813882723,0.9999999999999997
p1.500000_sd_plus_time_half,1.5,sd,plus,time_half,512,0.125,6.25e-06,0.01,completed,False,0.0001823636783515603,0.00016865632278040277,0.10766210965495286,0.06953226622929339,0.782689579215846,0.9999999999999992
p1.500000_sd_symmetric_time_half,1.5,sd,symmetric,time_half,512,0.125,6.25e-06,0.005,completed,False,8.507986541195223e-05,6.471651608663809e-05,0.035794041948565364,0.05611131754279634,0.7936419175036276,0.9999999999999996
p1.500000_sd_symmetric_time_half,1.5,sd,symmetric,time_half,512,0.125,6.25e-06,0.01,completed,False,0.00023999250061179644,0.00015957586405423996,0.07080449589888063,0.1375170368738285,0.7934833358322777,0.9999999999999994
p1.500000_fd_fixed_fine_half,1.5,fd,fixed,fine_half,1024,0.125,6.25e-06,0.005,completed,False,4.2401864666974376e-05,2.764712714342643e-05,0.00034367828957354655,0.000682665999172448,1.0,0.9999999999999993
p1.500000_fd_fixed_fine_half,1.5,fd,fixed,fine_half,1024,0.125,6.25e-06,0.01,completed,False,0.0001418881319366072,8.791098644722606e-05,0.017907376172641654,0.03016149787944598,1.0,0.9999999999995747
p1.500000_fd_minus_fine_half,1.5,fd,minus,fine_half,1024,0.125,6.25e-06,0.005,completed,False,2.66240396449291e-05,1.904993613843775e-05,0.00027476263829982826,0.0004185658817774986,0.7824467822157407,0.9999999999999997
p1.500000_fd_minus_fine_half,1.5,fd,minus,fine_half,1024,0.125,6.25e-06,0.01,completed,False,9.901963617098275e-05,5.8593245007565464e-05,0.17326867433028734,0.34428099268243156,0.7825342665687188,0.9999999999997533
p1.500000_fd_plus_fine_half,1.5,fd,plus,fine_half,1024,0.125,6.25e-06,0.005,completed,False,2.018495930355968e-05,1.8800278976383034e-05,0.0001268510277162882,6.645922140504948e-05,0.7825318925491549,0.9999999999999746
p1.500000_fd_plus_fine_half,1.5,fd,plus,fine_half,1024,0.125,6.25e-06,0.01,completed,False,6.784705487294929e-05,4.342029754200727e-05,0.12453531514303218,0.13699084852683804,0.7825783514213863,0.9999999999877267
p1.500000_sd_fixed_fine_half,1.5,sd,fixed,fine_half,1024,0.125,6.25e-06,0.005,completed,False,3.81283844390623e-05,1.730860899740172e-05,0.0004278045786322988,0.0010020980041182174,1.0,0.999999999999999
p1.500000_sd_fixed_fine_half,1.5,sd,fixed,fine_half,1024,0.125,6.25e-06,0.01,completed,False,8.683642608464659e-05,4.0994195245169784e-05,0.03089873560103974,0.06278246761855517,1.0,0.9999999999984631
p1.500000_sd_minus_fine_half,1.5,sd,minus,fine_half,1024,0.125,6.25e-06,0.005,completed,False,3.9814079318301054e-05,1.507925356314388e-05,0.00017796608434873665,0.0005992604729767726,0.7824462017356103,0.9999999999999992
p1.500000_sd_minus_fine_half,1.5,sd,minus,fine_half,1024,0.125,6.25e-06,0.01,completed,False,0.00011829491838488693,4.3947101783459175e-05,0.15707724943162457,0.6624831729037709,0.7825324417257107,0.999999999999405
p1.500000_fd_symmetric_fine_half,1.5,fd,symmetric,fine_half,1024,0.125,6.25e-06,0.005,completed,False,2.313567095280078e-05,1.7406816801179836e-05,3.777410960012604e-05,5.488356718973279e-05,0.7933527898530622,0.9999999999999873
p1.500000_fd_symmetric_fine_half,1.5,fd,symmetric,fine_half,1024,0.125,6.25e-06,0.01,completed,False,6.780199367684148e-05,4.726726368520229e-05,0.055691482295919574,0.07389598890200377,0.7934455908804576,0.999999999993908
p1.750000_fd_fixed_main,1.75,fd,fixed,main,512,0.125,1.25e-05,0.005,completed,False,0.0005071308380544259,0.00035718036026177735,0.15250993847180622,0.16394234871729327,1.0,0.9999999999999996
p1.750000_fd_fixed_main,1.75,fd,fixed,main,512,0.125,1.25e-05,0.01,completed,False,0.0016389335067001909,0.0009802372298517437,0.21452431108824838,0.2312536631993828,1.0,0.9999999999999996
p1.500000_sd_plus_fine_half,1.5,sd,plus,fine_half,1024,0.125,6.25e-06,0.005,completed,False,4.697538387032907e-05,1.591887225460553e-05,4.021522560168706e-05,8.986292735762735e-05,0.7825310780537953,0.9999999999999821
p1.500000_sd_plus_fine_half,1.5,sd,plus,fine_half,1024,0.125,6.25e-06,0.01,completed,False,0.0001024213184082079,3.8862935098471496e-05,0.05047657471606881,0.11831429169729897,0.782573478169036,0.9999999999872993
p1.750000_fd_minus_main,1.75,fd,minus,main,512,0.125,1.25e-05,0.005,completed,False,0.00030505322437646143,0.00018976161017469906,0.10764802385476063,0.11032495394137516,0.7446532487445658,0.9999999999999996
p1.750000_fd_minus_main,1.75,fd,minus,main,512,0.125,1.25e-05,0.01,completed,False,0.0010742861046599828,0.0005091696073797891,0.19875480707603332,0.20270759380146075,0.7447162850571267,0.9999999999999996
p1.750000_fd_plus_main,1.75,fd,plus,main,512,0.125,1.25e-05,0.005,completed,False,0.00014062294813121934,0.00016313286431679508,0.05872790863105186,0.06441990970223568,0.7446513770490735,0.9999999999999996
p1.750000_fd_plus_main,1.75,fd,plus,main,512,0.125,1.25e-05,0.01,completed,False,0.00029062542313407214,0.0003363903253941203,0.12411488640199755,0.07726219522194334,0.7446981902641906,0.9999999999999989
p1.750000_sd_fixed_main,1.75,sd,fixed,main,512,0.125,1.25e-05,0.005,completed,False,0.0004114620530046853,0.0003289613096155719,0.17584427172777828,0.16871328956969558,1.0,0.9999999999999996
p1.750000_sd_fixed_main,1.75,sd,fixed,main,512,0.125,1.25e-05,0.01,completed,False,0.0013795050080407378,0.0008991683613279733,0.24612992892240534,0.237980513851672,1.0,0.9999999999999994
p1.750000_fd_symmetric_main,1.75,fd,symmetric,main,512,0.125,1.25e-05,0.005,completed,False,0.00016162185838020093,0.00012675745656398618,0.0436315651108377,0.052206406636862115,0.7597160782937898,0.9999999999999996
p1.750000_fd_symmetric_main,1.75,fd,symmetric,main,512,0.125,1.25e-05,0.01,completed,False,0.0004445629860274636,0.0003265862621419924,0.10901898267670133,0.14435114994743692,0.7595326307782515,0.9999999999999993
p1.750000_sd_minus_main,1.75,sd,minus,main,512,0.125,1.25e-05,0.005,completed,False,0.00022320357110383604,0.00016690279946063313,0.15497635484167308,0.1281761426459775,0.7446523350598933,0.9999999999999996
p1.750000_sd_minus_main,1.75,sd,minus,main,512,0.125,1.25e-05,0.01,completed,False,0.0008731397468677571,0.0004556252881031675,0.25711397293987803,0.23391080569887363,0.7447135836809414,0.9999999999999996
p1.750000_sd_plus_main,1.75,sd,plus,main,512,0.125,1.25e-05,0.005,completed,False,0.00016453262307492,0.0001588227847051371,0.04319465170776026,0.05736402468470226,0.7446498931606496,0.9999999999999997
p1.750000_sd_plus_main,1.75,sd,plus,main,512,0.125,1.25e-05,0.01,completed,False,0.00031589800624143294,0.0002810660543546284,0.09644830584356788,0.09146780123536367,0.744689166870979,0.9999999999999987
p1.750000_sd_symmetric_main,1.75,sd,symmetric,main,512,0.125,1.25e-05,0.005,completed,False,0.00011583089524602741,0.00010386776616155835,0.05922529843511547,0.0656683328289741,0.7597161156408506,0.9999999999999996
p1.750000_sd_symmetric_main,1.75,sd,symmetric,main,512,0.125,1.25e-05,0.01,completed,False,0.00033717648844588943,0.00028701355841254106,0.12932816471618658,0.17662274923388913,0.7595339319566414,0.9999999999999991
p1.500000_sd_symmetric_fine_half,1.5,sd,symmetric,fine_half,1024,0.125,6.25e-06,0.005,completed,False,4.2941883827474214e-05,1.531753018080284e-05,2.1835034428221477e-05,9.946540415868213e-05,0.7933526409997305,0.9999999999999915
p1.500000_sd_symmetric_fine_half,1.5,sd,symmetric,fine_half,1024,0.125,6.25e-06,0.01,completed,False,8.849461572824069e-05,3.766448806963307e-05,0.03821377241255493,0.13732677300210872,0.7934454432254788,0.9999999999934215
p1.750000_fd_fixed_time_half,1.75,fd,fixed,time_half,512,0.125,6.25e-06,0.005,completed,False,0.0005078568781140547,0.00035758448974121393,0.15248967516108267,0.16392017888797725,1.0,0.9999999999999996
p1.750000_fd_fixed_time_half,1.75,fd,fixed,time_half,512,0.125,6.25e-06,0.01,completed,False,0.0016414111382925256,0.0009817008146710826,0.21464178154444574,0.23134929789633338,1.0,0.9999999999999996
p1.750000_fd_minus_time_half,1.75,fd,minus,time_half,512,0.125,6.25e-06,0.005,completed,False,0.0003056880207945589,0.00018996418133476745,0.10761453067414613,0.11036260994656859,0.7446532767152749,0.9999999999999996
p1.750000_fd_minus_time_half,1.75,fd,minus,time_half,512,0.125,6.25e-06,0.01,completed,False,0.0010767335952039936,0.0005101520743113763,0.1993205635425194,0.20341335751770556,0.7447163443906517,0.9999999999999996
p1.750000_fd_plus_time_half,1.75,fd,plus,time_half,512,0.125,6.25e-06,0.005,completed,False,0.00014069926742643624,0.00016302886983554643,0.058727086750591614,0.06447729084793315,0.7446514076265955,0.9999999999999996
p1.750000_fd_plus_time_half,1.75,fd,plus,time_half,512,0.125,6.25e-06,0.01,completed,False,0.0002908670748140718,0.0003362280866610057,0.12472495778709503,0.07763863751079472,0.7446982413375969,0.9999999999999989
p1.750000_sd_fixed_time_half,1.75,sd,fixed,time_half,512,0.125,6.25e-06,0.005,completed,False,0.00041137130040835856,0.00032935941655853895,0.1761577882654288,0.16867497050507563,1.0,0.9999999999999996
p1.750000_sd_fixed_time_half,1.75,sd,fixed,time_half,512,0.125,6.25e-06,0.01,completed,False,0.001381900535471381,0.0009005494108713652,0.24624739732727496,0.23799917110601848,1.0,0.9999999999999994
p1.750000_fd_symmetric_time_half,1.75,fd,symmetric,time_half,512,0.125,6.25e-06,0.005,completed,False,0.00016163902125532204,0.0001269098347498332,0.043716815602726763,0.05224147429506957,0.7597160993606226,0.9999999999999996
p1.750000_fd_symmetric_time_half,1.75,fd,symmetric,time_half,512,0.125,6.25e-06,0.01,completed,False,0.0004448184719529902,0.00032714374242548416,0.10952771639772071,0.14486686883772526,0.7595326674687111,0.9999999999999993
p1.750000_sd_minus_time_half,1.75,sd,minus,time_half,512,0.125,6.25e-06,0.005,completed,False,0.00022324232843495828,0.0001671068154631694,0.1551827250934001,0.12820636685140338,0.7446523624451953,0.9999999999999996
p1.750000_sd_minus_time_half,1.75,sd,minus,time_half,512,0.125,6.25e-06,0.01,completed,False,0.0008755780292193371,0.0004565610732927272,0.2576958960455151,0.23469303614864645,0.7447136450640872,0.9999999999999996
p1.750000_sd_plus_time_half,1.75,sd,plus,time_half,512,0.125,6.25e-06,0.005,completed,False,0.00016463245615416788,0.00015870705915577155,0.043157526335064214,0.05740062264400014,0.7446499202985584,0.9999999999999997
p1.750000_sd_plus_time_half,1.75,sd,plus,time_half,512,0.125,6.25e-06,0.01,completed,False,0.00031600879766946477,0.0002809237388048391,0.09705293168804831,0.0919594793756206,0.7446891970938638,0.9999999999999987
p1.750000_sd_symmetric_time_half,1.75,sd,symmetric,time_half,512,0.125,6.25e-06,0.005,completed,False,0.0001159148442495539,0.00010402236957540723,0.059273714006135375,0.06569598199493328,0.7597161373732658,0.9999999999999996
p1.750000_sd_symmetric_time_half,1.75,sd,symmetric,time_half,512,0.125,6.25e-06,0.01,completed,False,0.0003374280658301476,0.0002875688661128084,0.12989030014056968,0.1772626423311737,0.7595339747084111,0.9999999999999991
p1.750000_fd_fixed_fine_half,1.75,fd,fixed,fine_half,1024,0.125,6.25e-06,0.005,completed,False,6.999548531405608e-05,5.372300530703811e-05,0.0007469568380188965,0.0013715008453580257,1.0,0.9999999999999989
p1.750000_fd_fixed_fine_half,1.75,fd,fixed,fine_half,1024,0.125,6.25e-06,0.01,completed,False,0.00024386272935750242,0.00018691730324271738,0.046058870270630485,0.053416897142958046,1.0,0.9999999999993938
p1.750000_fd_minus_fine_half,1.75,fd,minus,fine_half,1024,0.125,6.25e-06,0.005,completed,False,4.4016141809155584e-05,3.7161687242992514e-05,0.0006154144232318978,0.001083848956442304,0.7446472311852502,0.9999999999999992
p1.750000_fd_minus_fine_half,1.75,fd,minus,fine_half,1024,0.125,6.25e-06,0.01,completed,False,0.0002690616009268787,0.0003470068463611309,0.7497593798064004,0.8928662389186993,0.7447155566065682,0.9999999999995455
p1.750000_fd_plus_fine_half,1.75,fd,plus,fine_half,1024,0.125,6.25e-06,0.005,completed,False,3.421389002244979e-05,3.54670462701101e-05,0.000303464919081315,0.00012907938783205747,0.7446361389890566,0.9999999999999856
p1.750000_fd_plus_fine_half,1.75,fd,plus,fine_half,1024,0.125,6.25e-06,0.01,completed,False,0.0002219686327791237,0.00012789198193052798,0.5244749088891457,0.46676653460088563,0.7446743674526387,0.9999999999734425
p1.750000_sd_fixed_fine_half,1.75,sd,fixed,fine_half,1024,0.125,6.25e-06,0.005,completed,False,6.508542939931417e-05,3.1993911725258783e-05,0.0007896282814341979,0.001947593740982107,1.0,0.999999999999996
p1.750000_sd_fixed_fine_half,1.75,sd,fixed,fine_half,1024,0.125,6.25e-06,0.01,completed,False,0.0001387739970168944,8.83688834456553e-05,0.075540780799121,0.09464997144071104,1.0,0.9999999999982068
p1.750000_sd_minus_fine_half,1.75,sd,minus,fine_half,1024,0.125,6.25e-06,0.005,completed,False,7.86174980476062e-05,2.7517190928305624e-05,0.0003507667084899006,0.001689301750993727,0.7446463166045056,0.999999999999999
p1.750000_sd_minus_fine_half,1.75,sd,minus,fine_half,1024,0.125,6.25e-06,0.01,completed,False,0.0003394278150139485,0.00042401759334609324,0.5688968088063872,0.8922492986215702,0.7447122096326719,0.9999999999985483
p1.750000_fd_symmetric_fine_half,1.75,fd,symmetric,fine_half,1024,0.125,6.25e-06,0.005,completed,False,3.870223312851806e-05,3.338640048600183e-05,0.00013932260665780767,0.00013517101201621667,0.7591871207937854,0.9999999999999933
p1.750000_fd_symmetric_fine_half,1.75,fd,symmetric,fine_half,1024,0.125,6.25e-06,0.01,completed,False,0.0001367178128184321,0.00011166391871042514,0.30648957231045787,0.27619173932271424,0.7592307015621668,0.999999999986829
p2.250000_fd_fixed_main,2.25,fd,fixed,main,512,0.125,1.25e-05,0.005,completed,False,0.0010474371769384483,0.0010789539997702047,0.27536909181839553,0.2002802612074404,1.0,0.9999999999999996
p2.250000_fd_fixed_main,2.25,fd,fixed,main,512,0.125,1.25e-05,0.01,completed,False,0.0037596481122688097,0.0031244200500730734,0.3172255995719202,0.2878328531446812,1.0,0.9999999999999996
p1.750000_sd_plus_fine_half,1.75,sd,plus,fine_half,1024,0.125,6.25e-06,0.005,completed,False,8.705396564456791e-05,2.8260325429796396e-05,7.570232209316556e-05,0.0002468521430335512,0.7446346032057882,0.9999999999999586
p1.750000_sd_plus_fine_half,1.75,sd,plus,fine_half,1024,0.125,6.25e-06,0.01,completed,False,0.00020532316571841847,0.0001215430599104117,0.27671482640526823,0.6521960775973002,0.7446723237913458,0.9999999999802944
p2.250000_fd_minus_main,2.25,fd,minus,main,512,0.125,1.25e-05,0.005,completed,False,0.0007524458288501457,0.0006196808240410689,0.16287211159965329,0.1831088385263389,0.6534529517363079,0.9999999999999996
p2.250000_fd_minus_main,2.25,fd,minus,main,512,0.125,1.25e-05,0.01,completed,False,0.002873497494421784,0.0018241255104025633,0.3078738513247294,0.38504713194550777,0.6534755135918349,0.9999999999999996
p2.250000_fd_plus_main,2.25,fd,plus,main,512,0.125,1.25e-05,0.005,completed,False,0.0002799839330969167,0.0004840028865296109,0.09453963506968162,0.09393018484994783,0.6537834116542257,0.9999999999999997
p2.250000_fd_plus_main,2.25,fd,plus,main,512,0.125,1.25e-05,0.01,completed,False,0.0006251326368211796,0.0010049313820439387,0.5483366688700081,0.13863244221465024,0.6536872390438733,0.9999999999999997
p2.250000_sd_fixed_main,2.25,sd,fixed,main,512,0.125,1.25e-05,0.005,completed,False,0.0008147739989889935,0.0009500800013297894,0.3465143317437536,0.21474671385974264,1.0,0.9999999999999996
p2.250000_sd_fixed_main,2.25,sd,fixed,main,512,0.125,1.25e-05,0.01,completed,False,0.002906364796700256,0.0027407189516552855,0.40627673676033893,0.3195749149688682,1.0,0.9999999999999996
p2.250000_fd_symmetric_main,2.25,fd,symmetric,main,512,0.125,1.25e-05,0.005,completed,False,0.0003234012322730351,0.00034918177636766856,0.0634022690337131,0.08759978333342974,0.6785201029260626,0.9999999999999997
p2.250000_fd_symmetric_main,2.25,fd,symmetric,main,512,0.125,1.25e-05,0.01,completed,False,0.0009667746189818693,0.0010743325529722902,0.21415694914752462,0.17477567949119407,0.6786354119202513,0.9999999999999997
p2.250000_sd_minus_main,2.25,sd,minus,main,512,0.125,1.25e-05,0.005,completed,False,0.0005326277588753037,0.0005268686240513798,0.21571874871993985,0.21442309402695117,0.6534507130563161,0.9999999999999996
p2.250000_sd_minus_main,2.25,sd,minus,main,512,0.125,1.25e-05,0.01,completed,False,0.0024843662801923294,0.0016499278861976663,0.33483792213762353,0.412763999909354,0.653468795242542,0.9999999999999996
p2.250000_sd_plus_main,2.25,sd,plus,main,512,0.125,1.25e-05,0.005,completed,False,0.0004124603980075747,0.00044351154630728473,0.0500133906664033,0.09535584990584532,0.6537789480552565,0.9999999999999996
p2.250000_sd_plus_main,2.25,sd,plus,main,512,0.125,1.25e-05,0.01,completed,False,0.0012435890480477774,0.0008717110935143602,0.3097539708052206,0.16619494351505495,0.6536627096895409,0.9999999999999993
p2.250000_sd_symmetric_main,2.25,sd,symmetric,main,512,0.125,1.25e-05,0.005,completed,False,0.00029059522447694164,0.0002615427963084116,0.07507921885135245,0.11009122573381996,0.6785182457913377,0.9999999999999996
p2.250000_sd_symmetric_main,2.25,sd,symmetric,main,512,0.125,1.25e-05,0.01,completed,False,0.0007356620001739422,0.0009189380280674175,0.30227699960360344,0.18744636531182454,0.678624763664756,0.9999999999999996
p1.750000_sd_symmetric_fine_half,1.75,sd,symmetric,fine_half,1024,0.125,6.25e-06,0.005,completed,False,8.150918644966865e-05,2.7703453890692842e-05,3.5741433854336804e-05,0.00016101405608825892,0.7591868466727705,0.9999999999999792
p1.750000_sd_symmetric_fine_half,1.75,sd,symmetric,fine_half,1024,0.125,6.25e-06,0.01,completed,False,0.00018659300714141125,0.00013623839519683045,0.20132584471277373,0.30380986411626704,0.7592321407173103,0.9999999999899473
p2.250000_fd_fixed_time_half,2.25,fd,fixed,time_half,512,0.125,6.25e-06,0.005,completed,False,0.00104872439542536,0.0010796594645412494,0.2753650332080472,0.20038672843847882,1.0,0.9999999999999996
p2.250000_fd_fixed_time_half,2.25,fd,fixed,time_half,512,0.125,6.25e-06,0.01,completed,False,0.003764477145290268,0.003128058065158257,0.3174799029152039,0.28809174522001624,1.0,0.9999999999999996
p2.250000_fd_minus_time_half,2.25,fd,minus,time_half,512,0.125,6.25e-06,0.005,completed,False,0.0007534329665457307,0.0006200705611834056,0.16293044261753462,0.18329723550407687,0.6534529640526514,0.9999999999999996
p2.250000_fd_minus_time_half,2.25,fd,minus,time_half,512,0.125,6.25e-06,0.01,completed,False,0.002879092532118488,0.0018268052788361633,0.3099389292480664,0.3877248010940409,0.6534755587545706,0.9999999999999996
p2.250000_fd_plus_time_half,2.25,fd,plus,time_half,512,0.125,6.25e-06,0.005,completed,False,0.00027992155396927565,0.000483949623866442,0.09467974913462941,0.09395507802388427,0.6537834259438728,0.9999999999999997
p2.250000_fd_plus_time_half,2.25,fd,plus,time_half,512,0.125,6.25e-06,0.01,completed,False,0.0006260124482153628,0.0010048537571973881,0.5540195468735043,0.139105509832773,0.653687391191871,0.9999999999999997
p2.250000_sd_fixed_time_half,2.25,sd,fixed,time_half,512,0.125,6.25e-06,0.005,completed,False,0.0008150540462699141,0.0009506742660005951,0.34680360227663154,0.21485137511061317,1.0,0.9999999999999996
p2.250000_sd_fixed_time_half,2.25,sd,fixed,time_half,512,0.125,6.25e-06,0.01,completed,False,0.002910967351936744,0.0027440094774948687,0.4064970494065189,0.319775736591815,1.0,0.9999999999999996
p2.250000_fd_symmetric_time_half,2.25,fd,symmetric,time_half,512,0.125,6.25e-06,0.005,completed,False,0.0003235857210470705,0.000349425045049756,0.06350419413952085,0.08773516772919897,0.6785201137277828,0.9999999999999997
p2.250000_fd_symmetric_time_half,2.25,fd,symmetric,time_half,512,0.125,6.25e-06,0.01,completed,False,0.0009678568451787495,0.0010762644811423971,0.2156604036878961,0.17520851146112285,0.6786355009564513,0.9999999999999997
p2.250000_sd_minus_time_half,2.25,sd,minus,time_half,512,0.125,6.25e-06,0.005,completed,False,0.0005336000399895902,0.0005272669962899101,0.21570318154581633,0.21462161950155514,0.6534507239715621,0.9999999999999996
p2.250000_sd_minus_time_half,2.25,sd,minus,time_half,512,0.125,6.25e-06,0.01,completed,False,0.002493074549508645,0.0016525591299190179,0.33643418580566,0.4146083694603601,0.6534688420905082,0.9999999999999996
p2.250000_sd_plus_time_half,2.25,sd,plus,time_half,512,0.125,6.25e-06,0.005,completed,False,0.0004121712097386876,0.00044338914689978637,0.0501246021854536,0.09532368584314024,0.6537789527917462,0.9999999999999996
p2.250000_sd_plus_time_half,2.25,sd,plus,time_half,512,0.125,6.25e-06,0.01,completed,False,0.001247533870159856,0.0008740342132502743,0.3129533501517468,0.16770114379680226,0.6536628332264491,0.9999999999999993
p2.250000_sd_symmetric_time_half,2.25,sd,symmetric,time_half,512,0.125,6.25e-06,0.005,completed,False,0.00029044602412309217,0.0002617907361275318,0.075277423139315,0.11019882639417,0.6785182525469955,0.9999999999999996
p2.250000_sd_symmetric_time_half,2.25,sd,symmetric,time_half,512,0.125,6.25e-06,0.01,completed,False,0.0007373981059095591,0.0009207891606899388,0.3043236090322213,0.18784862519259377,0.678624837178952,0.9999999999999996
p2.250000_fd_fixed_fine_half,2.25,fd,fixed,fine_half,1024,0.125,6.25e-06,0.005,completed,False,0.00018091202984882315,0.00020246034835413873,0.003923945185777618,0.004158709951602383,1.0,0.999999999999999
p2.250000_fd_fixed_fine_half,2.25,fd,fixed,fine_half,1024,0.125,6.25e-06,0.01,completed,False,0.0007330970456522756,0.0008589407591050868,0.19286286553126894,0.13867275823416467,1.0,0.9999999999993209
p2.250000_fd_minus_fine_half,2.25,fd,minus,fine_half,1024,0.125,6.25e-06,0.005,completed,False,0.00011526294478692023,0.0001469253632155887,0.003694957554600473,0.006846263812049194,0.6534538143558102,0.9999999999999987
p2.250000_fd_minus_fine_half,2.25,fd,minus,fine_half,1024,0.125,6.25e-06,0.01,completed,False,0.08848208008890213,0.23295657355578592,0.9856352805124051,0.9899049752176411,0.6532972753941955,0.9999999999994656
p2.250000_fd_plus_fine_half,2.25,fd,plus,fine_half,1024,0.125,6.25e-06,0.005,completed,False,0.00010678295783961289,0.00013154380829960566,0.0021393697447804946,0.0007555426908638121,0.6535973323285049,0.9999999999999797
p2.250000_fd_plus_fine_half,2.25,fd,plus,fine_half,1024,0.125,6.25e-06,0.01,completed,False,0.055186376166114215,0.036471879717234756,0.968533488680769,0.9540131185665621,0.6526219998264853,0.9999999999768657
p2.250000_sd_fixed_fine_half,2.25,sd,fixed,fine_half,1024,0.125,6.25e-06,0.005,completed,False,0.00024119864067007057,0.00010153817002467314,0.0014585714983309842,0.00341226968397548,1.0,0.9999999999999981
p2.250000_sd_fixed_fine_half,2.25,sd,fixed,fine_half,1024,0.125,6.25e-06,0.01,completed,False,0.0008039642949300152,0.0005639811992403931,0.08775396911420705,0.11999335766254,1.0,0.9999999999977385
p2.250000_sd_minus_fine_half,2.25,sd,minus,fine_half,1024,0.125,6.25e-06,0.005,completed,False,0.00030267617221912957,0.00010092452972920718,0.0014406330261138856,0.011988769325551131,0.6534515537130878,0.999999999999999
p2.250000_sd_minus_fine_half,2.25,sd,minus,fine_half,1024,0.125,6.25e-06,0.01,completed,False,0.12231241463008002,0.21779347786518333,1.0212462726349445,0.982301775879941,0.6534349584481756,0.9999999999983702
p2.250000_fd_symmetric_fine_half,2.25,fd,symmetric,fine_half,1024,0.125,6.25e-06,0.005,completed,False,0.0001125370417032201,0.00013104732013835552,0.00024057807161713402,0.00042389475809873615,0.678176071318974,0.9999999999999902
p2.250000_fd_symmetric_fine_half,2.25,fd,symmetric,fine_half,1024,0.125,6.25e-06,0.01,completed,False,0.003972903099543235,0.00359083234610158,0.8524457914276456,0.8126977790279146,0.6781101421609237,0.9999999999887401
p2.500000_fd_fixed_main,2.5,fd,fixed,main,512,0.125,1.25e-05,0.005,completed,False,0.0015117778058146847,0.0018474239218364552,0.3387083108401085,0.21075585184733928,1.0,0.9999999999999996
p2.500000_fd_fixed_main,2.5,fd,fixed,main,512,0.125,1.25e-05,0.01,completed,False,0.005585991923719114,0.005487357068910903,0.35187976922480624,0.31049277491023813,1.0,0.9999999999999994
p2.250000_sd_plus_fine_half,2.25,sd,plus,fine_half,1024,0.125,6.25e-06,0.005,completed,False,0.000300085763667024,9.929401966290996e-05,0.00042033260760705694,0.002317173782315011,0.6535930986127642,0.9999999999999358
p2.250000_sd_plus_fine_half,2.25,sd,plus,fine_half,1024,0.125,6.25e-06,0.01,completed,False,0.040622895441039475,0.06006274773056286,0.9842137327231293,0.9429584074027239,0.653351511302861,0.9999999999691804
p2.500000_fd_minus_main,2.5,fd,minus,main,512,0.125,1.25e-05,0.005,completed,False,0.0011106321610125924,0.001146519652455158,0.19334368765452728,0.21758470092155935,0.5992537755356122,0.9999999999999996
p2.500000_fd_minus_main,2.5,fd,minus,main,512,0.125,1.25e-05,0.01,completed,False,0.004369550304766712,0.003708100186446295,0.4420606191008235,0.596565217329376,0.5992567058763952,0.9999999999999996
p2.500000_fd_plus_main,2.5,fd,plus,main,512,0.125,1.25e-05,0.005,completed,False,0.00039305946026479965,0.0008469225152341053,0.15808679034816553,0.11922894979482071,0.6000988100030851,0.9999999999999996
p2.500000_fd_plus_main,2.5,fd,plus,main,512,0.125,1.25e-05,0.01,completed,False,0.0011331748859126911,0.0017519706685207304,0.7639312305986391,0.27544980186175183,0.6000785589927291,0.9999999999999988
p2.500000_fd_symmetric_main,2.5,fd,symmetric,main,512,0.125,1.25e-05,0.005,completed,False,0.0004554617628145241,0.0005944955667191998,0.0793172391518615,0.10106865234566091,0.6305044607410593,0.9999999999999996
p2.500000_fd_symmetric_main,2.5,fd,symmetric,main,512,0.125,1.25e-05,0.01,completed,False,0.0014212050955060285,0.001991248621046715,0.20433254502221987,0.21041440493805835,0.6305656554072611,0.9999999999999993
p2.500000_sd_fixed_main,2.5,sd,fixed,main,512,0.125,1.25e-05,0.005,completed,False,0.0010516372955420294,0.0015616968149831933,0.4825359159137743,0.23836452208095327,1.0,0.9999999999999996
p2.500000_sd_fixed_main,2.5,sd,fixed,main,512,0.125,1.25e-05,0.01,completed,False,0.004095267263218183,0.004677444049603796,0.4919206071542846,0.3688241555366755,1.0,0.9999999999999994
p2.500000_sd_minus_main,2.5,sd,minus,main,512,0.125,1.25e-05,0.005,completed,False,0.0009697868386528974,0.0009551954014588304,0.19972051517806397,0.2564979763797087,0.5992501251887584,0.9999999999999996
p2.500000_sd_minus_main,2.5,sd,minus,main,512,0.125,1.25e-05,0.01,completed,False,0.004681528253628109,0.003483853163935624,0.39000591473465895,0.5813882593553032,0.5992437229876872,0.9999999999999996
p2.500000_sd_plus_main,2.5,sd,plus,main,512,0.125,1.25e-05,0.005,completed,False,0.0006860699401647352,0.0007462342794664067,0.08375858720618108,0.10936978785492155,0.6000935693767806,0.9999999999999997
p2.500000_sd_plus_main,2.5,sd,plus,main,512,0.125,1.25e-05,0.01,completed,False,0.0025488552246284435,0.0014987248147155796,0.31822817836753586,0.3859236376920865,0.6000419938096939,0.999999999999998
p2.500000_sd_symmetric_main,2.5,sd,symmetric,main,512,0.125,1.25e-05,0.005,completed,False,0.0005690452329814022,0.00042009345627969097,0.06651479877731954,0.13301475628148937,0.6305011636817645,0.9999999999999997
p2.500000_sd_symmetric_main,2.5,sd,symmetric,main,512,0.125,1.25e-05,0.01,completed,False,0.0015223540630882049,0.0016693418447089048,0.1712504041288002,0.2237399448387387,0.6305490893790503,0.9999999999999992
p2.250000_sd_symmetric_fine_half,2.25,sd,symmetric,fine_half,1024,0.125,6.25e-06,0.005,completed,False,0.00029383673462612947,0.00010088666275742675,0.00041292079813789404,0.0017538017106358498,0.6781749671603895,0.9999999999999674
p2.250000_sd_symmetric_fine_half,2.25,sd,symmetric,fine_half,1024,0.125,6.25e-06,0.01,completed,False,0.01493348233816194,0.02718135494385754,1.027978495780964,0.9440122944338363,0.6781262766274525,0.9999999999843402
p2.500000_fd_fixed_time_half,2.5,fd,fixed,time_half,512,0.125,6.25e-06,0.005,completed,False,0.0015134748732683612,0.0018484850676139253,0.3386748841242189,0.21090546970164234,1.0,0.9999999999999996
p2.500000_fd_fixed_time_half,2.5,fd,fixed,time_half,512,0.125,6.25e-06,0.01,completed,False,0.005592950468387148,0.005493774044178501,0.35213345320163725,0.31072808605378927,1.0,0.9999999999999994
p2.500000_fd_minus_time_half,2.5,fd,minus,time_half,512,0.125,6.25e-06,0.005,completed,False,0.0011119356617026455,0.001147301932514555,0.1934198686965342,0.21784256767164298,0.5992537820058654,0.9999999999999996
p2.500000_fd_minus_time_half,2.5,fd,minus,time_half,512,0.125,6.25e-06,0.01,completed,False,0.004377812207060128,0.0037153382547647773,0.445235014309306,0.604811476436966,0.5992566384739897,0.9999999999999996
p2.500000_fd_plus_time_half,2.5,fd,plus,time_half,512,0.125,6.25e-06,0.005,completed,False,0.00039293993993450016,0.0008469022666286463,0.15860393819744573,0.11921791486425076,0.600098823488083,0.9999999999999996
p2.500000_fd_plus_time_half,2.5,fd,plus,time_half,512,0.125,6.25e-06,0.01,completed,False,0.0011453134083443395,0.0017519132008416705,0.7652558361107016,0.27872839926403425,0.6000792831859103,0.9999999999999988
p2.500000_sd_fixed_time_half,2.5,sd,fixed,time_half,512,0.125,6.25e-06,0.005,completed,False,0.00105228425130921,0.001562606861996052,0.4827485581494487,0.23856447222978883,1.0,0.9999999999999996
p2.500000_sd_fixed_time_half,2.5,sd,fixed,time_half,512,0.125,6.25e-06,0.01,completed,False,0.004101846944014387,0.0046833238257506515,0.49212762061290577,0.36910293294085117,1.0,0.9999999999999994
p2.500000_fd_symmetric_time_half,2.5,fd,symmetric,time_half,512,0.125,6.25e-06,0.005,completed,False,0.0004557656634429641,0.0005949011038892671,0.07939102257722976,0.10125097908211807,0.6305044687298105,0.9999999999999996
p2.500000_fd_symmetric_time_half,2.5,fd,symmetric,time_half,512,0.125,6.25e-06,0.01,completed,False,0.0014230073351508832,0.001995603345981589,0.20542001920755748,0.21149645796749694,0.6305657434020508,0.9999999999999993
p2.500000_sd_minus_time_half,2.5,sd,minus,time_half,512,0.125,6.25e-06,0.005,completed,False,0.0009708061887327979,0.000955971527084376,0.19982012979470515,0.25675128123538693,0.5992501287060932,0.9999999999999996
p2.500000_sd_minus_time_half,2.5,sd,minus,time_half,512,0.125,6.25e-06,0.01,completed,False,0.004702926022485343,0.0035007046796566854,0.3922612016167034,0.5892905968483866,0.599243629435987,0.9999999999999996
p2.500000_sd_plus_time_half,2.5,sd,plus,time_half,512,0.125,6.25e-06,0.005,completed,False,0.0006860086318125624,0.0007460600985091936,0.08400984317703454,0.10932664372816749,0.6000935765072378,0.9999999999999997
p2.500000_sd_plus_time_half,2.5,sd,plus,time_half,512,0.125,6.25e-06,0.01,completed,False,0.002560929618410146,0.0015029637741559299,0.3202840428095221,0.38969798572488185,0.6000426046613381,0.999999999999998
p2.500000_sd_symmetric_time_half,2.5,sd,symmetric,time_half,512,0.125,6.25e-06,0.005,completed,False,0.0005690563932061465,0.0004205472141047828,0.06662561418206132,0.13313599794009257,0.6305011648139351,0.9999999999999997
p2.500000_sd_symmetric_time_half,2.5,sd,symmetric,time_half,512,0.125,6.25e-06,0.01,completed,False,0.0015259446687481137,0.0016734880306477073,0.171988251404775,0.22469323675020783,0.630549203819827,0.9999999999999992
p2.500000_fd_fixed_fine_half,2.5,fd,fixed,fine_half,1024,0.125,6.25e-06,0.005,completed,False,0.00029223126444977154,0.00040298899878443706,0.00677743943420806,0.0063797924657139765,1.0,0.9999999999999994
p2.500000_fd_fixed_fine_half,2.5,fd,fixed,fine_half,1024,0.125,6.25e-06,0.01,completed,False,0.0014358145175439319,0.001878561143390467,0.28028410985659846,0.19226282694526728,1.0,0.9999999999994248
p2.500000_fd_minus_fine_half,2.5,fd,minus,fine_half,1024,0.125,6.25e-06,0.005,completed,False,0.0001982920282328493,0.00030834966085180326,0.009722905664555172,0.023344728579122016,0.5992575904606285,0.9999999999999991
p2.500000_fd_minus_fine_half,2.5,fd,minus,fine_half,1024,0.125,6.25e-06,0.01,completed,False,8.657882201280925,22.642972157630837,1.0002484199036572,0.9894186865472013,0.594036672847134,0.9999999999992704
p2.500000_fd_plus_fine_half,2.5,fd,plus,fine_half,1024,0.125,6.25e-06,0.005,completed,False,0.00018710938694521673,0.0002658641152435415,0.006143264262984271,0.0023063843312886713,0.5992388504411843,0.999999999999976
p2.500000_fd_plus_fine_half,2.5,fd,plus,fine_half,1024,0.125,6.25e-06,0.01,completed,False,7.986077212936974,7.71927542378646,0.8027259886479577,0.9175176577886107,0.25507630390466973,0.8531375210442004
p2.500000_sd_fixed_fine_half,2.5,sd,fixed,fine_half,1024,0.125,6.25e-06,0.005,completed,False,0.0005042354850264275,0.000180419213501537,0.0012879359575211254,0.006176143224695044,1.0,0.999999999999999
p2.500000_sd_fixed_fine_half,2.5,sd,fixed,fine_half,1024,0.125,6.25e-06,0.01,completed,False,0.001766803944488693,0.0016925325442098682,0.11516205585292111,0.24051419262208343,1.0,0.9999999999990343
p2.500000_fd_symmetric_fine_half,2.5,fd,symmetric,fine_half,1024,0.125,6.25e-06,0.005,completed,False,0.00019226119240567385,0.00027552172579747847,0.0010218347733396069,0.0009526568902211077,0.6304845068393883,0.9999999999999888
p2.500000_fd_symmetric_fine_half,2.5,fd,symmetric,fine_half,1024,0.125,6.25e-06,0.01,completed,False,0.15056164420594653,0.12436787805345739,0.9887023573584389,0.9647413447762235,0.62671777832275,0.9999999999927708
p2.500000_sd_minus_fine_half,2.5,sd,minus,fine_half,1024,0.125,6.25e-06,0.005,completed,False,0.000574267833203912,0.00022381112441616224,0.004211762603752246,0.029584232139082754,0.5992539181827475,0.9999999999999991
p2.500000_sd_minus_fine_half,2.5,sd,minus,fine_half,1024,0.125,6.25e-06,0.01,completed,False,12.553785210424032,20.89058095657508,0.982891272753931,0.9751284626666668,0.5807665099015569,0.9999999999986053
p2.500000_sd_plus_fine_half,2.5,sd,plus,fine_half,1024,0.125,6.25e-06,0.005,completed,False,0.0005562157222209763,0.00020919837156530008,0.0016910025050218096,0.008412974019193642,0.5992330414241106,0.9999999999999826
p2.500000_sd_plus_fine_half,2.5,sd,plus,fine_half,1024,0.125,6.25e-06,0.01,completed,False,6.0829601836275815,8.879938350157452,0.7702600824467373,0.8462465578175558,0.3458598825515191,0.9999999999735247
p2.500000_sd_symmetric_fine_half,2.5,sd,symmetric,fine_half,1024,0.125,6.25e-06,0.005,completed,False,0.0005520459017445134,0.00021798206308076828,0.0010973764843248955,0.005223112604301614,0.6304822748142136,0.9999999999999918
p2.500000_sd_symmetric_fine_half,2.5,sd,symmetric,fine_half,1024,0.125,6.25e-06,0.01,completed,False,0.5445136213922175,0.8761775150884941,0.9638328524508403,0.9616232884404531,0.6157899496660857,0.999999999986392
p1.000000_fd_fixed_fine_quarter,1.0,fd,fixed,fine_quarter,1024,0.125,3.125e-06,0.005,completed,True,1.545647913991921e-05,7.01027056893011e-06,5.0736760629010376e-05,0.00010005093689225635,1.0,0.9999999999999982
p1.000000_fd_fixed_fine_quarter,1.0,fd,fixed,fine_quarter,1024,0.125,3.125e-06,0.01,completed,True,4.246098188120939e-05,1.92513214511969e-05,0.0021700249753586736,0.005309887945150851,1.0,0.9999999999991495
p1.000000_fd_minus_fine_quarter,1.0,fd,minus,fine_quarter,1024,0.125,3.125e-06,0.005,completed,True,9.675759606642131e-06,5.076528024505755e-06,3.452551528915511e-05,4.828448395247013e-05,0.8448055703496289,0.9999999999999982
p1.000000_fd_minus_fine_quarter,1.0,fd,minus,fine_quarter,1024,0.125,3.125e-06,0.01,completed,True,2.721584846687719e-05,1.2774114565683448e-05,0.010294466953759714,0.012129844100574692,0.8449069256377006,0.9999999999992188
p1.000000_sd_fixed_fine_quarter,1.0,sd,fixed,fine_quarter,1024,0.125,3.125e-06,0.005,completed,True,1.3138321400152364e-05,5.2765341228555585e-06,7.078387336220645e-05,0.0001557002139282993,1.0,0.9999999999999981
p1.000000_sd_fixed_fine_quarter,1.0,sd,fixed,fine_quarter,1024,0.125,3.125e-06,0.01,completed,True,2.9616295039058826e-05,1.1622823683610228e-05,0.0037135106650768713,0.009253961615371124,1.0,0.9999999999984452
p1.000000_sd_minus_fine_quarter,1.0,sd,minus,fine_quarter,1024,0.125,3.125e-06,0.005,completed,True,1.0982833365646982e-05,4.9676780149443545e-06,3.175650465222346e-05,4.535130421725374e-05,0.844805353751579,0.999999999999998
p1.000000_sd_minus_fine_quarter,1.0,sd,minus,fine_quarter,1024,0.125,3.125e-06,0.01,completed,True,2.439553338673406e-05,1.1224332649106827e-05,0.012586255092718174,0.015546874313957787,0.8449063719711877,0.9999999999988579
p0.900000_fd_fixed_main,0.9,fd,fixed,main,512,0.125,1.25e-05,0.005,completed,False,0.0001229336515122803,4.160785074502904e-05,0.033642082201878414,0.08153355462444606,1.0,0.9999999999999996
p0.900000_fd_fixed_main,0.9,fd,fixed,main,512,0.125,1.25e-05,0.01,completed,False,0.00029466397090849306,0.00010846996983548962,0.07823103909529858,0.11058429823279685,1.0,0.9999999999999996
p0.900000_fd_minus_main,0.9,fd,minus,main,512,0.125,1.25e-05,0.005,completed,False,5.929194633069734e-05,2.2609353954483602e-05,0.032894692423048495,0.0463147545092361,0.8554122418690244,0.9999999999999997
p0.900000_fd_minus_main,0.9,fd,minus,main,512,0.125,1.25e-05,0.01,completed,False,0.00015902430421310676,5.837283628451484e-05,0.06401304253774893,0.07345862230730152,0.8555248112423635,0.9999999999999996
p0.900000_sd_fixed_main,0.9,sd,fixed,main,512,0.125,1.25e-05,0.005,completed,False,0.000108478384592825,4.082664074034348e-05,0.03643325458952818,0.07885468677066308,1.0,0.9999999999999996
p0.900000_sd_fixed_main,0.9,sd,fixed,main,512,0.125,1.25e-05,0.01,completed,False,0.00026291584531734635,0.00010202691485983184,0.08412249063682331,0.11377077569040965,1.0,0.9999999999999996
p0.900000_sd_minus_main,0.9,sd,minus,main,512,0.125,1.25e-05,0.005,completed,False,5.103381883309055e-05,1.9881817591937967e-05,0.038363722102122036,0.05256323631971345,0.8554120676399881,0.9999999999999997
p0.900000_sd_minus_main,0.9,sd,minus,main,512,0.125,1.25e-05,0.01,completed,False,0.00012874325047862456,5.108402231390752e-05,0.08421779397490381,0.08673829171907557,0.8555242090549297,0.9999999999999996
p0.900000_fd_minus_time_half,0.9,fd,minus,time_half,512,0.125,6.25e-06,0.005,completed,False,5.9569767933531637e-05,2.2800578949322414e-05,0.032768127552678994,0.045970710297316655,0.8554122887913431,0.9999999999999997
p0.900000_fd_minus_time_half,0.9,fd,minus,time_half,512,0.125,6.25e-06,0.01,completed,False,0.00015979339139682303,5.8822530969893094e-05,0.0639149392060983,0.07314503100466126,0.8555249009201258,0.9999999999999996
p0.900000_fd_fixed_time_half,0.9,fd,fixed,time_half,512,0.125,6.25e-06,0.005,completed,False,0.00012312494757016346,4.1894998180302956e-05,0.033656240325666546,0.08101068073481853,1.0,0.9999999999999996
p0.900000_fd_fixed_time_half,0.9,fd,fixed,time_half,512,0.125,6.25e-06,0.01,completed,False,0.0002953491504329442,0.00010912624600378784,0.07827899016426933,0.1100481935108837,1.0,0.9999999999999996
p0.900000_sd_fixed_time_half,0.9,sd,fixed,time_half,512,0.125,6.25e-06,0.005,completed,False,0.00010863899211721595,4.0579952313435363e-05,0.03644502142356437,0.07939320531069465,1.0,0.9999999999999996
p0.900000_sd_fixed_time_half,0.9,sd,fixed,time_half,512,0.125,6.25e-06,0.01,completed,False,0.0002636036500109906,0.00010269358988268529,0.08415829060465999,0.1131785773833618,1.0,0.9999999999999996
p0.900000_sd_minus_time_half,0.9,sd,minus,time_half,512,0.125,6.25e-06,0.005,completed,False,5.088348318427194e-05,2.0076532064594588e-05,0.03853021346567138,0.05211512907796495,0.8554121144071969,0.9999999999999997
p0.900000_sd_minus_time_half,0.9,sd,minus,time_half,512,0.125,6.25e-06,0.01,completed,False,0.00012850427777033602,5.153588914807994e-05,0.08398909627750614,0.08626345129514389,0.8555242986403554,0.9999999999999996
p0.900000_fd_minus_fine_half,0.9,fd,minus,fine_half,1024,0.125,6.25e-06,0.005,completed,False,7.773614346451296e-06,3.7869138419521775e-06,2.1835751446939226e-05,3.097550978645358e-05,0.8554039212390869,0.9999999999999983
p0.900000_fd_minus_fine_half,0.9,fd,minus,fine_half,1024,0.125,6.25e-06,0.01,completed,False,2.0824559999965686e-05,9.328826702792448e-06,0.005321357246257577,0.006497485391344592,0.8554807883361053,0.9999999999995033
p0.900000_fd_fixed_fine_half,0.9,fd,fixed,fine_half,1024,0.125,6.25e-06,0.005,completed,False,1.2466309280201315e-05,5.14739393631114e-06,3.180658016115011e-05,6.679759273467022e-05,1.0,0.9999999999999982
p0.900000_fd_fixed_fine_half,0.9,fd,fixed,fine_half,1024,0.125,6.25e-06,0.01,completed,False,3.2659592430484e-05,1.37824368990902e-05,0.0013285205904649301,0.003413008605809441,1.0,0.9999999999992156
p0.900000_sd_minus_fine_half,0.9,sd,minus,fine_half,1024,0.125,6.25e-06,0.005,completed,False,8.834952786918038e-06,4.067262859952514e-06,1.9752194376055243e-05,2.684172189520825e-05,0.8554037464702104,0.9999999999999982
p0.900000_sd_minus_fine_half,0.9,sd,minus,fine_half,1024,0.125,6.25e-06,0.01,completed,False,1.8667445306652652e-05,9.034970037125056e-06,0.006438055658577776,0.007524426562554792,0.8554803144533785,0.999999999999216
p0.950000_fd_fixed_main,0.95,fd,fixed,main,512,0.125,1.25e-05,0.005,completed,False,0.00013480265150644932,4.788288138579677e-05,0.037753178780193734,0.086245002559417,1.0,0.9999999999999996
p0.950000_fd_fixed_main,0.95,fd,fixed,main,512,0.125,1.25e-05,0.01,completed,False,0.00032834199622189253,0.00012496413146523278,0.08711007810333327,0.11721960222160818,1.0,0.9999999999999996
p0.900000_sd_fixed_fine_half,0.9,sd,fixed,fine_half,1024,0.125,6.25e-06,0.005,completed,False,1.0808599926193097e-05,4.474971545875839e-06,4.364682878221675e-05,8.951639297686058e-05,1.0,0.999999999999998
p0.900000_sd_fixed_fine_half,0.9,sd,fixed,fine_half,1024,0.125,6.25e-06,0.01,completed,False,2.400848597838845e-05,9.636721233219347e-06,0.002196112182209322,0.005202521295108,1.0,0.9999999999986292
p0.950000_fd_minus_main,0.95,fd,minus,main,512,0.125,1.25e-05,0.005,completed,False,6.510445131624465e-05,2.58403939358276e-05,0.03555920688842608,0.04957239524331846,0.8501851011725892,0.9999999999999996
p0.950000_fd_minus_main,0.95,fd,minus,main,512,0.125,1.25e-05,0.01,completed,False,0.0001784116400931346,6.698568083751688e-05,0.06791556340665185,0.07816219175051678,0.850296740354347,0.9999999999999996
p0.950000_sd_fixed_main,0.95,sd,fixed,main,512,0.125,1.25e-05,0.005,completed,False,0.00011878599078896102,4.621877885890857e-05,0.04099078328873378,0.08474317250125778,1.0,0.9999999999999997
p0.950000_sd_fixed_main,0.95,sd,fixed,main,512,0.125,1.25e-05,0.01,completed,False,0.000292304108237218,0.00011764745020337308,0.09355361658927061,0.12035906349536855,1.0,0.9999999999999996
p0.950000_sd_minus_main,0.95,sd,minus,main,512,0.125,1.25e-05,0.005,completed,False,5.6052866868050444e-05,2.288407439487994e-05,0.04214612593953971,0.05561888469597269,0.8501849069968674,0.9999999999999996
p0.950000_sd_minus_main,0.95,sd,minus,main,512,0.125,1.25e-05,0.01,completed,False,0.00014299572629028479,5.8820941570503216e-05,0.08976527230825096,0.09258427239763287,0.8502960736755452,0.9999999999999996
p0.950000_fd_fixed_time_half,0.95,fd,fixed,time_half,512,0.125,6.25e-06,0.005,completed,False,0.0001350009963005938,4.817544059487755e-05,0.03777395095174365,0.08576430708430005,1.0,0.9999999999999996
p0.950000_fd_fixed_time_half,0.95,fd,fixed,time_half,512,0.125,6.25e-06,0.01,completed,False,0.00032912979713750623,0.00012564017935690064,0.08716992109991936,0.11676496946373714,1.0,0.9999999999999996
p0.950000_fd_minus_time_half,0.95,fd,minus,time_half,512,0.125,6.25e-06,0.005,completed,False,6.540780192065831e-05,2.603519718336056e-05,0.03543176875447706,0.04925931172310501,0.850185147782641,0.9999999999999996
p0.950000_fd_minus_time_half,0.95,fd,minus,time_half,512,0.125,6.25e-06,0.01,completed,False,0.00017921648058671913,6.744604234021345e-05,0.06783532701809514,0.07789035645023482,0.8502968292842603,0.9999999999999996
p0.950000_sd_minus_time_half,0.95,sd,minus,time_half,512,0.125,6.25e-06,0.005,completed,False,5.5904533940998036e-05,2.3078811050458725e-05,0.0423111053661589,0.05520584040882252,0.8501849534364012,0.9999999999999996
p0.950000_sd_minus_time_half,0.95,sd,minus,time_half,512,0.125,6.25e-06,0.01,completed,False,0.00014276880313557339,5.928354880002651e-05,0.08956099081997544,0.09218543103356233,0.8502961625196939,0.9999999999999996
p0.950000_sd_fixed_time_half,0.95,sd,fixed,time_half,512,0.125,6.25e-06,0.005,completed,False,0.00011898582722369433,4.597003801998234e-05,0.041006277958440085,0.0852661627116907,1.0,0.9999999999999997
p0.950000_sd_fixed_time_half,0.95,sd,fixed,time_half,512,0.125,6.25e-06,0.01,completed,False,0.0002930277134471915,0.0001183349026718794,0.09360142740792171,0.11981872167628412,1.0,0.9999999999999996
p0.950000_fd_fixed_fine_half,0.95,fd,fixed,fine_half,1024,0.125,6.25e-06,0.005,completed,False,1.3831515379258974e-05,5.93305575169456e-06,4.0328934767001594e-05,8.224067879430013e-05,1.0,0.9999999999999982
p0.950000_fd_fixed_fine_half,0.95,fd,fixed,fine_half,1024,0.125,6.25e-06,0.01,completed,False,3.707500263394614e-05,1.6168238569314042e-05,0.0016952406244426736,0.004292045377728795,1.0,0.9999999999992758
p0.950000_fd_minus_fine_half,0.95,fd,minus,fine_half,1024,0.125,6.25e-06,0.005,completed,False,8.6134468479937e-06,4.34784185332493e-06,2.7738591655384727e-05,3.7216321987482505e-05,0.850176584317792,0.9999999999999984
p0.950000_fd_minus_fine_half,0.95,fd,minus,fine_half,1024,0.125,6.25e-06,0.01,completed,False,2.3637032233292388e-05,1.0830947876572239e-05,0.007369858915578822,0.009038870561281493,0.8502652512708827,0.9999999999994934
p1.050000_fd_fixed_main,1.05,fd,fixed,main,512,0.125,1.25e-05,0.005,completed,False,0.00016134228425879193,6.30023915320077e-05,0.047380258105364094,0.09589600284188277,1.0,0.9999999999999996
p1.050000_fd_fixed_main,1.05,fd,fixed,main,512,0.125,1.25e-05,0.01,completed,False,0.0004058726977234084,0.00016491011565633595,0.1040202646052593,0.13105723215086587,1.0,0.9999999999999996
p1.050000_fd_minus_main,1.05,fd,minus,main,512,0.125,1.25e-05,0.005,completed,False,7.856688061824713e-05,3.362056538136482e-05,0.04368857580636193,0.05436878348369983,0.8392963850167172,0.9999999999999996
p1.050000_fd_minus_main,1.05,fd,minus,main,512,0.125,1.25e-05,0.01,completed,False,0.00022406178558997958,8.781585500905464e-05,0.07997166362877768,0.08793199813917439,0.8394053130848612,0.9999999999999996
p0.950000_sd_fixed_fine_half,0.95,sd,fixed,fine_half,1024,0.125,6.25e-06,0.005,completed,False,1.201209614687393e-05,4.8897968115690915e-06,5.518789747821582e-05,0.00011740314070766664,1.0,0.9999999999999983
p0.950000_sd_fixed_fine_half,0.95,sd,fixed,fine_half,1024,0.125,6.25e-06,0.01,completed,False,2.6847922443895555e-05,1.061650733980013e-05,0.0028225478807774496,0.006943000170870743,1.0,0.999999999999193
p0.950000_sd_minus_fine_half,0.95,sd,minus,fine_half,1024,0.125,6.25e-06,0.005,completed,False,9.895475960641775e-06,4.500103423676904e-06,2.490562956045687e-05,3.3877836818492804e-05,0.850176389640721,0.999999999999998
p0.950000_sd_minus_fine_half,0.95,sd,minus,fine_half,1024,0.125,6.25e-06,0.01,completed,False,2.138403465545835e-05,1.007330918356697e-05,0.008787814624914701,0.010856287183992386,0.8502647381789028,0.999999999999106
p1.050000_sd_fixed_main,1.05,sd,fixed,main,512,0.125,1.25e-05,0.005,completed,False,0.00014178956295118894,5.8981011828662666e-05,0.051412454928918515,0.09704026954164843,1.0,0.9999999999999997
p1.050000_sd_fixed_main,1.05,sd,fixed,main,512,0.125,1.25e-05,0.01,completed,False,0.00036106652034328945,0.00015539205879688822,0.11487546506668442,0.1339458633373976,1.0,0.9999999999999996
p1.050000_sd_minus_main,1.05,sd,minus,main,512,0.125,1.25e-05,0.005,completed,False,6.742333961429203e-05,3.0057136390038153e-05,0.05254483576895652,0.06107033465581862,0.8392961449776912,0.9999999999999996
p1.050000_sd_minus_main,1.05,sd,minus,main,512,0.125,1.25e-05,0.01,completed,False,0.00017682559348242144,7.75010400106968e-05,0.10452710561884981,0.1051007408579649,0.8394045004604567,0.9999999999999996
p1.050000_fd_fixed_time_half,1.05,fd,fixed,time_half,512,0.125,6.25e-06,0.005,completed,False,0.00016159208208410547,6.330551210020907e-05,0.04741019910044437,0.09549400958107501,1.0,0.9999999999999996
p1.050000_fd_fixed_time_half,1.05,fd,fixed,time_half,512,0.125,6.25e-06,0.01,completed,False,0.00040674779851435083,0.00016562849348644715,0.10394783503789008,0.13069203789688047,1.0,0.9999999999999996
p1.050000_fd_minus_time_half,1.05,fd,minus,time_half,512,0.125,6.25e-06,0.005,completed,False,7.890610729011094e-05,3.3817963093651926e-05,0.04356556194098113,0.05411995034928328,0.8392964306633083,0.9999999999999996
p1.050000_fd_minus_time_half,1.05,fd,minus,time_half,512,0.125,6.25e-06,0.01,completed,False,0.00022497680097322004,8.829778697005963e-05,0.07990139835157013,0.08763843739180288,0.8394053998833805,0.9999999999999996
p1.050000_sd_fixed_time_half,1.05,sd,fixed,time_half,512,0.125,6.25e-06,0.005,completed,False,0.00014200320163437752,5.9170590230972486e-05,0.05143701333615341,0.09753173256692309,1.0,0.9999999999999997
p1.050000_sd_fixed_time_half,1.05,sd,fixed,time_half,512,0.125,6.25e-06,0.01,completed,False,0.00036194247154819337,0.0001561240682416143,0.11495194376150049,0.1335022386326254,1.0,0.9999999999999996
p1.050000_sd_minus_time_half,1.05,sd,minus,time_half,512,0.125,6.25e-06,0.005,completed,False,6.728100455188901e-05,3.0256895894420488e-05,0.052728858734104135,0.06075073782702131,0.8392961904195316,0.9999999999999996
p1.050000_sd_minus_time_half,1.05,sd,minus,time_half,512,0.125,6.25e-06,0.01,completed,False,0.00017773143462762597,7.798341088749439e-05,0.10492708934545548,0.10481185320995533,0.8394045872006025,0.9999999999999996
p1.050000_fd_fixed_fine_half,1.05,fd,fixed,fine_half,1024,0.125,6.25e-06,0.005,completed,False,1.700744723365233e-05,7.949126803019624e-06,6.366682500902507e-05,0.00012397755308666696,1.0,0.9999999999999987
p1.050000_fd_fixed_fine_half,1.05,fd,fixed,fine_half,1024,0.125,6.25e-06,0.01,completed,False,4.772605651748307e-05,2.21593285958388e-05,0.0027172106893781148,0.006545439073643064,1.0,0.9999999999995721
p1.050000_fd_minus_fine_half,1.05,fd,minus,fine_half,1024,0.125,6.25e-06,0.005,completed,False,1.0576816323881744e-05,5.714073781359907e-06,4.328996012911574e-05,6.370909374339359e-05,0.8392875620837351,0.9999999999999984
p1.050000_fd_minus_fine_half,1.05,fd,minus,fine_half,1024,0.125,6.25e-06,0.01,completed,False,3.051962791111862e-05,1.4593884256286493e-05,0.014036604507825208,0.01652768152536966,0.839398530195579,0.9999999999993734
p1.100000_fd_fixed_main,1.1,fd,fixed,main,512,0.125,1.25e-05,0.005,completed,False,0.00017618781869876976,7.204726460396937e-05,0.052833548628595274,0.10081120493007668,1.0,0.9999999999999996
p1.100000_fd_fixed_main,1.1,fd,fixed,main,512,0.125,1.25e-05,0.01,completed,False,0.00045104018484853903,0.00018893326917601705,0.1115439479628545,0.13809379446003966,1.0,0.9999999999999996
p1.050000_sd_fixed_fine_half,1.05,sd,fixed,fine_half,1024,0.125,6.25e-06,0.005,completed,False,1.4830840252111344e-05,5.832318542564607e-06,8.600837501985048e-05,0.00019692117501526722,1.0,0.9999999999999979
p1.050000_sd_fixed_fine_half,1.05,sd,fixed,fine_half,1024,0.125,6.25e-06,0.01,completed,False,3.352536124578975e-05,1.2931345499178626e-05,0.0045605753006231564,0.011842341082985024,1.0,0.9999999999991442
p1.100000_fd_minus_main,1.1,fd,minus,main,512,0.125,1.25e-05,0.005,completed,False,8.632578297085303e-05,3.834206695052522e-05,0.048047718691287794,0.05716124268936617,0.8336282422088501,0.9999999999999996
p1.100000_fd_minus_main,1.1,fd,minus,main,512,0.125,1.25e-05,0.01,completed,False,0.0002512167307389124,0.00010028009445306463,0.08869198753251571,0.0955903731572632,0.8337353907030849,0.9999999999999996
p1.050000_sd_minus_fine_half,1.05,sd,minus,fine_half,1024,0.125,6.25e-06,0.005,completed,False,1.25121597824851e-05,5.533205548635678e-06,3.80863498742532e-05,6.174304968256231e-05,0.8392873216686615,0.9999999999999988
p1.050000_sd_minus_fine_half,1.05,sd,minus,fine_half,1024,0.125,6.25e-06,0.01,completed,False,2.8471634429871884e-05,1.2593185636844417e-05,0.016643721421749313,0.021882194582987208,0.8393977363912307,0.9999999999989132
p1.100000_sd_fixed_main,1.1,sd,fixed,main,512,0.125,1.25e-05,0.005,completed,False,0.000154283699018265,6.736926858763592e-05,0.05733348381722501,0.10331840409809963,1.0,0.9999999999999996
p1.100000_sd_fixed_main,1.1,sd,fixed,main,512,0.125,1.25e-05,0.01,completed,False,0.0004002374436640199,0.00017803397148308253,0.12391323661874963,0.1409211868016402,1.0,0.9999999999999996
p1.100000_sd_minus_main,1.1,sd,minus,main,512,0.125,1.25e-05,0.005,completed,False,7.384128166343373e-05,3.435207361557335e-05,0.05795128868742295,0.06457993352352473,0.8336279759365648,0.9999999999999996
p1.100000_sd_minus_main,1.1,sd,minus,main,512,0.125,1.25e-05,0.01,completed,False,0.00019857845099879867,8.867162428438657e-05,0.11462132414835628,0.11145715654143745,0.8337344959827792,0.9999999999999996
p1.100000_fd_fixed_time_half,1.1,fd,fixed,time_half,512,0.125,6.25e-06,0.005,completed,False,0.00017644647484726939,7.235558658424956e-05,0.05286891923082589,0.10044581654670796,1.0,0.9999999999999996
p1.100000_fd_fixed_time_half,1.1,fd,fixed,time_half,512,0.125,6.25e-06,0.01,completed,False,0.00045203942720872803,0.00018967460290664206,0.11148233193856817,0.1377709532169692,1.0,0.9999999999999996
p1.100000_fd_minus_time_half,1.1,fd,minus,time_half,512,0.125,6.25e-06,0.005,completed,False,8.669144142414709e-05,3.853494237193722e-05,0.04792863389451256,0.05694083661831786,0.8336282872041921,0.9999999999999996
p1.100000_fd_minus_time_half,1.1,fd,minus,time_half,512,0.125,6.25e-06,0.01,completed,False,0.00025217561342261163,0.00010077604935143647,0.0886381230292619,0.09533738713636931,0.833735476129312,0.9999999999999996
p1.100000_sd_fixed_time_half,1.1,sd,fixed,time_half,512,0.125,6.25e-06,0.005,completed,False,0.00015451529988408375,6.768604495632768e-05,0.05736346300805924,0.10291231661826374,1.0,0.9999999999999996
p1.100000_sd_fixed_time_half,1.1,sd,fixed,time_half,512,0.125,6.25e-06,0.01,completed,False,0.0004011592054971036,0.00017879015971566936,0.1237986214609345,0.14052258986103422,1.0,0.9999999999999996
p1.100000_sd_minus_time_half,1.1,sd,minus,time_half,512,0.125,6.25e-06,0.005,completed,False,7.370301821452152e-05,3.4545174285693925e-05,0.0581440268688194,0.06428092939612062,0.8336280207082721,0.9999999999999996
p1.100000_sd_minus_time_half,1.1,sd,minus,time_half,512,0.125,6.25e-06,0.01,completed,False,0.0001995591189121182,8.916775828449186e-05,0.1150442110046716,0.11110869596422548,0.833734581373969,0.9999999999999996
p1.100000_fd_fixed_fine_half,1.1,fd,fixed,fine_half,1024,0.125,6.25e-06,0.005,completed,False,1.884155041720348e-05,9.175696311203296e-06,7.84827485517002e-05,0.00015083072685295428,1.0,0.9999999999999988
p1.100000_fd_fixed_fine_half,1.1,fd,fixed,fine_half,1024,0.125,6.25e-06,0.01,completed,False,5.408818098717738e-05,2.589713748712974e-05,0.0034192539596366385,0.007984719933970954,1.0,0.9999999999993511
p1.100000_fd_minus_fine_half,1.1,fd,minus,fine_half,1024,0.125,6.25e-06,0.005,completed,False,1.1721251331531235e-05,6.540585904102336e-06,5.447473782703491e-05,7.844208820416884e-05,0.8336193160441017,0.9999999999999982
p1.100000_fd_minus_fine_half,1.1,fd,minus,fine_half,1024,0.125,6.25e-06,0.01,completed,False,3.472261992976122e-05,1.6942418439080953e-05,0.01908798497410067,0.02304793276183837,0.833728678221806,0.999999999999263
p1.100000_sd_fixed_fine_half,1.1,sd,fixed,fine_half,1024,0.125,6.25e-06,0.005,completed,False,1.6475830924678192e-05,6.367092569292687e-06,0.00010590208641872136,0.00025212975267200943,1.0,0.9999999999999983
p1.100000_sd_fixed_fine_half,1.1,sd,fixed,fine_half,1024,0.125,6.25e-06,0.01,completed,False,3.7427832011216466e-05,1.4303916444524667e-05,0.005743095631948679,0.015228139302646089,1.0,0.9999999999985436
p1.100000_sd_minus_fine_half,1.1,sd,minus,fine_half,1024,0.125,6.25e-06,0.005,completed,False,1.4122262463001078e-05,6.151007714616519e-06,4.6270184784764654e-05,7.999556382093414e-05,0.8336190494833217,0.9999999999999983
p1.100000_sd_minus_fine_half,1.1,sd,minus,fine_half,1024,0.125,6.25e-06,0.01,completed,False,3.305800418584859e-05,1.413088840229726e-05,0.022341696878903052,0.03267103863197589,0.833727805584211,0.9999999999989421
p0.900000_fd_fixed_fine_quarter,0.9,fd,fixed,fine_quarter,1024,0.125,3.125e-06,0.005,completed,False,1.2566680889891657e-05,5.242870956601031e-06,3.1777167146061875e-05,6.554063976921159e-05,1.0,0.9999999999999981
p0.900000_fd_fixed_fine_quarter,0.9,fd,fixed,fine_quarter,1024,0.125,3.125e-06,0.01,completed,False,3.300739404688002e-05,1.4080042388675551e-05,0.0013396322467444971,0.0033962074774754247,1.0,0.9999999999991992
p0.900000_fd_minus_fine_quarter,0.9,fd,minus,fine_quarter,1024,0.125,3.125e-06,0.005,completed,False,7.890575676405831e-06,3.875749905790649e-06,2.1815633756141967e-05,3.06300092148202e-05,0.8554039443723921,0.9999999999999983
p0.900000_fd_minus_fine_quarter,0.9,fd,minus,fine_quarter,1024,0.125,3.125e-06,0.01,completed,False,2.1156460082938366e-05,9.52689724609268e-06,0.005390065321891589,0.006575106261196672,0.8554808311403589,0.9999999999994935
p0.900000_sd_fixed_fine_quarter,0.9,sd,fixed,fine_quarter,1024,0.125,3.125e-06,0.005,completed,False,1.0611333030707826e-05,4.406454267136262e-06,4.475209591340372e-05,9.168270080740441e-05,1.0,0.999999999999998
p0.900000_sd_fixed_fine_quarter,0.9,sd,fixed,fine_quarter,1024,0.125,3.125e-06,0.01,completed,False,2.3634738724798154e-05,9.542478773605367e-06,0.002271516916832665,0.005329104469239065,1.0,0.9999999999986033
p0.900000_sd_minus_fine_quarter,0.9,sd,minus,fine_quarter,1024,0.125,3.125e-06,0.005,completed,False,8.711248603354704e-06,4.044281382342696e-06,2.0294128799998454e-05,2.734066646741601e-05,0.8554037695285251,0.9999999999999981
p0.900000_sd_minus_fine_quarter,0.9,sd,minus,fine_quarter,1024,0.125,3.125e-06,0.01,completed,False,1.8455945352213732e-05,8.999608736570686e-06,0.0067210769950182036,0.0076434680018451565,0.8554803573236285,0.9999999999991985
p1.100000_fd_fixed_fine_quarter,1.1,fd,fixed,fine_quarter,1024,0.125,3.125e-06,0.005,completed,False,1.8976650680624374e-05,9.31403099446726e-06,7.829968755415554e-05,0.0001496385771407251,1.0,0.9999999999999988
p1.100000_fd_fixed_fine_quarter,1.1,fd,fixed,fine_quarter,1024,0.125,3.125e-06,0.01,completed,False,5.4523073617529505e-05,2.6225719843453454e-05,0.003459096985880001,0.008013641535019269,1.0,0.9999999999993342
p1.100000_fd_minus_fine_quarter,1.1,fd,minus,fine_quarter,1024,0.125,3.125e-06,0.005,completed,False,1.1866424503237383e-05,6.631668894696574e-06,5.455501118357906e-05,7.830267246540757e-05,0.8336193382026564,0.9999999999999982
p1.100000_fd_minus_fine_quarter,1.1,fd,minus,fine_quarter,1024,0.125,3.125e-06,0.01,completed,False,3.513187103743043e-05,1.7159098113284088e-05,0.01945620501806188,0.02352435968475624,0.8337287207588191,0.9999999999992472
p1.100000_sd_fixed_fine_quarter,1.1,sd,fixed,fine_quarter,1024,0.125,3.125e-06,0.005,completed,False,1.6254353142342026e-05,6.3060409278836715e-06,0.00010805953983080826,0.00025589346992647906,1.0,0.9999999999999983
p1.100000_sd_fixed_fine_quarter,1.1,sd,fixed,fine_quarter,1024,0.125,3.125e-06,0.01,completed,False,3.7016953976509726e-05,1.422993661803762e-05,0.00591697101352837,0.01556604641650436,1.0,0.9999999999985119
p1.100000_sd_minus_fine_quarter,1.1,sd,minus,fine_quarter,1024,0.125,3.125e-06,0.005,completed,False,1.3987131206594228e-05,6.136670840262148e-06,4.7452006064112346e-05,8.094732737710524e-05,0.8336190715352406,0.9999999999999983
p1.100000_sd_minus_fine_quarter,1.1,sd,minus,fine_quarter,1024,0.125,3.125e-06,0.01,completed,False,3.285562392729702e-05,1.4110312011927917e-05,0.02325004677422758,0.033866290394456516,0.8337278481859692,0.9999999999989184
