case,model,mesh,variant,dt,t,field,absolute_error,nodal_error
fig1a,structure,fixed,main,0.000125,0.0,u,0.00022281626407538724,3.3306690738754696e-16
fig1a,structure,fixed,main,0.000125,0.0,v,9.611740328296925e-05,1.3322676295501878e-15
fig1a,structure,fixed,main,0.000125,0.0005,u,0.00022354760019971387,2.4366905507555714e-05
fig1a,structure,fixed,main,0.000125,0.0005,v,0.00013860182142533262,4.8660876059036795e-05
fig1a,structure,fixed,main,0.000125,0.001,u,0.00022488401429199278,4.843601960557997e-05
fig1a,structure,fixed,main,0.000125,0.001,v,0.00018174964175265984,9.644670403341493e-05
fig1a,structure,fixed,main,0.000125,0.0015,u,0.0002273256116114286,7.233479561041811e-05
fig1a,structure,fixed,main,0.000125,0.0015,v,0.00022504011636614862,0.00014338034293448487
fig1a,structure,fixed,main,0.000125,0.002,u,0.00023063763886499444,9.60160967287127e-05
fig1a,structure,fixed,main,0.000125,0.002,v,0.00026848396350009907,0.00018948402545837517
fig1a,structure,fixed,main,0.000125,0.0025,u,0.00023481656738733037,0.00011947717218774301
fig1a,structure,fixed,main,0.000125,0.0025,v,0.00031209208264382227,0.00023477936813653955
fig1a,structure,fixed,main,0.000125,0.003,u,0.00024049784215729453,0.00014271588169734173
fig1a,structure,fixed,main,0.000125,0.003,v,0.0003558755609442965,0.0002792873808759033
fig1a,structure,fixed,main,0.000125,0.0035,u,0.0002471229110383444,0.00016573071196490652
fig1a,structure,fixed,main,0.000125,0.0035,v,0.000399845679795785,0.0003230284760673552
fig1a,structure,fixed,main,0.000125,0.004,u,0.0002545868371781612,0.0001885207933398636
fig1a,structure,fixed,main,0.000125,0.004,v,0.00044401392191839584,0.0003660224771899756
fig1a,structure,fixed,main,0.000125,0.0045000000000000005,u,0.00026479334935536336,0.0002110859166764012
fig1a,structure,fixed,main,0.000125,0.0045000000000000005,v,0.000488391978411773,0.000408288626851272
fig1a,structure,fixed,main,0.000125,0.005,u,0.0002864388225602976,0.00023342655043023797
fig1a,structure,fixed,main,0.000125,0.005,v,0.0005329917562999498,0.00044984559437910576
fig1a,structure,fixed,main,0.000125,0.0055,u,0.0003086811657895261,0.0002555438580895686
fig1a,structure,fixed,main,0.000125,0.0055,v,0.0005778253863344407,0.0004907114828620607
fig1a,structure,fixed,main,0.000125,0.006,u,0.0003315230140601422,0.000277439715947736
fig1a,structure,fixed,main,0.000125,0.006,v,0.0006229052309159044,0.0005309038357088625
fig1a,structure,fixed,main,0.000125,0.006500000000000001,u,0.00035502707236467757,0.00029911673131421956
fig1a,structure,fixed,main,0.000125,0.006500000000000001,v,0.0006682438924414669,0.00057055855057353
fig1a,structure,fixed,main,0.000125,0.007,u,0.00038003080209714213,0.00032057826119102906
fig1a,structure,fixed,main,0.000125,0.007,v,0.0007138542217957067,0.000615695358297863
fig1a,structure,fixed,main,0.000125,0.0075,u,0.00040562246182895834,0.0003418284314902209
fig1a,structure,fixed,main,0.000125,0.0075,v,0.0007597493270765643,0.0006611214167535628
fig1a,structure,fixed,main,0.000125,0.008,u,0.0004318042466280314,0.0003641350274325994
fig1a,structure,fixed,main,0.000125,0.008,v,0.000805942582720709,0.0007068599034449896
fig1a,structure,fixed,main,0.000125,0.0085,u,0.00045857863584308767,0.00039148765754082326
fig1a,structure,fixed,main,0.000125,0.0085,v,0.0008524476386793101,0.0007529342624890134
fig1a,structure,fixed,main,0.000125,0.009000000000000001,u,0.00048594839981208615,0.0004193580717060108
fig1a,structure,fixed,main,0.000125,0.009000000000000001,v,0.0008992784299917123,0.0007993682120313039
fig1a,structure,fixed,main,0.000125,0.0095,u,0.000513916606554643,0.00044774268585912047
fig1a,structure,fixed,main,0.000125,0.0095,v,0.000946449186455256,0.000846185751884887
fig1a,structure,fixed,main,0.000125,0.01,u,0.0005424866284184926,0.00047663795181684954
fig1a,structure,fixed,main,0.000125,0.01,v,0.0009939744426876729,0.0008934111713805315
fig1a,structure,fixed,main,0.000125,0.0105,u,0.0005716621487505957,0.0005060403543726277
fig1a,structure,fixed,main,0.000125,0.0105,v,0.0010418690483056103,0.0009410690574211955
fig1a,structure,fixed,main,0.000125,0.011,u,0.0006014471685420464,0.0005359464079677245
fig1a,structure,fixed,main,0.000125,0.011,v,0.0010901481783984757,0.0009891843027320935
fig1a,structure,fixed,main,0.000125,0.0115,u,0.0006318781730065837,0.0005663526529586793
fig1a,structure,fixed,main,0.000125,0.0115,v,0.0011388273442480834,0.0010377821142961707
fig1a,structure,fixed,main,0.000125,0.012,u,0.0006630003594181311,0.000597255651438422
fig1a,structure,fixed,main,0.000125,0.012,v,0.0011879491185926572,0.001086888021967214
fig1a,structure,fixed,main,0.000125,0.0125,u,0.0006947541090451814,0.0006286519826104175
fig1a,structure,fixed,main,0.000125,0.0125,v,0.0012376784919356787,0.00113652788724794
fig1a,structure,fixed,main,0.000125,0.013000000000000001,u,0.0007271447940775388,0.0006605382377071756
fig1a,structure,fixed,main,0.000125,0.013000000000000001,v,0.0012878745328228636,0.001186727912231067
fig1a,structure,fixed,main,0.000125,0.0135,u,0.0007601781295480947,0.0006929110144491268
fig1a,structure,fixed,main,0.000125,0.0135,v,0.0013385544523383253,0.0012375146486880428
fig1a,structure,fixed,main,0.000125,0.014,u,0.0007938601800878686,0.0007257669109859144
fig1a,structure,fixed,main,0.000125,0.014,v,0.0013897358643517599,0.001288915007302771
fig1a,structure,fixed,main,0.000125,0.0145,u,0.000828197366739003,0.0007591025193658396
fig1a,structure,fixed,main,0.000125,0.0145,v,0.001441436797509299,0.0013409562670250175
fig1a,structure,fixed,main,0.000125,0.015,u,0.0008631964738143871,0.0007929144184655179
fig1a,structure,fixed,main,0.000125,0.015,v,0.001493675707178621,0.0013936660845617066
fig1a,structure,fixed,main,0.000125,0.0155,u,0.0008988646558274471,0.0008279964572597276
fig1a,structure,fixed,main,0.000125,0.0155,v,0.0015464714878414831,0.001447072503959479
fig1a,structure,fixed,main,0.000125,0.016,u,0.0009352094444927683,0.0008639158412568904
fig1a,structure,fixed,main,0.000125,0.016,v,0.0015998434855082344,0.0015012039663060417
fig1a,structure,fixed,main,0.000125,0.0165,u,0.0009722387558095402,0.0009004003527532944
fig1a,structure,fixed,main,0.000125,0.0165,v,0.0016538115105897422,0.001556089319508791
fig1a,structure,fixed,main,0.000125,0.017,u,0.0010099608972307106,0.0009374494857057325
fig1a,structure,fixed,main,0.000125,0.017,v,0.0017083958507839725,0.0016117578281611422
fig1a,structure,fixed,main,0.000125,0.0175,u,0.001048384574938055,0.0009750627592082228
fig1a,structure,fixed,main,0.000125,0.0175,v,0.001763617284312291,0.0016682391834648147
fig1a,structure,fixed,main,0.000125,0.018000000000000002,u,0.001087518901226714,0.0010132397108879587
fig1a,structure,fixed,main,0.000125,0.018000000000000002,v,0.00181957677600586,0.001725563513219397
fig1a,structure,fixed,main,0.000125,0.0185,u,0.001127373402005638,0.001051979889729493
fig1a,structure,fixed,main,0.000125,0.0185,v,0.0018764935600779076,0.0017837613918485484
fig1a,structure,fixed,main,0.000125,0.019,u,0.0011679779622382203,0.0010912828483902182
fig1a,structure,fixed,main,0.000125,0.019,v,0.0019341329469493296,0.0018428638504550676
fig1a,structure,fixed,main,0.000125,0.0195,u,0.0012094763647867435,0.00113114813494275
fig1a,structure,fixed,main,0.000125,0.0195,v,0.0019925181136986048,0.0019029023868935013
fig1a,structure,fixed,main,0.000125,0.02,u,0.0012517326131622486,0.0011715752840220084
fig1a,structure,fixed,main,0.000125,0.02,v,0.002051672802103166,0.0019639089758491934
fig1a,structure,fixed,time_half,6.25e-05,0.0,u,0.00022281626407538724,3.3306690738754696e-16
fig1a,structure,fixed,time_half,6.25e-05,0.0,v,9.611740328296925e-05,1.3322676295501878e-15
fig1a,structure,fixed,time_half,6.25e-05,0.0005,u,0.00022354760019949182,2.436690550688958e-05
fig1a,structure,fixed,time_half,6.25e-05,0.0005,v,0.00013860182142511057,4.8660876058592706e-05
fig1a,structure,fixed,time_half,6.25e-05,0.001,u,0.00022488401429288096,4.843601960646815e-05
fig1a,structure,fixed,time_half,6.25e-05,0.001,v,0.00018174964175377006,9.644670403341493e-05
fig1a,structure,fixed,time_half,6.25e-05,0.0015,u,0.00022732561161209475,7.233479561175038e-05
fig1a,structure,fixed,time_half,6.25e-05,0.0015,v,0.00022504011636770294,0.00014338034293537305
fig1a,structure,fixed,time_half,6.25e-05,0.002,u,0.00023063763886610467,9.60160967307111e-05
fig1a,structure,fixed,time_half,6.25e-05,0.002,v,0.0002684839635023195,0.00018948402546015153
fig1a,structure,fixed,time_half,6.25e-05,0.0025,u,0.00023481656738932877,0.00011947717219040754
fig1a,structure,fixed,time_half,6.25e-05,0.0025,v,0.0003120920826453766,0.00023477936813876
fig1a,structure,fixed,time_half,6.25e-05,0.003,u,0.00024049784215884884,0.0001427158817002283
fig1a,structure,fixed,time_half,6.25e-05,0.003,v,0.00035587556094651696,0.00027928738087812377
fig1a,structure,fixed,time_half,6.25e-05,0.0035,u,0.0002471229110403428,0.00016573071196845923
fig1a,structure,fixed,time_half,6.25e-05,0.0035,v,0.0003998456797997818,0.0003230284760704638
fig1a,structure,fixed,time_half,6.25e-05,0.004,u,0.00025458683718038166,0.00018852079334408245
fig1a,structure,fixed,time_half,6.25e-05,0.004,v,0.00044401392192150446,0.00036602247719264014
fig1a,structure,fixed,time_half,6.25e-05,0.0045000000000000005,u,0.0002647933493575838,0.00021108591668128618
fig1a,structure,fixed,time_half,6.25e-05,0.0045000000000000005,v,0.0004883919784164359,0.0004082886268552688
fig1a,structure,fixed,time_half,6.25e-05,0.005,u,0.00028643882256296216,0.00023342655043578908
fig1a,structure,fixed,time_half,6.25e-05,0.005,v,0.0005329917563032804,0.00044984559438399074
fig1a,structure,fixed,time_half,6.25e-05,0.0055,u,0.00030868116579285676,0.00025554385809578584
fig1a,structure,fixed,time_half,6.25e-05,0.0055,v,0.0005778253863373273,0.0004907114828673897
fig1a,structure,fixed,time_half,6.25e-05,0.006,u,0.0003315230140636949,0.0002774397159548414
fig1a,structure,fixed,time_half,6.25e-05,0.006,v,0.0006229052309192351,0.0005309038357146356
fig1a,structure,fixed,time_half,6.25e-05,0.006500000000000001,u,0.0003550270723677862,0.00029911673132221317
fig1a,structure,fixed,time_half,6.25e-05,0.006500000000000001,v,0.0006682438924465739,0.0005705585505801913
fig1a,structure,fixed,time_half,6.25e-05,0.007,u,0.0003800308021004728,0.0003205782612001329
fig1a,structure,fixed,time_half,6.25e-05,0.007,v,0.0007138542217994814,0.0006156953583047464
fig1a,structure,fixed,time_half,6.25e-05,0.0075,u,0.00040562246183251105,0.00034182843149999087
fig1a,structure,fixed,time_half,6.25e-05,0.0075,v,0.000759749327080117,0.0006611214167608903
fig1a,structure,fixed,time_half,6.25e-05,0.008,u,0.0004318042466315841,0.00036413502743237736
fig1a,structure,fixed,time_half,6.25e-05,0.008,v,0.0008059425827262601,0.000706859903452095
fig1a,structure,fixed,time_half,6.25e-05,0.0085,u,0.0004585786358468624,0.0003914876575403792
fig1a,structure,fixed,time_half,6.25e-05,0.0085,v,0.0008524476386859714,0.0007529342624972291
fig1a,structure,fixed,time_half,6.25e-05,0.009000000000000001,u,0.00048594839981608295,0.0004193580717051226
fig1a,structure,fixed,time_half,6.25e-05,0.009000000000000001,v,0.0008992784299983736,0.0007993682120395196
fig1a,structure,fixed,time_half,6.25e-05,0.0095,u,0.0005139166065588618,0.00044774268585801025
fig1a,structure,fixed,time_half,6.25e-05,0.0095,v,0.0009464491864619173,0.0008461857518944349
fig1a,structure,fixed,time_half,6.25e-05,0.01,u,0.0005424866284231555,0.0004766379518150732
fig1a,structure,fixed,time_half,6.25e-05,0.01,v,0.0009939744426963326,0.0008934111713903015
fig1a,structure,fixed,time_half,6.25e-05,0.0105,u,0.0005716621487554807,0.0005060403543708514
fig1a,structure,fixed,time_half,6.25e-05,0.0105,v,0.0010418690483118276,0.0009410690574311875
fig1a,structure,fixed,time_half,6.25e-05,0.011,u,0.0006014471685469314,0.0005359464079655041
fig1a,structure,fixed,time_half,6.25e-05,0.011,v,0.0010901481784082456,0.0009891843027431957
fig1a,structure,fixed,time_half,6.25e-05,0.0115,u,0.0006318781730119127,0.0005663526529560148
fig1a,structure,fixed,time_half,6.25e-05,0.0115,v,0.0011388273442578534,0.001037782114307717
fig1a,structure,fixed,time_half,6.25e-05,0.012,u,0.0006630003594232381,0.0005972556514353133
fig1a,structure,fixed,time_half,6.25e-05,0.012,v,0.0011879491186030933,0.0010868880219792043
fig1a,structure,fixed,time_half,6.25e-05,0.0125,u,0.0006947541090507325,0.0006286519826068648
fig1a,structure,fixed,time_half,6.25e-05,0.0125,v,0.001237678491947225,0.0011365278872601525
fig1a,structure,fixed,time_half,6.25e-05,0.013000000000000001,u,0.000727144794083534,0.0006605382377029567
fig1a,structure,fixed,time_half,6.25e-05,0.013000000000000001,v,0.001287874532835298,0.0011867279122443897
fig1a,structure,fixed,time_half,6.25e-05,0.0135,u,0.000760178129554534,0.0006929110144442419
fig1a,structure,fixed,time_half,6.25e-05,0.0135,v,0.001338554452352314,0.0012375146487018096
fig1a,structure,fixed,time_half,6.25e-05,0.014,u,0.00079386018009453,0.0007257669109803633
fig1a,structure,fixed,time_half,6.25e-05,0.014,v,0.0013897358643653046,0.00128891500731676
fig1a,structure,fixed,time_half,6.25e-05,0.0145,u,0.0008281973667461084,0.0007591025193596224
fig1a,structure,fixed,time_half,6.25e-05,0.0145,v,0.0014414367975230657,0.0013409562670403385
fig1a,structure,fixed,time_half,6.25e-05,0.015,u,0.0008631964738217146,0.0007929144184579684
fig1a,structure,fixed,time_half,6.25e-05,0.015,v,0.0014936757071943862,0.0013936660845772497
fig1a,structure,fixed,time_half,6.25e-05,0.0155,u,0.0008988646558347746,0.0008279964572550647
fig1a,structure,fixed,time_half,6.25e-05,0.0155,v,0.001546471487855472,0.0014470725039759103
fig1a,structure,fixed,time_half,6.25e-05,0.016,u,0.000935209444500984,0.0008639158412517833
fig1a,structure,fixed,time_half,6.25e-05,0.016,v,0.0015998434855226673,0.001501203966322917
fig1a,structure,fixed,time_half,6.25e-05,0.0165,u,0.0009722387558177559,0.0009004003527470772
fig1a,structure,fixed,time_half,6.25e-05,0.0165,v,0.0016538115106048412,0.0015560893195256664
fig1a,structure,fixed,time_half,6.25e-05,0.017,u,0.0010099608972395924,0.0009374494856990712
fig1a,structure,fixed,time_half,6.25e-05,0.017,v,0.001708395850801958,0.0016117578281782396
fig1a,structure,fixed,time_half,6.25e-05,0.0175,u,0.0010483845749476028,0.0009750627592008954
fig1a,structure,fixed,time_half,6.25e-05,0.0175,v,0.0017636172843296105,0.0016682391834828003
fig1a,structure,fixed,time_half,6.25e-05,0.018000000000000002,u,0.0010875189012362618,0.001013239710879521
fig1a,structure,fixed,time_half,6.25e-05,0.018000000000000002,v,0.0018195767760247339,0.0017255635132389369
fig1a,structure,fixed,time_half,6.25e-05,0.0185,u,0.0011273734020158521,0.001051979889720167
fig1a,structure,fixed,time_half,6.25e-05,0.0185,v,0.0018764935600956711,0.0017837613918685324
fig1a,structure,fixed,time_half,6.25e-05,0.019,u,0.0011679779622484343,0.001091282848379782
fig1a,structure,fixed,time_half,6.25e-05,0.019,v,0.0019341329469697577,0.0018428638504750516
fig1a,structure,fixed,time_half,6.25e-05,0.0195,u,0.0012094763647969575,0.0011311481349314256
fig1a,structure,fixed,time_half,6.25e-05,0.0195,v,0.001992518113719255,0.0019029023869145956
fig1a,structure,fixed,time_half,6.25e-05,0.02,u,0.0012517326131731288,0.001171575284009574
fig1a,structure,fixed,time_half,6.25e-05,0.02,v,0.0020516728021251485,0.0019639089758707318
fig1a,structure,moving,main,0.000125,0.0,u,8.728642765354344e-05,2.7755575615628914e-16
fig1a,structure,moving,main,0.000125,0.0,v,7.684358581194761e-05,1.3322676295501878e-15
fig1a,structure,moving,main,0.000125,0.0005,u,9.381182368461971e-05,1.5464626822891958e-05
fig1a,structure,moving,main,0.000125,0.0005,v,9.376439432851047e-05,2.624084374081015e-05
fig1a,structure,moving,main,0.000125,0.001,u,0.00010069321006134224,3.0999114114305115e-05
fig1a,structure,moving,main,0.000125,0.001,v,0.0001107530173067861,5.267846580836455e-05
fig1a,structure,moving,main,0.000125,0.0015,u,0.00010793290718846826,4.6609009429765536e-05
fig1a,structure,moving,main,0.000125,0.0015,v,0.00012781606145684243,7.932387725517742e-05
fig1a,structure,moving,main,0.000125,0.002,u,0.00011553337047520706,6.231898411224179e-05
fig1a,structure,moving,main,0.000125,0.002,v,0.00014990877425202775,0.00010618843311904769
fig1a,structure,moving,main,0.000125,0.0025,u,0.00012349719439397333,7.813005931289752e-05
fig1a,structure,moving,main,0.000125,0.0025,v,0.00017534190187307175,0.00013328383566557633
fig1a,structure,moving,main,0.000125,0.003,u,0.00013191920055866113,9.404533284529393e-05
fig1a,structure,moving,main,0.000125,0.003,v,0.00020100062525929552,0.0001606221384959916
fig1a,structure,moving,main,0.000125,0.0035,u,0.00014074167414945826,0.00011007121444706058
fig1a,structure,moving,main,0.000125,0.0035,v,0.00022682024406761592,0.00018821575142080604
fig1a,structure,moving,main,0.000125,0.004,u,0.00014993705009080927,0.0001262144477978122
fig1a,structure,moving,main,0.000125,0.004,v,0.00025313595201525985,0.00021607744628693304
fig1a,structure,moving,main,0.000125,0.0045000000000000005,u,0.00015950847798906764,0.00014248211422707158
fig1a,structure,moving,main,0.000125,0.0045000000000000005,v,0.0002797155538993845,0.000244220363459835
fig1a,structure,moving,main,0.000125,0.005,u,0.00016945926999345495,0.0001588816369606505
fig1a,structure,moving,main,0.000125,0.005,v,0.00030650540926657754,0.0002726580193614936
fig1a,structure,moving,main,0.000125,0.0055,u,0.00017979290429370742,0.00017542078590015997
fig1a,structure,moving,main,0.000125,0.0055,v,0.0003337775918568209,0.00030140431466296747
fig1a,structure,moving,main,0.000125,0.006,u,0.00019186653005442977,0.00019210768298960623
fig1a,structure,moving,main,0.000125,0.006,v,0.0003614219666410179,0.00033047354354764913
fig1a,structure,moving,main,0.000125,0.006500000000000001,u,0.00020867738268948166,0.00020895080808780442
fig1a,structure,moving,main,0.000125,0.006500000000000001,v,0.0003893285963489923,0.000359880403862034
fig1a,structure,moving,main,0.000125,0.007,u,0.0002256558407562892,0.0002259590054394245
fig1a,structure,moving,main,0.000125,0.007,v,0.00041764696684976066,0.0003896400080887208
fig1a,structure,moving,main,0.000125,0.0075,u,0.00024281130114189864,0.00024314149068627167
fig1a,structure,moving,main,0.000125,0.0075,v,0.0004465060377316643,0.00041976789538877846
fig1a,structure,moving,main,0.000125,0.008,u,0.0002601535466220106,0.00026050785845832536
fig1a,structure,moving,main,0.000125,0.008,v,0.00047568260094843495,0.00045028004463132376
fig1a,structure,moving,main,0.000125,0.0085,u,0.00027769275634481616,0.0002780680905714039
fig1a,structure,moving,main,0.000125,0.0085,v,0.000505191783188419,0.0004811928883330374
fig1a,structure,moving,main,0.000125,0.009000000000000001,u,0.0002954491564450823,0.0002958325648032556
fig1a,structure,moving,main,0.000125,0.009000000000000001,v,0.0005353797869089849,0.0005125233277203378
fig1a,structure,moving,main,0.000125,0.0095,u,0.00031344687195122845,0.00031381206430802777
fig1a,structure,moving,main,0.000125,0.0095,v,0.0005659871751331202,0.0005442887488740222
fig1a,structure,moving,main,0.000125,0.01,u,0.0003316776715112102,0.0003320177876786623
fig1a,structure,moving,main,0.000125,0.01,v,0.0005969876752056624,0.0005765070399452732
fig1a,structure,moving,main,0.000125,0.0105,u,0.00035015370392632583,0.00035046135966187997
fig1a,structure,moving,main,0.000125,0.0105,v,0.0006284788251225137,0.0006091966095900236
fig1a,structure,moving,main,0.000125,0.011,u,0.00036888760326414527,0.00036915484257371567
fig1a,structure,moving,main,0.000125,0.011,v,0.0006606867243394987,0.0006423764063756554
fig1a,structure,moving,main,0.000125,0.0115,u,0.00038789250613047166,0.00038811074844513627
fig1a,structure,moving,main,0.000125,0.0115,v,0.0006933530119541675,0.0006760659398163948
fig1a,structure,moving,main,0.000125,0.012,u,0.0004071820700985995,0.00040734205190995354
fig1a,structure,moving,main,0.000125,0.012,v,0.0007264963385151813,0.0007102853022384892
fig1a,structure,moving,main,0.000125,0.0125,u,0.0004267704933726968,0.000426862203898315
fig1a,structure,moving,main,0.000125,0.0125,v,0.0007602470243075476,0.0007450551923700033
fig1a,structure,moving,main,0.000125,0.013000000000000001,u,0.00044667253572927557,0.0004466851461468746
fig1a,structure,moving,main,0.000125,0.013000000000000001,v,0.0007947640692169688,0.0007803969399806654
fig1a,structure,moving,main,0.000125,0.0135,u,0.0004669035408504385,0.0004668253265978084
fig1a,structure,moving,main,0.000125,0.0135,v,0.0008298309797518666,0.0008163325322125825
fig1a,structure,moving,main,0.000125,0.014,u,0.00048747946012417387,0.0004872977157077685
fig1a,structure,moving,main,0.000125,0.014,v,0.0008654690501022078,0.0008528846412898528
fig1a,structure,moving,main,0.000125,0.0145,u,0.0005087056385912891,0.0005081178237376083
fig1a,structure,moving,main,0.000125,0.0145,v,0.0009017149177246164,0.0008900766538451066
fig1a,structure,moving,main,0.000125,0.015,u,0.0005307638163567496,0.0005293017190670657
fig1a,structure,moving,main,0.000125,0.015,v,0.000938908385580639,0.0009279327017870376
fig1a,structure,moving,main,0.000125,0.0155,u,0.000553237516469407,0.0005508660475899152
fig1a,structure,moving,main,0.000125,0.0155,v,0.0009767549279027232,0.0009664776950708553
fig1a,structure,moving,main,0.000125,0.016,u,0.0005761432197308736,0.0005731082456919001
fig1a,structure,moving,main,0.000125,0.016,v,0.001015279083948828,0.001005737356063463
fig1a,structure,moving,main,0.000125,0.0165,u,0.0005994981881451977,0.0005964385930521399
fig1a,structure,moving,main,0.000125,0.0165,v,0.0010545061761211283,0.0010457382558983763
fig1a,structure,moving,main,0.000125,0.017,u,0.0006233204981995755,0.0006202483222326194
fig1a,structure,moving,main,0.000125,0.017,v,0.001094526071588886,0.0010865078527964034
fig1a,structure,moving,main,0.000125,0.0175,u,0.0006476290762833514,0.0006445567727657586
fig1a,structure,moving,main,0.000125,0.0175,v,0.0011355751879980058,0.0011280745324100394
fig1a,structure,moving,main,0.000125,0.018000000000000002,u,0.0006724437364042934,0.0006693841673475198
fig1a,structure,moving,main,0.000125,0.018000000000000002,v,0.0011774231343459896,0.0011704676504205036
fig1a,structure,moving,main,0.000125,0.0185,u,0.0006977852202703083,0.0006947516494308914
fig1a,structure,moving,main,0.000125,0.0185,v,0.0012200993731179555,0.001213717577254858
fig1a,structure,moving,main,0.000125,0.019,u,0.0007236752399597535,0.0007206813231526166
fig1a,structure,moving,main,0.000125,0.019,v,0.001263634388455559,0.001257855745443237
fig1a,structure,moving,main,0.000125,0.0195,u,0.0007501365232747137,0.0007471962956711042
fig1a,structure,moving,main,0.000125,0.0195,v,0.0013080597359897972,0.001302914699314428
fig1a,structure,moving,main,0.000125,0.02,u,0.0007771928619850765,0.0007743207221149184
fig1a,structure,moving,main,0.000125,0.02,v,0.0013535304168814655,0.0013489281474008408
fig1a,structure,moving,time_half,6.25e-05,0.0,u,8.728642765354344e-05,2.7755575615628914e-16
fig1a,structure,moving,time_half,6.25e-05,0.0,v,7.684358581194761e-05,1.3322676295501878e-15
fig1a,structure,moving,time_half,6.25e-05,0.0005,u,9.381182368417562e-05,1.5464626823114003e-05
fig1a,structure,moving,time_half,6.25e-05,0.0005,v,9.376439432629002e-05,2.624084374036606e-05
fig1a,structure,moving,time_half,6.25e-05,0.001,u,0.0001006932100611202,3.0999114114749204e-05
fig1a,structure,moving,time_half,6.25e-05,0.001,v,0.00011075301730667508,5.2678465807254327e-05
fig1a,structure,moving,time_half,6.25e-05,0.0015,u,0.00010793290718891235,4.6609009430209625e-05
fig1a,structure,moving,time_half,6.25e-05,0.0015,v,0.00012781606145739755,7.932387725784196e-05
fig1a,structure,moving,time_half,6.25e-05,0.002,u,0.00011553337047609524,6.231898411224179e-05
fig1a,structure,moving,time_half,6.25e-05,0.002,v,0.0001499087742506955,0.00010618843311793746
fig1a,structure,moving,time_half,6.25e-05,0.0025,u,0.00012349719439463946,7.813005931289752e-05
fig1a,structure,moving,time_half,6.25e-05,0.0025,v,0.00017534190187218357,0.0001332838356664645
fig1a,structure,moving,time_half,6.25e-05,0.003,u,0.0001319192005595493,9.404533284551597e-05
fig1a,structure,moving,time_half,6.25e-05,0.003,v,0.0002010006252601837,0.0001606221384964357
fig1a,structure,moving,time_half,6.25e-05,0.0035,u,0.0001407416741501244,0.0001100712144466165
fig1a,structure,moving,time_half,6.25e-05,0.0035,v,0.00022682024407028045,0.00018821575142791147
fig1a,structure,moving,time_half,6.25e-05,0.004,u,0.00014993705009236358,0.00012621444779736812
fig1a,structure,moving,time_half,6.25e-05,0.004,v,0.0002531359520165921,0.0002160774462887094
fig1a,structure,moving,time_half,6.25e-05,0.0045000000000000005,u,0.000159508477990844,0.00014248211422929202
fig1a,structure,moving,time_half,6.25e-05,0.0045000000000000005,v,0.000279715553906712,0.00024422036347004905
fig1a,structure,moving,time_half,6.25e-05,0.005,u,0.00016945926999456518,0.00015888163696153867
fig1a,structure,moving,time_half,6.25e-05,0.005,v,0.0003065054092723507,0.00027265801937415013
fig1a,structure,moving,time_half,6.25e-05,0.0055,u,0.00017979290429548378,0.00017542078590193633
fig1a,structure,moving,time_half,6.25e-05,0.0055,v,0.0003337775918594854,0.0003014043146660761
fig1a,structure,moving,time_half,6.25e-05,0.006,u,0.00019186653005554,0.0001921076829909385
fig1a,structure,moving,time_half,6.25e-05,0.006,v,0.0003614219666461249,0.00033047354355231207
fig1a,structure,moving,time_half,6.25e-05,0.006500000000000001,u,0.0002086773826917021,0.00020895080809046895
fig1a,structure,moving,time_half,6.25e-05,0.006500000000000001,v,0.00038932859635409933,0.00035988040386558673
fig1a,structure,moving,time_half,6.25e-05,0.007,u,0.00022565584075917577,0.0002259590054425331
fig1a,structure,moving,time_half,6.25e-05,0.007,v,0.00041764696685508973,0.00038964000809360577
fig1a,structure,moving,time_half,6.25e-05,0.0075,u,0.00024281130114500726,0.00024314149068982438
fig1a,structure,moving,time_half,6.25e-05,0.0075,v,0.00044650603772877773,0.0004197678953834494
fig1a,structure,moving,time_half,6.25e-05,0.008,u,0.0002601535466257854,0.00026050785846232216
fig1a,structure,moving,time_half,6.25e-05,0.008,v,0.00047568260095598447,0.00045028004463820714
fig1a,structure,moving,time_half,6.25e-05,0.0085,u,0.00027769275634925705,0.0002780680905762889
fig1a,structure,moving,time_half,6.25e-05,0.0085,v,0.0005051917831957464,0.0004811928883414751
fig1a,structure,moving,time_half,6.25e-05,0.009000000000000001,u,0.00029544915645240977,0.0002958325648092508
fig1a,structure,moving,time_half,6.25e-05,0.009000000000000001,v,0.0005353797869180887,0.0005125233277278873
fig1a,structure,moving,time_half,6.25e-05,0.0095,u,0.00031344687195766774,0.000313812064314023
fig1a,structure,moving,time_half,6.25e-05,0.0095,v,0.0005659871751464429,0.0005442887488869008
fig1a,structure,moving,time_half,6.25e-05,0.01,u,0.00033167767151898175,0.0003320177876866559
fig1a,structure,moving,time_half,6.25e-05,0.01,v,0.0005969876752289771,0.0005765070399701422
fig1a,structure,moving,time_half,6.25e-05,0.0105,u,0.0003501537039345415,0.00035046135966876335
fig1a,structure,moving,time_half,6.25e-05,0.0105,v,0.0006284788251360585,0.0006091966096029022
fig1a,structure,moving,time_half,6.25e-05,0.011,u,0.00036888760327502546,0.00036915484258348563
fig1a,structure,moving,time_half,6.25e-05,0.011,v,0.000660686724341053,0.0006423764063789861
fig1a,structure,moving,time_half,6.25e-05,0.0115,u,0.0003878925061415739,0.0003881107484553503
fig1a,structure,moving,time_half,6.25e-05,0.0115,v,0.0006933530119552778,0.0006760659398175051
fig1a,structure,moving,time_half,6.25e-05,0.012,u,0.0004071820701119222,0.0004073420519217219
fig1a,structure,moving,time_half,6.25e-05,0.012,v,0.000726496338518956,0.0007102853022440403
fig1a,structure,moving,time_half,6.25e-05,0.0125,u,0.00042677049338735173,0.0004268622039114156
fig1a,structure,moving,time_half,6.25e-05,0.0125,v,0.0007602470243297521,0.0007450551923939841
fig1a,structure,moving,time_half,6.25e-05,0.013000000000000001,u,0.0004466725357452628,0.0004466851461613075
fig1a,structure,moving,time_half,6.25e-05,0.013000000000000001,v,0.0007947640692413938,0.0007803969400053123
fig1a,structure,moving,time_half,6.25e-05,0.0135,u,0.0004669035408684241,0.0004668253266137956
fig1a,structure,moving,time_half,6.25e-05,0.0135,v,0.000829830979768964,0.0008163325322325665
fig1a,structure,moving,time_half,6.25e-05,0.014,u,0.00048747946014304766,0.00048729771572464387
fig1a,structure,moving,time_half,6.25e-05,0.014,v,0.0008654690501321838,0.0008528846413220492
fig1a,structure,moving,time_half,6.25e-05,0.0145,u,0.0005087056386137156,0.0005081178237578143
fig1a,structure,moving,time_half,6.25e-05,0.0145,v,0.0009017149177537043,0.000890076653877081
fig1a,structure,moving,time_half,6.25e-05,0.015,u,0.0005307638163807304,0.0005293017190877158
fig1a,structure,moving,time_half,6.25e-05,0.015,v,0.0009389083856121694,0.0009279327018172356
fig1a,structure,moving,time_half,6.25e-05,0.0155,u,0.0005532375164949421,0.0005508660476132299
fig1a,structure,moving,time_half,6.25e-05,0.0155,v,0.0009767549279380283,0.000966477695109047
fig1a,structure,moving,time_half,6.25e-05,0.016,u,0.0005761432197606275,0.0005731082457258729
fig1a,structure,moving,time_half,6.25e-05,0.016,v,0.0010152790839779158,0.0010057373560949934
fig1a,structure,moving,time_half,6.25e-05,0.0165,u,0.0005994981881776162,0.0005964385930892213
fig1a,structure,moving,time_half,6.25e-05,0.0165,v,0.0010545061761557672,0.00104573825593679
fig1a,structure,moving,time_half,6.25e-05,0.017,u,0.0006233204982351026,0.0006202483222730315
fig1a,structure,moving,time_half,6.25e-05,0.017,v,0.0010945260716366256,0.0010865078528465855
fig1a,structure,moving,time_half,6.25e-05,0.0175,u,0.0006476290763228754,0.0006445567728103896
fig1a,structure,moving,time_half,6.25e-05,0.0175,v,0.001135575188068394,0.0011280745324815378
fig1a,structure,moving,time_half,6.25e-05,0.018000000000000002,u,0.000672443736446704,0.0006693841673959255
fig1a,structure,moving,time_half,6.25e-05,0.018000000000000002,v,0.0011774231344110486,0.001170467650487561
fig1a,structure,moving,time_half,6.25e-05,0.0185,u,0.0006977852203171597,0.000694751649483738
fig1a,structure,moving,time_half,6.25e-05,0.0185,v,0.001220099373179906,0.0012137175773183628
fig1a,structure,moving,time_half,6.25e-05,0.019,u,0.0007236752400103796,0.0007206813232099041
fig1a,structure,moving,time_half,6.25e-05,0.019,v,0.0012636343885241708,0.001257855745512737
fig1a,structure,moving,time_half,6.25e-05,0.0195,u,0.0007501365233304469,0.0007471962957334988
fig1a,structure,moving,time_half,6.25e-05,0.0195,v,0.001308059736063516,0.0013029146993912555
fig1a,structure,moving,time_half,6.25e-05,0.02,u,0.0007771928620463608,0.0007743207221830861
fig1a,structure,moving,time_half,6.25e-05,0.02,v,0.0013535304169571827,0.001348928147476558
fig1a,fd,fixed,main,0.000125,0.0,u,0.00022281626407538724,3.3306690738754696e-16
fig1a,fd,fixed,main,0.000125,0.0,v,9.611740328341334e-05,0.0
fig1a,fd,fixed,main,0.000125,0.0005,u,0.00023822375068704993,3.1226500033954e-05
fig1a,fd,fixed,main,0.000125,0.0005,v,0.00014686680153186416,5.133155329128947e-05
fig1a,fd,fixed,main,0.000125,0.001,u,0.0002552875819807898,6.257545074506154e-05
fig1a,fd,fixed,main,0.000125,0.001,v,0.0001981976774303451,0.00010275264626513625
fig1a,fd,fixed,main,0.000125,0.0015,u,0.0002735301362251086,9.404554045477909e-05
fig1a,fd,fixed,main,0.000125,0.0015,v,0.0002497648571013755,0.00015446372852001566
fig1a,fd,fixed,main,0.000125,0.002,u,0.0002933351527871775,0.00012563571103241244
fig1a,fd,fixed,main,0.000125,0.002,v,0.00030157437916145113,0.0002064291754881875
fig1a,fd,fixed,main,0.000125,0.0025,u,0.0003148453416756958,0.00015734517950538596
fig1a,fd,fixed,main,0.000125,0.0025,v,0.00035364710042307124,0.00025867266723866855
fig1a,fd,fixed,main,0.000125,0.003,u,0.000337463484617162,0.00018917345958202603
fig1a,fd,fixed,main,0.000125,0.003,v,0.0004060043345845976,0.00031121811768830554
fig1a,fd,fixed,main,0.000125,0.0035,u,0.0003611871741202588,0.0002211203830420061
fig1a,fd,fixed,main,0.000125,0.0035,v,0.0004586678575571046,0.0003640896790491066
fig1a,fd,fixed,main,0.000125,0.004,u,0.00038601405366045505,0.0002531861210854913
fig1a,fd,fixed,main,0.000125,0.004,v,0.0005116599134520339,0.0004173117465287035
fig1a,fd,fixed,main,0.000125,0.0045000000000000005,u,0.00041194182354864495,0.0002853712055870261
fig1a,fd,fixed,main,0.000125,0.0045000000000000005,v,0.0005650032212278777,0.0004709089632763952
fig1a,fd,fixed,main,0.000125,0.005,u,0.00043896824653644195,0.0003176765503332124
fig1a,fd,fixed,main,0.000125,0.005,v,0.0006187209820014417,0.0005249062255641146
fig1a,fd,fixed,main,0.000125,0.0055,u,0.00046729438984383087,0.00035010347223396465
fig1a,fd,fixed,main,0.000125,0.0055,v,0.0006728368870105861,0.0005793286881916604
fig1a,fd,fixed,main,0.000125,0.006,u,0.0004967721920694501,0.0003826537125344309
fig1a,fd,fixed,main,0.000125,0.006,v,0.0007273751262495409,0.0006342017701208569
fig1a,fd,fixed,main,0.000125,0.006500000000000001,u,0.0005274629241105444,0.00041532945806599386
fig1a,fd,fixed,main,0.000125,0.006500000000000001,v,0.0007823603977565874,0.0006895511603079996
fig1a,fd,fixed,main,0.000125,0.007,u,0.0005593144196984756,0.0004481333625414585
fig1a,fd,fixed,main,0.000125,0.007,v,0.0008378179175725364,0.0007454028237490196
fig1a,fd,fixed,main,0.000125,0.0075,u,0.0005921586386528066,0.00048106856792906605
fig1a,fd,fixed,main,0.000125,0.0075,v,0.0008937734303653411,0.0008017830077187149
fig1a,fd,fixed,main,0.000125,0.008,u,0.0006259912701664927,0.0005141387259288699
fig1a,fd,fixed,main,0.000125,0.008,v,0.0009502532207228409,0.000858718248194057
fig1a,fd,fixed,main,0.000125,0.0085,u,0.0006608080788126358,0.0005473480195776759
fig1a,fd,fixed,main,0.000125,0.0085,v,0.0010072841251254072,0.0009162353764653464
fig1a,fd,fixed,main,0.000125,0.009000000000000001,u,0.0006966049063781288,0.0005807011850096355
fig1a,fd,fixed,main,0.000125,0.009000000000000001,v,0.0010648935445976004,0.0009743615259125704
fig1a,fd,fixed,main,0.000125,0.0095,u,0.0007335026336035,0.0006142035333935869
fig1a,fd,fixed,main,0.000125,0.0095,v,0.0011231094580397283,0.0010331241389571755
fig1a,fd,fixed,main,0.000125,0.01,u,0.000771642926272964,0.0006478609731002116
fig1a,fd,fixed,main,0.000125,0.01,v,0.0011819604362610647,0.0010925509741575024
fig1a,fd,fixed,main,0.000125,0.0105,u,0.0008108597510279036,0.0006816800320790239
fig1a,fd,fixed,main,0.000125,0.0105,v,0.0012414756567031837,0.0011526701134718653
fig1a,fd,fixed,main,0.000125,0.011,u,0.0008511521349121587,0.0007156678805253502
fig1a,fd,fixed,main,0.000125,0.011,v,0.0013016849188742796,0.0012135099696521934
fig1a,fd,fixed,main,0.000125,0.0115,u,0.0008925192391424641,0.0007498323538570606
fig1a,fd,fixed,main,0.000125,0.0115,v,0.0013626186605002477,0.00127509929377978
fig1a,fd,fixed,main,0.000125,0.012,u,0.0009349603610810941,0.0007841819759875079
fig1a,fd,fixed,main,0.000125,0.012,v,0.0014243079743918585,0.0013374671829280427
fig1a,fd,fixed,main,0.000125,0.0125,u,0.0009784749359178502,0.0008187259829981475
fig1a,fd,fixed,main,0.000125,0.0125,v,0.0014867846260551154,0.0014006430879425213
fig1a,fd,fixed,main,0.000125,0.013000000000000001,u,0.001023062538020092,0.0008534743471797501
fig1a,fd,fixed,main,0.000125,0.013000000000000001,v,0.0015508647507076478,0.0014646568213396716
fig1a,fd,fixed,main,0.000125,0.0135,u,0.0010687676986333994,0.0008884378015232564
fig1a,fd,fixed,main,0.000125,0.0135,v,0.0016162907741654742,0.0015295385653033566
fig1a,fd,fixed,main,0.000125,0.014,u,0.0011156724793328632,0.0009319985756979232
fig1a,fd,fixed,main,0.000125,0.014,v,0.00168267888049356,0.0015953188797865892
fig1a,fd,fixed,main,0.000125,0.0145,u,0.0011636479718275528,0.000981770891938627
fig1a,fd,fixed,main,0.000125,0.0145,v,0.0017500652875455103,0.0016620287106918763
fig1a,fd,fixed,main,0.000125,0.015,u,0.0012126947382289366,0.0010327413206270286
fig1a,fd,fixed,main,0.000125,0.015,v,0.0018184870210957715,0.0017296993981423814
fig1a,fd,fixed,main,0.000125,0.0155,u,0.0012628135156111941,0.0010849202854188444
fig1a,fd,fixed,main,0.000125,0.0155,v,0.0018879819366082184,0.0017983626848134815
fig1a,fd,fixed,main,0.000125,0.016,u,0.0013140052165463434,0.0011383188593385718
fig1a,fd,fixed,main,0.000125,0.016,v,0.001958588741711731,0.001868050724338488
fig1a,fd,fixed,main,0.000125,0.0165,u,0.0013662709293431607,0.0011934483613020852
fig1a,fd,fixed,main,0.000125,0.0165,v,0.0020303470193987483,0.0019387960897583323
fig1a,fd,fixed,main,0.000125,0.017,u,0.0014196119179992195,0.0012507986895413659
fig1a,fd,fixed,main,0.000125,0.017,v,0.0021032972519452464,0.002010631782024097
fig1a,fd,fixed,main,0.000125,0.0175,u,0.0014756386035728042,0.0013095203357920138
fig1a,fd,fixed,main,0.000125,0.0175,v,0.002177480845578117,0.002083591238523752
fig1a,fd,fixed,main,0.000125,0.018000000000000002,u,0.0015328843170490103,0.0013696298147654051
fig1a,fd,fixed,main,0.000125,0.018000000000000002,v,0.0022529401558832873,0.0021577083416441933
fig1a,fd,fixed,main,0.000125,0.0185,u,0.0015913502613869035,0.0014311444123464856
fig1a,fd,fixed,main,0.000125,0.0185,v,0.002329718513981449,0.0022330174273412773
fig1a,fd,fixed,main,0.000125,0.019,u,0.0016510425005722418,0.0014940822058246983
fig1a,fd,fixed,main,0.000125,0.019,v,0.002407860253468952,0.002309553293714961
fig1a,fd,fixed,main,0.000125,0.0195,u,0.001711994701397046,0.001558462084737755
fig1a,fd,fixed,main,0.000125,0.0195,v,0.002487410738148066,0.0023873512095768934
fig1a,fd,fixed,main,0.000125,0.02,u,0.0017744383883553372,0.0016243037723762122
fig1a,fd,fixed,main,0.000125,0.02,v,0.0025684163905448365,0.0024664469229973562
fig1a,fd,fixed,time_half,6.25e-05,0.0,u,0.00022281626407538724,3.3306690738754696e-16
fig1a,fd,fixed,time_half,6.25e-05,0.0,v,9.611740328341334e-05,0.0
fig1a,fd,fixed,time_half,6.25e-05,0.0005,u,0.0002382237506879381,3.122650003506422e-05
fig1a,fd,fixed,time_half,6.25e-05,0.0005,v,0.00014686680153119802,5.133155329151151e-05
fig1a,fd,fixed,time_half,6.25e-05,0.001,u,0.00025528758198190005,6.25754507468379e-05
fig1a,fd,fixed,time_half,6.25e-05,0.001,v,0.0001981976774307892,0.0001027526462653583
fig1a,fd,fixed,time_half,6.25e-05,0.0015,u,0.0002735301362262188,9.404554045744362e-05
fig1a,fd,fixed,time_half,6.25e-05,0.0015,v,0.0002497648571018196,0.00015446372852045975
fig1a,fd,fixed,time_half,6.25e-05,0.002,u,0.0002933351527887318,0.00012563571103596516
fig1a,fd,fixed,time_half,6.25e-05,0.002,v,0.0003015743791623393,0.0002064291754886316
fig1a,fd,fixed,time_half,6.25e-05,0.0025,u,0.00031484534167747213,0.00015734517951027094
fig1a,fd,fixed,time_half,6.25e-05,0.0025,v,0.0003536471004244035,0.0002586726672393347
fig1a,fd,fixed,time_half,6.25e-05,0.003,u,0.00033746348461938247,0.00018917345958757714
fig1a,fd,fixed,time_half,6.25e-05,0.003,v,0.000406004334586596,0.00031121811768941576
fig1a,fd,fixed,time_half,6.25e-05,0.0035,u,0.00036118717412292334,0.0002211203830484454
fig1a,fd,fixed,time_half,6.25e-05,0.0035,v,0.0004586678575595471,0.0003640896790506609
fig1a,fd,fixed,time_half,6.25e-05,0.004,u,0.00038601405366289754,0.0002531861210928188
fig1a,fd,fixed,time_half,6.25e-05,0.004,v,0.0005116599134546984,0.000417311746531146
fig1a,fd,fixed,time_half,6.25e-05,0.0045000000000000005,u,0.00041194182355153153,0.0002853712055950197
fig1a,fd,fixed,time_half,6.25e-05,0.0045000000000000005,v,0.0005650032212312084,0.00047090896327861564
fig1a,fd,fixed,time_half,6.25e-05,0.005,u,0.0004389682465395506,0.00031767655034231623
fig1a,fd,fixed,time_half,6.25e-05,0.005,v,0.0006187209820058825,0.0005249062255665571
fig1a,fd,fixed,time_half,6.25e-05,0.0055,u,0.0004672943898473836,0.0003501034722437346
fig1a,fd,fixed,time_half,6.25e-05,0.0055,v,0.000672836887015249,0.000579328688194547
fig1a,fd,fixed,time_half,6.25e-05,0.006,u,0.0004967721920732249,0.0003826537125453111
fig1a,fd,fixed,time_half,6.25e-05,0.006,v,0.000727375126254648,0.0006342017701244096
fig1a,fd,fixed,time_half,6.25e-05,0.006500000000000001,u,0.000527462924113431,0.0004153294580775402
fig1a,fd,fixed,time_half,6.25e-05,0.006500000000000001,v,0.0007823603977628046,0.0006895511603115523
fig1a,fd,fixed,time_half,6.25e-05,0.007,u,0.0005593144197018063,0.0004481333625543371
fig1a,fd,fixed,time_half,6.25e-05,0.007,v,0.0008378179175791978,0.0007454028237530164
fig1a,fd,fixed,time_half,6.25e-05,0.0075,u,0.0005921586386559152,0.0004810685679428328
fig1a,fd,fixed,time_half,6.25e-05,0.0075,v,0.0008937734303731126,0.0008017830077231558
fig1a,fd,fixed,time_half,6.25e-05,0.008,u,0.0006259912701698234,0.0005141387259439689
fig1a,fd,fixed,time_half,6.25e-05,0.008,v,0.0009502532207317227,0.0008587182481989419
fig1a,fd,fixed,time_half,6.25e-05,0.0085,u,0.0006608080788161885,0.0005473480195936631
fig1a,fd,fixed,time_half,6.25e-05,0.0085,v,0.0010072841251358433,0.0009162353764706754
fig1a,fd,fixed,time_half,6.25e-05,0.009000000000000001,u,0.0006966049063812374,0.0005807011850265109
fig1a,fd,fixed,time_half,6.25e-05,0.009000000000000001,v,0.0010648935446087027,0.0009743615259183436
fig1a,fd,fixed,time_half,6.25e-05,0.0095,u,0.0007335026336081629,0.0006142035334117946
fig1a,fd,fixed,time_half,6.25e-05,0.0095,v,0.0011231094580519407,0.0010331241389633927
fig1a,fd,fixed,time_half,6.25e-05,0.01,u,0.000771642926277627,0.0006478609731195295
fig1a,fd,fixed,time_half,6.25e-05,0.01,v,0.0011819604362741654,0.0010925509741643857
fig1a,fd,fixed,time_half,6.25e-05,0.0105,u,0.0008108597510323445,0.000681680032099452
fig1a,fd,fixed,time_half,6.25e-05,0.0105,v,0.0012414756567173946,0.0011526701134789707
fig1a,fd,fixed,time_half,6.25e-05,0.011,u,0.0008511521349163775,0.0007156678805471106
fig1a,fd,fixed,time_half,6.25e-05,0.011,v,0.0013016849188900448,0.001213509969659965
fig1a,fd,fixed,time_half,6.25e-05,0.0115,u,0.0008925192391473491,0.0007498323538801532
fig1a,fd,fixed,time_half,6.25e-05,0.0115,v,0.001362618660516901,0.0012750992937877736
fig1a,fd,fixed,time_half,6.25e-05,0.012,u,0.000934960361085535,0.0007841819760117108
fig1a,fd,fixed,time_half,6.25e-05,0.012,v,0.0014243079744098441,0.0013374671829364804
fig1a,fd,fixed,time_half,6.25e-05,0.0125,u,0.000978474935921625,0.0008187259830236826
fig1a,fd,fixed,time_half,6.25e-05,0.0125,v,0.0014867846260742112,0.0014006430879516252
fig1a,fd,fixed,time_half,6.25e-05,0.013000000000000001,u,0.0010230625380240888,0.0008534743472068396
fig1a,fd,fixed,time_half,6.25e-05,0.013000000000000001,v,0.0015508647507276319,0.0014646568213494415
fig1a,fd,fixed,time_half,6.25e-05,0.0135,u,0.0010687676986385064,0.0008884378015519001
fig1a,fd,fixed,time_half,6.25e-05,0.0135,v,0.0016162907741876786,0.0015295385653137927
fig1a,fd,fixed,time_half,6.25e-05,0.014,u,0.0011156724793377482,0.0009319985757154647
fig1a,fd,fixed,time_half,6.25e-05,0.014,v,0.0016826788805177628,0.0015953188797979134
fig1a,fd,fixed,time_half,6.25e-05,0.0145,u,0.0011636479718324377,0.0009817708919572787
fig1a,fd,fixed,time_half,6.25e-05,0.0145,v,0.0017500652875717115,0.0016620287107038667
fig1a,fd,fixed,time_half,6.25e-05,0.015,u,0.0012126947382335995,0.0010327413206463465
fig1a,fd,fixed,time_half,6.25e-05,0.015,v,0.0018184870211237492,0.0017296993981548159
fig1a,fd,fixed,time_half,6.25e-05,0.0155,u,0.001262813515615635,0.0010849202854397166
fig1a,fd,fixed,time_half,6.25e-05,0.0155,v,0.0018879819366375283,0.001798362684826138
fig1a,fd,fixed,time_half,6.25e-05,0.016,u,0.0013140052165501181,0.0011383188593603322
fig1a,fd,fixed,time_half,6.25e-05,0.016,v,0.0019585887417437053,0.0018680507243520328
fig1a,fd,fixed,time_half,6.25e-05,0.0165,u,0.0013662709293473796,0.001193448361326288
fig1a,fd,fixed,time_half,6.25e-05,0.0165,v,0.002030347019432055,0.001938796089772321
fig1a,fd,fixed,time_half,6.25e-05,0.017,u,0.0014196119180029942,0.001250798689566901
fig1a,fd,fixed,time_half,6.25e-05,0.017,v,0.0021032972519809956,0.00201063178203853
fig1a,fd,fixed,time_half,6.25e-05,0.0175,u,0.0014756386035803537,0.0013095203358188812
fig1a,fd,fixed,time_half,6.25e-05,0.0175,v,0.0021774808456154204,0.002083591238538629
fig1a,fd,fixed,time_half,6.25e-05,0.018000000000000002,u,0.0015328843170565598,0.0013696298147940489
fig1a,fd,fixed,time_half,6.25e-05,0.018000000000000002,v,0.0022529401559228113,0.0021577083416597365
fig1a,fd,fixed,time_half,6.25e-05,0.0185,u,0.0015913502613937869,0.0014311444123766837
fig1a,fd,fixed,time_half,6.25e-05,0.0185,v,0.0023297185140225274,0.0022330174273577086
fig1a,fd,fixed,time_half,6.25e-05,0.019,u,0.0016510425005791252,0.0014940822058564507
fig1a,fd,fixed,time_half,6.25e-05,0.019,v,0.0024078602535129168,0.0023095532937318364
fig1a,fd,fixed,time_half,6.25e-05,0.0195,u,0.0017119947014063719,0.0015584620847712838
fig1a,fd,fixed,time_half,6.25e-05,0.0195,v,0.002487410738194251,0.002387351209593991
fig1a,fd,fixed,time_half,6.25e-05,0.02,u,0.001774438388364219,0.0016243037724117393
fig1a,fd,fixed,time_half,6.25e-05,0.02,v,0.0025684163905932422,0.0024664469230148978
fig1a,fd,moving,main,0.000125,0.0,u,8.728642765354344e-05,2.7755575615628914e-16
fig1a,fd,moving,main,0.000125,0.0,v,7.684358581194761e-05,0.0
fig1a,fd,moving,main,0.000125,0.0005,u,0.00010530671072550568,1.765353978466777e-05
fig1a,fd,moving,main,0.000125,0.0005,v,9.337064306469411e-05,3.617899196806107e-05
fig1a,fd,moving,main,0.000125,0.001,u,0.00012373809614452114,3.568313212132246e-05
fig1a,fd,moving,main,0.000125,0.001,v,0.00011905348851626307,7.253780721261371e-05
fig1a,fd,moving,main,0.000125,0.0015,u,0.0001425818426623593,5.4089455889361204e-05
fig1a,fd,moving,main,0.000125,0.0015,v,0.00015341942574531586,0.00010908776857565528
fig1a,fd,moving,main,0.000125,0.002,u,0.00016183934398705802,7.287336882644269e-05
fig1a,fd,moving,main,0.000125,0.002,v,0.00018813163593311977,0.00014584060025701895
fig1a,fd,moving,main,0.000125,0.0025,u,0.00018151213347472606,9.203591044548709e-05
fig1a,fd,moving,main,0.000125,0.0025,v,0.00022319156093386638,0.0001828084320139034
fig1a,fd,moving,main,0.000125,0.003,u,0.00020160188875006924,0.00011157830487351639
fig1a,fd,moving,main,0.000125,0.003,v,0.0002583923124113152,0.00022000380408226938
fig1a,fd,moving,main,0.000125,0.0035,u,0.00022218449224942205,0.00013150196370514955
fig1a,fd,moving,main,0.000125,0.0035,v,0.00029417860420855035,0.0002574396728500794
fig1a,fd,moving,main,0.000125,0.004,u,0.00024321375292224445,0.00015180848880058662
fig1a,fd,moving,main,0.000125,0.004,v,0.0003301607081258595,0.0002951294172588437
fig1a,fd,moving,main,0.000125,0.0045000000000000005,u,0.0002646656852014484,0.00017249967510246655
fig1a,fd,moving,main,0.000125,0.0045000000000000005,v,0.00036640117822273055,0.0003330868459803238
fig1a,fd,moving,main,0.000125,0.005,u,0.00028654254985260863,0.0001935775134227491
fig1a,fd,moving,main,0.000125,0.005,v,0.000403214319349976,0.00037132620535751393
fig1a,fd,moving,main,0.000125,0.0055,u,0.00030884677861897636,0.00021504419326334734
fig1a,fd,moving,main,0.000125,0.0055,v,0.00044026026327070866,0.0004098621881358788
fig1a,fd,moving,main,0.000125,0.006,u,0.000331580978381929,0.00023690210564697445
fig1a,fd,moving,main,0.000125,0.006,v,0.0004775884367300698,0.0004487099429910657
fig1a,fd,moving,main,0.000125,0.006500000000000001,u,0.00035474793529277626,0.00025915384594288327
fig1a,fd,moving,main,0.000125,0.006500000000000001,v,0.0005155553457762974,0.0004878850848852867
fig1a,fd,moving,main,0.000125,0.007,u,0.00037835061891566824,0.0002818022167754286
fig1a,fd,moving,main,0.000125,0.007,v,0.0005538120319816819,0.0005274037062574788
fig1a,fd,moving,main,0.000125,0.0075,u,0.0004023921863443025,0.00030485023091886276
fig1a,fd,moving,main,0.000125,0.0075,v,0.0005923747938827439,0.0005672823890736645
fig1a,fd,moving,main,0.000125,0.008,u,0.0004268759863206295,0.00032830111425896646
fig1a,fd,moving,main,0.000125,0.008,v,0.0006315374219307834,0.000607538217760828
fig1a,fd,moving,main,0.000125,0.0085,u,0.0004518055633773166,0.00035215830882706634
fig1a,fd,moving,main,0.000125,0.0085,v,0.0006711576934421704,0.0006481887930518404
fig1a,fd,moving,main,0.000125,0.009000000000000001,u,0.0004771846619853193,0.00037642547584471053
fig1a,fd,moving,main,0.000125,0.009000000000000001,v,0.0007111460114217483,0.0006892522467620843
fig1a,fd,moving,main,0.000125,0.0095,u,0.0005030172307236569,0.0004011064988704849
fig1a,fd,moving,main,0.000125,0.0095,v,0.0007515205290216098,0.000730747257533304
fig1a,fd,moving,main,0.000125,0.01,u,0.00052930742648849,0.00042620548700611494
fig1a,fd,moving,main,0.000125,0.01,v,0.0007926553783506041,0.0007726930675699961
fig1a,fd,moving,main,0.000125,0.0105,u,0.0005560596187381694,0.00045172677816407436
fig1a,fd,moving,main,0.000125,0.0105,v,0.0008342329539958726,0.0008151095004127473
fig1a,fd,moving,main,0.000125,0.011,u,0.0005832783937713693,0.0004776749424293403
fig1a,fd,moving,main,0.000125,0.011,v,0.0008762647092961373,0.0008580169797736126
fig1a,fd,moving,main,0.000125,0.0115,u,0.00061096855908227,0.0005040547855106325
fig1a,fd,moving,main,0.000125,0.0115,v,0.0009187710337021926,0.0009014365494852683
fig1a,fd,moving,main,0.000125,0.012,u,0.0006391351477328389,0.0005308713522533814
fig1a,fd,moving,main,0.000125,0.012,v,0.0009620134140306824,0.000945389894595472
fig1a,fd,moving,main,0.000125,0.0125,u,0.0006677834228525636,0.0005581299302843679
fig1a,fd,moving,main,0.000125,0.0125,v,0.00100587881019365,0.0009898993636658915
fig1a,fd,moving,main,0.000125,0.013000000000000001,u,0.0006969188821290828,0.0005858360537238649
fig1a,fd,moving,main,0.000125,0.013000000000000001,v,0.0010502938849208387,0.00103498799231172
fig1a,fd,moving,main,0.000125,0.0135,u,0.0007265472624624625,0.0006139955070185721
fig1a,fd,moving,main,0.000125,0.0135,v,0.0010952817057541253,0.0010806795280471349
fig1a,fd,moving,main,0.000125,0.014,u,0.0007566745446356826,0.0006426143288653652
fig1a,fd,moving,main,0.000125,0.014,v,0.0011408660051253072,0.0011269984564883373
fig1a,fd,moving,main,0.000125,0.0145,u,0.0007873069581170178,0.0006716988162542847
fig1a,fd,moving,main,0.000125,0.0145,v,0.0011872708822968647,0.001173970028974347
fig1a,fd,moving,main,0.000125,0.015,u,0.0008184791212686449,0.0007012555286318722
fig1a,fd,moving,main,0.000125,0.015,v,0.0012344418904544074,0.0012216202916766061
fig1a,fd,moving,main,0.000125,0.0155,u,0.0008501970654701818,0.000731291292146885
fig1a,fd,moving,main,0.000125,0.0155,v,0.0012822953886129085,0.001269976116266891
fig1a,fd,moving,main,0.000125,0.016,u,0.00088243941002486,0.0007618132040581038
fig1a,fd,moving,main,0.000125,0.016,v,0.0013308584392417444,0.0013190652322110363
fig1a,fd,moving,main,0.000125,0.0165,u,0.0009152134527075084,0.0007928286372222981
fig1a,fd,moving,main,0.000125,0.0165,v,0.0013801589418502846,0.0013689162607861682
fig1a,fd,moving,main,0.000125,0.017,u,0.0009485267671722752,0.0008243452447276312
fig1a,fd,moving,main,0.000125,0.017,v,0.0014302256684168846,0.0014195587508891716
fig1a,fd,moving,main,0.000125,0.0175,u,0.0009823872083438712,0.0008563709646509654
fig1a,fd,moving,main,0.000125,0.0175,v,0.0014811466825355168,0.0014710232167458592
fig1a,fd,moving,main,0.000125,0.018000000000000002,u,0.0010168029179351556,0.0008889140249215277
fig1a,fd,moving,main,0.000125,0.018000000000000002,v,0.001533126560765652,0.0015233411776094385
fig1a,fd,moving,main,0.000125,0.0185,u,0.001051782330112605,0.0009219829483317898
fig1a,fd,moving,main,0.000125,0.0185,v,0.0015859752814026962,0.0015765451995550794
fig1a,fd,moving,main,0.000125,0.019,u,0.0010873341773398604,0.0009555865576633682
fig1a,fd,moving,main,0.000125,0.019,v,0.0016397259304605782,0.0016306689394955942
fig1a,fd,moving,main,0.000125,0.0195,u,0.0011234674963462865,0.000989733980949259
fig1a,fd,moving,main,0.000125,0.0195,v,0.0016944126955209526,0.001685747191518372
fig1a,fd,moving,main,0.000125,0.02,u,0.0011601916343113583,0.0010244346568524243
fig1a,fd,moving,main,0.000125,0.02,v,0.0017500709144300242,0.001741815935697888
fig1a,fd,moving,time_half,6.25e-05,0.0,u,8.728642765354344e-05,2.7755575615628914e-16
fig1a,fd,moving,time_half,6.25e-05,0.0,v,7.684358581194761e-05,0.0
fig1a,fd,moving,time_half,6.25e-05,0.0005,u,0.00010530671072572773,1.765353978511186e-05
fig1a,fd,moving,time_half,6.25e-05,0.0005,v,9.337064306469411e-05,3.617899196850516e-05
fig1a,fd,moving,time_half,6.25e-05,0.001,u,0.00012373809614518727,3.56831321215445e-05
fig1a,fd,moving,time_half,6.25e-05,0.001,v,0.00011905348851604103,7.253780721283576e-05
fig1a,fd,moving,time_half,6.25e-05,0.0015,u,0.00014258184266324747,5.408945589002734e-05
fig1a,fd,moving,time_half,6.25e-05,0.0015,v,0.00015341942574575995,0.00010908776857632141
fig1a,fd,moving,time_half,6.25e-05,0.002,u,0.00016183934398772415,7.287336882688678e-05
fig1a,fd,moving,time_half,6.25e-05,0.002,v,0.00018813163593423,0.00014584060025835122
fig1a,fd,moving,time_half,6.25e-05,0.0025,u,0.00018151213347561423,9.203591044637527e-05
fig1a,fd,moving,time_half,6.25e-05,0.0025,v,0.00022319156093519865,0.00018280843201479158
fig1a,fd,moving,time_half,6.25e-05,0.003,u,0.00020160188875117946,0.00011157830487418252
fig1a,fd,moving,time_half,6.25e-05,0.003,v,0.00025839231241286953,0.00022000380408471187
fig1a,fd,moving,time_half,6.25e-05,0.0035,u,0.00022218449225075432,0.00013150196370625977
fig1a,fd,moving,time_half,6.25e-05,0.0035,v,0.0002941786042103267,0.00025743967285229985
fig1a,fd,moving,time_half,6.25e-05,0.004,u,0.00024321375292379876,0.00015180848880169684
fig1a,fd,moving,time_half,6.25e-05,0.004,v,0.0003301607081278579,0.0002951294172608421
fig1a,fd,moving,time_half,6.25e-05,0.0045000000000000005,u,0.0002646656852030027,0.00017249967510357678
fig1a,fd,moving,time_half,6.25e-05,0.0045000000000000005,v,0.00036640117822517304,0.0003330868459827663
fig1a,fd,moving,time_half,6.25e-05,0.005,u,0.00028654254985416294,0.00019357751342297114
fig1a,fd,moving,time_half,6.25e-05,0.005,v,0.00040321431935286256,0.0003713262053608446
fig1a,fd,moving,time_half,6.25e-05,0.0055,u,0.00030884677862097476,0.0002150441932651237
fig1a,fd,moving,time_half,6.25e-05,0.0055,v,0.0004402602632738173,0.0004098621881396536
fig1a,fd,moving,time_half,6.25e-05,0.006,u,0.00033158097838370537,0.00023690210564741854
fig1a,fd,moving,time_half,6.25e-05,0.006,v,0.0004775884367345107,0.0004487099429959507
fig1a,fd,moving,time_half,6.25e-05,0.006500000000000001,u,0.00035474793529521875,0.00025915384594488167
fig1a,fd,moving,time_half,6.25e-05,0.006500000000000001,v,0.0005155553457814044,0.0004878850848908378
fig1a,fd,moving,time_half,6.25e-05,0.007,u,0.0003783506189185548,0.00028180221677720496
fig1a,fd,moving,time_half,6.25e-05,0.007,v,0.0005538120319878992,0.0005274037062641401
fig1a,fd,moving,time_half,6.25e-05,0.0075,u,0.0004023921863463009,0.00030485023091975094
fig1a,fd,moving,time_half,6.25e-05,0.0075,v,0.0005923747938894053,0.0005672823890807699
fig1a,fd,moving,time_half,6.25e-05,0.008,u,0.00042687598632284995,0.00032830111426185304
fig1a,fd,moving,time_half,6.25e-05,0.008,v,0.0006315374219381109,0.0006075382177692656
fig1a,fd,moving,time_half,6.25e-05,0.0085,u,0.0004518055633799811,0.0003521583088295088
fig1a,fd,moving,time_half,6.25e-05,0.0085,v,0.000671157693450608,0.0006481887930611663
fig1a,fd,moving,time_half,6.25e-05,0.009000000000000001,u,0.00047718466198820586,0.00037642547584737507
fig1a,fd,moving,time_half,6.25e-05,0.009000000000000001,v,0.0007111460114312962,0.0006892522467727424
fig1a,fd,moving,time_half,6.25e-05,0.0095,u,0.0005030172307265435,0.00040110649887226124
fig1a,fd,moving,time_half,6.25e-05,0.0095,v,0.000751520529032268,0.0007307472575446283
fig1a,fd,moving,time_half,6.25e-05,0.01,u,0.0005293074264907105,0.00042620548700811334
fig1a,fd,moving,time_half,6.25e-05,0.01,v,0.0007926553783630386,0.0007726930675835408
fig1a,fd,moving,time_half,6.25e-05,0.0105,u,0.0005560596187417222,0.00045172677816696094
fig1a,fd,moving,time_half,6.25e-05,0.0105,v,0.0008342329540094173,0.0008151095004274023
fig1a,fd,moving,time_half,6.25e-05,0.011,u,0.0005832783937755881,0.0004776749424333371
fig1a,fd,moving,time_half,6.25e-05,0.011,v,0.0008762647093112363,0.000858016979790488
fig1a,fd,moving,time_half,6.25e-05,0.0115,u,0.0006109685590858227,0.0005040547855135191
fig1a,fd,moving,time_half,6.25e-05,0.0115,v,0.0009187710337186239,0.0009014365495032539
fig1a,fd,moving,time_half,6.25e-05,0.012,u,0.0006391351477375018,0.0005308713522573782
fig1a,fd,moving,time_half,6.25e-05,0.012,v,0.0009620134140488901,0.0009453898946152339
fig1a,fd,moving,time_half,6.25e-05,0.0125,u,0.0006677834228550061,0.0005581299302865883
fig1a,fd,moving,time_half,6.25e-05,0.0125,v,0.0010058788102143001,0.000989899363688318
fig1a,fd,moving,time_half,6.25e-05,0.013000000000000001,u,0.0006969188821337458,0.000585836053728972
fig1a,fd,moving,time_half,6.25e-05,0.013000000000000001,v,0.0010502938849434873,0.0010349879923359229
fig1a,fd,moving,time_half,6.25e-05,0.0135,u,0.0007265472624680136,0.0006139955070241232
fig1a,fd,moving,time_half,6.25e-05,0.0135,v,0.0010952817057789943,0.0010806795280735582
fig1a,fd,moving,time_half,6.25e-05,0.014,u,0.0007566745446410117,0.0006426143288704722
fig1a,fd,moving,time_half,6.25e-05,0.014,v,0.0011408660051523967,0.0011269984565178692
fig1a,fd,moving,time_half,6.25e-05,0.0145,u,0.000787306958123013,0.0006716988162602799
fig1a,fd,moving,time_half,6.25e-05,0.0145,v,0.0011872708823270628,0.0011739700290058774
fig1a,fd,moving,time_half,6.25e-05,0.015,u,0.0008184791212746401,0.0007012555286378674
fig1a,fd,moving,time_half,6.25e-05,0.015,v,0.001234441890487492,0.0012216202917114671
fig1a,fd,moving,time_half,6.25e-05,0.0155,u,0.0008501970654766211,0.0007312912921535464
fig1a,fd,moving,time_half,6.25e-05,0.0155,v,0.0012822953886493238,0.0012699761163046386
fig1a,fd,moving,time_half,6.25e-05,0.016,u,0.0008824394100317434,0.0007618132040647652
fig1a,fd,moving,time_half,6.25e-05,0.016,v,0.0013308584392810463,0.0013190652322523366
fig1a,fd,moving,time_half,6.25e-05,0.0165,u,0.0009152134527148359,0.0007928286372296256
fig1a,fd,moving,time_half,6.25e-05,0.0165,v,0.0013801589418929172,0.001368916260829911
fig1a,fd,moving,time_half,6.25e-05,0.017,u,0.0009485267671804909,0.0008243452447354027
fig1a,fd,moving,time_half,6.25e-05,0.017,v,0.0014302256684630699,0.0014195587509371332
fig1a,fd,moving,time_half,6.25e-05,0.0175,u,0.000982387208352531,0.0008563709646596251
fig1a,fd,moving,time_half,6.25e-05,0.0175,v,0.001481146682586365,0.0014710232167978177
fig1a,fd,moving,time_half,6.25e-05,0.018000000000000002,u,0.0010168029179431493,0.0008889140249288552
fig1a,fd,moving,time_half,6.25e-05,0.018000000000000002,v,0.001533126560820719,0.0015233411776658379
fig1a,fd,moving,time_half,6.25e-05,0.0185,u,0.001051782330122819,0.0009219829483411157
fig1a,fd,moving,time_half,6.25e-05,0.0185,v,0.0015859752814626482,0.001576545199617252
fig1a,fd,moving,time_half,6.25e-05,0.019,u,0.0010873341773505185,0.0009555865576740263
fig1a,fd,moving,time_half,6.25e-05,0.019,v,0.0016397259305260814,0.0016306689395624296
fig1a,fd,moving,time_half,6.25e-05,0.0195,u,0.0011234674963565006,0.000989733980959473
fig1a,fd,moving,time_half,6.25e-05,0.0195,v,0.0016944126955913408,0.0016857471915909805
fig1a,fd,moving,time_half,6.25e-05,0.02,u,0.0011601916343226826,0.0010244346568644147
fig1a,fd,moving,time_half,6.25e-05,0.02,v,0.0017500709145057414,0.0017418159357758256
fig1b,structure,fixed,main,0.000125,0.0,u,5.060932537492846e-07,4.163336342344337e-17
fig1b,structure,fixed,main,0.000125,0.0,v,6.039533679280673e-07,1.6653345369377348e-16
fig1b,structure,fixed,main,0.000125,0.0005,u,7.98062654017162e-07,3.916858218322439e-07
fig1b,structure,fixed,main,0.000125,0.0005,v,6.182819217714908e-07,1.3697045475602465e-07
fig1b,structure,fixed,main,0.000125,0.001,u,1.0928552490185872e-06,7.834400859718649e-07
fig1b,structure,fixed,main,0.000125,0.001,v,6.456087813244693e-07,2.7404342561876405e-07
fig1b,structure,fixed,main,0.000125,0.0015,u,1.3966104496221377e-06,1.1752515000074126e-06
fig1b,structure,fixed,main,0.000125,0.0015,v,6.731939420356881e-07,4.112113963228303e-07
fig1b,structure,fixed,main,0.000125,0.002,u,1.7008555387998392e-06,1.567108673272699e-06
fig1b,structure,fixed,main,0.000125,0.002,v,7.751487283158554e-07,5.484668017530225e-07
fig1b,structure,fixed,main,0.000125,0.0025,u,2.0082672955723524e-06,1.959000114071241e-06
fig1b,structure,fixed,main,0.000125,0.0025,v,9.033198455909996e-07,6.858020275002374e-07
fig1b,structure,fixed,main,0.000125,0.003,u,2.355251114416479e-06,2.3509142353939083e-06
fig1b,structure,fixed,main,0.000125,0.003,v,1.0337311777686153e-06,8.232094098059584e-07
fig1b,structure,fixed,main,0.000125,0.0035,u,2.746731817659942e-06,2.7428393523654115e-06
fig1b,structure,fixed,main,0.000125,0.0035,v,1.164582497548139e-06,9.60870422617166e-07
fig1b,structure,fixed,main,0.000125,0.004,u,3.1382359884091215e-06,3.134763686796216e-06
fig1b,structure,fixed,main,0.000125,0.004,v,1.2958688319630873e-06,1.0989524085180946e-06
fig1b,structure,fixed,main,0.000125,0.0045000000000000005,u,3.5297519834220914e-06,3.5266753661278294e-06
fig1b,structure,fixed,main,0.000125,0.0045000000000000005,v,1.4294119062840949e-06,1.2372150805517457e-06
fig1b,structure,fixed,main,0.000125,0.005,u,3.9214357028249935e-06,3.9185624272075614e-06
fig1b,structure,fixed,main,0.000125,0.005,v,1.5638779705118289e-06,1.3756506286322079e-06
fig1b,structure,fixed,main,0.000125,0.0055,u,4.313144710665906e-06,4.310412816455056e-06
fig1b,structure,fixed,main,0.000125,0.0055,v,1.6986380868000417e-06,1.5142511866073072e-06
fig1b,structure,fixed,main,0.000125,0.006,u,4.704817366418812e-06,4.702214391305581e-06
fig1b,structure,fixed,main,0.000125,0.006,v,1.834690278701423e-06,1.6530088336463855e-06
fig1b,structure,fixed,main,0.000125,0.006500000000000001,u,5.096441547836061e-06,5.093954921708832e-06
fig1b,structure,fixed,main,0.000125,0.006500000000000001,v,1.971243976162107e-06,1.7919155945178566e-06
fig1b,structure,fixed,main,0.000125,0.007,u,5.488005046072608e-06,5.4856220930155075e-06
fig1b,structure,fixed,main,0.000125,0.007,v,2.1081429919522776e-06,1.9309634390340946e-06
fig1b,structure,fixed,main,0.000125,0.0075,u,5.879495566019077e-06,5.877203505422202e-06
fig1b,structure,fixed,main,0.000125,0.0075,v,2.2453590654558653e-06,2.0701442831616568e-06
fig1b,structure,fixed,main,0.000125,0.008,u,6.270900727911588e-06,6.268686676857982e-06
fig1b,structure,fixed,main,0.000125,0.008,v,2.382818955037891e-06,2.209449988743728e-06
fig1b,structure,fixed,main,0.000125,0.0085,u,6.662208069829756e-06,6.660059044039102e-06
fig1b,structure,fixed,main,0.000125,0.0085,v,2.5205153444951556e-06,2.3488723652764776e-06
fig1b,structure,fixed,main,0.000125,0.009000000000000001,u,7.053405048307315e-06,7.051307964023312e-06
fig1b,structure,fixed,main,0.000125,0.009000000000000001,v,2.65844085972633e-06,2.4884031682437247e-06
fig1b,structure,fixed,main,0.000125,0.0095,u,7.44447904077461e-06,7.442420716374798e-06
fig1b,structure,fixed,main,0.000125,0.0095,v,2.796588069398087e-06,2.6280341014484065e-06
fig1b,structure,fixed,main,0.000125,0.01,u,7.835417345947171e-06,7.833384503663776e-06
fig1b,structure,fixed,main,0.000125,0.01,v,2.934949485333682e-06,2.7677568161244004e-06
fig1b,structure,fixed,main,0.000125,0.0105,u,8.226207186101675e-06,8.224186453853477e-06
fig1b,structure,fixed,main,0.000125,0.0105,v,3.0735175625129507e-06,2.907562912046746e-06
fig1b,structure,fixed,main,0.000125,0.011,u,8.616835709629456e-06,8.614813622354056e-06
fig1b,structure,fixed,main,0.000125,0.011,v,3.2122846989612874e-06,3.0474439376426687e-06
fig1b,structure,fixed,main,0.000125,0.0115,u,9.007289989204637e-06,9.005252991189927e-06
fig1b,structure,fixed,main,0.000125,0.0115,v,3.3512432366933353e-06,3.1873913903801565e-06
fig1b,structure,fixed,main,0.000125,0.012,u,9.397557027723824e-06,9.395491474051276e-06
fig1b,structure,fixed,main,0.000125,0.012,v,3.4903854612688967e-06,3.3273967174340946e-06
fig1b,structure,fixed,main,0.000125,0.0125,u,9.787623757528952e-06,9.78551591562793e-06
fig1b,structure,fixed,main,0.000125,0.0125,v,3.6297036027921337e-06,3.467451316019332e-06
fig1b,structure,fixed,main,0.000125,0.013000000000000001,u,1.0177477041684035e-05,1.0175313093163663e-05
fig1b,structure,fixed,main,0.000125,0.013000000000000001,v,3.7691898356340126e-06,3.6075465342233493e-06
fig1b,structure,fixed,main,0.000125,0.0135,u,1.0567103676251133e-05,1.0564869719509318e-05
fig1b,structure,fixed,main,0.000125,0.0135,v,3.9088362786543485e-06,3.7476736707287017e-06
fig1b,structure,fixed,main,0.000125,0.014,u,1.0956490392566298e-05,1.0954172443511379e-05
fig1b,structure,fixed,main,0.000125,0.014,v,4.048634996589584e-06,3.887823976145288e-06
fig1b,structure,fixed,main,0.000125,0.0145,u,1.1345623857683673e-05,1.1343207852176906e-05
fig1b,structure,fixed,main,0.000125,0.0145,v,4.188577997943366e-06,4.027988652233194e-06
fig1b,structure,fixed,main,0.000125,0.015,u,1.173449067648491e-05,1.1731962472394386e-05
fig1b,structure,fixed,main,0.000125,0.015,v,4.328657238317213e-06,4.168158854234161e-06
fig1b,structure,fixed,main,0.000125,0.0155,u,1.2123077393344506e-05,1.2120422771821904e-05
fig1b,structure,fixed,main,0.000125,0.0155,v,4.468864618800694e-06,4.308325689761361e-06
fig1b,structure,fixed,main,0.000125,0.016,u,1.2511370493628604e-05,1.250857516144066e-05
fig1b,structure,fixed,main,0.000125,0.016,v,4.609191986582051e-06,4.448480220409223e-06
fig1b,structure,fixed,main,0.000125,0.0165,u,1.2899356405693396e-05,1.2896405997220306e-05
fig1b,structure,fixed,main,0.000125,0.0165,v,4.749631135669841e-06,4.588613461808944e-06
fig1b,structure,fixed,main,0.000125,0.017,u,1.3287021502383922e-05,1.328390158106263e-05
fig1b,structure,fixed,main,0.000125,0.017,v,4.89017380694845e-06,4.7287163834619506e-06
fig1b,structure,fixed,main,0.000125,0.0175,u,1.3674352102255316e-05,1.3671048162577915e-05
fig1b,structure,fixed,main,0.000125,0.0175,v,5.030811688566672e-06,4.868779910793819e-06
fig1b,structure,fixed,main,0.000125,0.018000000000000002,u,1.4061334471071607e-05,1.4057831941582943e-05
fig1b,structure,fixed,main,0.000125,0.018000000000000002,v,5.1715364167703726e-06,5.00879492471018e-06
fig1b,structure,fixed,main,0.000125,0.0185,u,1.4447954825080878e-05,1.4444239068545084e-05
fig1b,structure,fixed,main,0.000125,0.0185,v,5.312339575236358e-06,5.148752262207346e-06
fig1b,structure,fixed,main,0.000125,0.019,u,1.4834199330515663e-05,1.4830255647635404e-05
fig1b,structure,fixed,main,0.000125,0.019,v,5.4532126965156635e-06,5.288642717371506e-06
fig1b,structure,fixed,main,0.000125,0.0195,u,1.5220054107201175e-05,1.5215867737172761e-05
fig1b,structure,fixed,main,0.000125,0.0195,v,5.594147261811511e-06,5.430899668756872e-06
fig1b,structure,fixed,main,0.000125,0.02,u,1.5605505228610816e-05,1.5601061352232826e-05
fig1b,structure,fixed,main,0.000125,0.02,v,5.735134702089528e-06,5.574349979609039e-06
fig1b,structure,fixed,time_half,6.25e-05,0.0,u,5.060932537492846e-07,4.163336342344337e-17
fig1b,structure,fixed,time_half,6.25e-05,0.0,v,6.039533679280673e-07,1.6653345369377348e-16
fig1b,structure,fixed,time_half,6.25e-05,0.0005,u,7.980626540726732e-07,3.916858218322439e-07
fig1b,structure,fixed,time_half,6.25e-05,0.0005,v,6.182819216604685e-07,1.3697045475602465e-07
fig1b,structure,fixed,time_half,6.25e-05,0.001,u,1.0928552490185872e-06,7.83440086027376e-07
fig1b,structure,fixed,time_half,6.25e-05,0.001,v,6.456087812689582e-07,2.7404342561876405e-07
fig1b,structure,fixed,time_half,6.25e-05,0.0015,u,1.3966104496776488e-06,1.1752515000074126e-06
fig1b,structure,fixed,time_half,6.25e-05,0.0015,v,6.731939421467104e-07,4.112113963228303e-07
fig1b,structure,fixed,time_half,6.25e-05,0.002,u,1.7008555387998392e-06,1.567108673272699e-06
fig1b,structure,fixed,time_half,6.25e-05,0.002,v,7.751487281493219e-07,5.484668018085337e-07
fig1b,structure,fixed,time_half,6.25e-05,0.0025,u,2.0082672956833747e-06,1.959000114071241e-06
fig1b,structure,fixed,time_half,6.25e-05,0.0025,v,9.033198456465108e-07,6.858020275557486e-07
fig1b,structure,fixed,time_half,6.25e-05,0.003,u,2.355251114416479e-06,2.3509142353939083e-06
fig1b,structure,fixed,time_half,6.25e-05,0.003,v,1.0337311777686153e-06,8.232094098614695e-07
fig1b,structure,fixed,time_half,6.25e-05,0.0035,u,2.746731817659942e-06,2.7428393523654115e-06
fig1b,structure,fixed,time_half,6.25e-05,0.0035,v,1.1645824977701835e-06,9.608704219510322e-07
fig1b,structure,fixed,time_half,6.25e-05,0.004,u,3.1382359884091215e-06,3.134763686796216e-06
fig1b,structure,fixed,time_half,6.25e-05,0.004,v,1.2958688317965539e-06,1.0989524080740054e-06
fig1b,structure,fixed,time_half,6.25e-05,0.0045000000000000005,u,3.5297519834220914e-06,3.5266753661278294e-06
fig1b,structure,fixed,time_half,6.25e-05,0.0045000000000000005,v,1.4294119061730726e-06,1.2372150802186788e-06
fig1b,structure,fixed,time_half,6.25e-05,0.005,u,3.921435702880505e-06,3.918562427263073e-06
fig1b,structure,fixed,time_half,6.25e-05,0.005,v,1.5638779705118289e-06,1.3756506282436298e-06
fig1b,structure,fixed,time_half,6.25e-05,0.0055,u,4.313144710721417e-06,4.310412816510567e-06
fig1b,structure,fixed,time_half,6.25e-05,0.0055,v,1.6986380868000417e-06,1.5142511862187291e-06
fig1b,structure,fixed,time_half,6.25e-05,0.006,u,4.704817366418812e-06,4.702214391305581e-06
fig1b,structure,fixed,time_half,6.25e-05,0.006,v,1.8346902784793784e-06,1.6530088332578075e-06
fig1b,structure,fixed,time_half,6.25e-05,0.006500000000000001,u,5.0964415478915726e-06,5.093954921764343e-06
fig1b,structure,fixed,time_half,6.25e-05,0.006500000000000001,v,1.9712439758845512e-06,1.7919155940737674e-06
fig1b,structure,fixed,time_half,6.25e-05,0.007,u,5.488005046128119e-06,5.485622093071019e-06
fig1b,structure,fixed,time_half,6.25e-05,0.007,v,2.1081429916192107e-06,1.9309634385900054e-06
fig1b,structure,fixed,time_half,6.25e-05,0.0075,u,5.879495566019077e-06,5.877203505422202e-06
fig1b,structure,fixed,time_half,6.25e-05,0.0075,v,2.2453590651227984e-06,2.0701442827175676e-06
fig1b,structure,fixed,time_half,6.25e-05,0.008,u,6.270900727911588e-06,6.268686676857982e-06
fig1b,structure,fixed,time_half,6.25e-05,0.008,v,2.382818954760335e-06,2.209449988410661e-06
fig1b,structure,fixed,time_half,6.25e-05,0.0085,u,6.662208069885267e-06,6.660059044094613e-06
fig1b,structure,fixed,time_half,6.25e-05,0.0085,v,2.5205153441620887e-06,2.348872364721366e-06
fig1b,structure,fixed,time_half,6.25e-05,0.009000000000000001,u,7.053405048362826e-06,7.0513079640788234e-06
fig1b,structure,fixed,time_half,6.25e-05,0.009000000000000001,v,2.6584408595042852e-06,2.488403167966169e-06
fig1b,structure,fixed,time_half,6.25e-05,0.0095,u,7.44447904077461e-06,7.442420716374798e-06
fig1b,structure,fixed,time_half,6.25e-05,0.0095,v,2.7965880692315537e-06,2.628034101281873e-06
fig1b,structure,fixed,time_half,6.25e-05,0.01,u,7.835417346002682e-06,7.833384503719287e-06
fig1b,structure,fixed,time_half,6.25e-05,0.01,v,2.9349494851671487e-06,2.767756815957867e-06
fig1b,structure,fixed,time_half,6.25e-05,0.0105,u,8.226207186212697e-06,8.224186453908988e-06
fig1b,structure,fixed,time_half,6.25e-05,0.0105,v,3.0735175624574396e-06,2.907562911991235e-06
fig1b,structure,fixed,time_half,6.25e-05,0.011,u,8.616835709629456e-06,8.614813622354056e-06
fig1b,structure,fixed,time_half,6.25e-05,0.011,v,3.2122846989612874e-06,3.0474439376426687e-06
fig1b,structure,fixed,time_half,6.25e-05,0.0115,u,9.007289989260148e-06,9.005252991245438e-06
fig1b,structure,fixed,time_half,6.25e-05,0.0115,v,3.3512432366933353e-06,3.1873913903246454e-06
fig1b,structure,fixed,time_half,6.25e-05,0.012,u,9.397557027834846e-06,9.395491474106787e-06
fig1b,structure,fixed,time_half,6.25e-05,0.012,v,3.4903854612133856e-06,3.3273967173785834e-06
fig1b,structure,fixed,time_half,6.25e-05,0.0125,u,9.787623757528952e-06,9.78551591562793e-06
fig1b,structure,fixed,time_half,6.25e-05,0.0125,v,3.6297036026256e-06,3.4674513158527986e-06
fig1b,structure,fixed,time_half,6.25e-05,0.013000000000000001,u,1.0177477041684035e-05,1.0175313093163663e-05
fig1b,structure,fixed,time_half,6.25e-05,0.013000000000000001,v,3.7691898355785014e-06,3.607546534112327e-06
fig1b,structure,fixed,time_half,6.25e-05,0.0135,u,1.0567103676251133e-05,1.0564869719509318e-05
fig1b,structure,fixed,time_half,6.25e-05,0.0135,v,3.908836278543326e-06,3.7476736706176794e-06
fig1b,structure,fixed,time_half,6.25e-05,0.014,u,1.0956490392566298e-05,1.0954172443511379e-05
fig1b,structure,fixed,time_half,6.25e-05,0.014,v,4.048634996423051e-06,3.887823975923244e-06
fig1b,structure,fixed,time_half,6.25e-05,0.0145,u,1.1345623857739184e-05,1.1343207852232418e-05
fig1b,structure,fixed,time_half,6.25e-05,0.0145,v,4.188577997776832e-06,4.02798865201115e-06
fig1b,structure,fixed,time_half,6.25e-05,0.015,u,1.173449067648491e-05,1.1731962472394386e-05
fig1b,structure,fixed,time_half,6.25e-05,0.015,v,4.328657238150679e-06,4.168158854012116e-06
fig1b,structure,fixed,time_half,6.25e-05,0.0155,u,1.2123077393344506e-05,1.2120422771821904e-05
fig1b,structure,fixed,time_half,6.25e-05,0.0155,v,4.468864618634161e-06,4.308325689539316e-06
fig1b,structure,fixed,time_half,6.25e-05,0.016,u,1.2511370493628604e-05,1.250857516144066e-05
fig1b,structure,fixed,time_half,6.25e-05,0.016,v,4.6091919864710285e-06,4.4484802201316676e-06
fig1b,structure,fixed,time_half,6.25e-05,0.0165,u,1.2899356405748907e-05,1.2896405997275817e-05
fig1b,structure,fixed,time_half,6.25e-05,0.0165,v,4.749631135392285e-06,4.588613461309343e-06
fig1b,structure,fixed,time_half,6.25e-05,0.017,u,1.3287021502439433e-05,1.328390158111814e-05
fig1b,structure,fixed,time_half,6.25e-05,0.017,v,4.890173806781917e-06,4.728716383295417e-06
fig1b,structure,fixed,time_half,6.25e-05,0.0175,u,1.3674352102310827e-05,1.3671048162633426e-05
fig1b,structure,fixed,time_half,6.25e-05,0.0175,v,5.030811688511161e-06,4.8687799106272855e-06
fig1b,structure,fixed,time_half,6.25e-05,0.018000000000000002,u,1.4061334471127118e-05,1.4057831941638455e-05
fig1b,structure,fixed,time_half,6.25e-05,0.018000000000000002,v,5.17153641665935e-06,5.008794924321602e-06
fig1b,structure,fixed,time_half,6.25e-05,0.0185,u,1.4447954825136389e-05,1.4444239068600595e-05
fig1b,structure,fixed,time_half,6.25e-05,0.0185,v,5.312339575014313e-06,5.1487522618187676e-06
fig1b,structure,fixed,time_half,6.25e-05,0.019,u,1.4834199330571174e-05,1.4830255647690915e-05
fig1b,structure,fixed,time_half,6.25e-05,0.019,v,5.453212696238108e-06,5.2886427169829275e-06
fig1b,structure,fixed,time_half,6.25e-05,0.0195,u,1.5220054107201175e-05,1.5215867737172761e-05
fig1b,structure,fixed,time_half,6.25e-05,0.0195,v,5.5941472617559995e-06,5.430899669700562e-06
fig1b,structure,fixed,time_half,6.25e-05,0.02,u,1.5605505228610816e-05,1.5601061352232826e-05
fig1b,structure,fixed,time_half,6.25e-05,0.02,v,5.735134701922995e-06,5.574349980330684e-06
fig1b,structure,moving,main,0.000125,0.0,u,3.7005698516612284e-07,2.7755575615628914e-17
fig1b,structure,moving,main,0.000125,0.0,v,4.418252517179866e-07,1.6653345369377348e-16
fig1b,structure,moving,main,0.000125,0.0005,u,6.435557680095627e-07,4.234249949552904e-07
fig1b,structure,moving,main,0.000125,0.0005,v,4.816538290430827e-07,1.5095030692080513e-07
fig1b,structure,moving,main,0.000125,0.001,u,9.757119954767468e-07,8.465809932522994e-07
fig1b,structure,moving,main,0.000125,0.001,v,5.276827997890976e-07,3.019669113091261e-07
fig1b,structure,moving,main,0.000125,0.0015,u,1.341272054034004e-06,1.2694564773263473e-06
fig1b,structure,moving,main,0.000125,0.0015,v,6.014105962681704e-07,4.530425102289293e-07
fig1b,structure,moving,main,0.000125,0.002,u,1.7349158599744285e-06,1.6920399309450218e-06
fig1b,structure,moving,main,0.000125,0.002,v,7.333315102386884e-07,6.041697823144787e-07
fig1b,structure,moving,main,0.000125,0.0025,u,2.1419656326959746e-06,2.114319840429424e-06
fig1b,structure,moving,main,0.000125,0.0025,v,8.74824496066573e-07,7.553413869376691e-07
fig1b,structure,moving,main,0.000125,0.003,u,2.5572780490423774e-06,2.53628469526479e-06
fig1b,structure,moving,main,0.000125,0.003,v,1.0220247874670463e-06,9.065499658178489e-07
fig1b,structure,moving,main,0.000125,0.0035,u,2.9728252438632197e-06,2.9579229886556035e-06
fig1b,structure,moving,main,0.000125,0.0035,v,1.170366701885861e-06,1.057788142466709e-06
fig1b,structure,moving,main,0.000125,0.004,u,3.3889636297246284e-06,3.379223217803151e-06
fig1b,structure,moving,main,0.000125,0.004,v,1.3190121362360863e-06,1.2090485231319725e-06
fig1b,structure,moving,main,0.000125,0.0045000000000000005,u,3.8098640807726625e-06,3.800173884571656e-06
fig1b,structure,moving,main,0.000125,0.0045000000000000005,v,1.4679525437988339e-06,1.3603236964088161e-06
fig1b,structure,moving,main,0.000125,0.005,u,4.230677628114243e-06,4.2207634972091235e-06
fig1b,structure,moving,main,0.000125,0.005,v,1.6171793330577167e-06,1.511606234849694e-06
fig1b,structure,moving,main,0.000125,0.0055,u,4.651164147440046e-06,4.640980569736719e-06
fig1b,structure,moving,main,0.000125,0.0055,v,1.7666838692531606e-06,1.6628886947422927e-06
fig1b,structure,moving,main,0.000125,0.006,u,5.071308738224811e-06,5.060813623058991e-06
fig1b,structure,moving,main,0.000125,0.006,v,1.9164574753260943e-06,1.8141636166646435e-06
fig1b,structure,moving,main,0.000125,0.006500000000000001,u,5.491096495058301e-06,5.4802511851304025e-06
fig1b,structure,moving,main,0.000125,0.006500000000000001,v,2.066491430696704e-06,1.9654235247079654e-06
fig1b,structure,moving,main,0.000125,0.007,u,5.9105896698108396e-06,5.899281792454136e-06
fig1b,structure,moving,main,0.000125,0.007,v,2.2167769725967013e-06,2.117374643617609e-06
fig1b,structure,moving,main,0.000125,0.0075,u,6.3297539554252324e-06,6.317893989804535e-06
fig1b,structure,moving,main,0.000125,0.0075,v,2.3673052965689223e-06,2.2696795272669767e-06
fig1b,structure,moving,main,0.000125,0.008,u,6.748535979761439e-06,6.736076331559371e-06
fig1b,structure,moving,main,0.000125,0.008,v,2.518067555967729e-06,2.422087028608466e-06
fig1b,structure,moving,main,0.000125,0.0085,u,7.166920953260991e-06,7.153817381644334e-06
fig1b,structure,moving,main,0.000125,0.0085,v,2.669054863790876e-06,2.574589689330331e-06
fig1b,structure,moving,main,0.000125,0.009000000000000001,u,7.5848940881972915e-06,7.57110571530939e-06
fig1b,structure,moving,main,0.000125,0.009000000000000001,v,2.8202582911807106e-06,2.727180028139209e-06
fig1b,structure,moving,main,0.000125,0.0095,u,8.002440598453564e-06,7.987929917852021e-06
fig1b,structure,moving,main,0.000125,0.0095,v,2.9716688701442173e-06,2.8798505408711428e-06
fig1b,structure,moving,main,0.000125,0.01,u,8.41954570207637e-06,8.404278587059721e-06
fig1b,structure,moving,main,0.000125,0.01,v,3.1232775912215516e-06,3.0325937016573157e-06
fig1b,structure,moving,main,0.000125,0.0105,u,8.836280662227747e-06,8.820140332488347e-06
fig1b,structure,moving,main,0.000125,0.0105,v,3.2750754067611965e-06,3.185401961647294e-06
fig1b,structure,moving,main,0.000125,0.011,u,9.252680868376828e-06,9.239192875765134e-06
fig1b,structure,moving,main,0.000125,0.011,v,3.4270532285884947e-06,3.338267751895607e-06
fig1b,structure,moving,main,0.000125,0.0115,u,9.668614216196136e-06,9.658530245038044e-06
fig1b,structure,moving,main,0.000125,0.0115,v,3.579201930670184e-06,3.4911834811413023e-06
fig1b,structure,moving,main,0.000125,0.012,u,1.0084066049742546e-05,1.0077724548307465e-05
fig1b,structure,moving,main,0.000125,0.012,v,3.7315123485037738e-06,3.644141538305945e-06
fig1b,structure,moving,main,0.000125,0.0125,u,1.049902172117756e-05,1.0496764629164268e-05
fig1b,structure,moving,main,0.000125,0.0125,v,3.883975278395901e-06,3.7971342903841965e-06
fig1b,structure,moving,main,0.000125,0.013000000000000001,u,1.0916404004523983e-05,1.0915639321096293e-05
fig1b,structure,moving,main,0.000125,0.013000000000000001,v,4.0365814805709554e-06,3.950154086218571e-06
fig1b,structure,moving,main,0.000125,0.0135,u,1.1334996236955774e-05,1.1334337448487553e-05
fig1b,structure,moving,main,0.000125,0.0135,v,4.189321677505742e-06,4.10319325372388e-06
fig1b,structure,moving,main,0.000125,0.014,u,1.175346157517021e-05,1.1752847827839474e-05
fig1b,structure,moving,main,0.000125,0.014,v,4.34218655426255e-06,4.2562441016635866e-06
fig1b,structure,moving,main,0.000125,0.0145,u,1.2171742034772226e-05,1.2171159266771703e-05
fig1b,structure,moving,main,0.000125,0.0145,v,4.495166760876135e-06,4.40929892076003e-06
fig1b,structure,moving,main,0.000125,0.015,u,1.2589822782349547e-05,1.258926056657561e-05
fig1b,structure,moving,main,0.000125,0.015,v,4.648252910577355e-06,4.562349982195624e-06
fig1b,structure,moving,main,0.000125,0.0155,u,1.300769106243882e-05,1.3007140520715499e-05
fig1b,structure,moving,main,0.000125,0.0155,v,4.8014355812919796e-06,4.715389539444725e-06
fig1b,structure,moving,main,0.000125,0.016,u,1.342538206011712e-05,1.3424787917271086e-05
fig1b,structure,moving,main,0.000125,0.016,v,4.954705315973751e-06,4.8684098287177235e-06
fig1b,structure,moving,main,0.000125,0.0165,u,1.3842849927392376e-05,1.3842191538104842e-05
fig1b,structure,moving,main,0.000125,0.0165,v,5.1080526233260315e-06,5.0214030684059274e-06
fig1b,structure,moving,main,0.000125,0.017,u,1.4260079914285573e-05,1.4259340159861189e-05
fig1b,structure,moving,main,0.000125,0.017,v,5.26146797763527e-06,5.174361460413834e-06
fig1b,structure,moving,main,0.000125,0.0175,u,1.467705725322066e-05,1.4676222554577123e-05
fig1b,structure,moving,main,0.000125,0.0175,v,5.4151297430582446e-06,5.327277189048907e-06
fig1b,structure,moving,main,0.000125,0.018000000000000002,u,1.5093767160467841e-05,1.509282749040386e-05
fig1b,structure,moving,main,0.000125,0.018000000000000002,v,5.5688489024041665e-06,5.480142423963663e-06
fig1b,structure,moving,main,0.000125,0.0185,u,1.5510194837031754e-05,1.5509143731773367e-05
fig1b,structure,moving,main,0.000125,0.0185,v,5.722615425030053e-06,5.632949318101765e-06
fig1b,structure,moving,main,0.000125,0.019,u,1.5926325469262093e-05,1.5925160039731434e-05
fig1b,structure,moving,main,0.000125,0.019,v,5.8764196818050785e-06,5.785690009418865e-06
fig1b,structure,moving,main,0.000125,0.0195,u,1.634214423107405e-05,1.6340865173603003e-05
fig1b,structure,moving,main,0.000125,0.0195,v,6.030252012623194e-06,5.938356621215668e-06
fig1b,structure,moving,main,0.000125,0.02,u,1.675763628439242e-05,1.675624789088115e-05
fig1b,structure,moving,main,0.000125,0.02,v,6.184102727013752e-06,6.09094126169385e-06
fig1b,structure,moving,time_half,6.25e-05,0.0,u,3.7005698516612284e-07,2.7755575615628914e-17
fig1b,structure,moving,time_half,6.25e-05,0.0,v,4.418252517179866e-07,1.6653345369377348e-16
fig1b,structure,moving,time_half,6.25e-05,0.0005,u,6.435557680650739e-07,4.234249949552904e-07
fig1b,structure,moving,time_half,6.25e-05,0.0005,v,4.816538290985939e-07,1.5095030697631628e-07
fig1b,structure,moving,time_half,6.25e-05,0.001,u,9.757119954767468e-07,8.465809932522994e-07
fig1b,structure,moving,time_half,6.25e-05,0.001,v,5.276827998446088e-07,3.019669114201484e-07
fig1b,structure,moving,time_half,6.25e-05,0.0015,u,1.3412720540895151e-06,1.2694564773818584e-06
fig1b,structure,moving,time_half,6.25e-05,0.0015,v,6.014105962126592e-07,4.530425102289293e-07
fig1b,structure,moving,time_half,6.25e-05,0.002,u,1.7349158600299397e-06,1.6920399309450218e-06
fig1b,structure,moving,time_half,6.25e-05,0.002,v,7.333315100721549e-07,6.041697823699899e-07
fig1b,structure,moving,time_half,6.25e-05,0.0025,u,2.141965632806997e-06,2.114319840484935e-06
fig1b,structure,moving,time_half,6.25e-05,0.0025,v,8.748244959000395e-07,7.553413869931802e-07
fig1b,structure,moving,time_half,6.25e-05,0.003,u,2.5572780490423774e-06,2.53628469526479e-06
fig1b,structure,moving,time_half,6.25e-05,0.003,v,1.022024787356024e-06,9.065499659288712e-07
fig1b,structure,moving,time_half,6.25e-05,0.0035,u,2.972825243918731e-06,2.9579229887111147e-06
fig1b,structure,moving,time_half,6.25e-05,0.0035,v,1.1703667017193276e-06,1.0577881425777313e-06
fig1b,structure,moving,time_half,6.25e-05,0.004,u,3.388963629891162e-06,3.379223217803151e-06
fig1b,structure,moving,time_half,6.25e-05,0.004,v,1.319012136125064e-06,1.209048523298506e-06
fig1b,structure,moving,time_half,6.25e-05,0.0045000000000000005,u,3.8098640808281736e-06,3.800173884627167e-06
fig1b,structure,moving,time_half,6.25e-05,0.0045000000000000005,v,1.4679525435767893e-06,1.3603236965753496e-06
fig1b,structure,moving,time_half,6.25e-05,0.005,u,4.2306776281697545e-06,4.220763497264635e-06
fig1b,structure,moving,time_half,6.25e-05,0.005,v,1.617179332780161e-06,1.511606235238272e-06
fig1b,structure,moving,time_half,6.25e-05,0.0055,u,4.651164147551068e-06,4.64098056979223e-06
fig1b,structure,moving,time_half,6.25e-05,0.0055,v,1.766683869031116e-06,1.6628886950753596e-06
fig1b,structure,moving,time_half,6.25e-05,0.006,u,5.071308738280322e-06,5.060813623114502e-06
fig1b,structure,moving,time_half,6.25e-05,0.006,v,1.9164574751040497e-06,1.8141636166646435e-06
fig1b,structure,moving,time_half,6.25e-05,0.006500000000000001,u,5.491096495113812e-06,5.480251185185914e-06
fig1b,structure,moving,time_half,6.25e-05,0.006500000000000001,v,2.0664914303636372e-06,1.96542352493001e-06
fig1b,structure,moving,time_half,6.25e-05,0.007,u,5.910589669866351e-06,5.8992817925096475e-06
fig1b,structure,moving,time_half,6.25e-05,0.007,v,2.2167769723191455e-06,2.1173746433955642e-06
fig1b,structure,moving,time_half,6.25e-05,0.0075,u,6.329753955480744e-06,6.317893989860046e-06
fig1b,structure,moving,time_half,6.25e-05,0.0075,v,2.367305296013811e-06,2.2696795268228875e-06
fig1b,structure,moving,time_half,6.25e-05,0.008,u,6.748535979872461e-06,6.736076331614882e-06
fig1b,structure,moving,time_half,6.25e-05,0.008,v,2.518067555579151e-06,2.4220870282753992e-06
fig1b,structure,moving,time_half,6.25e-05,0.0085,u,7.166920953316502e-06,7.153817381755356e-06
fig1b,structure,moving,time_half,6.25e-05,0.0085,v,2.669054863291276e-06,2.574589688997264e-06
fig1b,structure,moving,time_half,6.25e-05,0.009000000000000001,u,7.584894088252803e-06,7.571105715364901e-06
fig1b,structure,moving,time_half,6.25e-05,0.009000000000000001,v,2.8202582907366214e-06,2.727180027750631e-06
fig1b,structure,moving,time_half,6.25e-05,0.0095,u,8.002440598564586e-06,7.987929917963044e-06
fig1b,structure,moving,time_half,6.25e-05,0.0095,v,2.9716688695335947e-06,2.879850540538076e-06
fig1b,structure,moving,time_half,6.25e-05,0.01,u,8.419545702187392e-06,8.404278587115233e-06
fig1b,structure,moving,time_half,6.25e-05,0.01,v,3.12327759066644e-06,3.0325937011577153e-06
fig1b,structure,moving,time_half,6.25e-05,0.0105,u,8.836280662338769e-06,8.82014033265488e-06
fig1b,structure,moving,time_half,6.25e-05,0.0105,v,3.275075406261596e-06,3.1854019615362716e-06
fig1b,structure,moving,time_half,6.25e-05,0.011,u,9.252680868543361e-06,9.239192875987179e-06
fig1b,structure,moving,time_half,6.25e-05,0.011,v,3.4270532281444055e-06,3.3382677517290738e-06
fig1b,structure,moving,time_half,6.25e-05,0.0115,u,9.668614216196136e-06,9.658530245204577e-06
fig1b,structure,moving,time_half,6.25e-05,0.0115,v,3.5792019302260947e-06,3.491183480974769e-06
fig1b,structure,moving,time_half,6.25e-05,0.012,u,1.0084066049798057e-05,1.0077724548473999e-05
fig1b,structure,moving,time_half,6.25e-05,0.012,v,3.73151234783764e-06,3.644141537917367e-06
fig1b,structure,moving,time_half,6.25e-05,0.0125,u,1.049902172123307e-05,1.0496764629386313e-05
fig1b,structure,moving,time_half,6.25e-05,0.0125,v,3.883975277785279e-06,3.797134290217663e-06
fig1b,structure,moving,time_half,6.25e-05,0.013000000000000001,u,1.0916404004690516e-05,1.0915639321318338e-05
fig1b,structure,moving,time_half,6.25e-05,0.013000000000000001,v,4.036581480182377e-06,3.95015408616306e-06
fig1b,structure,moving,time_half,6.25e-05,0.0135,u,1.1334996237177819e-05,1.1334337448709597e-05
fig1b,structure,moving,time_half,6.25e-05,0.0135,v,4.189321676839608e-06,4.1031932534463245e-06
fig1b,structure,moving,time_half,6.25e-05,0.014,u,1.1753461575336743e-05,1.1752847828006008e-05
fig1b,structure,moving,time_half,6.25e-05,0.014,v,4.342186553818461e-06,4.2562441016080754e-06
fig1b,structure,moving,time_half,6.25e-05,0.0145,u,1.217174203493876e-05,1.2171159266938236e-05
fig1b,structure,moving,time_half,6.25e-05,0.0145,v,4.495166760321023e-06,4.409298920482474e-06
fig1b,structure,moving,time_half,6.25e-05,0.015,u,1.2589822782571591e-05,1.2589260566797655e-05
fig1b,structure,moving,time_half,6.25e-05,0.015,v,4.648252910022244e-06,4.562349981862557e-06
fig1b,structure,moving,time_half,6.25e-05,0.0155,u,1.3007691062660864e-05,1.3007140520937543e-05
fig1b,structure,moving,time_half,6.25e-05,0.0155,v,4.80143558084789e-06,4.715389539333703e-06
fig1b,structure,moving,time_half,6.25e-05,0.016,u,1.3425382060339164e-05,1.342478791749313e-05
fig1b,structure,moving,time_half,6.25e-05,0.016,v,4.954705315585173e-06,4.868409828606701e-06
fig1b,structure,moving,time_half,6.25e-05,0.0165,u,1.384284992761442e-05,1.3842191538326887e-05
fig1b,structure,moving,time_half,6.25e-05,0.0165,v,5.108052622881942e-06,5.021403068294905e-06
fig1b,structure,moving,time_half,6.25e-05,0.017,u,1.4260079914563129e-05,1.4259340160138745e-05
fig1b,structure,moving,time_half,6.25e-05,0.017,v,5.261467976913625e-06,5.174361460025256e-06
fig1b,structure,moving,time_half,6.25e-05,0.0175,u,1.4677057253498216e-05,1.4676222554854679e-05
fig1b,structure,moving,time_half,6.25e-05,0.0175,v,5.4151297422810885e-06,5.327277188604818e-06
fig1b,structure,moving,time_half,6.25e-05,0.018000000000000002,u,1.5093767160745397e-05,1.5092827490681415e-05
fig1b,structure,moving,time_half,6.25e-05,0.018000000000000002,v,5.5688489016825216e-06,5.480142423519574e-06
fig1b,structure,moving,time_half,6.25e-05,0.0185,u,1.551019483730931e-05,1.5509143732050923e-05
fig1b,structure,moving,time_half,6.25e-05,0.0185,v,5.722615424197386e-06,5.632949317713187e-06
fig1b,structure,moving,time_half,6.25e-05,0.019,u,1.592632546953965e-05,1.592516004000899e-05
fig1b,structure,moving,time_half,6.25e-05,0.019,v,5.876419681138945e-06,5.7856900090302865e-06
fig1b,structure,moving,time_half,6.25e-05,0.0195,u,1.6342144231351607e-05,1.634086517388056e-05
fig1b,structure,moving,time_half,6.25e-05,0.0195,v,6.030252011846038e-06,5.93835662082709e-06
fig1b,structure,moving,time_half,6.25e-05,0.02,u,1.6757636284725486e-05,1.6756247891214215e-05
fig1b,structure,moving,time_half,6.25e-05,0.02,v,6.184102726181084e-06,6.090941261305272e-06
fig1b,fd,fixed,main,0.000125,0.0,u,5.060932537492846e-07,4.163336342344337e-17
fig1b,fd,fixed,main,0.000125,0.0,v,6.039533679280673e-07,0.0
fig1b,fd,fixed,main,0.000125,0.0005,u,5.041328605126516e-07,2.2381729236631287e-07
fig1b,fd,fixed,main,0.000125,0.0005,v,6.10042608539807e-07,5.677517939117749e-08
fig1b,fd,fixed,main,0.000125,0.001,u,5.044483296079427e-07,4.477413294012855e-07
fig1b,fd,fixed,main,0.000125,0.001,v,6.276148642458956e-07,1.139755466672554e-07
fig1b,fd,fixed,main,0.000125,0.0015,u,6.863081071784016e-07,6.717551223611729e-07
fig1b,fd,fixed,main,0.000125,0.0015,v,6.540959663348112e-07,1.7163660392949254e-07
fig1b,fd,fixed,main,0.000125,0.002,u,9.065698456378612e-07,8.958417436200072e-07
fig1b,fd,fixed,main,0.000125,0.002,v,6.886791132365566e-07,2.297387437510956e-07
fig1b,fd,fixed,main,0.000125,0.0025,u,1.1309856266517038e-06,1.1199843284459554e-06
fig1b,fd,fixed,main,0.000125,0.0025,v,7.278363187146475e-07,2.882760136158069e-07
fig1b,fd,fixed,main,0.000125,0.003,u,1.355389963708653e-06,1.3441660739466066e-06
fig1b,fd,fixed,main,0.000125,0.003,v,7.712025607564676e-07,3.472423642514322e-07
fig1b,fd,fixed,main,0.000125,0.0035,u,1.5797662099581444e-06,1.5683702430657753e-06
fig1b,fd,fixed,main,0.000125,0.0035,v,8.177323143065962e-07,4.0663164974086285e-07
fig1b,fd,fixed,main,0.000125,0.004,u,1.8040977897704202e-06,1.7925801659712803e-06
fig1b,fd,fixed,main,0.000125,0.004,v,8.664117102652469e-07,4.6643762868781025e-07
fig1b,fd,fixed,main,0.000125,0.0045000000000000005,u,2.0283681982924406e-06,2.0167792371683646e-06
fig1b,fd,fixed,main,0.000125,0.0045000000000000005,v,9.161880361041597e-07,5.266539647164059e-07
fig1b,fd,fixed,main,0.000125,0.005,u,2.25256100705451e-06,2.240950923770857e-06
fig1b,fd,fixed,main,0.000125,0.005,v,9.68075123508605e-07,5.872742274148912e-07
fig1b,fd,fixed,main,0.000125,0.0055,u,2.476659861694319e-06,2.4650787609492575e-06
fig1b,fd,fixed,main,0.000125,0.0055,v,1.0224967643135408e-06,6.4829189294624e-07
fig1b,fd,fixed,main,0.000125,0.006,u,2.7006484845104595e-06,2.689146355649985e-06
fig1b,fd,fixed,main,0.000125,0.006,v,1.0776451643268459e-06,7.097003447698036e-07
fig1b,fd,fixed,main,0.000125,0.006500000000000001,u,2.9245106753506e-06,2.913137388094178e-06
fig1b,fd,fixed,main,0.000125,0.006500000000000001,v,1.1334016427055893e-06,7.714928745850003e-07
fig1b,fd,fixed,main,0.000125,0.007,u,3.148230313665401e-06,3.1370356126103616e-06
fig1b,fd,fixed,main,0.000125,0.007,v,1.1897583713227355e-06,8.339207178686969e-07
fig1b,fd,fixed,main,0.000125,0.0075,u,3.3717913585085135e-06,3.360824858411604e-06
fig1b,fd,fixed,main,0.000125,0.0075,v,1.246707456326046e-06,8.968815391474649e-07
fig1b,fd,fixed,main,0.000125,0.008,u,3.595177851367648e-06,3.5844890320935185e-06
fig1b,fd,fixed,main,0.000125,0.008,v,1.3042409398034138e-06,9.602547247355986e-07
fig1b,fd,fixed,main,0.000125,0.0085,u,3.8183739146102624e-06,3.808012117301196e-06
fig1b,fd,fixed,main,0.000125,0.0085,v,1.3623508016147312e-06,1.0240322707577576e-06
fig1b,fd,fixed,main,0.000125,0.009000000000000001,u,4.041363755813432e-06,4.031378176339029e-06
fig1b,fd,fixed,main,0.000125,0.009000000000000001,v,1.421028960058024e-06,1.0882060724193288e-06
fig1b,fd,fixed,main,0.000125,0.0095,u,4.264131667430782e-06,4.254571354167513e-06
fig1b,fd,fixed,main,0.000125,0.0095,v,1.4802672741454082e-06,1.152767924783582e-06
fig1b,fd,fixed,main,0.000125,0.01,u,4.486662027458621e-06,4.477575874572981e-06
fig1b,fd,fixed,main,0.000125,0.01,v,1.540057544158202e-06,1.2177095239374047e-06
fig1b,fd,fixed,main,0.000125,0.0105,u,4.708939300046566e-06,4.700376043609289e-06
fig1b,fd,fixed,main,0.000125,0.0105,v,1.6003915138118607e-06,1.28302246787948e-06
fig1b,fd,fixed,main,0.000125,0.011,u,4.930948039605365e-06,4.92295625342809e-06
fig1b,fd,fixed,main,0.000125,0.011,v,1.661665693708514e-06,1.3486982580745988e-06
fig1b,fd,fixed,main,0.000125,0.0115,u,5.152672888142362e-06,5.145300979003675e-06
fig1b,fd,fixed,main,0.000125,0.0115,v,1.7237993684138253e-06,1.4147283003973499e-06
fig1b,fd,fixed,main,0.000125,0.012,u,5.374098578980746e-06,5.36739478140813e-06
fig1b,fd,fixed,main,0.000125,0.012,v,1.7863358575120891e-06,1.4811039060758091e-06
fig1b,fd,fixed,main,0.000125,0.0125,u,5.595209936093415e-06,5.589222309809738e-06
fig1b,fd,fixed,main,0.000125,0.0125,v,1.8492671730596655e-06,1.5478162931348294e-06
fig1b,fd,fixed,main,0.000125,0.013000000000000001,u,5.815991876545468e-06,5.8107683000296895e-06
fig1b,fd,fixed,main,0.000125,0.013000000000000001,v,1.9125852989132497e-06,1.6148565875062637e-06
fig1b,fd,fixed,main,0.000125,0.0135,u,6.036429410161137e-06,6.032017577650706e-06
fig1b,fd,fixed,main,0.000125,0.0135,v,1.9762821920066287e-06,1.68270726635944e-06
fig1b,fd,fixed,main,0.000125,0.014,u,6.256741605314975e-06,6.252955058072551e-06
fig1b,fd,fixed,main,0.000125,0.014,v,2.0403497835164153e-06,1.7513883403541541e-06
fig1b,fd,fixed,main,0.000125,0.0145,u,6.476773485641907e-06,6.473565748010834e-06
fig1b,fd,fixed,main,0.000125,0.0145,v,2.104779980693916e-06,1.8204578948743944e-06
fig1b,fd,fixed,main,0.000125,0.015,u,6.696435475517237e-06,6.693834746496208e-06
fig1b,fd,fixed,main,0.000125,0.015,v,2.1695646672537094e-06,1.8899083932266691e-06
fig1b,fd,fixed,main,0.000125,0.0155,u,6.915712888078129e-06,6.913747245096413e-06
fig1b,fd,fixed,main,0.000125,0.0155,v,2.2346957055385808e-06,1.9597322054032418e-06
fig1b,fd,fixed,main,0.000125,0.016,u,7.134591133828305e-06,7.1332885296926385e-06
fig1b,fd,fixed,main,0.000125,0.016,v,2.3001649377407674e-06,2.0299216089147976e-06
fig1b,fd,fixed,main,0.000125,0.0165,u,7.353167803092475e-06,7.3524439813121845e-06
fig1b,fd,fixed,main,0.000125,0.0165,v,2.3659641865680925e-06,2.1004687900672003e-06
fig1b,fd,fixed,main,0.000125,0.017,u,7.571669412675952e-06,7.571199076406021e-06
fig1b,fd,fixed,main,0.000125,0.017,v,2.4320852568537887e-06,2.1713658447941597e-06
fig1b,fd,fixed,main,0.000125,0.0175,u,7.789747084985255e-06,7.789539389624345e-06
fig1b,fd,fixed,main,0.000125,0.0175,v,2.498743492451716e-06,2.242604779767454e-06
fig1b,fd,fixed,main,0.000125,0.018000000000000002,u,8.00738653550237e-06,8.007450591096532e-06
fig1b,fd,fixed,main,0.000125,0.018000000000000002,v,2.5662539121507066e-06,2.314177513063065e-06
fig1b,fd,fixed,main,0.000125,0.0185,u,8.224790766120371e-06,8.224918451815721e-06
fig1b,fd,fixed,main,0.000125,0.0185,v,2.6341576021549074e-06,2.3860758756599765e-06
fig1b,fd,fixed,main,0.000125,0.019,u,8.44210670197798e-06,8.441928841362856e-06
fig1b,fd,fixed,main,0.000125,0.019,v,2.702445518032448e-06,2.4582916126059118e-06
fig1b,fd,fixed,main,0.000125,0.0195,u,8.658960064744647e-06,8.658467729572017e-06
fig1b,fd,fixed,main,0.000125,0.0195,v,2.771108585097881e-06,2.5308163831283537e-06
fig1b,fd,fixed,main,0.000125,0.02,u,8.875818184761464e-06,8.874521188029227e-06
fig1b,fd,fixed,main,0.000125,0.02,v,2.8401377009101836e-06,2.6036417629660136e-06
fig1b,fd,fixed,time_half,6.25e-05,0.0,u,5.060932537492846e-07,4.163336342344337e-17
fig1b,fd,fixed,time_half,6.25e-05,0.0,v,6.039533679280673e-07,0.0
fig1b,fd,fixed,time_half,6.25e-05,0.0005,u,5.041328605126516e-07,2.2381729236631287e-07
fig1b,fd,fixed,time_half,6.25e-05,0.0005,v,6.10042608539807e-07,5.677517939117749e-08
fig1b,fd,fixed,time_half,6.25e-05,0.001,u,5.044483296079427e-07,4.477413293457744e-07
fig1b,fd,fixed,time_half,6.25e-05,0.001,v,6.276148643014068e-07,1.1397554661174425e-07
fig1b,fd,fixed,time_half,6.25e-05,0.0015,u,6.863081071784016e-07,6.717551223056617e-07
fig1b,fd,fixed,time_half,6.25e-05,0.0015,v,6.540959663348112e-07,1.7163660381847023e-07
fig1b,fd,fixed,time_half,6.25e-05,0.002,u,9.065698455823501e-07,8.958417435644961e-07
fig1b,fd,fixed,time_half,6.25e-05,0.002,v,6.886791132920678e-07,2.297387436400733e-07
fig1b,fd,fixed,time_half,6.25e-05,0.0025,u,1.1309856265406815e-06,1.1199843283904443e-06
fig1b,fd,fixed,time_half,6.25e-05,0.0025,v,7.278363186591363e-07,2.8827601356029575e-07
fig1b,fd,fixed,time_half,6.25e-05,0.003,u,1.355389963708653e-06,1.3441660738910954e-06
fig1b,fd,fixed,time_half,6.25e-05,0.003,v,7.712025608119788e-07,3.472423640848987e-07
fig1b,fd,fixed,time_half,6.25e-05,0.0035,u,1.5797662098471221e-06,1.568370242954753e-06
fig1b,fd,fixed,time_half,6.25e-05,0.0035,v,8.177323139180181e-07,4.066316494633071e-07
fig1b,fd,fixed,time_half,6.25e-05,0.004,u,1.804097789714909e-06,1.792580165860258e-06
fig1b,fd,fixed,time_half,6.25e-05,0.004,v,8.664117098211577e-07,4.664376284102545e-07
fig1b,fd,fixed,time_half,6.25e-05,0.0045000000000000005,u,2.0283681982369295e-06,2.0167792370573423e-06
fig1b,fd,fixed,time_half,6.25e-05,0.0045000000000000005,v,9.161880362706931e-07,5.266539644943613e-07
fig1b,fd,fixed,time_half,6.25e-05,0.005,u,2.2525610069989987e-06,2.2409509236598346e-06
fig1b,fd,fixed,time_half,6.25e-05,0.005,v,9.680751237306495e-07,5.872742271928466e-07
fig1b,fd,fixed,time_half,6.25e-05,0.0055,u,2.476659861583297e-06,2.465078760838235e-06
fig1b,fd,fixed,time_half,6.25e-05,0.0055,v,1.0224967642025184e-06,6.482918926686843e-07
fig1b,fd,fixed,time_half,6.25e-05,0.006,u,2.700648484343926e-06,2.6891463554834516e-06
fig1b,fd,fixed,time_half,6.25e-05,0.006,v,1.0776451641603124e-06,7.097003444922478e-07
fig1b,fd,fixed,time_half,6.25e-05,0.006500000000000001,u,2.9245106752395778e-06,2.9131373879276445e-06
fig1b,fd,fixed,time_half,6.25e-05,0.006500000000000001,v,1.133401642594567e-06,7.714928742519334e-07
fig1b,fd,fixed,time_half,6.25e-05,0.007,u,3.1482303135543788e-06,3.137035612443828e-06
fig1b,fd,fixed,time_half,6.25e-05,0.007,v,1.1897583712117132e-06,8.339207179797192e-07
fig1b,fd,fixed,time_half,6.25e-05,0.0075,u,3.3717913583974912e-06,3.3608248582450706e-06
fig1b,fd,fixed,time_half,6.25e-05,0.0075,v,1.246707456270535e-06,8.968815391474649e-07
fig1b,fd,fixed,time_half,6.25e-05,0.008,u,3.5951778512011145e-06,3.584489031926985e-06
fig1b,fd,fixed,time_half,6.25e-05,0.008,v,1.3042409397479027e-06,9.602547246800874e-07
fig1b,fd,fixed,time_half,6.25e-05,0.0085,u,3.818373914443729e-06,3.8080121171346626e-06
fig1b,fd,fixed,time_half,6.25e-05,0.0085,v,1.3623508014481978e-06,1.0240322707022464e-06
fig1b,fd,fixed,time_half,6.25e-05,0.009000000000000001,u,4.0413637556468984e-06,4.031378176172495e-06
fig1b,fd,fixed,time_half,6.25e-05,0.009000000000000001,v,1.4210289598359793e-06,1.0882060723638176e-06
fig1b,fd,fixed,time_half,6.25e-05,0.0095,u,4.264131667208737e-06,4.25457135400098e-06
fig1b,fd,fixed,time_half,6.25e-05,0.0095,v,1.4802672739233635e-06,1.1527679246170486e-06
fig1b,fd,fixed,time_half,6.25e-05,0.01,u,4.486662027292088e-06,4.4775758744064476e-06
fig1b,fd,fixed,time_half,6.25e-05,0.01,v,1.5400575438251352e-06,1.2177095237153601e-06
fig1b,fd,fixed,time_half,6.25e-05,0.0105,u,4.708939299824522e-06,4.700376043387244e-06
fig1b,fd,fixed,time_half,6.25e-05,0.0105,v,1.6003915134787938e-06,1.2830224676574353e-06
fig1b,fd,fixed,time_half,6.25e-05,0.011,u,4.930948039438832e-06,4.922956253261557e-06
fig1b,fd,fixed,time_half,6.25e-05,0.011,v,1.6616656935974916e-06,1.3486982578525541e-06
fig1b,fd,fixed,time_half,6.25e-05,0.0115,u,5.152672887975829e-06,5.145300978781631e-06
fig1b,fd,fixed,time_half,6.25e-05,0.0115,v,1.7237993684138253e-06,1.4147283001753053e-06
fig1b,fd,fixed,time_half,6.25e-05,0.012,u,5.374098578814213e-06,5.367394781186086e-06
fig1b,fd,fixed,time_half,6.25e-05,0.012,v,1.786335857456578e-06,1.4811039058537645e-06
fig1b,fd,fixed,time_half,6.25e-05,0.0125,u,5.595209935815859e-06,5.589222309587694e-06
fig1b,fd,fixed,time_half,6.25e-05,0.0125,v,1.8492671731706878e-06,1.5478162929127848e-06
fig1b,fd,fixed,time_half,6.25e-05,0.013000000000000001,u,5.815991876323423e-06,5.810768299807645e-06
fig1b,fd,fixed,time_half,6.25e-05,0.013000000000000001,v,1.912585298968761e-06,1.614856587284219e-06
fig1b,fd,fixed,time_half,6.25e-05,0.0135,u,6.036429409883581e-06,6.032017577428661e-06
fig1b,fd,fixed,time_half,6.25e-05,0.0135,v,1.97628219206214e-06,1.6827072664704623e-06
fig1b,fd,fixed,time_half,6.25e-05,0.014,u,6.256741605037419e-06,6.252955057850507e-06
fig1b,fd,fixed,time_half,6.25e-05,0.014,v,2.0403497836829487e-06,1.7513883405206876e-06
fig1b,fd,fixed,time_half,6.25e-05,0.0145,u,6.476773485475373e-06,6.47356574778879e-06
fig1b,fd,fixed,time_half,6.25e-05,0.0145,v,2.1047799808604495e-06,1.8204578950409278e-06
fig1b,fd,fixed,time_half,6.25e-05,0.015,u,6.696435475295193e-06,6.693834746274163e-06
fig1b,fd,fixed,time_half,6.25e-05,0.015,v,2.169564667475754e-06,1.8899083933932026e-06
fig1b,fd,fixed,time_half,6.25e-05,0.0155,u,6.915712887856085e-06,6.913747244874369e-06
fig1b,fd,fixed,time_half,6.25e-05,0.0155,v,2.2346957058161365e-06,1.9597322055697752e-06
fig1b,fd,fixed,time_half,6.25e-05,0.016,u,7.134591133606261e-06,7.133288529470594e-06
fig1b,fd,fixed,time_half,6.25e-05,0.016,v,2.300164937907301e-06,2.02992160902582e-06
fig1b,fd,fixed,time_half,6.25e-05,0.0165,u,7.353167802925942e-06,7.35244398109014e-06
fig1b,fd,fixed,time_half,6.25e-05,0.0165,v,2.365964186734626e-06,2.1004687901782226e-06
fig1b,fd,fixed,time_half,6.25e-05,0.017,u,7.5716694124539075e-06,7.5711990761839765e-06
fig1b,fd,fixed,time_half,6.25e-05,0.017,v,2.4320852570758333e-06,2.171365844960693e-06
fig1b,fd,fixed,time_half,6.25e-05,0.0175,u,7.78974708476321e-06,7.789539389457811e-06
fig1b,fd,fixed,time_half,6.25e-05,0.0175,v,2.4987434919521156e-06,2.2426047798784765e-06
fig1b,fd,fixed,time_half,6.25e-05,0.018000000000000002,u,8.007386535335836e-06,8.007450590929999e-06
fig1b,fd,fixed,time_half,6.25e-05,0.018000000000000002,v,2.5662539117066174e-06,2.3141775132851095e-06
fig1b,fd,fixed,time_half,6.25e-05,0.0185,u,8.224790765953838e-06,8.224918451649188e-06
fig1b,fd,fixed,time_half,6.25e-05,0.0185,v,2.6341576018218404e-06,2.386075875882021e-06
fig1b,fd,fixed,time_half,6.25e-05,0.019,u,8.442106701811447e-06,8.441928841196322e-06
fig1b,fd,fixed,time_half,6.25e-05,0.019,v,2.7024455174773365e-06,2.458291612716934e-06
fig1b,fd,fixed,time_half,6.25e-05,0.0195,u,8.658960064578114e-06,8.658467729405483e-06
fig1b,fd,fixed,time_half,6.25e-05,0.0195,v,2.771108584598281e-06,2.530816383239376e-06
fig1b,fd,fixed,time_half,6.25e-05,0.02,u,8.87581818459493e-06,8.874521187862694e-06
fig1b,fd,fixed,time_half,6.25e-05,0.02,v,2.840137700355072e-06,2.6036417630215247e-06
fig1b,fd,moving,main,0.000125,0.0,u,3.7005698516612284e-07,2.7755575615628914e-17
fig1b,fd,moving,main,0.000125,0.0,v,4.418252517179866e-07,0.0
fig1b,fd,moving,main,0.000125,0.0005,u,3.7009308223590054e-07,1.7869637392031734e-07
fig1b,fd,moving,main,0.000125,0.0005,v,4.6723114938140853e-07,7.13086734105417e-08
fig1b,fd,moving,main,0.000125,0.001,u,3.9976317439682774e-07,3.573470991335981e-07
fig1b,fd,moving,main,0.000125,0.001,v,5.018408529289253e-07,1.4289026789571224e-07
fig1b,fd,moving,main,0.000125,0.0015,u,5.614496822459181e-07,5.359460419906981e-07
fig1b,fd,moving,main,0.000125,0.0015,v,5.537577570380314e-07,2.1473837868990486e-07
fig1b,fd,moving,main,0.000125,0.002,u,7.273746333025244e-07,7.144870775577239e-07
fig1b,fd,moving,main,0.000125,0.002,v,6.071038869404077e-07,2.8684656433464184e-07
fig1b,fd,moving,main,0.000125,0.0025,u,9.054120405638244e-07,8.929640877286538e-07
fig1b,fd,moving,main,0.000125,0.0025,v,6.63776261899951e-07,3.593569933291185e-07
fig1b,fd,moving,main,0.000125,0.003,u,1.0833336863136367e-06,1.0713709626131163e-06
fig1b,fd,moving,main,0.000125,0.003,v,7.24748907443562e-07,4.3223597856467677e-07
fig1b,fd,moving,main,0.000125,0.0035,u,1.261111078787458e-06,1.249701599315145e-06
fig1b,fd,moving,main,0.000125,0.0035,v,7.863453441170343e-07,5.054360535106106e-07
fig1b,fd,moving,main,0.000125,0.004,u,1.4387358929779381e-06,1.4279499037650467e-06
fig1b,fd,moving,main,0.000125,0.004,v,8.50238594751751e-07,5.789507981357467e-07
fig1b,fd,moving,main,0.000125,0.0045000000000000005,u,1.6161998047103943e-06,1.606109788832022e-06
fig1b,fd,moving,main,0.000125,0.0045000000000000005,v,9.168294425321299e-07,6.527737486661245e-07
fig1b,fd,moving,main,0.000125,0.005,u,1.7936062968182398e-06,1.784175175767455e-06
fig1b,fd,moving,main,0.000125,0.005,v,9.83871433324346e-07,7.268983988617528e-07
fig1b,fd,moving,main,0.000125,0.0055,u,1.970887278823774e-06,1.962139993594292e-06
fig1b,fd,moving,main,0.000125,0.0055,v,1.0513526669253537e-06,8.013182004606989e-07
fig1b,fd,moving,main,0.000125,0.006,u,2.1479932695300796e-06,2.1399981789405054e-06
fig1b,fd,moving,main,0.000125,0.006,v,1.1198465997286355e-06,8.76026563290111e-07
fig1b,fd,moving,main,0.000125,0.006500000000000001,u,2.3249160713834094e-06,2.317743677260342e-06
fig1b,fd,moving,main,0.000125,0.006500000000000001,v,1.1906425614882643e-06,9.510168568760413e-07
fig1b,fd,moving,main,0.000125,0.007,u,2.5017856556397433e-06,2.4953704406138755e-06
fig1b,fd,moving,main,0.000125,0.007,v,1.2618210457060464e-06,1.0262824104434465e-06
fig1b,fd,moving,main,0.000125,0.0075,u,2.680114126629718e-06,2.67287243077563e-06
fig1b,fd,moving,main,0.000125,0.0075,v,1.3333720411123906e-06,1.1018165137488545e-06
fig1b,fd,moving,main,0.000125,0.008,u,2.8598523726386382e-06,2.850243616514536e-06
fig1b,fd,moving,main,0.000125,0.008,v,1.4052855087376415e-06,1.1776124177464986e-06
fig1b,fd,moving,main,0.000125,0.0085,u,3.039704943308408e-06,3.0274779754813075e-06
fig1b,fd,moving,main,0.000125,0.0085,v,1.477551383077813e-06,1.253947322477078e-06
fig1b,fd,moving,main,0.000125,0.009000000000000001,u,3.2196640669113208e-06,3.2049362784780655e-06
fig1b,fd,moving,main,0.000125,0.009000000000000001,v,1.550369790992434e-06,1.330574804669915e-06
fig1b,fd,moving,main,0.000125,0.0095,u,3.399721952790369e-06,3.384369047232383e-06
fig1b,fd,moving,main,0.000125,0.0095,v,1.6237680121045095e-06,1.4074806545805174e-06
fig1b,fd,moving,main,0.000125,0.01,u,3.5798707945233765e-06,3.563907162829061e-06
fig1b,fd,moving,main,0.000125,0.01,v,1.6975730521839871e-06,1.484658338490874e-06
fig1b,fd,moving,main,0.000125,0.0105,u,3.760102768257667e-06,3.7435446338385248e-06
fig1b,fd,moving,main,0.000125,0.0105,v,1.7717764539404435e-06,1.562101284158235e-06
fig1b,fd,moving,main,0.000125,0.011,u,3.940410036429309e-06,3.923275472439425e-06
fig1b,fd,moving,main,0.000125,0.011,v,1.8463697381565503e-06,1.6398028805375553e-06
fig1b,fd,moving,main,0.000125,0.0115,u,4.120784743155692e-06,4.103093689977744e-06
fig1b,fd,moving,main,0.000125,0.0115,v,1.921344404187675e-06,1.7177564795578526e-06
fig1b,fd,moving,main,0.000125,0.012,u,4.301219019675617e-06,4.282993301518712e-06
fig1b,fd,moving,main,0.000125,0.012,v,1.9966919315161924e-06,1.7959553960666952e-06
fig1b,fd,moving,main,0.000125,0.0125,u,4.481704980185963e-06,4.462968321627958e-06
fig1b,fd,moving,main,0.000125,0.0125,v,2.072403780528642e-06,1.8743929089959366e-06
fig1b,fd,moving,main,0.000125,0.013000000000000001,u,4.6622347253943985e-06,4.643012767424626e-06
fig1b,fd,moving,main,0.000125,0.013000000000000001,v,2.148471393459417e-06,1.953062261916827e-06
fig1b,fd,moving,main,0.000125,0.0135,u,4.842800342130804e-06,4.82312065808177e-06
fig1b,fd,moving,main,0.000125,0.0135,v,2.224886195278941e-06,2.031956663040013e-06
fig1b,fd,moving,main,0.000125,0.014,u,5.023393903125228e-06,5.003286013993691e-06
fig1b,fd,moving,main,0.000125,0.014,v,2.301656510494965e-06,2.1110692872139403e-06
fig1b,fd,moving,main,0.000125,0.0145,u,5.204007467285443e-06,5.183502856831446e-06
fig1b,fd,moving,main,0.000125,0.0145,v,2.378971483918413e-06,2.190393275536273e-06
fig1b,fd,moving,main,0.000125,0.015,u,5.3846468614504595e-06,5.363765210264493e-06
fig1b,fd,moving,main,0.000125,0.015,v,2.4566149371962887e-06,2.269921736408609e-06
fig1b,fd,moving,main,0.000125,0.0155,u,5.565286573139261e-06,5.544067099572114e-06
fig1b,fd,moving,main,0.000125,0.0155,v,2.534578234736351e-06,2.3496477464801657e-06
fig1b,fd,moving,main,0.000125,0.016,u,5.745913281340886e-06,5.724402551587904e-06
fig1b,fd,moving,main,0.000125,0.016,v,2.6128527284563496e-06,2.4298481726137133e-06
fig1b,fd,moving,main,0.000125,0.0165,u,5.926518845622564e-06,5.904765594588746e-06
fig1b,fd,moving,main,0.000125,0.0165,v,2.6914297590607816e-06,2.5112046740938254e-06
fig1b,fd,moving,main,0.000125,0.017,u,6.107096531815515e-06,6.08515025957157e-06
fig1b,fd,moving,main,0.000125,0.017,v,2.7703006567625366e-06,2.592815069590859e-06
fig1b,fd,moving,main,0.000125,0.0175,u,6.287662664861138e-06,6.265550577699841e-06
fig1b,fd,moving,main,0.000125,0.0175,v,2.8494567425041417e-06,2.6746723888471102e-06
fig1b,fd,moving,main,0.000125,0.018000000000000002,u,6.468192877195911e-06,6.4459605835232026e-06
fig1b,fd,moving,main,0.000125,0.018000000000000002,v,2.9288893289014517e-06,2.7567696239683137e-06
fig1b,fd,moving,main,0.000125,0.0185,u,6.648679135579094e-06,6.6263743118688545e-06
fig1b,fd,moving,main,0.000125,0.0185,v,3.008589721131827e-06,2.8390997309224453e-06
fig1b,fd,moving,main,0.000125,0.019,u,6.829113397777142e-06,6.806785800339554e-06
fig1b,fd,moving,main,0.000125,0.019,v,3.0885492180998675e-06,2.9216556288735873e-06
fig1b,fd,moving,main,0.000125,0.0195,u,7.009487613118814e-06,6.9871890888140165e-06
fig1b,fd,moving,main,0.000125,0.0195,v,3.168759112492925e-06,3.0044302022358416e-06
fig1b,fd,moving,main,0.000125,0.02,u,7.189793720996374e-06,7.167578217948112e-06
fig1b,fd,moving,main,0.000125,0.02,v,3.249210693279103e-06,3.087416300340262e-06
fig1b,fd,moving,time_half,6.25e-05,0.0,u,3.7005698516612284e-07,2.7755575615628914e-17
fig1b,fd,moving,time_half,6.25e-05,0.0,v,4.418252517179866e-07,0.0
fig1b,fd,moving,time_half,6.25e-05,0.0005,u,3.7009308223590054e-07,1.7869637392031734e-07
fig1b,fd,moving,time_half,6.25e-05,0.0005,v,4.672311494369197e-07,7.130867335503055e-08
fig1b,fd,moving,time_half,6.25e-05,0.001,u,3.997631743413166e-07,3.573470991335981e-07
fig1b,fd,moving,time_half,6.25e-05,0.001,v,5.018408529844365e-07,1.428902677291788e-07
fig1b,fd,moving,time_half,6.25e-05,0.0015,u,5.614496822459181e-07,5.359460419351869e-07
fig1b,fd,moving,time_half,6.25e-05,0.0015,v,5.537577570935426e-07,2.1473837868990486e-07
fig1b,fd,moving,time_half,6.25e-05,0.002,u,7.273746332470132e-07,7.144870775577239e-07
fig1b,fd,moving,time_half,6.25e-05,0.002,v,6.071038869959189e-07,2.86846564390153e-07
fig1b,fd,moving,time_half,6.25e-05,0.0025,u,9.054120405083133e-07,8.929640877286538e-07
fig1b,fd,moving,time_half,6.25e-05,0.0025,v,6.637762617334175e-07,3.5935699316258507e-07
fig1b,fd,moving,time_half,6.25e-05,0.003,u,1.0833336863691478e-06,1.0713709626131163e-06
fig1b,fd,moving,time_half,6.25e-05,0.003,v,7.247489072215174e-07,4.322359783981433e-07
fig1b,fd,moving,time_half,6.25e-05,0.0035,u,1.2611110787319468e-06,1.2497015992596339e-06
fig1b,fd,moving,time_half,6.25e-05,0.0035,v,7.863453437839674e-07,5.054360533440772e-07
fig1b,fd,moving,time_half,6.25e-05,0.004,u,1.438735892922427e-06,1.4279499037650467e-06
fig1b,fd,moving,time_half,6.25e-05,0.004,v,8.502385948072622e-07,5.789507980247244e-07
fig1b,fd,moving,time_half,6.25e-05,0.0045000000000000005,u,1.6161998047659054e-06,1.606109788832022e-06
fig1b,fd,moving,time_half,6.25e-05,0.0045000000000000005,v,9.168294424766188e-07,6.52773748499591e-07
fig1b,fd,moving,time_half,6.25e-05,0.005,u,1.7936062967627286e-06,1.784175175711944e-06
fig1b,fd,moving,time_half,6.25e-05,0.005,v,9.838714332688347e-07,7.268983988062416e-07
fig1b,fd,moving,time_half,6.25e-05,0.0055,u,1.970887278823774e-06,1.962139993594292e-06
fig1b,fd,moving,time_half,6.25e-05,0.0055,v,1.0513526668698425e-06,8.013182004051878e-07
fig1b,fd,moving,time_half,6.25e-05,0.006,u,2.1479932695300796e-06,2.1399981788849942e-06
fig1b,fd,moving,time_half,6.25e-05,0.006,v,1.1198465994510798e-06,8.760265631790887e-07
fig1b,fd,moving,time_half,6.25e-05,0.006500000000000001,u,2.3249160713834094e-06,2.3177436769827864e-06
fig1b,fd,moving,time_half,6.25e-05,0.006500000000000001,v,1.1906425613217309e-06,9.51016856765019e-07
fig1b,fd,moving,time_half,6.25e-05,0.007,u,2.501785655528721e-06,2.4953704405583643e-06
fig1b,fd,moving,time_half,6.25e-05,0.007,v,1.2618210454284906e-06,1.0262824103324242e-06
fig1b,fd,moving,time_half,6.25e-05,0.0075,u,2.6801141265186956e-06,2.672872430720119e-06
fig1b,fd,moving,time_half,6.25e-05,0.0075,v,1.333372040890346e-06,1.1018165136378322e-06
fig1b,fd,moving,time_half,6.25e-05,0.008,u,2.859852372527616e-06,2.850243616459025e-06
fig1b,fd,moving,time_half,6.25e-05,0.008,v,1.4052855084045746e-06,1.1776124176354763e-06
fig1b,fd,moving,time_half,6.25e-05,0.0085,u,3.0397049431973855e-06,3.0274779754257963e-06
fig1b,fd,moving,time_half,6.25e-05,0.0085,v,1.4775513827447462e-06,1.2539473220885e-06
fig1b,fd,moving,time_half,6.25e-05,0.009000000000000001,u,3.219664067022343e-06,3.204936278589088e-06
fig1b,fd,moving,time_half,6.25e-05,0.009000000000000001,v,1.5503697911034564e-06,1.330574804281337e-06
fig1b,fd,moving,time_half,6.25e-05,0.0095,u,3.3997219526793465e-06,3.3843690470658494e-06
fig1b,fd,moving,time_half,6.25e-05,0.0095,v,1.6237680119934872e-06,1.4074806541919394e-06
fig1b,fd,moving,time_half,6.25e-05,0.01,u,3.5798707944123542e-06,3.5639071627180385e-06
fig1b,fd,moving,time_half,6.25e-05,0.01,v,1.697573052128476e-06,1.4846583382688294e-06
fig1b,fd,moving,time_half,6.25e-05,0.0105,u,3.7601027680911336e-06,3.7435446337275025e-06
fig1b,fd,moving,time_half,6.25e-05,0.0105,v,1.7717764538849323e-06,1.5621012838806791e-06
fig1b,fd,moving,time_half,6.25e-05,0.011,u,3.940410036318287e-06,3.923275472272891e-06
fig1b,fd,moving,time_half,6.25e-05,0.011,v,1.846369738045528e-06,1.6398028802599995e-06
fig1b,fd,moving,time_half,6.25e-05,0.0115,u,4.120784742989159e-06,4.10309368981121e-06
fig1b,fd,moving,time_half,6.25e-05,0.0115,v,1.921344404298697e-06,1.7177564792802968e-06
fig1b,fd,moving,time_half,6.25e-05,0.012,u,4.301219019564595e-06,4.282993301352178e-06
fig1b,fd,moving,time_half,6.25e-05,0.012,v,1.9966919316272147e-06,1.7959553957336283e-06
fig1b,fd,moving,time_half,6.25e-05,0.0125,u,4.481704980074941e-06,4.462968321461425e-06
fig1b,fd,moving,time_half,6.25e-05,0.0125,v,2.072403780473131e-06,1.8743929088294031e-06
fig1b,fd,moving,time_half,6.25e-05,0.013000000000000001,u,4.662234725172354e-06,4.643012767258092e-06
fig1b,fd,moving,time_half,6.25e-05,0.013000000000000001,v,2.1484713934039057e-06,1.9530622616392712e-06
fig1b,fd,moving,time_half,6.25e-05,0.0135,u,4.8428003419087595e-06,4.823120657915236e-06
fig1b,fd,moving,time_half,6.25e-05,0.0135,v,2.22488619522343e-06,2.0319566628734798e-06
fig1b,fd,moving,time_half,6.25e-05,0.014,u,5.023393902958695e-06,5.003286013827157e-06
fig1b,fd,moving,time_half,6.25e-05,0.014,v,2.3016565103839426e-06,2.1110692869918957e-06
fig1b,fd,moving,time_half,6.25e-05,0.0145,u,5.20400746711891e-06,5.183502856664912e-06
fig1b,fd,moving,time_half,6.25e-05,0.0145,v,2.3789714837518794e-06,2.190393275425251e-06
fig1b,fd,moving,time_half,6.25e-05,0.015,u,5.384646861228415e-06,5.363765210042448e-06
fig1b,fd,moving,time_half,6.25e-05,0.015,v,2.4566149371407775e-06,2.2699217362975865e-06
fig1b,fd,moving,time_half,6.25e-05,0.0155,u,5.5652865729727274e-06,5.54406709935007e-06
fig1b,fd,moving,time_half,6.25e-05,0.0155,v,2.5345782346253287e-06,2.3496477463691434e-06
fig1b,fd,moving,time_half,6.25e-05,0.016,u,5.745913281118842e-06,5.724402551365859e-06
fig1b,fd,moving,time_half,6.25e-05,0.016,v,2.6128527284563496e-06,2.4298481726137133e-06
fig1b,fd,moving,time_half,6.25e-05,0.0165,u,5.926518845511541e-06,5.904765594422212e-06
fig1b,fd,moving,time_half,6.25e-05,0.0165,v,2.6914297589497593e-06,2.511204673982803e-06
fig1b,fd,moving,time_half,6.25e-05,0.017,u,6.107096531648981e-06,6.0851502593495255e-06
fig1b,fd,moving,time_half,6.25e-05,0.017,v,2.7703006566515143e-06,2.592815069535348e-06
fig1b,fd,moving,time_half,6.25e-05,0.0175,u,6.287662664694604e-06,6.265550577477796e-06
fig1b,fd,moving,time_half,6.25e-05,0.0175,v,2.8494567423931194e-06,2.6746723888471102e-06
fig1b,fd,moving,time_half,6.25e-05,0.018000000000000002,u,6.4681928770848884e-06,6.445960583356669e-06
fig1b,fd,moving,time_half,6.25e-05,0.018000000000000002,v,2.9288893288459406e-06,2.7567696239683137e-06
fig1b,fd,moving,time_half,6.25e-05,0.0185,u,6.6486791353570496e-06,6.62637431164681e-06
fig1b,fd,moving,time_half,6.25e-05,0.0185,v,3.0085897210763157e-06,2.8390997309224453e-06
fig1b,fd,moving,time_half,6.25e-05,0.019,u,6.829113397610609e-06,6.80678580011751e-06
fig1b,fd,moving,time_half,6.25e-05,0.019,v,3.088549217988845e-06,2.9216556288735873e-06
fig1b,fd,moving,time_half,6.25e-05,0.0195,u,7.00948761289677e-06,6.987189088591972e-06
fig1b,fd,moving,time_half,6.25e-05,0.0195,v,3.1687591124374137e-06,3.004430202069308e-06
fig1b,fd,moving,time_half,6.25e-05,0.02,u,7.189793720774329e-06,7.167578217726067e-06
fig1b,fd,moving,time_half,6.25e-05,0.02,v,3.249210693279103e-06,3.08741630022924e-06
