case,model,mesh,variant,nx,h,dt,t,field,error
fig1a,structure,fixed,main,256,0.125,0.000125,0.0,u,0.00022281626407538724
fig1a,structure,fixed,main,256,0.125,0.000125,0.0,v,9.611740328296925e-05
fig1a,structure,fixed,main,256,0.125,0.000125,0.0005,u,0.00022354760019971387
fig1a,structure,fixed,main,256,0.125,0.000125,0.0005,v,0.00013860182142533262
fig1a,structure,fixed,main,256,0.125,0.000125,0.001,u,0.00022488401429199278
fig1a,structure,fixed,main,256,0.125,0.000125,0.001,v,0.00018174964175265984
fig1a,structure,fixed,main,256,0.125,0.000125,0.0015,u,0.0002273256116114286
fig1a,structure,fixed,main,256,0.125,0.000125,0.0015,v,0.00022504011636614862
fig1a,structure,fixed,main,256,0.125,0.000125,0.002,u,0.00023063763886499444
fig1a,structure,fixed,main,256,0.125,0.000125,0.002,v,0.00026848396350009907
fig1a,structure,fixed,main,256,0.125,0.000125,0.0025,u,0.00023481656738733037
fig1a,structure,fixed,main,256,0.125,0.000125,0.0025,v,0.00031209208264382227
fig1a,structure,fixed,main,256,0.125,0.000125,0.003,u,0.00024049784215729453
fig1a,structure,fixed,main,256,0.125,0.000125,0.003,v,0.0003558755609442965
fig1a,structure,fixed,main,256,0.125,0.000125,0.0035,u,0.0002471229110383444
fig1a,structure,fixed,main,256,0.125,0.000125,0.0035,v,0.000399845679795785
fig1a,structure,fixed,main,256,0.125,0.000125,0.004,u,0.0002545868371781612
fig1a,structure,fixed,main,256,0.125,0.000125,0.004,v,0.00044401392191839584
fig1a,structure,fixed,main,256,0.125,0.000125,0.0045000000000000005,u,0.00026479334935536336
fig1a,structure,fixed,main,256,0.125,0.000125,0.0045000000000000005,v,0.000488391978411773
fig1a,structure,fixed,main,256,0.125,0.000125,0.005,u,0.0002864388225602976
fig1a,structure,fixed,main,256,0.125,0.000125,0.005,v,0.0005329917562999498
fig1a,structure,fixed,main,256,0.125,0.000125,0.0055,u,0.0003086811657895261
fig1a,structure,fixed,main,256,0.125,0.000125,0.0055,v,0.0005778253863344407
fig1a,structure,fixed,main,256,0.125,0.000125,0.006,u,0.0003315230140601422
fig1a,structure,fixed,main,256,0.125,0.000125,0.006,v,0.0006229052309159044
fig1a,structure,fixed,main,256,0.125,0.000125,0.006500000000000001,u,0.00035502707236467757
fig1a,structure,fixed,main,256,0.125,0.000125,0.006500000000000001,v,0.0006682438924414669
fig1a,structure,fixed,main,256,0.125,0.000125,0.007,u,0.00038003080209714213
fig1a,structure,fixed,main,256,0.125,0.000125,0.007,v,0.0007138542217957067
fig1a,structure,fixed,main,256,0.125,0.000125,0.0075,u,0.00040562246182895834
fig1a,structure,fixed,main,256,0.125,0.000125,0.0075,v,0.0007597493270765643
fig1a,structure,fixed,main,256,0.125,0.000125,0.008,u,0.0004318042466280314
fig1a,structure,fixed,main,256,0.125,0.000125,0.008,v,0.000805942582720709
fig1a,structure,fixed,main,256,0.125,0.000125,0.0085,u,0.00045857863584308767
fig1a,structure,fixed,main,256,0.125,0.000125,0.0085,v,0.0008524476386793101
fig1a,structure,fixed,main,256,0.125,0.000125,0.009000000000000001,u,0.00048594839981208615
fig1a,structure,fixed,main,256,0.125,0.000125,0.009000000000000001,v,0.0008992784299917123
fig1a,structure,fixed,main,256,0.125,0.000125,0.0095,u,0.000513916606554643
fig1a,structure,fixed,main,256,0.125,0.000125,0.0095,v,0.000946449186455256
fig1a,structure,fixed,main,256,0.125,0.000125,0.01,u,0.0005424866284184926
fig1a,structure,fixed,main,256,0.125,0.000125,0.01,v,0.0009939744426876729
fig1a,structure,fixed,main,256,0.125,0.000125,0.0105,u,0.0005716621487505957
fig1a,structure,fixed,main,256,0.125,0.000125,0.0105,v,0.0010418690483056103
fig1a,structure,fixed,main,256,0.125,0.000125,0.011,u,0.0006014471685420464
fig1a,structure,fixed,main,256,0.125,0.000125,0.011,v,0.0010901481783984757
fig1a,structure,fixed,main,256,0.125,0.000125,0.0115,u,0.0006318781730065837
fig1a,structure,fixed,main,256,0.125,0.000125,0.0115,v,0.0011388273442480834
fig1a,structure,fixed,main,256,0.125,0.000125,0.012,u,0.0006630003594181311
fig1a,structure,fixed,main,256,0.125,0.000125,0.012,v,0.0011879491185926572
fig1a,structure,fixed,main,256,0.125,0.000125,0.0125,u,0.0006947541090451814
fig1a,structure,fixed,main,256,0.125,0.000125,0.0125,v,0.0012376784919356787
fig1a,structure,fixed,main,256,0.125,0.000125,0.013000000000000001,u,0.0007271447940775388
fig1a,structure,fixed,main,256,0.125,0.000125,0.013000000000000001,v,0.0012878745328228636
fig1a,structure,fixed,main,256,0.125,0.000125,0.0135,u,0.0007601781295480947
fig1a,structure,fixed,main,256,0.125,0.000125,0.0135,v,0.0013385544523383253
fig1a,structure,fixed,main,256,0.125,0.000125,0.014,u,0.0007938601800878686
fig1a,structure,fixed,main,256,0.125,0.000125,0.014,v,0.0013897358643517599
fig1a,structure,fixed,main,256,0.125,0.000125,0.0145,u,0.000828197366739003
fig1a,structure,fixed,main,256,0.125,0.000125,0.0145,v,0.001441436797509299
fig1a,structure,fixed,main,256,0.125,0.000125,0.015,u,0.0008631964738143871
fig1a,structure,fixed,main,256,0.125,0.000125,0.015,v,0.001493675707178621
fig1a,structure,fixed,main,256,0.125,0.000125,0.0155,u,0.0008988646558274471
fig1a,structure,fixed,main,256,0.125,0.000125,0.0155,v,0.0015464714878414831
fig1a,structure,fixed,main,256,0.125,0.000125,0.016,u,0.0009352094444927683
fig1a,structure,fixed,main,256,0.125,0.000125,0.016,v,0.0015998434855082344
fig1a,structure,fixed,main,256,0.125,0.000125,0.0165,u,0.0009722387558095402
fig1a,structure,fixed,main,256,0.125,0.000125,0.0165,v,0.0016538115105897422
fig1a,structure,fixed,main,256,0.125,0.000125,0.017,u,0.0010099608972307106
fig1a,structure,fixed,main,256,0.125,0.000125,0.017,v,0.0017083958507839725
fig1a,structure,fixed,main,256,0.125,0.000125,0.0175,u,0.001048384574938055
fig1a,structure,fixed,main,256,0.125,0.000125,0.0175,v,0.001763617284312291
fig1a,structure,fixed,main,256,0.125,0.000125,0.018000000000000002,u,0.001087518901226714
fig1a,structure,fixed,main,256,0.125,0.000125,0.018000000000000002,v,0.00181957677600586
fig1a,structure,fixed,main,256,0.125,0.000125,0.0185,u,0.001127373402005638
fig1a,structure,fixed,main,256,0.125,0.000125,0.0185,v,0.0018764935600779076
fig1a,structure,fixed,main,256,0.125,0.000125,0.019,u,0.0011679779622382203
fig1a,structure,fixed,main,256,0.125,0.000125,0.019,v,0.0019341329469493296
fig1a,structure,fixed,main,256,0.125,0.000125,0.0195,u,0.0012094763647867435
fig1a,structure,fixed,main,256,0.125,0.000125,0.0195,v,0.0019925181136986048
fig1a,structure,fixed,main,256,0.125,0.000125,0.02,u,0.0012517326131622486
fig1a,structure,fixed,main,256,0.125,0.000125,0.02,v,0.002051672802103166
fig1a,structure,fixed,time_half,256,0.125,6.25e-05,0.0,u,0.00022281626407538724
fig1a,structure,fixed,time_half,256,0.125,6.25e-05,0.0,v,9.611740328296925e-05
fig1a,structure,fixed,time_half,256,0.125,6.25e-05,0.0005,u,0.00022354760019949182
fig1a,structure,fixed,time_half,256,0.125,6.25e-05,0.0005,v,0.00013860182142511057
fig1a,structure,fixed,time_half,256,0.125,6.25e-05,0.001,u,0.00022488401429288096
fig1a,structure,fixed,time_half,256,0.125,6.25e-05,0.001,v,0.00018174964175377006
fig1a,structure,fixed,time_half,256,0.125,6.25e-05,0.0015,u,0.00022732561161209475
fig1a,structure,fixed,time_half,256,0.125,6.25e-05,0.0015,v,0.00022504011636770294
fig1a,structure,fixed,time_half,256,0.125,6.25e-05,0.002,u,0.00023063763886610467
fig1a,structure,fixed,time_half,256,0.125,6.25e-05,0.002,v,0.0002684839635023195
fig1a,structure,fixed,time_half,256,0.125,6.25e-05,0.0025,u,0.00023481656738932877
fig1a,structure,fixed,time_half,256,0.125,6.25e-05,0.0025,v,0.0003120920826453766
fig1a,structure,fixed,time_half,256,0.125,6.25e-05,0.003,u,0.00024049784215884884
fig1a,structure,fixed,time_half,256,0.125,6.25e-05,0.003,v,0.00035587556094651696
fig1a,structure,fixed,time_half,256,0.125,6.25e-05,0.0035,u,0.0002471229110403428
fig1a,structure,fixed,time_half,256,0.125,6.25e-05,0.0035,v,0.0003998456797997818
fig1a,structure,fixed,time_half,256,0.125,6.25e-05,0.004,u,0.00025458683718038166
fig1a,structure,fixed,time_half,256,0.125,6.25e-05,0.004,v,0.00044401392192150446
fig1a,structure,fixed,time_half,256,0.125,6.25e-05,0.0045000000000000005,u,0.0002647933493575838
fig1a,structure,fixed,time_half,256,0.125,6.25e-05,0.0045000000000000005,v,0.0004883919784164359
fig1a,structure,fixed,time_half,256,0.125,6.25e-05,0.005,u,0.00028643882256296216
fig1a,structure,fixed,time_half,256,0.125,6.25e-05,0.005,v,0.0005329917563032804
fig1a,structure,fixed,time_half,256,0.125,6.25e-05,0.0055,u,0.00030868116579285676
fig1a,structure,fixed,time_half,256,0.125,6.25e-05,0.0055,v,0.0005778253863373273
fig1a,structure,fixed,time_half,256,0.125,6.25e-05,0.006,u,0.0003315230140636949
fig1a,structure,fixed,time_half,256,0.125,6.25e-05,0.006,v,0.0006229052309192351
fig1a,structure,fixed,time_half,256,0.125,6.25e-05,0.006500000000000001,u,0.0003550270723677862
fig1a,structure,fixed,time_half,256,0.125,6.25e-05,0.006500000000000001,v,0.0006682438924465739
fig1a,structure,fixed,time_half,256,0.125,6.25e-05,0.007,u,0.0003800308021004728
fig1a,structure,fixed,time_half,256,0.125,6.25e-05,0.007,v,0.0007138542217994814
fig1a,structure,fixed,time_half,256,0.125,6.25e-05,0.0075,u,0.00040562246183251105
fig1a,structure,fixed,time_half,256,0.125,6.25e-05,0.0075,v,0.000759749327080117
fig1a,structure,fixed,time_half,256,0.125,6.25e-05,0.008,u,0.0004318042466315841
fig1a,structure,fixed,time_half,256,0.125,6.25e-05,0.008,v,0.0008059425827262601
fig1a,structure,fixed,time_half,256,0.125,6.25e-05,0.0085,u,0.0004585786358468624
fig1a,structure,fixed,time_half,256,0.125,6.25e-05,0.0085,v,0.0008524476386859714
fig1a,structure,fixed,time_half,256,0.125,6.25e-05,0.009000000000000001,u,0.00048594839981608295
fig1a,structure,fixed,time_half,256,0.125,6.25e-05,0.009000000000000001,v,0.0008992784299983736
fig1a,structure,fixed,time_half,256,0.125,6.25e-05,0.0095,u,0.0005139166065588618
fig1a,structure,fixed,time_half,256,0.125,6.25e-05,0.0095,v,0.0009464491864619173
fig1a,structure,fixed,time_half,256,0.125,6.25e-05,0.01,u,0.0005424866284231555
fig1a,structure,fixed,time_half,256,0.125,6.25e-05,0.01,v,0.0009939744426963326
fig1a,structure,fixed,time_half,256,0.125,6.25e-05,0.0105,u,0.0005716621487554807
fig1a,structure,fixed,time_half,256,0.125,6.25e-05,0.0105,v,0.0010418690483118276
fig1a,structure,fixed,time_half,256,0.125,6.25e-05,0.011,u,0.0006014471685469314
fig1a,structure,fixed,time_half,256,0.125,6.25e-05,0.011,v,0.0010901481784082456
fig1a,structure,fixed,time_half,256,0.125,6.25e-05,0.0115,u,0.0006318781730119127
fig1a,structure,fixed,time_half,256,0.125,6.25e-05,0.0115,v,0.0011388273442578534
fig1a,structure,fixed,time_half,256,0.125,6.25e-05,0.012,u,0.0006630003594232381
fig1a,structure,fixed,time_half,256,0.125,6.25e-05,0.012,v,0.0011879491186030933
fig1a,structure,fixed,time_half,256,0.125,6.25e-05,0.0125,u,0.0006947541090507325
fig1a,structure,fixed,time_half,256,0.125,6.25e-05,0.0125,v,0.001237678491947225
fig1a,structure,fixed,time_half,256,0.125,6.25e-05,0.013000000000000001,u,0.000727144794083534
fig1a,structure,fixed,time_half,256,0.125,6.25e-05,0.013000000000000001,v,0.001287874532835298
fig1a,structure,fixed,time_half,256,0.125,6.25e-05,0.0135,u,0.000760178129554534
fig1a,structure,fixed,time_half,256,0.125,6.25e-05,0.0135,v,0.001338554452352314
fig1a,structure,fixed,time_half,256,0.125,6.25e-05,0.014,u,0.00079386018009453
fig1a,structure,fixed,time_half,256,0.125,6.25e-05,0.014,v,0.0013897358643653046
fig1a,structure,fixed,time_half,256,0.125,6.25e-05,0.0145,u,0.0008281973667461084
fig1a,structure,fixed,time_half,256,0.125,6.25e-05,0.0145,v,0.0014414367975230657
fig1a,structure,fixed,time_half,256,0.125,6.25e-05,0.015,u,0.0008631964738217146
fig1a,structure,fixed,time_half,256,0.125,6.25e-05,0.015,v,0.0014936757071943862
fig1a,structure,fixed,time_half,256,0.125,6.25e-05,0.0155,u,0.0008988646558347746
fig1a,structure,fixed,time_half,256,0.125,6.25e-05,0.0155,v,0.001546471487855472
fig1a,structure,fixed,time_half,256,0.125,6.25e-05,0.016,u,0.000935209444500984
fig1a,structure,fixed,time_half,256,0.125,6.25e-05,0.016,v,0.0015998434855226673
fig1a,structure,fixed,time_half,256,0.125,6.25e-05,0.0165,u,0.0009722387558177559
fig1a,structure,fixed,time_half,256,0.125,6.25e-05,0.0165,v,0.0016538115106048412
fig1a,structure,fixed,time_half,256,0.125,6.25e-05,0.017,u,0.0010099608972395924
fig1a,structure,fixed,time_half,256,0.125,6.25e-05,0.017,v,0.001708395850801958
fig1a,structure,fixed,time_half,256,0.125,6.25e-05,0.0175,u,0.0010483845749476028
fig1a,structure,fixed,time_half,256,0.125,6.25e-05,0.0175,v,0.0017636172843296105
fig1a,structure,fixed,time_half,256,0.125,6.25e-05,0.018000000000000002,u,0.0010875189012362618
fig1a,structure,fixed,time_half,256,0.125,6.25e-05,0.018000000000000002,v,0.0018195767760247339
fig1a,structure,fixed,time_half,256,0.125,6.25e-05,0.0185,u,0.0011273734020158521
fig1a,structure,fixed,time_half,256,0.125,6.25e-05,0.0185,v,0.0018764935600956711
fig1a,structure,fixed,time_half,256,0.125,6.25e-05,0.019,u,0.0011679779622484343
fig1a,structure,fixed,time_half,256,0.125,6.25e-05,0.019,v,0.0019341329469697577
fig1a,structure,fixed,time_half,256,0.125,6.25e-05,0.0195,u,0.0012094763647969575
fig1a,structure,fixed,time_half,256,0.125,6.25e-05,0.0195,v,0.001992518113719255
fig1a,structure,fixed,time_half,256,0.125,6.25e-05,0.02,u,0.0012517326131731288
fig1a,structure,fixed,time_half,256,0.125,6.25e-05,0.02,v,0.0020516728021251485
fig1a,structure,moving,main,256,0.125,0.000125,0.0,u,8.728642765354344e-05
fig1a,structure,moving,main,256,0.125,0.000125,0.0,v,7.684358581194761e-05
fig1a,structure,moving,main,256,0.125,0.000125,0.0005,u,9.381182368461971e-05
fig1a,structure,moving,main,256,0.125,0.000125,0.0005,v,9.376439432851047e-05
fig1a,structure,moving,main,256,0.125,0.000125,0.001,u,0.00010069321006134224
fig1a,structure,moving,main,256,0.125,0.000125,0.001,v,0.0001107530173067861
fig1a,structure,moving,main,256,0.125,0.000125,0.0015,u,0.00010793290718846826
fig1a,structure,moving,main,256,0.125,0.000125,0.0015,v,0.00012781606145684243
fig1a,structure,moving,main,256,0.125,0.000125,0.002,u,0.00011553337047520706
fig1a,structure,moving,main,256,0.125,0.000125,0.002,v,0.00014990877425202775
fig1a,structure,moving,main,256,0.125,0.000125,0.0025,u,0.00012349719439397333
fig1a,structure,moving,main,256,0.125,0.000125,0.0025,v,0.00017534190187307175
fig1a,structure,moving,main,256,0.125,0.000125,0.003,u,0.00013191920055866113
fig1a,structure,moving,main,256,0.125,0.000125,0.003,v,0.00020100062525929552
fig1a,structure,moving,main,256,0.125,0.000125,0.0035,u,0.00014074167414945826
fig1a,structure,moving,main,256,0.125,0.000125,0.0035,v,0.00022682024406761592
fig1a,structure,moving,main,256,0.125,0.000125,0.004,u,0.00014993705009080927
fig1a,structure,moving,main,256,0.125,0.000125,0.004,v,0.00025313595201525985
fig1a,structure,moving,main,256,0.125,0.000125,0.0045000000000000005,u,0.00015950847798906764
fig1a,structure,moving,main,256,0.125,0.000125,0.0045000000000000005,v,0.0002797155538993845
fig1a,structure,moving,main,256,0.125,0.000125,0.005,u,0.00016945926999345495
fig1a,structure,moving,main,256,0.125,0.000125,0.005,v,0.00030650540926657754
fig1a,structure,moving,main,256,0.125,0.000125,0.0055,u,0.00017979290429370742
fig1a,structure,moving,main,256,0.125,0.000125,0.0055,v,0.0003337775918568209
fig1a,structure,moving,main,256,0.125,0.000125,0.006,u,0.00019186653005442977
fig1a,structure,moving,main,256,0.125,0.000125,0.006,v,0.0003614219666410179
fig1a,structure,moving,main,256,0.125,0.000125,0.006500000000000001,u,0.00020867738268948166
fig1a,structure,moving,main,256,0.125,0.000125,0.006500000000000001,v,0.0003893285963489923
fig1a,structure,moving,main,256,0.125,0.000125,0.007,u,0.0002256558407562892
fig1a,structure,moving,main,256,0.125,0.000125,0.007,v,0.00041764696684976066
fig1a,structure,moving,main,256,0.125,0.000125,0.0075,u,0.00024281130114189864
fig1a,structure,moving,main,256,0.125,0.000125,0.0075,v,0.0004465060377316643
fig1a,structure,moving,main,256,0.125,0.000125,0.008,u,0.0002601535466220106
fig1a,structure,moving,main,256,0.125,0.000125,0.008,v,0.00047568260094843495
fig1a,structure,moving,main,256,0.125,0.000125,0.0085,u,0.00027769275634481616
fig1a,structure,moving,main,256,0.125,0.000125,0.0085,v,0.000505191783188419
fig1a,structure,moving,main,256,0.125,0.000125,0.009000000000000001,u,0.0002954491564450823
fig1a,structure,moving,main,256,0.125,0.000125,0.009000000000000001,v,0.0005353797869089849
fig1a,structure,moving,main,256,0.125,0.000125,0.0095,u,0.00031344687195122845
fig1a,structure,moving,main,256,0.125,0.000125,0.0095,v,0.0005659871751331202
fig1a,structure,moving,main,256,0.125,0.000125,0.01,u,0.0003316776715112102
fig1a,structure,moving,main,256,0.125,0.000125,0.01,v,0.0005969876752056624
fig1a,structure,moving,main,256,0.125,0.000125,0.0105,u,0.00035015370392632583
fig1a,structure,moving,main,256,0.125,0.000125,0.0105,v,0.0006284788251225137
fig1a,structure,moving,main,256,0.125,0.000125,0.011,u,0.00036888760326414527
fig1a,structure,moving,main,256,0.125,0.000125,0.011,v,0.0006606867243394987
fig1a,structure,moving,main,256,0.125,0.000125,0.0115,u,0.00038789250613047166
fig1a,structure,moving,main,256,0.125,0.000125,0.0115,v,0.0006933530119541675
fig1a,structure,moving,main,256,0.125,0.000125,0.012,u,0.0004071820700985995
fig1a,structure,moving,main,256,0.125,0.000125,0.012,v,0.0007264963385151813
fig1a,structure,moving,main,256,0.125,0.000125,0.0125,u,0.0004267704933726968
fig1a,structure,moving,main,256,0.125,0.000125,0.0125,v,0.0007602470243075476
fig1a,structure,moving,main,256,0.125,0.000125,0.013000000000000001,u,0.00044667253572927557
fig1a,structure,moving,main,256,0.125,0.000125,0.013000000000000001,v,0.0007947640692169688
fig1a,structure,moving,main,256,0.125,0.000125,0.0135,u,0.0004669035408504385
fig1a,structure,moving,main,256,0.125,0.000125,0.0135,v,0.0008298309797518666
fig1a,structure,moving,main,256,0.125,0.000125,0.014,u,0.00048747946012417387
fig1a,structure,moving,main,256,0.125,0.000125,0.014,v,0.0008654690501022078
fig1a,structure,moving,main,256,0.125,0.000125,0.0145,u,0.0005087056385912891
fig1a,structure,moving,main,256,0.125,0.000125,0.0145,v,0.0009017149177246164
fig1a,structure,moving,main,256,0.125,0.000125,0.015,u,0.0005307638163567496
fig1a,structure,moving,main,256,0.125,0.000125,0.015,v,0.000938908385580639
fig1a,structure,moving,main,256,0.125,0.000125,0.0155,u,0.000553237516469407
fig1a,structure,moving,main,256,0.125,0.000125,0.0155,v,0.0009767549279027232
fig1a,structure,moving,main,256,0.125,0.000125,0.016,u,0.0005761432197308736
fig1a,structure,moving,main,256,0.125,0.000125,0.016,v,0.001015279083948828
fig1a,structure,moving,main,256,0.125,0.000125,0.0165,u,0.0005994981881451977
fig1a,structure,moving,main,256,0.125,0.000125,0.0165,v,0.0010545061761211283
fig1a,structure,moving,main,256,0.125,0.000125,0.017,u,0.0006233204981995755
fig1a,structure,moving,main,256,0.125,0.000125,0.017,v,0.001094526071588886
fig1a,structure,moving,main,256,0.125,0.000125,0.0175,u,0.0006476290762833514
fig1a,structure,moving,main,256,0.125,0.000125,0.0175,v,0.0011355751879980058
fig1a,structure,moving,main,256,0.125,0.000125,0.018000000000000002,u,0.0006724437364042934
fig1a,structure,moving,main,256,0.125,0.000125,0.018000000000000002,v,0.0011774231343459896
fig1a,structure,moving,main,256,0.125,0.000125,0.0185,u,0.0006977852202703083
fig1a,structure,moving,main,256,0.125,0.000125,0.0185,v,0.0012200993731179555
fig1a,structure,moving,main,256,0.125,0.000125,0.019,u,0.0007236752399597535
fig1a,structure,moving,main,256,0.125,0.000125,0.019,v,0.001263634388455559
fig1a,structure,moving,main,256,0.125,0.000125,0.0195,u,0.0007501365232747137
fig1a,structure,moving,main,256,0.125,0.000125,0.0195,v,0.0013080597359897972
fig1a,structure,moving,main,256,0.125,0.000125,0.02,u,0.0007771928619850765
fig1a,structure,moving,main,256,0.125,0.000125,0.02,v,0.0013535304168814655
fig1a,structure,moving,time_half,256,0.125,6.25e-05,0.0,u,8.728642765354344e-05
fig1a,structure,moving,time_half,256,0.125,6.25e-05,0.0,v,7.684358581194761e-05
fig1a,structure,moving,time_half,256,0.125,6.25e-05,0.0005,u,9.381182368417562e-05
fig1a,structure,moving,time_half,256,0.125,6.25e-05,0.0005,v,9.376439432629002e-05
fig1a,structure,moving,time_half,256,0.125,6.25e-05,0.001,u,0.0001006932100611202
fig1a,structure,moving,time_half,256,0.125,6.25e-05,0.001,v,0.00011075301730667508
fig1a,structure,moving,time_half,256,0.125,6.25e-05,0.0015,u,0.00010793290718891235
fig1a,structure,moving,time_half,256,0.125,6.25e-05,0.0015,v,0.00012781606145739755
fig1a,structure,moving,time_half,256,0.125,6.25e-05,0.002,u,0.00011553337047609524
fig1a,structure,moving,time_half,256,0.125,6.25e-05,0.002,v,0.0001499087742506955
fig1a,structure,moving,time_half,256,0.125,6.25e-05,0.0025,u,0.00012349719439463946
fig1a,structure,moving,time_half,256,0.125,6.25e-05,0.0025,v,0.00017534190187218357
fig1a,structure,moving,time_half,256,0.125,6.25e-05,0.003,u,0.0001319192005595493
fig1a,structure,moving,time_half,256,0.125,6.25e-05,0.003,v,0.0002010006252601837
fig1a,structure,moving,time_half,256,0.125,6.25e-05,0.0035,u,0.0001407416741501244
fig1a,structure,moving,time_half,256,0.125,6.25e-05,0.0035,v,0.00022682024407028045
fig1a,structure,moving,time_half,256,0.125,6.25e-05,0.004,u,0.00014993705009236358
fig1a,structure,moving,time_half,256,0.125,6.25e-05,0.004,v,0.0002531359520165921
fig1a,structure,moving,time_half,256,0.125,6.25e-05,0.0045000000000000005,u,0.000159508477990844
fig1a,structure,moving,time_half,256,0.125,6.25e-05,0.0045000000000000005,v,0.000279715553906712
fig1a,structure,moving,time_half,256,0.125,6.25e-05,0.005,u,0.00016945926999456518
fig1a,structure,moving,time_half,256,0.125,6.25e-05,0.005,v,0.0003065054092723507
fig1a,structure,moving,time_half,256,0.125,6.25e-05,0.0055,u,0.00017979290429548378
fig1a,structure,moving,time_half,256,0.125,6.25e-05,0.0055,v,0.0003337775918594854
fig1a,structure,moving,time_half,256,0.125,6.25e-05,0.006,u,0.00019186653005554
fig1a,structure,moving,time_half,256,0.125,6.25e-05,0.006,v,0.0003614219666461249
fig1a,structure,moving,time_half,256,0.125,6.25e-05,0.006500000000000001,u,0.0002086773826917021
fig1a,structure,moving,time_half,256,0.125,6.25e-05,0.006500000000000001,v,0.00038932859635409933
fig1a,structure,moving,time_half,256,0.125,6.25e-05,0.007,u,0.00022565584075917577
fig1a,structure,moving,time_half,256,0.125,6.25e-05,0.007,v,0.00041764696685508973
fig1a,structure,moving,time_half,256,0.125,6.25e-05,0.0075,u,0.00024281130114500726
fig1a,structure,moving,time_half,256,0.125,6.25e-05,0.0075,v,0.00044650603772877773
fig1a,structure,moving,time_half,256,0.125,6.25e-05,0.008,u,0.0002601535466257854
fig1a,structure,moving,time_half,256,0.125,6.25e-05,0.008,v,0.00047568260095598447
fig1a,structure,moving,time_half,256,0.125,6.25e-05,0.0085,u,0.00027769275634925705
fig1a,structure,moving,time_half,256,0.125,6.25e-05,0.0085,v,0.0005051917831957464
fig1a,structure,moving,time_half,256,0.125,6.25e-05,0.009000000000000001,u,0.00029544915645240977
fig1a,structure,moving,time_half,256,0.125,6.25e-05,0.009000000000000001,v,0.0005353797869180887
fig1a,structure,moving,time_half,256,0.125,6.25e-05,0.0095,u,0.00031344687195766774
fig1a,structure,moving,time_half,256,0.125,6.25e-05,0.0095,v,0.0005659871751464429
fig1a,structure,moving,time_half,256,0.125,6.25e-05,0.01,u,0.00033167767151898175
fig1a,structure,moving,time_half,256,0.125,6.25e-05,0.01,v,0.0005969876752289771
fig1a,structure,moving,time_half,256,0.125,6.25e-05,0.0105,u,0.0003501537039345415
fig1a,structure,moving,time_half,256,0.125,6.25e-05,0.0105,v,0.0006284788251360585
fig1a,structure,moving,time_half,256,0.125,6.25e-05,0.011,u,0.00036888760327502546
fig1a,structure,moving,time_half,256,0.125,6.25e-05,0.011,v,0.000660686724341053
fig1a,structure,moving,time_half,256,0.125,6.25e-05,0.0115,u,0.0003878925061415739
fig1a,structure,moving,time_half,256,0.125,6.25e-05,0.0115,v,0.0006933530119552778
fig1a,structure,moving,time_half,256,0.125,6.25e-05,0.012,u,0.0004071820701119222
fig1a,structure,moving,time_half,256,0.125,6.25e-05,0.012,v,0.000726496338518956
fig1a,structure,moving,time_half,256,0.125,6.25e-05,0.0125,u,0.00042677049338735173
fig1a,structure,moving,time_half,256,0.125,6.25e-05,0.0125,v,0.0007602470243297521
fig1a,structure,moving,time_half,256,0.125,6.25e-05,0.013000000000000001,u,0.0004466725357452628
fig1a,structure,moving,time_half,256,0.125,6.25e-05,0.013000000000000001,v,0.0007947640692413938
fig1a,structure,moving,time_half,256,0.125,6.25e-05,0.0135,u,0.0004669035408684241
fig1a,structure,moving,time_half,256,0.125,6.25e-05,0.0135,v,0.000829830979768964
fig1a,structure,moving,time_half,256,0.125,6.25e-05,0.014,u,0.00048747946014304766
fig1a,structure,moving,time_half,256,0.125,6.25e-05,0.014,v,0.0008654690501321838
fig1a,structure,moving,time_half,256,0.125,6.25e-05,0.0145,u,0.0005087056386137156
fig1a,structure,moving,time_half,256,0.125,6.25e-05,0.0145,v,0.0009017149177537043
fig1a,structure,moving,time_half,256,0.125,6.25e-05,0.015,u,0.0005307638163807304
fig1a,structure,moving,time_half,256,0.125,6.25e-05,0.015,v,0.0009389083856121694
fig1a,structure,moving,time_half,256,0.125,6.25e-05,0.0155,u,0.0005532375164949421
fig1a,structure,moving,time_half,256,0.125,6.25e-05,0.0155,v,0.0009767549279380283
fig1a,structure,moving,time_half,256,0.125,6.25e-05,0.016,u,0.0005761432197606275
fig1a,structure,moving,time_half,256,0.125,6.25e-05,0.016,v,0.0010152790839779158
fig1a,structure,moving,time_half,256,0.125,6.25e-05,0.0165,u,0.0005994981881776162
fig1a,structure,moving,time_half,256,0.125,6.25e-05,0.0165,v,0.0010545061761557672
fig1a,structure,moving,time_half,256,0.125,6.25e-05,0.017,u,0.0006233204982351026
fig1a,structure,moving,time_half,256,0.125,6.25e-05,0.017,v,0.0010945260716366256
fig1a,structure,moving,time_half,256,0.125,6.25e-05,0.0175,u,0.0006476290763228754
fig1a,structure,moving,time_half,256,0.125,6.25e-05,0.0175,v,0.001135575188068394
fig1a,structure,moving,time_half,256,0.125,6.25e-05,0.018000000000000002,u,0.000672443736446704
fig1a,structure,moving,time_half,256,0.125,6.25e-05,0.018000000000000002,v,0.0011774231344110486
fig1a,structure,moving,time_half,256,0.125,6.25e-05,0.0185,u,0.0006977852203171597
fig1a,structure,moving,time_half,256,0.125,6.25e-05,0.0185,v,0.001220099373179906
fig1a,structure,moving,time_half,256,0.125,6.25e-05,0.019,u,0.0007236752400103796
fig1a,structure,moving,time_half,256,0.125,6.25e-05,0.019,v,0.0012636343885241708
fig1a,structure,moving,time_half,256,0.125,6.25e-05,0.0195,u,0.0007501365233304469
fig1a,structure,moving,time_half,256,0.125,6.25e-05,0.0195,v,0.001308059736063516
fig1a,structure,moving,time_half,256,0.125,6.25e-05,0.02,u,0.0007771928620463608
fig1a,structure,moving,time_half,256,0.125,6.25e-05,0.02,v,0.0013535304169571827
fig1a,fd,fixed,main,256,0.125,0.000125,0.0,u,0.00022281626407538724
fig1a,fd,fixed,main,256,0.125,0.000125,0.0,v,9.611740328341334e-05
fig1a,fd,fixed,main,256,0.125,0.000125,0.0005,u,0.00023822375068704993
fig1a,fd,fixed,main,256,0.125,0.000125,0.0005,v,0.00014686680153186416
fig1a,fd,fixed,main,256,0.125,0.000125,0.001,u,0.0002552875819807898
fig1a,fd,fixed,main,256,0.125,0.000125,0.001,v,0.0001981976774303451
fig1a,fd,fixed,main,256,0.125,0.000125,0.0015,u,0.0002735301362251086
fig1a,fd,fixed,main,256,0.125,0.000125,0.0015,v,0.0002497648571013755
fig1a,fd,fixed,main,256,0.125,0.000125,0.002,u,0.0002933351527871775
fig1a,fd,fixed,main,256,0.125,0.000125,0.002,v,0.00030157437916145113
fig1a,fd,fixed,main,256,0.125,0.000125,0.0025,u,0.0003148453416756958
fig1a,fd,fixed,main,256,0.125,0.000125,0.0025,v,0.00035364710042307124
fig1a,fd,fixed,main,256,0.125,0.000125,0.003,u,0.000337463484617162
fig1a,fd,fixed,main,256,0.125,0.000125,0.003,v,0.0004060043345845976
fig1a,fd,fixed,main,256,0.125,0.000125,0.0035,u,0.0003611871741202588
fig1a,fd,fixed,main,256,0.125,0.000125,0.0035,v,0.0004586678575571046
fig1a,fd,fixed,main,256,0.125,0.000125,0.004,u,0.00038601405366045505
fig1a,fd,fixed,main,256,0.125,0.000125,0.004,v,0.0005116599134520339
fig1a,fd,fixed,main,256,0.125,0.000125,0.0045000000000000005,u,0.00041194182354864495
fig1a,fd,fixed,main,256,0.125,0.000125,0.0045000000000000005,v,0.0005650032212278777
fig1a,fd,fixed,main,256,0.125,0.000125,0.005,u,0.00043896824653644195
fig1a,fd,fixed,main,256,0.125,0.000125,0.005,v,0.0006187209820014417
fig1a,fd,fixed,main,256,0.125,0.000125,0.0055,u,0.00046729438984383087
fig1a,fd,fixed,main,256,0.125,0.000125,0.0055,v,0.0006728368870105861
fig1a,fd,fixed,main,256,0.125,0.000125,0.006,u,0.0004967721920694501
fig1a,fd,fixed,main,256,0.125,0.000125,0.006,v,0.0007273751262495409
fig1a,fd,fixed,main,256,0.125,0.000125,0.006500000000000001,u,0.0005274629241105444
fig1a,fd,fixed,main,256,0.125,0.000125,0.006500000000000001,v,0.0007823603977565874
fig1a,fd,fixed,main,256,0.125,0.000125,0.007,u,0.0005593144196984756
fig1a,fd,fixed,main,256,0.125,0.000125,0.007,v,0.0008378179175725364
fig1a,fd,fixed,main,256,0.125,0.000125,0.0075,u,0.0005921586386528066
fig1a,fd,fixed,main,256,0.125,0.000125,0.0075,v,0.0008937734303653411
fig1a,fd,fixed,main,256,0.125,0.000125,0.008,u,0.0006259912701664927
fig1a,fd,fixed,main,256,0.125,0.000125,0.008,v,0.0009502532207228409
fig1a,fd,fixed,main,256,0.125,0.000125,0.0085,u,0.0006608080788126358
fig1a,fd,fixed,main,256,0.125,0.000125,0.0085,v,0.0010072841251254072
fig1a,fd,fixed,main,256,0.125,0.000125,0.009000000000000001,u,0.0006966049063781288
fig1a,fd,fixed,main,256,0.125,0.000125,0.009000000000000001,v,0.0010648935445976004
fig1a,fd,fixed,main,256,0.125,0.000125,0.0095,u,0.0007335026336035
fig1a,fd,fixed,main,256,0.125,0.000125,0.0095,v,0.0011231094580397283
fig1a,fd,fixed,main,256,0.125,0.000125,0.01,u,0.000771642926272964
fig1a,fd,fixed,main,256,0.125,0.000125,0.01,v,0.0011819604362610647
fig1a,fd,fixed,main,256,0.125,0.000125,0.0105,u,0.0008108597510279036
fig1a,fd,fixed,main,256,0.125,0.000125,0.0105,v,0.0012414756567031837
fig1a,fd,fixed,main,256,0.125,0.000125,0.011,u,0.0008511521349121587
fig1a,fd,fixed,main,256,0.125,0.000125,0.011,v,0.0013016849188742796
fig1a,fd,fixed,main,256,0.125,0.000125,0.0115,u,0.0008925192391424641
fig1a,fd,fixed,main,256,0.125,0.000125,0.0115,v,0.0013626186605002477
fig1a,fd,fixed,main,256,0.125,0.000125,0.012,u,0.0009349603610810941
fig1a,fd,fixed,main,256,0.125,0.000125,0.012,v,0.0014243079743918585
fig1a,fd,fixed,main,256,0.125,0.000125,0.0125,u,0.0009784749359178502
fig1a,fd,fixed,main,256,0.125,0.000125,0.0125,v,0.0014867846260551154
fig1a,fd,fixed,main,256,0.125,0.000125,0.013000000000000001,u,0.001023062538020092
fig1a,fd,fixed,main,256,0.125,0.000125,0.013000000000000001,v,0.0015508647507076478
fig1a,fd,fixed,main,256,0.125,0.000125,0.0135,u,0.0010687676986333994
fig1a,fd,fixed,main,256,0.125,0.000125,0.0135,v,0.0016162907741654742
fig1a,fd,fixed,main,256,0.125,0.000125,0.014,u,0.0011156724793328632
fig1a,fd,fixed,main,256,0.125,0.000125,0.014,v,0.00168267888049356
fig1a,fd,fixed,main,256,0.125,0.000125,0.0145,u,0.0011636479718275528
fig1a,fd,fixed,main,256,0.125,0.000125,0.0145,v,0.0017500652875455103
fig1a,fd,fixed,main,256,0.125,0.000125,0.015,u,0.0012126947382289366
fig1a,fd,fixed,main,256,0.125,0.000125,0.015,v,0.0018184870210957715
fig1a,fd,fixed,main,256,0.125,0.000125,0.0155,u,0.0012628135156111941
fig1a,fd,fixed,main,256,0.125,0.000125,0.0155,v,0.0018879819366082184
fig1a,fd,fixed,main,256,0.125,0.000125,0.016,u,0.0013140052165463434
fig1a,fd,fixed,main,256,0.125,0.000125,0.016,v,0.001958588741711731
fig1a,fd,fixed,main,256,0.125,0.000125,0.0165,u,0.0013662709293431607
fig1a,fd,fixed,main,256,0.125,0.000125,0.0165,v,0.0020303470193987483
fig1a,fd,fixed,main,256,0.125,0.000125,0.017,u,0.0014196119179992195
fig1a,fd,fixed,main,256,0.125,0.000125,0.017,v,0.0021032972519452464
fig1a,fd,fixed,main,256,0.125,0.000125,0.0175,u,0.0014756386035728042
fig1a,fd,fixed,main,256,0.125,0.000125,0.0175,v,0.002177480845578117
fig1a,fd,fixed,main,256,0.125,0.000125,0.018000000000000002,u,0.0015328843170490103
fig1a,fd,fixed,main,256,0.125,0.000125,0.018000000000000002,v,0.0022529401558832873
fig1a,fd,fixed,main,256,0.125,0.000125,0.0185,u,0.0015913502613869035
fig1a,fd,fixed,main,256,0.125,0.000125,0.0185,v,0.002329718513981449
fig1a,fd,fixed,main,256,0.125,0.000125,0.019,u,0.0016510425005722418
fig1a,fd,fixed,main,256,0.125,0.000125,0.019,v,0.002407860253468952
fig1a,fd,fixed,main,256,0.125,0.000125,0.0195,u,0.001711994701397046
fig1a,fd,fixed,main,256,0.125,0.000125,0.0195,v,0.002487410738148066
fig1a,fd,fixed,main,256,0.125,0.000125,0.02,u,0.0017744383883553372
fig1a,fd,fixed,main,256,0.125,0.000125,0.02,v,0.0025684163905448365
fig1a,fd,fixed,time_half,256,0.125,6.25e-05,0.0,u,0.00022281626407538724
fig1a,fd,fixed,time_half,256,0.125,6.25e-05,0.0,v,9.611740328341334e-05
fig1a,fd,fixed,time_half,256,0.125,6.25e-05,0.0005,u,0.0002382237506879381
fig1a,fd,fixed,time_half,256,0.125,6.25e-05,0.0005,v,0.00014686680153119802
fig1a,fd,fixed,time_half,256,0.125,6.25e-05,0.001,u,0.00025528758198190005
fig1a,fd,fixed,time_half,256,0.125,6.25e-05,0.001,v,0.0001981976774307892
fig1a,fd,fixed,time_half,256,0.125,6.25e-05,0.0015,u,0.0002735301362262188
fig1a,fd,fixed,time_half,256,0.125,6.25e-05,0.0015,v,0.0002497648571018196
fig1a,fd,fixed,time_half,256,0.125,6.25e-05,0.002,u,0.0002933351527887318
fig1a,fd,fixed,time_half,256,0.125,6.25e-05,0.002,v,0.0003015743791623393
fig1a,fd,fixed,time_half,256,0.125,6.25e-05,0.0025,u,0.00031484534167747213
fig1a,fd,fixed,time_half,256,0.125,6.25e-05,0.0025,v,0.0003536471004244035
fig1a,fd,fixed,time_half,256,0.125,6.25e-05,0.003,u,0.00033746348461938247
fig1a,fd,fixed,time_half,256,0.125,6.25e-05,0.003,v,0.000406004334586596
fig1a,fd,fixed,time_half,256,0.125,6.25e-05,0.0035,u,0.00036118717412292334
fig1a,fd,fixed,time_half,256,0.125,6.25e-05,0.0035,v,0.0004586678575595471
fig1a,fd,fixed,time_half,256,0.125,6.25e-05,0.004,u,0.00038601405366289754
fig1a,fd,fixed,time_half,256,0.125,6.25e-05,0.004,v,0.0005116599134546984
fig1a,fd,fixed,time_half,256,0.125,6.25e-05,0.0045000000000000005,u,0.00041194182355153153
fig1a,fd,fixed,time_half,256,0.125,6.25e-05,0.0045000000000000005,v,0.0005650032212312084
fig1a,fd,fixed,time_half,256,0.125,6.25e-05,0.005,u,0.0004389682465395506
fig1a,fd,fixed,time_half,256,0.125,6.25e-05,0.005,v,0.0006187209820058825
fig1a,fd,fixed,time_half,256,0.125,6.25e-05,0.0055,u,0.0004672943898473836
fig1a,fd,fixed,time_half,256,0.125,6.25e-05,0.0055,v,0.000672836887015249
fig1a,fd,fixed,time_half,256,0.125,6.25e-05,0.006,u,0.0004967721920732249
fig1a,fd,fixed,time_half,256,0.125,6.25e-05,0.006,v,0.000727375126254648
fig1a,fd,fixed,time_half,256,0.125,6.25e-05,0.006500000000000001,u,0.000527462924113431
fig1a,fd,fixed,time_half,256,0.125,6.25e-05,0.006500000000000001,v,0.0007823603977628046
fig1a,fd,fixed,time_half,256,0.125,6.25e-05,0.007,u,0.0005593144197018063
fig1a,fd,fixed,time_half,256,0.125,6.25e-05,0.007,v,0.0008378179175791978
fig1a,fd,fixed,time_half,256,0.125,6.25e-05,0.0075,u,0.0005921586386559152
fig1a,fd,fixed,time_half,256,0.125,6.25e-05,0.0075,v,0.0008937734303731126
fig1a,fd,fixed,time_half,256,0.125,6.25e-05,0.008,u,0.0006259912701698234
fig1a,fd,fixed,time_half,256,0.125,6.25e-05,0.008,v,0.0009502532207317227
fig1a,fd,fixed,time_half,256,0.125,6.25e-05,0.0085,u,0.0006608080788161885
fig1a,fd,fixed,time_half,256,0.125,6.25e-05,0.0085,v,0.0010072841251358433
fig1a,fd,fixed,time_half,256,0.125,6.25e-05,0.009000000000000001,u,0.0006966049063812374
fig1a,fd,fixed,time_half,256,0.125,6.25e-05,0.009000000000000001,v,0.0010648935446087027
fig1a,fd,fixed,time_half,256,0.125,6.25e-05,0.0095,u,0.0007335026336081629
fig1a,fd,fixed,time_half,256,0.125,6.25e-05,0.0095,v,0.0011231094580519407
fig1a,fd,fixed,time_half,256,0.125,6.25e-05,0.01,u,0.000771642926277627
fig1a,fd,fixed,time_half,256,0.125,6.25e-05,0.01,v,0.0011819604362741654
fig1a,fd,fixed,time_half,256,0.125,6.25e-05,0.0105,u,0.0008108597510323445
fig1a,fd,fixed,time_half,256,0.125,6.25e-05,0.0105,v,0.0012414756567173946
fig1a,fd,fixed,time_half,256,0.125,6.25e-05,0.011,u,0.0008511521349163775
fig1a,fd,fixed,time_half,256,0.125,6.25e-05,0.011,v,0.0013016849188900448
fig1a,fd,fixed,time_half,256,0.125,6.25e-05,0.0115,u,0.0008925192391473491
fig1a,fd,fixed,time_half,256,0.125,6.25e-05,0.0115,v,0.001362618660516901
fig1a,fd,fixed,time_half,256,0.125,6.25e-05,0.012,u,0.000934960361085535
fig1a,fd,fixed,time_half,256,0.125,6.25e-05,0.012,v,0.0014243079744098441
fig1a,fd,fixed,time_half,256,0.125,6.25e-05,0.0125,u,0.000978474935921625
fig1a,fd,fixed,time_half,256,0.125,6.25e-05,0.0125,v,0.0014867846260742112
fig1a,fd,fixed,time_half,256,0.125,6.25e-05,0.013000000000000001,u,0.0010230625380240888
fig1a,fd,fixed,time_half,256,0.125,6.25e-05,0.013000000000000001,v,0.0015508647507276319
fig1a,fd,fixed,time_half,256,0.125,6.25e-05,0.0135,u,0.0010687676986385064
fig1a,fd,fixed,time_half,256,0.125,6.25e-05,0.0135,v,0.0016162907741876786
fig1a,fd,fixed,time_half,256,0.125,6.25e-05,0.014,u,0.0011156724793377482
fig1a,fd,fixed,time_half,256,0.125,6.25e-05,0.014,v,0.0016826788805177628
fig1a,fd,fixed,time_half,256,0.125,6.25e-05,0.0145,u,0.0011636479718324377
fig1a,fd,fixed,time_half,256,0.125,6.25e-05,0.0145,v,0.0017500652875717115
fig1a,fd,fixed,time_half,256,0.125,6.25e-05,0.015,u,0.0012126947382335995
fig1a,fd,fixed,time_half,256,0.125,6.25e-05,0.015,v,0.0018184870211237492
fig1a,fd,fixed,time_half,256,0.125,6.25e-05,0.0155,u,0.001262813515615635
fig1a,fd,fixed,time_half,256,0.125,6.25e-05,0.0155,v,0.0018879819366375283
fig1a,fd,fixed,time_half,256,0.125,6.25e-05,0.016,u,0.0013140052165501181
fig1a,fd,fixed,time_half,256,0.125,6.25e-05,0.016,v,0.0019585887417437053
fig1a,fd,fixed,time_half,256,0.125,6.25e-05,0.0165,u,0.0013662709293473796
fig1a,fd,fixed,time_half,256,0.125,6.25e-05,0.0165,v,0.002030347019432055
fig1a,fd,fixed,time_half,256,0.125,6.25e-05,0.017,u,0.0014196119180029942
fig1a,fd,fixed,time_half,256,0.125,6.25e-05,0.017,v,0.0021032972519809956
fig1a,fd,fixed,time_half,256,0.125,6.25e-05,0.0175,u,0.0014756386035803537
fig1a,fd,fixed,time_half,256,0.125,6.25e-05,0.0175,v,0.0021774808456154204
fig1a,fd,fixed,time_half,256,0.125,6.25e-05,0.018000000000000002,u,0.0015328843170565598
fig1a,fd,fixed,time_half,256,0.125,6.25e-05,0.018000000000000002,v,0.0022529401559228113
fig1a,fd,fixed,time_half,256,0.125,6.25e-05,0.0185,u,0.0015913502613937869
fig1a,fd,fixed,time_half,256,0.125,6.25e-05,0.0185,v,0.0023297185140225274
fig1a,fd,fixed,time_half,256,0.125,6.25e-05,0.019,u,0.0016510425005791252
fig1a,fd,fixed,time_half,256,0.125,6.25e-05,0.019,v,0.0024078602535129168
fig1a,fd,fixed,time_half,256,0.125,6.25e-05,0.0195,u,0.0017119947014063719
fig1a,fd,fixed,time_half,256,0.125,6.25e-05,0.0195,v,0.002487410738194251
fig1a,fd,fixed,time_half,256,0.125,6.25e-05,0.02,u,0.001774438388364219
fig1a,fd,fixed,time_half,256,0.125,6.25e-05,0.02,v,0.0025684163905932422
fig1a,fd,moving,main,256,0.125,0.000125,0.0,u,8.728642765354344e-05
fig1a,fd,moving,main,256,0.125,0.000125,0.0,v,7.684358581194761e-05
fig1a,fd,moving,main,256,0.125,0.000125,0.0005,u,0.00010530671072550568
fig1a,fd,moving,main,256,0.125,0.000125,0.0005,v,9.337064306469411e-05
fig1a,fd,moving,main,256,0.125,0.000125,0.001,u,0.00012373809614452114
fig1a,fd,moving,main,256,0.125,0.000125,0.001,v,0.00011905348851626307
fig1a,fd,moving,main,256,0.125,0.000125,0.0015,u,0.0001425818426623593
fig1a,fd,moving,main,256,0.125,0.000125,0.0015,v,0.00015341942574531586
fig1a,fd,moving,main,256,0.125,0.000125,0.002,u,0.00016183934398705802
fig1a,fd,moving,main,256,0.125,0.000125,0.002,v,0.00018813163593311977
fig1a,fd,moving,main,256,0.125,0.000125,0.0025,u,0.00018151213347472606
fig1a,fd,moving,main,256,0.125,0.000125,0.0025,v,0.00022319156093386638
fig1a,fd,moving,main,256,0.125,0.000125,0.003,u,0.00020160188875006924
fig1a,fd,moving,main,256,0.125,0.000125,0.003,v,0.0002583923124113152
fig1a,fd,moving,main,256,0.125,0.000125,0.0035,u,0.00022218449224942205
fig1a,fd,moving,main,256,0.125,0.000125,0.0035,v,0.00029417860420855035
fig1a,fd,moving,main,256,0.125,0.000125,0.004,u,0.00024321375292224445
fig1a,fd,moving,main,256,0.125,0.000125,0.004,v,0.0003301607081258595
fig1a,fd,moving,main,256,0.125,0.000125,0.0045000000000000005,u,0.0002646656852014484
fig1a,fd,moving,main,256,0.125,0.000125,0.0045000000000000005,v,0.00036640117822273055
fig1a,fd,moving,main,256,0.125,0.000125,0.005,u,0.00028654254985260863
fig1a,fd,moving,main,256,0.125,0.000125,0.005,v,0.000403214319349976
fig1a,fd,moving,main,256,0.125,0.000125,0.0055,u,0.00030884677861897636
fig1a,fd,moving,main,256,0.125,0.000125,0.0055,v,0.00044026026327070866
fig1a,fd,moving,main,256,0.125,0.000125,0.006,u,0.000331580978381929
fig1a,fd,moving,main,256,0.125,0.000125,0.006,v,0.0004775884367300698
fig1a,fd,moving,main,256,0.125,0.000125,0.006500000000000001,u,0.00035474793529277626
fig1a,fd,moving,main,256,0.125,0.000125,0.006500000000000001,v,0.0005155553457762974
fig1a,fd,moving,main,256,0.125,0.000125,0.007,u,0.00037835061891566824
fig1a,fd,moving,main,256,0.125,0.000125,0.007,v,0.0005538120319816819
fig1a,fd,moving,main,256,0.125,0.000125,0.0075,u,0.0004023921863443025
fig1a,fd,moving,main,256,0.125,0.000125,0.0075,v,0.0005923747938827439
fig1a,fd,moving,main,256,0.125,0.000125,0.008,u,0.0004268759863206295
fig1a,fd,moving,main,256,0.125,0.000125,0.008,v,0.0006315374219307834
fig1a,fd,moving,main,256,0.125,0.000125,0.0085,u,0.0004518055633773166
fig1a,fd,moving,main,256,0.125,0.000125,0.0085,v,0.0006711576934421704
fig1a,fd,moving,main,256,0.125,0.000125,0.009000000000000001,u,0.0004771846619853193
fig1a,fd,moving,main,256,0.125,0.000125,0.009000000000000001,v,0.0007111460114217483
fig1a,fd,moving,main,256,0.125,0.000125,0.0095,u,0.0005030172307236569
fig1a,fd,moving,main,256,0.125,0.000125,0.0095,v,0.0007515205290216098
fig1a,fd,moving,main,256,0.125,0.000125,0.01,u,0.00052930742648849
fig1a,fd,moving,main,256,0.125,0.000125,0.01,v,0.0007926553783506041
fig1a,fd,moving,main,256,0.125,0.000125,0.0105,u,0.0005560596187381694
fig1a,fd,moving,main,256,0.125,0.000125,0.0105,v,0.0008342329539958726
fig1a,fd,moving,main,256,0.125,0.000125,0.011,u,0.0005832783937713693
fig1a,fd,moving,main,256,0.125,0.000125,0.011,v,0.0008762647092961373
fig1a,fd,moving,main,256,0.125,0.000125,0.0115,u,0.00061096855908227
fig1a,fd,moving,main,256,0.125,0.000125,0.0115,v,0.0009187710337021926
fig1a,fd,moving,main,256,0.125,0.000125,0.012,u,0.0006391351477328389
fig1a,fd,moving,main,256,0.125,0.000125,0.012,v,0.0009620134140306824
fig1a,fd,moving,main,256,0.125,0.000125,0.0125,u,0.0006677834228525636
fig1a,fd,moving,main,256,0.125,0.000125,0.0125,v,0.00100587881019365
fig1a,fd,moving,main,256,0.125,0.000125,0.013000000000000001,u,0.0006969188821290828
fig1a,fd,moving,main,256,0.125,0.000125,0.013000000000000001,v,0.0010502938849208387
fig1a,fd,moving,main,256,0.125,0.000125,0.0135,u,0.0007265472624624625
fig1a,fd,moving,main,256,0.125,0.000125,0.0135,v,0.0010952817057541253
fig1a,fd,moving,main,256,0.125,0.000125,0.014,u,0.0007566745446356826
fig1a,fd,moving,main,256,0.125,0.000125,0.014,v,0.0011408660051253072
fig1a,fd,moving,main,256,0.125,0.000125,0.0145,u,0.0007873069581170178
fig1a,fd,moving,main,256,0.125,0.000125,0.0145,v,0.0011872708822968647
fig1a,fd,moving,main,256,0.125,0.000125,0.015,u,0.0008184791212686449
fig1a,fd,moving,main,256,0.125,0.000125,0.015,v,0.0012344418904544074
fig1a,fd,moving,main,256,0.125,0.000125,0.0155,u,0.0008501970654701818
fig1a,fd,moving,main,256,0.125,0.000125,0.0155,v,0.0012822953886129085
fig1a,fd,moving,main,256,0.125,0.000125,0.016,u,0.00088243941002486
fig1a,fd,moving,main,256,0.125,0.000125,0.016,v,0.0013308584392417444
fig1a,fd,moving,main,256,0.125,0.000125,0.0165,u,0.0009152134527075084
fig1a,fd,moving,main,256,0.125,0.000125,0.0165,v,0.0013801589418502846
fig1a,fd,moving,main,256,0.125,0.000125,0.017,u,0.0009485267671722752
fig1a,fd,moving,main,256,0.125,0.000125,0.017,v,0.0014302256684168846
fig1a,fd,moving,main,256,0.125,0.000125,0.0175,u,0.0009823872083438712
fig1a,fd,moving,main,256,0.125,0.000125,0.0175,v,0.0014811466825355168
fig1a,fd,moving,main,256,0.125,0.000125,0.018000000000000002,u,0.0010168029179351556
fig1a,fd,moving,main,256,0.125,0.000125,0.018000000000000002,v,0.001533126560765652
fig1a,fd,moving,main,256,0.125,0.000125,0.0185,u,0.001051782330112605
fig1a,fd,moving,main,256,0.125,0.000125,0.0185,v,0.0015859752814026962
fig1a,fd,moving,main,256,0.125,0.000125,0.019,u,0.0010873341773398604
fig1a,fd,moving,main,256,0.125,0.000125,0.019,v,0.0016397259304605782
fig1a,fd,moving,main,256,0.125,0.000125,0.0195,u,0.0011234674963462865
fig1a,fd,moving,main,256,0.125,0.000125,0.0195,v,0.0016944126955209526
fig1a,fd,moving,main,256,0.125,0.000125,0.02,u,0.0011601916343113583
fig1a,fd,moving,main,256,0.125,0.000125,0.02,v,0.0017500709144300242
fig1a,fd,moving,time_half,256,0.125,6.25e-05,0.0,u,8.728642765354344e-05
fig1a,fd,moving,time_half,256,0.125,6.25e-05,0.0,v,7.684358581194761e-05
fig1a,fd,moving,time_half,256,0.125,6.25e-05,0.0005,u,0.00010530671072572773
fig1a,fd,moving,time_half,256,0.125,6.25e-05,0.0005,v,9.337064306469411e-05
fig1a,fd,moving,time_half,256,0.125,6.25e-05,0.001,u,0.00012373809614518727
fig1a,fd,moving,time_half,256,0.125,6.25e-05,0.001,v,0.00011905348851604103
fig1a,fd,moving,time_half,256,0.125,6.25e-05,0.0015,u,0.00014258184266324747
fig1a,fd,moving,time_half,256,0.125,6.25e-05,0.0015,v,0.00015341942574575995
fig1a,fd,moving,time_half,256,0.125,6.25e-05,0.002,u,0.00016183934398772415
fig1a,fd,moving,time_half,256,0.125,6.25e-05,0.002,v,0.00018813163593423
fig1a,fd,moving,time_half,256,0.125,6.25e-05,0.0025,u,0.00018151213347561423
fig1a,fd,moving,time_half,256,0.125,6.25e-05,0.0025,v,0.00022319156093519865
fig1a,fd,moving,time_half,256,0.125,6.25e-05,0.003,u,0.00020160188875117946
fig1a,fd,moving,time_half,256,0.125,6.25e-05,0.003,v,0.00025839231241286953
fig1a,fd,moving,time_half,256,0.125,6.25e-05,0.0035,u,0.00022218449225075432
fig1a,fd,moving,time_half,256,0.125,6.25e-05,0.0035,v,0.0002941786042103267
fig1a,fd,moving,time_half,256,0.125,6.25e-05,0.004,u,0.00024321375292379876
fig1a,fd,moving,time_half,256,0.125,6.25e-05,0.004,v,0.0003301607081278579
fig1a,fd,moving,time_half,256,0.125,6.25e-05,0.0045000000000000005,u,0.0002646656852030027
fig1a,fd,moving,time_half,256,0.125,6.25e-05,0.0045000000000000005,v,0.00036640117822517304
fig1a,fd,moving,time_half,256,0.125,6.25e-05,0.005,u,0.00028654254985416294
fig1a,fd,moving,time_half,256,0.125,6.25e-05,0.005,v,0.00040321431935286256
fig1a,fd,moving,time_half,256,0.125,6.25e-05,0.0055,u,0.00030884677862097476
fig1a,fd,moving,time_half,256,0.125,6.25e-05,0.0055,v,0.0004402602632738173
fig1a,fd,moving,time_half,256,0.125,6.25e-05,0.006,u,0.00033158097838370537
fig1a,fd,moving,time_half,256,0.125,6.25e-05,0.006,v,0.0004775884367345107
fig1a,fd,moving,time_half,256,0.125,6.25e-05,0.006500000000000001,u,0.00035474793529521875
fig1a,fd,moving,time_half,256,0.125,6.25e-05,0.006500000000000001,v,0.0005155553457814044
fig1a,fd,moving,time_half,256,0.125,6.25e-05,0.007,u,0.0003783506189185548
fig1a,fd,moving,time_half,256,0.125,6.25e-05,0.007,v,0.0005538120319878992
fig1a,fd,moving,time_half,256,0.125,6.25e-05,0.0075,u,0.0004023921863463009
fig1a,fd,moving,time_half,256,0.125,6.25e-05,0.0075,v,0.0005923747938894053
fig1a,fd,moving,time_half,256,0.125,6.25e-05,0.008,u,0.00042687598632284995
fig1a,fd,moving,time_half,256,0.125,6.25e-05,0.008,v,0.0006315374219381109
fig1a,fd,moving,time_half,256,0.125,6.25e-05,0.0085,u,0.0004518055633799811
fig1a,fd,moving,time_half,256,0.125,6.25e-05,0.0085,v,0.000671157693450608
fig1a,fd,moving,time_half,256,0.125,6.25e-05,0.009000000000000001,u,0.00047718466198820586
fig1a,fd,moving,time_half,256,0.125,6.25e-05,0.009000000000000001,v,0.0007111460114312962
fig1a,fd,moving,time_half,256,0.125,6.25e-05,0.0095,u,0.0005030172307265435
fig1a,fd,moving,time_half,256,0.125,6.25e-05,0.0095,v,0.000751520529032268
fig1a,fd,moving,time_half,256,0.125,6.25e-05,0.01,u,0.0005293074264907105
fig1a,fd,moving,time_half,256,0.125,6.25e-05,0.01,v,0.0007926553783630386
fig1a,fd,moving,time_half,256,0.125,6.25e-05,0.0105,u,0.0005560596187417222
fig1a,fd,moving,time_half,256,0.125,6.25e-05,0.0105,v,0.0008342329540094173
fig1a,fd,moving,time_half,256,0.125,6.25e-05,0.011,u,0.0005832783937755881
fig1a,fd,moving,time_half,256,0.125,6.25e-05,0.011,v,0.0008762647093112363
fig1a,fd,moving,time_half,256,0.125,6.25e-05,0.0115,u,0.0006109685590858227
fig1a,fd,moving,time_half,256,0.125,6.25e-05,0.0115,v,0.0009187710337186239
fig1a,fd,moving,time_half,256,0.125,6.25e-05,0.012,u,0.0006391351477375018
fig1a,fd,moving,time_half,256,0.125,6.25e-05,0.012,v,0.0009620134140488901
fig1a,fd,moving,time_half,256,0.125,6.25e-05,0.0125,u,0.0006677834228550061
fig1a,fd,moving,time_half,256,0.125,6.25e-05,0.0125,v,0.0010058788102143001
fig1a,fd,moving,time_half,256,0.125,6.25e-05,0.013000000000000001,u,0.0006969188821337458
fig1a,fd,moving,time_half,256,0.125,6.25e-05,0.013000000000000001,v,0.0010502938849434873
fig1a,fd,moving,time_half,256,0.125,6.25e-05,0.0135,u,0.0007265472624680136
fig1a,fd,moving,time_half,256,0.125,6.25e-05,0.0135,v,0.0010952817057789943
fig1a,fd,moving,time_half,256,0.125,6.25e-05,0.014,u,0.0007566745446410117
fig1a,fd,moving,time_half,256,0.125,6.25e-05,0.014,v,0.0011408660051523967
fig1a,fd,moving,time_half,256,0.125,6.25e-05,0.0145,u,0.000787306958123013
fig1a,fd,moving,time_half,256,0.125,6.25e-05,0.0145,v,0.0011872708823270628
fig1a,fd,moving,time_half,256,0.125,6.25e-05,0.015,u,0.0008184791212746401
fig1a,fd,moving,time_half,256,0.125,6.25e-05,0.015,v,0.001234441890487492
fig1a,fd,moving,time_half,256,0.125,6.25e-05,0.0155,u,0.0008501970654766211
fig1a,fd,moving,time_half,256,0.125,6.25e-05,0.0155,v,0.0012822953886493238
fig1a,fd,moving,time_half,256,0.125,6.25e-05,0.016,u,0.0008824394100317434
fig1a,fd,moving,time_half,256,0.125,6.25e-05,0.016,v,0.0013308584392810463
fig1a,fd,moving,time_half,256,0.125,6.25e-05,0.0165,u,0.0009152134527148359
fig1a,fd,moving,time_half,256,0.125,6.25e-05,0.0165,v,0.0013801589418929172
fig1a,fd,moving,time_half,256,0.125,6.25e-05,0.017,u,0.0009485267671804909
fig1a,fd,moving,time_half,256,0.125,6.25e-05,0.017,v,0.0014302256684630699
fig1a,fd,moving,time_half,256,0.125,6.25e-05,0.0175,u,0.000982387208352531
fig1a,fd,moving,time_half,256,0.125,6.25e-05,0.0175,v,0.001481146682586365
fig1a,fd,moving,time_half,256,0.125,6.25e-05,0.018000000000000002,u,0.0010168029179431493
fig1a,fd,moving,time_half,256,0.125,6.25e-05,0.018000000000000002,v,0.001533126560820719
fig1a,fd,moving,time_half,256,0.125,6.25e-05,0.0185,u,0.001051782330122819
fig1a,fd,moving,time_half,256,0.125,6.25e-05,0.0185,v,0.0015859752814626482
fig1a,fd,moving,time_half,256,0.125,6.25e-05,0.019,u,0.0010873341773505185
fig1a,fd,moving,time_half,256,0.125,6.25e-05,0.019,v,0.0016397259305260814
fig1a,fd,moving,time_half,256,0.125,6.25e-05,0.0195,u,0.0011234674963565006
fig1a,fd,moving,time_half,256,0.125,6.25e-05,0.0195,v,0.0016944126955913408
fig1a,fd,moving,time_half,256,0.125,6.25e-05,0.02,u,0.0011601916343226826
fig1a,fd,moving,time_half,256,0.125,6.25e-05,0.02,v,0.0017500709145057414
fig1b,structure,fixed,main,256,0.125,0.000125,0.0,u,5.060932537492846e-07
fig1b,structure,fixed,main,256,0.125,0.000125,0.0,v,6.039533679280673e-07
fig1b,structure,fixed,main,256,0.125,0.000125,0.0005,u,7.98062654017162e-07
fig1b,structure,fixed,main,256,0.125,0.000125,0.0005,v,6.182819217714908e-07
fig1b,structure,fixed,main,256,0.125,0.000125,0.001,u,1.0928552490185872e-06
fig1b,structure,fixed,main,256,0.125,0.000125,0.001,v,6.456087813244693e-07
fig1b,structure,fixed,main,256,0.125,0.000125,0.0015,u,1.3966104496221377e-06
fig1b,structure,fixed,main,256,0.125,0.000125,0.0015,v,6.731939420356881e-07
fig1b,structure,fixed,main,256,0.125,0.000125,0.002,u,1.7008555387998392e-06
fig1b,structure,fixed,main,256,0.125,0.000125,0.002,v,7.751487283158554e-07
fig1b,structure,fixed,main,256,0.125,0.000125,0.0025,u,2.0082672955723524e-06
fig1b,structure,fixed,main,256,0.125,0.000125,0.0025,v,9.033198455909996e-07
fig1b,structure,fixed,main,256,0.125,0.000125,0.003,u,2.355251114416479e-06
fig1b,structure,fixed,main,256,0.125,0.000125,0.003,v,1.0337311777686153e-06
fig1b,structure,fixed,main,256,0.125,0.000125,0.0035,u,2.746731817659942e-06
fig1b,structure,fixed,main,256,0.125,0.000125,0.0035,v,1.164582497548139e-06
fig1b,structure,fixed,main,256,0.125,0.000125,0.004,u,3.1382359884091215e-06
fig1b,structure,fixed,main,256,0.125,0.000125,0.004,v,1.2958688319630873e-06
fig1b,structure,fixed,main,256,0.125,0.000125,0.0045000000000000005,u,3.5297519834220914e-06
fig1b,structure,fixed,main,256,0.125,0.000125,0.0045000000000000005,v,1.4294119062840949e-06
fig1b,structure,fixed,main,256,0.125,0.000125,0.005,u,3.9214357028249935e-06
fig1b,structure,fixed,main,256,0.125,0.000125,0.005,v,1.5638779705118289e-06
fig1b,structure,fixed,main,256,0.125,0.000125,0.0055,u,4.313144710665906e-06
fig1b,structure,fixed,main,256,0.125,0.000125,0.0055,v,1.6986380868000417e-06
fig1b,structure,fixed,main,256,0.125,0.000125,0.006,u,4.704817366418812e-06
fig1b,structure,fixed,main,256,0.125,0.000125,0.006,v,1.834690278701423e-06
fig1b,structure,fixed,main,256,0.125,0.000125,0.006500000000000001,u,5.096441547836061e-06
fig1b,structure,fixed,main,256,0.125,0.000125,0.006500000000000001,v,1.971243976162107e-06
fig1b,structure,fixed,main,256,0.125,0.000125,0.007,u,5.488005046072608e-06
fig1b,structure,fixed,main,256,0.125,0.000125,0.007,v,2.1081429919522776e-06
fig1b,structure,fixed,main,256,0.125,0.000125,0.0075,u,5.879495566019077e-06
fig1b,structure,fixed,main,256,0.125,0.000125,0.0075,v,2.2453590654558653e-06
fig1b,structure,fixed,main,256,0.125,0.000125,0.008,u,6.270900727911588e-06
fig1b,structure,fixed,main,256,0.125,0.000125,0.008,v,2.382818955037891e-06
fig1b,structure,fixed,main,256,0.125,0.000125,0.0085,u,6.662208069829756e-06
fig1b,structure,fixed,main,256,0.125,0.000125,0.0085,v,2.5205153444951556e-06
fig1b,structure,fixed,main,256,0.125,0.000125,0.009000000000000001,u,7.053405048307315e-06
fig1b,structure,fixed,main,256,0.125,0.000125,0.009000000000000001,v,2.65844085972633e-06
fig1b,structure,fixed,main,256,0.125,0.000125,0.0095,u,7.44447904077461e-06
fig1b,structure,fixed,main,256,0.125,0.000125,0.0095,v,2.796588069398087e-06
fig1b,structure,fixed,main,256,0.125,0.000125,0.01,u,7.835417345947171e-06
fig1b,structure,fixed,main,256,0.125,0.000125,0.01,v,2.934949485333682e-06
fig1b,structure,fixed,main,256,0.125,0.000125,0.0105,u,8.226207186101675e-06
fig1b,structure,fixed,main,256,0.125,0.000125,0.0105,v,3.0735175625129507e-06
fig1b,structure,fixed,main,256,0.125,0.000125,0.011,u,8.616835709629456e-06
fig1b,structure,fixed,main,256,0.125,0.000125,0.011,v,3.2122846989612874e-06
fig1b,structure,fixed,main,256,0.125,0.000125,0.0115,u,9.007289989204637e-06
fig1b,structure,fixed,main,256,0.125,0.000125,0.0115,v,3.3512432366933353e-06
fig1b,structure,fixed,main,256,0.125,0.000125,0.012,u,9.397557027723824e-06
fig1b,structure,fixed,main,256,0.125,0.000125,0.012,v,3.4903854612688967e-06
fig1b,structure,fixed,main,256,0.125,0.000125,0.0125,u,9.787623757528952e-06
fig1b,structure,fixed,main,256,0.125,0.000125,0.0125,v,3.6297036027921337e-06
fig1b,structure,fixed,main,256,0.125,0.000125,0.013000000000000001,u,1.0177477041684035e-05
fig1b,structure,fixed,main,256,0.125,0.000125,0.013000000000000001,v,3.7691898356340126e-06
fig1b,structure,fixed,main,256,0.125,0.000125,0.0135,u,1.0567103676251133e-05
fig1b,structure,fixed,main,256,0.125,0.000125,0.0135,v,3.9088362786543485e-06
fig1b,structure,fixed,main,256,0.125,0.000125,0.014,u,1.0956490392566298e-05
fig1b,structure,fixed,main,256,0.125,0.000125,0.014,v,4.048634996589584e-06
fig1b,structure,fixed,main,256,0.125,0.000125,0.0145,u,1.1345623857683673e-05
fig1b,structure,fixed,main,256,0.125,0.000125,0.0145,v,4.188577997943366e-06
fig1b,structure,fixed,main,256,0.125,0.000125,0.015,u,1.173449067648491e-05
fig1b,structure,fixed,main,256,0.125,0.000125,0.015,v,4.328657238317213e-06
fig1b,structure,fixed,main,256,0.125,0.000125,0.0155,u,1.2123077393344506e-05
fig1b,structure,fixed,main,256,0.125,0.000125,0.0155,v,4.468864618800694e-06
fig1b,structure,fixed,main,256,0.125,0.000125,0.016,u,1.2511370493628604e-05
fig1b,structure,fixed,main,256,0.125,0.000125,0.016,v,4.609191986582051e-06
fig1b,structure,fixed,main,256,0.125,0.000125,0.0165,u,1.2899356405693396e-05
fig1b,structure,fixed,main,256,0.125,0.000125,0.0165,v,4.749631135669841e-06
fig1b,structure,fixed,main,256,0.125,0.000125,0.017,u,1.3287021502383922e-05
fig1b,structure,fixed,main,256,0.125,0.000125,0.017,v,4.89017380694845e-06
fig1b,structure,fixed,main,256,0.125,0.000125,0.0175,u,1.3674352102255316e-05
fig1b,structure,fixed,main,256,0.125,0.000125,0.0175,v,5.030811688566672e-06
fig1b,structure,fixed,main,256,0.125,0.000125,0.018000000000000002,u,1.4061334471071607e-05
fig1b,structure,fixed,main,256,0.125,0.000125,0.018000000000000002,v,5.1715364167703726e-06
fig1b,structure,fixed,main,256,0.125,0.000125,0.0185,u,1.4447954825080878e-05
fig1b,structure,fixed,main,256,0.125,0.000125,0.0185,v,5.312339575236358e-06
fig1b,structure,fixed,main,256,0.125,0.000125,0.019,u,1.4834199330515663e-05
fig1b,structure,fixed,main,256,0.125,0.000125,0.019,v,5.4532126965156635e-06
fig1b,structure,fixed,main,256,0.125,0.000125,0.0195,u,1.5220054107201175e-05
fig1b,structure,fixed,main,256,0.125,0.000125,0.0195,v,5.594147261811511e-06
fig1b,structure,fixed,main,256,0.125,0.000125,0.02,u,1.5605505228610816e-05
fig1b,structure,fixed,main,256,0.125,0.000125,0.02,v,5.735134702089528e-06
fig1b,structure,fixed,time_half,256,0.125,6.25e-05,0.0,u,5.060932537492846e-07
fig1b,structure,fixed,time_half,256,0.125,6.25e-05,0.0,v,6.039533679280673e-07
fig1b,structure,fixed,time_half,256,0.125,6.25e-05,0.0005,u,7.980626540726732e-07
fig1b,structure,fixed,time_half,256,0.125,6.25e-05,0.0005,v,6.182819216604685e-07
fig1b,structure,fixed,time_half,256,0.125,6.25e-05,0.001,u,1.0928552490185872e-06
fig1b,structure,fixed,time_half,256,0.125,6.25e-05,0.001,v,6.456087812689582e-07
fig1b,structure,fixed,time_half,256,0.125,6.25e-05,0.0015,u,1.3966104496776488e-06
fig1b,structure,fixed,time_half,256,0.125,6.25e-05,0.0015,v,6.731939421467104e-07
fig1b,structure,fixed,time_half,256,0.125,6.25e-05,0.002,u,1.7008555387998392e-06
fig1b,structure,fixed,time_half,256,0.125,6.25e-05,0.002,v,7.751487281493219e-07
fig1b,structure,fixed,time_half,256,0.125,6.25e-05,0.0025,u,2.0082672956833747e-06
fig1b,structure,fixed,time_half,256,0.125,6.25e-05,0.0025,v,9.033198456465108e-07
fig1b,structure,fixed,time_half,256,0.125,6.25e-05,0.003,u,2.355251114416479e-06
fig1b,structure,fixed,time_half,256,0.125,6.25e-05,0.003,v,1.0337311777686153e-06
fig1b,structure,fixed,time_half,256,0.125,6.25e-05,0.0035,u,2.746731817659942e-06
fig1b,structure,fixed,time_half,256,0.125,6.25e-05,0.0035,v,1.1645824977701835e-06
fig1b,structure,fixed,time_half,256,0.125,6.25e-05,0.004,u,3.1382359884091215e-06
fig1b,structure,fixed,time_half,256,0.125,6.25e-05,0.004,v,1.2958688317965539e-06
fig1b,structure,fixed,time_half,256,0.125,6.25e-05,0.0045000000000000005,u,3.5297519834220914e-06
fig1b,structure,fixed,time_half,256,0.125,6.25e-05,0.0045000000000000005,v,1.4294119061730726e-06
fig1b,structure,fixed,time_half,256,0.125,6.25e-05,0.005,u,3.921435702880505e-06
fig1b,structure,fixed,time_half,256,0.125,6.25e-05,0.005,v,1.5638779705118289e-06
fig1b,structure,fixed,time_half,256,0.125,6.25e-05,0.0055,u,4.313144710721417e-06
fig1b,structure,fixed,time_half,256,0.125,6.25e-05,0.0055,v,1.6986380868000417e-06
fig1b,structure,fixed,time_half,256,0.125,6.25e-05,0.006,u,4.704817366418812e-06
fig1b,structure,fixed,time_half,256,0.125,6.25e-05,0.006,v,1.8346902784793784e-06
fig1b,structure,fixed,time_half,256,0.125,6.25e-05,0.006500000000000001,u,5.0964415478915726e-06
fig1b,structure,fixed,time_half,256,0.125,6.25e-05,0.006500000000000001,v,1.9712439758845512e-06
fig1b,structure,fixed,time_half,256,0.125,6.25e-05,0.007,u,5.488005046128119e-06
fig1b,structure,fixed,time_half,256,0.125,6.25e-05,0.007,v,2.1081429916192107e-06
fig1b,structure,fixed,time_half,256,0.125,6.25e-05,0.0075,u,5.879495566019077e-06
fig1b,structure,fixed,time_half,256,0.125,6.25e-05,0.0075,v,2.2453590651227984e-06
fig1b,structure,fixed,time_half,256,0.125,6.25e-05,0.008,u,6.270900727911588e-06
fig1b,structure,fixed,time_half,256,0.125,6.25e-05,0.008,v,2.382818954760335e-06
fig1b,structure,fixed,time_half,256,0.125,6.25e-05,0.0085,u,6.662208069885267e-06
fig1b,structure,fixed,time_half,256,0.125,6.25e-05,0.0085,v,2.5205153441620887e-06
fig1b,structure,fixed,time_half,256,0.125,6.25e-05,0.009000000000000001,u,7.053405048362826e-06
fig1b,structure,fixed,time_half,256,0.125,6.25e-05,0.009000000000000001,v,2.6584408595042852e-06
fig1b,structure,fixed,time_half,256,0.125,6.25e-05,0.0095,u,7.44447904077461e-06
fig1b,structure,fixed,time_half,256,0.125,6.25e-05,0.0095,v,2.7965880692315537e-06
fig1b,structure,fixed,time_half,256,0.125,6.25e-05,0.01,u,7.835417346002682e-06
fig1b,structure,fixed,time_half,256,0.125,6.25e-05,0.01,v,2.9349494851671487e-06
fig1b,structure,fixed,time_half,256,0.125,6.25e-05,0.0105,u,8.226207186212697e-06
fig1b,structure,fixed,time_half,256,0.125,6.25e-05,0.0105,v,3.0735175624574396e-06
fig1b,structure,fixed,time_half,256,0.125,6.25e-05,0.011,u,8.616835709629456e-06
fig1b,structure,fixed,time_half,256,0.125,6.25e-05,0.011,v,3.2122846989612874e-06
fig1b,structure,fixed,time_half,256,0.125,6.25e-05,0.0115,u,9.007289989260148e-06
fig1b,structure,fixed,time_half,256,0.125,6.25e-05,0.0115,v,3.3512432366933353e-06
fig1b,structure,fixed,time_half,256,0.125,6.25e-05,0.012,u,9.397557027834846e-06
fig1b,structure,fixed,time_half,256,0.125,6.25e-05,0.012,v,3.4903854612133856e-06
fig1b,structure,fixed,time_half,256,0.125,6.25e-05,0.0125,u,9.787623757528952e-06
fig1b,structure,fixed,time_half,256,0.125,6.25e-05,0.0125,v,3.6297036026256e-06
fig1b,structure,fixed,time_half,256,0.125,6.25e-05,0.013000000000000001,u,1.0177477041684035e-05
fig1b,structure,fixed,time_half,256,0.125,6.25e-05,0.013000000000000001,v,3.7691898355785014e-06
fig1b,structure,fixed,time_half,256,0.125,6.25e-05,0.0135,u,1.0567103676251133e-05
fig1b,structure,fixed,time_half,256,0.125,6.25e-05,0.0135,v,3.908836278543326e-06
fig1b,structure,fixed,time_half,256,0.125,6.25e-05,0.014,u,1.0956490392566298e-05
fig1b,structure,fixed,time_half,256,0.125,6.25e-05,0.014,v,4.048634996423051e-06
fig1b,structure,fixed,time_half,256,0.125,6.25e-05,0.0145,u,1.1345623857739184e-05
fig1b,structure,fixed,time_half,256,0.125,6.25e-05,0.0145,v,4.188577997776832e-06
fig1b,structure,fixed,time_half,256,0.125,6.25e-05,0.015,u,1.173449067648491e-05
fig1b,structure,fixed,time_half,256,0.125,6.25e-05,0.015,v,4.328657238150679e-06
fig1b,structure,fixed,time_half,256,0.125,6.25e-05,0.0155,u,1.2123077393344506e-05
fig1b,structure,fixed,time_half,256,0.125,6.25e-05,0.0155,v,4.468864618634161e-06
fig1b,structure,fixed,time_half,256,0.125,6.25e-05,0.016,u,1.2511370493628604e-05
fig1b,structure,fixed,time_half,256,0.125,6.25e-05,0.016,v,4.6091919864710285e-06
fig1b,structure,fixed,time_half,256,0.125,6.25e-05,0.0165,u,1.2899356405748907e-05
fig1b,structure,fixed,time_half,256,0.125,6.25e-05,0.0165,v,4.749631135392285e-06
fig1b,structure,fixed,time_half,256,0.125,6.25e-05,0.017,u,1.3287021502439433e-05
fig1b,structure,fixed,time_half,256,0.125,6.25e-05,0.017,v,4.890173806781917e-06
fig1b,structure,fixed,time_half,256,0.125,6.25e-05,0.0175,u,1.3674352102310827e-05
fig1b,structure,fixed,time_half,256,0.125,6.25e-05,0.0175,v,5.030811688511161e-06
fig1b,structure,fixed,time_half,256,0.125,6.25e-05,0.018000000000000002,u,1.4061334471127118e-05
fig1b,structure,fixed,time_half,256,0.125,6.25e-05,0.018000000000000002,v,5.17153641665935e-06
fig1b,structure,fixed,time_half,256,0.125,6.25e-05,0.0185,u,1.4447954825136389e-05
fig1b,structure,fixed,time_half,256,0.125,6.25e-05,0.0185,v,5.312339575014313e-06
fig1b,structure,fixed,time_half,256,0.125,6.25e-05,0.019,u,1.4834199330571174e-05
fig1b,structure,fixed,time_half,256,0.125,6.25e-05,0.019,v,5.453212696238108e-06
fig1b,structure,fixed,time_half,256,0.125,6.25e-05,0.0195,u,1.5220054107201175e-05
fig1b,structure,fixed,time_half,256,0.125,6.25e-05,0.0195,v,5.5941472617559995e-06
fig1b,structure,fixed,time_half,256,0.125,6.25e-05,0.02,u,1.5605505228610816e-05
fig1b,structure,fixed,time_half,256,0.125,6.25e-05,0.02,v,5.735134701922995e-06
fig1b,structure,moving,main,256,0.125,0.000125,0.0,u,3.7005698516612284e-07
fig1b,structure,moving,main,256,0.125,0.000125,0.0,v,4.418252517179866e-07
fig1b,structure,moving,main,256,0.125,0.000125,0.0005,u,6.435557680095627e-07
fig1b,structure,moving,main,256,0.125,0.000125,0.0005,v,4.816538290430827e-07
fig1b,structure,moving,main,256,0.125,0.000125,0.001,u,9.757119954767468e-07
fig1b,structure,moving,main,256,0.125,0.000125,0.001,v,5.276827997890976e-07
fig1b,structure,moving,main,256,0.125,0.000125,0.0015,u,1.341272054034004e-06
fig1b,structure,moving,main,256,0.125,0.000125,0.0015,v,6.014105962681704e-07
fig1b,structure,moving,main,256,0.125,0.000125,0.002,u,1.7349158599744285e-06
fig1b,structure,moving,main,256,0.125,0.000125,0.002,v,7.333315102386884e-07
fig1b,structure,moving,main,256,0.125,0.000125,0.0025,u,2.1419656326959746e-06
fig1b,structure,moving,main,256,0.125,0.000125,0.0025,v,8.74824496066573e-07
fig1b,structure,moving,main,256,0.125,0.000125,0.003,u,2.5572780490423774e-06
fig1b,structure,moving,main,256,0.125,0.000125,0.003,v,1.0220247874670463e-06
fig1b,structure,moving,main,256,0.125,0.000125,0.0035,u,2.9728252438632197e-06
fig1b,structure,moving,main,256,0.125,0.000125,0.0035,v,1.170366701885861e-06
fig1b,structure,moving,main,256,0.125,0.000125,0.004,u,3.3889636297246284e-06
fig1b,structure,moving,main,256,0.125,0.000125,0.004,v,1.3190121362360863e-06
fig1b,structure,moving,main,256,0.125,0.000125,0.0045000000000000005,u,3.8098640807726625e-06
fig1b,structure,moving,main,256,0.125,0.000125,0.0045000000000000005,v,1.4679525437988339e-06
fig1b,structure,moving,main,256,0.125,0.000125,0.005,u,4.230677628114243e-06
fig1b,structure,moving,main,256,0.125,0.000125,0.005,v,1.6171793330577167e-06
fig1b,structure,moving,main,256,0.125,0.000125,0.0055,u,4.651164147440046e-06
fig1b,structure,moving,main,256,0.125,0.000125,0.0055,v,1.7666838692531606e-06
fig1b,structure,moving,main,256,0.125,0.000125,0.006,u,5.071308738224811e-06
fig1b,structure,moving,main,256,0.125,0.000125,0.006,v,1.9164574753260943e-06
fig1b,structure,moving,main,256,0.125,0.000125,0.006500000000000001,u,5.491096495058301e-06
fig1b,structure,moving,main,256,0.125,0.000125,0.006500000000000001,v,2.066491430696704e-06
fig1b,structure,moving,main,256,0.125,0.000125,0.007,u,5.9105896698108396e-06
fig1b,structure,moving,main,256,0.125,0.000125,0.007,v,2.2167769725967013e-06
fig1b,structure,moving,main,256,0.125,0.000125,0.0075,u,6.3297539554252324e-06
fig1b,structure,moving,main,256,0.125,0.000125,0.0075,v,2.3673052965689223e-06
fig1b,structure,moving,main,256,0.125,0.000125,0.008,u,6.748535979761439e-06
fig1b,structure,moving,main,256,0.125,0.000125,0.008,v,2.518067555967729e-06
fig1b,structure,moving,main,256,0.125,0.000125,0.0085,u,7.166920953260991e-06
fig1b,structure,moving,main,256,0.125,0.000125,0.0085,v,2.669054863790876e-06
fig1b,structure,moving,main,256,0.125,0.000125,0.009000000000000001,u,7.5848940881972915e-06
fig1b,structure,moving,main,256,0.125,0.000125,0.009000000000000001,v,2.8202582911807106e-06
fig1b,structure,moving,main,256,0.125,0.000125,0.0095,u,8.002440598453564e-06
fig1b,structure,moving,main,256,0.125,0.000125,0.0095,v,2.9716688701442173e-06
fig1b,structure,moving,main,256,0.125,0.000125,0.01,u,8.41954570207637e-06
fig1b,structure,moving,main,256,0.125,0.000125,0.01,v,3.1232775912215516e-06
fig1b,structure,moving,main,256,0.125,0.000125,0.0105,u,8.836280662227747e-06
fig1b,structure,moving,main,256,0.125,0.000125,0.0105,v,3.2750754067611965e-06
fig1b,structure,moving,main,256,0.125,0.000125,0.011,u,9.252680868376828e-06
fig1b,structure,moving,main,256,0.125,0.000125,0.011,v,3.4270532285884947e-06
fig1b,structure,moving,main,256,0.125,0.000125,0.0115,u,9.668614216196136e-06
fig1b,structure,moving,main,256,0.125,0.000125,0.0115,v,3.579201930670184e-06
fig1b,structure,moving,main,256,0.125,0.000125,0.012,u,1.0084066049742546e-05
fig1b,structure,moving,main,256,0.125,0.000125,0.012,v,3.7315123485037738e-06
fig1b,structure,moving,main,256,0.125,0.000125,0.0125,u,1.049902172117756e-05
fig1b,structure,moving,main,256,0.125,0.000125,0.0125,v,3.883975278395901e-06
fig1b,structure,moving,main,256,0.125,0.000125,0.013000000000000001,u,1.0916404004523983e-05
fig1b,structure,moving,main,256,0.125,0.000125,0.013000000000000001,v,4.0365814805709554e-06
fig1b,structure,moving,main,256,0.125,0.000125,0.0135,u,1.1334996236955774e-05
fig1b,structure,moving,main,256,0.125,0.000125,0.0135,v,4.189321677505742e-06
fig1b,structure,moving,main,256,0.125,0.000125,0.014,u,1.175346157517021e-05
fig1b,structure,moving,main,256,0.125,0.000125,0.014,v,4.34218655426255e-06
fig1b,structure,moving,main,256,0.125,0.000125,0.0145,u,1.2171742034772226e-05
fig1b,structure,moving,main,256,0.125,0.000125,0.0145,v,4.495166760876135e-06
fig1b,structure,moving,main,256,0.125,0.000125,0.015,u,1.2589822782349547e-05
fig1b,structure,moving,main,256,0.125,0.000125,0.015,v,4.648252910577355e-06
fig1b,structure,moving,main,256,0.125,0.000125,0.0155,u,1.300769106243882e-05
fig1b,structure,moving,main,256,0.125,0.000125,0.0155,v,4.8014355812919796e-06
fig1b,structure,moving,main,256,0.125,0.000125,0.016,u,1.342538206011712e-05
fig1b,structure,moving,main,256,0.125,0.000125,0.016,v,4.954705315973751e-06
fig1b,structure,moving,main,256,0.125,0.000125,0.0165,u,1.3842849927392376e-05
fig1b,structure,moving,main,256,0.125,0.000125,0.0165,v,5.1080526233260315e-06
fig1b,structure,moving,main,256,0.125,0.000125,0.017,u,1.4260079914285573e-05
fig1b,structure,moving,main,256,0.125,0.000125,0.017,v,5.26146797763527e-06
fig1b,structure,moving,main,256,0.125,0.000125,0.0175,u,1.467705725322066e-05
fig1b,structure,moving,main,256,0.125,0.000125,0.0175,v,5.4151297430582446e-06
fig1b,structure,moving,main,256,0.125,0.000125,0.018000000000000002,u,1.5093767160467841e-05
fig1b,structure,moving,main,256,0.125,0.000125,0.018000000000000002,v,5.5688489024041665e-06
fig1b,structure,moving,main,256,0.125,0.000125,0.0185,u,1.5510194837031754e-05
fig1b,structure,moving,main,256,0.125,0.000125,0.0185,v,5.722615425030053e-06
fig1b,structure,moving,main,256,0.125,0.000125,0.019,u,1.5926325469262093e-05
fig1b,structure,moving,main,256,0.125,0.000125,0.019,v,5.8764196818050785e-06
fig1b,structure,moving,main,256,0.125,0.000125,0.0195,u,1.634214423107405e-05
fig1b,structure,moving,main,256,0.125,0.000125,0.0195,v,6.030252012623194e-06
fig1b,structure,moving,main,256,0.125,0.000125,0.02,u,1.675763628439242e-05
fig1b,structure,moving,main,256,0.125,0.000125,0.02,v,6.184102727013752e-06
fig1b,structure,moving,time_half,256,0.125,6.25e-05,0.0,u,3.7005698516612284e-07
fig1b,structure,moving,time_half,256,0.125,6.25e-05,0.0,v,4.418252517179866e-07
fig1b,structure,moving,time_half,256,0.125,6.25e-05,0.0005,u,6.435557680650739e-07
fig1b,structure,moving,time_half,256,0.125,6.25e-05,0.0005,v,4.816538290985939e-07
fig1b,structure,moving,time_half,256,0.125,6.25e-05,0.001,u,9.757119954767468e-07
fig1b,structure,moving,time_half,256,0.125,6.25e-05,0.001,v,5.276827998446088e-07
fig1b,structure,moving,time_half,256,0.125,6.25e-05,0.0015,u,1.3412720540895151e-06
fig1b,structure,moving,time_half,256,0.125,6.25e-05,0.0015,v,6.014105962126592e-07
fig1b,structure,moving,time_half,256,0.125,6.25e-05,0.002,u,1.7349158600299397e-06
fig1b,structure,moving,time_half,256,0.125,6.25e-05,0.002,v,7.333315100721549e-07
fig1b,structure,moving,time_half,256,0.125,6.25e-05,0.0025,u,2.141965632806997e-06
fig1b,structure,moving,time_half,256,0.125,6.25e-05,0.0025,v,8.748244959000395e-07
fig1b,structure,moving,time_half,256,0.125,6.25e-05,0.003,u,2.5572780490423774e-06
fig1b,structure,moving,time_half,256,0.125,6.25e-05,0.003,v,1.022024787356024e-06
fig1b,structure,moving,time_half,256,0.125,6.25e-05,0.0035,u,2.972825243918731e-06
fig1b,structure,moving,time_half,256,0.125,6.25e-05,0.0035,v,1.1703667017193276e-06
fig1b,structure,moving,time_half,256,0.125,6.25e-05,0.004,u,3.388963629891162e-06
fig1b,structure,moving,time_half,256,0.125,6.25e-05,0.004,v,1.319012136125064e-06
fig1b,structure,moving,time_half,256,0.125,6.25e-05,0.0045000000000000005,u,3.8098640808281736e-06
fig1b,structure,moving,time_half,256,0.125,6.25e-05,0.0045000000000000005,v,1.4679525435767893e-06
fig1b,structure,moving,time_half,256,0.125,6.25e-05,0.005,u,4.2306776281697545e-06
fig1b,structure,moving,time_half,256,0.125,6.25e-05,0.005,v,1.617179332780161e-06
fig1b,structure,moving,time_half,256,0.125,6.25e-05,0.0055,u,4.651164147551068e-06
fig1b,structure,moving,time_half,256,0.125,6.25e-05,0.0055,v,1.766683869031116e-06
fig1b,structure,moving,time_half,256,0.125,6.25e-05,0.006,u,5.071308738280322e-06
fig1b,structure,moving,time_half,256,0.125,6.25e-05,0.006,v,1.9164574751040497e-06
fig1b,structure,moving,time_half,256,0.125,6.25e-05,0.006500000000000001,u,5.491096495113812e-06
fig1b,structure,moving,time_half,256,0.125,6.25e-05,0.006500000000000001,v,2.0664914303636372e-06
fig1b,structure,moving,time_half,256,0.125,6.25e-05,0.007,u,5.910589669866351e-06
fig1b,structure,moving,time_half,256,0.125,6.25e-05,0.007,v,2.2167769723191455e-06
fig1b,structure,moving,time_half,256,0.125,6.25e-05,0.0075,u,6.329753955480744e-06
fig1b,structure,moving,time_half,256,0.125,6.25e-05,0.0075,v,2.367305296013811e-06
fig1b,structure,moving,time_half,256,0.125,6.25e-05,0.008,u,6.748535979872461e-06
fig1b,structure,moving,time_half,256,0.125,6.25e-05,0.008,v,2.518067555579151e-06
fig1b,structure,moving,time_half,256,0.125,6.25e-05,0.0085,u,7.166920953316502e-06
fig1b,structure,moving,time_half,256,0.125,6.25e-05,0.0085,v,2.669054863291276e-06
fig1b,structure,moving,time_half,256,0.125,6.25e-05,0.009000000000000001,u,7.584894088252803e-06
fig1b,structure,moving,time_half,256,0.125,6.25e-05,0.009000000000000001,v,2.8202582907366214e-06
fig1b,structure,moving,time_half,256,0.125,6.25e-05,0.0095,u,8.002440598564586e-06
fig1b,structure,moving,time_half,256,0.125,6.25e-05,0.0095,v,2.9716688695335947e-06
fig1b,structure,moving,time_half,256,0.125,6.25e-05,0.01,u,8.419545702187392e-06
fig1b,structure,moving,time_half,256,0.125,6.25e-05,0.01,v,3.12327759066644e-06
fig1b,structure,moving,time_half,256,0.125,6.25e-05,0.0105,u,8.836280662338769e-06
fig1b,structure,moving,time_half,256,0.125,6.25e-05,0.0105,v,3.275075406261596e-06
fig1b,structure,moving,time_half,256,0.125,6.25e-05,0.011,u,9.252680868543361e-06
fig1b,structure,moving,time_half,256,0.125,6.25e-05,0.011,v,3.4270532281444055e-06
fig1b,structure,moving,time_half,256,0.125,6.25e-05,0.0115,u,9.668614216196136e-06
fig1b,structure,moving,time_half,256,0.125,6.25e-05,0.0115,v,3.5792019302260947e-06
fig1b,structure,moving,time_half,256,0.125,6.25e-05,0.012,u,1.0084066049798057e-05
fig1b,structure,moving,time_half,256,0.125,6.25e-05,0.012,v,3.73151234783764e-06
fig1b,structure,moving,time_half,256,0.125,6.25e-05,0.0125,u,1.049902172123307e-05
fig1b,structure,moving,time_half,256,0.125,6.25e-05,0.0125,v,3.883975277785279e-06
fig1b,structure,moving,time_half,256,0.125,6.25e-05,0.013000000000000001,u,1.0916404004690516e-05
fig1b,structure,moving,time_half,256,0.125,6.25e-05,0.013000000000000001,v,4.036581480182377e-06
fig1b,structure,moving,time_half,256,0.125,6.25e-05,0.0135,u,1.1334996237177819e-05
fig1b,structure,moving,time_half,256,0.125,6.25e-05,0.0135,v,4.189321676839608e-06
fig1b,structure,moving,time_half,256,0.125,6.25e-05,0.014,u,1.1753461575336743e-05
fig1b,structure,moving,time_half,256,0.125,6.25e-05,0.014,v,4.342186553818461e-06
fig1b,structure,moving,time_half,256,0.125,6.25e-05,0.0145,u,1.217174203493876e-05
fig1b,structure,moving,time_half,256,0.125,6.25e-05,0.0145,v,4.495166760321023e-06
fig1b,structure,moving,time_half,256,0.125,6.25e-05,0.015,u,1.2589822782571591e-05
fig1b,structure,moving,time_half,256,0.125,6.25e-05,0.015,v,4.648252910022244e-06
fig1b,structure,moving,time_half,256,0.125,6.25e-05,0.0155,u,1.3007691062660864e-05
fig1b,structure,moving,time_half,256,0.125,6.25e-05,0.0155,v,4.80143558084789e-06
fig1b,structure,moving,time_half,256,0.125,6.25e-05,0.016,u,1.3425382060339164e-05
fig1b,structure,moving,time_half,256,0.125,6.25e-05,0.016,v,4.954705315585173e-06
fig1b,structure,moving,time_half,256,0.125,6.25e-05,0.0165,u,1.384284992761442e-05
fig1b,structure,moving,time_half,256,0.125,6.25e-05,0.0165,v,5.108052622881942e-06
fig1b,structure,moving,time_half,256,0.125,6.25e-05,0.017,u,1.4260079914563129e-05
fig1b,structure,moving,time_half,256,0.125,6.25e-05,0.017,v,5.261467976913625e-06
fig1b,structure,moving,time_half,256,0.125,6.25e-05,0.0175,u,1.4677057253498216e-05
fig1b,structure,moving,time_half,256,0.125,6.25e-05,0.0175,v,5.4151297422810885e-06
fig1b,structure,moving,time_half,256,0.125,6.25e-05,0.018000000000000002,u,1.5093767160745397e-05
fig1b,structure,moving,time_half,256,0.125,6.25e-05,0.018000000000000002,v,5.5688489016825216e-06
fig1b,structure,moving,time_half,256,0.125,6.25e-05,0.0185,u,1.551019483730931e-05
fig1b,structure,moving,time_half,256,0.125,6.25e-05,0.0185,v,5.722615424197386e-06
fig1b,structure,moving,time_half,256,0.125,6.25e-05,0.019,u,1.592632546953965e-05
fig1b,structure,moving,time_half,256,0.125,6.25e-05,0.019,v,5.876419681138945e-06
fig1b,structure,moving,time_half,256,0.125,6.25e-05,0.0195,u,1.6342144231351607e-05
fig1b,structure,moving,time_half,256,0.125,6.25e-05,0.0195,v,6.030252011846038e-06
fig1b,structure,moving,time_half,256,0.125,6.25e-05,0.02,u,1.6757636284725486e-05
fig1b,structure,moving,time_half,256,0.125,6.25e-05,0.02,v,6.184102726181084e-06
fig1b,fd,fixed,main,256,0.125,0.000125,0.0,u,5.060932537492846e-07
fig1b,fd,fixed,main,256,0.125,0.000125,0.0,v,6.039533679280673e-07
fig1b,fd,fixed,main,256,0.125,0.000125,0.0005,u,5.041328605126516e-07
fig1b,fd,fixed,main,256,0.125,0.000125,0.0005,v,6.10042608539807e-07
fig1b,fd,fixed,main,256,0.125,0.000125,0.001,u,5.044483296079427e-07
fig1b,fd,fixed,main,256,0.125,0.000125,0.001,v,6.276148642458956e-07
fig1b,fd,fixed,main,256,0.125,0.000125,0.0015,u,6.863081071784016e-07
fig1b,fd,fixed,main,256,0.125,0.000125,0.0015,v,6.540959663348112e-07
fig1b,fd,fixed,main,256,0.125,0.000125,0.002,u,9.065698456378612e-07
fig1b,fd,fixed,main,256,0.125,0.000125,0.002,v,6.886791132365566e-07
fig1b,fd,fixed,main,256,0.125,0.000125,0.0025,u,1.1309856266517038e-06
fig1b,fd,fixed,main,256,0.125,0.000125,0.0025,v,7.278363187146475e-07
fig1b,fd,fixed,main,256,0.125,0.000125,0.003,u,1.355389963708653e-06
fig1b,fd,fixed,main,256,0.125,0.000125,0.003,v,7.712025607564676e-07
fig1b,fd,fixed,main,256,0.125,0.000125,0.0035,u,1.5797662099581444e-06
fig1b,fd,fixed,main,256,0.125,0.000125,0.0035,v,8.177323143065962e-07
fig1b,fd,fixed,main,256,0.125,0.000125,0.004,u,1.8040977897704202e-06
fig1b,fd,fixed,main,256,0.125,0.000125,0.004,v,8.664117102652469e-07
fig1b,fd,fixed,main,256,0.125,0.000125,0.0045000000000000005,u,2.0283681982924406e-06
fig1b,fd,fixed,main,256,0.125,0.000125,0.0045000000000000005,v,9.161880361041597e-07
fig1b,fd,fixed,main,256,0.125,0.000125,0.005,u,2.25256100705451e-06
fig1b,fd,fixed,main,256,0.125,0.000125,0.005,v,9.68075123508605e-07
fig1b,fd,fixed,main,256,0.125,0.000125,0.0055,u,2.476659861694319e-06
fig1b,fd,fixed,main,256,0.125,0.000125,0.0055,v,1.0224967643135408e-06
fig1b,fd,fixed,main,256,0.125,0.000125,0.006,u,2.7006484845104595e-06
fig1b,fd,fixed,main,256,0.125,0.000125,0.006,v,1.0776451643268459e-06
fig1b,fd,fixed,main,256,0.125,0.000125,0.006500000000000001,u,2.9245106753506e-06
fig1b,fd,fixed,main,256,0.125,0.000125,0.006500000000000001,v,1.1334016427055893e-06
fig1b,fd,fixed,main,256,0.125,0.000125,0.007,u,3.148230313665401e-06
fig1b,fd,fixed,main,256,0.125,0.000125,0.007,v,1.1897583713227355e-06
fig1b,fd,fixed,main,256,0.125,0.000125,0.0075,u,3.3717913585085135e-06
fig1b,fd,fixed,main,256,0.125,0.000125,0.0075,v,1.246707456326046e-06
fig1b,fd,fixed,main,256,0.125,0.000125,0.008,u,3.595177851367648e-06
fig1b,fd,fixed,main,256,0.125,0.000125,0.008,v,1.3042409398034138e-06
fig1b,fd,fixed,main,256,0.125,0.000125,0.0085,u,3.8183739146102624e-06
fig1b,fd,fixed,main,256,0.125,0.000125,0.0085,v,1.3623508016147312e-06
fig1b,fd,fixed,main,256,0.125,0.000125,0.009000000000000001,u,4.041363755813432e-06
fig1b,fd,fixed,main,256,0.125,0.000125,0.009000000000000001,v,1.421028960058024e-06
fig1b,fd,fixed,main,256,0.125,0.000125,0.0095,u,4.264131667430782e-06
fig1b,fd,fixed,main,256,0.125,0.000125,0.0095,v,1.4802672741454082e-06
fig1b,fd,fixed,main,256,0.125,0.000125,0.01,u,4.486662027458621e-06
fig1b,fd,fixed,main,256,0.125,0.000125,0.01,v,1.540057544158202e-06
fig1b,fd,fixed,main,256,0.125,0.000125,0.0105,u,4.708939300046566e-06
fig1b,fd,fixed,main,256,0.125,0.000125,0.0105,v,1.6003915138118607e-06
fig1b,fd,fixed,main,256,0.125,0.000125,0.011,u,4.930948039605365e-06
fig1b,fd,fixed,main,256,0.125,0.000125,0.011,v,1.661665693708514e-06
fig1b,fd,fixed,main,256,0.125,0.000125,0.0115,u,5.152672888142362e-06
fig1b,fd,fixed,main,256,0.125,0.000125,0.0115,v,1.7237993684138253e-06
fig1b,fd,fixed,main,256,0.125,0.000125,0.012,u,5.374098578980746e-06
fig1b,fd,fixed,main,256,0.125,0.000125,0.012,v,1.7863358575120891e-06
fig1b,fd,fixed,main,256,0.125,0.000125,0.0125,u,5.595209936093415e-06
fig1b,fd,fixed,main,256,0.125,0.000125,0.0125,v,1.8492671730596655e-06
fig1b,fd,fixed,main,256,0.125,0.000125,0.013000000000000001,u,5.815991876545468e-06
fig1b,fd,fixed,main,256,0.125,0.000125,0.013000000000000001,v,1.9125852989132497e-06
fig1b,fd,fixed,main,256,0.125,0.000125,0.0135,u,6.036429410161137e-06
fig1b,fd,fixed,main,256,0.125,0.000125,0.0135,v,1.9762821920066287e-06
fig1b,fd,fixed,main,256,0.125,0.000125,0.014,u,6.256741605314975e-06
fig1b,fd,fixed,main,256,0.125,0.000125,0.014,v,2.0403497835164153e-06
fig1b,fd,fixed,main,256,0.125,0.000125,0.0145,u,6.476773485641907e-06
fig1b,fd,fixed,main,256,0.125,0.000125,0.0145,v,2.104779980693916e-06
fig1b,fd,fixed,main,256,0.125,0.000125,0.015,u,6.696435475517237e-06
fig1b,fd,fixed,main,256,0.125,0.000125,0.015,v,2.1695646672537094e-06
fig1b,fd,fixed,main,256,0.125,0.000125,0.0155,u,6.915712888078129e-06
fig1b,fd,fixed,main,256,0.125,0.000125,0.0155,v,2.2346957055385808e-06
fig1b,fd,fixed,main,256,0.125,0.000125,0.016,u,7.134591133828305e-06
fig1b,fd,fixed,main,256,0.125,0.000125,0.016,v,2.3001649377407674e-06
fig1b,fd,fixed,main,256,0.125,0.000125,0.0165,u,7.353167803092475e-06
fig1b,fd,fixed,main,256,0.125,0.000125,0.0165,v,2.3659641865680925e-06
fig1b,fd,fixed,main,256,0.125,0.000125,0.017,u,7.571669412675952e-06
fig1b,fd,fixed,main,256,0.125,0.000125,0.017,v,2.4320852568537887e-06
fig1b,fd,fixed,main,256,0.125,0.000125,0.0175,u,7.789747084985255e-06
fig1b,fd,fixed,main,256,0.125,0.000125,0.0175,v,2.498743492451716e-06
fig1b,fd,fixed,main,256,0.125,0.000125,0.018000000000000002,u,8.00738653550237e-06
fig1b,fd,fixed,main,256,0.125,0.000125,0.018000000000000002,v,2.5662539121507066e-06
fig1b,fd,fixed,main,256,0.125,0.000125,0.0185,u,8.224790766120371e-06
fig1b,fd,fixed,main,256,0.125,0.000125,0.0185,v,2.6341576021549074e-06
fig1b,fd,fixed,main,256,0.125,0.000125,0.019,u,8.44210670197798e-06
fig1b,fd,fixed,main,256,0.125,0.000125,0.019,v,2.702445518032448e-06
fig1b,fd,fixed,main,256,0.125,0.000125,0.0195,u,8.658960064744647e-06
fig1b,fd,fixed,main,256,0.125,0.000125,0.0195,v,2.771108585097881e-06
fig1b,fd,fixed,main,256,0.125,0.000125,0.02,u,8.875818184761464e-06
fig1b,fd,fixed,main,256,0.125,0.000125,0.02,v,2.8401377009101836e-06
fig1b,fd,fixed,time_half,256,0.125,6.25e-05,0.0,u,5.060932537492846e-07
fig1b,fd,fixed,time_half,256,0.125,6.25e-05,0.0,v,6.039533679280673e-07
fig1b,fd,fixed,time_half,256,0.125,6.25e-05,0.0005,u,5.041328605126516e-07
fig1b,fd,fixed,time_half,256,0.125,6.25e-05,0.0005,v,6.10042608539807e-07
fig1b,fd,fixed,time_half,256,0.125,6.25e-05,0.001,u,5.044483296079427e-07
fig1b,fd,fixed,time_half,256,0.125,6.25e-05,0.001,v,6.276148643014068e-07
fig1b,fd,fixed,time_half,256,0.125,6.25e-05,0.0015,u,6.863081071784016e-07
fig1b,fd,fixed,time_half,256,0.125,6.25e-05,0.0015,v,6.540959663348112e-07
fig1b,fd,fixed,time_half,256,0.125,6.25e-05,0.002,u,9.065698455823501e-07
fig1b,fd,fixed,time_half,256,0.125,6.25e-05,0.002,v,6.886791132920678e-07
fig1b,fd,fixed,time_half,256,0.125,6.25e-05,0.0025,u,1.1309856265406815e-06
fig1b,fd,fixed,time_half,256,0.125,6.25e-05,0.0025,v,7.278363186591363e-07
fig1b,fd,fixed,time_half,256,0.125,6.25e-05,0.003,u,1.355389963708653e-06
fig1b,fd,fixed,time_half,256,0.125,6.25e-05,0.003,v,7.712025608119788e-07
fig1b,fd,fixed,time_half,256,0.125,6.25e-05,0.0035,u,1.5797662098471221e-06
fig1b,fd,fixed,time_half,256,0.125,6.25e-05,0.0035,v,8.177323139180181e-07
fig1b,fd,fixed,time_half,256,0.125,6.25e-05,0.004,u,1.804097789714909e-06
fig1b,fd,fixed,time_half,256,0.125,6.25e-05,0.004,v,8.664117098211577e-07
fig1b,fd,fixed,time_half,256,0.125,6.25e-05,0.0045000000000000005,u,2.0283681982369295e-06
fig1b,fd,fixed,time_half,256,0.125,6.25e-05,0.0045000000000000005,v,9.161880362706931e-07
fig1b,fd,fixed,time_half,256,0.125,6.25e-05,0.005,u,2.2525610069989987e-06
fig1b,fd,fixed,time_half,256,0.125,6.25e-05,0.005,v,9.680751237306495e-07
fig1b,fd,fixed,time_half,256,0.125,6.25e-05,0.0055,u,2.476659861583297e-06
fig1b,fd,fixed,time_half,256,0.125,6.25e-05,0.0055,v,1.0224967642025184e-06
fig1b,fd,fixed,time_half,256,0.125,6.25e-05,0.006,u,2.700648484343926e-06
fig1b,fd,fixed,time_half,256,0.125,6.25e-05,0.006,v,1.0776451641603124e-06
fig1b,fd,fixed,time_half,256,0.125,6.25e-05,0.006500000000000001,u,2.9245106752395778e-06
fig1b,fd,fixed,time_half,256,0.125,6.25e-05,0.006500000000000001,v,1.133401642594567e-06
fig1b,fd,fixed,time_half,256,0.125,6.25e-05,0.007,u,3.1482303135543788e-06
fig1b,fd,fixed,time_half,256,0.125,6.25e-05,0.007,v,1.1897583712117132e-06
fig1b,fd,fixed,time_half,256,0.125,6.25e-05,0.0075,u,3.3717913583974912e-06
fig1b,fd,fixed,time_half,256,0.125,6.25e-05,0.0075,v,1.246707456270535e-06
fig1b,fd,fixed,time_half,256,0.125,6.25e-05,0.008,u,3.5951778512011145e-06
fig1b,fd,fixed,time_half,256,0.125,6.25e-05,0.008,v,1.3042409397479027e-06
fig1b,fd,fixed,time_half,256,0.125,6.25e-05,0.0085,u,3.818373914443729e-06
fig1b,fd,fixed,time_half,256,0.125,6.25e-05,0.0085,v,1.3623508014481978e-06
fig1b,fd,fixed,time_half,256,0.125,6.25e-05,0.009000000000000001,u,4.0413637556468984e-06
fig1b,fd,fixed,time_half,256,0.125,6.25e-05,0.009000000000000001,v,1.4210289598359793e-06
fig1b,fd,fixed,time_half,256,0.125,6.25e-05,0.0095,u,4.264131667208737e-06
fig1b,fd,fixed,time_half,256,0.125,6.25e-05,0.0095,v,1.4802672739233635e-06
fig1b,fd,fixed,time_half,256,0.125,6.25e-05,0.01,u,4.486662027292088e-06
fig1b,fd,fixed,time_half,256,0.125,6.25e-05,0.01,v,1.5400575438251352e-06
fig1b,fd,fixed,time_half,256,0.125,6.25e-05,0.0105,u,4.708939299824522e-06
fig1b,fd,fixed,time_half,256,0.125,6.25e-05,0.0105,v,1.6003915134787938e-06
fig1b,fd,fixed,time_half,256,0.125,6.25e-05,0.011,u,4.930948039438832e-06
fig1b,fd,fixed,time_half,256,0.125,6.25e-05,0.011,v,1.6616656935974916e-06
fig1b,fd,fixed,time_half,256,0.125,6.25e-05,0.0115,u,5.152672887975829e-06
fig1b,fd,fixed,time_half,256,0.125,6.25e-05,0.0115,v,1.7237993684138253e-06
fig1b,fd,fixed,time_half,256,0.125,6.25e-05,0.012,u,5.374098578814213e-06
fig1b,fd,fixed,time_half,256,0.125,6.25e-05,0.012,v,1.786335857456578e-06
fig1b,fd,fixed,time_half,256,0.125,6.25e-05,0.0125,u,5.595209935815859e-06
fig1b,fd,fixed,time_half,256,0.125,6.25e-05,0.0125,v,1.8492671731706878e-06
fig1b,fd,fixed,time_half,256,0.125,6.25e-05,0.013000000000000001,u,5.815991876323423e-06
fig1b,fd,fixed,time_half,256,0.125,6.25e-05,0.013000000000000001,v,1.912585298968761e-06
fig1b,fd,fixed,time_half,256,0.125,6.25e-05,0.0135,u,6.036429409883581e-06
fig1b,fd,fixed,time_half,256,0.125,6.25e-05,0.0135,v,1.97628219206214e-06
fig1b,fd,fixed,time_half,256,0.125,6.25e-05,0.014,u,6.256741605037419e-06
fig1b,fd,fixed,time_half,256,0.125,6.25e-05,0.014,v,2.0403497836829487e-06
fig1b,fd,fixed,time_half,256,0.125,6.25e-05,0.0145,u,6.476773485475373e-06
fig1b,fd,fixed,time_half,256,0.125,6.25e-05,0.0145,v,2.1047799808604495e-06
fig1b,fd,fixed,time_half,256,0.125,6.25e-05,0.015,u,6.696435475295193e-06
fig1b,fd,fixed,time_half,256,0.125,6.25e-05,0.015,v,2.169564667475754e-06
fig1b,fd,fixed,time_half,256,0.125,6.25e-05,0.0155,u,6.915712887856085e-06
fig1b,fd,fixed,time_half,256,0.125,6.25e-05,0.0155,v,2.2346957058161365e-06
fig1b,fd,fixed,time_half,256,0.125,6.25e-05,0.016,u,7.134591133606261e-06
fig1b,fd,fixed,time_half,256,0.125,6.25e-05,0.016,v,2.300164937907301e-06
fig1b,fd,fixed,time_half,256,0.125,6.25e-05,0.0165,u,7.353167802925942e-06
fig1b,fd,fixed,time_half,256,0.125,6.25e-05,0.0165,v,2.365964186734626e-06
fig1b,fd,fixed,time_half,256,0.125,6.25e-05,0.017,u,7.5716694124539075e-06
fig1b,fd,fixed,time_half,256,0.125,6.25e-05,0.017,v,2.4320852570758333e-06
fig1b,fd,fixed,time_half,256,0.125,6.25e-05,0.0175,u,7.78974708476321e-06
fig1b,fd,fixed,time_half,256,0.125,6.25e-05,0.0175,v,2.4987434919521156e-06
fig1b,fd,fixed,time_half,256,0.125,6.25e-05,0.018000000000000002,u,8.007386535335836e-06
fig1b,fd,fixed,time_half,256,0.125,6.25e-05,0.018000000000000002,v,2.5662539117066174e-06
fig1b,fd,fixed,time_half,256,0.125,6.25e-05,0.0185,u,8.224790765953838e-06
fig1b,fd,fixed,time_half,256,0.125,6.25e-05,0.0185,v,2.6341576018218404e-06
fig1b,fd,fixed,time_half,256,0.125,6.25e-05,0.019,u,8.442106701811447e-06
fig1b,fd,fixed,time_half,256,0.125,6.25e-05,0.019,v,2.7024455174773365e-06
fig1b,fd,fixed,time_half,256,0.125,6.25e-05,0.0195,u,8.658960064578114e-06
fig1b,fd,fixed,time_half,256,0.125,6.25e-05,0.0195,v,2.771108584598281e-06
fig1b,fd,fixed,time_half,256,0.125,6.25e-05,0.02,u,8.87581818459493e-06
fig1b,fd,fixed,time_half,256,0.125,6.25e-05,0.02,v,2.840137700355072e-06
fig1b,fd,moving,main,256,0.125,0.000125,0.0,u,3.7005698516612284e-07
fig1b,fd,moving,main,256,0.125,0.000125,0.0,v,4.418252517179866e-07
fig1b,fd,moving,main,256,0.125,0.000125,0.0005,u,3.7009308223590054e-07
fig1b,fd,moving,main,256,0.125,0.000125,0.0005,v,4.6723114938140853e-07
fig1b,fd,moving,main,256,0.125,0.000125,0.001,u,3.9976317439682774e-07
fig1b,fd,moving,main,256,0.125,0.000125,0.001,v,5.018408529289253e-07
fig1b,fd,moving,main,256,0.125,0.000125,0.0015,u,5.614496822459181e-07
fig1b,fd,moving,main,256,0.125,0.000125,0.0015,v,5.537577570380314e-07
fig1b,fd,moving,main,256,0.125,0.000125,0.002,u,7.273746333025244e-07
fig1b,fd,moving,main,256,0.125,0.000125,0.002,v,6.071038869404077e-07
fig1b,fd,moving,main,256,0.125,0.000125,0.0025,u,9.054120405638244e-07
fig1b,fd,moving,main,256,0.125,0.000125,0.0025,v,6.63776261899951e-07
fig1b,fd,moving,main,256,0.125,0.000125,0.003,u,1.0833336863136367e-06
fig1b,fd,moving,main,256,0.125,0.000125,0.003,v,7.24748907443562e-07
fig1b,fd,moving,main,256,0.125,0.000125,0.0035,u,1.261111078787458e-06
fig1b,fd,moving,main,256,0.125,0.000125,0.0035,v,7.863453441170343e-07
fig1b,fd,moving,main,256,0.125,0.000125,0.004,u,1.4387358929779381e-06
fig1b,fd,moving,main,256,0.125,0.000125,0.004,v,8.50238594751751e-07
fig1b,fd,moving,main,256,0.125,0.000125,0.0045000000000000005,u,1.6161998047103943e-06
fig1b,fd,moving,main,256,0.125,0.000125,0.0045000000000000005,v,9.168294425321299e-07
fig1b,fd,moving,main,256,0.125,0.000125,0.005,u,1.7936062968182398e-06
fig1b,fd,moving,main,256,0.125,0.000125,0.005,v,9.83871433324346e-07
fig1b,fd,moving,main,256,0.125,0.000125,0.0055,u,1.970887278823774e-06
fig1b,fd,moving,main,256,0.125,0.000125,0.0055,v,1.0513526669253537e-06
fig1b,fd,moving,main,256,0.125,0.000125,0.006,u,2.1479932695300796e-06
fig1b,fd,moving,main,256,0.125,0.000125,0.006,v,1.1198465997286355e-06
fig1b,fd,moving,main,256,0.125,0.000125,0.006500000000000001,u,2.3249160713834094e-06
fig1b,fd,moving,main,256,0.125,0.000125,0.006500000000000001,v,1.1906425614882643e-06
fig1b,fd,moving,main,256,0.125,0.000125,0.007,u,2.5017856556397433e-06
fig1b,fd,moving,main,256,0.125,0.000125,0.007,v,1.2618210457060464e-06
fig1b,fd,moving,main,256,0.125,0.000125,0.0075,u,2.680114126629718e-06
fig1b,fd,moving,main,256,0.125,0.000125,0.0075,v,1.3333720411123906e-06
fig1b,fd,moving,main,256,0.125,0.000125,0.008,u,2.8598523726386382e-06
fig1b,fd,moving,main,256,0.125,0.000125,0.008,v,1.4052855087376415e-06
fig1b,fd,moving,main,256,0.125,0.000125,0.0085,u,3.039704943308408e-06
fig1b,fd,moving,main,256,0.125,0.000125,0.0085,v,1.477551383077813e-06
fig1b,fd,moving,main,256,0.125,0.000125,0.009000000000000001,u,3.2196640669113208e-06
fig1b,fd,moving,main,256,0.125,0.000125,0.009000000000000001,v,1.550369790992434e-06
fig1b,fd,moving,main,256,0.125,0.000125,0.0095,u,3.399721952790369e-06
fig1b,fd,moving,main,256,0.125,0.000125,0.0095,v,1.6237680121045095e-06
fig1b,fd,moving,main,256,0.125,0.000125,0.01,u,3.5798707945233765e-06
fig1b,fd,moving,main,256,0.125,0.000125,0.01,v,1.6975730521839871e-06
fig1b,fd,moving,main,256,0.125,0.000125,0.0105,u,3.760102768257667e-06
fig1b,fd,moving,main,256,0.125,0.000125,0.0105,v,1.7717764539404435e-06
fig1b,fd,moving,main,256,0.125,0.000125,0.011,u,3.940410036429309e-06
fig1b,fd,moving,main,256,0.125,0.000125,0.011,v,1.8463697381565503e-06
fig1b,fd,moving,main,256,0.125,0.000125,0.0115,u,4.120784743155692e-06
fig1b,fd,moving,main,256,0.125,0.000125,0.0115,v,1.921344404187675e-06
fig1b,fd,moving,main,256,0.125,0.000125,0.012,u,4.301219019675617e-06
fig1b,fd,moving,main,256,0.125,0.000125,0.012,v,1.9966919315161924e-06
fig1b,fd,moving,main,256,0.125,0.000125,0.0125,u,4.481704980185963e-06
fig1b,fd,moving,main,256,0.125,0.000125,0.0125,v,2.072403780528642e-06
fig1b,fd,moving,main,256,0.125,0.000125,0.013000000000000001,u,4.6622347253943985e-06
fig1b,fd,moving,main,256,0.125,0.000125,0.013000000000000001,v,2.148471393459417e-06
fig1b,fd,moving,main,256,0.125,0.000125,0.0135,u,4.842800342130804e-06
fig1b,fd,moving,main,256,0.125,0.000125,0.0135,v,2.224886195278941e-06
fig1b,fd,moving,main,256,0.125,0.000125,0.014,u,5.023393903125228e-06
fig1b,fd,moving,main,256,0.125,0.000125,0.014,v,2.301656510494965e-06
fig1b,fd,moving,main,256,0.125,0.000125,0.0145,u,5.204007467285443e-06
fig1b,fd,moving,main,256,0.125,0.000125,0.0145,v,2.378971483918413e-06
fig1b,fd,moving,main,256,0.125,0.000125,0.015,u,5.3846468614504595e-06
fig1b,fd,moving,main,256,0.125,0.000125,0.015,v,2.4566149371962887e-06
fig1b,fd,moving,main,256,0.125,0.000125,0.0155,u,5.565286573139261e-06
fig1b,fd,moving,main,256,0.125,0.000125,0.0155,v,2.534578234736351e-06
fig1b,fd,moving,main,256,0.125,0.000125,0.016,u,5.745913281340886e-06
fig1b,fd,moving,main,256,0.125,0.000125,0.016,v,2.6128527284563496e-06
fig1b,fd,moving,main,256,0.125,0.000125,0.0165,u,5.926518845622564e-06
fig1b,fd,moving,main,256,0.125,0.000125,0.0165,v,2.6914297590607816e-06
fig1b,fd,moving,main,256,0.125,0.000125,0.017,u,6.107096531815515e-06
fig1b,fd,moving,main,256,0.125,0.000125,0.017,v,2.7703006567625366e-06
fig1b,fd,moving,main,256,0.125,0.000125,0.0175,u,6.287662664861138e-06
fig1b,fd,moving,main,256,0.125,0.000125,0.0175,v,2.8494567425041417e-06
fig1b,fd,moving,main,256,0.125,0.000125,0.018000000000000002,u,6.468192877195911e-06
fig1b,fd,moving,main,256,0.125,0.000125,0.018000000000000002,v,2.9288893289014517e-06
fig1b,fd,moving,main,256,0.125,0.000125,0.0185,u,6.648679135579094e-06
fig1b,fd,moving,main,256,0.125,0.000125,0.0185,v,3.008589721131827e-06
fig1b,fd,moving,main,256,0.125,0.000125,0.019,u,6.829113397777142e-06
fig1b,fd,moving,main,256,0.125,0.000125,0.019,v,3.0885492180998675e-06
fig1b,fd,moving,main,256,0.125,0.000125,0.0195,u,7.009487613118814e-06
fig1b,fd,moving,main,256,0.125,0.000125,0.0195,v,3.168759112492925e-06
fig1b,fd,moving,main,256,0.125,0.000125,0.02,u,7.189793720996374e-06
fig1b,fd,moving,main,256,0.125,0.000125,0.02,v,3.249210693279103e-06
fig1b,fd,moving,time_half,256,0.125,6.25e-05,0.0,u,3.7005698516612284e-07
fig1b,fd,moving,time_half,256,0.125,6.25e-05,0.0,v,4.418252517179866e-07
fig1b,fd,moving,time_half,256,0.125,6.25e-05,0.0005,u,3.7009308223590054e-07
fig1b,fd,moving,time_half,256,0.125,6.25e-05,0.0005,v,4.672311494369197e-07
fig1b,fd,moving,time_half,256,0.125,6.25e-05,0.001,u,3.997631743413166e-07
fig1b,fd,moving,time_half,256,0.125,6.25e-05,0.001,v,5.018408529844365e-07
fig1b,fd,moving,time_half,256,0.125,6.25e-05,0.0015,u,5.614496822459181e-07
fig1b,fd,moving,time_half,256,0.125,6.25e-05,0.0015,v,5.537577570935426e-07
fig1b,fd,moving,time_half,256,0.125,6.25e-05,0.002,u,7.273746332470132e-07
fig1b,fd,moving,time_half,256,0.125,6.25e-05,0.002,v,6.071038869959189e-07
fig1b,fd,moving,time_half,256,0.125,6.25e-05,0.0025,u,9.054120405083133e-07
fig1b,fd,moving,time_half,256,0.125,6.25e-05,0.0025,v,6.637762617334175e-07
fig1b,fd,moving,time_half,256,0.125,6.25e-05,0.003,u,1.0833336863691478e-06
fig1b,fd,moving,time_half,256,0.125,6.25e-05,0.003,v,7.247489072215174e-07
fig1b,fd,moving,time_half,256,0.125,6.25e-05,0.0035,u,1.2611110787319468e-06
fig1b,fd,moving,time_half,256,0.125,6.25e-05,0.0035,v,7.863453437839674e-07
fig1b,fd,moving,time_half,256,0.125,6.25e-05,0.004,u,1.438735892922427e-06
fig1b,fd,moving,time_half,256,0.125,6.25e-05,0.004,v,8.502385948072622e-07
fig1b,fd,moving,time_half,256,0.125,6.25e-05,0.0045000000000000005,u,1.6161998047659054e-06
fig1b,fd,moving,time_half,256,0.125,6.25e-05,0.0045000000000000005,v,9.168294424766188e-07
fig1b,fd,moving,time_half,256,0.125,6.25e-05,0.005,u,1.7936062967627286e-06
fig1b,fd,moving,time_half,256,0.125,6.25e-05,0.005,v,9.838714332688347e-07
fig1b,fd,moving,time_half,256,0.125,6.25e-05,0.0055,u,1.970887278823774e-06
fig1b,fd,moving,time_half,256,0.125,6.25e-05,0.0055,v,1.0513526668698425e-06
fig1b,fd,moving,time_half,256,0.125,6.25e-05,0.006,u,2.1479932695300796e-06
fig1b,fd,moving,time_half,256,0.125,6.25e-05,0.006,v,1.1198465994510798e-06
fig1b,fd,moving,time_half,256,0.125,6.25e-05,0.006500000000000001,u,2.3249160713834094e-06
fig1b,fd,moving,time_half,256,0.125,6.25e-05,0.006500000000000001,v,1.1906425613217309e-06
fig1b,fd,moving,time_half,256,0.125,6.25e-05,0.007,u,2.501785655528721e-06
fig1b,fd,moving,time_half,256,0.125,6.25e-05,0.007,v,1.2618210454284906e-06
fig1b,fd,moving,time_half,256,0.125,6.25e-05,0.0075,u,2.6801141265186956e-06
fig1b,fd,moving,time_half,256,0.125,6.25e-05,0.0075,v,1.333372040890346e-06
fig1b,fd,moving,time_half,256,0.125,6.25e-05,0.008,u,2.859852372527616e-06
fig1b,fd,moving,time_half,256,0.125,6.25e-05,0.008,v,1.4052855084045746e-06
fig1b,fd,moving,time_half,256,0.125,6.25e-05,0.0085,u,3.0397049431973855e-06
fig1b,fd,moving,time_half,256,0.125,6.25e-05,0.0085,v,1.4775513827447462e-06
fig1b,fd,moving,time_half,256,0.125,6.25e-05,0.009000000000000001,u,3.219664067022343e-06
fig1b,fd,moving,time_half,256,0.125,6.25e-05,0.009000000000000001,v,1.5503697911034564e-06
fig1b,fd,moving,time_half,256,0.125,6.25e-05,0.0095,u,3.3997219526793465e-06
fig1b,fd,moving,time_half,256,0.125,6.25e-05,0.0095,v,1.6237680119934872e-06
fig1b,fd,moving,time_half,256,0.125,6.25e-05,0.01,u,3.5798707944123542e-06
fig1b,fd,moving,time_half,256,0.125,6.25e-05,0.01,v,1.697573052128476e-06
fig1b,fd,moving,time_half,256,0.125,6.25e-05,0.0105,u,3.7601027680911336e-06
fig1b,fd,moving,time_half,256,0.125,6.25e-05,0.0105,v,1.7717764538849323e-06
fig1b,fd,moving,time_half,256,0.125,6.25e-05,0.011,u,3.940410036318287e-06
fig1b,fd,moving,time_half,256,0.125,6.25e-05,0.011,v,1.846369738045528e-06
fig1b,fd,moving,time_half,256,0.125,6.25e-05,0.0115,u,4.120784742989159e-06
fig1b,fd,moving,time_half,256,0.125,6.25e-05,0.0115,v,1.921344404298697e-06
fig1b,fd,moving,time_half,256,0.125,6.25e-05,0.012,u,4.301219019564595e-06
fig1b,fd,moving,time_half,256,0.125,6.25e-05,0.012,v,1.9966919316272147e-06
fig1b,fd,moving,time_half,256,0.125,6.25e-05,0.0125,u,4.481704980074941e-06
fig1b,fd,moving,time_half,256,0.125,6.25e-05,0.0125,v,2.072403780473131e-06
fig1b,fd,moving,time_half,256,0.125,6.25e-05,0.013000000000000001,u,4.662234725172354e-06
fig1b,fd,moving,time_half,256,0.125,6.25e-05,0.013000000000000001,v,2.1484713934039057e-06
fig1b,fd,moving,time_half,256,0.125,6.25e-05,0.0135,u,4.8428003419087595e-06
fig1b,fd,moving,time_half,256,0.125,6.25e-05,0.0135,v,2.22488619522343e-06
fig1b,fd,moving,time_half,256,0.125,6.25e-05,0.014,u,5.023393902958695e-06
fig1b,fd,moving,time_half,256,0.125,6.25e-05,0.014,v,2.3016565103839426e-06
fig1b,fd,moving,time_half,256,0.125,6.25e-05,0.0145,u,5.20400746711891e-06
fig1b,fd,moving,time_half,256,0.125,6.25e-05,0.0145,v,2.3789714837518794e-06
fig1b,fd,moving,time_half,256,0.125,6.25e-05,0.015,u,5.384646861228415e-06
fig1b,fd,moving,time_half,256,0.125,6.25e-05,0.015,v,2.4566149371407775e-06
fig1b,fd,moving,time_half,256,0.125,6.25e-05,0.0155,u,5.5652865729727274e-06
fig1b,fd,moving,time_half,256,0.125,6.25e-05,0.0155,v,2.5345782346253287e-06
fig1b,fd,moving,time_half,256,0.125,6.25e-05,0.016,u,5.745913281118842e-06
fig1b,fd,moving,time_half,256,0.125,6.25e-05,0.016,v,2.6128527284563496e-06
fig1b,fd,moving,time_half,256,0.125,6.25e-05,0.0165,u,5.926518845511541e-06
fig1b,fd,moving,time_half,256,0.125,6.25e-05,0.0165,v,2.6914297589497593e-06
fig1b,fd,moving,time_half,256,0.125,6.25e-05,0.017,u,6.107096531648981e-06
fig1b,fd,moving,time_half,256,0.125,6.25e-05,0.017,v,2.7703006566515143e-06
fig1b,fd,moving,time_half,256,0.125,6.25e-05,0.0175,u,6.287662664694604e-06
fig1b,fd,moving,time_half,256,0.125,6.25e-05,0.0175,v,2.8494567423931194e-06
fig1b,fd,moving,time_half,256,0.125,6.25e-05,0.018000000000000002,u,6.4681928770848884e-06
fig1b,fd,moving,time_half,256,0.125,6.25e-05,0.018000000000000002,v,2.9288893288459406e-06
fig1b,fd,moving,time_half,256,0.125,6.25e-05,0.0185,u,6.6486791353570496e-06
fig1b,fd,moving,time_half,256,0.125,6.25e-05,0.0185,v,3.0085897210763157e-06
fig1b,fd,moving,time_half,256,0.125,6.25e-05,0.019,u,6.829113397610609e-06
fig1b,fd,moving,time_half,256,0.125,6.25e-05,0.019,v,3.088549217988845e-06
fig1b,fd,moving,time_half,256,0.125,6.25e-05,0.0195,u,7.00948761289677e-06
fig1b,fd,moving,time_half,256,0.125,6.25e-05,0.0195,v,3.1687591124374137e-06
fig1b,fd,moving,time_half,256,0.125,6.25e-05,0.02,u,7.189793720774329e-06
fig1b,fd,moving,time_half,256,0.125,6.25e-05,0.02,v,3.249210693279103e-06
fig1a,SD2,fixed,main,256,0.125,0.000125,0.0,u,0.002732832427538634
fig1a,SD2,fixed,main,256,0.125,0.000125,0.0,v,0.010562161955241622
fig1a,SD2,fixed,main,256,0.125,0.000125,0.0005,u,0.0028662235302798766
fig1a,SD2,fixed,main,256,0.125,0.000125,0.0005,v,0.010541059674694653
fig1a,SD2,fixed,main,256,0.125,0.000125,0.001,u,0.0030026740106752214
fig1a,SD2,fixed,main,256,0.125,0.000125,0.001,v,0.010520315113141221
fig1a,SD2,fixed,main,256,0.125,0.000125,0.0015,u,0.003141122413197861
fig1a,SD2,fixed,main,256,0.125,0.000125,0.0015,v,0.01049987828635679
fig1a,SD2,fixed,main,256,0.125,0.000125,0.002,u,0.0032825361351145332
fig1a,SD2,fixed,main,256,0.125,0.000125,0.002,v,0.01047969876935051
fig1a,SD2,fixed,main,256,0.125,0.000125,0.0025,u,0.003425618244592421
fig1a,SD2,fixed,main,256,0.125,0.000125,0.0025,v,0.010459725632408379
fig1a,SD2,fixed,main,256,0.125,0.000125,0.003,u,0.0035703850349539934
fig1a,SD2,fixed,main,256,0.125,0.000125,0.003,v,0.010439907376245339
fig1a,SD2,fixed,main,256,0.125,0.000125,0.0035,u,0.003718103031427722
fig1a,SD2,fixed,main,256,0.125,0.000125,0.0035,v,0.01042019186604981
fig1a,SD2,fixed,main,256,0.125,0.000125,0.004,u,0.0038674976338786138
fig1a,SD2,fixed,main,256,0.125,0.000125,0.004,v,0.01040052626469401
fig1a,SD2,fixed,main,256,0.125,0.000125,0.0045000000000000005,u,0.004018575982172479
fig1a,SD2,fixed,main,256,0.125,0.000125,0.0045000000000000005,v,0.010380856964747887
fig1a,SD2,fixed,main,256,0.125,0.000125,0.005,u,0.004171435952518232
fig1a,SD2,fixed,main,256,0.125,0.000125,0.005,v,0.010361129519489864
fig1a,SD2,fixed,main,256,0.125,0.000125,0.0055,u,0.004326990828018129
fig1a,SD2,fixed,main,256,0.125,0.000125,0.0055,v,0.010341288572701668
fig1a,SD2,fixed,main,256,0.125,0.000125,0.006,u,0.004484251676307505
fig1a,SD2,fixed,main,256,0.125,0.000125,0.006,v,0.01032127778725922
fig1a,SD2,fixed,main,256,0.125,0.000125,0.006500000000000001,u,0.0046432299284520084
fig1a,SD2,fixed,main,256,0.125,0.000125,0.006500000000000001,v,0.010301039772561804
fig1a,SD2,fixed,main,256,0.125,0.000125,0.007,u,0.004803937792065449
fig1a,SD2,fixed,main,256,0.125,0.000125,0.007,v,0.010280516010583218
fig1a,SD2,fixed,main,256,0.125,0.000125,0.0075,u,0.004966388230688734
fig1a,SD2,fixed,main,256,0.125,0.000125,0.0075,v,0.010259646780640841
fig1a,SD2,fixed,main,256,0.125,0.000125,0.008,u,0.005131214794037442
fig1a,SD2,fixed,main,256,0.125,0.000125,0.008,v,0.010238371082747388
fig1a,SD2,fixed,main,256,0.125,0.000125,0.0085,u,0.005298065986866662
fig1a,SD2,fixed,main,256,0.125,0.000125,0.0085,v,0.010216626559549136
fig1a,SD2,fixed,main,256,0.125,0.000125,0.009000000000000001,u,0.0054712434890262784
fig1a,SD2,fixed,main,256,0.125,0.000125,0.009000000000000001,v,0.010194349416783544
fig1a,SD2,fixed,main,256,0.125,0.000125,0.0095,u,0.005649291441214288
fig1a,SD2,fixed,main,256,0.125,0.000125,0.0095,v,0.010171474342180131
fig1a,SD2,fixed,main,256,0.125,0.000125,0.01,u,0.0058298395362639255
fig1a,SD2,fixed,main,256,0.125,0.000125,0.01,v,0.01014799294408375
fig1a,SD2,fixed,main,256,0.125,0.000125,0.0105,u,0.006012846917672121
fig1a,SD2,fixed,main,256,0.125,0.000125,0.0105,v,0.010124939522103249
fig1a,SD2,fixed,main,256,0.125,0.000125,0.011,u,0.006198371135689218
fig1a,SD2,fixed,main,256,0.125,0.000125,0.011,v,0.010101183098024658
fig1a,SD2,fixed,main,256,0.125,0.000125,0.0115,u,0.0063864716182704395
fig1a,SD2,fixed,main,256,0.125,0.000125,0.0115,v,0.010076652766638272
fig1a,SD2,fixed,main,256,0.125,0.000125,0.012,u,0.006577209706085219
fig1a,SD2,fixed,main,256,0.125,0.000125,0.012,v,0.010051275682592564
fig1a,SD2,fixed,main,256,0.125,0.000125,0.0125,u,0.006770648690324954
fig1a,SD2,fixed,main,256,0.125,0.000125,0.0125,v,0.010024976967621502
fig1a,SD2,fixed,main,256,0.125,0.000125,0.013000000000000001,u,0.006966853853370036
fig1a,SD2,fixed,main,256,0.125,0.000125,0.013000000000000001,v,0.009997715492454207
fig1a,SD2,fixed,main,256,0.125,0.000125,0.0135,u,0.007165892512513761
fig1a,SD2,fixed,main,256,0.125,0.000125,0.0135,v,0.009971248683558587
fig1a,SD2,fixed,main,256,0.125,0.000125,0.014,u,0.0073678340667875375
fig1a,SD2,fixed,main,256,0.125,0.000125,0.014,v,0.009943734219469924
fig1a,SD2,fixed,main,256,0.125,0.000125,0.0145,u,0.007572750047092569
fig1a,SD2,fixed,main,256,0.125,0.000125,0.0145,v,0.009915089637597907
fig1a,SD2,fixed,main,256,0.125,0.000125,0.015,u,0.007780714169753455
fig1a,SD2,fixed,main,256,0.125,0.000125,0.015,v,0.009885229949840646
fig1a,SD2,fixed,main,256,0.125,0.000125,0.0155,u,0.007992244817094818
fig1a,SD2,fixed,main,256,0.125,0.000125,0.0155,v,0.009856077814227815
fig1a,SD2,fixed,main,256,0.125,0.000125,0.016,u,0.008207012269070946
fig1a,SD2,fixed,main,256,0.125,0.000125,0.016,v,0.00992197465003386
fig1a,SD2,fixed,main,256,0.125,0.000125,0.0165,u,0.008425071959087038
fig1a,SD2,fixed,main,256,0.125,0.000125,0.0165,v,0.009999643174335882
fig1a,SD2,fixed,main,256,0.125,0.000125,0.017,u,0.00864650563696201
fig1a,SD2,fixed,main,256,0.125,0.000125,0.017,v,0.010079686985319691
fig1a,SD2,fixed,main,256,0.125,0.000125,0.0175,u,0.008873413323665424
fig1a,SD2,fixed,main,256,0.125,0.000125,0.0175,v,0.010162161586640073
fig1a,SD2,fixed,main,256,0.125,0.000125,0.018000000000000002,u,0.009105716957807486
fig1a,SD2,fixed,main,256,0.125,0.000125,0.018000000000000002,v,0.010247124043856193
fig1a,SD2,fixed,main,256,0.125,0.000125,0.0185,u,0.00934208273808057
fig1a,SD2,fixed,main,256,0.125,0.000125,0.0185,v,0.010335414466087434
fig1a,SD2,fixed,main,256,0.125,0.000125,0.019,u,0.009582621121569046
fig1a,SD2,fixed,main,256,0.125,0.000125,0.019,v,0.010426505574123723
fig1a,SD2,fixed,main,256,0.125,0.000125,0.0195,u,0.009827445872119478
fig1a,SD2,fixed,main,256,0.125,0.000125,0.0195,v,0.010520354391489795
fig1a,SD2,fixed,main,256,0.125,0.000125,0.02,u,0.01007667416942093
fig1a,SD2,fixed,main,256,0.125,0.000125,0.02,v,0.010617028683038487
fig1a,SD2,fixed,time_half,256,0.125,6.25e-05,0.0,u,0.002732832427538634
fig1a,SD2,fixed,time_half,256,0.125,6.25e-05,0.0,v,0.010562161955241622
fig1a,SD2,fixed,time_half,256,0.125,6.25e-05,0.0005,u,0.002866223530277212
fig1a,SD2,fixed,time_half,256,0.125,6.25e-05,0.0005,v,0.010541059674684439
fig1a,SD2,fixed,time_half,256,0.125,6.25e-05,0.001,u,0.0030026740106663397
fig1a,SD2,fixed,time_half,256,0.125,6.25e-05,0.001,v,0.010520315113128564
fig1a,SD2,fixed,time_half,256,0.125,6.25e-05,0.0015,u,0.0031411224131900894
fig1a,SD2,fixed,time_half,256,0.125,6.25e-05,0.0015,v,0.010499878286335917
fig1a,SD2,fixed,time_half,256,0.125,6.25e-05,0.002,u,0.0032825361351069837
fig1a,SD2,fixed,time_half,256,0.125,6.25e-05,0.002,v,0.01047969876931587
fig1a,SD2,fixed,time_half,256,0.125,6.25e-05,0.0025,u,0.003425618244588202
fig1a,SD2,fixed,time_half,256,0.125,6.25e-05,0.0025,v,0.010459725632397054
fig1a,SD2,fixed,time_half,256,0.125,6.25e-05,0.003,u,0.003570385034946888
fig1a,SD2,fixed,time_half,256,0.125,6.25e-05,0.003,v,0.01043990737622047
fig1a,SD2,fixed,time_half,256,0.125,6.25e-05,0.0035,u,0.0037181030314212826
fig1a,SD2,fixed,time_half,256,0.125,6.25e-05,0.0035,v,0.010420191866020279
fig1a,SD2,fixed,time_half,256,0.125,6.25e-05,0.004,u,0.003867497633870176
fig1a,SD2,fixed,time_half,256,0.125,6.25e-05,0.004,v,0.01040052626465604
fig1a,SD2,fixed,time_half,256,0.125,6.25e-05,0.0045000000000000005,u,0.004018575982162709
fig1a,SD2,fixed,time_half,256,0.125,6.25e-05,0.0045000000000000005,v,0.010380856964712804
fig1a,SD2,fixed,time_half,256,0.125,6.25e-05,0.005,u,0.004171435952505798
fig1a,SD2,fixed,time_half,256,0.125,6.25e-05,0.005,v,0.010361129519460555
fig1a,SD2,fixed,time_half,256,0.125,6.25e-05,0.0055,u,0.0043269908280054725
fig1a,SD2,fixed,time_half,256,0.125,6.25e-05,0.0055,v,0.01034128857265193
fig1a,SD2,fixed,time_half,256,0.125,6.25e-05,0.006,u,0.004484251676294404
fig1a,SD2,fixed,time_half,256,0.125,6.25e-05,0.006,v,0.010321277787214589
fig1a,SD2,fixed,time_half,256,0.125,6.25e-05,0.006500000000000001,u,0.004643229928437798
fig1a,SD2,fixed,time_half,256,0.125,6.25e-05,0.006500000000000001,v,0.010301039772518505
fig1a,SD2,fixed,time_half,256,0.125,6.25e-05,0.007,u,0.00480393779204924
fig1a,SD2,fixed,time_half,256,0.125,6.25e-05,0.007,v,0.010280516010525043
fig1a,SD2,fixed,time_half,256,0.125,6.25e-05,0.0075,u,0.004966388230673635
fig1a,SD2,fixed,time_half,256,0.125,6.25e-05,0.0075,v,0.01025964678058977
fig1a,SD2,fixed,time_half,256,0.125,6.25e-05,0.008,u,0.005131214794023009
fig1a,SD2,fixed,time_half,256,0.125,6.25e-05,0.008,v,0.010238371082698094
fig1a,SD2,fixed,time_half,256,0.125,6.25e-05,0.0085,u,0.005298065986848899
fig1a,SD2,fixed,time_half,256,0.125,6.25e-05,0.0085,v,0.010216626559500952
fig1a,SD2,fixed,time_half,256,0.125,6.25e-05,0.009000000000000001,u,0.005471243489005184
fig1a,SD2,fixed,time_half,256,0.125,6.25e-05,0.009000000000000001,v,0.01019434941672337
fig1a,SD2,fixed,time_half,256,0.125,6.25e-05,0.0095,u,0.0056492914412162865
fig1a,SD2,fixed,time_half,256,0.125,6.25e-05,0.0095,v,0.010171474342117737
fig1a,SD2,fixed,time_half,256,0.125,6.25e-05,0.01,u,0.005829839536268144
fig1a,SD2,fixed,time_half,256,0.125,6.25e-05,0.01,v,0.010147992944007367
fig1a,SD2,fixed,time_half,256,0.125,6.25e-05,0.0105,u,0.00601284691767634
fig1a,SD2,fixed,time_half,256,0.125,6.25e-05,0.0105,v,0.010124939522015097
fig1a,SD2,fixed,time_half,256,0.125,6.25e-05,0.011,u,0.00619837113569921
fig1a,SD2,fixed,time_half,256,0.125,6.25e-05,0.011,v,0.010101183097925626
fig1a,SD2,fixed,time_half,256,0.125,6.25e-05,0.0115,u,0.006386471618289091
fig1a,SD2,fixed,time_half,256,0.125,6.25e-05,0.0115,v,0.010076652766535688
fig1a,SD2,fixed,time_half,256,0.125,6.25e-05,0.012,u,0.006577209706109199
fig1a,SD2,fixed,time_half,256,0.125,6.25e-05,0.012,v,0.010051275682478433
fig1a,SD2,fixed,time_half,256,0.125,6.25e-05,0.0125,u,0.006770648690350933
fig1a,SD2,fixed,time_half,256,0.125,6.25e-05,0.0125,v,0.01002497696748228
fig1a,SD2,fixed,time_half,256,0.125,6.25e-05,0.013000000000000001,u,0.006966853853397792
fig1a,SD2,fixed,time_half,256,0.125,6.25e-05,0.013000000000000001,v,0.009997715492298997
fig1a,SD2,fixed,time_half,256,0.125,6.25e-05,0.0135,u,0.007165892512543959
fig1a,SD2,fixed,time_half,256,0.125,6.25e-05,0.0135,v,0.009971248683402711
fig1a,SD2,fixed,time_half,256,0.125,6.25e-05,0.014,u,0.007367834066824619
fig1a,SD2,fixed,time_half,256,0.125,6.25e-05,0.014,v,0.009943734219312717
fig1a,SD2,fixed,time_half,256,0.125,6.25e-05,0.0145,u,0.00757275004713609
fig1a,SD2,fixed,time_half,256,0.125,6.25e-05,0.0145,v,0.009915089637439367
fig1a,SD2,fixed,time_half,256,0.125,6.25e-05,0.015,u,0.007780714169798975
fig1a,SD2,fixed,time_half,256,0.125,6.25e-05,0.015,v,0.009885229949669894
fig1a,SD2,fixed,time_half,256,0.125,6.25e-05,0.0155,u,0.007992244817137895
fig1a,SD2,fixed,time_half,256,0.125,6.25e-05,0.0155,v,0.009856077814071051
fig1a,SD2,fixed,time_half,256,0.125,6.25e-05,0.016,u,0.008207012269120462
fig1a,SD2,fixed,time_half,256,0.125,6.25e-05,0.016,v,0.009921974650072718
fig1a,SD2,fixed,time_half,256,0.125,6.25e-05,0.0165,u,0.008425071959139663
fig1a,SD2,fixed,time_half,256,0.125,6.25e-05,0.0165,v,0.009999643174376516
fig1a,SD2,fixed,time_half,256,0.125,6.25e-05,0.017,u,0.008646505637025736
fig1a,SD2,fixed,time_half,256,0.125,6.25e-05,0.017,v,0.0100796869853641
fig1a,SD2,fixed,time_half,256,0.125,6.25e-05,0.0175,u,0.008873413323807977
fig1a,SD2,fixed,time_half,256,0.125,6.25e-05,0.0175,v,0.010162161586683593
fig1a,SD2,fixed,time_half,256,0.125,6.25e-05,0.018000000000000002,u,0.009105716957962251
fig1a,SD2,fixed,time_half,256,0.125,6.25e-05,0.018000000000000002,v,0.01024712404389816
fig1a,SD2,fixed,time_half,256,0.125,6.25e-05,0.0185,u,0.009342082738246438
fig1a,SD2,fixed,time_half,256,0.125,6.25e-05,0.0185,v,0.010335414466132065
fig1a,SD2,fixed,time_half,256,0.125,6.25e-05,0.019,u,0.009582621121747792
fig1a,SD2,fixed,time_half,256,0.125,6.25e-05,0.019,v,0.010426505574181899
fig1a,SD2,fixed,time_half,256,0.125,6.25e-05,0.0195,u,0.00982744587231088
fig1a,SD2,fixed,time_half,256,0.125,6.25e-05,0.0195,v,0.01052035439155885
fig1a,SD2,fixed,time_half,256,0.125,6.25e-05,0.02,u,0.010076674169627653
fig1a,SD2,fixed,time_half,256,0.125,6.25e-05,0.02,v,0.010617028683111984
fig1a,SD2,fixed,x_half,512,0.125,6.25e-05,0.0,u,0.00018398651148987533
fig1a,SD2,fixed,x_half,512,0.125,6.25e-05,0.0,v,0.0007150246759177747
fig1a,SD2,fixed,x_half,512,0.125,6.25e-05,0.0005,u,0.0001957469768005815
fig1a,SD2,fixed,x_half,512,0.125,6.25e-05,0.0005,v,0.0007136128782319062
fig1a,SD2,fixed,x_half,512,0.125,6.25e-05,0.001,u,0.0002079678810678054
fig1a,SD2,fixed,x_half,512,0.125,6.25e-05,0.001,v,0.000712530750768936
fig1a,SD2,fixed,x_half,512,0.125,6.25e-05,0.0015,u,0.00022074397455074113
fig1a,SD2,fixed,x_half,512,0.125,6.25e-05,0.0015,v,0.0007116948294778602
fig1a,SD2,fixed,x_half,512,0.125,6.25e-05,0.002,u,0.0002339368879282766
fig1a,SD2,fixed,x_half,512,0.125,6.25e-05,0.002,v,0.0007110421253047061
fig1a,SD2,fixed,x_half,512,0.125,6.25e-05,0.0025,u,0.0002480985779476086
fig1a,SD2,fixed,x_half,512,0.125,6.25e-05,0.0025,v,0.0007106782061834238
fig1a,SD2,fixed,x_half,512,0.125,6.25e-05,0.003,u,0.0002629285483124466
fig1a,SD2,fixed,x_half,512,0.125,6.25e-05,0.003,v,0.0007106182344851497
fig1a,SD2,fixed,x_half,512,0.125,6.25e-05,0.0035,u,0.0002782973394965804
fig1a,SD2,fixed,x_half,512,0.125,6.25e-05,0.0035,v,0.0007107949917304346
fig1a,SD2,fixed,x_half,512,0.125,6.25e-05,0.004,u,0.0002940453782855901
fig1a,SD2,fixed,x_half,512,0.125,6.25e-05,0.004,v,0.0007113522219166502
fig1a,SD2,fixed,x_half,512,0.125,6.25e-05,0.0045000000000000005,u,0.00031023897969961745
fig1a,SD2,fixed,x_half,512,0.125,6.25e-05,0.0045000000000000005,v,0.0007123522647718428
fig1a,SD2,fixed,x_half,512,0.125,6.25e-05,0.005,u,0.00032695546812600007
fig1a,SD2,fixed,x_half,512,0.125,6.25e-05,0.005,v,0.0007140321475604949
fig1a,SD2,fixed,x_half,512,0.125,6.25e-05,0.0055,u,0.00034408433833066354
fig1a,SD2,fixed,x_half,512,0.125,6.25e-05,0.0055,v,0.0007161832880757668
fig1a,SD2,fixed,x_half,512,0.125,6.25e-05,0.006,u,0.00036163936164368415
fig1a,SD2,fixed,x_half,512,0.125,6.25e-05,0.006,v,0.0007187311958722908
fig1a,SD2,fixed,x_half,512,0.125,6.25e-05,0.006500000000000001,u,0.0003796826251394325
fig1a,SD2,fixed,x_half,512,0.125,6.25e-05,0.006500000000000001,v,0.0007217718213288205
fig1a,SD2,fixed,x_half,512,0.125,6.25e-05,0.007,u,0.0003982618988984665
fig1a,SD2,fixed,x_half,512,0.125,6.25e-05,0.007,v,0.0007251131609553596
fig1a,SD2,fixed,x_half,512,0.125,6.25e-05,0.0075,u,0.00041730847488063993
fig1a,SD2,fixed,x_half,512,0.125,6.25e-05,0.0075,v,0.000729005582019715
fig1a,SD2,fixed,x_half,512,0.125,6.25e-05,0.008,u,0.00043683893904544746
fig1a,SD2,fixed,x_half,512,0.125,6.25e-05,0.008,v,0.0007332028328195239
fig1a,SD2,fixed,x_half,512,0.125,6.25e-05,0.0085,u,0.00045687056421406247
fig1a,SD2,fixed,x_half,512,0.125,6.25e-05,0.0085,v,0.0007379543026102553
fig1a,SD2,fixed,x_half,512,0.125,6.25e-05,0.009000000000000001,u,0.0004774213142375583
fig1a,SD2,fixed,x_half,512,0.125,6.25e-05,0.009000000000000001,v,0.0007430839305875292
fig1a,SD2,fixed,x_half,512,0.125,6.25e-05,0.0095,u,0.0004985098450802639
fig1a,SD2,fixed,x_half,512,0.125,6.25e-05,0.0095,v,0.0007487495896068008
fig1a,SD2,fixed,x_half,512,0.125,6.25e-05,0.01,u,0.0005201801622163327
fig1a,SD2,fixed,x_half,512,0.125,6.25e-05,0.01,v,0.0007549050432229532
fig1a,SD2,fixed,x_half,512,0.125,6.25e-05,0.0105,u,0.0005424682209844711
fig1a,SD2,fixed,x_half,512,0.125,6.25e-05,0.0105,v,0.0007615913911023231
fig1a,SD2,fixed,x_half,512,0.125,6.25e-05,0.011,u,0.0005653506454588175
fig1a,SD2,fixed,x_half,512,0.125,6.25e-05,0.011,v,0.0007688867917463593
fig1a,SD2,fixed,x_half,512,0.125,6.25e-05,0.0115,u,0.0005888491546277574
fig1a,SD2,fixed,x_half,512,0.125,6.25e-05,0.0115,v,0.000776755794979378
fig1a,SD2,fixed,x_half,512,0.125,6.25e-05,0.012,u,0.0006129861480508314
fig1a,SD2,fixed,x_half,512,0.125,6.25e-05,0.012,v,0.0007853304935188099
fig1a,SD2,fixed,x_half,512,0.125,6.25e-05,0.0125,u,0.0006377846780640795
fig1a,SD2,fixed,x_half,512,0.125,6.25e-05,0.0125,v,0.0007946044485267478
fig1a,SD2,fixed,x_half,512,0.125,6.25e-05,0.013000000000000001,u,0.0006632684118621501
fig1a,SD2,fixed,x_half,512,0.125,6.25e-05,0.013000000000000001,v,0.000804628659342832
fig1a,SD2,fixed,x_half,512,0.125,6.25e-05,0.0135,u,0.0006894615817487626
fig1a,SD2,fixed,x_half,512,0.125,6.25e-05,0.0135,v,0.0008155959366007437
fig1a,SD2,fixed,x_half,512,0.125,6.25e-05,0.014,u,0.0007163889213519514
fig1a,SD2,fixed,x_half,512,0.125,6.25e-05,0.014,v,0.000829134364587869
fig1a,SD2,fixed,x_half,512,0.125,6.25e-05,0.0145,u,0.0007440755855128156
fig1a,SD2,fixed,x_half,512,0.125,6.25e-05,0.0145,v,0.0008683232505293237
fig1a,SD2,fixed,x_half,512,0.125,6.25e-05,0.015,u,0.0007725470510766552
fig1a,SD2,fixed,x_half,512,0.125,6.25e-05,0.015,v,0.0009096812445223978
fig1a,SD2,fixed,x_half,512,0.125,6.25e-05,0.0155,u,0.0008018289953628521
fig1a,SD2,fixed,x_half,512,0.125,6.25e-05,0.0155,v,0.000953375559032521
fig1a,SD2,fixed,x_half,512,0.125,6.25e-05,0.016,u,0.0008330043432205336
fig1a,SD2,fixed,x_half,512,0.125,6.25e-05,0.016,v,0.0009995894031755714
fig1a,SD2,fixed,x_half,512,0.125,6.25e-05,0.0165,u,0.0008655479126975507
fig1a,SD2,fixed,x_half,512,0.125,6.25e-05,0.0165,v,0.0010485237037003436
fig1a,SD2,fixed,x_half,512,0.125,6.25e-05,0.017,u,0.0008992268387058022
fig1a,SD2,fixed,x_half,512,0.125,6.25e-05,0.017,v,0.001100399023831189
fig1a,SD2,fixed,x_half,512,0.125,6.25e-05,0.0175,u,0.0009340936348771756
fig1a,SD2,fixed,x_half,512,0.125,6.25e-05,0.0175,v,0.0011554577037355962
fig1a,SD2,fixed,x_half,512,0.125,6.25e-05,0.018000000000000002,u,0.0009702031365610431
fig1a,SD2,fixed,x_half,512,0.125,6.25e-05,0.018000000000000002,v,0.0012139760912750486
fig1a,SD2,fixed,x_half,512,0.125,6.25e-05,0.0185,u,0.001007612544516201
fig1a,SD2,fixed,x_half,512,0.125,6.25e-05,0.0185,v,0.0012762647259390025
fig1a,SD2,fixed,x_half,512,0.125,6.25e-05,0.019,u,0.0010463814587928777
fig1a,SD2,fixed,x_half,512,0.125,6.25e-05,0.019,v,0.0013425879289965525
fig1a,SD2,fixed,x_half,512,0.125,6.25e-05,0.0195,u,0.001086571901029787
fig1a,SD2,fixed,x_half,512,0.125,6.25e-05,0.0195,v,0.0014132952240017982
fig1a,SD2,fixed,x_half,512,0.125,6.25e-05,0.02,u,0.0011301719559677625
fig1a,SD2,fixed,x_half,512,0.125,6.25e-05,0.02,v,0.0014888331613571726
fig1a,SD2,fixed,y_half,256,0.0625,0.000125,0.0,u,0.0027374382288514187
fig1a,SD2,fixed,y_half,256,0.0625,0.000125,0.0,v,0.021042429814445818
fig1a,SD2,fixed,y_half,256,0.0625,0.000125,0.0005,u,0.002874861811019258
fig1a,SD2,fixed,y_half,256,0.0625,0.000125,0.0005,v,0.021024628308594417
fig1a,SD2,fixed,y_half,256,0.0625,0.000125,0.001,u,0.0030144366196600547
fig1a,SD2,fixed,y_half,256,0.0625,0.000125,0.001,v,0.0210067784288559
fig1a,SD2,fixed,y_half,256,0.0625,0.000125,0.0015,u,0.0031557232690595516
fig1a,SD2,fixed,y_half,256,0.0625,0.000125,0.0015,v,0.02098882795408019
fig1a,SD2,fixed,y_half,256,0.0625,0.000125,0.002,u,0.0032995126774491013
fig1a,SD2,fixed,y_half,256,0.0625,0.000125,0.002,v,0.020970724137876928
fig1a,SD2,fixed,y_half,256,0.0625,0.000125,0.0025,u,0.003444780981109119
fig1a,SD2,fixed,y_half,256,0.0625,0.000125,0.0025,v,0.020952413642766787
fig1a,SD2,fixed,y_half,256,0.0625,0.000125,0.003,u,0.003591528085323148
fig1a,SD2,fixed,y_half,256,0.0625,0.000125,0.003,v,0.020933842473618736
fig1a,SD2,fixed,y_half,256,0.0625,0.000125,0.0035,u,0.0037400319381033498
fig1a,SD2,fixed,y_half,256,0.0625,0.000125,0.0035,v,0.020916055569437653
fig1a,SD2,fixed,y_half,256,0.0625,0.000125,0.004,u,0.0038907923704003533
fig1a,SD2,fixed,y_half,256,0.0625,0.000125,0.004,v,0.02089801278345771
fig1a,SD2,fixed,y_half,256,0.0625,0.000125,0.0045000000000000005,u,0.004043030285520999
fig1a,SD2,fixed,y_half,256,0.0625,0.000125,0.0045000000000000005,v,0.020879458155206976
fig1a,SD2,fixed,y_half,256,0.0625,0.000125,0.005,u,0.004196748802385297
fig1a,SD2,fixed,y_half,256,0.0625,0.000125,0.005,v,0.02086033370029039
fig1a,SD2,fixed,y_half,256,0.0625,0.000125,0.0055,u,0.004351952815671689
fig1a,SD2,fixed,y_half,256,0.0625,0.000125,0.0055,v,0.020840580419769106
fig1a,SD2,fixed,y_half,256,0.0625,0.000125,0.006,u,0.004510822380083379
fig1a,SD2,fixed,y_half,256,0.0625,0.000125,0.006,v,0.020820138229210583
fig1a,SD2,fixed,y_half,256,0.0625,0.000125,0.006500000000000001,u,0.004671582959782761
fig1a,SD2,fixed,y_half,256,0.0625,0.000125,0.006500000000000001,v,0.02079894588698994
fig1a,SD2,fixed,y_half,256,0.0625,0.000125,0.007,u,0.004834561981542862
fig1a,SD2,fixed,y_half,256,0.0625,0.000125,0.007,v,0.020776940921383158
fig1a,SD2,fixed,y_half,256,0.0625,0.000125,0.0075,u,0.0049991934476798505
fig1a,SD2,fixed,y_half,256,0.0625,0.000125,0.0075,v,0.020754059557057447
fig1a,SD2,fixed,y_half,256,0.0625,0.000125,0.008,u,0.005165492769990898
fig1a,SD2,fixed,y_half,256,0.0625,0.000125,0.008,v,0.020730236640124966
fig1a,SD2,fixed,y_half,256,0.0625,0.000125,0.0085,u,0.005333476048586361
fig1a,SD2,fixed,y_half,256,0.0625,0.000125,0.0085,v,0.020705405562466694
fig1a,SD2,fixed,y_half,256,0.0625,0.000125,0.009000000000000001,u,0.0055034348112927844
fig1a,SD2,fixed,y_half,256,0.0625,0.000125,0.009000000000000001,v,0.02067949818487702
fig1a,SD2,fixed,y_half,256,0.0625,0.000125,0.0095,u,0.005678149514983799
fig1a,SD2,fixed,y_half,256,0.0625,0.000125,0.0095,v,0.020652444759004407
fig1a,SD2,fixed,y_half,256,0.0625,0.000125,0.01,u,0.005854823127131592
fig1a,SD2,fixed,y_half,256,0.0625,0.000125,0.01,v,0.020624173848328597
fig1a,SD2,fixed,y_half,256,0.0625,0.000125,0.0105,u,0.006037075652099988
fig1a,SD2,fixed,y_half,256,0.0625,0.000125,0.0105,v,0.02059461224780157
fig1a,SD2,fixed,y_half,256,0.0625,0.000125,0.011,u,0.0062224306018459075
fig1a,SD2,fixed,y_half,256,0.0625,0.000125,0.011,v,0.020563684902302537
fig1a,SD2,fixed,y_half,256,0.0625,0.000125,0.0115,u,0.006410279060284907
fig1a,SD2,fixed,y_half,256,0.0625,0.000125,0.0115,v,0.020531314823926117
fig1a,SD2,fixed,y_half,256,0.0625,0.000125,0.012,u,0.006600683275856722
fig1a,SD2,fixed,y_half,256,0.0625,0.000125,0.012,v,0.02049742300799484
fig1a,SD2,fixed,y_half,256,0.0625,0.000125,0.0125,u,0.006793842549785767
fig1a,SD2,fixed,y_half,256,0.0625,0.000125,0.0125,v,0.020461928347638603
fig1a,SD2,fixed,y_half,256,0.0625,0.000125,0.013000000000000001,u,0.006990163705969277
fig1a,SD2,fixed,y_half,256,0.0625,0.000125,0.013000000000000001,v,0.02042474754723056
fig1a,SD2,fixed,y_half,256,0.0625,0.000125,0.0135,u,0.007189255307519682
fig1a,SD2,fixed,y_half,256,0.0625,0.000125,0.0135,v,0.020385795034443488
fig1a,SD2,fixed,y_half,256,0.0625,0.000125,0.014,u,0.007391186497730073
fig1a,SD2,fixed,y_half,256,0.0625,0.000125,0.014,v,0.020344982870821537
fig1a,SD2,fixed,y_half,256,0.0625,0.000125,0.0145,u,0.0075960284727587535
fig1a,SD2,fixed,y_half,256,0.0625,0.000125,0.0145,v,0.02030222066110099
fig1a,SD2,fixed,y_half,256,0.0625,0.000125,0.015,u,0.007803854531894139
fig1a,SD2,fixed,y_half,256,0.0625,0.000125,0.015,v,0.020257415461127026
fig1a,SD2,fixed,y_half,256,0.0625,0.000125,0.0155,u,0.008015990165247455
fig1a,SD2,fixed,y_half,256,0.0625,0.000125,0.0155,v,0.020210471684133147
fig1a,SD2,fixed,y_half,256,0.0625,0.000125,0.016,u,0.00823155386875718
fig1a,SD2,fixed,y_half,256,0.0625,0.000125,0.016,v,0.02016129100595676
fig1a,SD2,fixed,y_half,256,0.0625,0.000125,0.0165,u,0.008450531494277325
fig1a,SD2,fixed,y_half,256,0.0625,0.000125,0.0165,v,0.020109772268446013
fig1a,SD2,fixed,y_half,256,0.0625,0.000125,0.017,u,0.008673014241639576
fig1a,SD2,fixed,y_half,256,0.0625,0.000125,0.017,v,0.02005581138165491
fig1a,SD2,fixed,y_half,256,0.0625,0.000125,0.0175,u,0.008899095988051275
fig1a,SD2,fixed,y_half,256,0.0625,0.000125,0.0175,v,0.01999930122440574
fig1a,SD2,fixed,y_half,256,0.0625,0.000125,0.018000000000000002,u,0.009128873370384039
fig1a,SD2,fixed,y_half,256,0.0625,0.000125,0.018000000000000002,v,0.019940745164022777
fig1a,SD2,fixed,y_half,256,0.0625,0.000125,0.0185,u,0.009362445872028058
fig1a,SD2,fixed,y_half,256,0.0625,0.000125,0.0185,v,0.019880326050065733
fig1a,SD2,fixed,y_half,256,0.0625,0.000125,0.019,u,0.009599915914551449
fig1a,SD2,fixed,y_half,256,0.0625,0.000125,0.019,v,0.019817120493511586
fig1a,SD2,fixed,y_half,256,0.0625,0.000125,0.0195,u,0.009841388954347385
fig1a,SD2,fixed,y_half,256,0.0625,0.000125,0.0195,v,0.01975100848724698
fig1a,SD2,fixed,y_half,256,0.0625,0.000125,0.02,u,0.010086973584514825
fig1a,SD2,fixed,y_half,256,0.0625,0.000125,0.02,v,0.019681866409545057
fig1a,SD2,fixed,domain_double,512,0.125,0.000125,0.0,u,0.002732832427538634
fig1a,SD2,fixed,domain_double,512,0.125,0.000125,0.0,v,0.010562161955241622
fig1a,SD2,fixed,domain_double,512,0.125,0.000125,0.0005,u,0.0028662235302798766
fig1a,SD2,fixed,domain_double,512,0.125,0.000125,0.0005,v,0.010541059674694653
fig1a,SD2,fixed,domain_double,512,0.125,0.000125,0.001,u,0.0030026740106752214
fig1a,SD2,fixed,domain_double,512,0.125,0.000125,0.001,v,0.010520315113141221
fig1a,SD2,fixed,domain_double,512,0.125,0.000125,0.0015,u,0.003141122413197861
fig1a,SD2,fixed,domain_double,512,0.125,0.000125,0.0015,v,0.01049987828635679
fig1a,SD2,fixed,domain_double,512,0.125,0.000125,0.002,u,0.0032825361351145332
fig1a,SD2,fixed,domain_double,512,0.125,0.000125,0.002,v,0.01047969876935051
fig1a,SD2,fixed,domain_double,512,0.125,0.000125,0.0025,u,0.003425618244592421
fig1a,SD2,fixed,domain_double,512,0.125,0.000125,0.0025,v,0.010459725632408379
fig1a,SD2,fixed,domain_double,512,0.125,0.000125,0.003,u,0.0035703850349539934
fig1a,SD2,fixed,domain_double,512,0.125,0.000125,0.003,v,0.010439907376245339
fig1a,SD2,fixed,domain_double,512,0.125,0.000125,0.0035,u,0.003718103031427722
fig1a,SD2,fixed,domain_double,512,0.125,0.000125,0.0035,v,0.01042019186604981
fig1a,SD2,fixed,domain_double,512,0.125,0.000125,0.004,u,0.0038674976338786138
fig1a,SD2,fixed,domain_double,512,0.125,0.000125,0.004,v,0.01040052626469401
fig1a,SD2,fixed,domain_double,512,0.125,0.000125,0.0045000000000000005,u,0.004018575982172479
fig1a,SD2,fixed,domain_double,512,0.125,0.000125,0.0045000000000000005,v,0.010380856964747887
fig1a,SD2,fixed,domain_double,512,0.125,0.000125,0.005,u,0.004171435952518232
fig1a,SD2,fixed,domain_double,512,0.125,0.000125,0.005,v,0.010361129519489864
fig1a,SD2,fixed,domain_double,512,0.125,0.000125,0.0055,u,0.004326990828018129
fig1a,SD2,fixed,domain_double,512,0.125,0.000125,0.0055,v,0.010341288572701668
fig1a,SD2,fixed,domain_double,512,0.125,0.000125,0.006,u,0.004484251676307505
fig1a,SD2,fixed,domain_double,512,0.125,0.000125,0.006,v,0.01032127778725922
fig1a,SD2,fixed,domain_double,512,0.125,0.000125,0.006500000000000001,u,0.0046432299284520084
fig1a,SD2,fixed,domain_double,512,0.125,0.000125,0.006500000000000001,v,0.010301039772561804
fig1a,SD2,fixed,domain_double,512,0.125,0.000125,0.007,u,0.004803937792065449
fig1a,SD2,fixed,domain_double,512,0.125,0.000125,0.007,v,0.010280516010583218
fig1a,SD2,fixed,domain_double,512,0.125,0.000125,0.0075,u,0.004966388230688734
fig1a,SD2,fixed,domain_double,512,0.125,0.000125,0.0075,v,0.010259646780640841
fig1a,SD2,fixed,domain_double,512,0.125,0.000125,0.008,u,0.005131214794037442
fig1a,SD2,fixed,domain_double,512,0.125,0.000125,0.008,v,0.010238371082747388
fig1a,SD2,fixed,domain_double,512,0.125,0.000125,0.0085,u,0.005298065986866662
fig1a,SD2,fixed,domain_double,512,0.125,0.000125,0.0085,v,0.010216626559549136
fig1a,SD2,fixed,domain_double,512,0.125,0.000125,0.009000000000000001,u,0.0054712434890262784
fig1a,SD2,fixed,domain_double,512,0.125,0.000125,0.009000000000000001,v,0.010194349416783544
fig1a,SD2,fixed,domain_double,512,0.125,0.000125,0.0095,u,0.005649291441214288
fig1a,SD2,fixed,domain_double,512,0.125,0.000125,0.0095,v,0.010171474342180131
fig1a,SD2,fixed,domain_double,512,0.125,0.000125,0.01,u,0.0058298395362639255
fig1a,SD2,fixed,domain_double,512,0.125,0.000125,0.01,v,0.01014799294408375
fig1a,SD2,fixed,domain_double,512,0.125,0.000125,0.0105,u,0.006012846917672121
fig1a,SD2,fixed,domain_double,512,0.125,0.000125,0.0105,v,0.010124939522103249
fig1a,SD2,fixed,domain_double,512,0.125,0.000125,0.011,u,0.006198371135689218
fig1a,SD2,fixed,domain_double,512,0.125,0.000125,0.011,v,0.010101183098024658
fig1a,SD2,fixed,domain_double,512,0.125,0.000125,0.0115,u,0.0063864716182704395
fig1a,SD2,fixed,domain_double,512,0.125,0.000125,0.0115,v,0.010076652766638272
fig1a,SD2,fixed,domain_double,512,0.125,0.000125,0.012,u,0.006577209706085219
fig1a,SD2,fixed,domain_double,512,0.125,0.000125,0.012,v,0.010051275682592564
fig1a,SD2,fixed,domain_double,512,0.125,0.000125,0.0125,u,0.006770648690324954
fig1a,SD2,fixed,domain_double,512,0.125,0.000125,0.0125,v,0.010024976967621502
fig1a,SD2,fixed,domain_double,512,0.125,0.000125,0.013000000000000001,u,0.006966853853370036
fig1a,SD2,fixed,domain_double,512,0.125,0.000125,0.013000000000000001,v,0.009997715492454207
fig1a,SD2,fixed,domain_double,512,0.125,0.000125,0.0135,u,0.007165892512513761
fig1a,SD2,fixed,domain_double,512,0.125,0.000125,0.0135,v,0.009971248683558587
fig1a,SD2,fixed,domain_double,512,0.125,0.000125,0.014,u,0.0073678340667875375
fig1a,SD2,fixed,domain_double,512,0.125,0.000125,0.014,v,0.009943734219469924
fig1a,SD2,fixed,domain_double,512,0.125,0.000125,0.0145,u,0.007572750047092569
fig1a,SD2,fixed,domain_double,512,0.125,0.000125,0.0145,v,0.009915089637597907
fig1a,SD2,fixed,domain_double,512,0.125,0.000125,0.015,u,0.007780714169753455
fig1a,SD2,fixed,domain_double,512,0.125,0.000125,0.015,v,0.009885229949840646
fig1a,SD2,fixed,domain_double,512,0.125,0.000125,0.0155,u,0.007992244817094818
fig1a,SD2,fixed,domain_double,512,0.125,0.000125,0.0155,v,0.009856077814227815
fig1a,SD2,fixed,domain_double,512,0.125,0.000125,0.016,u,0.008207012269070946
fig1a,SD2,fixed,domain_double,512,0.125,0.000125,0.016,v,0.00992197465003386
fig1a,SD2,fixed,domain_double,512,0.125,0.000125,0.0165,u,0.008425071959087038
fig1a,SD2,fixed,domain_double,512,0.125,0.000125,0.0165,v,0.009999643174335882
fig1a,SD2,fixed,domain_double,512,0.125,0.000125,0.017,u,0.00864650563696201
fig1a,SD2,fixed,domain_double,512,0.125,0.000125,0.017,v,0.010079686985319691
fig1a,SD2,fixed,domain_double,512,0.125,0.000125,0.0175,u,0.008873413323665424
fig1a,SD2,fixed,domain_double,512,0.125,0.000125,0.0175,v,0.010162161586640073
fig1a,SD2,fixed,domain_double,512,0.125,0.000125,0.018000000000000002,u,0.009105716957807486
fig1a,SD2,fixed,domain_double,512,0.125,0.000125,0.018000000000000002,v,0.010247124043856193
fig1a,SD2,fixed,domain_double,512,0.125,0.000125,0.0185,u,0.00934208273808057
fig1a,SD2,fixed,domain_double,512,0.125,0.000125,0.0185,v,0.010335414466087434
fig1a,SD2,fixed,domain_double,512,0.125,0.000125,0.019,u,0.009582621121569046
fig1a,SD2,fixed,domain_double,512,0.125,0.000125,0.019,v,0.010426505574123723
fig1a,SD2,fixed,domain_double,512,0.125,0.000125,0.0195,u,0.009827445872119478
fig1a,SD2,fixed,domain_double,512,0.125,0.000125,0.0195,v,0.010520354391489795
fig1a,SD2,fixed,domain_double,512,0.125,0.000125,0.02,u,0.01007667416942093
fig1a,SD2,fixed,domain_double,512,0.125,0.000125,0.02,v,0.010617028683038487
fig1a,SD2,moving,main,256,0.125,0.000125,0.0,u,0.0011762355225366505
fig1a,SD2,moving,main,256,0.125,0.000125,0.0,v,0.0026604324486840802
fig1a,SD2,moving,main,256,0.125,0.000125,0.0005,u,0.0011893243037908174
fig1a,SD2,moving,main,256,0.125,0.000125,0.0005,v,0.0026421392469084815
fig1a,SD2,moving,main,256,0.125,0.000125,0.001,u,0.0012031046237837018
fig1a,SD2,moving,main,256,0.125,0.000125,0.001,v,0.0026235946534645116
fig1a,SD2,moving,main,256,0.125,0.000125,0.0015,u,0.0012172362509141887
fig1a,SD2,moving,main,256,0.125,0.000125,0.0015,v,0.0026047684132750604
fig1a,SD2,moving,main,256,0.125,0.000125,0.002,u,0.001231591155618661
fig1a,SD2,moving,main,256,0.125,0.000125,0.002,v,0.0025856296560622383
fig1a,SD2,moving,main,256,0.125,0.000125,0.0025,u,0.0012464132783420734
fig1a,SD2,moving,main,256,0.125,0.000125,0.0025,v,0.0025663410786362917
fig1a,SD2,moving,main,256,0.125,0.000125,0.003,u,0.0012619162294389419
fig1a,SD2,moving,main,256,0.125,0.000125,0.003,v,0.0025467662007674363
fig1a,SD2,moving,main,256,0.125,0.000125,0.0035,u,0.001277676865804045
fig1a,SD2,moving,main,256,0.125,0.000125,0.0035,v,0.0025267614879380673
fig1a,SD2,moving,main,256,0.125,0.000125,0.004,u,0.0012938137294511431
fig1a,SD2,moving,main,256,0.125,0.000125,0.004,v,0.002506293828163919
fig1a,SD2,moving,main,256,0.125,0.000125,0.0045000000000000005,u,0.0013108371558023801
fig1a,SD2,moving,main,256,0.125,0.000125,0.0045000000000000005,v,0.002485329293955063
fig1a,SD2,moving,main,256,0.125,0.000125,0.005,u,0.0013281563066518398
fig1a,SD2,moving,main,256,0.125,0.000125,0.005,v,0.0024638330976878287
fig1a,SD2,moving,main,256,0.125,0.000125,0.0055,u,0.0013459319045538987
fig1a,SD2,moving,main,256,0.125,0.000125,0.0055,v,0.002441769547329331
fig1a,SD2,moving,main,256,0.125,0.000125,0.006,u,0.0013646388600916382
fig1a,SD2,moving,main,256,0.125,0.000125,0.006,v,0.00241910200255413
fig1a,SD2,moving,main,256,0.125,0.000125,0.006500000000000001,u,0.0013836835500111722
fig1a,SD2,moving,main,256,0.125,0.000125,0.006500000000000001,v,0.002395901936774969
fig1a,SD2,moving,main,256,0.125,0.000125,0.007,u,0.0014034733881835848
fig1a,SD2,moving,main,256,0.125,0.000125,0.007,v,0.0023720981841257593
fig1a,SD2,moving,main,256,0.125,0.000125,0.0075,u,0.0014240419931215165
fig1a,SD2,moving,main,256,0.125,0.000125,0.0075,v,0.002347562859199792
fig1a,SD2,moving,main,256,0.125,0.000125,0.008,u,0.0014450269288568407
fig1a,SD2,moving,main,256,0.125,0.000125,0.008,v,0.0023222564037181925
fig1a,SD2,moving,main,256,0.125,0.000125,0.0085,u,0.0014672262982426965
fig1a,SD2,moving,main,256,0.125,0.000125,0.0085,v,0.0022961381946902115
fig1a,SD2,moving,main,256,0.125,0.000125,0.009000000000000001,u,0.0014898510749645766
fig1a,SD2,moving,main,256,0.125,0.000125,0.009000000000000001,v,0.0022691665130700756
fig1a,SD2,moving,main,256,0.125,0.000125,0.0095,u,0.0015136518827780776
fig1a,SD2,moving,main,256,0.125,0.000125,0.0095,v,0.002241298514319867
fig1a,SD2,moving,main,256,0.125,0.000125,0.01,u,0.001538632971030296
fig1a,SD2,moving,main,256,0.125,0.000125,0.01,v,0.002278968551352012
fig1a,SD2,moving,main,256,0.125,0.000125,0.0105,u,0.00156693063072888
fig1a,SD2,moving,main,256,0.125,0.000125,0.0105,v,0.002337324738192148
fig1a,SD2,moving,main,256,0.125,0.000125,0.011,u,0.001596281241467823
fig1a,SD2,moving,main,256,0.125,0.000125,0.011,v,0.0023972587458793715
fig1a,SD2,moving,main,256,0.125,0.000125,0.0115,u,0.0016267235828710813
fig1a,SD2,moving,main,256,0.125,0.000125,0.0115,v,0.0024589364291787152
fig1a,SD2,moving,main,256,0.125,0.000125,0.012,u,0.0016582976407741867
fig1a,SD2,moving,main,256,0.125,0.000125,0.012,v,0.0025229262697603616
fig1a,SD2,moving,main,256,0.125,0.000125,0.0125,u,0.001691044671173536
fig1a,SD2,moving,main,256,0.125,0.000125,0.0125,v,0.002588655063550993
fig1a,SD2,moving,main,256,0.125,0.000125,0.013000000000000001,u,0.001725007269048895
fig1a,SD2,moving,main,256,0.125,0.000125,0.013000000000000001,v,0.0026561777962934574
fig1a,SD2,moving,main,256,0.125,0.000125,0.0135,u,0.001760229442539174
fig1a,SD2,moving,main,256,0.125,0.000125,0.0135,v,0.0027255516176993844
fig1a,SD2,moving,main,256,0.125,0.000125,0.014,u,0.001799300310329821
fig1a,SD2,moving,main,256,0.125,0.000125,0.014,v,0.0027968359377770202
fig1a,SD2,moving,main,256,0.125,0.000125,0.0145,u,0.0018415194455516648
fig1a,SD2,moving,main,256,0.125,0.000125,0.0145,v,0.0028701224247957846
fig1a,SD2,moving,main,256,0.125,0.000125,0.015,u,0.0018848131074238328
fig1a,SD2,moving,main,256,0.125,0.000125,0.015,v,0.0029460726912340363
fig1a,SD2,moving,main,256,0.125,0.000125,0.0155,u,0.0019297106253588492
fig1a,SD2,moving,main,256,0.125,0.000125,0.0155,v,0.0030241282405005787
fig1a,SD2,moving,main,256,0.125,0.000125,0.016,u,0.0019756645079314072
fig1a,SD2,moving,main,256,0.125,0.000125,0.016,v,0.003104358125966211
fig1a,SD2,moving,main,256,0.125,0.000125,0.0165,u,0.0020229070849078212
fig1a,SD2,moving,main,256,0.125,0.000125,0.0165,v,0.0031868341721290605
fig1a,SD2,moving,main,256,0.125,0.000125,0.017,u,0.002071762911504571
fig1a,SD2,moving,main,256,0.125,0.000125,0.017,v,0.0032716310933325055
fig1a,SD2,moving,main,256,0.125,0.000125,0.0175,u,0.002121785291538947
fig1a,SD2,moving,main,256,0.125,0.000125,0.0175,v,0.003358826616130628
fig1a,SD2,moving,main,256,0.125,0.000125,0.018000000000000002,u,0.002173005673849593
fig1a,SD2,moving,main,256,0.125,0.000125,0.018000000000000002,v,0.0034485016060852303
fig1a,SD2,moving,main,256,0.125,0.000125,0.0185,u,0.002226136519986932
fig1a,SD2,moving,main,256,0.125,0.000125,0.0185,v,0.0035407401989633325
fig1a,SD2,moving,main,256,0.125,0.000125,0.019,u,0.0022805913843744197
fig1a,SD2,moving,main,256,0.125,0.000125,0.019,v,0.0036356299357023225
fig1a,SD2,moving,main,256,0.125,0.000125,0.0195,u,0.0023363701456813324
fig1a,SD2,moving,main,256,0.125,0.000125,0.0195,v,0.0037335111707772484
fig1a,SD2,moving,main,256,0.125,0.000125,0.02,u,0.0023935928867984124
fig1a,SD2,moving,main,256,0.125,0.000125,0.02,v,0.003834435925450297
fig1a,SD2,moving,time_half,256,0.125,6.25e-05,0.0,u,0.0011762355225366505
fig1a,SD2,moving,time_half,256,0.125,6.25e-05,0.0,v,0.0026604324486840802
fig1a,SD2,moving,time_half,256,0.125,6.25e-05,0.0005,u,0.0011893243037894852
fig1a,SD2,moving,time_half,256,0.125,6.25e-05,0.0005,v,0.0026421392468942706
fig1a,SD2,moving,time_half,256,0.125,6.25e-05,0.001,u,0.001203104623785034
fig1a,SD2,moving,time_half,256,0.125,6.25e-05,0.001,v,0.0026235946534634014
fig1a,SD2,moving,time_half,256,0.125,6.25e-05,0.0015,u,0.0012172362509179635
fig1a,SD2,moving,time_half,256,0.125,6.25e-05,0.0015,v,0.0026047684132695093
fig1a,SD2,moving,time_half,256,0.125,6.25e-05,0.002,u,0.0012315911556228798
fig1a,SD2,moving,time_half,256,0.125,6.25e-05,0.002,v,0.0025856296560580194
fig1a,SD2,moving,time_half,256,0.125,6.25e-05,0.0025,u,0.001246413278349623
fig1a,SD2,moving,time_half,256,0.125,6.25e-05,0.0025,v,0.002566341078637402
fig1a,SD2,moving,time_half,256,0.125,6.25e-05,0.003,u,0.0012619162294453812
fig1a,SD2,moving,time_half,256,0.125,6.25e-05,0.003,v,0.0025467662007736536
fig1a,SD2,moving,time_half,256,0.125,6.25e-05,0.0035,u,0.0012776768658155913
fig1a,SD2,moving,time_half,256,0.125,6.25e-05,0.0035,v,0.0025267614879433964
fig1a,SD2,moving,time_half,256,0.125,6.25e-05,0.004,u,0.0012938137294631336
fig1a,SD2,moving,time_half,256,0.125,6.25e-05,0.004,v,0.0025062938281754654
fig1a,SD2,moving,time_half,256,0.125,6.25e-05,0.0045000000000000005,u,0.0013108371558145926
fig1a,SD2,moving,time_half,256,0.125,6.25e-05,0.0045000000000000005,v,0.002485329293974603
fig1a,SD2,moving,time_half,256,0.125,6.25e-05,0.005,u,0.0013281563066602775
fig1a,SD2,moving,time_half,256,0.125,6.25e-05,0.005,v,0.0024638330977124756
fig1a,SD2,moving,time_half,256,0.125,6.25e-05,0.0055,u,0.0013459319045627804
fig1a,SD2,moving,time_half,256,0.125,6.25e-05,0.0055,v,0.0024417695473508694
fig1a,SD2,moving,time_half,256,0.125,6.25e-05,0.006,u,0.0013646388600969672
fig1a,SD2,moving,time_half,256,0.125,6.25e-05,0.006,v,0.0024191020025710053
fig1a,SD2,moving,time_half,256,0.125,6.25e-05,0.006500000000000001,u,0.0013836835500229405
fig1a,SD2,moving,time_half,256,0.125,6.25e-05,0.006500000000000001,v,0.0023959019367874035
fig1a,SD2,moving,time_half,256,0.125,6.25e-05,0.007,u,0.0014034733881953532
fig1a,SD2,moving,time_half,256,0.125,6.25e-05,0.007,v,0.0023720981841457434
fig1a,SD2,moving,time_half,256,0.125,6.25e-05,0.0075,u,0.0014240419931310644
fig1a,SD2,moving,time_half,256,0.125,6.25e-05,0.0075,v,0.0023475628592211084
fig1a,SD2,moving,time_half,256,0.125,6.25e-05,0.008,u,0.0014450269288615036
fig1a,SD2,moving,time_half,256,0.125,6.25e-05,0.008,v,0.002322256403739953
fig1a,SD2,moving,time_half,256,0.125,6.25e-05,0.0085,u,0.001467226298245361
fig1a,SD2,moving,time_half,256,0.125,6.25e-05,0.0085,v,0.002296138194726849
fig1a,SD2,moving,time_half,256,0.125,6.25e-05,0.009000000000000001,u,0.0014898510749645766
fig1a,SD2,moving,time_half,256,0.125,6.25e-05,0.009000000000000001,v,0.002269166513126031
fig1a,SD2,moving,time_half,256,0.125,6.25e-05,0.0095,u,0.0015136518827785217
fig1a,SD2,moving,time_half,256,0.125,6.25e-05,0.0095,v,0.0022412985143920316
fig1a,SD2,moving,time_half,256,0.125,6.25e-05,0.01,u,0.001538632971079812
fig1a,SD2,moving,time_half,256,0.125,6.25e-05,0.01,v,0.002278968551318483
fig1a,SD2,moving,time_half,256,0.125,6.25e-05,0.0105,u,0.0015669306307817266
fig1a,SD2,moving,time_half,256,0.125,6.25e-05,0.0105,v,0.0023373247380216178
fig1a,SD2,moving,time_half,256,0.125,6.25e-05,0.011,u,0.0015962812415304395
fig1a,SD2,moving,time_half,256,0.125,6.25e-05,0.011,v,0.0023972587457108396
fig1a,SD2,moving,time_half,256,0.125,6.25e-05,0.0115,u,0.0016267235829361404
fig1a,SD2,moving,time_half,256,0.125,6.25e-05,0.0115,v,0.002458936428928027
fig1a,SD2,moving,time_half,256,0.125,6.25e-05,0.012,u,0.001658297640845463
fig1a,SD2,moving,time_half,256,0.125,6.25e-05,0.012,v,0.0025229262695320998
fig1a,SD2,moving,time_half,256,0.125,6.25e-05,0.0125,u,0.0016910446712510296
fig1a,SD2,moving,time_half,256,0.125,6.25e-05,0.0125,v,0.002588655063282319
fig1a,SD2,moving,time_half,256,0.125,6.25e-05,0.013000000000000001,u,0.0017250072691377127
fig1a,SD2,moving,time_half,256,0.125,6.25e-05,0.013000000000000001,v,0.002656177795923975
fig1a,SD2,moving,time_half,256,0.125,6.25e-05,0.0135,u,0.0017602294426402043
fig1a,SD2,moving,time_half,256,0.125,6.25e-05,0.0135,v,0.002725551617274169
fig1a,SD2,moving,time_half,256,0.125,6.25e-05,0.014,u,0.001799300310344698
fig1a,SD2,moving,time_half,256,0.125,6.25e-05,0.014,v,0.0027968359373204965
fig1a,SD2,moving,time_half,256,0.125,6.25e-05,0.0145,u,0.0018415194455669859
fig1a,SD2,moving,time_half,256,0.125,6.25e-05,0.0145,v,0.002870122424284638
fig1a,SD2,moving,time_half,256,0.125,6.25e-05,0.015,u,0.001884813107444705
fig1a,SD2,moving,time_half,256,0.125,6.25e-05,0.015,v,0.0029460726906576085
fig1a,SD2,moving,time_half,256,0.125,6.25e-05,0.0155,u,0.0019297106253786112
fig1a,SD2,moving,time_half,256,0.125,6.25e-05,0.0155,v,0.0030241282398768554
fig1a,SD2,moving,time_half,256,0.125,6.25e-05,0.016,u,0.0019756645079522794
fig1a,SD2,moving,time_half,256,0.125,6.25e-05,0.016,v,0.0031043581252601093
fig1a,SD2,moving,time_half,256,0.125,6.25e-05,0.0165,u,0.002022907084932246
fig1a,SD2,moving,time_half,256,0.125,6.25e-05,0.0165,v,0.00318683417132104
fig1a,SD2,moving,time_half,256,0.125,6.25e-05,0.017,u,0.002071762911533659
fig1a,SD2,moving,time_half,256,0.125,6.25e-05,0.017,v,0.003271631092464311
fig1a,SD2,moving,time_half,256,0.125,6.25e-05,0.0175,u,0.0021217852915715874
fig1a,SD2,moving,time_half,256,0.125,6.25e-05,0.0175,v,0.0033588266152959623
fig1a,SD2,moving,time_half,256,0.125,6.25e-05,0.018000000000000002,u,0.0021730056738837877
fig1a,SD2,moving,time_half,256,0.125,6.25e-05,0.018000000000000002,v,0.0034485016052603346
fig1a,SD2,moving,time_half,256,0.125,6.25e-05,0.0185,u,0.0022261365200282324
fig1a,SD2,moving,time_half,256,0.125,6.25e-05,0.0185,v,0.0035407401980473985
fig1a,SD2,moving,time_half,256,0.125,6.25e-05,0.019,u,0.0022805913844194947
fig1a,SD2,moving,time_half,256,0.125,6.25e-05,0.019,v,0.003635629934714224
fig1a,SD2,moving,time_half,256,0.125,6.25e-05,0.0195,u,0.002336370145724853
fig1a,SD2,moving,time_half,256,0.125,6.25e-05,0.0195,v,0.0037335111697371914
fig1a,SD2,moving,time_half,256,0.125,6.25e-05,0.02,u,0.0023935928868525913
fig1a,SD2,moving,time_half,256,0.125,6.25e-05,0.02,v,0.0038344359243824844
fig1a,SD2,moving,x_half,512,0.125,6.25e-05,0.0,u,7.549910113491265e-05
fig1a,SD2,moving,x_half,512,0.125,6.25e-05,0.0,v,0.00017276733541971012
fig1a,SD2,moving,x_half,512,0.125,6.25e-05,0.0005,u,6.888996448206619e-05
fig1a,SD2,moving,x_half,512,0.125,6.25e-05,0.0005,v,0.00016562722913215921
fig1a,SD2,moving,x_half,512,0.125,6.25e-05,0.001,u,6.237357299321289e-05
fig1a,SD2,moving,x_half,512,0.125,6.25e-05,0.001,v,0.00015854591991959488
fig1a,SD2,moving,x_half,512,0.125,6.25e-05,0.0015,u,5.590920234332941e-05
fig1a,SD2,moving,x_half,512,0.125,6.25e-05,0.0015,v,0.0001515283782675958
fig1a,SD2,moving,x_half,512,0.125,6.25e-05,0.002,u,6.0590670481142084e-05
fig1a,SD2,moving,x_half,512,0.125,6.25e-05,0.002,v,0.00014456396696083118
fig1a,SD2,moving,x_half,512,0.125,6.25e-05,0.0025,u,7.317841721454776e-05
fig1a,SD2,moving,x_half,512,0.125,6.25e-05,0.0025,v,0.00013768938643576867
fig1a,SD2,moving,x_half,512,0.125,6.25e-05,0.003,u,8.594322645971708e-05
fig1a,SD2,moving,x_half,512,0.125,6.25e-05,0.003,v,0.0001308682975975639
fig1a,SD2,moving,x_half,512,0.125,6.25e-05,0.0035,u,9.884653400438204e-05
fig1a,SD2,moving,x_half,512,0.125,6.25e-05,0.0035,v,0.00013394612767192449
fig1a,SD2,moving,x_half,512,0.125,6.25e-05,0.004,u,0.00011243478038314159
fig1a,SD2,moving,x_half,512,0.125,6.25e-05,0.004,v,0.0001399029204487423
fig1a,SD2,moving,x_half,512,0.125,6.25e-05,0.0045000000000000005,u,0.00012935562783877863
fig1a,SD2,moving,x_half,512,0.125,6.25e-05,0.0045000000000000005,v,0.00014605084659224943
fig1a,SD2,moving,x_half,512,0.125,6.25e-05,0.005,u,0.00014630353256817052
fig1a,SD2,moving,x_half,512,0.125,6.25e-05,0.005,v,0.00015242120150338323
fig1a,SD2,moving,x_half,512,0.125,6.25e-05,0.0055,u,0.00016328531294718118
fig1a,SD2,moving,x_half,512,0.125,6.25e-05,0.0055,v,0.00015932387858663688
fig1a,SD2,moving,x_half,512,0.125,6.25e-05,0.006,u,0.00018030994103646059
fig1a,SD2,moving,x_half,512,0.125,6.25e-05,0.006,v,0.00016822062840704533
fig1a,SD2,moving,x_half,512,0.125,6.25e-05,0.006500000000000001,u,0.0001973892922477738
fig1a,SD2,moving,x_half,512,0.125,6.25e-05,0.006500000000000001,v,0.00017899374397090106
fig1a,SD2,moving,x_half,512,0.125,6.25e-05,0.007,u,0.00021453916164260178
fig1a,SD2,moving,x_half,512,0.125,6.25e-05,0.007,v,0.00019003027314590248
fig1a,SD2,moving,x_half,512,0.125,6.25e-05,0.0075,u,0.00023178758074138273
fig1a,SD2,moving,x_half,512,0.125,6.25e-05,0.0075,v,0.00020139480067049575
fig1a,SD2,moving,x_half,512,0.125,6.25e-05,0.008,u,0.0002492020258080263
fig1a,SD2,moving,x_half,512,0.125,6.25e-05,0.008,v,0.000213181397332729
fig1a,SD2,moving,x_half,512,0.125,6.25e-05,0.0085,u,0.0002667859385738769
fig1a,SD2,moving,x_half,512,0.125,6.25e-05,0.0085,v,0.000225334732385285
fig1a,SD2,moving,x_half,512,0.125,6.25e-05,0.009000000000000001,u,0.0002845933510606802
fig1a,SD2,moving,x_half,512,0.125,6.25e-05,0.009000000000000001,v,0.00023780782248161714
fig1a,SD2,moving,x_half,512,0.125,6.25e-05,0.0095,u,0.0003026964743015892
fig1a,SD2,moving,x_half,512,0.125,6.25e-05,0.0095,v,0.00025063077441123127
fig1a,SD2,moving,x_half,512,0.125,6.25e-05,0.01,u,0.0003212985553724401
fig1a,SD2,moving,x_half,512,0.125,6.25e-05,0.01,v,0.00026385387707472674
fig1a,SD2,moving,x_half,512,0.125,6.25e-05,0.0105,u,0.00034043583648735165
fig1a,SD2,moving,x_half,512,0.125,6.25e-05,0.0105,v,0.000277438907281935
fig1a,SD2,moving,x_half,512,0.125,6.25e-05,0.011,u,0.0003603233509190673
fig1a,SD2,moving,x_half,512,0.125,6.25e-05,0.011,v,0.00029139599777794345
fig1a,SD2,moving,x_half,512,0.125,6.25e-05,0.0115,u,0.00038139876368181724
fig1a,SD2,moving,x_half,512,0.125,6.25e-05,0.0115,v,0.00030582447114535505
fig1a,SD2,moving,x_half,512,0.125,6.25e-05,0.012,u,0.0004038558399985792
fig1a,SD2,moving,x_half,512,0.125,6.25e-05,0.012,v,0.0003206919844958023
fig1a,SD2,moving,x_half,512,0.125,6.25e-05,0.0125,u,0.00042816459180095023
fig1a,SD2,moving,x_half,512,0.125,6.25e-05,0.0125,v,0.0003359843172696664
fig1a,SD2,moving,x_half,512,0.125,6.25e-05,0.013000000000000001,u,0.0004549528541504255
fig1a,SD2,moving,x_half,512,0.125,6.25e-05,0.013000000000000001,v,0.00035176117321533695
fig1a,SD2,moving,x_half,512,0.125,6.25e-05,0.0135,u,0.00048505804582621437
fig1a,SD2,moving,x_half,512,0.125,6.25e-05,0.0135,v,0.00036811445242768137
fig1a,SD2,moving,x_half,512,0.125,6.25e-05,0.014,u,0.0005195953285301869
fig1a,SD2,moving,x_half,512,0.125,6.25e-05,0.014,v,0.0004116290549964763
fig1a,SD2,moving,x_half,512,0.125,6.25e-05,0.0145,u,0.00056115492535036
fig1a,SD2,moving,x_half,512,0.125,6.25e-05,0.0145,v,0.00047535450532931733
fig1a,SD2,moving,x_half,512,0.125,6.25e-05,0.015,u,0.0006135307917323196
fig1a,SD2,moving,x_half,512,0.125,6.25e-05,0.015,v,0.0005586897509775035
fig1a,SD2,moving,x_half,512,0.125,6.25e-05,0.0155,u,0.0006796727716176232
fig1a,SD2,moving,x_half,512,0.125,6.25e-05,0.0155,v,0.0006690200630623533
fig1a,SD2,moving,x_half,512,0.125,6.25e-05,0.016,u,0.0007681294684316331
fig1a,SD2,moving,x_half,512,0.125,6.25e-05,0.016,v,0.0008186487569614709
fig1a,SD2,moving,x_half,512,0.125,6.25e-05,0.0165,u,0.0009071043228321418
fig1a,SD2,moving,x_half,512,0.125,6.25e-05,0.0165,v,0.001022078471186072
fig1a,SD2,moving,x_half,512,0.125,6.25e-05,0.017,u,0.0011379812089076236
fig1a,SD2,moving,x_half,512,0.125,6.25e-05,0.017,v,0.0012989995324226289
fig1a,SD2,moving,x_half,512,0.125,6.25e-05,0.0175,u,0.0014469115613067185
fig1a,SD2,moving,x_half,512,0.125,6.25e-05,0.0175,v,0.001677537147204644
fig1a,SD2,moving,x_half,512,0.125,6.25e-05,0.018000000000000002,u,0.0018607460693262912
fig1a,SD2,moving,x_half,512,0.125,6.25e-05,0.018000000000000002,v,0.002196483842564989
fig1a,SD2,moving,x_half,512,0.125,6.25e-05,0.0185,u,0.0024345881318876827
fig1a,SD2,moving,x_half,512,0.125,6.25e-05,0.0185,v,0.0029092740083473956
fig1a,SD2,moving,x_half,512,0.125,6.25e-05,0.019,u,0.003331845947561307
fig1a,SD2,moving,x_half,512,0.125,6.25e-05,0.019,v,0.0038894065844883308
fig1a,SD2,moving,x_half,512,0.125,6.25e-05,0.0195,u,0.004545254643858687
fig1a,SD2,moving,x_half,512,0.125,6.25e-05,0.0195,v,0.005251504303232846
fig1a,SD2,moving,x_half,512,0.125,6.25e-05,0.02,u,0.006181649566923797
fig1a,SD2,moving,x_half,512,0.125,6.25e-05,0.02,v,0.007142772745118098
fig1a,SD2,moving,y_half,256,0.0625,0.000125,0.0,u,0.0011921638200949047
fig1a,SD2,moving,y_half,256,0.0625,0.000125,0.0,v,0.005714222340536423
fig1a,SD2,moving,y_half,256,0.0625,0.000125,0.0005,u,0.0012126411276691673
fig1a,SD2,moving,y_half,256,0.0625,0.000125,0.0005,v,0.005701046886156025
fig1a,SD2,moving,y_half,256,0.0625,0.000125,0.001,u,0.0012333181144517091
fig1a,SD2,moving,y_half,256,0.0625,0.000125,0.001,v,0.005687757614423639
fig1a,SD2,moving,y_half,256,0.0625,0.000125,0.0015,u,0.001254666979414898
fig1a,SD2,moving,y_half,256,0.0625,0.000125,0.0015,v,0.005674016837255991
fig1a,SD2,moving,y_half,256,0.0625,0.000125,0.002,u,0.0012763880302109065
fig1a,SD2,moving,y_half,256,0.0625,0.000125,0.002,v,0.005659794240681526
fig1a,SD2,moving,y_half,256,0.0625,0.000125,0.0025,u,0.0013007205772765928
fig1a,SD2,moving,y_half,256,0.0625,0.000125,0.0025,v,0.0056450588272805025
fig1a,SD2,moving,y_half,256,0.0625,0.000125,0.003,u,0.0013303401088764488
fig1a,SD2,moving,y_half,256,0.0625,0.000125,0.003,v,0.005629778871536928
fig1a,SD2,moving,y_half,256,0.0625,0.000125,0.0035,u,0.001360576720417228
fig1a,SD2,moving,y_half,256,0.0625,0.000125,0.0035,v,0.005613921875593064
fig1a,SD2,moving,y_half,256,0.0625,0.000125,0.004,u,0.0013914542393231866
fig1a,SD2,moving,y_half,256,0.0625,0.000125,0.004,v,0.005597454525225087
fig1a,SD2,moving,y_half,256,0.0625,0.000125,0.0045000000000000005,u,0.001422997131036663
fig1a,SD2,moving,y_half,256,0.0625,0.000125,0.0045000000000000005,v,0.005580372971121017
fig1a,SD2,moving,y_half,256,0.0625,0.000125,0.005,u,0.001455230526180351
fig1a,SD2,moving,y_half,256,0.0625,0.000125,0.005,v,0.0055630681796849935
fig1a,SD2,moving,y_half,256,0.0625,0.000125,0.0055,u,0.001488180249288984
fig1a,SD2,moving,y_half,256,0.0625,0.000125,0.0055,v,0.00554503295709452
fig1a,SD2,moving,y_half,256,0.0625,0.000125,0.006,u,0.001521872849228556
fig1a,SD2,moving,y_half,256,0.0625,0.000125,0.006,v,0.0055262313812893815
fig1a,SD2,moving,y_half,256,0.0625,0.000125,0.006500000000000001,u,0.0015563356314423071
fig1a,SD2,moving,y_half,256,0.0625,0.000125,0.006500000000000001,v,0.005506626577408857
fig1a,SD2,moving,y_half,256,0.0625,0.000125,0.007,u,0.001591596692142705
fig1a,SD2,moving,y_half,256,0.0625,0.000125,0.007,v,0.005486180684339148
fig1a,SD2,moving,y_half,256,0.0625,0.000125,0.0075,u,0.0016276849546184025
fig1a,SD2,moving,y_half,256,0.0625,0.000125,0.0075,v,0.005464854823155507
fig1a,SD2,moving,y_half,256,0.0625,0.000125,0.008,u,0.0016646302078300312
fig1a,SD2,moving,y_half,256,0.0625,0.000125,0.008,v,0.00544260906696703
fig1a,SD2,moving,y_half,256,0.0625,0.000125,0.0085,u,0.0017024631474733543
fig1a,SD2,moving,y_half,256,0.0625,0.000125,0.0085,v,0.005419402412904395
fig1a,SD2,moving,y_half,256,0.0625,0.000125,0.009000000000000001,u,0.0017412154197185004
fig1a,SD2,moving,y_half,256,0.0625,0.000125,0.009000000000000001,v,0.005395192756348477
fig1a,SD2,moving,y_half,256,0.0625,0.000125,0.0095,u,0.00178091966787286
fig1a,SD2,moving,y_half,256,0.0625,0.000125,0.0095,v,0.005370172761811398
fig1a,SD2,moving,y_half,256,0.0625,0.000125,0.01,u,0.001821609582179251
fig1a,SD2,moving,y_half,256,0.0625,0.000125,0.01,v,0.005344282814238044
fig1a,SD2,moving,y_half,256,0.0625,0.000125,0.0105,u,0.001863319953044229
fig1a,SD2,moving,y_half,256,0.0625,0.000125,0.0105,v,0.005317259563215382
fig1a,SD2,moving,y_half,256,0.0625,0.000125,0.011,u,0.001906086728019618
fig1a,SD2,moving,y_half,256,0.0625,0.000125,0.011,v,0.0052890585638782905
fig1a,SD2,moving,y_half,256,0.0625,0.000125,0.0115,u,0.0019499470728110424
fig1a,SD2,moving,y_half,256,0.0625,0.000125,0.0115,v,0.005259634345064157
fig1a,SD2,moving,y_half,256,0.0625,0.000125,0.012,u,0.0019949394367166917
fig1a,SD2,moving,y_half,256,0.0625,0.000125,0.012,v,0.005228940414949035
fig1a,SD2,moving,y_half,256,0.0625,0.000125,0.0125,u,0.0020411036228877855
fig1a,SD2,moving,y_half,256,0.0625,0.000125,0.0125,v,0.00519692927215698
fig1a,SD2,moving,y_half,256,0.0625,0.000125,0.013000000000000001,u,0.0020885107787851354
fig1a,SD2,moving,y_half,256,0.0625,0.000125,0.013000000000000001,v,0.005163552423080864
fig1a,SD2,moving,y_half,256,0.0625,0.000125,0.0135,u,0.002137328344121503
fig1a,SD2,moving,y_half,256,0.0625,0.000125,0.0135,v,0.005129246589014258
fig1a,SD2,moving,y_half,256,0.0625,0.000125,0.014,u,0.0021874619611312873
fig1a,SD2,moving,y_half,256,0.0625,0.000125,0.014,v,0.00509362209688069
fig1a,SD2,moving,y_half,256,0.0625,0.000125,0.0145,u,0.002238958592358564
fig1a,SD2,moving,y_half,256,0.0625,0.000125,0.0145,v,0.00505650993316098
fig1a,SD2,moving,y_half,256,0.0625,0.000125,0.015,u,0.0022918670401919083
fig1a,SD2,moving,y_half,256,0.0625,0.000125,0.015,v,0.005017861899035747
fig1a,SD2,moving,y_half,256,0.0625,0.000125,0.0155,u,0.0023462380583065823
fig1a,SD2,moving,y_half,256,0.0625,0.000125,0.0155,v,0.0049776292622276674
fig1a,SD2,moving,y_half,256,0.0625,0.000125,0.016,u,0.002402124472032252
fig1a,SD2,moving,y_half,256,0.0625,0.000125,0.016,v,0.004936540301851977
fig1a,SD2,moving,y_half,256,0.0625,0.000125,0.0165,u,0.002459581308371206
fig1a,SD2,moving,y_half,256,0.0625,0.000125,0.0165,v,0.004893906710152551
fig1a,SD2,moving,y_half,256,0.0625,0.000125,0.017,u,0.002518665936613207
fig1a,SD2,moving,y_half,256,0.0625,0.000125,0.017,v,0.004849594796444867
fig1a,SD2,moving,y_half,256,0.0625,0.000125,0.0175,u,0.0025794382205150956
fig1a,SD2,moving,y_half,256,0.0625,0.000125,0.0175,v,0.004804321913577825
fig1a,SD2,moving,y_half,256,0.0625,0.000125,0.018000000000000002,u,0.0026419606830909714
fig1a,SD2,moving,y_half,256,0.0625,0.000125,0.018000000000000002,v,0.0047577191568421995
fig1a,SD2,moving,y_half,256,0.0625,0.000125,0.0185,u,0.0027062986852326443
fig1a,SD2,moving,y_half,256,0.0625,0.000125,0.0185,v,0.004709865959389159
fig1a,SD2,moving,y_half,256,0.0625,0.000125,0.019,u,0.002772520619436891
fig1a,SD2,moving,y_half,256,0.0625,0.000125,0.019,v,0.004661214407102099
fig1a,SD2,moving,y_half,256,0.0625,0.000125,0.0195,u,0.002840698120019969
fig1a,SD2,moving,y_half,256,0.0625,0.000125,0.0195,v,0.0046117766097695245
fig1a,SD2,moving,y_half,256,0.0625,0.000125,0.02,u,0.0029109062914312034
fig1a,SD2,moving,y_half,256,0.0625,0.000125,0.02,v,0.004561614247363455
fig1a,SD2,moving,domain_double,512,0.125,0.000125,0.0,u,0.00113017738105059
fig1a,SD2,moving,domain_double,512,0.125,0.000125,0.0,v,0.002567482496613982
fig1a,SD2,moving,domain_double,512,0.125,0.000125,0.0005,u,0.0011438140834920674
fig1a,SD2,moving,domain_double,512,0.125,0.000125,0.0005,v,0.00254957744532347
fig1a,SD2,moving,domain_double,512,0.125,0.000125,0.001,u,0.0011581131305589132
fig1a,SD2,moving,domain_double,512,0.125,0.000125,0.001,v,0.0025314301218783974
fig1a,SD2,moving,domain_double,512,0.125,0.000125,0.0015,u,0.0011726525731010629
fig1a,SD2,moving,domain_double,512,0.125,0.000125,0.0015,v,0.00251301081717048
fig1a,SD2,moving,domain_double,512,0.125,0.000125,0.002,u,0.0011874384713783659
fig1a,SD2,moving,domain_double,512,0.125,0.000125,0.002,v,0.0024942892035535458
fig1a,SD2,moving,domain_double,512,0.125,0.000125,0.0025,u,0.0012029255199981215
fig1a,SD2,moving,domain_double,512,0.125,0.000125,0.0025,v,0.002475313261707468
fig1a,SD2,moving,domain_double,512,0.125,0.000125,0.003,u,0.001218875292112731
fig1a,SD2,moving,domain_double,512,0.125,0.000125,0.003,v,0.00245615895676643
fig1a,SD2,moving,domain_double,512,0.125,0.000125,0.0035,u,0.0012351074958467656
fig1a,SD2,moving,domain_double,512,0.125,0.000125,0.0035,v,0.002436586803692631
fig1a,SD2,moving,domain_double,512,0.125,0.000125,0.004,u,0.001251848300654057
fig1a,SD2,moving,domain_double,512,0.125,0.000125,0.004,v,0.0024165641808060467
fig1a,SD2,moving,domain_double,512,0.125,0.000125,0.0045000000000000005,u,0.0012693598091153557
fig1a,SD2,moving,domain_double,512,0.125,0.000125,0.0045000000000000005,v,0.0023960576431327762
fig1a,SD2,moving,domain_double,512,0.125,0.000125,0.005,u,0.0012871934534017804
fig1a,SD2,moving,domain_double,512,0.125,0.000125,0.005,v,0.0023750328769014395
fig1a,SD2,moving,domain_double,512,0.125,0.000125,0.0055,u,0.0013054578307012399
fig1a,SD2,moving,domain_double,512,0.125,0.000125,0.0055,v,0.002353454654238085
fig1a,SD2,moving,domain_double,512,0.125,0.000125,0.006,u,0.0013246963323676475
fig1a,SD2,moving,domain_double,512,0.125,0.000125,0.006,v,0.002331286788177067
fig1a,SD2,moving,domain_double,512,0.125,0.000125,0.006500000000000001,u,0.0013443007532447648
fig1a,SD2,moving,domain_double,512,0.125,0.000125,0.006500000000000001,v,0.0023084920881331072
fig1a,SD2,moving,domain_double,512,0.125,0.000125,0.007,u,0.0013644077021743861
fig1a,SD2,moving,domain_double,512,0.125,0.000125,0.007,v,0.002285086731890207
fig1a,SD2,moving,domain_double,512,0.125,0.000125,0.0075,u,0.0013855534595703656
fig1a,SD2,moving,domain_double,512,0.125,0.000125,0.0075,v,0.0022610775910612
fig1a,SD2,moving,domain_double,512,0.125,0.000125,0.008,u,0.0014071134062663138
fig1a,SD2,moving,domain_double,512,0.125,0.000125,0.008,v,0.0022363132000644548
fig1a,SD2,moving,domain_double,512,0.125,0.000125,0.0085,u,0.0014294313422702487
fig1a,SD2,moving,domain_double,512,0.125,0.000125,0.0085,v,0.00221075328272069
fig1a,SD2,moving,domain_double,512,0.125,0.000125,0.009000000000000001,u,0.001452680948782259
fig1a,SD2,moving,domain_double,512,0.125,0.000125,0.009000000000000001,v,0.0021843564486805356
fig1a,SD2,moving,domain_double,512,0.125,0.000125,0.0095,u,0.0014763979751646339
fig1a,SD2,moving,domain_double,512,0.125,0.000125,0.0095,v,0.0021570801627330827
fig1a,SD2,moving,domain_double,512,0.125,0.000125,0.01,u,0.0015013449839909043
fig1a,SD2,moving,domain_double,512,0.125,0.000125,0.01,v,0.002202925205986528
fig1a,SD2,moving,domain_double,512,0.125,0.000125,0.0105,u,0.0015269128893811157
fig1a,SD2,moving,domain_double,512,0.125,0.000125,0.0105,v,0.0022598970742824243
fig1a,SD2,moving,domain_double,512,0.125,0.000125,0.011,u,0.0015535082093007802
fig1a,SD2,moving,domain_double,512,0.125,0.000125,0.011,v,0.0023188117868198077
fig1a,SD2,moving,domain_double,512,0.125,0.000125,0.0115,u,0.001581051091632757
fig1a,SD2,moving,domain_double,512,0.125,0.000125,0.0115,v,0.0023796459579641382
fig1a,SD2,moving,domain_double,512,0.125,0.000125,0.012,u,0.0016096128708451563
fig1a,SD2,moving,domain_double,512,0.125,0.000125,0.012,v,0.002442141979350776
fig1a,SD2,moving,domain_double,512,0.125,0.000125,0.0125,u,0.0016392614233802227
fig1a,SD2,moving,domain_double,512,0.125,0.000125,0.0125,v,0.0025063527758728554
fig1a,SD2,moving,domain_double,512,0.125,0.000125,0.013000000000000001,u,0.0016701400766225838
fig1a,SD2,moving,domain_double,512,0.125,0.000125,0.013000000000000001,v,0.00257233337250784
fig1a,SD2,moving,domain_double,512,0.125,0.000125,0.0135,u,0.0017020658576496484
fig1a,SD2,moving,domain_double,512,0.125,0.000125,0.0135,v,0.002640140989304207
fig1a,SD2,moving,domain_double,512,0.125,0.000125,0.014,u,0.0017356090413345182
fig1a,SD2,moving,domain_double,512,0.125,0.000125,0.014,v,0.002710228361507694
fig1a,SD2,moving,domain_double,512,0.125,0.000125,0.0145,u,0.00177055866015019
fig1a,SD2,moving,domain_double,512,0.125,0.000125,0.0145,v,0.0027824843920294384
fig1a,SD2,moving,domain_double,512,0.125,0.000125,0.015,u,0.0018071920013804643
fig1a,SD2,moving,domain_double,512,0.125,0.000125,0.015,v,0.002856754762233349
fig1a,SD2,moving,domain_double,512,0.125,0.000125,0.0155,u,0.0018480593951759605
fig1a,SD2,moving,domain_double,512,0.125,0.000125,0.0155,v,0.0029331060618384974
fig1a,SD2,moving,domain_double,512,0.125,0.000125,0.016,u,0.001891720706928668
fig1a,SD2,moving,domain_double,512,0.125,0.000125,0.016,v,0.003011607580560849
fig1a,SD2,moving,domain_double,512,0.125,0.000125,0.0165,u,0.001936935810758822
fig1a,SD2,moving,domain_double,512,0.125,0.000125,0.0165,v,0.003092331424998207
fig1a,SD2,moving,domain_double,512,0.125,0.000125,0.017,u,0.0019835547953024335
fig1a,SD2,moving,domain_double,512,0.125,0.000125,0.017,v,0.003175352640386375
fig1a,SD2,moving,domain_double,512,0.125,0.000125,0.0175,u,0.002031806019755944
fig1a,SD2,moving,domain_double,512,0.125,0.000125,0.0175,v,0.0032607493360317097
fig1a,SD2,moving,domain_double,512,0.125,0.000125,0.018000000000000002,u,0.0020814309216499183
fig1a,SD2,moving,domain_double,512,0.125,0.000125,0.018000000000000002,v,0.0033486028153866254
fig1a,SD2,moving,domain_double,512,0.125,0.000125,0.0185,u,0.0021324784938356878
fig1a,SD2,moving,domain_double,512,0.125,0.000125,0.0185,v,0.0034391449517601203
fig1a,SD2,moving,domain_double,512,0.125,0.000125,0.019,u,0.00218527385071976
fig1a,SD2,moving,domain_double,512,0.125,0.000125,0.019,v,0.003532595924518711
fig1a,SD2,moving,domain_double,512,0.125,0.000125,0.0195,u,0.002239365543982741
fig1a,SD2,moving,domain_double,512,0.125,0.000125,0.0195,v,0.0036287578656788444
fig1a,SD2,moving,domain_double,512,0.125,0.000125,0.02,u,0.0022950237216483593
fig1a,SD2,moving,domain_double,512,0.125,0.000125,0.02,v,0.003727725186697839
fig1b,SD2,fixed,main,256,0.125,0.000125,0.0,u,6.9816601371841536e-06
fig1b,SD2,fixed,main,256,0.125,0.000125,0.0,v,2.601012891867427e-05
fig1b,SD2,fixed,main,256,0.125,0.000125,0.0005,u,7.234448585746733e-06
fig1b,SD2,fixed,main,256,0.125,0.000125,0.0005,v,2.604316647769611e-05
fig1b,SD2,fixed,main,256,0.125,0.000125,0.001,u,7.487492098112725e-06
fig1b,SD2,fixed,main,256,0.125,0.000125,0.001,v,2.6073909806578754e-05
fig1b,SD2,fixed,main,256,0.125,0.000125,0.0015,u,7.752429873664202e-06
fig1b,SD2,fixed,main,256,0.125,0.000125,0.0015,v,2.610235748484735e-05
fig1b,SD2,fixed,main,256,0.125,0.000125,0.002,u,8.019369370060314e-06
fig1b,SD2,fixed,main,256,0.125,0.000125,0.002,v,2.613010352287004e-05
fig1b,SD2,fixed,main,256,0.125,0.000125,0.0025,u,8.286821620129281e-06
fig1b,SD2,fixed,main,256,0.125,0.000125,0.0025,v,2.615666613930978e-05
fig1b,SD2,fixed,main,256,0.125,0.000125,0.003,u,8.554776034008782e-06
fig1b,SD2,fixed,main,256,0.125,0.000125,0.003,v,2.618093003198263e-05
fig1b,SD2,fixed,main,256,0.125,0.000125,0.0035,u,8.823222096887573e-06
fig1b,SD2,fixed,main,256,0.125,0.000125,0.0035,v,2.62028944204018e-05
fig1b,SD2,fixed,main,256,0.125,0.000125,0.004,u,9.092149355849344e-06
fig1b,SD2,fixed,main,256,0.125,0.000125,0.004,v,2.622255874501489e-05
fig1b,SD2,fixed,main,256,0.125,0.000125,0.0045000000000000005,u,9.361547432862327e-06
fig1b,SD2,fixed,main,256,0.125,0.000125,0.0045000000000000005,v,2.6240771234808946e-05
fig1b,SD2,fixed,main,256,0.125,0.000125,0.005,u,9.63140602100454e-06
fig1b,SD2,fixed,main,256,0.125,0.000125,0.005,v,2.6258472340057182e-05
fig1b,SD2,fixed,main,256,0.125,0.000125,0.0055,u,9.901714888904678e-06
fig1b,SD2,fixed,main,256,0.125,0.000125,0.0055,v,2.627387213338661e-05
fig1b,SD2,fixed,main,256,0.125,0.000125,0.006,u,1.017249185297775e-05
fig1b,SD2,fixed,main,256,0.125,0.000125,0.006,v,2.6286970691180578e-05
fig1b,SD2,fixed,main,256,0.125,0.000125,0.006500000000000001,u,1.0443728455045154e-05
fig1b,SD2,fixed,main,256,0.125,0.000125,0.006500000000000001,v,2.6297768362604224e-05
fig1b,SD2,fixed,main,256,0.125,0.000125,0.007,u,1.0715394059002126e-05
fig1b,SD2,fixed,main,256,0.125,0.000125,0.007,v,2.630626572153183e-05
fig1b,SD2,fixed,main,256,0.125,0.000125,0.0075,u,1.0987478643975646e-05
fig1b,SD2,fixed,main,256,0.125,0.000125,0.0075,v,2.6312519745219642e-05
fig1b,SD2,fixed,main,256,0.125,0.000125,0.008,u,1.1259972263977236e-05
fig1b,SD2,fixed,main,256,0.125,0.000125,0.008,v,2.631897359234303e-05
fig1b,SD2,fixed,main,256,0.125,0.000125,0.0085,u,1.1532865059615816e-05
fig1b,SD2,fixed,main,256,0.125,0.000125,0.0085,v,2.632312822636873e-05
fig1b,SD2,fixed,main,256,0.125,0.000125,0.009000000000000001,u,1.1806147251935961e-05
fig1b,SD2,fixed,main,256,0.125,0.000125,0.009000000000000001,v,2.6324984885806035e-05
fig1b,SD2,fixed,main,256,0.125,0.000125,0.0095,u,1.207980915263196e-05
fig1b,SD2,fixed,main,256,0.125,0.000125,0.0095,v,2.6324545058298288e-05
fig1b,SD2,fixed,main,256,0.125,0.000125,0.01,u,1.2353841161494294e-05
fig1b,SD2,fixed,main,256,0.125,0.000125,0.01,v,2.6321810483842523e-05
fig1b,SD2,fixed,main,256,0.125,0.000125,0.0105,u,1.262823376274591e-05
fig1b,SD2,fixed,main,256,0.125,0.000125,0.0105,v,2.6316866061304456e-05
fig1b,SD2,fixed,main,256,0.125,0.000125,0.011,u,1.29029775354228e-05
fig1b,SD2,fixed,main,256,0.125,0.000125,0.011,v,2.6312027832597895e-05
fig1b,SD2,fixed,main,256,0.125,0.000125,0.0115,u,1.3178063148766572e-05
fig1b,SD2,fixed,main,256,0.125,0.000125,0.0115,v,2.630489831678684e-05
fig1b,SD2,fixed,main,256,0.125,0.000125,0.012,u,1.3453481368053133e-05
fig1b,SD2,fixed,main,256,0.125,0.000125,0.012,v,2.6295479915283693e-05
fig1b,SD2,fixed,main,256,0.125,0.000125,0.0125,u,1.3729223055591877e-05
fig1b,SD2,fixed,main,256,0.125,0.000125,0.0125,v,2.6283775288571398e-05
fig1b,SD2,fixed,main,256,0.125,0.000125,0.013000000000000001,u,1.4005279169060358e-05
fig1b,SD2,fixed,main,256,0.125,0.000125,0.013000000000000001,v,2.626978732422902e-05
fig1b,SD2,fixed,main,256,0.125,0.000125,0.0135,u,1.42816407630586e-05
fig1b,SD2,fixed,main,256,0.125,0.000125,0.0135,v,2.6255457311774588e-05
fig1b,SD2,fixed,main,256,0.125,0.000125,0.014,u,1.4558298998046393e-05
fig1b,SD2,fixed,main,256,0.125,0.000125,0.014,v,2.623932875772672e-05
fig1b,SD2,fixed,main,256,0.125,0.000125,0.0145,u,1.4835245130129238e-05
fig1b,SD2,fixed,main,256,0.125,0.000125,0.0145,v,2.622092269222165e-05
fig1b,SD2,fixed,main,256,0.125,0.000125,0.015,u,1.5112470526379429e-05
fig1b,SD2,fixed,main,256,0.125,0.000125,0.015,v,2.6200242667751006e-05
fig1b,SD2,fixed,main,256,0.125,0.000125,0.0155,u,1.5389966651402354e-05
fig1b,SD2,fixed,main,256,0.125,0.000125,0.0155,v,2.6190912065626737e-05
fig1b,SD2,fixed,main,256,0.125,0.000125,0.016,u,1.5667725077606054e-05
fig1b,SD2,fixed,main,256,0.125,0.000125,0.016,v,2.6234176798534126e-05
fig1b,SD2,fixed,main,256,0.125,0.000125,0.0165,u,1.5945737489420075e-05
fig1b,SD2,fixed,main,256,0.125,0.000125,0.0165,v,2.62751561372343e-05
fig1b,SD2,fixed,main,256,0.125,0.000125,0.017,u,1.6223995675024305e-05
fig1b,SD2,fixed,main,256,0.125,0.000125,0.017,v,2.6314244863379077e-05
fig1b,SD2,fixed,main,256,0.125,0.000125,0.0175,u,1.650249153772876e-05
fig1b,SD2,fixed,main,256,0.125,0.000125,0.0175,v,2.635335406703243e-05
fig1b,SD2,fixed,main,256,0.125,0.000125,0.018000000000000002,u,1.678121709175473e-05
fig1b,SD2,fixed,main,256,0.125,0.000125,0.018000000000000002,v,2.6390168987477924e-05
fig1b,SD2,fixed,main,256,0.125,0.000125,0.0185,u,1.7060164461180083e-05
fig1b,SD2,fixed,main,256,0.125,0.000125,0.0185,v,2.642468596547598e-05
fig1b,SD2,fixed,main,256,0.125,0.000125,0.019,u,1.73393258906529e-05
fig1b,SD2,fixed,main,256,0.125,0.000125,0.019,v,2.6456901572047276e-05
fig1b,SD2,fixed,main,256,0.125,0.000125,0.0195,u,1.7618693736176638e-05
fig1b,SD2,fixed,main,256,0.125,0.000125,0.0195,v,2.6488287795167764e-05
fig1b,SD2,fixed,main,256,0.125,0.000125,0.02,u,1.7898260469273453e-05
fig1b,SD2,fixed,main,256,0.125,0.000125,0.02,v,2.6518541901388026e-05
fig1b,SD2,fixed,time_half,256,0.125,6.25e-05,0.0,u,6.9816601371841536e-06
fig1b,SD2,fixed,time_half,256,0.125,6.25e-05,0.0,v,2.601012891867427e-05
fig1b,SD2,fixed,time_half,256,0.125,6.25e-05,0.0005,u,7.234448586634912e-06
fig1b,SD2,fixed,time_half,256,0.125,6.25e-05,0.0005,v,2.6043166480638202e-05
fig1b,SD2,fixed,time_half,256,0.125,6.25e-05,0.001,u,7.487492097946191e-06
fig1b,SD2,fixed,time_half,256,0.125,6.25e-05,0.001,v,2.607390980885471e-05
fig1b,SD2,fixed,time_half,256,0.125,6.25e-05,0.0015,u,7.752429873886246e-06
fig1b,SD2,fixed,time_half,256,0.125,6.25e-05,0.0015,v,2.61023574776309e-05
fig1b,SD2,fixed,time_half,256,0.125,6.25e-05,0.002,u,8.019369371559115e-06
fig1b,SD2,fixed,time_half,256,0.125,6.25e-05,0.002,v,2.6130103510602076e-05
fig1b,SD2,fixed,time_half,256,0.125,6.25e-05,0.0025,u,8.286821616965145e-06
fig1b,SD2,fixed,time_half,256,0.125,6.25e-05,0.0025,v,2.6156666131760264e-05
fig1b,SD2,fixed,time_half,256,0.125,6.25e-05,0.003,u,8.554776031566291e-06
fig1b,SD2,fixed,time_half,256,0.125,6.25e-05,0.003,v,2.6180930034980232e-05
fig1b,SD2,fixed,time_half,256,0.125,6.25e-05,0.0035,u,8.823222093556904e-06
fig1b,SD2,fixed,time_half,256,0.125,6.25e-05,0.0035,v,2.620289442228918e-05
fig1b,SD2,fixed,time_half,256,0.125,6.25e-05,0.004,u,9.092149351408452e-06
fig1b,SD2,fixed,time_half,256,0.125,6.25e-05,0.004,v,2.622255874118462e-05
fig1b,SD2,fixed,time_half,256,0.125,6.25e-05,0.0045000000000000005,u,9.361547427588768e-06
fig1b,SD2,fixed,time_half,256,0.125,6.25e-05,0.0045000000000000005,v,2.624077122481694e-05
fig1b,SD2,fixed,time_half,256,0.125,6.25e-05,0.005,u,9.631406015953026e-06
fig1b,SD2,fixed,time_half,256,0.125,6.25e-05,0.005,v,2.6258472324736104e-05
fig1b,SD2,fixed,time_half,256,0.125,6.25e-05,0.0055,u,9.901714884297252e-06
fig1b,SD2,fixed,time_half,256,0.125,6.25e-05,0.0055,v,2.6273872107185348e-05
fig1b,SD2,fixed,time_half,256,0.125,6.25e-05,0.006,u,1.0172491848481346e-05
fig1b,SD2,fixed,time_half,256,0.125,6.25e-05,0.006,v,2.6286970661204556e-05
fig1b,SD2,fixed,time_half,256,0.125,6.25e-05,0.006500000000000001,u,1.0443728450326706e-05
fig1b,SD2,fixed,time_half,256,0.125,6.25e-05,0.006500000000000001,v,2.629776832729913e-05
fig1b,SD2,fixed,time_half,256,0.125,6.25e-05,0.007,u,1.0715394054117144e-05
fig1b,SD2,fixed,time_half,256,0.125,6.25e-05,0.007,v,2.6306265691555808e-05
fig1b,SD2,fixed,time_half,256,0.125,6.25e-05,0.0075,u,1.0987478636814707e-05
fig1b,SD2,fixed,time_half,256,0.125,6.25e-05,0.0075,v,2.6312519716298333e-05
fig1b,SD2,fixed,time_half,256,0.125,6.25e-05,0.008,u,1.1259972257704476e-05
fig1b,SD2,fixed,time_half,256,0.125,6.25e-05,0.008,v,2.6318973560091052e-05
fig1b,SD2,fixed,time_half,256,0.125,6.25e-05,0.0085,u,1.1532865050123409e-05
fig1b,SD2,fixed,time_half,256,0.125,6.25e-05,0.0085,v,2.6323128193339596e-05
fig1b,SD2,fixed,time_half,256,0.125,6.25e-05,0.009000000000000001,u,1.1806147242499065e-05
fig1b,SD2,fixed,time_half,256,0.125,6.25e-05,0.009000000000000001,v,2.6324984852887923e-05
fig1b,SD2,fixed,time_half,256,0.125,6.25e-05,0.0095,u,1.207980914297302e-05
fig1b,SD2,fixed,time_half,256,0.125,6.25e-05,0.0095,v,2.632454502615733e-05
fig1b,SD2,fixed,time_half,256,0.125,6.25e-05,0.01,u,1.2353841149836953e-05
fig1b,SD2,fixed,time_half,256,0.125,6.25e-05,0.01,v,2.632181045714166e-05
fig1b,SD2,fixed,time_half,256,0.125,6.25e-05,0.0105,u,1.2628233750311413e-05
fig1b,SD2,fixed,time_half,256,0.125,6.25e-05,0.0105,v,2.6316866026998564e-05
fig1b,SD2,fixed,time_half,256,0.125,6.25e-05,0.011,u,1.2902977517770253e-05
fig1b,SD2,fixed,time_half,256,0.125,6.25e-05,0.011,v,2.6312027797958937e-05
fig1b,SD2,fixed,time_half,256,0.125,6.25e-05,0.0115,u,1.3178063127727846e-05
fig1b,SD2,fixed,time_half,256,0.125,6.25e-05,0.0115,v,2.6304898287587974e-05
fig1b,SD2,fixed,time_half,256,0.125,6.25e-05,0.012,u,1.3453481346459295e-05
fig1b,SD2,fixed,time_half,256,0.125,6.25e-05,0.012,v,2.6295479896576435e-05
fig1b,SD2,fixed,time_half,256,0.125,6.25e-05,0.0125,u,1.372922303305435e-05
fig1b,SD2,fixed,time_half,256,0.125,6.25e-05,0.0125,v,2.6283775268254317e-05
fig1b,SD2,fixed,time_half,256,0.125,6.25e-05,0.013000000000000001,u,1.4005279141859894e-05
fig1b,SD2,fixed,time_half,256,0.125,6.25e-05,0.013000000000000001,v,2.62697873091855e-05
fig1b,SD2,fixed,time_half,256,0.125,6.25e-05,0.0135,u,1.4281640735969159e-05
fig1b,SD2,fixed,time_half,256,0.125,6.25e-05,0.0135,v,2.6255457299118046e-05
fig1b,SD2,fixed,time_half,256,0.125,6.25e-05,0.014,u,1.4558298971067973e-05
fig1b,SD2,fixed,time_half,256,0.125,6.25e-05,0.014,v,2.623932875572832e-05
fig1b,SD2,fixed,time_half,256,0.125,6.25e-05,0.0145,u,1.4835245103483885e-05
fig1b,SD2,fixed,time_half,256,0.125,6.25e-05,0.0145,v,2.6220922685615822e-05
fig1b,SD2,fixed,time_half,256,0.125,6.25e-05,0.015,u,1.5112470498179764e-05
fig1b,SD2,fixed,time_half,256,0.125,6.25e-05,0.015,v,2.6200242655538553e-05
fig1b,SD2,fixed,time_half,256,0.125,6.25e-05,0.0155,u,1.53899666217594e-05
fig1b,SD2,fixed,time_half,256,0.125,6.25e-05,0.0155,v,2.6190911971146758e-05
fig1b,SD2,fixed,time_half,256,0.125,6.25e-05,0.016,u,1.5667725046741854e-05
fig1b,SD2,fixed,time_half,256,0.125,6.25e-05,0.016,v,2.6234176709938328e-05
fig1b,SD2,fixed,time_half,256,0.125,6.25e-05,0.0165,u,1.5945737455225206e-05
fig1b,SD2,fixed,time_half,256,0.125,6.25e-05,0.0165,v,2.6275156062793847e-05
fig1b,SD2,fixed,time_half,256,0.125,6.25e-05,0.017,u,1.622399564060739e-05
fig1b,SD2,fixed,time_half,256,0.125,6.25e-05,0.017,v,2.6314244792768893e-05
fig1b,SD2,fixed,time_half,256,0.125,6.25e-05,0.0175,u,1.6502491502812244e-05
fig1b,SD2,fixed,time_half,256,0.125,6.25e-05,0.0175,v,2.6353353991037665e-05
fig1b,SD2,fixed,time_half,256,0.125,6.25e-05,0.018000000000000002,u,1.678121705600555e-05
fig1b,SD2,fixed,time_half,256,0.125,6.25e-05,0.018000000000000002,v,2.6390168907486355e-05
fig1b,SD2,fixed,time_half,256,0.125,6.25e-05,0.0185,u,1.7060164427540325e-05
fig1b,SD2,fixed,time_half,256,0.125,6.25e-05,0.0185,v,2.6424685884762766e-05
fig1b,SD2,fixed,time_half,256,0.125,6.25e-05,0.019,u,1.7339325855181276e-05
fig1b,SD2,fixed,time_half,256,0.125,6.25e-05,0.019,v,2.645690149605251e-05
fig1b,SD2,fixed,time_half,256,0.125,6.25e-05,0.0195,u,1.761869369809599e-05
fig1b,SD2,fixed,time_half,256,0.125,6.25e-05,0.0195,v,2.648828771018019e-05
fig1b,SD2,fixed,time_half,256,0.125,6.25e-05,0.02,u,1.7898260431747914e-05
fig1b,SD2,fixed,time_half,256,0.125,6.25e-05,0.02,v,2.6518541820397257e-05
fig1b,SD2,fixed,x_half,512,0.125,6.25e-05,0.0,u,4.398349381373734e-07
fig1b,SD2,fixed,x_half,512,0.125,6.25e-05,0.0,v,1.6555466716416944e-06
fig1b,SD2,fixed,x_half,512,0.125,6.25e-05,0.0005,u,6.871392567164847e-07
fig1b,SD2,fixed,x_half,512,0.125,6.25e-05,0.0005,v,1.6805210585335573e-06
fig1b,SD2,fixed,x_half,512,0.125,6.25e-05,0.001,u,9.6457605897049e-07
fig1b,SD2,fixed,x_half,512,0.125,6.25e-05,0.001,v,1.721004427301942e-06
fig1b,SD2,fixed,x_half,512,0.125,6.25e-05,0.0015,u,1.2827652907110298e-06
fig1b,SD2,fixed,x_half,512,0.125,6.25e-05,0.0015,v,1.7601125932853456e-06
fig1b,SD2,fixed,x_half,512,0.125,6.25e-05,0.002,u,1.6872352771035715e-06
fig1b,SD2,fixed,x_half,512,0.125,6.25e-05,0.002,v,1.8124153834953027e-06
fig1b,SD2,fixed,x_half,512,0.125,6.25e-05,0.0025,u,2.1379854118763753e-06
fig1b,SD2,fixed,x_half,512,0.125,6.25e-05,0.0025,v,1.867507019359671e-06
fig1b,SD2,fixed,x_half,512,0.125,6.25e-05,0.003,u,2.5950343987557467e-06
fig1b,SD2,fixed,x_half,512,0.125,6.25e-05,0.003,v,1.9277296151587464e-06
fig1b,SD2,fixed,x_half,512,0.125,6.25e-05,0.0035,u,3.0567204349352117e-06
fig1b,SD2,fixed,x_half,512,0.125,6.25e-05,0.0035,v,1.9969986645440585e-06
fig1b,SD2,fixed,x_half,512,0.125,6.25e-05,0.004,u,3.5187661378555113e-06
fig1b,SD2,fixed,x_half,512,0.125,6.25e-05,0.004,v,2.065935200523672e-06
fig1b,SD2,fixed,x_half,512,0.125,6.25e-05,0.0045000000000000005,u,3.981077266068667e-06
fig1b,SD2,fixed,x_half,512,0.125,6.25e-05,0.0045000000000000005,v,2.144927931879703e-06
fig1b,SD2,fixed,x_half,512,0.125,6.25e-05,0.005,u,4.443551757771225e-06
fig1b,SD2,fixed,x_half,512,0.125,6.25e-05,0.005,v,2.2269575498112815e-06
fig1b,SD2,fixed,x_half,512,0.125,6.25e-05,0.0055,u,4.906095500523122e-06
fig1b,SD2,fixed,x_half,512,0.125,6.25e-05,0.0055,v,2.3084743037138367e-06
fig1b,SD2,fixed,x_half,512,0.125,6.25e-05,0.006,u,5.3686718239909226e-06
fig1b,SD2,fixed,x_half,512,0.125,6.25e-05,0.006,v,2.3986889254867805e-06
fig1b,SD2,fixed,x_half,512,0.125,6.25e-05,0.006500000000000001,u,5.83117204144834e-06
fig1b,SD2,fixed,x_half,512,0.125,6.25e-05,0.006500000000000001,v,2.4921719904980044e-06
fig1b,SD2,fixed,x_half,512,0.125,6.25e-05,0.007,u,6.2935555338872184e-06
fig1b,SD2,fixed,x_half,512,0.125,6.25e-05,0.007,v,2.598467559788986e-06
fig1b,SD2,fixed,x_half,512,0.125,6.25e-05,0.0075,u,6.755803756974821e-06
fig1b,SD2,fixed,x_half,512,0.125,6.25e-05,0.0075,v,2.7625130099573347e-06
fig1b,SD2,fixed,x_half,512,0.125,6.25e-05,0.008,u,7.217904438472367e-06
fig1b,SD2,fixed,x_half,512,0.125,6.25e-05,0.008,v,2.927061557300714e-06
fig1b,SD2,fixed,x_half,512,0.125,6.25e-05,0.0085,u,7.679821744044357e-06
fig1b,SD2,fixed,x_half,512,0.125,6.25e-05,0.0085,v,3.091656465392667e-06
fig1b,SD2,fixed,x_half,512,0.125,6.25e-05,0.009000000000000001,u,8.141551049722917e-06
fig1b,SD2,fixed,x_half,512,0.125,6.25e-05,0.009000000000000001,v,3.256200607038018e-06
fig1b,SD2,fixed,x_half,512,0.125,6.25e-05,0.0095,u,8.603072370438891e-06
fig1b,SD2,fixed,x_half,512,0.125,6.25e-05,0.0095,v,3.420682027188704e-06
fig1b,SD2,fixed,x_half,512,0.125,6.25e-05,0.01,u,9.064365443400835e-06
fig1b,SD2,fixed,x_half,512,0.125,6.25e-05,0.01,v,3.5850887568078527e-06
fig1b,SD2,fixed,x_half,512,0.125,6.25e-05,0.0105,u,9.525411643229731e-06
fig1b,SD2,fixed,x_half,512,0.125,6.25e-05,0.0105,v,3.7495468002690657e-06
fig1b,SD2,fixed,x_half,512,0.125,6.25e-05,0.011,u,9.986192334054955e-06
fig1b,SD2,fixed,x_half,512,0.125,6.25e-05,0.011,v,3.913946764633192e-06
fig1b,SD2,fixed,x_half,512,0.125,6.25e-05,0.0115,u,1.0446688873622101e-05
fig1b,SD2,fixed,x_half,512,0.125,6.25e-05,0.0115,v,4.078249926930955e-06
fig1b,SD2,fixed,x_half,512,0.125,6.25e-05,0.012,u,1.0906892387474443e-05
fig1b,SD2,fixed,x_half,512,0.125,6.25e-05,0.012,v,4.242510045937564e-06
fig1b,SD2,fixed,x_half,512,0.125,6.25e-05,0.0125,u,1.1366898350406718e-05
fig1b,SD2,fixed,x_half,512,0.125,6.25e-05,0.0125,v,4.406801637657498e-06
fig1b,SD2,fixed,x_half,512,0.125,6.25e-05,0.013000000000000001,u,1.1826583588725459e-05
fig1b,SD2,fixed,x_half,512,0.125,6.25e-05,0.013000000000000001,v,4.570974370288194e-06
fig1b,SD2,fixed,x_half,512,0.125,6.25e-05,0.0135,u,1.228592945928808e-05
fig1b,SD2,fixed,x_half,512,0.125,6.25e-05,0.0135,v,4.735106596986949e-06
fig1b,SD2,fixed,x_half,512,0.125,6.25e-05,0.014,u,1.2745008379611011e-05
fig1b,SD2,fixed,x_half,512,0.125,6.25e-05,0.014,v,4.899264364477407e-06
fig1b,SD2,fixed,x_half,512,0.125,6.25e-05,0.0145,u,1.3203810884598877e-05
fig1b,SD2,fixed,x_half,512,0.125,6.25e-05,0.0145,v,5.063281153905308e-06
fig1b,SD2,fixed,x_half,512,0.125,6.25e-05,0.015,u,1.3662237540901234e-05
fig1b,SD2,fixed,x_half,512,0.125,6.25e-05,0.015,v,5.227396789597716e-06
fig1b,SD2,fixed,x_half,512,0.125,6.25e-05,0.0155,u,1.412045028054143e-05
fig1b,SD2,fixed,x_half,512,0.125,6.25e-05,0.0155,v,5.391395693776779e-06
fig1b,SD2,fixed,x_half,512,0.125,6.25e-05,0.016,u,1.4578303069778809e-05
fig1b,SD2,fixed,x_half,512,0.125,6.25e-05,0.016,v,5.555483676866757e-06
fig1b,SD2,fixed,x_half,512,0.125,6.25e-05,0.0165,u,1.5035912762029202e-05
fig1b,SD2,fixed,x_half,512,0.125,6.25e-05,0.0165,v,5.719506159795884e-06
fig1b,SD2,fixed,x_half,512,0.125,6.25e-05,0.017,u,1.5493182192072297e-05
fig1b,SD2,fixed,x_half,512,0.125,6.25e-05,0.017,v,5.88365729514706e-06
fig1b,SD2,fixed,x_half,512,0.125,6.25e-05,0.0175,u,1.595026884915196e-05
fig1b,SD2,fixed,x_half,512,0.125,6.25e-05,0.0175,v,6.047905420358823e-06
fig1b,SD2,fixed,x_half,512,0.125,6.25e-05,0.018000000000000002,u,1.6407057071676778e-05
fig1b,SD2,fixed,x_half,512,0.125,6.25e-05,0.018000000000000002,v,6.2132452263163884e-06
fig1b,SD2,fixed,x_half,512,0.125,6.25e-05,0.0185,u,1.6863586436044464e-05
fig1b,SD2,fixed,x_half,512,0.125,6.25e-05,0.0185,v,6.379041337822855e-06
fig1b,SD2,fixed,x_half,512,0.125,6.25e-05,0.019,u,1.731997709913946e-05
fig1b,SD2,fixed,x_half,512,0.125,6.25e-05,0.019,v,6.544900418181676e-06
fig1b,SD2,fixed,x_half,512,0.125,6.25e-05,0.0195,u,1.7776142062386757e-05
fig1b,SD2,fixed,x_half,512,0.125,6.25e-05,0.0195,v,6.7107260079413145e-06
fig1b,SD2,fixed,x_half,512,0.125,6.25e-05,0.02,u,1.823208126000564e-05
fig1b,SD2,fixed,x_half,512,0.125,6.25e-05,0.02,v,6.87648765201887e-06
fig1b,SD2,fixed,y_half,256,0.0625,0.000125,0.0,u,6.984972676815637e-06
fig1b,SD2,fixed,y_half,256,0.0625,0.000125,0.0,v,5.240362650027475e-05
fig1b,SD2,fixed,y_half,256,0.0625,0.000125,0.0005,u,7.069197156595042e-06
fig1b,SD2,fixed,y_half,256,0.0625,0.000125,0.0005,v,5.236681630266249e-05
fig1b,SD2,fixed,y_half,256,0.0625,0.000125,0.001,u,7.161163995794695e-06
fig1b,SD2,fixed,y_half,256,0.0625,0.000125,0.001,v,5.232882298916719e-05
fig1b,SD2,fixed,y_half,256,0.0625,0.000125,0.0015,u,7.254837307346662e-06
fig1b,SD2,fixed,y_half,256,0.0625,0.000125,0.0015,v,5.2288186774052114e-05
fig1b,SD2,fixed,y_half,256,0.0625,0.000125,0.002,u,7.347841185834092e-06
fig1b,SD2,fixed,y_half,256,0.0625,0.000125,0.002,v,5.224490795324721e-05
fig1b,SD2,fixed,y_half,256,0.0625,0.000125,0.0025,u,7.44016522635782e-06
fig1b,SD2,fixed,y_half,256,0.0625,0.000125,0.0025,v,5.2201907583704354e-05
fig1b,SD2,fixed,y_half,256,0.0625,0.000125,0.003,u,7.531799119164795e-06
fig1b,SD2,fixed,y_half,256,0.0625,0.000125,0.003,v,5.215686362813887e-05
fig1b,SD2,fixed,y_half,256,0.0625,0.000125,0.0035,u,7.6228344247364355e-06
fig1b,SD2,fixed,y_half,256,0.0625,0.000125,0.0035,v,5.210917779741031e-05
fig1b,SD2,fixed,y_half,256,0.0625,0.000125,0.004,u,7.713850387336407e-06
fig1b,SD2,fixed,y_half,256,0.0625,0.000125,0.004,v,5.2061353420451706e-05
fig1b,SD2,fixed,y_half,256,0.0625,0.000125,0.0045000000000000005,u,7.804155474466778e-06
fig1b,SD2,fixed,y_half,256,0.0625,0.000125,0.0045000000000000005,v,5.2011891012504474e-05
fig1b,SD2,fixed,y_half,256,0.0625,0.000125,0.005,u,7.893739629838414e-06
fig1b,SD2,fixed,y_half,256,0.0625,0.000125,0.005,v,5.196054446754417e-05
fig1b,SD2,fixed,y_half,256,0.0625,0.000125,0.0055,u,7.983114051035578e-06
fig1b,SD2,fixed,y_half,256,0.0625,0.000125,0.0055,v,5.190930378962122e-05
fig1b,SD2,fixed,y_half,256,0.0625,0.000125,0.006,u,8.074717587513991e-06
fig1b,SD2,fixed,y_half,256,0.0625,0.000125,0.006,v,5.185646892058582e-05
fig1b,SD2,fixed,y_half,256,0.0625,0.000125,0.006500000000000001,u,8.166386612162846e-06
fig1b,SD2,fixed,y_half,256,0.0625,0.000125,0.006500000000000001,v,5.1858399101933905e-05
fig1b,SD2,fixed,y_half,256,0.0625,0.000125,0.007,u,8.257328743599412e-06
fig1b,SD2,fixed,y_half,256,0.0625,0.000125,0.007,v,5.187243602006175e-05
fig1b,SD2,fixed,y_half,256,0.0625,0.000125,0.0075,u,8.347533659802675e-06
fig1b,SD2,fixed,y_half,256,0.0625,0.000125,0.0075,v,5.188582296722366e-05
fig1b,SD2,fixed,y_half,256,0.0625,0.000125,0.008,u,8.436991136395733e-06
fig1b,SD2,fixed,y_half,256,0.0625,0.000125,0.008,v,5.189864291815782e-05
fig1b,SD2,fixed,y_half,256,0.0625,0.000125,0.0085,u,8.525691046201711e-06
fig1b,SD2,fixed,y_half,256,0.0625,0.000125,0.0085,v,5.191065185483623e-05
fig1b,SD2,fixed,y_half,256,0.0625,0.000125,0.009000000000000001,u,8.613623359132738e-06
fig1b,SD2,fixed,y_half,256,0.0625,0.000125,0.009000000000000001,v,5.192003409065782e-05
fig1b,SD2,fixed,y_half,256,0.0625,0.000125,0.0095,u,8.7047056140932e-06
fig1b,SD2,fixed,y_half,256,0.0625,0.000125,0.0095,v,5.193062214203792e-05
fig1b,SD2,fixed,y_half,256,0.0625,0.000125,0.01,u,8.795489497281928e-06
fig1b,SD2,fixed,y_half,256,0.0625,0.000125,0.01,v,5.193856113683282e-05
fig1b,SD2,fixed,y_half,256,0.0625,0.000125,0.0105,u,8.885510692946408e-06
fig1b,SD2,fixed,y_half,256,0.0625,0.000125,0.0105,v,5.1943846752722234e-05
fig1b,SD2,fixed,y_half,256,0.0625,0.000125,0.011,u,8.974758828494966e-06
fig1b,SD2,fixed,y_half,256,0.0625,0.000125,0.011,v,5.1949661325323415e-05
fig1b,SD2,fixed,y_half,256,0.0625,0.000125,0.0115,u,9.063223628702488e-06
fig1b,SD2,fixed,y_half,256,0.0625,0.000125,0.0115,v,5.195346106046106e-05
fig1b,SD2,fixed,y_half,256,0.0625,0.000125,0.012,u,9.167182559888243e-06
fig1b,SD2,fixed,y_half,256,0.0625,0.000125,0.012,v,5.19545975800062e-05
fig1b,SD2,fixed,y_half,256,0.0625,0.000125,0.0125,u,9.271638894858825e-06
fig1b,SD2,fixed,y_half,256,0.0625,0.000125,0.0125,v,5.195306724736781e-05
fig1b,SD2,fixed,y_half,256,0.0625,0.000125,0.013000000000000001,u,9.375635722064235e-06
fig1b,SD2,fixed,y_half,256,0.0625,0.000125,0.013000000000000001,v,5.195233850041614e-05
fig1b,SD2,fixed,y_half,256,0.0625,0.000125,0.0135,u,9.47972122122831e-06
fig1b,SD2,fixed,y_half,256,0.0625,0.000125,0.0135,v,5.194924914486698e-05
fig1b,SD2,fixed,y_half,256,0.0625,0.000125,0.014,u,9.583216592390364e-06
fig1b,SD2,fixed,y_half,256,0.0625,0.000125,0.014,v,5.1943484402350304e-05
fig1b,SD2,fixed,y_half,256,0.0625,0.000125,0.0145,u,9.686110224116362e-06
fig1b,SD2,fixed,y_half,256,0.0625,0.000125,0.0145,v,5.1935041299744356e-05
fig1b,SD2,fixed,y_half,256,0.0625,0.000125,0.015,u,9.788390562315286e-06
fig1b,SD2,fixed,y_half,256,0.0625,0.000125,0.015,v,5.1924466839881056e-05
fig1b,SD2,fixed,y_half,256,0.0625,0.000125,0.0155,u,9.89004612872435e-06
fig1b,SD2,fixed,y_half,256,0.0625,0.000125,0.0155,v,5.191438408708171e-05
fig1b,SD2,fixed,y_half,256,0.0625,0.000125,0.016,u,9.991065505254859e-06
fig1b,SD2,fixed,y_half,256,0.0625,0.000125,0.016,v,5.190161593532361e-05
fig1b,SD2,fixed,y_half,256,0.0625,0.000125,0.0165,u,1.009143734204132e-05
fig1b,SD2,fixed,y_half,256,0.0625,0.000125,0.0165,v,5.188616006779334e-05
fig1b,SD2,fixed,y_half,256,0.0625,0.000125,0.017,u,1.0191150363492163e-05
fig1b,SD2,fixed,y_half,256,0.0625,0.000125,0.017,v,5.186801439771571e-05
fig1b,SD2,fixed,y_half,256,0.0625,0.000125,0.0175,u,1.0290628630671428e-05
fig1b,SD2,fixed,y_half,256,0.0625,0.000125,0.0175,v,5.184717711026465e-05
fig1b,SD2,fixed,y_half,256,0.0625,0.000125,0.018000000000000002,u,1.0389843622893302e-05
fig1b,SD2,fixed,y_half,256,0.0625,0.000125,0.018000000000000002,v,5.182607849957277e-05
fig1b,SD2,fixed,y_half,256,0.0625,0.000125,0.0185,u,1.0488377319706199e-05
fig1b,SD2,fixed,y_half,256,0.0625,0.000125,0.0185,v,5.180351244105097e-05
fig1b,SD2,fixed,y_half,256,0.0625,0.000125,0.019,u,1.0586218647801182e-05
fig1b,SD2,fixed,y_half,256,0.0625,0.000125,0.019,v,5.177825021612792e-05
fig1b,SD2,fixed,y_half,256,0.0625,0.000125,0.0195,u,1.0683356608531813e-05
fig1b,SD2,fixed,y_half,256,0.0625,0.000125,0.0195,v,5.175029069187653e-05
fig1b,SD2,fixed,y_half,256,0.0625,0.000125,0.02,u,1.0779780290515184e-05
fig1b,SD2,fixed,y_half,256,0.0625,0.000125,0.02,v,5.171963298672422e-05
fig1b,SD2,fixed,domain_double,512,0.125,0.000125,0.0,u,6.9816601371841536e-06
fig1b,SD2,fixed,domain_double,512,0.125,0.000125,0.0,v,2.601012891867427e-05
fig1b,SD2,fixed,domain_double,512,0.125,0.000125,0.0005,u,7.234448585746733e-06
fig1b,SD2,fixed,domain_double,512,0.125,0.000125,0.0005,v,2.604316647769611e-05
fig1b,SD2,fixed,domain_double,512,0.125,0.000125,0.001,u,7.487492098112725e-06
fig1b,SD2,fixed,domain_double,512,0.125,0.000125,0.001,v,2.6073909806578754e-05
fig1b,SD2,fixed,domain_double,512,0.125,0.000125,0.0015,u,7.752429873664202e-06
fig1b,SD2,fixed,domain_double,512,0.125,0.000125,0.0015,v,2.610235748484735e-05
fig1b,SD2,fixed,domain_double,512,0.125,0.000125,0.002,u,8.019369370060314e-06
fig1b,SD2,fixed,domain_double,512,0.125,0.000125,0.002,v,2.613010352287004e-05
fig1b,SD2,fixed,domain_double,512,0.125,0.000125,0.0025,u,8.286821620129281e-06
fig1b,SD2,fixed,domain_double,512,0.125,0.000125,0.0025,v,2.615666613930978e-05
fig1b,SD2,fixed,domain_double,512,0.125,0.000125,0.003,u,8.554776034008782e-06
fig1b,SD2,fixed,domain_double,512,0.125,0.000125,0.003,v,2.618093003198263e-05
fig1b,SD2,fixed,domain_double,512,0.125,0.000125,0.0035,u,8.823222096887573e-06
fig1b,SD2,fixed,domain_double,512,0.125,0.000125,0.0035,v,2.62028944204018e-05
fig1b,SD2,fixed,domain_double,512,0.125,0.000125,0.004,u,9.092149355849344e-06
fig1b,SD2,fixed,domain_double,512,0.125,0.000125,0.004,v,2.622255874501489e-05
fig1b,SD2,fixed,domain_double,512,0.125,0.000125,0.0045000000000000005,u,9.361547432862327e-06
fig1b,SD2,fixed,domain_double,512,0.125,0.000125,0.0045000000000000005,v,2.6240771234808946e-05
fig1b,SD2,fixed,domain_double,512,0.125,0.000125,0.005,u,9.63140602100454e-06
fig1b,SD2,fixed,domain_double,512,0.125,0.000125,0.005,v,2.6258472340057182e-05
fig1b,SD2,fixed,domain_double,512,0.125,0.000125,0.0055,u,9.901714888904678e-06
fig1b,SD2,fixed,domain_double,512,0.125,0.000125,0.0055,v,2.627387213338661e-05
fig1b,SD2,fixed,domain_double,512,0.125,0.000125,0.006,u,1.017249185297775e-05
fig1b,SD2,fixed,domain_double,512,0.125,0.000125,0.006,v,2.6286970691180578e-05
fig1b,SD2,fixed,domain_double,512,0.125,0.000125,0.006500000000000001,u,1.0443728455045154e-05
fig1b,SD2,fixed,domain_double,512,0.125,0.000125,0.006500000000000001,v,2.6297768362604224e-05
fig1b,SD2,fixed,domain_double,512,0.125,0.000125,0.007,u,1.0715394059002126e-05
fig1b,SD2,fixed,domain_double,512,0.125,0.000125,0.007,v,2.630626572153183e-05
fig1b,SD2,fixed,domain_double,512,0.125,0.000125,0.0075,u,1.0987478643975646e-05
fig1b,SD2,fixed,domain_double,512,0.125,0.000125,0.0075,v,2.6312519745219642e-05
fig1b,SD2,fixed,domain_double,512,0.125,0.000125,0.008,u,1.1259972263977236e-05
fig1b,SD2,fixed,domain_double,512,0.125,0.000125,0.008,v,2.631897359234303e-05
fig1b,SD2,fixed,domain_double,512,0.125,0.000125,0.0085,u,1.1532865059615816e-05
fig1b,SD2,fixed,domain_double,512,0.125,0.000125,0.0085,v,2.632312822636873e-05
fig1b,SD2,fixed,domain_double,512,0.125,0.000125,0.009000000000000001,u,1.1806147251935961e-05
fig1b,SD2,fixed,domain_double,512,0.125,0.000125,0.009000000000000001,v,2.6324984885806035e-05
fig1b,SD2,fixed,domain_double,512,0.125,0.000125,0.0095,u,1.207980915263196e-05
fig1b,SD2,fixed,domain_double,512,0.125,0.000125,0.0095,v,2.6324545058298288e-05
fig1b,SD2,fixed,domain_double,512,0.125,0.000125,0.01,u,1.2353841161494294e-05
fig1b,SD2,fixed,domain_double,512,0.125,0.000125,0.01,v,2.6321810483842523e-05
fig1b,SD2,fixed,domain_double,512,0.125,0.000125,0.0105,u,1.262823376274591e-05
fig1b,SD2,fixed,domain_double,512,0.125,0.000125,0.0105,v,2.6316866061304456e-05
fig1b,SD2,fixed,domain_double,512,0.125,0.000125,0.011,u,1.29029775354228e-05
fig1b,SD2,fixed,domain_double,512,0.125,0.000125,0.011,v,2.6312027832597895e-05
fig1b,SD2,fixed,domain_double,512,0.125,0.000125,0.0115,u,1.3178063148766572e-05
fig1b,SD2,fixed,domain_double,512,0.125,0.000125,0.0115,v,2.630489831678684e-05
fig1b,SD2,fixed,domain_double,512,0.125,0.000125,0.012,u,1.3453481368053133e-05
fig1b,SD2,fixed,domain_double,512,0.125,0.000125,0.012,v,2.6295479915283693e-05
fig1b,SD2,fixed,domain_double,512,0.125,0.000125,0.0125,u,1.3729223055591877e-05
fig1b,SD2,fixed,domain_double,512,0.125,0.000125,0.0125,v,2.6283775288571398e-05
fig1b,SD2,fixed,domain_double,512,0.125,0.000125,0.013000000000000001,u,1.4005279169060358e-05
fig1b,SD2,fixed,domain_double,512,0.125,0.000125,0.013000000000000001,v,2.626978732422902e-05
fig1b,SD2,fixed,domain_double,512,0.125,0.000125,0.0135,u,1.42816407630586e-05
fig1b,SD2,fixed,domain_double,512,0.125,0.000125,0.0135,v,2.6255457311774588e-05
fig1b,SD2,fixed,domain_double,512,0.125,0.000125,0.014,u,1.4558298998046393e-05
fig1b,SD2,fixed,domain_double,512,0.125,0.000125,0.014,v,2.623932875772672e-05
fig1b,SD2,fixed,domain_double,512,0.125,0.000125,0.0145,u,1.4835245130129238e-05
fig1b,SD2,fixed,domain_double,512,0.125,0.000125,0.0145,v,2.622092269222165e-05
fig1b,SD2,fixed,domain_double,512,0.125,0.000125,0.015,u,1.5112470526379429e-05
fig1b,SD2,fixed,domain_double,512,0.125,0.000125,0.015,v,2.6200242667751006e-05
fig1b,SD2,fixed,domain_double,512,0.125,0.000125,0.0155,u,1.5389966651402354e-05
fig1b,SD2,fixed,domain_double,512,0.125,0.000125,0.0155,v,2.6190912065626737e-05
fig1b,SD2,fixed,domain_double,512,0.125,0.000125,0.016,u,1.5667725077606054e-05
fig1b,SD2,fixed,domain_double,512,0.125,0.000125,0.016,v,2.6234176798534126e-05
fig1b,SD2,fixed,domain_double,512,0.125,0.000125,0.0165,u,1.5945737489420075e-05
fig1b,SD2,fixed,domain_double,512,0.125,0.000125,0.0165,v,2.62751561372343e-05
fig1b,SD2,fixed,domain_double,512,0.125,0.000125,0.017,u,1.6223995675024305e-05
fig1b,SD2,fixed,domain_double,512,0.125,0.000125,0.017,v,2.6314244863379077e-05
fig1b,SD2,fixed,domain_double,512,0.125,0.000125,0.0175,u,1.650249153772876e-05
fig1b,SD2,fixed,domain_double,512,0.125,0.000125,0.0175,v,2.635335406703243e-05
fig1b,SD2,fixed,domain_double,512,0.125,0.000125,0.018000000000000002,u,1.678121709175473e-05
fig1b,SD2,fixed,domain_double,512,0.125,0.000125,0.018000000000000002,v,2.6390168987477924e-05
fig1b,SD2,fixed,domain_double,512,0.125,0.000125,0.0185,u,1.7060164461180083e-05
fig1b,SD2,fixed,domain_double,512,0.125,0.000125,0.0185,v,2.642468596547598e-05
fig1b,SD2,fixed,domain_double,512,0.125,0.000125,0.019,u,1.73393258906529e-05
fig1b,SD2,fixed,domain_double,512,0.125,0.000125,0.019,v,2.6456901572047276e-05
fig1b,SD2,fixed,domain_double,512,0.125,0.000125,0.0195,u,1.7618693736176638e-05
fig1b,SD2,fixed,domain_double,512,0.125,0.000125,0.0195,v,2.6488287795167764e-05
fig1b,SD2,fixed,domain_double,512,0.125,0.000125,0.02,u,1.7898260469273453e-05
fig1b,SD2,fixed,domain_double,512,0.125,0.000125,0.02,v,2.6518541901388026e-05
fig1b,SD2,moving,main,256,0.125,0.000125,0.0,u,4.609932831134422e-06
fig1b,SD2,moving,main,256,0.125,0.000125,0.0,v,1.6608035574960933e-05
fig1b,SD2,moving,main,256,0.125,0.000125,0.0005,u,4.61257477424315e-06
fig1b,SD2,moving,main,256,0.125,0.000125,0.0005,v,1.6595894530402333e-05
fig1b,SD2,moving,main,256,0.125,0.000125,0.001,u,4.627584684502306e-06
fig1b,SD2,moving,main,256,0.125,0.000125,0.001,v,1.6582153433919444e-05
fig1b,SD2,moving,main,256,0.125,0.000125,0.0015,u,4.847558476239744e-06
fig1b,SD2,moving,main,256,0.125,0.000125,0.0015,v,1.6566820972063745e-05
fig1b,SD2,moving,main,256,0.125,0.000125,0.002,u,5.0685785260018434e-06
fig1b,SD2,moving,main,256,0.125,0.000125,0.002,v,1.655125059341067e-05
fig1b,SD2,moving,main,256,0.125,0.000125,0.0025,u,5.290642763278175e-06
fig1b,SD2,moving,main,256,0.125,0.000125,0.0025,v,1.6535404884832072e-05
fig1b,SD2,moving,main,256,0.125,0.000125,0.003,u,5.513749140595436e-06
fig1b,SD2,moving,main,256,0.125,0.000125,0.003,v,1.6517981326791276e-05
fig1b,SD2,moving,main,256,0.125,0.000125,0.0035,u,5.737895621693578e-06
fig1b,SD2,moving,main,256,0.125,0.000125,0.0035,v,1.6498987212232308e-05
fig1b,SD2,moving,main,256,0.125,0.000125,0.004,u,5.963217070137361e-06
fig1b,SD2,moving,main,256,0.125,0.000125,0.004,v,1.6478430026833912e-05
fig1b,SD2,moving,main,256,0.125,0.000125,0.0045000000000000005,u,6.189677989376641e-06
fig1b,SD2,moving,main,256,0.125,0.000125,0.0045000000000000005,v,1.6456318086721655e-05
fig1b,SD2,moving,main,256,0.125,0.000125,0.005,u,6.417167876415775e-06
fig1b,SD2,moving,main,256,0.125,0.000125,0.005,v,1.6433714418839784e-05
fig1b,SD2,moving,main,256,0.125,0.000125,0.0055,u,6.645684875350444e-06
fig1b,SD2,moving,main,256,0.125,0.000125,0.0055,v,1.641110378225452e-05
fig1b,SD2,moving,main,256,0.125,0.000125,0.006,u,6.875227140767937e-06
fig1b,SD2,moving,main,256,0.125,0.000125,0.006,v,1.6386968564874316e-05
fig1b,SD2,moving,main,256,0.125,0.000125,0.006500000000000001,u,7.105792848460801e-06
fig1b,SD2,moving,main,256,0.125,0.000125,0.006500000000000001,v,1.6361316767410372e-05
fig1b,SD2,moving,main,256,0.125,0.000125,0.007,u,7.337380195759913e-06
fig1b,SD2,moving,main,256,0.125,0.000125,0.007,v,1.6334156555830592e-05
fig1b,SD2,moving,main,256,0.125,0.000125,0.0075,u,7.5699873985923816e-06
fig1b,SD2,moving,main,256,0.125,0.000125,0.0075,v,1.6305496262691843e-05
fig1b,SD2,moving,main,256,0.125,0.000125,0.008,u,7.803612691814621e-06
fig1b,SD2,moving,main,256,0.125,0.000125,0.008,v,1.627628290673533e-05
fig1b,SD2,moving,main,256,0.125,0.000125,0.0085,u,8.0382543274915e-06
fig1b,SD2,moving,main,256,0.125,0.000125,0.0085,v,1.6247054713369735e-05
fig1b,SD2,moving,main,256,0.125,0.000125,0.009000000000000001,u,8.289126373739464e-06
fig1b,SD2,moving,main,256,0.125,0.000125,0.009000000000000001,v,1.6216357394127634e-05
fig1b,SD2,moving,main,256,0.125,0.000125,0.0095,u,8.54111845977057e-06
fig1b,SD2,moving,main,256,0.125,0.000125,0.0095,v,1.618419966281648e-05
fig1b,SD2,moving,main,256,0.125,0.000125,0.01,u,8.794132656142484e-06
fig1b,SD2,moving,main,256,0.125,0.000125,0.01,v,1.6150590354480077e-05
fig1b,SD2,moving,main,256,0.125,0.000125,0.0105,u,9.048168284453428e-06
fig1b,SD2,moving,main,256,0.125,0.000125,0.0105,v,1.6124467823508404e-05
fig1b,SD2,moving,main,256,0.125,0.000125,0.011,u,9.303224682788436e-06
fig1b,SD2,moving,main,256,0.125,0.000125,0.011,v,1.613143226092406e-05
fig1b,SD2,moving,main,256,0.125,0.000125,0.0115,u,9.559301204498105e-06
fig1b,SD2,moving,main,256,0.125,0.000125,0.0115,v,1.6136764401097903e-05
fig1b,SD2,moving,main,256,0.125,0.000125,0.012,u,9.816397224027273e-06
fig1b,SD2,moving,main,256,0.125,0.000125,0.012,v,1.6140469729142293e-05
fig1b,SD2,moving,main,256,0.125,0.000125,0.0125,u,1.0074512126700963e-05
fig1b,SD2,moving,main,256,0.125,0.000125,0.0125,v,1.6142553908471413e-05
fig1b,SD2,moving,main,256,0.125,0.000125,0.013000000000000001,u,1.0333645318993945e-05
fig1b,SD2,moving,main,256,0.125,0.000125,0.013000000000000001,v,1.6143022775527704e-05
fig1b,SD2,moving,main,256,0.125,0.000125,0.0135,u,1.0593796219482421e-05
fig1b,SD2,moving,main,256,0.125,0.000125,0.0135,v,1.6143658506218017e-05
fig1b,SD2,moving,main,256,0.125,0.000125,0.014,u,1.085496426922461e-05
fig1b,SD2,moving,main,256,0.125,0.000125,0.014,v,1.6143425262515887e-05
fig1b,SD2,moving,main,256,0.125,0.000125,0.0145,u,1.1119763095701618e-05
fig1b,SD2,moving,main,256,0.125,0.000125,0.0145,v,1.6141581509088176e-05
fig1b,SD2,moving,main,256,0.125,0.000125,0.015,u,1.140197043236757e-05
fig1b,SD2,moving,main,256,0.125,0.000125,0.015,v,1.6138133330678706e-05
fig1b,SD2,moving,main,256,0.125,0.000125,0.0155,u,1.1801330461247428e-05
fig1b,SD2,moving,main,256,0.125,0.000125,0.0155,v,1.6133087094249987e-05
fig1b,SD2,moving,main,256,0.125,0.000125,0.016,u,1.2208469127583665e-05
fig1b,SD2,moving,main,256,0.125,0.000125,0.016,v,1.6126449338460525e-05
fig1b,SD2,moving,main,256,0.125,0.000125,0.0165,u,1.2616506556928364e-05
fig1b,SD2,moving,main,256,0.125,0.000125,0.0165,v,1.6120261201901798e-05
fig1b,SD2,moving,main,256,0.125,0.000125,0.017,u,1.302544288117602e-05
fig1b,SD2,moving,main,256,0.125,0.000125,0.017,v,1.6112969319526105e-05
fig1b,SD2,moving,main,256,0.125,0.000125,0.0175,u,1.3443398898749237e-05
fig1b,SD2,moving,main,256,0.125,0.000125,0.0175,v,1.6104106646541716e-05
fig1b,SD2,moving,main,256,0.125,0.000125,0.018000000000000002,u,1.3861321859875986e-05
fig1b,SD2,moving,main,256,0.125,0.000125,0.018000000000000002,v,1.609367841753917e-05
fig1b,SD2,moving,main,256,0.125,0.000125,0.0185,u,1.427926526703649e-05
fig1b,SD2,moving,main,256,0.125,0.000125,0.0185,v,1.608169002931259e-05
fig1b,SD2,moving,main,256,0.125,0.000125,0.019,u,1.4697238287508796e-05
fig1b,SD2,moving,main,256,0.125,0.000125,0.019,v,1.6068147030923186e-05
fig1b,SD2,moving,main,256,0.125,0.000125,0.0195,u,1.5115120253539338e-05
fig1b,SD2,moving,main,256,0.125,0.000125,0.0195,v,1.605511491881151e-05
fig1b,SD2,moving,main,256,0.125,0.000125,0.02,u,1.553289618072551e-05
fig1b,SD2,moving,main,256,0.125,0.000125,0.02,v,1.604085137257849e-05
fig1b,SD2,moving,time_half,256,0.125,6.25e-05,0.0,u,4.609932831134422e-06
fig1b,SD2,moving,time_half,256,0.125,6.25e-05,0.0,v,1.6608035574960933e-05
fig1b,SD2,moving,time_half,256,0.125,6.25e-05,0.0005,u,4.612574774187639e-06
fig1b,SD2,moving,time_half,256,0.125,6.25e-05,0.0005,v,1.659589454322541e-05
fig1b,SD2,moving,time_half,256,0.125,6.25e-05,0.001,u,4.62758468949831e-06
fig1b,SD2,moving,time_half,256,0.125,6.25e-05,0.001,v,1.658215344768621e-05
fig1b,SD2,moving,time_half,256,0.125,6.25e-05,0.0015,u,4.847558482512504e-06
fig1b,SD2,moving,time_half,256,0.125,6.25e-05,0.0015,v,1.6566820968622054e-05
fig1b,SD2,moving,time_half,256,0.125,6.25e-05,0.002,u,5.068578528888423e-06
fig1b,SD2,moving,time_half,256,0.125,6.25e-05,0.002,v,1.6551250595853162e-05
fig1b,SD2,moving,time_half,256,0.125,6.25e-05,0.0025,u,5.290642768163156e-06
fig1b,SD2,moving,time_half,256,0.125,6.25e-05,0.0025,v,1.653540490553773e-05
fig1b,SD2,moving,time_half,256,0.125,6.25e-05,0.003,u,5.5137491457579735e-06
fig1b,SD2,moving,time_half,256,0.125,6.25e-05,0.003,v,1.6517981353714184e-05
fig1b,SD2,moving,time_half,256,0.125,6.25e-05,0.0035,u,5.737895627855316e-06
fig1b,SD2,moving,time_half,256,0.125,6.25e-05,0.0035,v,1.6498987232438367e-05
fig1b,SD2,moving,time_half,256,0.125,6.25e-05,0.004,u,5.963217083015948e-06
fig1b,SD2,moving,time_half,256,0.125,6.25e-05,0.004,v,1.6478430053479265e-05
fig1b,SD2,moving,time_half,256,0.125,6.25e-05,0.0045000000000000005,u,6.189678000811938e-06
fig1b,SD2,moving,time_half,256,0.125,6.25e-05,0.0045000000000000005,v,1.6456318106594647e-05
fig1b,SD2,moving,time_half,256,0.125,6.25e-05,0.005,u,6.417167890571118e-06
fig1b,SD2,moving,time_half,256,0.125,6.25e-05,0.005,v,1.64337144393234e-05
fig1b,SD2,moving,time_half,256,0.125,6.25e-05,0.0055,u,6.645684888895165e-06
fig1b,SD2,moving,time_half,256,0.125,6.25e-05,0.0055,v,1.641110382022415e-05
fig1b,SD2,moving,time_half,256,0.125,6.25e-05,0.006,u,6.875227154756747e-06
fig1b,SD2,moving,time_half,256,0.125,6.25e-05,0.006,v,1.638696860944977e-05
fig1b,SD2,moving,time_half,256,0.125,6.25e-05,0.006500000000000001,u,7.1057928625051225e-06
fig1b,SD2,moving,time_half,256,0.125,6.25e-05,0.006500000000000001,v,1.6361316804602843e-05
fig1b,SD2,moving,time_half,256,0.125,6.25e-05,0.007,u,7.337380211691613e-06
fig1b,SD2,moving,time_half,256,0.125,6.25e-05,0.007,v,1.6334156604791428e-05
fig1b,SD2,moving,time_half,256,0.125,6.25e-05,0.0075,u,7.569987415134705e-06
fig1b,SD2,moving,time_half,256,0.125,6.25e-05,0.0075,v,1.6305496316815216e-05
fig1b,SD2,moving,time_half,256,0.125,6.25e-05,0.008,u,7.80361270530383e-06
fig1b,SD2,moving,time_half,256,0.125,6.25e-05,0.008,v,1.6276282963523236e-05
fig1b,SD2,moving,time_half,256,0.125,6.25e-05,0.0085,u,8.038254344977513e-06
fig1b,SD2,moving,time_half,256,0.125,6.25e-05,0.0085,v,1.624705476804822e-05
fig1b,SD2,moving,time_half,256,0.125,6.25e-05,0.009000000000000001,u,8.289126372740263e-06
fig1b,SD2,moving,time_half,256,0.125,6.25e-05,0.009000000000000001,v,1.621635745185923e-05
fig1b,SD2,moving,time_half,256,0.125,6.25e-05,0.0095,u,8.541118457827679e-06
fig1b,SD2,moving,time_half,256,0.125,6.25e-05,0.0095,v,1.618419971538554e-05
fig1b,SD2,moving,time_half,256,0.125,6.25e-05,0.01,u,8.794132657086173e-06
fig1b,SD2,moving,time_half,256,0.125,6.25e-05,0.01,v,1.6150590413821497e-05
fig1b,SD2,moving,time_half,256,0.125,6.25e-05,0.0105,u,9.048168287117964e-06
fig1b,SD2,moving,time_half,256,0.125,6.25e-05,0.0105,v,1.6124467822620225e-05
fig1b,SD2,moving,time_half,256,0.125,6.25e-05,0.011,u,9.303224685286438e-06
fig1b,SD2,moving,time_half,256,0.125,6.25e-05,0.011,v,1.613143226136815e-05
fig1b,SD2,moving,time_half,256,0.125,6.25e-05,0.0115,u,9.559301206607529e-06
fig1b,SD2,moving,time_half,256,0.125,6.25e-05,0.0115,v,1.613676440292977e-05
fig1b,SD2,moving,time_half,256,0.125,6.25e-05,0.012,u,9.816397226414253e-06
fig1b,SD2,moving,time_half,256,0.125,6.25e-05,0.012,v,1.6140469733583185e-05
fig1b,SD2,moving,time_half,256,0.125,6.25e-05,0.0125,u,1.007451212897692e-05
fig1b,SD2,moving,time_half,256,0.125,6.25e-05,0.0125,v,1.6142553928677472e-05
fig1b,SD2,moving,time_half,256,0.125,6.25e-05,0.013000000000000001,u,1.0333645320603768e-05
fig1b,SD2,moving,time_half,256,0.125,6.25e-05,0.013000000000000001,v,1.6143022803560836e-05
fig1b,SD2,moving,time_half,256,0.125,6.25e-05,0.0135,u,1.0593796222035934e-05
fig1b,SD2,moving,time_half,256,0.125,6.25e-05,0.0135,v,1.6143658537859373e-05
fig1b,SD2,moving,time_half,256,0.125,6.25e-05,0.014,u,1.0854964272666301e-05
fig1b,SD2,moving,time_half,256,0.125,6.25e-05,0.014,v,1.6143425306425208e-05
fig1b,SD2,moving,time_half,256,0.125,6.25e-05,0.0145,u,1.1119763073830224e-05
fig1b,SD2,moving,time_half,256,0.125,6.25e-05,0.0145,v,1.6141581555773055e-05
fig1b,SD2,moving,time_half,256,0.125,6.25e-05,0.015,u,1.1401970408830842e-05
fig1b,SD2,moving,time_half,256,0.125,6.25e-05,0.015,v,1.613813338435799e-05
fig1b,SD2,moving,time_half,256,0.125,6.25e-05,0.0155,u,1.1801330463967474e-05
fig1b,SD2,moving,time_half,256,0.125,6.25e-05,0.0155,v,1.61330871426002e-05
fig1b,SD2,moving,time_half,256,0.125,6.25e-05,0.016,u,1.2208469134411537e-05
fig1b,SD2,moving,time_half,256,0.125,6.25e-05,0.016,v,1.612644938253638e-05
fig1b,SD2,moving,time_half,256,0.125,6.25e-05,0.0165,u,1.2616506563589702e-05
fig1b,SD2,moving,time_half,256,0.125,6.25e-05,0.0165,v,1.6120261231544752e-05
fig1b,SD2,moving,time_half,256,0.125,6.25e-05,0.017,u,1.3025442895053807e-05
fig1b,SD2,moving,time_half,256,0.125,6.25e-05,0.017,v,1.6112969331627536e-05
fig1b,SD2,moving,time_half,256,0.125,6.25e-05,0.0175,u,1.3443398916623828e-05
fig1b,SD2,moving,time_half,256,0.125,6.25e-05,0.0175,v,1.6104106660863593e-05
fig1b,SD2,moving,time_half,256,0.125,6.25e-05,0.018000000000000002,u,1.386132187791711e-05
fig1b,SD2,moving,time_half,256,0.125,6.25e-05,0.018000000000000002,v,1.6093678444406567e-05
fig1b,SD2,moving,time_half,256,0.125,6.25e-05,0.0185,u,1.4279265290628729e-05
fig1b,SD2,moving,time_half,256,0.125,6.25e-05,0.0185,v,1.6081690062286214e-05
fig1b,SD2,moving,time_half,256,0.125,6.25e-05,0.019,u,1.4697238308880589e-05
fig1b,SD2,moving,time_half,256,0.125,6.25e-05,0.019,v,1.606814705812365e-05
fig1b,SD2,moving,time_half,256,0.125,6.25e-05,0.0195,u,1.511512027391193e-05
fig1b,SD2,moving,time_half,256,0.125,6.25e-05,0.0195,v,1.6055114937352233e-05
fig1b,SD2,moving,time_half,256,0.125,6.25e-05,0.02,u,1.5532896201153612e-05
fig1b,SD2,moving,time_half,256,0.125,6.25e-05,0.02,v,1.6040851412824075e-05
fig1b,SD2,moving,x_half,512,0.125,6.25e-05,0.0,u,2.910055679206103e-07
fig1b,SD2,moving,x_half,512,0.125,6.25e-05,0.0,v,1.0467346379106068e-06
fig1b,SD2,moving,x_half,512,0.125,6.25e-05,0.0005,u,4.84793445165721e-07
fig1b,SD2,moving,x_half,512,0.125,6.25e-05,0.0005,v,1.0366126654282048e-06
fig1b,SD2,moving,x_half,512,0.125,6.25e-05,0.001,u,8.461112759872158e-07
fig1b,SD2,moving,x_half,512,0.125,6.25e-05,0.001,v,1.038148950915918e-06
fig1b,SD2,moving,x_half,512,0.125,6.25e-05,0.0015,u,1.3094105897892838e-06
fig1b,SD2,moving,x_half,512,0.125,6.25e-05,0.0015,v,1.052534415235673e-06
fig1b,SD2,moving,x_half,512,0.125,6.25e-05,0.002,u,1.7758451701932465e-06
fig1b,SD2,moving,x_half,512,0.125,6.25e-05,0.002,v,1.0831647894726792e-06
fig1b,SD2,moving,x_half,512,0.125,6.25e-05,0.0025,u,2.2424171468582443e-06
fig1b,SD2,moving,x_half,512,0.125,6.25e-05,0.0025,v,1.1291134967561511e-06
fig1b,SD2,moving,x_half,512,0.125,6.25e-05,0.003,u,2.7090050823130873e-06
fig1b,SD2,moving,x_half,512,0.125,6.25e-05,0.003,v,1.1926050041966008e-06
fig1b,SD2,moving,x_half,512,0.125,6.25e-05,0.0035,u,3.175522157838895e-06
fig1b,SD2,moving,x_half,512,0.125,6.25e-05,0.0035,v,1.3527049911310485e-06
fig1b,SD2,moving,x_half,512,0.125,6.25e-05,0.004,u,3.641926656583472e-06
fig1b,SD2,moving,x_half,512,0.125,6.25e-05,0.004,v,1.512280256465992e-06
fig1b,SD2,moving,x_half,512,0.125,6.25e-05,0.0045000000000000005,u,4.108166509253497e-06
fig1b,SD2,moving,x_half,512,0.125,6.25e-05,0.0045000000000000005,v,1.6713174023630373e-06
fig1b,SD2,moving,x_half,512,0.125,6.25e-05,0.005,u,4.574221533160117e-06
fig1b,SD2,moving,x_half,512,0.125,6.25e-05,0.005,v,1.8298033354624543e-06
fig1b,SD2,moving,x_half,512,0.125,6.25e-05,0.0055,u,5.040071371087418e-06
fig1b,SD2,moving,x_half,512,0.125,6.25e-05,0.0055,v,1.987796099889305e-06
fig1b,SD2,moving,x_half,512,0.125,6.25e-05,0.006,u,5.5056954296750504e-06
fig1b,SD2,moving,x_half,512,0.125,6.25e-05,0.006,v,2.1452356387396954e-06
fig1b,SD2,moving,x_half,512,0.125,6.25e-05,0.006500000000000001,u,5.971096609991289e-06
fig1b,SD2,moving,x_half,512,0.125,6.25e-05,0.006500000000000001,v,2.3073892808644914e-06
fig1b,SD2,moving,x_half,512,0.125,6.25e-05,0.007,u,6.436293348177635e-06
fig1b,SD2,moving,x_half,512,0.125,6.25e-05,0.007,v,2.4710745530898137e-06
fig1b,SD2,moving,x_half,512,0.125,6.25e-05,0.0075,u,6.9012240813681736e-06
fig1b,SD2,moving,x_half,512,0.125,6.25e-05,0.0075,v,2.63470687772438e-06
fig1b,SD2,moving,x_half,512,0.125,6.25e-05,0.008,u,7.365867402631121e-06
fig1b,SD2,moving,x_half,512,0.125,6.25e-05,0.008,v,2.7990660357857244e-06
fig1b,SD2,moving,x_half,512,0.125,6.25e-05,0.0085,u,7.83032442669418e-06
fig1b,SD2,moving,x_half,512,0.125,6.25e-05,0.0085,v,2.963729929306158e-06
fig1b,SD2,moving,x_half,512,0.125,6.25e-05,0.009000000000000001,u,8.294487274851381e-06
fig1b,SD2,moving,x_half,512,0.125,6.25e-05,0.009000000000000001,v,3.128455669521024e-06
fig1b,SD2,moving,x_half,512,0.125,6.25e-05,0.0095,u,8.75841282738099e-06
fig1b,SD2,moving,x_half,512,0.125,6.25e-05,0.0095,v,3.2931404185809754e-06
fig1b,SD2,moving,x_half,512,0.125,6.25e-05,0.01,u,9.222089533744704e-06
fig1b,SD2,moving,x_half,512,0.125,6.25e-05,0.01,v,3.4577675449010137e-06
fig1b,SD2,moving,x_half,512,0.125,6.25e-05,0.0105,u,9.685562806005521e-06
fig1b,SD2,moving,x_half,512,0.125,6.25e-05,0.0105,v,3.622401878455861e-06
fig1b,SD2,moving,x_half,512,0.125,6.25e-05,0.011,u,1.0148798344378207e-05
fig1b,SD2,moving,x_half,512,0.125,6.25e-05,0.011,v,3.787045623371288e-06
fig1b,SD2,moving,x_half,512,0.125,6.25e-05,0.0115,u,1.061189011397623e-05
fig1b,SD2,moving,x_half,512,0.125,6.25e-05,0.0115,v,3.951611767083474e-06
fig1b,SD2,moving,x_half,512,0.125,6.25e-05,0.012,u,1.107487465173973e-05
fig1b,SD2,moving,x_half,512,0.125,6.25e-05,0.012,v,4.116154694533414e-06
fig1b,SD2,moving,x_half,512,0.125,6.25e-05,0.0125,u,1.1537778004500066e-05
fig1b,SD2,moving,x_half,512,0.125,6.25e-05,0.0125,v,4.280733841122153e-06
fig1b,SD2,moving,x_half,512,0.125,6.25e-05,0.013000000000000001,u,1.200066016499024e-05
fig1b,SD2,moving,x_half,512,0.125,6.25e-05,0.013000000000000001,v,4.445217055837336e-06
fig1b,SD2,moving,x_half,512,0.125,6.25e-05,0.0135,u,1.2463573621723789e-05
fig1b,SD2,moving,x_half,512,0.125,6.25e-05,0.0135,v,4.609695009039072e-06
fig1b,SD2,moving,x_half,512,0.125,6.25e-05,0.014,u,1.2926559127157677e-05
fig1b,SD2,moving,x_half,512,0.125,6.25e-05,0.014,v,4.7741893630659504e-06
fig1b,SD2,moving,x_half,512,0.125,6.25e-05,0.0145,u,1.3389640150573978e-05
fig1b,SD2,moving,x_half,512,0.125,6.25e-05,0.0145,v,4.938572038759581e-06
fig1b,SD2,moving,x_half,512,0.125,6.25e-05,0.015,u,1.3853017294507275e-05
fig1b,SD2,moving,x_half,512,0.125,6.25e-05,0.015,v,5.103032833242427e-06
fig1b,SD2,moving,x_half,512,0.125,6.25e-05,0.0155,u,1.4316592877317014e-05
fig1b,SD2,moving,x_half,512,0.125,6.25e-05,0.0155,v,5.267428010824471e-06
fig1b,SD2,moving,x_half,512,0.125,6.25e-05,0.016,u,1.4780422790960923e-05
fig1b,SD2,moving,x_half,512,0.125,6.25e-05,0.016,v,5.431790814636184e-06
fig1b,SD2,moving,x_half,512,0.125,6.25e-05,0.0165,u,1.5244810935455266e-05
fig1b,SD2,moving,x_half,512,0.125,6.25e-05,0.0165,v,5.596205684132993e-06
fig1b,SD2,moving,x_half,512,0.125,6.25e-05,0.017,u,1.5709569507860177e-05
fig1b,SD2,moving,x_half,512,0.125,6.25e-05,0.017,v,5.760516773700708e-06
fig1b,SD2,moving,x_half,512,0.125,6.25e-05,0.0175,u,1.6175167154630632e-05
fig1b,SD2,moving,x_half,512,0.125,6.25e-05,0.0175,v,5.9249576958020356e-06
fig1b,SD2,moving,x_half,512,0.125,6.25e-05,0.018000000000000002,u,1.664155269953671e-05
fig1b,SD2,moving,x_half,512,0.125,6.25e-05,0.018000000000000002,v,6.089277980125818e-06
fig1b,SD2,moving,x_half,512,0.125,6.25e-05,0.0185,u,1.7108835732471128e-05
fig1b,SD2,moving,x_half,512,0.125,6.25e-05,0.0185,v,6.254744151001912e-06
fig1b,SD2,moving,x_half,512,0.125,6.25e-05,0.019,u,1.7577854776906765e-05
fig1b,SD2,moving,x_half,512,0.125,6.25e-05,0.019,v,6.421166653891586e-06
fig1b,SD2,moving,x_half,512,0.125,6.25e-05,0.0195,u,1.804838281233012e-05
fig1b,SD2,moving,x_half,512,0.125,6.25e-05,0.0195,v,6.587913587707828e-06
fig1b,SD2,moving,x_half,512,0.125,6.25e-05,0.02,u,1.852080805869738e-05
fig1b,SD2,moving,x_half,512,0.125,6.25e-05,0.02,v,6.754813713205632e-06
fig1b,SD2,moving,y_half,256,0.0625,0.000125,0.0,u,4.622285946997984e-06
fig1b,SD2,moving,y_half,256,0.0625,0.000125,0.0,v,3.3829720220368564e-05
fig1b,SD2,moving,y_half,256,0.0625,0.000125,0.0005,u,4.6259499992817865e-06
fig1b,SD2,moving,y_half,256,0.0625,0.000125,0.0005,v,3.380323275442576e-05
fig1b,SD2,moving,y_half,256,0.0625,0.000125,0.001,u,4.629378721920929e-06
fig1b,SD2,moving,y_half,256,0.0625,0.000125,0.001,v,3.377535776999396e-05
fig1b,SD2,moving,y_half,256,0.0625,0.000125,0.0015,u,4.632571362406246e-06
fig1b,SD2,moving,y_half,256,0.0625,0.000125,0.0015,v,3.3747289105878764e-05
fig1b,SD2,moving,y_half,256,0.0625,0.000125,0.002,u,4.6355271950959676e-06
fig1b,SD2,moving,y_half,256,0.0625,0.000125,0.002,v,3.371916092814731e-05
fig1b,SD2,moving,y_half,256,0.0625,0.000125,0.0025,u,4.638245505117489e-06
fig1b,SD2,moving,y_half,256,0.0625,0.000125,0.0025,v,3.368965789296574e-05
fig1b,SD2,moving,y_half,256,0.0625,0.000125,0.003,u,4.640725619564634e-06
fig1b,SD2,moving,y_half,256,0.0625,0.000125,0.003,v,3.365878084859997e-05
fig1b,SD2,moving,y_half,256,0.0625,0.000125,0.0035,u,4.676801105329975e-06
fig1b,SD2,moving,y_half,256,0.0625,0.000125,0.0035,v,3.362670992568262e-05
fig1b,SD2,moving,y_half,256,0.0625,0.000125,0.004,u,4.745109704773487e-06
fig1b,SD2,moving,y_half,256,0.0625,0.000125,0.004,v,3.3628573151145424e-05
fig1b,SD2,moving,y_half,256,0.0625,0.000125,0.0045000000000000005,u,4.813329184782944e-06
fig1b,SD2,moving,y_half,256,0.0625,0.000125,0.0045000000000000005,v,3.36363937682993e-05
fig1b,SD2,moving,y_half,256,0.0625,0.000125,0.005,u,4.881456255267924e-06
fig1b,SD2,moving,y_half,256,0.0625,0.000125,0.005,v,3.3643930671456435e-05
fig1b,SD2,moving,y_half,256,0.0625,0.000125,0.0055,u,4.949487653060913e-06
fig1b,SD2,moving,y_half,256,0.0625,0.000125,0.0055,v,3.3651527707789786e-05
fig1b,SD2,moving,y_half,256,0.0625,0.000125,0.006,u,5.017420152464425e-06
fig1b,SD2,moving,y_half,256,0.0625,0.000125,0.006,v,3.3657750847126966e-05
fig1b,SD2,moving,y_half,256,0.0625,0.000125,0.006500000000000001,u,5.085250554204279e-06
fig1b,SD2,moving,y_half,256,0.0625,0.000125,0.006500000000000001,v,3.366259953424544e-05
fig1b,SD2,moving,y_half,256,0.0625,0.000125,0.007,u,5.1529756958657025e-06
fig1b,SD2,moving,y_half,256,0.0625,0.000125,0.007,v,3.3666073326665824e-05
fig1b,SD2,moving,y_half,256,0.0625,0.000125,0.0075,u,5.220592444898919e-06
fig1b,SD2,moving,y_half,256,0.0625,0.000125,0.0075,v,3.367041845325769e-05
fig1b,SD2,moving,y_half,256,0.0625,0.000125,0.008,u,5.288346368648167e-06
fig1b,SD2,moving,y_half,256,0.0625,0.000125,0.008,v,3.3673759498698e-05
fig1b,SD2,moving,y_half,256,0.0625,0.000125,0.0085,u,5.356225366681677e-06
fig1b,SD2,moving,y_half,256,0.0625,0.000125,0.0085,v,3.367571677748149e-05
fig1b,SD2,moving,y_half,256,0.0625,0.000125,0.009000000000000001,u,5.423993782172065e-06
fig1b,SD2,moving,y_half,256,0.0625,0.000125,0.009000000000000001,v,3.367629011308271e-05
fig1b,SD2,moving,y_half,256,0.0625,0.000125,0.0095,u,5.491648534472482e-06
fig1b,SD2,moving,y_half,256,0.0625,0.000125,0.0095,v,3.367547946081517e-05
fig1b,SD2,moving,y_half,256,0.0625,0.000125,0.01,u,5.559186571357788e-06
fig1b,SD2,moving,y_half,256,0.0625,0.000125,0.01,v,3.3675185973469635e-05
fig1b,SD2,moving,y_half,256,0.0625,0.000125,0.0105,u,5.626604877906338e-06
fig1b,SD2,moving,y_half,256,0.0625,0.000125,0.0105,v,3.367434061773977e-05
fig1b,SD2,moving,y_half,256,0.0625,0.000125,0.011,u,5.6939004689504635e-06
fig1b,SD2,moving,y_half,256,0.0625,0.000125,0.011,v,3.367210278476529e-05
fig1b,SD2,moving,y_half,256,0.0625,0.000125,0.0115,u,5.761070395571277e-06
fig1b,SD2,moving,y_half,256,0.0625,0.000125,0.0115,v,3.366847274377527e-05
fig1b,SD2,moving,y_half,256,0.0625,0.000125,0.012,u,5.828111740990849e-06
fig1b,SD2,moving,y_half,256,0.0625,0.000125,0.012,v,3.3663450805132555e-05
fig1b,SD2,moving,y_half,256,0.0625,0.000125,0.0125,u,5.895159153390672e-06
fig1b,SD2,moving,y_half,256,0.0625,0.000125,0.0125,v,3.3657037514345234e-05
fig1b,SD2,moving,y_half,256,0.0625,0.000125,0.013000000000000001,u,5.962450215890591e-06
fig1b,SD2,moving,y_half,256,0.0625,0.000125,0.013000000000000001,v,3.365202160776626e-05
fig1b,SD2,moving,y_half,256,0.0625,0.000125,0.0135,u,6.029610973623534e-06
fig1b,SD2,moving,y_half,256,0.0625,0.000125,0.0135,v,3.3645670497128854e-05
fig1b,SD2,moving,y_half,256,0.0625,0.000125,0.014,u,6.096638560215695e-06
fig1b,SD2,moving,y_half,256,0.0625,0.000125,0.014,v,3.363792004762445e-05
fig1b,SD2,moving,y_half,256,0.0625,0.000125,0.0145,u,6.1635301434881384e-06
fig1b,SD2,moving,y_half,256,0.0625,0.000125,0.0145,v,3.362877101148465e-05
fig1b,SD2,moving,y_half,256,0.0625,0.000125,0.015,u,6.230282923846975e-06
fig1b,SD2,moving,y_half,256,0.0625,0.000125,0.015,v,3.3618224320686174e-05
fig1b,SD2,moving,y_half,256,0.0625,0.000125,0.0155,u,6.296894135893183e-06
fig1b,SD2,moving,y_half,256,0.0625,0.000125,0.0155,v,3.3606281000853055e-05
fig1b,SD2,moving,y_half,256,0.0625,0.000125,0.016,u,6.363361048755678e-06
fig1b,SD2,moving,y_half,256,0.0625,0.000125,0.016,v,3.3595232824534804e-05
fig1b,SD2,moving,y_half,256,0.0625,0.000125,0.0165,u,6.429680965702733e-06
fig1b,SD2,moving,y_half,256,0.0625,0.000125,0.0165,v,3.358341956161137e-05
fig1b,SD2,moving,y_half,256,0.0625,0.000125,0.017,u,6.49585672640729e-06
fig1b,SD2,moving,y_half,256,0.0625,0.000125,0.017,v,3.357021234573487e-05
fig1b,SD2,moving,y_half,256,0.0625,0.000125,0.0175,u,6.56241395985413e-06
fig1b,SD2,moving,y_half,256,0.0625,0.000125,0.0175,v,3.355561091028525e-05
fig1b,SD2,moving,y_half,256,0.0625,0.000125,0.018000000000000002,u,6.628822961096681e-06
fig1b,SD2,moving,y_half,256,0.0625,0.000125,0.018000000000000002,v,3.353961506663561e-05
fig1b,SD2,moving,y_half,256,0.0625,0.000125,0.0185,u,6.695081087026988e-06
fig1b,SD2,moving,y_half,256,0.0625,0.000125,0.0185,v,3.352222476710187e-05
fig1b,SD2,moving,y_half,256,0.0625,0.000125,0.019,u,6.761185721626539e-06
fig1b,SD2,moving,y_half,256,0.0625,0.000125,0.019,v,3.350485392139557e-05
fig1b,SD2,moving,y_half,256,0.0625,0.000125,0.0195,u,6.82713429178694e-06
fig1b,SD2,moving,y_half,256,0.0625,0.000125,0.0195,v,3.3487521513553276e-05
fig1b,SD2,moving,y_half,256,0.0625,0.000125,0.02,u,6.89292425193333e-06
fig1b,SD2,moving,y_half,256,0.0625,0.000125,0.02,v,3.346880860571888e-05
fig1b,SD2,moving,domain_double,512,0.125,0.000125,0.0,u,4.492846436665587e-06
fig1b,SD2,moving,domain_double,512,0.125,0.000125,0.0,v,1.618896371591294e-05
fig1b,SD2,moving,domain_double,512,0.125,0.000125,0.0005,u,4.4956608852286806e-06
fig1b,SD2,moving,domain_double,512,0.125,0.000125,0.0005,v,1.6178600936389564e-05
fig1b,SD2,moving,domain_double,512,0.125,0.000125,0.001,u,4.521701334525563e-06
fig1b,SD2,moving,domain_double,512,0.125,0.000125,0.001,v,1.6166642068660142e-05
fig1b,SD2,moving,domain_double,512,0.125,0.000125,0.0015,u,4.741999478308223e-06
fig1b,SD2,moving,domain_double,512,0.125,0.000125,0.0015,v,1.6153095634019454e-05
fig1b,SD2,moving,domain_double,512,0.125,0.000125,0.002,u,4.963356465659263e-06
fig1b,SD2,moving,domain_double,512,0.125,0.000125,0.002,v,1.6138806037846454e-05
fig1b,SD2,moving,domain_double,512,0.125,0.000125,0.0025,u,5.185770330706774e-06
fig1b,SD2,moving,domain_double,512,0.125,0.000125,0.0025,v,1.6124718330123855e-05
fig1b,SD2,moving,domain_double,512,0.125,0.000125,0.003,u,5.4092391312821064e-06
fig1b,SD2,moving,domain_double,512,0.125,0.000125,0.003,v,1.6109054758794983e-05
fig1b,SD2,moving,domain_double,512,0.125,0.000125,0.0035,u,5.633760933709819e-06
fig1b,SD2,moving,domain_double,512,0.125,0.000125,0.0035,v,1.609182247541696e-05
fig1b,SD2,moving,domain_double,512,0.125,0.000125,0.004,u,5.859333834234981e-06
fig1b,SD2,moving,domain_double,512,0.125,0.000125,0.004,v,1.6073029488861135e-05
fig1b,SD2,moving,domain_double,512,0.125,0.000125,0.0045000000000000005,u,6.086170525998469e-06
fig1b,SD2,moving,domain_double,512,0.125,0.000125,0.0045000000000000005,v,1.605268490273426e-05
fig1b,SD2,moving,domain_double,512,0.125,0.000125,0.005,u,6.314088277559193e-06
fig1b,SD2,moving,domain_double,512,0.125,0.000125,0.005,v,1.6031485175371785e-05
fig1b,SD2,moving,domain_double,512,0.125,0.000125,0.0055,u,6.543046627283111e-06
fig1b,SD2,moving,domain_double,512,0.125,0.000125,0.0055,v,1.6010629314777702e-05
fig1b,SD2,moving,domain_double,512,0.125,0.000125,0.006,u,6.773043844776616e-06
fig1b,SD2,moving,domain_double,512,0.125,0.000125,0.006,v,1.5988250200715814e-05
fig1b,SD2,moving,domain_double,512,0.125,0.000125,0.006500000000000001,u,7.004078224515098e-06
fig1b,SD2,moving,domain_double,512,0.125,0.000125,0.006500000000000001,v,1.596435571643573e-05
fig1b,SD2,moving,domain_double,512,0.125,0.000125,0.007,u,7.236148083733518e-06
fig1b,SD2,moving,domain_double,512,0.125,0.000125,0.007,v,1.593895387308475e-05
fig1b,SD2,moving,domain_double,512,0.125,0.000125,0.0075,u,7.469251752878492e-06
fig1b,SD2,moving,domain_double,512,0.125,0.000125,0.0075,v,1.5912052876321248e-05
fig1b,SD2,moving,domain_double,512,0.125,0.000125,0.008,u,7.703387591651012e-06
fig1b,SD2,moving,domain_double,512,0.125,0.000125,0.008,v,1.5884256834131083e-05
fig1b,SD2,moving,domain_double,512,0.125,0.000125,0.0085,u,7.942884296285868e-06
fig1b,SD2,moving,domain_double,512,0.125,0.000125,0.0085,v,1.5856777754008622e-05
fig1b,SD2,moving,domain_double,512,0.125,0.000125,0.009000000000000001,u,8.194689106122421e-06
fig1b,SD2,moving,domain_double,512,0.125,0.000125,0.009000000000000001,v,1.582783027836987e-05
fig1b,SD2,moving,domain_double,512,0.125,0.000125,0.0095,u,8.447528676736038e-06
fig1b,SD2,moving,domain_double,512,0.125,0.000125,0.0095,v,1.5797422976970843e-05
fig1b,SD2,moving,domain_double,512,0.125,0.000125,0.01,u,8.701402258615154e-06
fig1b,SD2,moving,domain_double,512,0.125,0.000125,0.01,v,1.576556458565692e-05
fig1b,SD2,moving,domain_double,512,0.125,0.000125,0.0105,u,8.956309112295724e-06
fig1b,SD2,moving,domain_double,512,0.125,0.000125,0.0105,v,1.5732263965673177e-05
fig1b,SD2,moving,domain_double,512,0.125,0.000125,0.011,u,9.212248504586462e-06
fig1b,SD2,moving,domain_double,512,0.125,0.000125,0.011,v,1.572980609365615e-05
fig1b,SD2,moving,domain_double,512,0.125,0.000125,0.0115,u,9.469219715729782e-06
fig1b,SD2,moving,domain_double,512,0.125,0.000125,0.0115,v,1.5736680905265032e-05
fig1b,SD2,moving,domain_double,512,0.125,0.000125,0.012,u,9.727222033184546e-06
fig1b,SD2,moving,domain_double,512,0.125,0.000125,0.012,v,1.5741933330759572e-05
fig1b,SD2,moving,domain_double,512,0.125,0.000125,0.0125,u,9.986254749738688e-06
fig1b,SD2,moving,domain_double,512,0.125,0.000125,0.0125,v,1.574556885891587e-05
fig1b,SD2,moving,domain_double,512,0.125,0.000125,0.013000000000000001,u,1.0246317163564722e-05
fig1b,SD2,moving,domain_double,512,0.125,0.000125,0.013000000000000001,v,1.574759312616969e-05
fig1b,SD2,moving,domain_double,512,0.125,0.000125,0.0135,u,1.0507408589377487e-05
fig1b,SD2,moving,domain_double,512,0.125,0.000125,0.0135,v,1.5748011972571696e-05
fig1b,SD2,moving,domain_double,512,0.125,0.000125,0.014,u,1.0770846776475551e-05
fig1b,SD2,moving,domain_double,512,0.125,0.000125,0.014,v,1.574917712027224e-05
fig1b,SD2,moving,domain_double,512,0.125,0.000125,0.0145,u,1.1053068297295354e-05
fig1b,SD2,moving,domain_double,512,0.125,0.000125,0.0145,v,1.5748889106326214e-05
fig1b,SD2,moving,domain_double,512,0.125,0.000125,0.015,u,1.1443875081951216e-05
fig1b,SD2,moving,domain_double,512,0.125,0.000125,0.015,v,1.574700121215189e-05
fig1b,SD2,moving,domain_double,512,0.125,0.000125,0.0155,u,1.1851730095879809e-05
fig1b,SD2,moving,domain_double,512,0.125,0.000125,0.0155,v,1.5743518831934367e-05
fig1b,SD2,moving,domain_double,512,0.125,0.000125,0.016,u,1.2260028401323009e-05
fig1b,SD2,moving,domain_double,512,0.125,0.000125,0.016,v,1.5738448289281948e-05
fig1b,SD2,moving,domain_double,512,0.125,0.000125,0.0165,u,1.2677674336769584e-05
fig1b,SD2,moving,domain_double,512,0.125,0.000125,0.0165,v,1.5731925551654147e-05
fig1b,SD2,moving,domain_double,512,0.125,0.000125,0.017,u,1.3096940007062408e-05
fig1b,SD2,moving,domain_double,512,0.125,0.000125,0.017,v,1.5726167446938888e-05
fig1b,SD2,moving,domain_double,512,0.125,0.000125,0.0175,u,1.3516188926698813e-05
fig1b,SD2,moving,domain_double,512,0.125,0.000125,0.0175,v,1.571884450846106e-05
fig1b,SD2,moving,domain_double,512,0.125,0.000125,0.018000000000000002,u,1.3935432408185289e-05
fig1b,SD2,moving,domain_double,512,0.125,0.000125,0.018000000000000002,v,1.570996183458684e-05
fig1b,SD2,moving,domain_double,512,0.125,0.000125,0.0185,u,1.4354784625913997e-05
fig1b,SD2,moving,domain_double,512,0.125,0.000125,0.0185,v,1.5699524673562504e-05
fig1b,SD2,moving,domain_double,512,0.125,0.000125,0.019,u,1.4774062432998392e-05
fig1b,SD2,moving,domain_double,512,0.125,0.000125,0.019,v,1.568753841696413e-05
fig1b,SD2,moving,domain_double,512,0.125,0.000125,0.0195,u,1.5193250997524999e-05
fig1b,SD2,moving,domain_double,512,0.125,0.000125,0.0195,v,1.5674401249499148e-05
fig1b,SD2,moving,domain_double,512,0.125,0.000125,0.02,u,1.5612335470926997e-05
fig1b,SD2,moving,domain_double,512,0.125,0.000125,0.02,v,1.5661653611886983e-05
fig1a,SD2,fixed,x_half_time_half,512,0.125,3.125e-05,0.0,u,0.00018398651148987533
fig1a,SD2,fixed,x_half_time_half,512,0.125,3.125e-05,0.0,v,0.0007150246759177747
fig1a,SD2,fixed,x_half_time_half,512,0.125,3.125e-05,0.0005,u,0.00019574697680191377
fig1a,SD2,fixed,x_half_time_half,512,0.125,3.125e-05,0.0005,v,0.0007136128782285756
fig1a,SD2,fixed,x_half_time_half,512,0.125,3.125e-05,0.001,u,0.00020796788106114406
fig1a,SD2,fixed,x_half_time_half,512,0.125,3.125e-05,0.001,v,0.0007125307507420686
fig1a,SD2,fixed,x_half_time_half,512,0.125,3.125e-05,0.0015,u,0.00022074397453675232
fig1a,SD2,fixed,x_half_time_half,512,0.125,3.125e-05,0.0015,v,0.0007116948294636494
fig1a,SD2,fixed,x_half_time_half,512,0.125,3.125e-05,0.002,u,0.00023393688791806255
fig1a,SD2,fixed,x_half_time_half,512,0.125,3.125e-05,0.002,v,0.0007110421253213595
fig1a,SD2,fixed,x_half_time_half,512,0.125,3.125e-05,0.0025,u,0.0002480985779564904
fig1a,SD2,fixed,x_half_time_half,512,0.125,3.125e-05,0.0025,v,0.000710678206253812
fig1a,SD2,fixed,x_half_time_half,512,0.125,3.125e-05,0.003,u,0.0002629285483219945
fig1a,SD2,fixed,x_half_time_half,512,0.125,3.125e-05,0.003,v,0.0007106182345695267
fig1a,SD2,fixed,x_half_time_half,512,0.125,3.125e-05,0.0035,u,0.00027829733951367785
fig1a,SD2,fixed,x_half_time_half,512,0.125,3.125e-05,0.0035,v,0.0007107949918345735
fig1a,SD2,fixed,x_half_time_half,512,0.125,3.125e-05,0.004,u,0.00029404537829402777
fig1a,SD2,fixed,x_half_time_half,512,0.125,3.125e-05,0.004,v,0.000711352222025452
fig1a,SD2,fixed,x_half_time_half,512,0.125,3.125e-05,0.0045000000000000005,u,0.0003102389797107197
fig1a,SD2,fixed,x_half_time_half,512,0.125,3.125e-05,0.0045000000000000005,v,0.0007123522648728731
fig1a,SD2,fixed,x_half_time_half,512,0.125,3.125e-05,0.005,u,0.00032695546812977483
fig1a,SD2,fixed,x_half_time_half,512,0.125,3.125e-05,0.005,v,0.0007140321476570843
fig1a,SD2,fixed,x_half_time_half,512,0.125,3.125e-05,0.0055,u,0.00034408433833021945
fig1a,SD2,fixed,x_half_time_half,512,0.125,3.125e-05,0.0055,v,0.0007161832882085495
fig1a,SD2,fixed,x_half_time_half,512,0.125,3.125e-05,0.006,u,0.0003616393616325819
fig1a,SD2,fixed,x_half_time_half,512,0.125,3.125e-05,0.006,v,0.0007187311960132892
fig1a,SD2,fixed,x_half_time_half,512,0.125,3.125e-05,0.006500000000000001,u,0.0003796826251238894
fig1a,SD2,fixed,x_half_time_half,512,0.125,3.125e-05,0.006500000000000001,v,0.000721771821480699
fig1a,SD2,fixed,x_half_time_half,512,0.125,3.125e-05,0.007,u,0.00039826189887515184
fig1a,SD2,fixed,x_half_time_half,512,0.125,3.125e-05,0.007,v,0.0007251131611329953
fig1a,SD2,fixed,x_half_time_half,512,0.125,3.125e-05,0.0075,u,0.0004173084748526623
fig1a,SD2,fixed,x_half_time_half,512,0.125,3.125e-05,0.0075,v,0.0007290055821986829
fig1a,SD2,fixed,x_half_time_half,512,0.125,3.125e-05,0.008,u,0.00043683893902501936
fig1a,SD2,fixed,x_half_time_half,512,0.125,3.125e-05,0.008,v,0.0007332028329718465
fig1a,SD2,fixed,x_half_time_half,512,0.125,3.125e-05,0.0085,u,0.00045687056418208805
fig1a,SD2,fixed,x_half_time_half,512,0.125,3.125e-05,0.0085,v,0.0007379543027663527
fig1a,SD2,fixed,x_half_time_half,512,0.125,3.125e-05,0.009000000000000001,u,0.0004774213142006989
fig1a,SD2,fixed,x_half_time_half,512,0.125,3.125e-05,0.009000000000000001,v,0.000743083930760946
fig1a,SD2,fixed,x_half_time_half,512,0.125,3.125e-05,0.0095,u,0.0004985098450327463
fig1a,SD2,fixed,x_half_time_half,512,0.125,3.125e-05,0.0095,v,0.0007487495897862129
fig1a,SD2,fixed,x_half_time_half,512,0.125,3.125e-05,0.01,u,0.0005201801621377289
fig1a,SD2,fixed,x_half_time_half,512,0.125,3.125e-05,0.01,v,0.0007549050433868221
fig1a,SD2,fixed,x_half_time_half,512,0.125,3.125e-05,0.0105,u,0.0005424682208849951
fig1a,SD2,fixed,x_half_time_half,512,0.125,3.125e-05,0.0105,v,0.0007615913912615291
fig1a,SD2,fixed,x_half_time_half,512,0.125,3.125e-05,0.011,u,0.0005653506453322521
fig1a,SD2,fixed,x_half_time_half,512,0.125,3.125e-05,0.011,v,0.0007688867919104503
fig1a,SD2,fixed,x_half_time_half,512,0.125,3.125e-05,0.0115,u,0.0005888491544716601
fig1a,SD2,fixed,x_half_time_half,512,0.125,3.125e-05,0.0115,v,0.00077675579514902
fig1a,SD2,fixed,x_half_time_half,512,0.125,3.125e-05,0.012,u,0.0006129861478583187
fig1a,SD2,fixed,x_half_time_half,512,0.125,3.125e-05,0.012,v,0.000785330493708658
fig1a,SD2,fixed,x_half_time_half,512,0.125,3.125e-05,0.0125,u,0.0006377846778351515
fig1a,SD2,fixed,x_half_time_half,512,0.125,3.125e-05,0.0125,v,0.0007946044487294746
fig1a,SD2,fixed,x_half_time_half,512,0.125,3.125e-05,0.013000000000000001,u,0.0006632684115950305
fig1a,SD2,fixed,x_half_time_half,512,0.125,3.125e-05,0.013000000000000001,v,0.0008046286596059549
fig1a,SD2,fixed,x_half_time_half,512,0.125,3.125e-05,0.0135,u,0.0006894615814352356
fig1a,SD2,fixed,x_half_time_half,512,0.125,3.125e-05,0.0135,v,0.0008155959368543186
fig1a,SD2,fixed,x_half_time_half,512,0.125,3.125e-05,0.014,u,0.0007163889209751417
fig1a,SD2,fixed,x_half_time_half,512,0.125,3.125e-05,0.014,v,0.0008291343620283609
fig1a,SD2,fixed,x_half_time_half,512,0.125,3.125e-05,0.0145,u,0.0007440755850676162
fig1a,SD2,fixed,x_half_time_half,512,0.125,3.125e-05,0.0145,v,0.0008683232474497871
fig1a,SD2,fixed,x_half_time_half,512,0.125,3.125e-05,0.015,u,0.000772547050547745
fig1a,SD2,fixed,x_half_time_half,512,0.125,3.125e-05,0.015,v,0.0009096812408340149
fig1a,SD2,fixed,x_half_time_half,512,0.125,3.125e-05,0.0155,u,0.0008018289947429036
fig1a,SD2,fixed,x_half_time_half,512,0.125,3.125e-05,0.0155,v,0.0009533755546422551
fig1a,SD2,fixed,x_half_time_half,512,0.125,3.125e-05,0.016,u,0.0008330043427366984
fig1a,SD2,fixed,x_half_time_half,512,0.125,3.125e-05,0.016,v,0.000999589397996381
fig1a,SD2,fixed,x_half_time_half,512,0.125,3.125e-05,0.0165,u,0.0008655479121579823
fig1a,SD2,fixed,x_half_time_half,512,0.125,3.125e-05,0.0165,v,0.0010485236975472656
fig1a,SD2,fixed,x_half_time_half,512,0.125,3.125e-05,0.017,u,0.0008992268381196045
fig1a,SD2,fixed,x_half_time_half,512,0.125,3.125e-05,0.017,v,0.0011003990165401323
fig1a,SD2,fixed,x_half_time_half,512,0.125,3.125e-05,0.0175,u,0.0009340936342350226
fig1a,SD2,fixed,x_half_time_half,512,0.125,3.125e-05,0.0175,v,0.0011554576951282591
fig1a,SD2,fixed,x_half_time_half,512,0.125,3.125e-05,0.018000000000000002,u,0.0009702031358533869
fig1a,SD2,fixed,x_half_time_half,512,0.125,3.125e-05,0.018000000000000002,v,0.0012139760805387478
fig1a,SD2,fixed,x_half_time_half,512,0.125,3.125e-05,0.0185,u,0.0010076125437403771
fig1a,SD2,fixed,x_half_time_half,512,0.125,3.125e-05,0.0185,v,0.001276264713292452
fig1a,SD2,fixed,x_half_time_half,512,0.125,3.125e-05,0.019,u,0.0010463814579555475
fig1a,SD2,fixed,x_half_time_half,512,0.125,3.125e-05,0.019,v,0.0013425879141648611
fig1a,SD2,fixed,x_half_time_half,512,0.125,3.125e-05,0.0195,u,0.0010865719001329488
fig1a,SD2,fixed,x_half_time_half,512,0.125,3.125e-05,0.0195,v,0.0014132952066350235
fig1a,SD2,fixed,x_half_time_half,512,0.125,3.125e-05,0.02,u,0.001130171961754689
fig1a,SD2,fixed,x_half_time_half,512,0.125,3.125e-05,0.02,v,0.001488833141651602
fig1a,SD2,fixed,xy_half,512,0.0625,6.25e-05,0.0,u,0.00018404745890099328
fig1a,SD2,fixed,xy_half,512,0.0625,6.25e-05,0.0,v,0.001429326998654501
fig1a,SD2,fixed,xy_half,512,0.0625,6.25e-05,0.0005,u,0.00019463615019210678
fig1a,SD2,fixed,xy_half,512,0.0625,6.25e-05,0.0005,v,0.00142809920368836
fig1a,SD2,fixed,xy_half,512,0.0625,6.25e-05,0.001,u,0.0002054630743970609
fig1a,SD2,fixed,xy_half,512,0.0625,6.25e-05,0.001,v,0.0014269115035256963
fig1a,SD2,fixed,xy_half,512,0.0625,6.25e-05,0.0015,u,0.00021674273637306563
fig1a,SD2,fixed,xy_half,512,0.0625,6.25e-05,0.0015,v,0.0014257566265989396
fig1a,SD2,fixed,xy_half,512,0.0625,6.25e-05,0.002,u,0.00022828274119013336
fig1a,SD2,fixed,xy_half,512,0.0625,6.25e-05,0.002,v,0.00142462700214252
fig1a,SD2,fixed,xy_half,512,0.0625,6.25e-05,0.0025,u,0.0002400878763788583
fig1a,SD2,fixed,xy_half,512,0.0625,6.25e-05,0.0025,v,0.0014235147040342344
fig1a,SD2,fixed,xy_half,512,0.0625,6.25e-05,0.003,u,0.00025216915608683443
fig1a,SD2,fixed,xy_half,512,0.0625,6.25e-05,0.003,v,0.0014224113895944246
fig1a,SD2,fixed,xy_half,512,0.0625,6.25e-05,0.0035,u,0.00026453818870320056
fig1a,SD2,fixed,xy_half,512,0.0625,6.25e-05,0.0035,v,0.0014213082334932903
fig1a,SD2,fixed,xy_half,512,0.0625,6.25e-05,0.004,u,0.0002772071937353626
fig1a,SD2,fixed,xy_half,512,0.0625,6.25e-05,0.004,v,0.0014201958555168925
fig1a,SD2,fixed,xy_half,512,0.0625,6.25e-05,0.0045000000000000005,u,0.00029018901930877306
fig1a,SD2,fixed,xy_half,512,0.0625,6.25e-05,0.0045000000000000005,v,0.0014190642413314247
fig1a,SD2,fixed,xy_half,512,0.0625,6.25e-05,0.005,u,0.0003034971602411396
fig1a,SD2,fixed,xy_half,512,0.0625,6.25e-05,0.005,v,0.0014179026560598995
fig1a,SD2,fixed,xy_half,512,0.0625,6.25e-05,0.0055,u,0.00031714577640618025
fig1a,SD2,fixed,xy_half,512,0.0625,6.25e-05,0.0055,v,0.0014166995488480438
fig1a,SD2,fixed,xy_half,512,0.0625,6.25e-05,0.006,u,0.0003311497111844197
fig1a,SD2,fixed,xy_half,512,0.0625,6.25e-05,0.006,v,0.0014154424476349181
fig1a,SD2,fixed,xy_half,512,0.0625,6.25e-05,0.006500000000000001,u,0.00034552450970570803
fig1a,SD2,fixed,xy_half,512,0.0625,6.25e-05,0.006500000000000001,v,0.0014141178431317236
fig1a,SD2,fixed,xy_half,512,0.0625,6.25e-05,0.007,u,0.00036028643653285286
fig1a,SD2,fixed,xy_half,512,0.0625,6.25e-05,0.007,v,0.0014127110601187542
fig1a,SD2,fixed,xy_half,512,0.0625,6.25e-05,0.0075,u,0.0003754629843291113
fig1a,SD2,fixed,xy_half,512,0.0625,6.25e-05,0.0075,v,0.0014112061149986754
fig1a,SD2,fixed,xy_half,512,0.0625,6.25e-05,0.008,u,0.00039104042956061846
fig1a,SD2,fixed,xy_half,512,0.0625,6.25e-05,0.008,v,0.0014096612075231718
fig1a,SD2,fixed,xy_half,512,0.0625,6.25e-05,0.0085,u,0.00040706876495399946
fig1a,SD2,fixed,xy_half,512,0.0625,6.25e-05,0.0085,v,0.0014081411576185587
fig1a,SD2,fixed,xy_half,512,0.0625,6.25e-05,0.009000000000000001,u,0.0004235567908743576
fig1a,SD2,fixed,xy_half,512,0.0625,6.25e-05,0.009000000000000001,v,0.0014064909035582662
fig1a,SD2,fixed,xy_half,512,0.0625,6.25e-05,0.0095,u,0.0004405245820118253
fig1a,SD2,fixed,xy_half,512,0.0625,6.25e-05,0.0095,v,0.001404688985600755
fig1a,SD2,fixed,xy_half,512,0.0625,6.25e-05,0.01,u,0.0004579929981198827
fig1a,SD2,fixed,xy_half,512,0.0625,6.25e-05,0.01,v,0.001402711760444486
fig1a,SD2,fixed,xy_half,512,0.0625,6.25e-05,0.0105,u,0.0004759836810324103
fig1a,SD2,fixed,xy_half,512,0.0625,6.25e-05,0.0105,v,0.001400533138297133
fig1a,SD2,fixed,xy_half,512,0.0625,6.25e-05,0.011,u,0.0004945190449272552
fig1a,SD2,fixed,xy_half,512,0.0625,6.25e-05,0.011,v,0.001398497595755277
fig1a,SD2,fixed,xy_half,512,0.0625,6.25e-05,0.0115,u,0.0005136222581083594
fig1a,SD2,fixed,xy_half,512,0.0625,6.25e-05,0.0115,v,0.0013962507506961597
fig1a,SD2,fixed,xy_half,512,0.0625,6.25e-05,0.012,u,0.0005333172146424481
fig1a,SD2,fixed,xy_half,512,0.0625,6.25e-05,0.012,v,0.0013937443146285755
fig1a,SD2,fixed,xy_half,512,0.0625,6.25e-05,0.0125,u,0.0005536284936740188
fig1a,SD2,fixed,xy_half,512,0.0625,6.25e-05,0.0125,v,0.0013912365323833775
fig1a,SD2,fixed,xy_half,512,0.0625,6.25e-05,0.013000000000000001,u,0.0005745813040529679
fig1a,SD2,fixed,xy_half,512,0.0625,6.25e-05,0.013000000000000001,v,0.0013886560194151798
fig1a,SD2,fixed,xy_half,512,0.0625,6.25e-05,0.0135,u,0.0005962014113511938
fig1a,SD2,fixed,xy_half,512,0.0625,6.25e-05,0.0135,v,0.001385813548742787
fig1a,SD2,fixed,xy_half,512,0.0625,6.25e-05,0.014,u,0.0006185150439770304
fig1a,SD2,fixed,xy_half,512,0.0625,6.25e-05,0.014,v,0.001383190147760338
fig1a,SD2,fixed,xy_half,512,0.0625,6.25e-05,0.0145,u,0.0006415487745485837
fig1a,SD2,fixed,xy_half,512,0.0625,6.25e-05,0.0145,v,0.001380384172953164
fig1a,SD2,fixed,xy_half,512,0.0625,6.25e-05,0.015,u,0.0006657877148628089
fig1a,SD2,fixed,xy_half,512,0.0625,6.25e-05,0.015,v,0.0013777595751383043
fig1a,SD2,fixed,xy_half,512,0.0625,6.25e-05,0.0155,u,0.0006910057949340853
fig1a,SD2,fixed,xy_half,512,0.0625,6.25e-05,0.0155,v,0.0013754436134731929
fig1a,SD2,fixed,xy_half,512,0.0625,6.25e-05,0.016,u,0.0007171286710461189
fig1a,SD2,fixed,xy_half,512,0.0625,6.25e-05,0.016,v,0.0013735757050166164
fig1a,SD2,fixed,xy_half,512,0.0625,6.25e-05,0.0165,u,0.0007441942974253379
fig1a,SD2,fixed,xy_half,512,0.0625,6.25e-05,0.0165,v,0.0013726358595707033
fig1a,SD2,fixed,xy_half,512,0.0625,6.25e-05,0.017,u,0.0007722412061967887
fig1a,SD2,fixed,xy_half,512,0.0625,6.25e-05,0.017,v,0.0013728286093670494
fig1a,SD2,fixed,xy_half,512,0.0625,6.25e-05,0.0175,u,0.0008013650898655023
fig1a,SD2,fixed,xy_half,512,0.0625,6.25e-05,0.0175,v,0.0013740749886255177
fig1a,SD2,fixed,xy_half,512,0.0625,6.25e-05,0.018000000000000002,u,0.0008326631522150851
fig1a,SD2,fixed,xy_half,512,0.0625,6.25e-05,0.018000000000000002,v,0.0013764944939935742
fig1a,SD2,fixed,xy_half,512,0.0625,6.25e-05,0.0185,u,0.0008652408081835095
fig1a,SD2,fixed,xy_half,512,0.0625,6.25e-05,0.0185,v,0.001380256173020511
fig1a,SD2,fixed,xy_half,512,0.0625,6.25e-05,0.019,u,0.0008991583533493053
fig1a,SD2,fixed,xy_half,512,0.0625,6.25e-05,0.019,v,0.0013855789115053696
fig1a,SD2,fixed,xy_half,512,0.0625,6.25e-05,0.0195,u,0.0009344776864637083
fig1a,SD2,fixed,xy_half,512,0.0625,6.25e-05,0.0195,v,0.0013927313724722001
fig1a,SD2,fixed,xy_half,512,0.0625,6.25e-05,0.02,u,0.000972077285292805
fig1a,SD2,fixed,xy_half,512,0.0625,6.25e-05,0.02,v,0.0014020314632001707
fig1a,SD2,moving,x_half_time_half,512,0.125,3.125e-05,0.0,u,7.549910113491265e-05
fig1a,SD2,moving,x_half_time_half,512,0.125,3.125e-05,0.0,v,0.00017276733541971012
fig1a,SD2,moving,x_half_time_half,512,0.125,3.125e-05,0.0005,u,6.888996449139206e-05
fig1a,SD2,moving,x_half_time_half,512,0.125,3.125e-05,0.0005,v,0.00016562722911928063
fig1a,SD2,moving,x_half_time_half,512,0.125,3.125e-05,0.001,u,6.237357300209467e-05
fig1a,SD2,moving,x_half_time_half,512,0.125,3.125e-05,0.001,v,0.0001585459198842898
fig1a,SD2,moving,x_half_time_half,512,0.125,3.125e-05,0.0015,u,5.590920235487573e-05
fig1a,SD2,moving,x_half_time_half,512,0.125,3.125e-05,0.0015,v,0.00015152837823251275
fig1a,SD2,moving,x_half_time_half,512,0.125,3.125e-05,0.002,u,6.0590670483584574e-05
fig1a,SD2,moving,x_half_time_half,512,0.125,3.125e-05,0.002,v,0.00014456396695106122
fig1a,SD2,moving,x_half_time_half,512,0.125,3.125e-05,0.0025,u,7.317841719944873e-05
fig1a,SD2,moving,x_half_time_half,512,0.125,3.125e-05,0.0025,v,0.00013768938635694283
fig1a,SD2,moving,x_half_time_half,512,0.125,3.125e-05,0.003,u,8.594322643773467e-05
fig1a,SD2,moving,x_half_time_half,512,0.125,3.125e-05,0.003,v,0.00013086829751451923
fig1a,SD2,moving,x_half_time_half,512,0.125,3.125e-05,0.0035,u,9.884653397640442e-05
fig1a,SD2,moving,x_half_time_half,512,0.125,3.125e-05,0.0035,v,0.00013394612860118116
fig1a,SD2,moving,x_half_time_half,512,0.125,3.125e-05,0.004,u,0.00011243478047306965
fig1a,SD2,moving,x_half_time_half,512,0.125,3.125e-05,0.004,v,0.0001399029215518599
fig1a,SD2,moving,x_half_time_half,512,0.125,3.125e-05,0.0045000000000000005,u,0.0001293556279740038
fig1a,SD2,moving,x_half_time_half,512,0.125,3.125e-05,0.0045000000000000005,v,0.00014605084793406498
fig1a,SD2,moving,x_half_time_half,512,0.125,3.125e-05,0.005,u,0.0001463035327826656
fig1a,SD2,moving,x_half_time_half,512,0.125,3.125e-05,0.005,v,0.0001524212028298777
fig1a,SD2,moving,x_half_time_half,512,0.125,3.125e-05,0.0055,u,0.0001632853132453871
fig1a,SD2,moving,x_half_time_half,512,0.125,3.125e-05,0.0055,v,0.000159323877591655
fig1a,SD2,moving,x_half_time_half,512,0.125,3.125e-05,0.006,u,0.00018030994145856738
fig1a,SD2,moving,x_half_time_half,512,0.125,3.125e-05,0.006,v,0.0001682206284412402
fig1a,SD2,moving,x_half_time_half,512,0.125,3.125e-05,0.006500000000000001,u,0.00019738929284152107
fig1a,SD2,moving,x_half_time_half,512,0.125,3.125e-05,0.006500000000000001,v,0.0001789937439740097
fig1a,SD2,moving,x_half_time_half,512,0.125,3.125e-05,0.007,u,0.0002145391624790438
fig1a,SD2,moving,x_half_time_half,512,0.125,3.125e-05,0.007,v,0.0001900302731843162
fig1a,SD2,moving,x_half_time_half,512,0.125,3.125e-05,0.0075,u,0.00023178758204767114
fig1a,SD2,moving,x_half_time_half,512,0.125,3.125e-05,0.0075,v,0.00020139480064096382
fig1a,SD2,moving,x_half_time_half,512,0.125,3.125e-05,0.008,u,0.00024920202763079047
fig1a,SD2,moving,x_half_time_half,512,0.125,3.125e-05,0.008,v,0.00021318139753101484
fig1a,SD2,moving,x_half_time_half,512,0.125,3.125e-05,0.0085,u,0.00026678594110007836
fig1a,SD2,moving,x_half_time_half,512,0.125,3.125e-05,0.0085,v,0.00022533473252939196
fig1a,SD2,moving,x_half_time_half,512,0.125,3.125e-05,0.009000000000000001,u,0.00028459335457542423
fig1a,SD2,moving,x_half_time_half,512,0.125,3.125e-05,0.009000000000000001,v,0.00023780782249227528
fig1a,SD2,moving,x_half_time_half,512,0.125,3.125e-05,0.0095,u,0.0003026964791608133
fig1a,SD2,moving,x_half_time_half,512,0.125,3.125e-05,0.0095,v,0.0002506307743923575
fig1a,SD2,moving,x_half_time_half,512,0.125,3.125e-05,0.01,u,0.00032129855563334253
fig1a,SD2,moving,x_half_time_half,512,0.125,3.125e-05,0.01,v,0.0002638538768500176
fig1a,SD2,moving,x_half_time_half,512,0.125,3.125e-05,0.0105,u,0.0003404358373626515
fig1a,SD2,moving,x_half_time_half,512,0.125,3.125e-05,0.0105,v,0.00027743890673570526
fig1a,SD2,moving,x_half_time_half,512,0.125,3.125e-05,0.011,u,0.0003603233533393535
fig1a,SD2,moving,x_half_time_half,512,0.125,3.125e-05,0.011,v,0.00029139599669325555
fig1a,SD2,moving,x_half_time_half,512,0.125,3.125e-05,0.0115,u,0.00038139876779963444
fig1a,SD2,moving,x_half_time_half,512,0.125,3.125e-05,0.0115,v,0.0003058244695293144
fig1a,SD2,moving,x_half_time_half,512,0.125,3.125e-05,0.012,u,0.000403855846658141
fig1a,SD2,moving,x_half_time_half,512,0.125,3.125e-05,0.012,v,0.00032069198182349545
fig1a,SD2,moving,x_half_time_half,512,0.125,3.125e-05,0.0125,u,0.00042816460221795083
fig1a,SD2,moving,x_half_time_half,512,0.125,3.125e-05,0.0125,v,0.00033598431311787635
fig1a,SD2,moving,x_half_time_half,512,0.125,3.125e-05,0.013000000000000001,u,0.0004549528700421579
fig1a,SD2,moving,x_half_time_half,512,0.125,3.125e-05,0.013000000000000001,v,0.00035176116698720783
fig1a,SD2,moving,x_half_time_half,512,0.125,3.125e-05,0.0135,u,0.000485058069624289
fig1a,SD2,moving,x_half_time_half,512,0.125,3.125e-05,0.0135,v,0.00036811444308226804
fig1a,SD2,moving,x_half_time_half,512,0.125,3.125e-05,0.014,u,0.0005195953635948047
fig1a,SD2,moving,x_half_time_half,512,0.125,3.125e-05,0.014,v,0.0004116290253455279
fig1a,SD2,moving,x_half_time_half,512,0.125,3.125e-05,0.0145,u,0.0005611549702637664
fig1a,SD2,moving,x_half_time_half,512,0.125,3.125e-05,0.0145,v,0.0004753543819044914
fig1a,SD2,moving,x_half_time_half,512,0.125,3.125e-05,0.015,u,0.0006135308523662619
fig1a,SD2,moving,x_half_time_half,512,0.125,3.125e-05,0.015,v,0.0005586894686424593
fig1a,SD2,moving,x_half_time_half,512,0.125,3.125e-05,0.0155,u,0.0006796729153404346
fig1a,SD2,moving,x_half_time_half,512,0.125,3.125e-05,0.0155,v,0.0006690195211267458
fig1a,SD2,moving,x_half_time_half,512,0.125,3.125e-05,0.016,u,0.0007681296890835743
fig1a,SD2,moving,x_half_time_half,512,0.125,3.125e-05,0.016,v,0.0008186486115151492
fig1a,SD2,moving,x_half_time_half,512,0.125,3.125e-05,0.0165,u,0.0009071046175701536
fig1a,SD2,moving,x_half_time_half,512,0.125,3.125e-05,0.0165,v,0.0010220779714147366
fig1a,SD2,moving,x_half_time_half,512,0.125,3.125e-05,0.017,u,0.0011379816155594469
fig1a,SD2,moving,x_half_time_half,512,0.125,3.125e-05,0.017,v,0.0012989984368072527
fig1a,SD2,moving,x_half_time_half,512,0.125,3.125e-05,0.0175,u,0.0014469121209363944
fig1a,SD2,moving,x_half_time_half,512,0.125,3.125e-05,0.0175,v,0.0016775350862399119
fig1a,SD2,moving,x_half_time_half,512,0.125,3.125e-05,0.018000000000000002,u,0.0018607468375031466
fig1a,SD2,moving,x_half_time_half,512,0.125,3.125e-05,0.018000000000000002,v,0.0021964802583063214
fig1a,SD2,moving,x_half_time_half,512,0.125,3.125e-05,0.0185,u,0.0024345897776485437
fig1a,SD2,moving,x_half_time_half,512,0.125,3.125e-05,0.0185,v,0.0029092680672231364
fig1a,SD2,moving,x_half_time_half,512,0.125,3.125e-05,0.019,u,0.003331848529688708
fig1a,SD2,moving,x_half_time_half,512,0.125,3.125e-05,0.019,v,0.0038893970526368005
fig1a,SD2,moving,x_half_time_half,512,0.125,3.125e-05,0.0195,u,0.004545258207638403
fig1a,SD2,moving,x_half_time_half,512,0.125,3.125e-05,0.0195,v,0.00525149595452401
fig1a,SD2,moving,x_half_time_half,512,0.125,3.125e-05,0.02,u,0.006181654475559739
fig1a,SD2,moving,x_half_time_half,512,0.125,3.125e-05,0.02,v,0.007142758628590817
fig1a,SD2,moving,xy_half,512,0.0625,6.25e-05,0.0,u,7.707082828356526e-05
fig1a,SD2,moving,xy_half,512,0.0625,6.25e-05,0.0,v,0.0003725944227621625
fig1a,SD2,moving,xy_half,512,0.0625,6.25e-05,0.0005,u,7.591534513151643e-05
fig1a,SD2,moving,xy_half,512,0.0625,6.25e-05,0.0005,v,0.000370226434940113
fig1a,SD2,moving,xy_half,512,0.0625,6.25e-05,0.001,u,7.564492787870414e-05
fig1a,SD2,moving,xy_half,512,0.0625,6.25e-05,0.001,v,0.0003678338269204051
fig1a,SD2,moving,xy_half,512,0.0625,6.25e-05,0.0015,u,7.540033220032605e-05
fig1a,SD2,moving,xy_half,512,0.0625,6.25e-05,0.0015,v,0.0003654124695227079
fig1a,SD2,moving,xy_half,512,0.0625,6.25e-05,0.002,u,7.518159594588347e-05
fig1a,SD2,moving,xy_half,512,0.0625,6.25e-05,0.002,v,0.00036295804998753844
fig1a,SD2,moving,xy_half,512,0.0625,6.25e-05,0.0025,u,7.498867498068051e-05
fig1a,SD2,moving,xy_half,512,0.0625,6.25e-05,0.0025,v,0.00036046604740636035
fig1a,SD2,moving,xy_half,512,0.0625,6.25e-05,0.003,u,7.482142606995978e-05
fig1a,SD2,moving,xy_half,512,0.0625,6.25e-05,0.003,v,0.0003579317059436704
fig1a,SD2,moving,xy_half,512,0.0625,6.25e-05,0.0035,u,7.47169569275119e-05
fig1a,SD2,moving,xy_half,512,0.0625,6.25e-05,0.0035,v,0.0003553500071185045
fig1a,SD2,moving,xy_half,512,0.0625,6.25e-05,0.004,u,7.467378631975663e-05
fig1a,SD2,moving,xy_half,512,0.0625,6.25e-05,0.004,v,0.00035271563905703296
fig1a,SD2,moving,xy_half,512,0.0625,6.25e-05,0.0045000000000000005,u,7.465685849439296e-05
fig1a,SD2,moving,xy_half,512,0.0625,6.25e-05,0.0045000000000000005,v,0.0003500229636652641
fig1a,SD2,moving,xy_half,512,0.0625,6.25e-05,0.005,u,7.46653221188609e-05
fig1a,SD2,moving,xy_half,512,0.0625,6.25e-05,0.005,v,0.0003472659804331091
fig1a,SD2,moving,xy_half,512,0.0625,6.25e-05,0.0055,u,7.4698037555887e-05
fig1a,SD2,moving,xy_half,512,0.0625,6.25e-05,0.0055,v,0.0003444382867168194
fig1a,SD2,moving,xy_half,512,0.0625,6.25e-05,0.006,u,7.480836383488843e-05
fig1a,SD2,moving,xy_half,512,0.0625,6.25e-05,0.006,v,0.0003415330339462397
fig1a,SD2,moving,xy_half,512,0.0625,6.25e-05,0.006500000000000001,u,7.531617701239668e-05
fig1a,SD2,moving,xy_half,512,0.0625,6.25e-05,0.006500000000000001,v,0.000338542879051662
fig1a,SD2,moving,xy_half,512,0.0625,6.25e-05,0.007,u,7.655365328362862e-05
fig1a,SD2,moving,xy_half,512,0.0625,6.25e-05,0.007,v,0.0003354599302483052
fig1a,SD2,moving,xy_half,512,0.0625,6.25e-05,0.0075,u,7.788654118989768e-05
fig1a,SD2,moving,xy_half,512,0.0625,6.25e-05,0.0075,v,0.0003322756867185639
fig1a,SD2,moving,xy_half,512,0.0625,6.25e-05,0.008,u,7.933800033010918e-05
fig1a,SD2,moving,xy_half,512,0.0625,6.25e-05,0.008,v,0.0003289821045222574
fig1a,SD2,moving,xy_half,512,0.0625,6.25e-05,0.0085,u,8.381893020081854e-05
fig1a,SD2,moving,xy_half,512,0.0625,6.25e-05,0.0085,v,0.00032560834296968544
fig1a,SD2,moving,xy_half,512,0.0625,6.25e-05,0.009000000000000001,u,8.864460094804016e-05
fig1a,SD2,moving,xy_half,512,0.0625,6.25e-05,0.009000000000000001,v,0.00032210923146536174
fig1a,SD2,moving,xy_half,512,0.0625,6.25e-05,0.0095,u,9.36890551714864e-05
fig1a,SD2,moving,xy_half,512,0.0625,6.25e-05,0.0095,v,0.0003184734791537025
fig1a,SD2,moving,xy_half,512,0.0625,6.25e-05,0.01,u,9.897305627548647e-05
fig1a,SD2,moving,xy_half,512,0.0625,6.25e-05,0.01,v,0.00031468884215835047
fig1a,SD2,moving,xy_half,512,0.0625,6.25e-05,0.0105,u,0.00010456674889991469
fig1a,SD2,moving,xy_half,512,0.0625,6.25e-05,0.0105,v,0.00031079400815814395
fig1a,SD2,moving,xy_half,512,0.0625,6.25e-05,0.011,u,0.00011059687237002791
fig1a,SD2,moving,xy_half,512,0.0625,6.25e-05,0.011,v,0.0003067536592054054
fig1a,SD2,moving,xy_half,512,0.0625,6.25e-05,0.0115,u,0.00011712596484136917
fig1a,SD2,moving,xy_half,512,0.0625,6.25e-05,0.0115,v,0.00030257190389160193
fig1a,SD2,moving,xy_half,512,0.0625,6.25e-05,0.012,u,0.0001244060191269991
fig1a,SD2,moving,xy_half,512,0.0625,6.25e-05,0.012,v,0.0002982587538875592
fig1a,SD2,moving,xy_half,512,0.0625,6.25e-05,0.0125,u,0.00013256155926444357
fig1a,SD2,moving,xy_half,512,0.0625,6.25e-05,0.0125,v,0.00029387653292411997
fig1a,SD2,moving,xy_half,512,0.0625,6.25e-05,0.013000000000000001,u,0.00015218021358442968
fig1a,SD2,moving,xy_half,512,0.0625,6.25e-05,0.013000000000000001,v,0.0002894519179803545
fig1a,SD2,moving,xy_half,512,0.0625,6.25e-05,0.0135,u,0.0001873543037835823
fig1a,SD2,moving,xy_half,512,0.0625,6.25e-05,0.0135,v,0.00028494511248067234
fig1a,SD2,moving,xy_half,512,0.0625,6.25e-05,0.014,u,0.00023405659561404057
fig1a,SD2,moving,xy_half,512,0.0625,6.25e-05,0.014,v,0.0002803622983209575
fig1a,SD2,moving,xy_half,512,0.0625,6.25e-05,0.0145,u,0.00029614210305317634
fig1a,SD2,moving,xy_half,512,0.0625,6.25e-05,0.0145,v,0.00029334779573386704
fig1a,SD2,moving,xy_half,512,0.0625,6.25e-05,0.015,u,0.0003789337242219304
fig1a,SD2,moving,xy_half,512,0.0625,6.25e-05,0.015,v,0.0003786710807756055
fig1a,SD2,moving,xy_half,512,0.0625,6.25e-05,0.0155,u,0.0004895769623503021
fig1a,SD2,moving,xy_half,512,0.0625,6.25e-05,0.0155,v,0.0004957816529513881
fig1a,SD2,moving,xy_half,512,0.0625,6.25e-05,0.016,u,0.0006376557689569129
fig1a,SD2,moving,xy_half,512,0.0625,6.25e-05,0.016,v,0.0006564110816804636
fig1a,SD2,moving,xy_half,512,0.0625,6.25e-05,0.0165,u,0.0008385508213286652
fig1a,SD2,moving,xy_half,512,0.0625,6.25e-05,0.0165,v,0.0008765368135388307
fig1a,SD2,moving,xy_half,512,0.0625,6.25e-05,0.017,u,0.001154816498868394
fig1a,SD2,moving,xy_half,512,0.0625,6.25e-05,0.017,v,0.0011778893330816054
fig1a,SD2,moving,xy_half,512,0.0625,6.25e-05,0.0175,u,0.0015879052759593115
fig1a,SD2,moving,xy_half,512,0.0625,6.25e-05,0.0175,v,0.0015899831867984826
fig1a,SD2,moving,xy_half,512,0.0625,6.25e-05,0.018000000000000002,u,0.0021766834818550684
fig1a,SD2,moving,xy_half,512,0.0625,6.25e-05,0.018000000000000002,v,0.002158893809847129
fig1a,SD2,moving,xy_half,512,0.0625,6.25e-05,0.0185,u,0.0029765546313140767
fig1a,SD2,moving,xy_half,512,0.0625,6.25e-05,0.0185,v,0.002939380871618935
fig1a,SD2,moving,xy_half,512,0.0625,6.25e-05,0.019,u,0.004062442898144392
fig1a,SD2,moving,xy_half,512,0.0625,6.25e-05,0.019,v,0.004012367800312111
fig1a,SD2,moving,xy_half,512,0.0625,6.25e-05,0.0195,u,0.005535582892368884
fig1a,SD2,moving,xy_half,512,0.0625,6.25e-05,0.0195,v,0.005557460341971909
fig1a,SD2,moving,xy_half,512,0.0625,6.25e-05,0.02,u,0.007532632669911221
fig1a,SD2,moving,xy_half,512,0.0625,6.25e-05,0.02,v,0.007713336393543102
fig1b,SD2,fixed,x_half_time_half,512,0.125,3.125e-05,0.0,u,4.398349381373734e-07
fig1b,SD2,fixed,x_half_time_half,512,0.125,3.125e-05,0.0,v,1.6555466716416944e-06
fig1b,SD2,fixed,x_half_time_half,512,0.125,3.125e-05,0.0005,u,6.871392416174515e-07
fig1b,SD2,fixed,x_half_time_half,512,0.125,3.125e-05,0.0005,v,1.6805210905079804e-06
fig1b,SD2,fixed,x_half_time_half,512,0.125,3.125e-05,0.001,u,9.64576061912581e-07
fig1b,SD2,fixed,x_half_time_half,512,0.125,3.125e-05,0.001,v,1.7210045119009365e-06
fig1b,SD2,fixed,x_half_time_half,512,0.125,3.125e-05,0.0015,u,1.2827652818292457e-06
fig1b,SD2,fixed,x_half_time_half,512,0.125,3.125e-05,0.0015,v,1.7601126724442473e-06
fig1b,SD2,fixed,x_half_time_half,512,0.125,3.125e-05,0.002,u,1.6872352771035715e-06
fig1b,SD2,fixed,x_half_time_half,512,0.125,3.125e-05,0.002,v,1.8124153258747278e-06
fig1b,SD2,fixed,x_half_time_half,512,0.125,3.125e-05,0.0025,u,2.1379853927805392e-06
fig1b,SD2,fixed,x_half_time_half,512,0.125,3.125e-05,0.0025,v,1.8675069711759917e-06
fig1b,SD2,fixed,x_half_time_half,512,0.125,3.125e-05,0.003,u,2.5950343932046316e-06
fig1b,SD2,fixed,x_half_time_half,512,0.125,3.125e-05,0.003,v,1.927729643247389e-06
fig1b,SD2,fixed,x_half_time_half,512,0.125,3.125e-05,0.0035,u,3.056720434990723e-06
fig1b,SD2,fixed,x_half_time_half,512,0.125,3.125e-05,0.0035,v,1.996998711339959e-06
fig1b,SD2,fixed,x_half_time_half,512,0.125,3.125e-05,0.004,u,3.5187661415192473e-06
fig1b,SD2,fixed,x_half_time_half,512,0.125,3.125e-05,0.004,v,2.065935226558402e-06
fig1b,SD2,fixed,x_half_time_half,512,0.125,3.125e-05,0.0045000000000000005,u,3.981077272563471e-06
fig1b,SD2,fixed,x_half_time_half,512,0.125,3.125e-05,0.0045000000000000005,v,2.144928143210656e-06
fig1b,SD2,fixed,x_half_time_half,512,0.125,3.125e-05,0.005,u,4.443551763877451e-06
fig1b,SD2,fixed,x_half_time_half,512,0.125,3.125e-05,0.005,v,2.226957770301574e-06
fig1b,SD2,fixed,x_half_time_half,512,0.125,3.125e-05,0.0055,u,4.906095514844999e-06
fig1b,SD2,fixed,x_half_time_half,512,0.125,3.125e-05,0.0055,v,2.308474574719277e-06
fig1b,SD2,fixed,x_half_time_half,512,0.125,3.125e-05,0.006,u,5.368671850802809e-06
fig1b,SD2,fixed,x_half_time_half,512,0.125,3.125e-05,0.006,v,2.3986890558269636e-06
fig1b,SD2,fixed,x_half_time_half,512,0.125,3.125e-05,0.006500000000000001,u,5.8311720752546314e-06
fig1b,SD2,fixed,x_half_time_half,512,0.125,3.125e-05,0.006500000000000001,v,2.492172126833392e-06
fig1b,SD2,fixed,x_half_time_half,512,0.125,3.125e-05,0.007,u,6.2935555742993365e-06
fig1b,SD2,fixed,x_half_time_half,512,0.125,3.125e-05,0.007,v,2.598467941095084e-06
fig1b,SD2,fixed,x_half_time_half,512,0.125,3.125e-05,0.0075,u,6.755803807378946e-06
fig1b,SD2,fixed,x_half_time_half,512,0.125,3.125e-05,0.0075,v,2.7625129914721214e-06
fig1b,SD2,fixed,x_half_time_half,512,0.125,3.125e-05,0.008,u,7.217904503420414e-06
fig1b,SD2,fixed,x_half_time_half,512,0.125,3.125e-05,0.008,v,2.9270615622967178e-06
fig1b,SD2,fixed,x_half_time_half,512,0.125,3.125e-05,0.0085,u,7.67982181554272e-06
fig1b,SD2,fixed,x_half_time_half,512,0.125,3.125e-05,0.0085,v,3.0916564934257984e-06
fig1b,SD2,fixed,x_half_time_half,512,0.125,3.125e-05,0.009000000000000001,u,8.141551124329904e-06
fig1b,SD2,fixed,x_half_time_half,512,0.125,3.125e-05,0.009000000000000001,v,3.256200633128259e-06
fig1b,SD2,fixed,x_half_time_half,512,0.125,3.125e-05,0.0095,u,8.603072453150507e-06
fig1b,SD2,fixed,x_half_time_half,512,0.125,3.125e-05,0.0095,v,3.420682052890367e-06
fig1b,SD2,fixed,x_half_time_half,512,0.125,3.125e-05,0.01,u,9.064365542654773e-06
fig1b,SD2,fixed,x_half_time_half,512,0.125,3.125e-05,0.01,v,3.5850887920019225e-06
fig1b,SD2,fixed,x_half_time_half,512,0.125,3.125e-05,0.0105,u,9.525411760524793e-06
fig1b,SD2,fixed,x_half_time_half,512,0.125,3.125e-05,0.0105,v,3.749546895026601e-06
fig1b,SD2,fixed,x_half_time_half,512,0.125,3.125e-05,0.011,u,9.98619247799537e-06
fig1b,SD2,fixed,x_half_time_half,512,0.125,3.125e-05,0.011,v,3.913946892253328e-06
fig1b,SD2,fixed,x_half_time_half,512,0.125,3.125e-05,0.0115,u,1.0446689036713863e-05
fig1b,SD2,fixed,x_half_time_half,512,0.125,3.125e-05,0.0115,v,4.0782500949632094e-06
fig1b,SD2,fixed,x_half_time_half,512,0.125,3.125e-05,0.012,u,1.0906892577489113e-05
fig1b,SD2,fixed,x_half_time_half,512,0.125,3.125e-05,0.012,v,4.242510233398722e-06
fig1b,SD2,fixed,x_half_time_half,512,0.125,3.125e-05,0.0125,u,1.1366898578391016e-05
fig1b,SD2,fixed,x_half_time_half,512,0.125,3.125e-05,0.0125,v,4.406801862699705e-06
fig1b,SD2,fixed,x_half_time_half,512,0.125,3.125e-05,0.013000000000000001,u,1.1826583850071959e-05
fig1b,SD2,fixed,x_half_time_half,512,0.125,3.125e-05,0.013000000000000001,v,4.5709746305799825e-06
fig1b,SD2,fixed,x_half_time_half,512,0.125,3.125e-05,0.0135,u,1.2285929766542303e-05
fig1b,SD2,fixed,x_half_time_half,512,0.125,3.125e-05,0.0135,v,4.735106947151291e-06
fig1b,SD2,fixed,x_half_time_half,512,0.125,3.125e-05,0.014,u,1.2745008725500995e-05
fig1b,SD2,fixed,x_half_time_half,512,0.125,3.125e-05,0.014,v,4.899264756108579e-06
fig1b,SD2,fixed,x_half_time_half,512,0.125,3.125e-05,0.0145,u,1.3203811301987223e-05
fig1b,SD2,fixed,x_half_time_half,512,0.125,3.125e-05,0.0145,v,5.063281643791218e-06
fig1b,SD2,fixed,x_half_time_half,512,0.125,3.125e-05,0.015,u,1.3662238035061502e-05
fig1b,SD2,fixed,x_half_time_half,512,0.125,3.125e-05,0.015,v,5.227397420315416e-06
fig1b,SD2,fixed,x_half_time_half,512,0.125,3.125e-05,0.0155,u,1.41204508379289e-05
fig1b,SD2,fixed,x_half_time_half,512,0.125,3.125e-05,0.0155,v,5.391396460718845e-06
fig1b,SD2,fixed,x_half_time_half,512,0.125,3.125e-05,0.016,u,1.4578303714707364e-05
fig1b,SD2,fixed,x_half_time_half,512,0.125,3.125e-05,0.016,v,5.55548467512379e-06
fig1b,SD2,fixed,x_half_time_half,512,0.125,3.125e-05,0.0165,u,1.5035913482175367e-05
fig1b,SD2,fixed,x_half_time_half,512,0.125,3.125e-05,0.0165,v,5.719507424672976e-06
fig1b,SD2,fixed,x_half_time_half,512,0.125,3.125e-05,0.017,u,1.5493183045556247e-05
fig1b,SD2,fixed,x_half_time_half,512,0.125,3.125e-05,0.017,v,5.883658774796796e-06
fig1b,SD2,fixed,x_half_time_half,512,0.125,3.125e-05,0.0175,u,1.5950269813658213e-05
fig1b,SD2,fixed,x_half_time_half,512,0.125,3.125e-05,0.0175,v,6.047907218420523e-06
fig1b,SD2,fixed,x_half_time_half,512,0.125,3.125e-05,0.018000000000000002,u,1.6407058171963307e-05
fig1b,SD2,fixed,x_half_time_half,512,0.125,3.125e-05,0.018000000000000002,v,6.213246994957178e-06
fig1b,SD2,fixed,x_half_time_half,512,0.125,3.125e-05,0.0185,u,1.6863587676163583e-05
fig1b,SD2,fixed,x_half_time_half,512,0.125,3.125e-05,0.0185,v,6.379043431481435e-06
fig1b,SD2,fixed,x_half_time_half,512,0.125,3.125e-05,0.019,u,1.7319978582563955e-05
fig1b,SD2,fixed,x_half_time_half,512,0.125,3.125e-05,0.019,v,6.5449026305786084e-06
fig1b,SD2,fixed,x_half_time_half,512,0.125,3.125e-05,0.0195,u,1.777614375303438e-05
fig1b,SD2,fixed,x_half_time_half,512,0.125,3.125e-05,0.0195,v,6.71072868341227e-06
fig1b,SD2,fixed,x_half_time_half,512,0.125,3.125e-05,0.02,u,1.823208319168268e-05
fig1b,SD2,fixed,x_half_time_half,512,0.125,3.125e-05,0.02,v,6.876490368734611e-06
fig1b,SD2,fixed,xy_half,512,0.0625,6.25e-05,0.0,u,4.3982780023599233e-07
fig1b,SD2,fixed,xy_half,512,0.0625,6.25e-05,0.0,v,3.3024117466751157e-06
fig1b,SD2,fixed,xy_half,512,0.0625,6.25e-05,0.0005,u,5.013391912722653e-07
fig1b,SD2,fixed,xy_half,512,0.0625,6.25e-05,0.0005,v,3.3086548326677345e-06
fig1b,SD2,fixed,xy_half,512,0.0625,6.25e-05,0.001,u,5.63284038690437e-07
fig1b,SD2,fixed,xy_half,512,0.0625,6.25e-05,0.001,v,3.3150714393581637e-06
fig1b,SD2,fixed,xy_half,512,0.0625,6.25e-05,0.0015,u,6.280261233282403e-07
fig1b,SD2,fixed,xy_half,512,0.0625,6.25e-05,0.0015,v,3.321008760437394e-06
fig1b,SD2,fixed,xy_half,512,0.0625,6.25e-05,0.002,u,6.940178635117533e-07
fig1b,SD2,fixed,xy_half,512,0.0625,6.25e-05,0.002,v,3.326467580999637e-06
fig1b,SD2,fixed,xy_half,512,0.0625,6.25e-05,0.0025,u,7.603394308053346e-07
fig1b,SD2,fixed,xy_half,512,0.0625,6.25e-05,0.0025,v,3.3314486607149973e-06
fig1b,SD2,fixed,xy_half,512,0.0625,6.25e-05,0.003,u,8.284601999974939e-07
fig1b,SD2,fixed,xy_half,512,0.0625,6.25e-05,0.003,v,3.3361354560002e-06
fig1b,SD2,fixed,xy_half,512,0.0625,6.25e-05,0.0035,u,8.986359550378076e-07
fig1b,SD2,fixed,xy_half,512,0.0625,6.25e-05,0.0035,v,3.3406542132019545e-06
fig1b,SD2,fixed,xy_half,512,0.0625,6.25e-05,0.004,u,9.691358953678453e-07
fig1b,SD2,fixed,xy_half,512,0.0625,6.25e-05,0.004,v,3.3446971183792584e-06
fig1b,SD2,fixed,xy_half,512,0.0625,6.25e-05,0.0045000000000000005,u,1.0422909561547122e-06
fig1b,SD2,fixed,xy_half,512,0.0625,6.25e-05,0.0045000000000000005,v,3.348265049663013e-06
fig1b,SD2,fixed,xy_half,512,0.0625,6.25e-05,0.005,u,1.1169590791171302e-06
fig1b,SD2,fixed,xy_half,512,0.0625,6.25e-05,0.005,v,3.3513589638434205e-06
fig1b,SD2,fixed,xy_half,512,0.0625,6.25e-05,0.0055,u,1.1929198457383272e-06
fig1b,SD2,fixed,xy_half,512,0.0625,6.25e-05,0.0055,v,3.353979792120043e-06
fig1b,SD2,fixed,xy_half,512,0.0625,6.25e-05,0.006,u,1.271902464738961e-06
fig1b,SD2,fixed,xy_half,512,0.0625,6.25e-05,0.006,v,3.3625971985751235e-06
fig1b,SD2,fixed,xy_half,512,0.0625,6.25e-05,0.006500000000000001,u,1.3533880779403873e-06
fig1b,SD2,fixed,xy_half,512,0.0625,6.25e-05,0.006500000000000001,v,3.371660136863852e-06
fig1b,SD2,fixed,xy_half,512,0.0625,6.25e-05,0.007,u,1.4387821956063362e-06
fig1b,SD2,fixed,xy_half,512,0.0625,6.25e-05,0.007,v,3.3802472673150064e-06
fig1b,SD2,fixed,xy_half,512,0.0625,6.25e-05,0.0075,u,1.5310554316583236e-06
fig1b,SD2,fixed,xy_half,512,0.0625,6.25e-05,0.0075,v,3.388358858602558e-06
fig1b,SD2,fixed,xy_half,512,0.0625,6.25e-05,0.008,u,1.6349337705889866e-06
fig1b,SD2,fixed,xy_half,512,0.0625,6.25e-05,0.008,v,3.3959951004636224e-06
fig1b,SD2,fixed,xy_half,512,0.0625,6.25e-05,0.0085,u,1.7431938479361975e-06
fig1b,SD2,fixed,xy_half,512,0.0625,6.25e-05,0.0085,v,3.403156260850526e-06
fig1b,SD2,fixed,xy_half,512,0.0625,6.25e-05,0.009000000000000001,u,1.852745951047563e-06
fig1b,SD2,fixed,xy_half,512,0.0625,6.25e-05,0.009000000000000001,v,3.409842632862148e-06
fig1b,SD2,fixed,xy_half,512,0.0625,6.25e-05,0.0095,u,1.9634784012567685e-06
fig1b,SD2,fixed,xy_half,512,0.0625,6.25e-05,0.0095,v,3.416054645433153e-06
fig1b,SD2,fixed,xy_half,512,0.0625,6.25e-05,0.01,u,2.075138429480372e-06
fig1b,SD2,fixed,xy_half,512,0.0625,6.25e-05,0.01,v,3.4221994330563277e-06
fig1b,SD2,fixed,xy_half,512,0.0625,6.25e-05,0.0105,u,2.1869188486234314e-06
fig1b,SD2,fixed,xy_half,512,0.0625,6.25e-05,0.0105,v,3.427941579647875e-06
fig1b,SD2,fixed,xy_half,512,0.0625,6.25e-05,0.011,u,2.2987847014821483e-06
fig1b,SD2,fixed,xy_half,512,0.0625,6.25e-05,0.011,v,3.4335367680715656e-06
fig1b,SD2,fixed,xy_half,512,0.0625,6.25e-05,0.0115,u,2.410784174122771e-06
fig1b,SD2,fixed,xy_half,512,0.0625,6.25e-05,0.0115,v,3.445143917257809e-06
fig1b,SD2,fixed,xy_half,512,0.0625,6.25e-05,0.012,u,2.522860177045505e-06
fig1b,SD2,fixed,xy_half,512,0.0625,6.25e-05,0.012,v,3.456281063241029e-06
fig1b,SD2,fixed,xy_half,512,0.0625,6.25e-05,0.0125,u,2.635027402719814e-06
fig1b,SD2,fixed,xy_half,512,0.0625,6.25e-05,0.0125,v,3.4669478386484265e-06
fig1b,SD2,fixed,xy_half,512,0.0625,6.25e-05,0.013000000000000001,u,2.747289159277244e-06
fig1b,SD2,fixed,xy_half,512,0.0625,6.25e-05,0.013000000000000001,v,3.4774219649369442e-06
fig1b,SD2,fixed,xy_half,512,0.0625,6.25e-05,0.0135,u,2.8595957157206975e-06
fig1b,SD2,fixed,xy_half,512,0.0625,6.25e-05,0.0135,v,3.487629860909891e-06
fig1b,SD2,fixed,xy_half,512,0.0625,6.25e-05,0.014,u,2.9719613909851006e-06
fig1b,SD2,fixed,xy_half,512,0.0625,6.25e-05,0.014,v,3.497367195237633e-06
fig1b,SD2,fixed,xy_half,512,0.0625,6.25e-05,0.0145,u,3.0843286795145808e-06
fig1b,SD2,fixed,xy_half,512,0.0625,6.25e-05,0.0145,v,3.5066337439881856e-06
fig1b,SD2,fixed,xy_half,512,0.0625,6.25e-05,0.015,u,3.1967319109593717e-06
fig1b,SD2,fixed,xy_half,512,0.0625,6.25e-05,0.015,v,3.515429384814972e-06
fig1b,SD2,fixed,xy_half,512,0.0625,6.25e-05,0.0155,u,3.3091294371345725e-06
fig1b,SD2,fixed,xy_half,512,0.0625,6.25e-05,0.0155,v,3.523753992151768e-06
fig1b,SD2,fixed,xy_half,512,0.0625,6.25e-05,0.016,u,3.421512074774924e-06
fig1b,SD2,fixed,xy_half,512,0.0625,6.25e-05,0.016,v,3.5316076467672985e-06
fig1b,SD2,fixed,xy_half,512,0.0625,6.25e-05,0.0165,u,3.5338756947389527e-06
fig1b,SD2,fixed,xy_half,512,0.0625,6.25e-05,0.0165,v,3.5399363963461994e-06
fig1b,SD2,fixed,xy_half,512,0.0625,6.25e-05,0.017,u,3.6462161435157903e-06
fig1b,SD2,fixed,xy_half,512,0.0625,6.25e-05,0.017,v,3.5540406514433798e-06
fig1b,SD2,fixed,xy_half,512,0.0625,6.25e-05,0.0175,u,3.7585292503306e-06
fig1b,SD2,fixed,xy_half,512,0.0625,6.25e-05,0.0175,v,3.567683180383252e-06
fig1b,SD2,fixed,xy_half,512,0.0625,6.25e-05,0.018000000000000002,u,3.870810850459261e-06
fig1b,SD2,fixed,xy_half,512,0.0625,6.25e-05,0.018000000000000002,v,3.5808631225209275e-06
fig1b,SD2,fixed,xy_half,512,0.0625,6.25e-05,0.0185,u,3.983056758638526e-06
fig1b,SD2,fixed,xy_half,512,0.0625,6.25e-05,0.0185,v,3.5935797930708446e-06
fig1b,SD2,fixed,xy_half,512,0.0625,6.25e-05,0.019,u,4.09526278249972e-06
fig1b,SD2,fixed,xy_half,512,0.0625,6.25e-05,0.019,v,3.6058322928633757e-06
fig1b,SD2,fixed,xy_half,512,0.0625,6.25e-05,0.0195,u,4.207424705915397e-06
fig1b,SD2,fixed,xy_half,512,0.0625,6.25e-05,0.0195,v,3.6176672441601276e-06
fig1b,SD2,fixed,xy_half,512,0.0625,6.25e-05,0.02,u,4.319538323027672e-06
fig1b,SD2,fixed,xy_half,512,0.0625,6.25e-05,0.02,v,3.6294593167562894e-06
fig1b,SD2,moving,x_half_time_half,512,0.125,3.125e-05,0.0,u,2.910055679206103e-07
fig1b,SD2,moving,x_half_time_half,512,0.125,3.125e-05,0.0,v,1.0467346379106068e-06
fig1b,SD2,moving,x_half_time_half,512,0.125,3.125e-05,0.0005,u,4.847934442220314e-07
fig1b,SD2,moving,x_half_time_half,512,0.125,3.125e-05,0.0005,v,1.036612666927006e-06
fig1b,SD2,moving,x_half_time_half,512,0.125,3.125e-05,0.001,u,8.461112971369644e-07
fig1b,SD2,moving,x_half_time_half,512,0.125,3.125e-05,0.001,v,1.038148946475026e-06
fig1b,SD2,moving,x_half_time_half,512,0.125,3.125e-05,0.0015,u,1.3094105848487914e-06
fig1b,SD2,moving,x_half_time_half,512,0.125,3.125e-05,0.0015,v,1.0525343904776996e-06
fig1b,SD2,moving,x_half_time_half,512,0.125,3.125e-05,0.002,u,1.7758451555383026e-06
fig1b,SD2,moving,x_half_time_half,512,0.125,3.125e-05,0.002,v,1.0831647465070482e-06
fig1b,SD2,moving,x_half_time_half,512,0.125,3.125e-05,0.0025,u,2.2424171277624083e-06
fig1b,SD2,moving,x_half_time_half,512,0.125,3.125e-05,0.0025,v,1.1291135845192812e-06
fig1b,SD2,moving,x_half_time_half,512,0.125,3.125e-05,0.003,u,2.709005052115021e-06
fig1b,SD2,moving,x_half_time_half,512,0.125,3.125e-05,0.003,v,1.1926052823629796e-06
fig1b,SD2,moving,x_half_time_half,512,0.125,3.125e-05,0.0035,u,3.17552213302541e-06
fig1b,SD2,moving,x_half_time_half,512,0.125,3.125e-05,0.0035,v,1.352705337465121e-06
fig1b,SD2,moving,x_half_time_half,512,0.125,3.125e-05,0.004,u,3.641926630160164e-06
fig1b,SD2,moving,x_half_time_half,512,0.125,3.125e-05,0.004,v,1.5122805481215806e-06
fig1b,SD2,moving,x_half_time_half,512,0.125,3.125e-05,0.0045000000000000005,u,4.108166477723163e-06
fig1b,SD2,moving,x_half_time_half,512,0.125,3.125e-05,0.0045000000000000005,v,1.671317657769844e-06
fig1b,SD2,moving,x_half_time_half,512,0.125,3.125e-05,0.005,u,4.574221494080266e-06
fig1b,SD2,moving,x_half_time_half,512,0.125,3.125e-05,0.005,v,1.8298034881181202e-06
fig1b,SD2,moving,x_half_time_half,512,0.125,3.125e-05,0.0055,u,5.040071313855421e-06
fig1b,SD2,moving,x_half_time_half,512,0.125,3.125e-05,0.0055,v,1.9877963319259173e-06
fig1b,SD2,moving,x_half_time_half,512,0.125,3.125e-05,0.006,u,5.505695368002161e-06
fig1b,SD2,moving,x_half_time_half,512,0.125,3.125e-05,0.006,v,2.1452359725282477e-06
fig1b,SD2,moving,x_half_time_half,512,0.125,3.125e-05,0.006500000000000001,u,5.971096532497722e-06
fig1b,SD2,moving,x_half_time_half,512,0.125,3.125e-05,0.006500000000000001,v,2.3073891259883794e-06
fig1b,SD2,moving,x_half_time_half,512,0.125,3.125e-05,0.007,u,6.436293244649338e-06
fig1b,SD2,moving,x_half_time_half,512,0.125,3.125e-05,0.007,v,2.471074356413805e-06
fig1b,SD2,moving,x_half_time_half,512,0.125,3.125e-05,0.0075,u,6.901223948363455e-06
fig1b,SD2,moving,x_half_time_half,512,0.125,3.125e-05,0.0075,v,2.634706606219339e-06
fig1b,SD2,moving,x_half_time_half,512,0.125,3.125e-05,0.008,u,7.3658672427590055e-06
fig1b,SD2,moving,x_half_time_half,512,0.125,3.125e-05,0.008,v,2.799065681846624e-06
fig1b,SD2,moving,x_half_time_half,512,0.125,3.125e-05,0.0085,u,7.830324234125996e-06
fig1b,SD2,moving,x_half_time_half,512,0.125,3.125e-05,0.0085,v,2.9637294644557777e-06
fig1b,SD2,moving,x_half_time_half,512,0.125,3.125e-05,0.009000000000000001,u,8.294487046978105e-06
fig1b,SD2,moving,x_half_time_half,512,0.125,3.125e-05,0.009000000000000001,v,3.128455153766918e-06
fig1b,SD2,moving,x_half_time_half,512,0.125,3.125e-05,0.0095,u,8.758412565368356e-06
fig1b,SD2,moving,x_half_time_half,512,0.125,3.125e-05,0.0095,v,3.293139760995878e-06
fig1b,SD2,moving,x_half_time_half,512,0.125,3.125e-05,0.01,u,9.222089215221718e-06
fig1b,SD2,moving,x_half_time_half,512,0.125,3.125e-05,0.01,v,3.4577667502033727e-06
fig1b,SD2,moving,x_half_time_half,512,0.125,3.125e-05,0.0105,u,9.685562442129925e-06
fig1b,SD2,moving,x_half_time_half,512,0.125,3.125e-05,0.0105,v,3.6224010113716787e-06
fig1b,SD2,moving,x_half_time_half,512,0.125,3.125e-05,0.011,u,1.0148797922993058e-05
fig1b,SD2,moving,x_half_time_half,512,0.125,3.125e-05,0.011,v,3.787044595304767e-06
fig1b,SD2,moving,x_half_time_half,512,0.125,3.125e-05,0.0115,u,1.0611889595224522e-05
fig1b,SD2,moving,x_half_time_half,512,0.125,3.125e-05,0.0115,v,3.951610557662022e-06
fig1b,SD2,moving,x_half_time_half,512,0.125,3.125e-05,0.012,u,1.1074874048666583e-05
fig1b,SD2,moving,x_half_time_half,512,0.125,3.125e-05,0.012,v,4.1161533025357855e-06
fig1b,SD2,moving,x_half_time_half,512,0.125,3.125e-05,0.0125,u,1.153777731516259e-05
fig1b,SD2,moving,x_half_time_half,512,0.125,3.125e-05,0.0125,v,4.280732194938963e-06
fig1b,SD2,moving,x_half_time_half,512,0.125,3.125e-05,0.013000000000000001,u,1.2000659380673184e-05
fig1b,SD2,moving,x_half_time_half,512,0.125,3.125e-05,0.013000000000000001,v,4.4452151439777765e-06
fig1b,SD2,moving,x_half_time_half,512,0.125,3.125e-05,0.0135,u,1.246357273454457e-05
fig1b,SD2,moving,x_half_time_half,512,0.125,3.125e-05,0.0135,v,4.6096927679428745e-06
fig1b,SD2,moving,x_half_time_half,512,0.125,3.125e-05,0.014,u,1.2926558123071974e-05
fig1b,SD2,moving,x_half_time_half,512,0.125,3.125e-05,0.014,v,4.774186678824233e-06
fig1b,SD2,moving,x_half_time_half,512,0.125,3.125e-05,0.0145,u,1.3389639001049058e-05
fig1b,SD2,moving,x_half_time_half,512,0.125,3.125e-05,0.0145,v,4.938568866630355e-06
fig1b,SD2,moving,x_half_time_half,512,0.125,3.125e-05,0.015,u,1.3853015809084379e-05
fig1b,SD2,moving,x_half_time_half,512,0.125,3.125e-05,0.015,v,5.103029080910648e-06
fig1b,SD2,moving,x_half_time_half,512,0.125,3.125e-05,0.0155,u,1.4316591175178583e-05
fig1b,SD2,moving,x_half_time_half,512,0.125,3.125e-05,0.0155,v,5.267423525745496e-06
fig1b,SD2,moving,x_half_time_half,512,0.125,3.125e-05,0.016,u,1.4780420576399056e-05
fig1b,SD2,moving,x_half_time_half,512,0.125,3.125e-05,0.016,v,5.431785472631567e-06
fig1b,SD2,moving,x_half_time_half,512,0.125,3.125e-05,0.0165,u,1.5244808374503815e-05
fig1b,SD2,moving,x_half_time_half,512,0.125,3.125e-05,0.0165,v,5.596199361634913e-06
fig1b,SD2,moving,x_half_time_half,512,0.125,3.125e-05,0.017,u,1.570956619101338e-05
fig1b,SD2,moving,x_half_time_half,512,0.125,3.125e-05,0.017,v,5.760509163454941e-06
fig1b,SD2,moving,x_half_time_half,512,0.125,3.125e-05,0.0175,u,1.6175163305820472e-05
fig1b,SD2,moving,x_half_time_half,512,0.125,3.125e-05,0.0175,v,5.924948593583057e-06
fig1b,SD2,moving,x_half_time_half,512,0.125,3.125e-05,0.018000000000000002,u,1.6641547715023908e-05
fig1b,SD2,moving,x_half_time_half,512,0.125,3.125e-05,0.018000000000000002,v,6.089267187203706e-06
fig1b,SD2,moving,x_half_time_half,512,0.125,3.125e-05,0.0185,u,1.710882995886731e-05
fig1b,SD2,moving,x_half_time_half,512,0.125,3.125e-05,0.0185,v,6.254723652510119e-06
fig1b,SD2,moving,x_half_time_half,512,0.125,3.125e-05,0.019,u,1.757784735195722e-05
fig1b,SD2,moving,x_half_time_half,512,0.125,3.125e-05,0.019,v,6.421141507062522e-06
fig1b,SD2,moving,x_half_time_half,512,0.125,3.125e-05,0.0195,u,1.804837334162812e-05
fig1b,SD2,moving,x_half_time_half,512,0.125,3.125e-05,0.0195,v,6.5878841834510204e-06
fig1b,SD2,moving,x_half_time_half,512,0.125,3.125e-05,0.02,u,1.8520796038978826e-05
fig1b,SD2,moving,x_half_time_half,512,0.125,3.125e-05,0.02,v,6.754777627460129e-06
fig1b,SD2,moving,xy_half,512,0.0625,6.25e-05,0.0,u,2.924406697912829e-07
fig1b,SD2,moving,xy_half,512,0.0625,6.25e-05,0.0,v,2.1367901295588076e-06
fig1b,SD2,moving,xy_half,512,0.0625,6.25e-05,0.0005,u,3.172072707280371e-07
fig1b,SD2,moving,xy_half,512,0.0625,6.25e-05,0.0005,v,2.1317209122906355e-06
fig1b,SD2,moving,xy_half,512,0.0625,6.25e-05,0.001,u,3.711673932649262e-07
fig1b,SD2,moving,xy_half,512,0.0625,6.25e-05,0.001,v,2.126309525729564e-06
fig1b,SD2,moving,xy_half,512,0.0625,6.25e-05,0.0015,u,4.278443369032381e-07
fig1b,SD2,moving,xy_half,512,0.0625,6.25e-05,0.0015,v,2.1205591974604587e-06
fig1b,SD2,moving,xy_half,512,0.0625,6.25e-05,0.002,u,4.879931410073368e-07
fig1b,SD2,moving,xy_half,512,0.0625,6.25e-05,0.002,v,2.1146560896800892e-06
fig1b,SD2,moving,xy_half,512,0.0625,6.25e-05,0.0025,u,5.525160142183516e-07
fig1b,SD2,moving,xy_half,512,0.0625,6.25e-05,0.0025,v,2.108809066370121e-06
fig1b,SD2,moving,xy_half,512,0.0625,6.25e-05,0.003,u,6.225094453804481e-07
fig1b,SD2,moving,xy_half,512,0.0625,6.25e-05,0.003,v,2.1026319436678875e-06
fig1b,SD2,moving,xy_half,512,0.0625,6.25e-05,0.0035,u,7.263879719388022e-07
fig1b,SD2,moving,xy_half,512,0.0625,6.25e-05,0.0035,v,2.0972481188374914e-06
fig1b,SD2,moving,xy_half,512,0.0625,6.25e-05,0.004,u,8.401641931610193e-07
fig1b,SD2,moving,xy_half,512,0.0625,6.25e-05,0.004,v,2.0952293899867414e-06
fig1b,SD2,moving,xy_half,512,0.0625,6.25e-05,0.0045000000000000005,u,9.555806388950039e-07
fig1b,SD2,moving,xy_half,512,0.0625,6.25e-05,0.0045000000000000005,v,2.0928508969730863e-06
fig1b,SD2,moving,xy_half,512,0.0625,6.25e-05,0.005,u,1.0710586956230728e-06
fig1b,SD2,moving,xy_half,512,0.0625,6.25e-05,0.005,v,2.090115606978582e-06
fig1b,SD2,moving,xy_half,512,0.0625,6.25e-05,0.0055,u,1.1866452586106746e-06
fig1b,SD2,moving,xy_half,512,0.0625,6.25e-05,0.0055,v,2.0870267618544602e-06
fig1b,SD2,moving,xy_half,512,0.0625,6.25e-05,0.006,u,1.3022858299516216e-06
fig1b,SD2,moving,xy_half,512,0.0625,6.25e-05,0.006,v,2.083587779644347e-06
fig1b,SD2,moving,xy_half,512,0.0625,6.25e-05,0.006500000000000001,u,1.4180359855231472e-06
fig1b,SD2,moving,xy_half,512,0.0625,6.25e-05,0.006500000000000001,v,2.0802736754310658e-06
fig1b,SD2,moving,xy_half,512,0.0625,6.25e-05,0.007,u,1.5338405346398964e-06
fig1b,SD2,moving,xy_half,512,0.0625,6.25e-05,0.007,v,2.076706386799909e-06
fig1b,SD2,moving,xy_half,512,0.0625,6.25e-05,0.0075,u,1.6497144198490687e-06
fig1b,SD2,moving,xy_half,512,0.0625,6.25e-05,0.0075,v,2.0761610552422205e-06
fig1b,SD2,moving,xy_half,512,0.0625,6.25e-05,0.008,u,1.7656407745869629e-06
fig1b,SD2,moving,xy_half,512,0.0625,6.25e-05,0.008,v,2.0767066681859347e-06
fig1b,SD2,moving,xy_half,512,0.0625,6.25e-05,0.0085,u,1.8816082652528543e-06
fig1b,SD2,moving,xy_half,512,0.0625,6.25e-05,0.0085,v,2.076874751177904e-06
fig1b,SD2,moving,xy_half,512,0.0625,6.25e-05,0.009000000000000001,u,1.997598817415902e-06
fig1b,SD2,moving,xy_half,512,0.0625,6.25e-05,0.009000000000000001,v,2.076665197303651e-06
fig1b,SD2,moving,xy_half,512,0.0625,6.25e-05,0.0095,u,2.1136155728407324e-06
fig1b,SD2,moving,xy_half,512,0.0625,6.25e-05,0.0095,v,2.076077936286058e-06
fig1b,SD2,moving,xy_half,512,0.0625,6.25e-05,0.01,u,2.229663331798637e-06
fig1b,SD2,moving,xy_half,512,0.0625,6.25e-05,0.01,v,2.075113269661699e-06
fig1b,SD2,moving,xy_half,512,0.0625,6.25e-05,0.0105,u,2.345748871535047e-06
fig1b,SD2,moving,xy_half,512,0.0625,6.25e-05,0.0105,v,2.074074548663596e-06
fig1b,SD2,moving,xy_half,512,0.0625,6.25e-05,0.011,u,2.461881397963772e-06
fig1b,SD2,moving,xy_half,512,0.0625,6.25e-05,0.011,v,2.0753477206758575e-06
fig1b,SD2,moving,xy_half,512,0.0625,6.25e-05,0.0115,u,2.5780730038005295e-06
fig1b,SD2,moving,xy_half,512,0.0625,6.25e-05,0.0115,v,2.0784480996849375e-06
fig1b,SD2,moving,xy_half,512,0.0625,6.25e-05,0.012,u,2.6943393565126428e-06
fig1b,SD2,moving,xy_half,512,0.0625,6.25e-05,0.012,v,2.0813411469866594e-06
fig1b,SD2,moving,xy_half,512,0.0625,6.25e-05,0.0125,u,2.810700419908496e-06
fig1b,SD2,moving,xy_half,512,0.0625,6.25e-05,0.0125,v,2.083829439225582e-06
fig1b,SD2,moving,xy_half,512,0.0625,6.25e-05,0.013000000000000001,u,2.9271813427045323e-06
fig1b,SD2,moving,xy_half,512,0.0625,6.25e-05,0.013000000000000001,v,2.085906022131212e-06
fig1b,SD2,moving,xy_half,512,0.0625,6.25e-05,0.0135,u,3.043813621261826e-06
fig1b,SD2,moving,xy_half,512,0.0625,6.25e-05,0.0135,v,2.0875621142835143e-06
fig1b,SD2,moving,xy_half,512,0.0625,6.25e-05,0.014,u,3.160636393662042e-06
fig1b,SD2,moving,xy_half,512,0.0625,6.25e-05,0.014,v,2.092911419449006e-06
fig1b,SD2,moving,xy_half,512,0.0625,6.25e-05,0.0145,u,3.277704986870411e-06
fig1b,SD2,moving,xy_half,512,0.0625,6.25e-05,0.0145,v,2.0991949333248883e-06
fig1b,SD2,moving,xy_half,512,0.0625,6.25e-05,0.015,u,3.3951431234746643e-06
fig1b,SD2,moving,xy_half,512,0.0625,6.25e-05,0.015,v,2.1052431420920392e-06
fig1b,SD2,moving,xy_half,512,0.0625,6.25e-05,0.0155,u,3.512972945873827e-06
fig1b,SD2,moving,xy_half,512,0.0625,6.25e-05,0.0155,v,2.1115017590500607e-06
fig1b,SD2,moving,xy_half,512,0.0625,6.25e-05,0.016,u,3.631288222949447e-06
fig1b,SD2,moving,xy_half,512,0.0625,6.25e-05,0.016,v,2.1174861978834336e-06
fig1b,SD2,moving,xy_half,512,0.0625,6.25e-05,0.0165,u,3.7502036778214176e-06
fig1b,SD2,moving,xy_half,512,0.0625,6.25e-05,0.0165,v,2.1232141899085732e-06
fig1b,SD2,moving,xy_half,512,0.0625,6.25e-05,0.017,u,3.869859455662983e-06
fig1b,SD2,moving,xy_half,512,0.0625,6.25e-05,0.017,v,2.128706007742398e-06
fig1b,SD2,moving,xy_half,512,0.0625,6.25e-05,0.0175,u,3.990426425071192e-06
fig1b,SD2,moving,xy_half,512,0.0625,6.25e-05,0.0175,v,2.1350869559011443e-06
fig1b,SD2,moving,xy_half,512,0.0625,6.25e-05,0.018000000000000002,u,4.112112675702662e-06
fig1b,SD2,moving,xy_half,512,0.0625,6.25e-05,0.018000000000000002,v,2.1445446545254043e-06
fig1b,SD2,moving,xy_half,512,0.0625,6.25e-05,0.0185,u,4.235171210398292e-06
fig1b,SD2,moving,xy_half,512,0.0625,6.25e-05,0.0185,v,2.153858553066712e-06
fig1b,SD2,moving,xy_half,512,0.0625,6.25e-05,0.019,u,4.35997363840146e-06
fig1b,SD2,moving,xy_half,512,0.0625,6.25e-05,0.019,v,2.1630873249245397e-06
fig1b,SD2,moving,xy_half,512,0.0625,6.25e-05,0.0195,u,4.487002789932415e-06
fig1b,SD2,moving,xy_half,512,0.0625,6.25e-05,0.0195,v,2.1723031308207297e-06
fig1b,SD2,moving,xy_half,512,0.0625,6.25e-05,0.02,u,4.616617162944703e-06
fig1b,SD2,moving,xy_half,512,0.0625,6.25e-05,0.02,v,2.18159467807455e-06
