section,table,p,t,method,N,dt,evaluation_points,scheme,status,u_error,rho_error,display,case_key,profile,profile_sha256
2.1_expanded,,3,0.25,euler,400,0.003125,16001,S1,model_not_constructed,,,—,,,
2.1_expanded,,3,0.25,euler,400,0.003125,16001,S2,model_not_constructed,,,—,,,
2.1_expanded,,3,0.25,euler,400,0.003125,16001,S3,model_not_constructed,,,—,,,
2.1_expanded,,3,0.25,euler,400,0.003125,16001,S4,model_not_constructed,,,—,,,
2.1_expanded,,3,0.25,euler,400,0.003125,16001,S5,completed,7.993538219119856e-07,2.5802285954501514e-06,7.994e-07 / 2.580e-06,p3_difference_rm_euler_n400_dt0.003125_L4,C:\Users\msz\aca\Workspaces\hs_conserved_mesh_20260925\out\euler_comparison\profiles\p3_difference_rm_euler_n400_dt0.003125_L4.npz,66530360aafea267f3cbc89ee5d14560e7b89c212562ca4fb18a8fcf2882e6be
2.1_expanded,,3,0.25,euler,400,0.003125,16001,S6,completed,7.413489204570467e-07,2.7904042918525107e-06,7.413e-07 / 2.790e-06,p3_difference_fixed_euler_n400_dt0.003125_L4,C:\Users\msz\aca\Workspaces\hs_conserved_mesh_20260925\out\euler_comparison\profiles\p3_difference_fixed_euler_n400_dt0.003125_L4.npz,063115a62e8100bbacdde797acc1d1a5816b50549cd419bf2bb045f51562ec76
2.1_expanded,,3,0.25,heun,400,0.003125,16001,S1,model_not_constructed,,,—,,,
2.1_expanded,,3,0.25,heun,400,0.003125,16001,S2,model_not_constructed,,,—,,,
2.1_expanded,,3,0.25,heun,400,0.003125,16001,S3,model_not_constructed,,,—,,,
2.1_expanded,,3,0.25,heun,400,0.003125,16001,S4,model_not_constructed,,,—,,,
2.1_expanded,,3,0.25,heun,400,0.003125,16001,S5,completed,1.0991619868727653e-06,3.936254388214877e-06,1.099e-06 / 3.936e-06,p3_difference_rm_heun_n400_dt0.003125_L4,C:\Users\msz\aca\Workspaces\hs_table_data_20260927\out\profiles\p3_difference_rm_heun_n400_dt0.003125_L4.npz,ea899c0a3686da2137a9260cf32043b63bf71c6c60b6ae7dc5c5a52ead8ca595
2.1_expanded,,3,0.25,heun,400,0.003125,16001,S6,completed,1.228624142587259e-06,4.4579809140854465e-06,1.229e-06 / 4.458e-06,p3_difference_fixed_heun_n400_dt0.003125_L4,C:\Users\msz\aca\Workspaces\hs_table_data_20260927\out\profiles\p3_difference_fixed_heun_n400_dt0.003125_L4.npz,905e1f24d72771895ceff06e77c8cc5ee1d0dfb769bdb7ba8ef92ea47e7469a2
2.1_expanded,,3,0.25,rk4,400,0.003125,16001,S1,model_not_constructed,,,—,,,
2.1_expanded,,3,0.25,rk4,400,0.003125,16001,S2,model_not_constructed,,,—,,,
2.1_expanded,,3,0.25,rk4,400,0.003125,16001,S3,model_not_constructed,,,—,,,
2.1_expanded,,3,0.25,rk4,400,0.003125,16001,S4,model_not_constructed,,,—,,,
2.1_expanded,,3,0.25,rk4,400,0.003125,16001,S5,completed,1.0996468425908401e-06,3.936374801893905e-06,1.100e-06 / 3.936e-06,p3_difference_rm_rk4_n400_dt0.003125_L4,C:\Users\msz\aca\Workspaces\hs_conserved_mesh_20260925\out\calibration_parameter_scan\profiles\p3_difference_rm_rk4_n400_dt0.003125_L4.npz,2a020de9616c27df8221fd5abd9b6d5b04612ae9df060c874b864dc8d74bda48
2.1_expanded,,3,0.25,rk4,400,0.003125,16001,S6,completed,1.2285876290624165e-06,4.458102480286996e-06,1.229e-06 / 4.458e-06,p3_difference_fixed_rk4_n400_dt0.003125_L4,C:\Users\msz\aca\Workspaces\hs_conserved_mesh_20260925\out\calibration_parameter_scan\profiles\p3_difference_fixed_rk4_n400_dt0.003125_L4.npz,0d76a9c3aa106b209b962768d71acbb213317ba43d380fe578d7c9ce2c1ae68c
2.1_expanded,,3,0.25,rk8,400,0.003125,16001,S1,model_not_constructed,,,—,,,
2.1_expanded,,3,0.25,rk8,400,0.003125,16001,S2,model_not_constructed,,,—,,,
2.1_expanded,,3,0.25,rk8,400,0.003125,16001,S3,model_not_constructed,,,—,,,
2.1_expanded,,3,0.25,rk8,400,0.003125,16001,S4,model_not_constructed,,,—,,,
2.1_expanded,,3,0.25,rk8,400,0.003125,16001,S5,completed,1.0996468322414799e-06,3.9363748017828826e-06,1.100e-06 / 3.936e-06,p3_difference_rm_rk8_n400_dt0.003125_L4,C:\Users\msz\aca\Workspaces\hs_table_data_20260927\out\profiles\p3_difference_rm_rk8_n400_dt0.003125_L4.npz,7c0d58037e5a2e89dd6d6190b0ae577d9d41610713998457c3ea3116ab1473e6
2.1_expanded,,3,0.25,rk8,400,0.003125,16001,S6,completed,1.2285876298707976e-06,4.4581024803980185e-06,1.229e-06 / 4.458e-06,p3_difference_fixed_rk8_n400_dt0.003125_L4,C:\Users\msz\aca\Workspaces\hs_table_data_20260927\out\profiles\p3_difference_fixed_rk8_n400_dt0.003125_L4.npz,36611636016c1c00fb5e362d7b23c895246b5e3408cd035a015d41fa6724c08c
2.1_expanded,,3,0.5,euler,400,0.003125,16001,S1,model_not_constructed,,,—,,,
2.1_expanded,,3,0.5,euler,400,0.003125,16001,S2,model_not_constructed,,,—,,,
2.1_expanded,,3,0.5,euler,400,0.003125,16001,S3,model_not_constructed,,,—,,,
2.1_expanded,,3,0.5,euler,400,0.003125,16001,S4,model_not_constructed,,,—,,,
2.1_expanded,,3,0.5,euler,400,0.003125,16001,S5,completed,6.933257425401074e-07,2.858197546085073e-06,6.933e-07 / 2.858e-06,p3_difference_rm_euler_n400_dt0.003125_L4,C:\Users\msz\aca\Workspaces\hs_conserved_mesh_20260925\out\euler_comparison\profiles\p3_difference_rm_euler_n400_dt0.003125_L4.npz,66530360aafea267f3cbc89ee5d14560e7b89c212562ca4fb18a8fcf2882e6be
2.1_expanded,,3,0.5,euler,400,0.003125,16001,S6,completed,9.784505280163724e-07,3.544438560876273e-06,9.785e-07 / 3.544e-06,p3_difference_fixed_euler_n400_dt0.003125_L4,C:\Users\msz\aca\Workspaces\hs_conserved_mesh_20260925\out\euler_comparison\profiles\p3_difference_fixed_euler_n400_dt0.003125_L4.npz,063115a62e8100bbacdde797acc1d1a5816b50549cd419bf2bb045f51562ec76
2.1_expanded,,3,0.5,heun,400,0.003125,16001,S1,model_not_constructed,,,—,,,
2.1_expanded,,3,0.5,heun,400,0.003125,16001,S2,model_not_constructed,,,—,,,
2.1_expanded,,3,0.5,heun,400,0.003125,16001,S3,model_not_constructed,,,—,,,
2.1_expanded,,3,0.5,heun,400,0.003125,16001,S4,model_not_constructed,,,—,,,
2.1_expanded,,3,0.5,heun,400,0.003125,16001,S5,completed,1.128851659999014e-06,4.099639704713276e-06,1.129e-06 / 4.100e-06,p3_difference_rm_heun_n400_dt0.003125_L4,C:\Users\msz\aca\Workspaces\hs_table_data_20260927\out\profiles\p3_difference_rm_heun_n400_dt0.003125_L4.npz,ea899c0a3686da2137a9260cf32043b63bf71c6c60b6ae7dc5c5a52ead8ca595
2.1_expanded,,3,0.5,heun,400,0.003125,16001,S6,completed,1.2374721698876767e-06,4.654982589724632e-06,1.237e-06 / 4.655e-06,p3_difference_fixed_heun_n400_dt0.003125_L4,C:\Users\msz\aca\Workspaces\hs_table_data_20260927\out\profiles\p3_difference_fixed_heun_n400_dt0.003125_L4.npz,905e1f24d72771895ceff06e77c8cc5ee1d0dfb769bdb7ba8ef92ea47e7469a2
2.1_expanded,,3,0.5,rk4,400,0.003125,16001,S1,model_not_constructed,,,—,,,
2.1_expanded,,3,0.5,rk4,400,0.003125,16001,S2,model_not_constructed,,,—,,,
2.1_expanded,,3,0.5,rk4,400,0.003125,16001,S3,model_not_constructed,,,—,,,
2.1_expanded,,3,0.5,rk4,400,0.003125,16001,S4,model_not_constructed,,,—,,,
2.1_expanded,,3,0.5,rk4,400,0.003125,16001,S5,completed,1.1301980940674194e-06,4.100063228595907e-06,1.130e-06 / 4.100e-06,p3_difference_rm_rk4_n400_dt0.003125_L4,C:\Users\msz\aca\Workspaces\hs_conserved_mesh_20260925\out\calibration_parameter_scan\profiles\p3_difference_rm_rk4_n400_dt0.003125_L4.npz,2a020de9616c27df8221fd5abd9b6d5b04612ae9df060c874b864dc8d74bda48
2.1_expanded,,3,0.5,rk4,400,0.003125,16001,S6,completed,1.2373840561144545e-06,4.655438240019905e-06,1.237e-06 / 4.655e-06,p3_difference_fixed_rk4_n400_dt0.003125_L4,C:\Users\msz\aca\Workspaces\hs_conserved_mesh_20260925\out\calibration_parameter_scan\profiles\p3_difference_fixed_rk4_n400_dt0.003125_L4.npz,0d76a9c3aa106b209b962768d71acbb213317ba43d380fe578d7c9ce2c1ae68c
2.1_expanded,,3,0.5,rk8,400,0.003125,16001,S1,model_not_constructed,,,—,,,
2.1_expanded,,3,0.5,rk8,400,0.003125,16001,S2,model_not_constructed,,,—,,,
2.1_expanded,,3,0.5,rk8,400,0.003125,16001,S3,model_not_constructed,,,—,,,
2.1_expanded,,3,0.5,rk8,400,0.003125,16001,S4,model_not_constructed,,,—,,,
2.1_expanded,,3,0.5,rk8,400,0.003125,16001,S5,completed,1.1301980811749546e-06,4.100063228595907e-06,1.130e-06 / 4.100e-06,p3_difference_rm_rk8_n400_dt0.003125_L4,C:\Users\msz\aca\Workspaces\hs_table_data_20260927\out\profiles\p3_difference_rm_rk8_n400_dt0.003125_L4.npz,7c0d58037e5a2e89dd6d6190b0ae577d9d41610713998457c3ea3116ab1473e6
2.1_expanded,,3,0.5,rk8,400,0.003125,16001,S6,completed,1.23738405764795e-06,4.655438240019905e-06,1.237e-06 / 4.655e-06,p3_difference_fixed_rk8_n400_dt0.003125_L4,C:\Users\msz\aca\Workspaces\hs_table_data_20260927\out\profiles\p3_difference_fixed_rk8_n400_dt0.003125_L4.npz,36611636016c1c00fb5e362d7b23c895246b5e3408cd035a015d41fa6724c08c
2.2_expanded,,3,0.25,euler,200,0.0125,8001,S1,model_not_constructed,,,—,,,
2.2_expanded,,3,0.25,euler,200,0.0125,8001,S2,model_not_constructed,,,—,,,
2.2_expanded,,3,0.25,euler,200,0.0125,8001,S3,model_not_constructed,,,—,,,
2.2_expanded,,3,0.25,euler,200,0.0125,8001,S4,model_not_constructed,,,—,,,
2.2_expanded,,3,0.25,euler,200,0.0125,8001,S5,completed,3.207660142223734e-06,1.0325031486679848e-05,3.208e-06 / 1.033e-05,p3_difference_rm_euler_n200_dt0.0125_L4,C:\Users\msz\aca\Workspaces\hs_table_data_20260927\out\profiles\p3_difference_rm_euler_n200_dt0.0125_L4.npz,0c31146f5fa7429d0010c3f9f14136acbf632c8d8938c55fc23b50dc0c808720
2.2_expanded,,3,0.25,euler,200,0.0125,8001,S6,completed,2.965964926077147e-06,1.1166948679641742e-05,2.966e-06 / 1.117e-05,p3_difference_fixed_euler_n200_dt0.0125_L4,C:\Users\msz\aca\Workspaces\hs_table_data_20260927\out\profiles\p3_difference_fixed_euler_n200_dt0.0125_L4.npz,e210145f5bf087521b15d43186d0e7869f3c3f218ea9c0e4c52692a809922b8a
2.2_expanded,,3,0.25,heun,200,0.0125,8001,S1,model_not_constructed,,,—,,,
2.2_expanded,,3,0.25,heun,200,0.0125,8001,S2,model_not_constructed,,,—,,,
2.2_expanded,,3,0.25,heun,200,0.0125,8001,S3,model_not_constructed,,,—,,,
2.2_expanded,,3,0.25,heun,200,0.0125,8001,S4,model_not_constructed,,,—,,,
2.2_expanded,,3,0.25,heun,200,0.0125,8001,S5,completed,4.390183680643561e-06,1.57415803000438e-05,4.390e-06 / 1.574e-05,p3_difference_rm_heun_n200_dt0.0125_L4,C:\Users\msz\aca\Workspaces\hs_table_data_20260927\out\profiles\p3_difference_rm_heun_n200_dt0.0125_L4.npz,5330796b3fd4c3ca1b8ef616e3fda4c49d2e04ea67e40bee7bba348b963df045
2.2_expanded,,3,0.25,heun,200,0.0125,8001,S6,completed,4.91258606125089e-06,1.782829684815468e-05,4.913e-06 / 1.783e-05,p3_difference_fixed_heun_n200_dt0.0125_L4,C:\Users\msz\aca\Workspaces\hs_table_data_20260927\out\profiles\p3_difference_fixed_heun_n200_dt0.0125_L4.npz,557355e4b6bcc2daea5c400e335a220ed54e882466a233309959ed3dcc3c42b8
2.2_expanded,,3,0.25,rk4,200,0.0125,8001,S1,model_not_constructed,,,—,,,
2.2_expanded,,3,0.25,rk4,200,0.0125,8001,S2,model_not_constructed,,,—,,,
2.2_expanded,,3,0.25,rk4,200,0.0125,8001,S3,model_not_constructed,,,—,,,
2.2_expanded,,3,0.25,rk4,200,0.0125,8001,S4,model_not_constructed,,,—,,,
2.2_expanded,,3,0.25,rk4,200,0.0125,8001,S5,completed,4.397666396708383e-06,1.57433577147037e-05,4.398e-06 / 1.574e-05,p3_difference_rm_rk4_n200_dt0.0125_L4,C:\Users\msz\aca\Workspaces\hs_table_data_20260927\out\profiles\p3_difference_rm_rk4_n200_dt0.0125_L4.npz,b40b636f2aeb557f5f1fae1e7776ba882907c61f9a6b345b0ce5663ea2f2ede6
2.2_expanded,,3,0.25,rk4,200,0.0125,8001,S6,completed,4.912136127743771e-06,1.7830068476998306e-05,4.912e-06 / 1.783e-05,p3_difference_fixed_rk4_n200_dt0.0125_L4,C:\Users\msz\aca\Workspaces\hs_table_data_20260927\out\profiles\p3_difference_fixed_rk4_n200_dt0.0125_L4.npz,aef0a996f101546f8e8229bfa1fba13b91bf605b40041dd27bc052a0d0d9cca7
2.2_expanded,,3,0.25,rk8,200,0.0125,8001,S1,model_not_constructed,,,—,,,
2.2_expanded,,3,0.25,rk8,200,0.0125,8001,S2,model_not_constructed,,,—,,,
2.2_expanded,,3,0.25,rk8,200,0.0125,8001,S3,model_not_constructed,,,—,,,
2.2_expanded,,3,0.25,rk8,200,0.0125,8001,S4,model_not_constructed,,,—,,,
2.2_expanded,,3,0.25,rk8,200,0.0125,8001,S5,completed,4.397665250118615e-06,1.5743357637876265e-05,4.398e-06 / 1.574e-05,p3_difference_rm_rk8_n200_dt0.0125_L4,C:\Users\msz\aca\Workspaces\hs_table_data_20260927\out\profiles\p3_difference_rm_rk8_n200_dt0.0125_L4.npz,549c3301666fcdb6d4240669ae4b3cd9adcb41438f6f7771409c4bd0a818e433
2.2_expanded,,3,0.25,rk8,200,0.0125,8001,S6,completed,4.912136245895787e-06,1.783006848099511e-05,4.912e-06 / 1.783e-05,p3_difference_fixed_rk8_n200_dt0.0125_L4,C:\Users\msz\aca\Workspaces\hs_table_data_20260927\out\profiles\p3_difference_fixed_rk8_n200_dt0.0125_L4.npz,9cbf2269be305e30248da402c83394966a585184f1eb473660966ad1cdffb8a6
2.2_expanded,,3,0.5,euler,200,0.0125,8001,S1,model_not_constructed,,,—,,,
2.2_expanded,,3,0.5,euler,200,0.0125,8001,S2,model_not_constructed,,,—,,,
2.2_expanded,,3,0.5,euler,200,0.0125,8001,S3,model_not_constructed,,,—,,,
2.2_expanded,,3,0.5,euler,200,0.0125,8001,S4,model_not_constructed,,,—,,,
2.2_expanded,,3,0.5,euler,200,0.0125,8001,S5,completed,2.7697706192139626e-06,1.147302176895959e-05,2.770e-06 / 1.147e-05,p3_difference_rm_euler_n200_dt0.0125_L4,C:\Users\msz\aca\Workspaces\hs_table_data_20260927\out\profiles\p3_difference_rm_euler_n200_dt0.0125_L4.npz,0c31146f5fa7429d0010c3f9f14136acbf632c8d8938c55fc23b50dc0c808720
2.2_expanded,,3,0.5,euler,200,0.0125,8001,S6,completed,3.9205286222858404e-06,1.4178617194438026e-05,3.921e-06 / 1.418e-05,p3_difference_fixed_euler_n200_dt0.0125_L4,C:\Users\msz\aca\Workspaces\hs_table_data_20260927\out\profiles\p3_difference_fixed_euler_n200_dt0.0125_L4.npz,e210145f5bf087521b15d43186d0e7869f3c3f218ea9c0e4c52692a809922b8a
2.2_expanded,,3,0.5,heun,200,0.0125,8001,S1,model_not_constructed,,,—,,,
2.2_expanded,,3,0.5,heun,200,0.0125,8001,S2,model_not_constructed,,,—,,,
2.2_expanded,,3,0.5,heun,200,0.0125,8001,S3,model_not_constructed,,,—,,,
2.2_expanded,,3,0.5,heun,200,0.0125,8001,S4,model_not_constructed,,,—,,,
2.2_expanded,,3,0.5,heun,200,0.0125,8001,S5,completed,4.497819890210419e-06,1.6385386299999638e-05,4.498e-06 / 1.639e-05,p3_difference_rm_heun_n200_dt0.0125_L4,C:\Users\msz\aca\Workspaces\hs_table_data_20260927\out\profiles\p3_difference_rm_heun_n200_dt0.0125_L4.npz,5330796b3fd4c3ca1b8ef616e3fda4c49d2e04ea67e40bee7bba348b963df045
2.2_expanded,,3,0.5,heun,200,0.0125,8001,S6,completed,4.948671616735595e-06,1.8603791092752786e-05,4.949e-06 / 1.860e-05,p3_difference_fixed_heun_n200_dt0.0125_L4,C:\Users\msz\aca\Workspaces\hs_table_data_20260927\out\profiles\p3_difference_fixed_heun_n200_dt0.0125_L4.npz,557355e4b6bcc2daea5c400e335a220ed54e882466a233309959ed3dcc3c42b8
2.2_expanded,,3,0.5,rk4,200,0.0125,8001,S1,model_not_constructed,,,—,,,
2.2_expanded,,3,0.5,rk4,200,0.0125,8001,S2,model_not_constructed,,,—,,,
2.2_expanded,,3,0.5,rk4,200,0.0125,8001,S3,model_not_constructed,,,—,,,
2.2_expanded,,3,0.5,rk4,200,0.0125,8001,S4,model_not_constructed,,,—,,,
2.2_expanded,,3,0.5,rk4,200,0.0125,8001,S5,completed,4.519068184348496e-06,1.639244427076303e-05,4.519e-06 / 1.639e-05,p3_difference_rm_rk4_n200_dt0.0125_L4,C:\Users\msz\aca\Workspaces\hs_table_data_20260927\out\profiles\p3_difference_rm_rk4_n200_dt0.0125_L4.npz,b40b636f2aeb557f5f1fae1e7776ba882907c61f9a6b345b0ce5663ea2f2ede6
2.2_expanded,,3,0.5,rk4,200,0.0125,8001,S6,completed,4.947441799570823e-06,1.8611468238338702e-05,4.947e-06 / 1.861e-05,p3_difference_fixed_rk4_n200_dt0.0125_L4,C:\Users\msz\aca\Workspaces\hs_table_data_20260927\out\profiles\p3_difference_fixed_rk4_n200_dt0.0125_L4.npz,aef0a996f101546f8e8229bfa1fba13b91bf605b40041dd27bc052a0d0d9cca7
2.2_expanded,,3,0.5,rk8,200,0.0125,8001,S1,model_not_constructed,,,—,,,
2.2_expanded,,3,0.5,rk8,200,0.0125,8001,S2,model_not_constructed,,,—,,,
2.2_expanded,,3,0.5,rk8,200,0.0125,8001,S3,model_not_constructed,,,—,,,
2.2_expanded,,3,0.5,rk8,200,0.0125,8001,S4,model_not_constructed,,,—,,,
2.2_expanded,,3,0.5,rk8,200,0.0125,8001,S5,completed,4.519064948360629e-06,1.6392444043833443e-05,4.519e-06 / 1.639e-05,p3_difference_rm_rk8_n200_dt0.0125_L4,C:\Users\msz\aca\Workspaces\hs_table_data_20260927\out\profiles\p3_difference_rm_rk8_n200_dt0.0125_L4.npz,549c3301666fcdb6d4240669ae4b3cd9adcb41438f6f7771409c4bd0a818e433
2.2_expanded,,3,0.5,rk8,200,0.0125,8001,S6,completed,4.947442154991377e-06,1.861146824788662e-05,4.947e-06 / 1.861e-05,p3_difference_fixed_rk8_n200_dt0.0125_L4,C:\Users\msz\aca\Workspaces\hs_table_data_20260927\out\profiles\p3_difference_fixed_rk8_n200_dt0.0125_L4.npz,9cbf2269be305e30248da402c83394966a585184f1eb473660966ad1cdffb8a6
2.1_expanded,,4,0.25,euler,400,0.003125,16001,S1,model_not_constructed,,,—,,,
2.1_expanded,,4,0.25,euler,400,0.003125,16001,S2,model_not_constructed,,,—,,,
2.1_expanded,,4,0.25,euler,400,0.003125,16001,S3,model_not_constructed,,,—,,,
2.1_expanded,,4,0.25,euler,400,0.003125,16001,S4,model_not_constructed,,,—,,,
2.1_expanded,,4,0.25,euler,400,0.003125,16001,S5,completed,4.241434777452202e-06,1.1132988278372835e-05,4.241e-06 / 1.113e-05,p4_difference_rm_euler_n400_dt0.003125_L4,C:\Users\msz\aca\Workspaces\hs_conserved_mesh_20260925\out\euler_comparison\profiles\p4_difference_rm_euler_n400_dt0.003125_L4.npz,0816f4e58df4a9996e1f8e7daea6ec652ca36afdb2263546be09def34b477de7
2.1_expanded,,4,0.25,euler,400,0.003125,16001,S6,completed,4.444338435084794e-06,1.4455986687145206e-05,4.444e-06 / 1.446e-05,p4_difference_fixed_euler_n400_dt0.003125_L4,C:\Users\msz\aca\Workspaces\hs_conserved_mesh_20260925\out\euler_comparison\profiles\p4_difference_fixed_euler_n400_dt0.003125_L4.npz,ca9c733610c558f55708f5bc21cda79c031ac2ff02e77e50ec89f1d5228e01ac
2.1_expanded,,4,0.25,heun,400,0.003125,16001,S1,model_not_constructed,,,—,,,
2.1_expanded,,4,0.25,heun,400,0.003125,16001,S2,model_not_constructed,,,—,,,
2.1_expanded,,4,0.25,heun,400,0.003125,16001,S3,model_not_constructed,,,—,,,
2.1_expanded,,4,0.25,heun,400,0.003125,16001,S4,model_not_constructed,,,—,,,
2.1_expanded,,4,0.25,heun,400,0.003125,16001,S5,completed,4.668130966369033e-06,1.4386286464662668e-05,4.668e-06 / 1.439e-05,p4_difference_rm_heun_n400_dt0.003125_L4,C:\Users\msz\aca\Workspaces\hs_table_data_20260927\out\profiles\p4_difference_rm_heun_n400_dt0.003125_L4.npz,43442b220279c35c0ba01f53b1617a65f0694b75f46278cfdf3d330c3cfa2f8c
2.1_expanded,,4,0.25,heun,400,0.003125,16001,S6,completed,6.143822620000017e-06,1.9478839059838826e-05,6.144e-06 / 1.948e-05,p4_difference_fixed_heun_n400_dt0.003125_L4,C:\Users\msz\aca\Workspaces\hs_table_data_20260927\out\profiles\p4_difference_fixed_heun_n400_dt0.003125_L4.npz,6be0ea45562574cc510dcf60237deeda28f7ddbb8e42bc0140a7ec34a603981b
2.1_expanded,,4,0.25,rk4,400,0.003125,16001,S1,model_not_constructed,,,—,,,
2.1_expanded,,4,0.25,rk4,400,0.003125,16001,S2,model_not_constructed,,,—,,,
2.1_expanded,,4,0.25,rk4,400,0.003125,16001,S3,model_not_constructed,,,—,,,
2.1_expanded,,4,0.25,rk4,400,0.003125,16001,S4,model_not_constructed,,,—,,,
2.1_expanded,,4,0.25,rk4,400,0.003125,16001,S5,completed,4.671389762372913e-06,1.4387101919477452e-05,4.671e-06 / 1.439e-05,p4_difference_rm_rk4_n400_dt0.003125_L4,C:\Users\msz\aca\Workspaces\hs_conserved_mesh_20260925\out\calibration_parameter_scan\profiles\p4_difference_rm_rk4_n400_dt0.003125_L4.npz,62d4b9928f50313ff7aa2d49061ba26a1a0356d7f24a558ada06f20eab9b4253
2.1_expanded,,4,0.25,rk4,400,0.003125,16001,S6,completed,6.143610951157841e-06,1.9479710161918184e-05,6.144e-06 / 1.948e-05,p4_difference_fixed_rk4_n400_dt0.003125_L4,C:\Users\msz\aca\Workspaces\hs_conserved_mesh_20260925\out\calibration_parameter_scan\profiles\p4_difference_fixed_rk4_n400_dt0.003125_L4.npz,d383c08e209f4b24c94c9fef1d8a5b19b648661ea2caa96914fb613b365f3fd3
2.1_expanded,,4,0.25,rk8,400,0.003125,16001,S1,model_not_constructed,,,—,,,
2.1_expanded,,4,0.25,rk8,400,0.003125,16001,S2,model_not_constructed,,,—,,,
2.1_expanded,,4,0.25,rk8,400,0.003125,16001,S3,model_not_constructed,,,—,,,
2.1_expanded,,4,0.25,rk8,400,0.003125,16001,S4,model_not_constructed,,,—,,,
2.1_expanded,,4,0.25,rk8,400,0.003125,16001,S5,completed,4.671389726838837e-06,1.438710191647985e-05,4.671e-06 / 1.439e-05,p4_difference_rm_rk8_n400_dt0.003125_L4,C:\Users\msz\aca\Workspaces\hs_table_data_20260927\out\profiles\p4_difference_rm_rk8_n400_dt0.003125_L4.npz,37af42da63a72e3295d28674ce8d2e8df916d525c4d6d95d620f1f905f42f2f4
2.1_expanded,,4,0.25,rk8,400,0.003125,16001,S6,completed,6.1436109544468764e-06,1.9479710161918184e-05,6.144e-06 / 1.948e-05,p4_difference_fixed_rk8_n400_dt0.003125_L4,C:\Users\msz\aca\Workspaces\hs_table_data_20260927\out\profiles\p4_difference_fixed_rk8_n400_dt0.003125_L4.npz,ad4cccc221ec1ffb02446b0c7709b1f8aeb981b3fd3fe8fd4dab05a8983f1dee
2.1_expanded,,4,0.5,euler,400,0.003125,16001,S1,model_not_constructed,,,—,,,
2.1_expanded,,4,0.5,euler,400,0.003125,16001,S2,model_not_constructed,,,—,,,
2.1_expanded,,4,0.5,euler,400,0.003125,16001,S3,model_not_constructed,,,—,,,
2.1_expanded,,4,0.5,euler,400,0.003125,16001,S4,model_not_constructed,,,—,,,
2.1_expanded,,4,0.5,euler,400,0.003125,16001,S5,completed,3.2271779303386094e-06,9.393969396920276e-06,3.227e-06 / 9.394e-06,p4_difference_rm_euler_n400_dt0.003125_L4,C:\Users\msz\aca\Workspaces\hs_conserved_mesh_20260925\out\euler_comparison\profiles\p4_difference_rm_euler_n400_dt0.003125_L4.npz,0816f4e58df4a9996e1f8e7daea6ec652ca36afdb2263546be09def34b477de7
2.1_expanded,,4,0.5,euler,400,0.003125,16001,S6,completed,3.5793222254720813e-06,1.2536134300522583e-05,3.579e-06 / 1.254e-05,p4_difference_fixed_euler_n400_dt0.003125_L4,C:\Users\msz\aca\Workspaces\hs_conserved_mesh_20260925\out\euler_comparison\profiles\p4_difference_fixed_euler_n400_dt0.003125_L4.npz,ca9c733610c558f55708f5bc21cda79c031ac2ff02e77e50ec89f1d5228e01ac
2.1_expanded,,4,0.5,heun,400,0.003125,16001,S1,model_not_constructed,,,—,,,
2.1_expanded,,4,0.5,heun,400,0.003125,16001,S2,model_not_constructed,,,—,,,
2.1_expanded,,4,0.5,heun,400,0.003125,16001,S3,model_not_constructed,,,—,,,
2.1_expanded,,4,0.5,heun,400,0.003125,16001,S4,model_not_constructed,,,—,,,
2.1_expanded,,4,0.5,heun,400,0.003125,16001,S5,completed,4.8758956013236765e-06,1.5741200735108762e-05,4.876e-06 / 1.574e-05,p4_difference_rm_heun_n400_dt0.003125_L4,C:\Users\msz\aca\Workspaces\hs_table_data_20260927\out\profiles\p4_difference_rm_heun_n400_dt0.003125_L4.npz,43442b220279c35c0ba01f53b1617a65f0694b75f46278cfdf3d330c3cfa2f8c
2.1_expanded,,4,0.5,heun,400,0.003125,16001,S6,completed,6.110211533502663e-06,2.1365418310215212e-05,6.110e-06 / 2.137e-05,p4_difference_fixed_heun_n400_dt0.003125_L4,C:\Users\msz\aca\Workspaces\hs_table_data_20260927\out\profiles\p4_difference_fixed_heun_n400_dt0.003125_L4.npz,6be0ea45562574cc510dcf60237deeda28f7ddbb8e42bc0140a7ec34a603981b
2.1_expanded,,4,0.5,rk4,400,0.003125,16001,S1,model_not_constructed,,,—,,,
2.1_expanded,,4,0.5,rk4,400,0.003125,16001,S2,model_not_constructed,,,—,,,
2.1_expanded,,4,0.5,rk4,400,0.003125,16001,S3,model_not_constructed,,,—,,,
2.1_expanded,,4,0.5,rk4,400,0.003125,16001,S4,model_not_constructed,,,—,,,
2.1_expanded,,4,0.5,rk4,400,0.003125,16001,S5,completed,4.884877974148383e-06,1.5743746396679192e-05,4.885e-06 / 1.574e-05,p4_difference_rm_rk4_n400_dt0.003125_L4,C:\Users\msz\aca\Workspaces\hs_conserved_mesh_20260925\out\calibration_parameter_scan\profiles\p4_difference_rm_rk4_n400_dt0.003125_L4.npz,62d4b9928f50313ff7aa2d49061ba26a1a0356d7f24a558ada06f20eab9b4253
2.1_expanded,,4,0.5,rk4,400,0.003125,16001,S6,completed,6.1096916315339644e-06,2.13683971725942e-05,6.110e-06 / 2.137e-05,p4_difference_fixed_rk4_n400_dt0.003125_L4,C:\Users\msz\aca\Workspaces\hs_conserved_mesh_20260925\out\calibration_parameter_scan\profiles\p4_difference_fixed_rk4_n400_dt0.003125_L4.npz,d383c08e209f4b24c94c9fef1d8a5b19b648661ea2caa96914fb613b365f3fd3
2.1_expanded,,4,0.5,rk8,400,0.003125,16001,S1,model_not_constructed,,,—,,,
2.1_expanded,,4,0.5,rk8,400,0.003125,16001,S2,model_not_constructed,,,—,,,
2.1_expanded,,4,0.5,rk8,400,0.003125,16001,S3,model_not_constructed,,,—,,,
2.1_expanded,,4,0.5,rk8,400,0.003125,16001,S4,model_not_constructed,,,—,,,
2.1_expanded,,4,0.5,rk8,400,0.003125,16001,S5,completed,4.884877889702044e-06,1.5743746392127278e-05,4.885e-06 / 1.574e-05,p4_difference_rm_rk8_n400_dt0.003125_L4,C:\Users\msz\aca\Workspaces\hs_table_data_20260927\out\profiles\p4_difference_rm_rk8_n400_dt0.003125_L4.npz,37af42da63a72e3295d28674ce8d2e8df916d525c4d6d95d620f1f905f42f2f4
2.1_expanded,,4,0.5,rk8,400,0.003125,16001,S6,completed,6.109691639916148e-06,2.1368397172372156e-05,6.110e-06 / 2.137e-05,p4_difference_fixed_rk8_n400_dt0.003125_L4,C:\Users\msz\aca\Workspaces\hs_table_data_20260927\out\profiles\p4_difference_fixed_rk8_n400_dt0.003125_L4.npz,ad4cccc221ec1ffb02446b0c7709b1f8aeb981b3fd3fe8fd4dab05a8983f1dee
2.2_expanded,,4,0.25,euler,200,0.0125,8001,S1,model_not_constructed,,,—,,,
2.2_expanded,,4,0.25,euler,200,0.0125,8001,S2,model_not_constructed,,,—,,,
2.2_expanded,,4,0.25,euler,200,0.0125,8001,S3,model_not_constructed,,,—,,,
2.2_expanded,,4,0.25,euler,200,0.0125,8001,S4,model_not_constructed,,,—,,,
2.2_expanded,,4,0.25,euler,200,0.0125,8001,S5,completed,1.7028449270727053e-05,4.454702246903253e-05,1.703e-05 / 4.455e-05,p4_difference_rm_euler_n200_dt0.0125_L4,C:\Users\msz\aca\Workspaces\hs_table_data_20260927\out\profiles\p4_difference_rm_euler_n200_dt0.0125_L4.npz,98d4aa878694a4389c5c33882676dc36a60354fd3f44652d9ba8f1618d12ecc5
2.2_expanded,,4,0.25,euler,200,0.0125,8001,S6,completed,1.776476173562941e-05,5.785352851472858e-05,1.776e-05 / 5.785e-05,p4_difference_fixed_euler_n200_dt0.0125_L4,C:\Users\msz\aca\Workspaces\hs_table_data_20260927\out\profiles\p4_difference_fixed_euler_n200_dt0.0125_L4.npz,e32856c4d2c9b920440f334e628c0293e5ebfc20f1192e34bb6e2bc4a69dbb12
2.2_expanded,,4,0.25,heun,200,0.0125,8001,S1,model_not_constructed,,,—,,,
2.2_expanded,,4,0.25,heun,200,0.0125,8001,S2,model_not_constructed,,,—,,,
2.2_expanded,,4,0.25,heun,200,0.0125,8001,S3,model_not_constructed,,,—,,,
2.2_expanded,,4,0.25,heun,200,0.0125,8001,S4,model_not_constructed,,,—,,,
2.2_expanded,,4,0.25,heun,200,0.0125,8001,S5,completed,1.8632156263354016e-05,5.751128384756665e-05,1.863e-05 / 5.751e-05,p4_difference_rm_heun_n200_dt0.0125_L4,C:\Users\msz\aca\Workspaces\hs_table_data_20260927\out\profiles\p4_difference_rm_heun_n200_dt0.0125_L4.npz,22fe70796339acd6857814bdae348180e263c1d98aa46c851f7550212fa50d20
2.2_expanded,,4,0.25,heun,200,0.0125,8001,S6,completed,2.456682385349601e-05,7.789685409320679e-05,2.457e-05 / 7.790e-05,p4_difference_fixed_heun_n200_dt0.0125_L4,C:\Users\msz\aca\Workspaces\hs_table_data_20260927\out\profiles\p4_difference_fixed_heun_n200_dt0.0125_L4.npz,37bd95bd113933d604f04c63acb3f5f6fcbe0d2fe7cc63f47e63eafb5ffc0343
2.2_expanded,,4,0.25,rk4,200,0.0125,8001,S1,model_not_constructed,,,—,,,
2.2_expanded,,4,0.25,rk4,200,0.0125,8001,S2,model_not_constructed,,,—,,,
2.2_expanded,,4,0.25,rk4,200,0.0125,8001,S3,model_not_constructed,,,—,,,
2.2_expanded,,4,0.25,rk4,200,0.0125,8001,S4,model_not_constructed,,,—,,,
2.2_expanded,,4,0.25,rk4,200,0.0125,8001,S5,completed,1.8682603588282554e-05,5.752364321953696e-05,1.868e-05 / 5.752e-05,p4_difference_rm_rk4_n200_dt0.0125_L4,C:\Users\msz\aca\Workspaces\hs_table_data_20260927\out\profiles\p4_difference_rm_rk4_n200_dt0.0125_L4.npz,6847e615c903a636b64592b196d1140d0ce6f576e8ab847766a8e88385058704
2.2_expanded,,4,0.25,rk4,200,0.0125,8001,S6,completed,2.4564002376901983e-05,7.79119705519582e-05,2.456e-05 / 7.791e-05,p4_difference_fixed_rk4_n200_dt0.0125_L4,C:\Users\msz\aca\Workspaces\hs_table_data_20260927\out\profiles\p4_difference_fixed_rk4_n200_dt0.0125_L4.npz,53b83e162976da5f33795cc06165096abae2e7773e0d4eb500c739f93aafe03b
2.2_expanded,,4,0.25,rk8,200,0.0125,8001,S1,model_not_constructed,,,—,,,
2.2_expanded,,4,0.25,rk8,200,0.0125,8001,S2,model_not_constructed,,,—,,,
2.2_expanded,,4,0.25,rk8,200,0.0125,8001,S3,model_not_constructed,,,—,,,
2.2_expanded,,4,0.25,rk8,200,0.0125,8001,S4,model_not_constructed,,,—,,,
2.2_expanded,,4,0.25,rk8,200,0.0125,8001,S5,completed,1.868259591760596e-05,5.752364271582877e-05,1.868e-05 / 5.752e-05,p4_difference_rm_rk8_n200_dt0.0125_L4,C:\Users\msz\aca\Workspaces\hs_table_data_20260927\out\profiles\p4_difference_rm_rk8_n200_dt0.0125_L4.npz,35c3a049ff5ce47bcff4686d537ebad95de7e61bb6d6b3348b1360108371e7db
2.2_expanded,,4,0.25,rk8,200,0.0125,8001,S6,completed,2.4564002986206257e-05,7.791197056750132e-05,2.456e-05 / 7.791e-05,p4_difference_fixed_rk8_n200_dt0.0125_L4,C:\Users\msz\aca\Workspaces\hs_table_data_20260927\out\profiles\p4_difference_fixed_rk8_n200_dt0.0125_L4.npz,2b21b2c192d4d48073f41f0c8ebffb931e489aa9bbffed48512d216c5576bfdd
2.2_expanded,,4,0.5,euler,200,0.0125,8001,S1,model_not_constructed,,,—,,,
2.2_expanded,,4,0.5,euler,200,0.0125,8001,S2,model_not_constructed,,,—,,,
2.2_expanded,,4,0.5,euler,200,0.0125,8001,S3,model_not_constructed,,,—,,,
2.2_expanded,,4,0.5,euler,200,0.0125,8001,S4,model_not_constructed,,,—,,,
2.2_expanded,,4,0.5,euler,200,0.0125,8001,S5,completed,1.2980651026721357e-05,3.7610575829516435e-05,1.298e-05 / 3.761e-05,p4_difference_rm_euler_n200_dt0.0125_L4,C:\Users\msz\aca\Workspaces\hs_table_data_20260927\out\profiles\p4_difference_rm_euler_n200_dt0.0125_L4.npz,98d4aa878694a4389c5c33882676dc36a60354fd3f44652d9ba8f1618d12ecc5
2.2_expanded,,4,0.5,euler,200,0.0125,8001,S6,completed,1.4414447043517575e-05,5.016585426842468e-05,1.441e-05 / 5.017e-05,p4_difference_fixed_euler_n200_dt0.0125_L4,C:\Users\msz\aca\Workspaces\hs_table_data_20260927\out\profiles\p4_difference_fixed_euler_n200_dt0.0125_L4.npz,e32856c4d2c9b920440f334e628c0293e5ebfc20f1192e34bb6e2bc4a69dbb12
2.2_expanded,,4,0.5,heun,200,0.0125,8001,S1,model_not_constructed,,,—,,,
2.2_expanded,,4,0.5,heun,200,0.0125,8001,S2,model_not_constructed,,,—,,,
2.2_expanded,,4,0.5,heun,200,0.0125,8001,S3,model_not_constructed,,,—,,,
2.2_expanded,,4,0.5,heun,200,0.0125,8001,S4,model_not_constructed,,,—,,,
2.2_expanded,,4,0.5,heun,200,0.0125,8001,S5,completed,1.939265709512139e-05,6.290203231951175e-05,1.939e-05 / 6.290e-05,p4_difference_rm_heun_n200_dt0.0125_L4,C:\Users\msz\aca\Workspaces\hs_table_data_20260927\out\profiles\p4_difference_rm_heun_n200_dt0.0125_L4.npz,22fe70796339acd6857814bdae348180e263c1d98aa46c851f7550212fa50d20
2.2_expanded,,4,0.5,heun,200,0.0125,8001,S6,completed,2.44306108792558e-05,8.538239088973221e-05,2.443e-05 / 8.538e-05,p4_difference_fixed_heun_n200_dt0.0125_L4,C:\Users\msz\aca\Workspaces\hs_table_data_20260927\out\profiles\p4_difference_fixed_heun_n200_dt0.0125_L4.npz,37bd95bd113933d604f04c63acb3f5f6fcbe0d2fe7cc63f47e63eafb5ffc0343
2.2_expanded,,4,0.5,rk4,200,0.0125,8001,S1,model_not_constructed,,,—,,,
2.2_expanded,,4,0.5,rk4,200,0.0125,8001,S2,model_not_constructed,,,—,,,
2.2_expanded,,4,0.5,rk4,200,0.0125,8001,S3,model_not_constructed,,,—,,,
2.2_expanded,,4,0.5,rk4,200,0.0125,8001,S4,model_not_constructed,,,—,,,
2.2_expanded,,4,0.5,rk4,200,0.0125,8001,S5,completed,1.9535220030848788e-05,6.294372499138223e-05,1.954e-05 / 6.294e-05,p4_difference_rm_rk4_n200_dt0.0125_L4,C:\Users\msz\aca\Workspaces\hs_table_data_20260927\out\profiles\p4_difference_rm_rk4_n200_dt0.0125_L4.npz,6847e615c903a636b64592b196d1140d0ce6f576e8ab847766a8e88385058704
2.2_expanded,,4,0.5,rk4,200,0.0125,8001,S6,completed,2.4424166666356384e-05,8.542824610380251e-05,2.442e-05 / 8.543e-05,p4_difference_fixed_rk4_n200_dt0.0125_L4,C:\Users\msz\aca\Workspaces\hs_table_data_20260927\out\profiles\p4_difference_fixed_rk4_n200_dt0.0125_L4.npz,53b83e162976da5f33795cc06165096abae2e7773e0d4eb500c739f93aafe03b
2.2_expanded,,4,0.5,rk8,200,0.0125,8001,S1,model_not_constructed,,,—,,,
2.2_expanded,,4,0.5,rk8,200,0.0125,8001,S2,model_not_constructed,,,—,,,
2.2_expanded,,4,0.5,rk8,200,0.0125,8001,S3,model_not_constructed,,,—,,,
2.2_expanded,,4,0.5,rk8,200,0.0125,8001,S4,model_not_constructed,,,—,,,
2.2_expanded,,4,0.5,rk8,200,0.0125,8001,S5,completed,1.953519845180468e-05,6.294372360104994e-05,1.954e-05 / 6.294e-05,p4_difference_rm_rk8_n200_dt0.0125_L4,C:\Users\msz\aca\Workspaces\hs_table_data_20260927\out\profiles\p4_difference_rm_rk8_n200_dt0.0125_L4.npz,35c3a049ff5ce47bcff4686d537ebad95de7e61bb6d6b3348b1360108371e7db
2.2_expanded,,4,0.5,rk8,200,0.0125,8001,S6,completed,2.44241685957991e-05,8.542824615209721e-05,2.442e-05 / 8.543e-05,p4_difference_fixed_rk8_n200_dt0.0125_L4,C:\Users\msz\aca\Workspaces\hs_table_data_20260927\out\profiles\p4_difference_fixed_rk8_n200_dt0.0125_L4.npz,2b21b2c192d4d48073f41f0c8ebffb931e489aa9bbffed48512d216c5576bfdd
2.1_expanded,,5,0.25,euler,400,0.003125,16001,S1,model_not_constructed,,,—,,,
2.1_expanded,,5,0.25,euler,400,0.003125,16001,S2,model_not_constructed,,,—,,,
2.1_expanded,,5,0.25,euler,400,0.003125,16001,S3,model_not_constructed,,,—,,,
2.1_expanded,,5,0.25,euler,400,0.003125,16001,S4,model_not_constructed,,,—,,,
2.1_expanded,,5,0.25,euler,400,0.003125,16001,S5,completed,7.702920424679238e-06,2.1919656579161284e-05,7.703e-06 / 2.192e-05,p5_difference_rm_euler_n400_dt0.003125_L4,C:\Users\msz\aca\Workspaces\hs_conserved_mesh_20260925\out\euler_comparison\profiles\p5_difference_rm_euler_n400_dt0.003125_L4.npz,808eddc0061781416d192bccaf4720164ebb100a9187e973d0ac4f64e028a61b
2.1_expanded,,5,0.25,euler,400,0.003125,16001,S6,completed,1.029741994169886e-05,2.9854678212148933e-05,1.030e-05 / 2.985e-05,p5_difference_fixed_euler_n400_dt0.003125_L4,C:\Users\msz\aca\Workspaces\hs_conserved_mesh_20260925\out\euler_comparison\profiles\p5_difference_fixed_euler_n400_dt0.003125_L4.npz,88325c6917b8c4a6e81c3ce5fe8342c2af393c95c50591b20b2e34caf86d2925
2.1_expanded,,5,0.25,heun,400,0.003125,16001,S1,model_not_constructed,,,—,,,
2.1_expanded,,5,0.25,heun,400,0.003125,16001,S2,model_not_constructed,,,—,,,
2.1_expanded,,5,0.25,heun,400,0.003125,16001,S3,model_not_constructed,,,—,,,
2.1_expanded,,5,0.25,heun,400,0.003125,16001,S4,model_not_constructed,,,—,,,
2.1_expanded,,5,0.25,heun,400,0.003125,16001,S5,completed,8.481497785955971e-06,2.5855756674797448e-05,8.481e-06 / 2.586e-05,p5_difference_rm_heun_n400_dt0.003125_L4,C:\Users\msz\aca\Workspaces\hs_table_data_20260927\out\profiles\p5_difference_rm_heun_n400_dt0.003125_L4.npz,c79b938398acef18ea5756b91b8dc757be9c5c61cd19b81854ecfbfd41492b6e
2.1_expanded,,5,0.25,heun,400,0.003125,16001,S6,completed,1.2861080972745298e-05,3.636206427348743e-05,1.286e-05 / 3.636e-05,p5_difference_fixed_heun_n400_dt0.003125_L4,C:\Users\msz\aca\Workspaces\hs_table_data_20260927\out\profiles\p5_difference_fixed_heun_n400_dt0.003125_L4.npz,6fa08fef0c691d7c3fd7f893a04efc290359c86624ecdbc481308973814cb4cf
2.1_expanded,,5,0.25,rk4,400,0.003125,16001,S1,model_not_constructed,,,—,,,
2.1_expanded,,5,0.25,rk4,400,0.003125,16001,S2,model_not_constructed,,,—,,,
2.1_expanded,,5,0.25,rk4,400,0.003125,16001,S3,model_not_constructed,,,—,,,
2.1_expanded,,5,0.25,rk4,400,0.003125,16001,S4,model_not_constructed,,,—,,,
2.1_expanded,,5,0.25,rk4,400,0.003125,16001,S5,completed,8.484303693587214e-06,2.585756636641623e-05,8.484e-06 / 2.586e-05,p5_difference_rm_rk4_n400_dt0.003125_L4,C:\Users\msz\aca\Workspaces\hs_conserved_mesh_20260925\out\parameter_calibration\profiles\p5_difference_rm_rk4_n400_dt0.003125_L4.npz,f9f38ac22cc0d1d25e3374766eccff3f72d46940d3445e9f057a4a3910b5e06b
2.1_expanded,,5,0.25,rk4,400,0.003125,16001,S6,completed,1.2860653116480991e-05,3.6364703567492995e-05,1.286e-05 / 3.636e-05,p5_difference_fixed_rk4_n400_dt0.003125_L4,C:\Users\msz\aca\Workspaces\hs_conserved_mesh_20260925\out\parameter_calibration\profiles\p5_difference_fixed_rk4_n400_dt0.003125_L4.npz,4e5b07c25bbe56d9162aad3fe693a20d3582c09d11311db8c28438eb073589e6
2.1_expanded,,5,0.25,rk8,400,0.003125,16001,S1,model_not_constructed,,,—,,,
2.1_expanded,,5,0.25,rk8,400,0.003125,16001,S2,model_not_constructed,,,—,,,
2.1_expanded,,5,0.25,rk8,400,0.003125,16001,S3,model_not_constructed,,,—,,,
2.1_expanded,,5,0.25,rk8,400,0.003125,16001,S4,model_not_constructed,,,—,,,
2.1_expanded,,5,0.25,rk8,400,0.003125,16001,S5,completed,8.484303667802284e-06,2.585756636552805e-05,8.484e-06 / 2.586e-05,p5_difference_rm_rk8_n400_dt0.003125_L4,C:\Users\msz\aca\Workspaces\hs_table_data_20260927\out\profiles\p5_difference_rm_rk8_n400_dt0.003125_L4.npz,4b934a2111ebe68a69f65468898f0c44e106b52d0c0effcb4003f89a17e9657d
2.1_expanded,,5,0.25,rk8,400,0.003125,16001,S6,completed,1.286065312207374e-05,3.636470356782606e-05,1.286e-05 / 3.636e-05,p5_difference_fixed_rk8_n400_dt0.003125_L4,C:\Users\msz\aca\Workspaces\hs_table_data_20260927\out\profiles\p5_difference_fixed_rk8_n400_dt0.003125_L4.npz,d228b4423b3771d7ace2894111cbb12ada75ff7d48e46d42804ffef9507dfab4
2.1_expanded,,5,0.5,euler,400,0.003125,16001,S1,model_not_constructed,,,—,,,
2.1_expanded,,5,0.5,euler,400,0.003125,16001,S2,model_not_constructed,,,—,,,
2.1_expanded,,5,0.5,euler,400,0.003125,16001,S3,model_not_constructed,,,—,,,
2.1_expanded,,5,0.5,euler,400,0.003125,16001,S4,model_not_constructed,,,—,,,
2.1_expanded,,5,0.5,euler,400,0.003125,16001,S5,completed,6.571553982426259e-06,2.1165815389134757e-05,6.572e-06 / 2.117e-05,p5_difference_rm_euler_n400_dt0.003125_L4,C:\Users\msz\aca\Workspaces\hs_conserved_mesh_20260925\out\euler_comparison\profiles\p5_difference_rm_euler_n400_dt0.003125_L4.npz,808eddc0061781416d192bccaf4720164ebb100a9187e973d0ac4f64e028a61b
2.1_expanded,,5,0.5,euler,400,0.003125,16001,S6,completed,8.028874238438788e-06,2.925436380496471e-05,8.029e-06 / 2.925e-05,p5_difference_fixed_euler_n400_dt0.003125_L4,C:\Users\msz\aca\Workspaces\hs_conserved_mesh_20260925\out\euler_comparison\profiles\p5_difference_fixed_euler_n400_dt0.003125_L4.npz,88325c6917b8c4a6e81c3ce5fe8342c2af393c95c50591b20b2e34caf86d2925
2.1_expanded,,5,0.5,heun,400,0.003125,16001,S1,model_not_constructed,,,—,,,
2.1_expanded,,5,0.5,heun,400,0.003125,16001,S2,model_not_constructed,,,—,,,
2.1_expanded,,5,0.5,heun,400,0.003125,16001,S3,model_not_constructed,,,—,,,
2.1_expanded,,5,0.5,heun,400,0.003125,16001,S4,model_not_constructed,,,—,,,
2.1_expanded,,5,0.5,heun,400,0.003125,16001,S5,completed,8.82933602126823e-06,2.927792137163987e-05,8.829e-06 / 2.928e-05,p5_difference_rm_heun_n400_dt0.003125_L4,C:\Users\msz\aca\Workspaces\hs_table_data_20260927\out\profiles\p5_difference_rm_heun_n400_dt0.003125_L4.npz,c79b938398acef18ea5756b91b8dc757be9c5c61cd19b81854ecfbfd41492b6e
2.1_expanded,,5,0.5,heun,400,0.003125,16001,S6,completed,1.304038233293503e-05,4.215858262124339e-05,1.304e-05 / 4.216e-05,p5_difference_fixed_heun_n400_dt0.003125_L4,C:\Users\msz\aca\Workspaces\hs_table_data_20260927\out\profiles\p5_difference_fixed_heun_n400_dt0.003125_L4.npz,6fa08fef0c691d7c3fd7f893a04efc290359c86624ecdbc481308973814cb4cf
2.1_expanded,,5,0.5,rk4,400,0.003125,16001,S1,model_not_constructed,,,—,,,
2.1_expanded,,5,0.5,rk4,400,0.003125,16001,S2,model_not_constructed,,,—,,,
2.1_expanded,,5,0.5,rk4,400,0.003125,16001,S3,model_not_constructed,,,—,,,
2.1_expanded,,5,0.5,rk4,400,0.003125,16001,S4,model_not_constructed,,,—,,,
2.1_expanded,,5,0.5,rk4,400,0.003125,16001,S5,completed,8.83707757173835e-06,2.928142752212093e-05,8.837e-06 / 2.928e-05,p5_difference_rm_rk4_n400_dt0.003125_L4,C:\Users\msz\aca\Workspaces\hs_conserved_mesh_20260925\out\parameter_calibration\profiles\p5_difference_rm_rk4_n400_dt0.003125_L4.npz,f9f38ac22cc0d1d25e3374766eccff3f72d46940d3445e9f057a4a3910b5e06b
2.1_expanded,,5,0.5,rk4,400,0.003125,16001,S6,completed,1.3039419100260852e-05,4.216509350030151e-05,1.304e-05 / 4.217e-05,p5_difference_fixed_rk4_n400_dt0.003125_L4,C:\Users\msz\aca\Workspaces\hs_conserved_mesh_20260925\out\parameter_calibration\profiles\p5_difference_fixed_rk4_n400_dt0.003125_L4.npz,4e5b07c25bbe56d9162aad3fe693a20d3582c09d11311db8c28438eb073589e6
2.1_expanded,,5,0.5,rk8,400,0.003125,16001,S1,model_not_constructed,,,—,,,
2.1_expanded,,5,0.5,rk8,400,0.003125,16001,S2,model_not_constructed,,,—,,,
2.1_expanded,,5,0.5,rk8,400,0.003125,16001,S3,model_not_constructed,,,—,,,
2.1_expanded,,5,0.5,rk8,400,0.003125,16001,S4,model_not_constructed,,,—,,,
2.1_expanded,,5,0.5,rk8,400,0.003125,16001,S5,completed,8.837077554141315e-06,2.928142752267604e-05,8.837e-06 / 2.928e-05,p5_difference_rm_rk8_n400_dt0.003125_L4,C:\Users\msz\aca\Workspaces\hs_table_data_20260927\out\profiles\p5_difference_rm_rk8_n400_dt0.003125_L4.npz,4b934a2111ebe68a69f65468898f0c44e106b52d0c0effcb4003f89a17e9657d
2.1_expanded,,5,0.5,rk8,400,0.003125,16001,S6,completed,1.3039419115540296e-05,4.216509350096764e-05,1.304e-05 / 4.217e-05,p5_difference_fixed_rk8_n400_dt0.003125_L4,C:\Users\msz\aca\Workspaces\hs_table_data_20260927\out\profiles\p5_difference_fixed_rk8_n400_dt0.003125_L4.npz,d228b4423b3771d7ace2894111cbb12ada75ff7d48e46d42804ffef9507dfab4
2.2_expanded,,5,0.25,euler,200,0.0125,8001,S1,model_not_constructed,,,—,,,
2.2_expanded,,5,0.25,euler,200,0.0125,8001,S2,model_not_constructed,,,—,,,
2.2_expanded,,5,0.25,euler,200,0.0125,8001,S3,model_not_constructed,,,—,,,
2.2_expanded,,5,0.25,euler,200,0.0125,8001,S4,model_not_constructed,,,—,,,
2.2_expanded,,5,0.25,euler,200,0.0125,8001,S5,completed,3.08380840046002e-05,8.756151520805666e-05,3.084e-05 / 8.756e-05,p5_difference_rm_euler_n200_dt0.0125_L4,C:\Users\msz\aca\Workspaces\hs_conserved_mesh_20260925\out\parameter_calibration\profiles\p5_difference_rm_euler_n200_dt0.0125_L4.npz,fa07c96dec4bf84be47eac14d5421d82de5ffa2d580e585790f56a5a3d76307e
2.2_expanded,,5,0.25,euler,200,0.0125,8001,S6,completed,4.1184640603000866e-05,0.00011941549714900024,4.118e-05 / 1.194e-04,p5_difference_fixed_euler_n200_dt0.0125_L4,C:\Users\msz\aca\Workspaces\hs_conserved_mesh_20260925\out\parameter_calibration\profiles\p5_difference_fixed_euler_n200_dt0.0125_L4.npz,310ce3f2ce82561744e6b88df093298cf6945e8035b2adc35268880390f169f4
2.2_expanded,,5,0.25,heun,200,0.0125,8001,S1,model_not_constructed,,,—,,,
2.2_expanded,,5,0.25,heun,200,0.0125,8001,S2,model_not_constructed,,,—,,,
2.2_expanded,,5,0.25,heun,200,0.0125,8001,S3,model_not_constructed,,,—,,,
2.2_expanded,,5,0.25,heun,200,0.0125,8001,S4,model_not_constructed,,,—,,,
2.2_expanded,,5,0.25,heun,200,0.0125,8001,S5,completed,3.386989127743267e-05,0.00010319475952569324,3.387e-05 / 1.032e-04,p5_difference_rm_heun_n200_dt0.0125_L4,C:\Users\msz\aca\Workspaces\hs_conserved_mesh_20260925\out\parameter_calibration\profiles\p5_difference_rm_heun_n200_dt0.0125_L4.npz,ca7db55195f727d72ad6d01d5506acdbaa5ce4d37c1392457b9629c2d2eaa79f
2.2_expanded,,5,0.25,heun,200,0.0125,8001,S6,completed,5.14400858629277e-05,0.0001453318847853824,5.144e-05 / 1.453e-04,p5_difference_fixed_heun_n200_dt0.0125_L4,C:\Users\msz\aca\Workspaces\hs_conserved_mesh_20260925\out\parameter_calibration\profiles\p5_difference_fixed_heun_n200_dt0.0125_L4.npz,73794e10fe4cb07e2d7d27fe548dc8e6e439d55961180e468619a1124c22f087
2.2_expanded,,5,0.25,rk4,200,0.0125,8001,S1,model_not_constructed,,,—,,,
2.2_expanded,,5,0.25,rk4,200,0.0125,8001,S2,model_not_constructed,,,—,,,
2.2_expanded,,5,0.25,rk4,200,0.0125,8001,S3,model_not_constructed,,,—,,,
2.2_expanded,,5,0.25,rk4,200,0.0125,8001,S4,model_not_constructed,,,—,,,
2.2_expanded,,5,0.25,rk4,200,0.0125,8001,S5,completed,3.3914376111249256e-05,0.00010322375712246146,3.391e-05 / 1.032e-04,p5_difference_rm_rk4_n200_dt0.0125_L4,C:\Users\msz\aca\Workspaces\hs_conserved_mesh_20260925\out\parameter_calibration\profiles\p5_difference_rm_rk4_n200_dt0.0125_L4.npz,eb8db3182106ebe722ec24f08ae415c4339c6b4652610bd34ea4772aeb4b2de9
2.2_expanded,,5,0.25,rk4,200,0.0125,8001,S6,completed,5.143535572418867e-05,0.00014537266110503655,5.144e-05 / 1.454e-04,p5_difference_fixed_rk4_n200_dt0.0125_L4,C:\Users\msz\aca\Workspaces\hs_conserved_mesh_20260925\out\parameter_calibration\profiles\p5_difference_fixed_rk4_n200_dt0.0125_L4.npz,b20793a25eaabbd3fec71a07cf60724cb4696dc058a101fce84e071a6e944979
2.2_expanded,,5,0.25,rk8,200,0.0125,8001,S1,model_not_constructed,,,—,,,
2.2_expanded,,5,0.25,rk8,200,0.0125,8001,S2,model_not_constructed,,,—,,,
2.2_expanded,,5,0.25,rk8,200,0.0125,8001,S3,model_not_constructed,,,—,,,
2.2_expanded,,5,0.25,rk8,200,0.0125,8001,S4,model_not_constructed,,,—,,,
2.2_expanded,,5,0.25,rk8,200,0.0125,8001,S5,completed,3.3914369557450086e-05,0.00010322375691551589,3.391e-05 / 1.032e-04,p5_difference_rm_rk8_n200_dt0.0125_L4,C:\Users\msz\aca\Workspaces\hs_conserved_mesh_20260925\out\parameter_calibration\profiles\p5_difference_rm_rk8_n200_dt0.0125_L4.npz,9e61517652b66bbf0e1bab014cdd83c5b2be9ab30a099c52f5279206925ddce2
2.2_expanded,,5,0.25,rk8,200,0.0125,8001,S6,completed,5.1435356835854984e-05,0.0001453726611585493,5.144e-05 / 1.454e-04,p5_difference_fixed_rk8_n200_dt0.0125_L4,C:\Users\msz\aca\Workspaces\hs_conserved_mesh_20260925\out\parameter_calibration\profiles\p5_difference_fixed_rk8_n200_dt0.0125_L4.npz,3f7cf9c3da69f7278d3b81c7918f2dc5152cea22ef575c80e53cc6393392d819
2.2_expanded,,5,0.5,euler,200,0.0125,8001,S1,model_not_constructed,,,—,,,
2.2_expanded,,5,0.5,euler,200,0.0125,8001,S2,model_not_constructed,,,—,,,
2.2_expanded,,5,0.5,euler,200,0.0125,8001,S3,model_not_constructed,,,—,,,
2.2_expanded,,5,0.5,euler,200,0.0125,8001,S4,model_not_constructed,,,—,,,
2.2_expanded,,5,0.5,euler,200,0.0125,8001,S5,completed,2.6244474943606932e-05,8.466438731680181e-05,2.624e-05 / 8.466e-05,p5_difference_rm_euler_n200_dt0.0125_L4,C:\Users\msz\aca\Workspaces\hs_conserved_mesh_20260925\out\parameter_calibration\profiles\p5_difference_rm_euler_n200_dt0.0125_L4.npz,fa07c96dec4bf84be47eac14d5421d82de5ffa2d580e585790f56a5a3d76307e
2.2_expanded,,5,0.5,euler,200,0.0125,8001,S6,completed,3.191445048272845e-05,0.00011700428181060651,3.191e-05 / 1.170e-04,p5_difference_fixed_euler_n200_dt0.0125_L4,C:\Users\msz\aca\Workspaces\hs_conserved_mesh_20260925\out\parameter_calibration\profiles\p5_difference_fixed_euler_n200_dt0.0125_L4.npz,310ce3f2ce82561744e6b88df093298cf6945e8035b2adc35268880390f169f4
2.2_expanded,,5,0.5,heun,200,0.0125,8001,S1,model_not_constructed,,,—,,,
2.2_expanded,,5,0.5,heun,200,0.0125,8001,S2,model_not_constructed,,,—,,,
2.2_expanded,,5,0.5,heun,200,0.0125,8001,S3,model_not_constructed,,,—,,,
2.2_expanded,,5,0.5,heun,200,0.0125,8001,S4,model_not_constructed,,,—,,,
2.2_expanded,,5,0.5,heun,200,0.0125,8001,S5,completed,3.521316177904077e-05,0.00011684093631003645,3.521e-05 / 1.168e-04,p5_difference_rm_heun_n200_dt0.0125_L4,C:\Users\msz\aca\Workspaces\hs_conserved_mesh_20260925\out\parameter_calibration\profiles\p5_difference_rm_heun_n200_dt0.0125_L4.npz,ca7db55195f727d72ad6d01d5506acdbaa5ce4d37c1392457b9629c2d2eaa79f
2.2_expanded,,5,0.5,heun,200,0.0125,8001,S6,completed,5.211686724503062e-05,0.00016835717767160752,5.212e-05 / 1.684e-04,p5_difference_fixed_heun_n200_dt0.0125_L4,C:\Users\msz\aca\Workspaces\hs_conserved_mesh_20260925\out\parameter_calibration\profiles\p5_difference_fixed_heun_n200_dt0.0125_L4.npz,73794e10fe4cb07e2d7d27fe548dc8e6e439d55961180e468619a1124c22f087
2.2_expanded,,5,0.5,rk4,200,0.0125,8001,S1,model_not_constructed,,,—,,,
2.2_expanded,,5,0.5,rk4,200,0.0125,8001,S2,model_not_constructed,,,—,,,
2.2_expanded,,5,0.5,rk4,200,0.0125,8001,S3,model_not_constructed,,,—,,,
2.2_expanded,,5,0.5,rk4,200,0.0125,8001,S4,model_not_constructed,,,—,,,
2.2_expanded,,5,0.5,rk4,200,0.0125,8001,S5,completed,3.53376430190927e-05,0.00011689691757577059,3.534e-05 / 1.169e-04,p5_difference_rm_rk4_n200_dt0.0125_L4,C:\Users\msz\aca\Workspaces\hs_conserved_mesh_20260925\out\parameter_calibration\profiles\p5_difference_rm_rk4_n200_dt0.0125_L4.npz,eb8db3182106ebe722ec24f08ae415c4339c6b4652610bd34ea4772aeb4b2de9
2.2_expanded,,5,0.5,rk4,200,0.0125,8001,S6,completed,5.210223207183229e-05,0.0001684635066221407,5.210e-05 / 1.685e-04,p5_difference_fixed_rk4_n200_dt0.0125_L4,C:\Users\msz\aca\Workspaces\hs_conserved_mesh_20260925\out\parameter_calibration\profiles\p5_difference_fixed_rk4_n200_dt0.0125_L4.npz,b20793a25eaabbd3fec71a07cf60724cb4696dc058a101fce84e071a6e944979
2.2_expanded,,5,0.5,rk8,200,0.0125,8001,S1,model_not_constructed,,,—,,,
2.2_expanded,,5,0.5,rk8,200,0.0125,8001,S2,model_not_constructed,,,—,,,
2.2_expanded,,5,0.5,rk8,200,0.0125,8001,S3,model_not_constructed,,,—,,,
2.2_expanded,,5,0.5,rk8,200,0.0125,8001,S4,model_not_constructed,,,—,,,
2.2_expanded,,5,0.5,rk8,200,0.0125,8001,S5,completed,3.5337625014703056e-05,0.00011689691783500766,3.534e-05 / 1.169e-04,p5_difference_rm_rk8_n200_dt0.0125_L4,C:\Users\msz\aca\Workspaces\hs_conserved_mesh_20260925\out\parameter_calibration\profiles\p5_difference_rm_rk8_n200_dt0.0125_L4.npz,9e61517652b66bbf0e1bab014cdd83c5b2be9ab30a099c52f5279206925ddce2
2.2_expanded,,5,0.5,rk8,200,0.0125,8001,S6,completed,5.210223558529958e-05,0.00016846350676713584,5.210e-05 / 1.685e-04,p5_difference_fixed_rk8_n200_dt0.0125_L4,C:\Users\msz\aca\Workspaces\hs_conserved_mesh_20260925\out\parameter_calibration\profiles\p5_difference_fixed_rk8_n200_dt0.0125_L4.npz,3f7cf9c3da69f7278d3b81c7918f2dc5152cea22ef575c80e53cc6393392d819
2.1_expanded,,6,0.25,euler,400,0.003125,16001,S1,model_not_constructed,,,—,,,
2.1_expanded,,6,0.25,euler,400,0.003125,16001,S2,model_not_constructed,,,—,,,
2.1_expanded,,6,0.25,euler,400,0.003125,16001,S3,model_not_constructed,,,—,,,
2.1_expanded,,6,0.25,euler,400,0.003125,16001,S4,model_not_constructed,,,—,,,
2.1_expanded,,6,0.25,euler,400,0.003125,16001,S5,completed,1.0241808394768903e-05,4.120953689457085e-05,1.024e-05 / 4.121e-05,p6_difference_rm_euler_n400_dt0.003125_L4,C:\Users\msz\aca\Workspaces\hs_conserved_mesh_20260925\out\euler_comparison\profiles\p6_difference_rm_euler_n400_dt0.003125_L4.npz,b293391a357e4bc3c5dde003f8f177c7db309b6a9c4ab1be29882e13cadd4f35
2.1_expanded,,6,0.25,euler,400,0.003125,16001,S6,completed,1.7039361232998318e-05,4.729774944067788e-05,1.704e-05 / 4.730e-05,p6_difference_fixed_euler_n400_dt0.003125_L4,C:\Users\msz\aca\Workspaces\hs_conserved_mesh_20260925\out\euler_comparison\profiles\p6_difference_fixed_euler_n400_dt0.003125_L4.npz,37e201631e56ddec1999848df247a91baf7a7eb16494436404ea789bf08a3490
2.1_expanded,,6,0.25,heun,400,0.003125,16001,S1,model_not_constructed,,,—,,,
2.1_expanded,,6,0.25,heun,400,0.003125,16001,S2,model_not_constructed,,,—,,,
2.1_expanded,,6,0.25,heun,400,0.003125,16001,S3,model_not_constructed,,,—,,,
2.1_expanded,,6,0.25,heun,400,0.003125,16001,S4,model_not_constructed,,,—,,,
2.1_expanded,,6,0.25,heun,400,0.003125,16001,S5,completed,1.140434403718027e-05,4.629199645644899e-05,1.140e-05 / 4.629e-05,p6_difference_rm_heun_n400_dt0.003125_L4,C:\Users\msz\aca\Workspaces\hs_table_data_20260927\out\profiles\p6_difference_rm_heun_n400_dt0.003125_L4.npz,a4ddfd4eac7ef231797d4f123ff358b01180b5836cd34690b1dbfb9203f597db
2.1_expanded,,6,0.25,heun,400,0.003125,16001,S6,completed,1.9986558508544583e-05,5.4317952322024965e-05,1.999e-05 / 5.432e-05,p6_difference_fixed_heun_n400_dt0.003125_L4,C:\Users\msz\aca\Workspaces\hs_table_data_20260927\out\profiles\p6_difference_fixed_heun_n400_dt0.003125_L4.npz,0e07181711f534d8114ce976d8943a6f88c0087c68e3d6984c1c056fc56f7ca7
2.1_expanded,,6,0.25,rk4,400,0.003125,16001,S1,model_not_constructed,,,—,,,
2.1_expanded,,6,0.25,rk4,400,0.003125,16001,S2,model_not_constructed,,,—,,,
2.1_expanded,,6,0.25,rk4,400,0.003125,16001,S3,model_not_constructed,,,—,,,
2.1_expanded,,6,0.25,rk4,400,0.003125,16001,S4,model_not_constructed,,,—,,,
2.1_expanded,,6,0.25,rk4,400,0.003125,16001,S5,completed,1.1401493166918186e-05,4.6295329647283445e-05,1.140e-05 / 4.630e-05,p6_difference_rm_rk4_n400_dt0.003125_L4,C:\Users\msz\aca\Workspaces\hs_conserved_mesh_20260925\out\calibration_parameter_scan\profiles\p6_difference_rm_rk4_n400_dt0.003125_L4.npz,df8b2c8ca03584d1aa3e99fb9e625123ecdbe7ef9a017d86f5ddb7e6ac50301e
2.1_expanded,,6,0.25,rk4,400,0.003125,16001,S6,completed,1.9986060325730137e-05,5.432236172342453e-05,1.999e-05 / 5.432e-05,p6_difference_fixed_rk4_n400_dt0.003125_L4,C:\Users\msz\aca\Workspaces\hs_conserved_mesh_20260925\out\calibration_parameter_scan\profiles\p6_difference_fixed_rk4_n400_dt0.003125_L4.npz,24bcfcdf70eec3738c1014b4ecaaa12cc44c68efcc9737ea84c43317558e592f
2.1_expanded,,6,0.25,rk8,400,0.003125,16001,S1,model_not_constructed,,,—,,,
2.1_expanded,,6,0.25,rk8,400,0.003125,16001,S2,model_not_constructed,,,—,,,
2.1_expanded,,6,0.25,rk8,400,0.003125,16001,S3,model_not_constructed,,,—,,,
2.1_expanded,,6,0.25,rk8,400,0.003125,16001,S4,model_not_constructed,,,—,,,
2.1_expanded,,6,0.25,rk8,400,0.003125,16001,S5,completed,1.1401493145588026e-05,4.6295329643841754e-05,1.140e-05 / 4.630e-05,p6_difference_rm_rk8_n400_dt0.003125_L4,C:\Users\msz\aca\Workspaces\hs_table_data_20260927\out\profiles\p6_difference_rm_rk8_n400_dt0.003125_L4.npz,460d3e48acdcb8187b48e09109efbc9e989abd1389b427d2ca5ecebdcbdd0e43
2.1_expanded,,6,0.25,rk8,400,0.003125,16001,S6,completed,1.9986060332100042e-05,5.432236172409066e-05,1.999e-05 / 5.432e-05,p6_difference_fixed_rk8_n400_dt0.003125_L4,C:\Users\msz\aca\Workspaces\hs_table_data_20260927\out\profiles\p6_difference_fixed_rk8_n400_dt0.003125_L4.npz,a00c5773a9e23624e68010baecc22756d4d6b174fb0760964f8b9ee938cb485e
2.1_expanded,,6,0.5,euler,400,0.003125,16001,S1,model_not_constructed,,,—,,,
2.1_expanded,,6,0.5,euler,400,0.003125,16001,S2,model_not_constructed,,,—,,,
2.1_expanded,,6,0.5,euler,400,0.003125,16001,S3,model_not_constructed,,,—,,,
2.1_expanded,,6,0.5,euler,400,0.003125,16001,S4,model_not_constructed,,,—,,,
2.1_expanded,,6,0.5,euler,400,0.003125,16001,S5,completed,1.2300178176220117e-05,4.296034496265033e-05,1.230e-05 / 4.296e-05,p6_difference_rm_euler_n400_dt0.003125_L4,C:\Users\msz\aca\Workspaces\hs_conserved_mesh_20260925\out\euler_comparison\profiles\p6_difference_rm_euler_n400_dt0.003125_L4.npz,b293391a357e4bc3c5dde003f8f177c7db309b6a9c4ab1be29882e13cadd4f35
2.1_expanded,,6,0.5,euler,400,0.003125,16001,S6,completed,1.5195150011762526e-05,5.094347128042909e-05,1.520e-05 / 5.094e-05,p6_difference_fixed_euler_n400_dt0.003125_L4,C:\Users\msz\aca\Workspaces\hs_conserved_mesh_20260925\out\euler_comparison\profiles\p6_difference_fixed_euler_n400_dt0.003125_L4.npz,37e201631e56ddec1999848df247a91baf7a7eb16494436404ea789bf08a3490
2.1_expanded,,6,0.5,heun,400,0.003125,16001,S1,model_not_constructed,,,—,,,
2.1_expanded,,6,0.5,heun,400,0.003125,16001,S2,model_not_constructed,,,—,,,
2.1_expanded,,6,0.5,heun,400,0.003125,16001,S3,model_not_constructed,,,—,,,
2.1_expanded,,6,0.5,heun,400,0.003125,16001,S4,model_not_constructed,,,—,,,
2.1_expanded,,6,0.5,heun,400,0.003125,16001,S5,completed,1.3835979382141594e-05,5.361626886779547e-05,1.384e-05 / 5.362e-05,p6_difference_rm_heun_n400_dt0.003125_L4,C:\Users\msz\aca\Workspaces\hs_table_data_20260927\out\profiles\p6_difference_rm_heun_n400_dt0.003125_L4.npz,a4ddfd4eac7ef231797d4f123ff358b01180b5836cd34690b1dbfb9203f597db
2.1_expanded,,6,0.5,heun,400,0.003125,16001,S6,completed,2.0958480134156132e-05,6.54619027924408e-05,2.096e-05 / 6.546e-05,p6_difference_fixed_heun_n400_dt0.003125_L4,C:\Users\msz\aca\Workspaces\hs_table_data_20260927\out\profiles\p6_difference_fixed_heun_n400_dt0.003125_L4.npz,0e07181711f534d8114ce976d8943a6f88c0087c68e3d6984c1c056fc56f7ca7
2.1_expanded,,6,0.5,rk4,400,0.003125,16001,S1,model_not_constructed,,,—,,,
2.1_expanded,,6,0.5,rk4,400,0.003125,16001,S2,model_not_constructed,,,—,,,
2.1_expanded,,6,0.5,rk4,400,0.003125,16001,S3,model_not_constructed,,,—,,,
2.1_expanded,,6,0.5,rk4,400,0.003125,16001,S4,model_not_constructed,,,—,,,
2.1_expanded,,6,0.5,rk4,400,0.003125,16001,S5,completed,1.384716332278324e-05,5.362321071611387e-05,1.385e-05 / 5.362e-05,p6_difference_rm_rk4_n400_dt0.003125_L4,C:\Users\msz\aca\Workspaces\hs_conserved_mesh_20260925\out\calibration_parameter_scan\profiles\p6_difference_rm_rk4_n400_dt0.003125_L4.npz,df8b2c8ca03584d1aa3e99fb9e625123ecdbe7ef9a017d86f5ddb7e6ac50301e
2.1_expanded,,6,0.5,rk4,400,0.003125,16001,S6,completed,2.095725214328048e-05,6.547136034662504e-05,2.096e-05 / 6.547e-05,p6_difference_fixed_rk4_n400_dt0.003125_L4,C:\Users\msz\aca\Workspaces\hs_conserved_mesh_20260925\out\calibration_parameter_scan\profiles\p6_difference_fixed_rk4_n400_dt0.003125_L4.npz,24bcfcdf70eec3738c1014b4ecaaa12cc44c68efcc9737ea84c43317558e592f
2.1_expanded,,6,0.5,rk8,400,0.003125,16001,S1,model_not_constructed,,,—,,,
2.1_expanded,,6,0.5,rk8,400,0.003125,16001,S2,model_not_constructed,,,—,,,
2.1_expanded,,6,0.5,rk8,400,0.003125,16001,S3,model_not_constructed,,,—,,,
2.1_expanded,,6,0.5,rk8,400,0.003125,16001,S4,model_not_constructed,,,—,,,
2.1_expanded,,6,0.5,rk8,400,0.003125,16001,S5,completed,1.3847163260270745e-05,5.3623210705899815e-05,1.385e-05 / 5.362e-05,p6_difference_rm_rk8_n400_dt0.003125_L4,C:\Users\msz\aca\Workspaces\hs_table_data_20260927\out\profiles\p6_difference_rm_rk8_n400_dt0.003125_L4.npz,460d3e48acdcb8187b48e09109efbc9e989abd1389b427d2ca5ecebdcbdd0e43
2.1_expanded,,6,0.5,rk8,400,0.003125,16001,S6,completed,2.0957252162556728e-05,6.547136034773526e-05,2.096e-05 / 6.547e-05,p6_difference_fixed_rk8_n400_dt0.003125_L4,C:\Users\msz\aca\Workspaces\hs_table_data_20260927\out\profiles\p6_difference_fixed_rk8_n400_dt0.003125_L4.npz,a00c5773a9e23624e68010baecc22756d4d6b174fb0760964f8b9ee938cb485e
2.2_expanded,,6,0.25,euler,200,0.0125,8001,S1,model_not_constructed,,,—,,,
2.2_expanded,,6,0.25,euler,200,0.0125,8001,S2,model_not_constructed,,,—,,,
2.2_expanded,,6,0.25,euler,200,0.0125,8001,S3,model_not_constructed,,,—,,,
2.2_expanded,,6,0.25,euler,200,0.0125,8001,S4,model_not_constructed,,,—,,,
2.2_expanded,,6,0.25,euler,200,0.0125,8001,S5,completed,4.0867457323720546e-05,0.0001644969520023798,4.087e-05 / 1.645e-04,p6_difference_rm_euler_n200_dt0.0125_L4,C:\Users\msz\aca\Workspaces\hs_table_data_20260927\out\profiles\p6_difference_rm_euler_n200_dt0.0125_L4.npz,afa9a887157462633f452474a3ef5454c66147e7ee6cb1721eefa9b1acd55690
2.2_expanded,,6,0.25,euler,200,0.0125,8001,S6,completed,6.806925760358129e-05,0.00018910889854695245,6.807e-05 / 1.891e-04,p6_difference_fixed_euler_n200_dt0.0125_L4,C:\Users\msz\aca\Workspaces\hs_table_data_20260927\out\profiles\p6_difference_fixed_euler_n200_dt0.0125_L4.npz,98645a1916ac2350cae6ecd636095c37a3952256bd13e95bd67ddc8ff18a7a60
2.2_expanded,,6,0.25,heun,200,0.0125,8001,S1,model_not_constructed,,,—,,,
2.2_expanded,,6,0.25,heun,200,0.0125,8001,S2,model_not_constructed,,,—,,,
2.2_expanded,,6,0.25,heun,200,0.0125,8001,S3,model_not_constructed,,,—,,,
2.2_expanded,,6,0.25,heun,200,0.0125,8001,S4,model_not_constructed,,,—,,,
2.2_expanded,,6,0.25,heun,200,0.0125,8001,S5,completed,4.5647103363410935e-05,0.00018479740757026963,4.565e-05 / 1.848e-04,p6_difference_rm_heun_n200_dt0.0125_L4,C:\Users\msz\aca\Workspaces\hs_table_data_20260927\out\profiles\p6_difference_rm_heun_n200_dt0.0125_L4.npz,3197a60e5dc97f42fcbccf423dd3eb5e1ef1c9831764408209bf9f294697d309
2.2_expanded,,6,0.25,heun,200,0.0125,8001,S6,completed,7.988138983620885e-05,0.00021693860911442542,7.988e-05 / 2.169e-04,p6_difference_fixed_heun_n200_dt0.0125_L4,C:\Users\msz\aca\Workspaces\hs_table_data_20260927\out\profiles\p6_difference_fixed_heun_n200_dt0.0125_L4.npz,255b2f32d33b7a401121e0b9d0a6b4609a8a5db5ab2449f1058940fccba89259
2.2_expanded,,6,0.25,rk4,200,0.0125,8001,S1,model_not_constructed,,,—,,,
2.2_expanded,,6,0.25,rk4,200,0.0125,8001,S2,model_not_constructed,,,—,,,
2.2_expanded,,6,0.25,rk4,200,0.0125,8001,S3,model_not_constructed,,,—,,,
2.2_expanded,,6,0.25,rk4,200,0.0125,8001,S4,model_not_constructed,,,—,,,
2.2_expanded,,6,0.25,rk4,200,0.0125,8001,S5,completed,4.560650488845408e-05,0.00018485025297698687,4.561e-05 / 1.849e-04,p6_difference_rm_rk4_n200_dt0.0125_L4,C:\Users\msz\aca\Workspaces\hs_table_data_20260927\out\profiles\p6_difference_rm_rk4_n200_dt0.0125_L4.npz,84ddc5c5310364baad48fbe7ba8c1c74f9052f8792a70fcd5efc5e9c485a82d0
2.2_expanded,,6,0.25,rk4,200,0.0125,8001,S6,completed,7.98752437561473e-05,0.0002170102393671547,7.988e-05 / 2.170e-04,p6_difference_fixed_rk4_n200_dt0.0125_L4,C:\Users\msz\aca\Workspaces\hs_table_data_20260927\out\profiles\p6_difference_fixed_rk4_n200_dt0.0125_L4.npz,f00435064657ff712cc993539b3cf0548e8b7a795d4840a2879149b397c757ca
2.2_expanded,,6,0.25,rk8,200,0.0125,8001,S1,model_not_constructed,,,—,,,
2.2_expanded,,6,0.25,rk8,200,0.0125,8001,S2,model_not_constructed,,,—,,,
2.2_expanded,,6,0.25,rk8,200,0.0125,8001,S3,model_not_constructed,,,—,,,
2.2_expanded,,6,0.25,rk8,200,0.0125,8001,S4,model_not_constructed,,,—,,,
2.2_expanded,,6,0.25,rk8,200,0.0125,8001,S5,completed,4.560651177115682e-05,0.00018485025202941152,4.561e-05 / 1.849e-04,p6_difference_rm_rk8_n200_dt0.0125_L4,C:\Users\msz\aca\Workspaces\hs_table_data_20260927\out\profiles\p6_difference_rm_rk8_n200_dt0.0125_L4.npz,94dc4363fd578734d37d640ff9b7f8a152dc4946be6b07ee0d71a589fea05e71
2.2_expanded,,6,0.25,rk8,200,0.0125,8001,S6,completed,7.987524528553502e-05,0.00021701023952969134,7.988e-05 / 2.170e-04,p6_difference_fixed_rk8_n200_dt0.0125_L4,C:\Users\msz\aca\Workspaces\hs_table_data_20260927\out\profiles\p6_difference_fixed_rk8_n200_dt0.0125_L4.npz,18b3198c667d99a7724516872ee0f6f8b72be8929603e9b86491e7962af13c59
2.2_expanded,,6,0.5,euler,200,0.0125,8001,S1,model_not_constructed,,,—,,,
2.2_expanded,,6,0.5,euler,200,0.0125,8001,S2,model_not_constructed,,,—,,,
2.2_expanded,,6,0.5,euler,200,0.0125,8001,S3,model_not_constructed,,,—,,,
2.2_expanded,,6,0.5,euler,200,0.0125,8001,S4,model_not_constructed,,,—,,,
2.2_expanded,,6,0.5,euler,200,0.0125,8001,S5,completed,4.937483899983969e-05,0.0001715044315159231,4.937e-05 / 1.715e-04,p6_difference_rm_euler_n200_dt0.0125_L4,C:\Users\msz\aca\Workspaces\hs_table_data_20260927\out\profiles\p6_difference_rm_euler_n200_dt0.0125_L4.npz,afa9a887157462633f452474a3ef5454c66147e7ee6cb1721eefa9b1acd55690
2.2_expanded,,6,0.5,euler,200,0.0125,8001,S6,completed,6.056756374250849e-05,0.00020330860362050007,6.057e-05 / 2.033e-04,p6_difference_fixed_euler_n200_dt0.0125_L4,C:\Users\msz\aca\Workspaces\hs_table_data_20260927\out\profiles\p6_difference_fixed_euler_n200_dt0.0125_L4.npz,98645a1916ac2350cae6ecd636095c37a3952256bd13e95bd67ddc8ff18a7a60
2.2_expanded,,6,0.5,heun,200,0.0125,8001,S1,model_not_constructed,,,—,,,
2.2_expanded,,6,0.5,heun,200,0.0125,8001,S2,model_not_constructed,,,—,,,
2.2_expanded,,6,0.5,heun,200,0.0125,8001,S3,model_not_constructed,,,—,,,
2.2_expanded,,6,0.5,heun,200,0.0125,8001,S4,model_not_constructed,,,—,,,
2.2_expanded,,6,0.5,heun,200,0.0125,8001,S5,completed,5.516277326608407e-05,0.00021417175563909208,5.516e-05 / 2.142e-04,p6_difference_rm_heun_n200_dt0.0125_L4,C:\Users\msz\aca\Workspaces\hs_table_data_20260927\out\profiles\p6_difference_rm_heun_n200_dt0.0125_L4.npz,3197a60e5dc97f42fcbccf423dd3eb5e1ef1c9831764408209bf9f294697d309
2.2_expanded,,6,0.5,heun,200,0.0125,8001,S6,completed,8.37715730007127e-05,0.000261433642249731,8.377e-05 / 2.614e-04,p6_difference_fixed_heun_n200_dt0.0125_L4,C:\Users\msz\aca\Workspaces\hs_table_data_20260927\out\profiles\p6_difference_fixed_heun_n200_dt0.0125_L4.npz,255b2f32d33b7a401121e0b9d0a6b4609a8a5db5ab2449f1058940fccba89259
2.2_expanded,,6,0.5,rk4,200,0.0125,8001,S1,model_not_constructed,,,—,,,
2.2_expanded,,6,0.5,rk4,200,0.0125,8001,S2,model_not_constructed,,,—,,,
2.2_expanded,,6,0.5,rk4,200,0.0125,8001,S3,model_not_constructed,,,—,,,
2.2_expanded,,6,0.5,rk4,200,0.0125,8001,S4,model_not_constructed,,,—,,,
2.2_expanded,,6,0.5,rk4,200,0.0125,8001,S5,completed,5.533224428484751e-05,0.0002142817295428534,5.533e-05 / 2.143e-04,p6_difference_rm_rk4_n200_dt0.0125_L4,C:\Users\msz\aca\Workspaces\hs_table_data_20260927\out\profiles\p6_difference_rm_rk4_n200_dt0.0125_L4.npz,84ddc5c5310364baad48fbe7ba8c1c74f9052f8792a70fcd5efc5e9c485a82d0
2.2_expanded,,6,0.5,rk4,200,0.0125,8001,S6,completed,8.375448615416392e-05,0.0002615820039922889,8.375e-05 / 2.616e-04,p6_difference_fixed_rk4_n200_dt0.0125_L4,C:\Users\msz\aca\Workspaces\hs_table_data_20260927\out\profiles\p6_difference_fixed_rk4_n200_dt0.0125_L4.npz,f00435064657ff712cc993539b3cf0548e8b7a795d4840a2879149b397c757ca
2.2_expanded,,6,0.5,rk8,200,0.0125,8001,S1,model_not_constructed,,,—,,,
2.2_expanded,,6,0.5,rk8,200,0.0125,8001,S2,model_not_constructed,,,—,,,
2.2_expanded,,6,0.5,rk8,200,0.0125,8001,S3,model_not_constructed,,,—,,,
2.2_expanded,,6,0.5,rk8,200,0.0125,8001,S4,model_not_constructed,,,—,,,
2.2_expanded,,6,0.5,rk8,200,0.0125,8001,S5,completed,5.5332228140921036e-05,0.00021428172728166217,5.533e-05 / 2.143e-04,p6_difference_rm_rk8_n200_dt0.0125_L4,C:\Users\msz\aca\Workspaces\hs_table_data_20260927\out\profiles\p6_difference_rm_rk8_n200_dt0.0125_L4.npz,94dc4363fd578734d37d640ff9b7f8a152dc4946be6b07ee0d71a589fea05e71
2.2_expanded,,6,0.5,rk8,200,0.0125,8001,S6,completed,8.375449069335239e-05,0.0002615820042728423,8.375e-05 / 2.616e-04,p6_difference_fixed_rk8_n200_dt0.0125_L4,C:\Users\msz\aca\Workspaces\hs_table_data_20260927\out\profiles\p6_difference_fixed_rk8_n200_dt0.0125_L4.npz,18b3198c667d99a7724516872ee0f6f8b72be8929603e9b86491e7962af13c59
2.1_expanded,,7,0.25,euler,400,0.003125,16001,S1,model_not_constructed,,,—,,,
2.1_expanded,,7,0.25,euler,400,0.003125,16001,S2,model_not_constructed,,,—,,,
2.1_expanded,,7,0.25,euler,400,0.003125,16001,S3,model_not_constructed,,,—,,,
2.1_expanded,,7,0.25,euler,400,0.003125,16001,S4,model_not_constructed,,,—,,,
2.1_expanded,,7,0.25,euler,400,0.003125,16001,S5,completed,1.6374604418393363e-05,6.509960259126757e-05,1.637e-05 / 6.510e-05,p7_difference_rm_euler_n400_dt0.003125_L4,C:\Users\msz\aca\Workspaces\hs_waveform_atlas_20260927\out\profiles\p7_difference_rm_euler_n400_dt0.003125_L4.npz,529ba982f9a576c05fc208953d4570dacd3bdf57b46812e0a3f894a9a9b1241a
2.1_expanded,,7,0.25,euler,400,0.003125,16001,S6,completed,2.3924267235686525e-05,7.401122602446186e-05,2.392e-05 / 7.401e-05,p7_difference_fixed_euler_n400_dt0.003125_L4,C:\Users\msz\aca\Workspaces\hs_waveform_atlas_20260927\out\profiles\p7_difference_fixed_euler_n400_dt0.003125_L4.npz,a8c6b2e41148d518854e58328e4d6b474c6f917d808c7f6eb2efd705eb12bdb3
2.1_expanded,,7,0.25,heun,400,0.003125,16001,S1,model_not_constructed,,,—,,,
2.1_expanded,,7,0.25,heun,400,0.003125,16001,S2,model_not_constructed,,,—,,,
2.1_expanded,,7,0.25,heun,400,0.003125,16001,S3,model_not_constructed,,,—,,,
2.1_expanded,,7,0.25,heun,400,0.003125,16001,S4,model_not_constructed,,,—,,,
2.1_expanded,,7,0.25,heun,400,0.003125,16001,S5,completed,1.464891768987106e-05,7.097845970882588e-05,1.465e-05 / 7.098e-05,p7_difference_rm_heun_n400_dt0.003125_L4,C:\Users\msz\aca\Workspaces\hs_table_data_20260927\out\profiles\p7_difference_rm_heun_n400_dt0.003125_L4.npz,26af83631fbe0d556d35d828deec786e1f67f4d8166a4037fb530115259dfb4f
2.1_expanded,,7,0.25,heun,400,0.003125,16001,S6,completed,2.694815617931834e-05,8.26159888546174e-05,2.695e-05 / 8.262e-05,p7_difference_fixed_heun_n400_dt0.003125_L4,C:\Users\msz\aca\Workspaces\hs_table_data_20260927\out\profiles\p7_difference_fixed_heun_n400_dt0.003125_L4.npz,41a06fe8e250545d34d6926d8bd2cb4e013508ead278733bfa9c021ca72ae680
2.1_expanded,,7,0.25,rk4,400,0.003125,16001,S1,model_not_constructed,,,—,,,
2.1_expanded,,7,0.25,rk4,400,0.003125,16001,S2,model_not_constructed,,,—,,,
2.1_expanded,,7,0.25,rk4,400,0.003125,16001,S3,model_not_constructed,,,—,,,
2.1_expanded,,7,0.25,rk4,400,0.003125,16001,S4,model_not_constructed,,,—,,,
2.1_expanded,,7,0.25,rk4,400,0.003125,16001,S5,completed,1.4657712654631005e-05,7.098380018555339e-05,1.466e-05 / 7.098e-05,p7_difference_rm_rk4_n400_dt0.003125_L4,C:\Users\msz\aca\Workspaces\hs_table_data_20260927\out\profiles\p7_difference_rm_rk4_n400_dt0.003125_L4.npz,ef29c57660d8ee290a1381fde77b8000786f4216a504a50da9d2f20bfe983a98
2.1_expanded,,7,0.25,rk4,400,0.003125,16001,S6,completed,2.6947645451191882e-05,8.262018607607668e-05,2.695e-05 / 8.262e-05,p7_difference_fixed_rk4_n400_dt0.003125_L4,C:\Users\msz\aca\Workspaces\hs_table_data_20260927\out\profiles\p7_difference_fixed_rk4_n400_dt0.003125_L4.npz,568707eab9aa617cfc8df31ca88f7878d7e58957c769888540092a301fe7ebfc
2.1_expanded,,7,0.25,rk8,400,0.003125,16001,S1,model_not_constructed,,,—,,,
2.1_expanded,,7,0.25,rk8,400,0.003125,16001,S2,model_not_constructed,,,—,,,
2.1_expanded,,7,0.25,rk8,400,0.003125,16001,S3,model_not_constructed,,,—,,,
2.1_expanded,,7,0.25,rk8,400,0.003125,16001,S4,model_not_constructed,,,—,,,
2.1_expanded,,7,0.25,rk8,400,0.003125,16001,S5,completed,1.4657712616678725e-05,7.098380017211969e-05,1.466e-05 / 7.098e-05,p7_difference_rm_rk8_n400_dt0.003125_L4,C:\Users\msz\aca\Workspaces\hs_table_data_20260927\out\profiles\p7_difference_rm_rk8_n400_dt0.003125_L4.npz,3890749649aa717da14915330ffb7fab01768011aa08865939433dea5b4eff62
2.1_expanded,,7,0.25,rk8,400,0.003125,16001,S6,completed,2.6947645458519354e-05,8.262018607574362e-05,2.695e-05 / 8.262e-05,p7_difference_fixed_rk8_n400_dt0.003125_L4,C:\Users\msz\aca\Workspaces\hs_table_data_20260927\out\profiles\p7_difference_fixed_rk8_n400_dt0.003125_L4.npz,46a68b3baf839664e0baeb8ac6c207a3b8f7e60f1050301f680f90ef1cf2e771
2.1_expanded,,7,0.5,euler,400,0.003125,16001,S1,model_not_constructed,,,—,,,
2.1_expanded,,7,0.5,euler,400,0.003125,16001,S2,model_not_constructed,,,—,,,
2.1_expanded,,7,0.5,euler,400,0.003125,16001,S3,model_not_constructed,,,—,,,
2.1_expanded,,7,0.5,euler,400,0.003125,16001,S4,model_not_constructed,,,—,,,
2.1_expanded,,7,0.5,euler,400,0.003125,16001,S5,completed,2.1561746031330264e-05,7.097375507947312e-05,2.156e-05 / 7.097e-05,p7_difference_rm_euler_n400_dt0.003125_L4,C:\Users\msz\aca\Workspaces\hs_waveform_atlas_20260927\out\profiles\p7_difference_rm_euler_n400_dt0.003125_L4.npz,529ba982f9a576c05fc208953d4570dacd3bdf57b46812e0a3f894a9a9b1241a
2.1_expanded,,7,0.5,euler,400,0.003125,16001,S6,completed,2.3457821554634384e-05,7.827935154758325e-05,2.346e-05 / 7.828e-05,p7_difference_fixed_euler_n400_dt0.003125_L4,C:\Users\msz\aca\Workspaces\hs_waveform_atlas_20260927\out\profiles\p7_difference_fixed_euler_n400_dt0.003125_L4.npz,a8c6b2e41148d518854e58328e4d6b474c6f917d808c7f6eb2efd705eb12bdb3
2.1_expanded,,7,0.5,heun,400,0.003125,16001,S1,model_not_constructed,,,—,,,
2.1_expanded,,7,0.5,heun,400,0.003125,16001,S2,model_not_constructed,,,—,,,
2.1_expanded,,7,0.5,heun,400,0.003125,16001,S3,model_not_constructed,,,—,,,
2.1_expanded,,7,0.5,heun,400,0.003125,16001,S4,model_not_constructed,,,—,,,
2.1_expanded,,7,0.5,heun,400,0.003125,16001,S5,completed,2.0990789388546094e-05,8.368992189189406e-05,2.099e-05 / 8.369e-05,p7_difference_rm_heun_n400_dt0.003125_L4,C:\Users\msz\aca\Workspaces\hs_table_data_20260927\out\profiles\p7_difference_rm_heun_n400_dt0.003125_L4.npz,26af83631fbe0d556d35d828deec786e1f67f4d8166a4037fb530115259dfb4f
2.1_expanded,,7,0.5,heun,400,0.003125,16001,S6,completed,2.936741230163964e-05,9.599740355981101e-05,2.937e-05 / 9.600e-05,p7_difference_fixed_heun_n400_dt0.003125_L4,C:\Users\msz\aca\Workspaces\hs_table_data_20260927\out\profiles\p7_difference_fixed_heun_n400_dt0.003125_L4.npz,41a06fe8e250545d34d6926d8bd2cb4e013508ead278733bfa9c021ca72ae680
2.1_expanded,,7,0.5,rk4,400,0.003125,16001,S1,model_not_constructed,,,—,,,
2.1_expanded,,7,0.5,rk4,400,0.003125,16001,S2,model_not_constructed,,,—,,,
2.1_expanded,,7,0.5,rk4,400,0.003125,16001,S3,model_not_constructed,,,—,,,
2.1_expanded,,7,0.5,rk4,400,0.003125,16001,S4,model_not_constructed,,,—,,,
2.1_expanded,,7,0.5,rk4,400,0.003125,16001,S5,completed,2.1023004188189948e-05,8.370120624334731e-05,2.102e-05 / 8.370e-05,p7_difference_rm_rk4_n400_dt0.003125_L4,C:\Users\msz\aca\Workspaces\hs_table_data_20260927\out\profiles\p7_difference_rm_rk4_n400_dt0.003125_L4.npz,ef29c57660d8ee290a1381fde77b8000786f4216a504a50da9d2f20bfe983a98
2.1_expanded,,7,0.5,rk4,400,0.003125,16001,S6,completed,2.9366238932626576e-05,9.600647983498689e-05,2.937e-05 / 9.601e-05,p7_difference_fixed_rk4_n400_dt0.003125_L4,C:\Users\msz\aca\Workspaces\hs_table_data_20260927\out\profiles\p7_difference_fixed_rk4_n400_dt0.003125_L4.npz,568707eab9aa617cfc8df31ca88f7878d7e58957c769888540092a301fe7ebfc
2.1_expanded,,7,0.5,rk8,400,0.003125,16001,S1,model_not_constructed,,,—,,,
2.1_expanded,,7,0.5,rk8,400,0.003125,16001,S2,model_not_constructed,,,—,,,
2.1_expanded,,7,0.5,rk8,400,0.003125,16001,S3,model_not_constructed,,,—,,,
2.1_expanded,,7,0.5,rk8,400,0.003125,16001,S4,model_not_constructed,,,—,,,
2.1_expanded,,7,0.5,rk8,400,0.003125,16001,S5,completed,2.1023003901846082e-05,8.3701206211928e-05,2.102e-05 / 8.370e-05,p7_difference_rm_rk8_n400_dt0.003125_L4,C:\Users\msz\aca\Workspaces\hs_table_data_20260927\out\profiles\p7_difference_rm_rk8_n400_dt0.003125_L4.npz,3890749649aa717da14915330ffb7fab01768011aa08865939433dea5b4eff62
2.1_expanded,,7,0.5,rk8,400,0.003125,16001,S6,completed,2.9366238952388546e-05,9.600647983387667e-05,2.937e-05 / 9.601e-05,p7_difference_fixed_rk8_n400_dt0.003125_L4,C:\Users\msz\aca\Workspaces\hs_table_data_20260927\out\profiles\p7_difference_fixed_rk8_n400_dt0.003125_L4.npz,46a68b3baf839664e0baeb8ac6c207a3b8f7e60f1050301f680f90ef1cf2e771
2.2_expanded,,7,0.25,euler,200,0.0125,8001,S1,model_not_constructed,,,—,,,
2.2_expanded,,7,0.25,euler,200,0.0125,8001,S2,model_not_constructed,,,—,,,
2.2_expanded,,7,0.25,euler,200,0.0125,8001,S3,model_not_constructed,,,—,,,
2.2_expanded,,7,0.25,euler,200,0.0125,8001,S4,model_not_constructed,,,—,,,
2.2_expanded,,7,0.25,euler,200,0.0125,8001,S5,completed,6.53387961662942e-05,0.0002595349615883702,6.534e-05 / 2.595e-04,p7_difference_rm_euler_n200_dt0.0125_L4,C:\Users\msz\aca\Workspaces\hs_table_data_20260927\out\profiles\p7_difference_rm_euler_n200_dt0.0125_L4.npz,1b49fa084a2d25e4160b19f338b4992f45002c31cccf6b77f0734fe5211712b5
2.2_expanded,,7,0.25,euler,200,0.0125,8001,S6,completed,9.54692507543764e-05,0.0002943759319667949,9.547e-05 / 2.944e-04,p7_difference_fixed_euler_n200_dt0.0125_L4,C:\Users\msz\aca\Workspaces\hs_table_data_20260927\out\profiles\p7_difference_fixed_euler_n200_dt0.0125_L4.npz,5d2a412639d188d677281917738fd925beeaac06ad7cbfca762156051a8e9d71
2.2_expanded,,7,0.25,heun,200,0.0125,8001,S1,model_not_constructed,,,—,,,
2.2_expanded,,7,0.25,heun,200,0.0125,8001,S2,model_not_constructed,,,—,,,
2.2_expanded,,7,0.25,heun,200,0.0125,8001,S3,model_not_constructed,,,—,,,
2.2_expanded,,7,0.25,heun,200,0.0125,8001,S4,model_not_constructed,,,—,,,
2.2_expanded,,7,0.25,heun,200,0.0125,8001,S5,completed,5.852761531708467e-05,0.000282807109946992,5.853e-05 / 2.828e-04,p7_difference_rm_heun_n200_dt0.0125_L4,C:\Users\msz\aca\Workspaces\hs_table_data_20260927\out\profiles\p7_difference_rm_heun_n200_dt0.0125_L4.npz,ab02574c945f8b76599a3866ecd8b75fcc63694ba4f639b6e83e2f6993cc53dc
2.2_expanded,,7,0.25,heun,200,0.0125,8001,S6,completed,0.00010764759326400974,0.00032858847459249496,1.076e-04 / 3.286e-04,p7_difference_fixed_heun_n200_dt0.0125_L4,C:\Users\msz\aca\Workspaces\hs_table_data_20260927\out\profiles\p7_difference_fixed_heun_n200_dt0.0125_L4.npz,c74e712518e0b56789a6920041d825b9972bcee849533d9e77347e6a0ca32f3d
2.2_expanded,,7,0.25,rk4,200,0.0125,8001,S1,model_not_constructed,,,—,,,
2.2_expanded,,7,0.25,rk4,200,0.0125,8001,S2,model_not_constructed,,,—,,,
2.2_expanded,,7,0.25,rk4,200,0.0125,8001,S3,model_not_constructed,,,—,,,
2.2_expanded,,7,0.25,rk4,200,0.0125,8001,S4,model_not_constructed,,,—,,,
2.2_expanded,,7,0.25,rk4,200,0.0125,8001,S5,completed,5.86537987753398e-05,0.00028288948828036897,5.865e-05 / 2.829e-04,p7_difference_rm_rk4_n200_dt0.0125_L4,C:\Users\msz\aca\Workspaces\hs_table_data_20260927\out\profiles\p7_difference_rm_rk4_n200_dt0.0125_L4.npz,0dfdb11ef952526859ba0962a0d94c7f66054f151fd50872da06c4911a0127cf
2.2_expanded,,7,0.25,rk4,200,0.0125,8001,S6,completed,0.00010763974945454668,0.00032865266878179256,1.076e-04 / 3.287e-04,p7_difference_fixed_rk4_n200_dt0.0125_L4,C:\Users\msz\aca\Workspaces\hs_table_data_20260927\out\profiles\p7_difference_fixed_rk4_n200_dt0.0125_L4.npz,714ff5a5917abece09dd97ba8e85a858348c710cc73fdbeb33f8faa46e5ef964
2.2_expanded,,7,0.25,rk8,200,0.0125,8001,S1,model_not_constructed,,,—,,,
2.2_expanded,,7,0.25,rk8,200,0.0125,8001,S2,model_not_constructed,,,—,,,
2.2_expanded,,7,0.25,rk8,200,0.0125,8001,S3,model_not_constructed,,,—,,,
2.2_expanded,,7,0.25,rk8,200,0.0125,8001,S4,model_not_constructed,,,—,,,
2.2_expanded,,7,0.25,rk8,200,0.0125,8001,S5,completed,5.86537863907291e-05,0.0002828894853913466,5.865e-05 / 2.829e-04,p7_difference_rm_rk8_n200_dt0.0125_L4,C:\Users\msz\aca\Workspaces\hs_table_data_20260927\out\profiles\p7_difference_rm_rk8_n200_dt0.0125_L4.npz,a12fea018c77a04450ebd73d39ed26000e3c2aafffc1eddc28c0f771c5116867
2.2_expanded,,7,0.25,rk8,200,0.0125,8001,S6,completed,0.0001076397514281624,0.0003286526686301361,1.076e-04 / 3.287e-04,p7_difference_fixed_rk8_n200_dt0.0125_L4,C:\Users\msz\aca\Workspaces\hs_table_data_20260927\out\profiles\p7_difference_fixed_rk8_n200_dt0.0125_L4.npz,10c05df21c32cc77d7b9f524e8b28ea0d8f90b61530c9d8efc1ff1a326cbf2b4
2.2_expanded,,7,0.5,euler,200,0.0125,8001,S1,model_not_constructed,,,—,,,
2.2_expanded,,7,0.5,euler,200,0.0125,8001,S2,model_not_constructed,,,—,,,
2.2_expanded,,7,0.5,euler,200,0.0125,8001,S3,model_not_constructed,,,—,,,
2.2_expanded,,7,0.5,euler,200,0.0125,8001,S4,model_not_constructed,,,—,,,
2.2_expanded,,7,0.5,euler,200,0.0125,8001,S5,completed,8.691891599985069e-05,0.0002826870150607341,8.692e-05 / 2.827e-04,p7_difference_rm_euler_n200_dt0.0125_L4,C:\Users\msz\aca\Workspaces\hs_table_data_20260927\out\profiles\p7_difference_rm_euler_n200_dt0.0125_L4.npz,1b49fa084a2d25e4160b19f338b4992f45002c31cccf6b77f0734fe5211712b5
2.2_expanded,,7,0.5,euler,200,0.0125,8001,S6,completed,9.356023946929803e-05,0.0003114714481390335,9.356e-05 / 3.115e-04,p7_difference_fixed_euler_n200_dt0.0125_L4,C:\Users\msz\aca\Workspaces\hs_table_data_20260927\out\profiles\p7_difference_fixed_euler_n200_dt0.0125_L4.npz,5d2a412639d188d677281917738fd925beeaac06ad7cbfca762156051a8e9d71
2.2_expanded,,7,0.5,heun,200,0.0125,8001,S1,model_not_constructed,,,—,,,
2.2_expanded,,7,0.5,heun,200,0.0125,8001,S2,model_not_constructed,,,—,,,
2.2_expanded,,7,0.5,heun,200,0.0125,8001,S3,model_not_constructed,,,—,,,
2.2_expanded,,7,0.5,heun,200,0.0125,8001,S4,model_not_constructed,,,—,,,
2.2_expanded,,7,0.5,heun,200,0.0125,8001,S5,completed,8.356323453603126e-05,0.00033356567773934476,8.356e-05 / 3.336e-04,p7_difference_rm_heun_n200_dt0.0125_L4,C:\Users\msz\aca\Workspaces\hs_table_data_20260927\out\profiles\p7_difference_rm_heun_n200_dt0.0125_L4.npz,ab02574c945f8b76599a3866ecd8b75fcc63694ba4f639b6e83e2f6993cc53dc
2.2_expanded,,7,0.5,heun,200,0.0125,8001,S6,completed,0.0001172416279431876,0.00038225512119727245,1.172e-04 / 3.823e-04,p7_difference_fixed_heun_n200_dt0.0125_L4,C:\Users\msz\aca\Workspaces\hs_table_data_20260927\out\profiles\p7_difference_fixed_heun_n200_dt0.0125_L4.npz,c74e712518e0b56789a6920041d825b9972bcee849533d9e77347e6a0ca32f3d
2.2_expanded,,7,0.5,rk4,200,0.0125,8001,S1,model_not_constructed,,,—,,,
2.2_expanded,,7,0.5,rk4,200,0.0125,8001,S2,model_not_constructed,,,—,,,
2.2_expanded,,7,0.5,rk4,200,0.0125,8001,S3,model_not_constructed,,,—,,,
2.2_expanded,,7,0.5,rk4,200,0.0125,8001,S4,model_not_constructed,,,—,,,
2.2_expanded,,7,0.5,rk4,200,0.0125,8001,S5,completed,8.405337258263201e-05,0.00033374579897127443,8.405e-05 / 3.337e-04,p7_difference_rm_rk4_n200_dt0.0125_L4,C:\Users\msz\aca\Workspaces\hs_table_data_20260927\out\profiles\p7_difference_rm_rk4_n200_dt0.0125_L4.npz,0dfdb11ef952526859ba0962a0d94c7f66054f151fd50872da06c4911a0127cf
2.2_expanded,,7,0.5,rk4,200,0.0125,8001,S6,completed,0.0001172230122288842,0.00038239517389948574,1.172e-04 / 3.824e-04,p7_difference_fixed_rk4_n200_dt0.0125_L4,C:\Users\msz\aca\Workspaces\hs_table_data_20260927\out\profiles\p7_difference_fixed_rk4_n200_dt0.0125_L4.npz,714ff5a5917abece09dd97ba8e85a858348c710cc73fdbeb33f8faa46e5ef964
2.2_expanded,,7,0.5,rk8,200,0.0125,8001,S1,model_not_constructed,,,—,,,
2.2_expanded,,7,0.5,rk8,200,0.0125,8001,S2,model_not_constructed,,,—,,,
2.2_expanded,,7,0.5,rk8,200,0.0125,8001,S3,model_not_constructed,,,—,,,
2.2_expanded,,7,0.5,rk8,200,0.0125,8001,S4,model_not_constructed,,,—,,,
2.2_expanded,,7,0.5,rk8,200,0.0125,8001,S5,completed,8.405331075644548e-05,0.0003337457913009656,8.405e-05 / 3.337e-04,p7_difference_rm_rk8_n200_dt0.0125_L4,C:\Users\msz\aca\Workspaces\hs_table_data_20260927\out\profiles\p7_difference_rm_rk8_n200_dt0.0125_L4.npz,a12fea018c77a04450ebd73d39ed26000e3c2aafffc1eddc28c0f771c5116867
2.2_expanded,,7,0.5,rk8,200,0.0125,8001,S6,completed,0.00011722301752428721,0.0003823951736293685,1.172e-04 / 3.824e-04,p7_difference_fixed_rk8_n200_dt0.0125_L4,C:\Users\msz\aca\Workspaces\hs_table_data_20260927\out\profiles\p7_difference_fixed_rk8_n200_dt0.0125_L4.npz,10c05df21c32cc77d7b9f524e8b28ea0d8f90b61530c9d8efc1ff1a326cbf2b4
2.1_expanded,,8,0.25,euler,400,0.003125,16001,S1,model_not_constructed,,,—,,,
2.1_expanded,,8,0.25,euler,400,0.003125,16001,S2,model_not_constructed,,,—,,,
2.1_expanded,,8,0.25,euler,400,0.003125,16001,S3,model_not_constructed,,,—,,,
2.1_expanded,,8,0.25,euler,400,0.003125,16001,S4,model_not_constructed,,,—,,,
2.1_expanded,,8,0.25,euler,400,0.003125,16001,S5,completed,2.2573466738777526e-05,9.284385738439482e-05,2.257e-05 / 9.284e-05,p8_difference_rm_euler_n400_dt0.003125_L4,C:\Users\msz\aca\Workspaces\hs_error_theory_20260926\out_v2\profiles\p8_difference_rm_euler_n400_dt0.003125_L4.npz,91fb124b9bc0d2b13fa65623c15c91646eb359e1b39c250e3a3668988ca69ea8
2.1_expanded,,8,0.25,euler,400,0.003125,16001,S6,completed,3.061207867305349e-05,0.0001107492261649412,3.061e-05 / 1.107e-04,p8_difference_fixed_euler_n400_dt0.003125_L4,C:\Users\msz\aca\Workspaces\hs_error_theory_20260926\out_v2\profiles\p8_difference_fixed_euler_n400_dt0.003125_L4.npz,2ebd88cb8dc1447832a287d7f69410b2debd90202ee9fe1b37af63f0ceed500d
2.1_expanded,,8,0.25,heun,400,0.003125,16001,S1,model_not_constructed,,,—,,,
2.1_expanded,,8,0.25,heun,400,0.003125,16001,S2,model_not_constructed,,,—,,,
2.1_expanded,,8,0.25,heun,400,0.003125,16001,S3,model_not_constructed,,,—,,,
2.1_expanded,,8,0.25,heun,400,0.003125,16001,S4,model_not_constructed,,,—,,,
2.1_expanded,,8,0.25,heun,400,0.003125,16001,S5,completed,1.8931594088739817e-05,9.933863067246307e-05,1.893e-05 / 9.934e-05,p8_difference_rm_heun_n400_dt0.003125_L4,C:\Users\msz\aca\Workspaces\hs_table_data_20260927\out\profiles\p8_difference_rm_heun_n400_dt0.003125_L4.npz,1c2874fe99cb8c584633c7489a2e828d44b8d9ae647e245d6307db70b7413606
2.1_expanded,,8,0.25,heun,400,0.003125,16001,S6,completed,3.355278019531727e-05,0.00012060894778487263,3.355e-05 / 1.206e-04,p8_difference_fixed_heun_n400_dt0.003125_L4,C:\Users\msz\aca\Workspaces\hs_table_data_20260927\out\profiles\p8_difference_fixed_heun_n400_dt0.003125_L4.npz,871058dd6fcd1a2dbdba078bbb8dd23da051af58789a1e0f6bfc4ce11066767e
2.1_expanded,,8,0.25,rk4,400,0.003125,16001,S1,model_not_constructed,,,—,,,
2.1_expanded,,8,0.25,rk4,400,0.003125,16001,S2,model_not_constructed,,,—,,,
2.1_expanded,,8,0.25,rk4,400,0.003125,16001,S3,model_not_constructed,,,—,,,
2.1_expanded,,8,0.25,rk4,400,0.003125,16001,S4,model_not_constructed,,,—,,,
2.1_expanded,,8,0.25,rk4,400,0.003125,16001,S5,completed,1.8958080168333252e-05,9.93465641323521e-05,1.896e-05 / 9.935e-05,p8_difference_rm_rk4_n400_dt0.003125_L4,C:\Users\msz\aca\Workspaces\hs_error_theory_20260926\out_v2\profiles\p8_difference_rm_rk4_n400_dt0.003125_L4.npz,03857d6945b4fa15b0f01c65b92638cc6424409ff177c870ac30cf068a242f82
2.1_expanded,,8,0.25,rk4,400,0.003125,16001,S6,completed,3.3552273639742e-05,0.00012061440908517351,3.355e-05 / 1.206e-04,p8_difference_fixed_rk4_n400_dt0.003125_L4,C:\Users\msz\aca\Workspaces\hs_error_theory_20260926\out_v2\profiles\p8_difference_fixed_rk4_n400_dt0.003125_L4.npz,0c8336847649b152b5d3b34fc01c678c302f52ca41c885af242867f43d2adfb9
2.1_expanded,,8,0.25,rk8,400,0.003125,16001,S1,model_not_constructed,,,—,,,
2.1_expanded,,8,0.25,rk8,400,0.003125,16001,S2,model_not_constructed,,,—,,,
2.1_expanded,,8,0.25,rk8,400,0.003125,16001,S3,model_not_constructed,,,—,,,
2.1_expanded,,8,0.25,rk8,400,0.003125,16001,S4,model_not_constructed,,,—,,,
2.1_expanded,,8,0.25,rk8,400,0.003125,16001,S5,completed,1.8958079867117603e-05,9.934656410437448e-05,1.896e-05 / 9.935e-05,p8_difference_rm_rk8_n400_dt0.003125_L4,C:\Users\msz\aca\Workspaces\hs_table_data_20260927\out\profiles\p8_difference_rm_rk8_n400_dt0.003125_L4.npz,9d04ea6bd1509ebafc9c163e41a82e41fec1e6e96602df429df5dffa3563adf1
2.1_expanded,,8,0.25,rk8,400,0.003125,16001,S6,completed,3.3552273648512765e-05,0.00012061440908484045,3.355e-05 / 1.206e-04,p8_difference_fixed_rk8_n400_dt0.003125_L4,C:\Users\msz\aca\Workspaces\hs_table_data_20260927\out\profiles\p8_difference_fixed_rk8_n400_dt0.003125_L4.npz,3463f9a7734697d53ab473ca8fef3d25a7efd5aa575f034a41902a7cf204c0fb
2.1_expanded,,8,0.5,euler,400,0.003125,16001,S1,model_not_constructed,,,—,,,
2.1_expanded,,8,0.5,euler,400,0.003125,16001,S2,model_not_constructed,,,—,,,
2.1_expanded,,8,0.5,euler,400,0.003125,16001,S3,model_not_constructed,,,—,,,
2.1_expanded,,8,0.5,euler,400,0.003125,16001,S4,model_not_constructed,,,—,,,
2.1_expanded,,8,0.5,euler,400,0.003125,16001,S5,completed,3.223477611330808e-05,0.00010422552640454441,3.223e-05 / 1.042e-04,p8_difference_rm_euler_n400_dt0.003125_L4,C:\Users\msz\aca\Workspaces\hs_error_theory_20260926\out_v2\profiles\p8_difference_rm_euler_n400_dt0.003125_L4.npz,91fb124b9bc0d2b13fa65623c15c91646eb359e1b39c250e3a3668988ca69ea8
2.1_expanded,,8,0.5,euler,400,0.003125,16001,S6,completed,3.224284073075068e-05,0.00012115075837670908,3.224e-05 / 1.212e-04,p8_difference_fixed_euler_n400_dt0.003125_L4,C:\Users\msz\aca\Workspaces\hs_error_theory_20260926\out_v2\profiles\p8_difference_fixed_euler_n400_dt0.003125_L4.npz,2ebd88cb8dc1447832a287d7f69410b2debd90202ee9fe1b37af63f0ceed500d
2.1_expanded,,8,0.5,heun,400,0.003125,16001,S1,model_not_constructed,,,—,,,
2.1_expanded,,8,0.5,heun,400,0.003125,16001,S2,model_not_constructed,,,—,,,
2.1_expanded,,8,0.5,heun,400,0.003125,16001,S3,model_not_constructed,,,—,,,
2.1_expanded,,8,0.5,heun,400,0.003125,16001,S4,model_not_constructed,,,—,,,
2.1_expanded,,8,0.5,heun,400,0.003125,16001,S5,completed,2.9221959487717858e-05,0.00011859966600036298,2.922e-05 / 1.186e-04,p8_difference_rm_heun_n400_dt0.003125_L4,C:\Users\msz\aca\Workspaces\hs_table_data_20260927\out\profiles\p8_difference_rm_heun_n400_dt0.003125_L4.npz,1c2874fe99cb8c584633c7489a2e828d44b8d9ae647e245d6307db70b7413606
2.1_expanded,,8,0.5,heun,400,0.003125,16001,S6,completed,3.797324549942305e-05,0.0001416956075632747,3.797e-05 / 1.417e-04,p8_difference_fixed_heun_n400_dt0.003125_L4,C:\Users\msz\aca\Workspaces\hs_table_data_20260927\out\profiles\p8_difference_fixed_heun_n400_dt0.003125_L4.npz,871058dd6fcd1a2dbdba078bbb8dd23da051af58789a1e0f6bfc4ce11066767e
2.1_expanded,,8,0.5,rk4,400,0.003125,16001,S1,model_not_constructed,,,—,,,
2.1_expanded,,8,0.5,rk4,400,0.003125,16001,S2,model_not_constructed,,,—,,,
2.1_expanded,,8,0.5,rk4,400,0.003125,16001,S3,model_not_constructed,,,—,,,
2.1_expanded,,8,0.5,rk4,400,0.003125,16001,S4,model_not_constructed,,,—,,,
2.1_expanded,,8,0.5,rk4,400,0.003125,16001,S5,completed,2.9277984930260043e-05,0.00011861584082373255,2.928e-05 / 1.186e-04,p8_difference_rm_rk4_n400_dt0.003125_L4,C:\Users\msz\aca\Workspaces\hs_error_theory_20260926\out_v2\profiles\p8_difference_rm_rk4_n400_dt0.003125_L4.npz,03857d6945b4fa15b0f01c65b92638cc6424409ff177c870ac30cf068a242f82
2.1_expanded,,8,0.5,rk4,400,0.003125,16001,S6,completed,3.797218281714754e-05,0.00014170704873261997,3.797e-05 / 1.417e-04,p8_difference_fixed_rk4_n400_dt0.003125_L4,C:\Users\msz\aca\Workspaces\hs_error_theory_20260926\out_v2\profiles\p8_difference_fixed_rk4_n400_dt0.003125_L4.npz,0c8336847649b152b5d3b34fc01c678c302f52ca41c885af242867f43d2adfb9
2.1_expanded,,8,0.5,rk8,400,0.003125,16001,S1,model_not_constructed,,,—,,,
2.1_expanded,,8,0.5,rk8,400,0.003125,16001,S2,model_not_constructed,,,—,,,
2.1_expanded,,8,0.5,rk8,400,0.003125,16001,S3,model_not_constructed,,,—,,,
2.1_expanded,,8,0.5,rk8,400,0.003125,16001,S4,model_not_constructed,,,—,,,
2.1_expanded,,8,0.5,rk8,400,0.003125,16001,S5,completed,2.9277984472098756e-05,0.00011861584076655607,2.928e-05 / 1.186e-04,p8_difference_rm_rk8_n400_dt0.003125_L4,C:\Users\msz\aca\Workspaces\hs_table_data_20260927\out\profiles\p8_difference_rm_rk8_n400_dt0.003125_L4.npz,9d04ea6bd1509ebafc9c163e41a82e41fec1e6e96602df429df5dffa3563adf1
2.1_expanded,,8,0.5,rk8,400,0.003125,16001,S6,completed,3.797218283757564e-05,0.00014170704873239792,3.797e-05 / 1.417e-04,p8_difference_fixed_rk8_n400_dt0.003125_L4,C:\Users\msz\aca\Workspaces\hs_table_data_20260927\out\profiles\p8_difference_fixed_rk8_n400_dt0.003125_L4.npz,3463f9a7734697d53ab473ca8fef3d25a7efd5aa575f034a41902a7cf204c0fb
2.2_expanded,,8,0.25,euler,200,0.0125,8001,S1,model_not_constructed,,,—,,,
2.2_expanded,,8,0.25,euler,200,0.0125,8001,S2,model_not_constructed,,,—,,,
2.2_expanded,,8,0.25,euler,200,0.0125,8001,S3,model_not_constructed,,,—,,,
2.2_expanded,,8,0.25,euler,200,0.0125,8001,S4,model_not_constructed,,,—,,,
2.2_expanded,,8,0.25,euler,200,0.0125,8001,S5,completed,9.00864181902078e-05,0.00036975026676877576,9.009e-05 / 3.698e-04,p8_difference_rm_euler_n200_dt0.0125_L4,C:\Users\msz\aca\Workspaces\hs_table_data_20260927\out\profiles\p8_difference_rm_euler_n200_dt0.0125_L4.npz,4f18c4d276634173c318d4f87a869c2ab2cb83d393123616c8cfd849eb5d76d9
2.2_expanded,,8,0.25,euler,200,0.0125,8001,S6,completed,0.0001220505394198268,0.00044213491058764376,1.221e-04 / 4.421e-04,p8_difference_fixed_euler_n200_dt0.0125_L4,C:\Users\msz\aca\Workspaces\hs_table_data_20260927\out\profiles\p8_difference_fixed_euler_n200_dt0.0125_L4.npz,3f143ce2dc931c6c6a78197c32dcec491d9b9c414dafc6f42e343066f5ae2b8e
2.2_expanded,,8,0.25,heun,200,0.0125,8001,S1,model_not_constructed,,,—,,,
2.2_expanded,,8,0.25,heun,200,0.0125,8001,S2,model_not_constructed,,,—,,,
2.2_expanded,,8,0.25,heun,200,0.0125,8001,S3,model_not_constructed,,,—,,,
2.2_expanded,,8,0.25,heun,200,0.0125,8001,S4,model_not_constructed,,,—,,,
2.2_expanded,,8,0.25,heun,200,0.0125,8001,S5,completed,7.516448975432126e-05,0.0003957153983419337,7.516e-05 / 3.957e-04,p8_difference_rm_heun_n200_dt0.0125_L4,C:\Users\msz\aca\Workspaces\hs_table_data_20260927\out\profiles\p8_difference_rm_heun_n200_dt0.0125_L4.npz,48484df4e73a8894135e44675f33ac43414047ba7747a56ee5f53e5f15599e52
2.2_expanded,,8,0.25,heun,200,0.0125,8001,S6,completed,0.00013398204654366253,0.0004814901840983765,1.340e-04 / 4.815e-04,p8_difference_fixed_heun_n200_dt0.0125_L4,C:\Users\msz\aca\Workspaces\hs_table_data_20260927\out\profiles\p8_difference_fixed_heun_n200_dt0.0125_L4.npz,87ffb510aa7927a57f2cdb87eea186a609440cc640c26cd3d4920728369c84fe
2.2_expanded,,8,0.25,rk4,200,0.0125,8001,S1,model_not_constructed,,,—,,,
2.2_expanded,,8,0.25,rk4,200,0.0125,8001,S2,model_not_constructed,,,—,,,
2.2_expanded,,8,0.25,rk4,200,0.0125,8001,S3,model_not_constructed,,,—,,,
2.2_expanded,,8,0.25,rk4,200,0.0125,8001,S4,model_not_constructed,,,—,,,
2.2_expanded,,8,0.25,rk4,200,0.0125,8001,S5,completed,7.55629981049541e-05,0.0003958433632083036,7.556e-05 / 3.958e-04,p8_difference_rm_rk4_n200_dt0.0125_L4,C:\Users\msz\aca\Workspaces\hs_table_data_20260927\out\profiles\p8_difference_rm_rk4_n200_dt0.0125_L4.npz,0acb8b169af1be8ab708c3b9d455f65880644816286a86679a5da5a0101bbad0
2.2_expanded,,8,0.25,rk4,200,0.0125,8001,S6,completed,0.00013397177432955543,0.0004815744575692449,1.340e-04 / 4.816e-04,p8_difference_fixed_rk4_n200_dt0.0125_L4,C:\Users\msz\aca\Workspaces\hs_table_data_20260927\out\profiles\p8_difference_fixed_rk4_n200_dt0.0125_L4.npz,d51c0037882aa3d6d5599bcc494662e42fe942f1559480483ff56f49768b10ae
2.2_expanded,,8,0.25,rk8,200,0.0125,8001,S1,model_not_constructed,,,—,,,
2.2_expanded,,8,0.25,rk8,200,0.0125,8001,S2,model_not_constructed,,,—,,,
2.2_expanded,,8,0.25,rk8,200,0.0125,8001,S3,model_not_constructed,,,—,,,
2.2_expanded,,8,0.25,rk8,200,0.0125,8001,S4,model_not_constructed,,,—,,,
2.2_expanded,,8,0.25,rk8,200,0.0125,8001,S5,completed,7.556292976213484e-05,0.0003958433560210528,7.556e-05 / 3.958e-04,p8_difference_rm_rk8_n200_dt0.0125_L4,C:\Users\msz\aca\Workspaces\hs_table_data_20260927\out\profiles\p8_difference_rm_rk8_n200_dt0.0125_L4.npz,a87fb9af0b14a3f25ca02ff5fbff954874138ea3c97fd4cfdb4f987a271feafd
2.2_expanded,,8,0.25,rk8,200,0.0125,8001,S6,completed,0.0001339717768505666,0.0004815744573627434,1.340e-04 / 4.816e-04,p8_difference_fixed_rk8_n200_dt0.0125_L4,C:\Users\msz\aca\Workspaces\hs_table_data_20260927\out\profiles\p8_difference_fixed_rk8_n200_dt0.0125_L4.npz,eadb22d56b01e8fd93b253ad4facc9822680bfe55ac0c6b0643be0f8da8f344f
2.2_expanded,,8,0.5,euler,200,0.0125,8001,S1,model_not_constructed,,,—,,,
2.2_expanded,,8,0.5,euler,200,0.0125,8001,S2,model_not_constructed,,,—,,,
2.2_expanded,,8,0.5,euler,200,0.0125,8001,S3,model_not_constructed,,,—,,,
2.2_expanded,,8,0.5,euler,200,0.0125,8001,S4,model_not_constructed,,,—,,,
2.2_expanded,,8,0.5,euler,200,0.0125,8001,S5,completed,0.00013032950185829298,0.00041612958472181383,1.303e-04 / 4.161e-04,p8_difference_rm_euler_n200_dt0.0125_L4,C:\Users\msz\aca\Workspaces\hs_table_data_20260927\out\profiles\p8_difference_rm_euler_n200_dt0.0125_L4.npz,4f18c4d276634173c318d4f87a869c2ab2cb83d393123616c8cfd849eb5d76d9
2.2_expanded,,8,0.5,euler,200,0.0125,8001,S6,completed,0.0001286389659725662,0.0004830079585311786,1.286e-04 / 4.830e-04,p8_difference_fixed_euler_n200_dt0.0125_L4,C:\Users\msz\aca\Workspaces\hs_table_data_20260927\out\profiles\p8_difference_fixed_euler_n200_dt0.0125_L4.npz,3f143ce2dc931c6c6a78197c32dcec491d9b9c414dafc6f42e343066f5ae2b8e
2.2_expanded,,8,0.5,heun,200,0.0125,8001,S1,model_not_constructed,,,—,,,
2.2_expanded,,8,0.5,heun,200,0.0125,8001,S2,model_not_constructed,,,—,,,
2.2_expanded,,8,0.5,heun,200,0.0125,8001,S3,model_not_constructed,,,—,,,
2.2_expanded,,8,0.5,heun,200,0.0125,8001,S4,model_not_constructed,,,—,,,
2.2_expanded,,8,0.5,heun,200,0.0125,8001,S5,completed,0.00011619846712856291,0.0004728298693746913,1.162e-04 / 4.728e-04,p8_difference_rm_heun_n200_dt0.0125_L4,C:\Users\msz\aca\Workspaces\hs_table_data_20260927\out\profiles\p8_difference_rm_heun_n200_dt0.0125_L4.npz,48484df4e73a8894135e44675f33ac43414047ba7747a56ee5f53e5f15599e52
2.2_expanded,,8,0.5,heun,200,0.0125,8001,S6,completed,0.00015146577951127838,0.0005639795415007809,1.515e-04 / 5.640e-04,p8_difference_fixed_heun_n200_dt0.0125_L4,C:\Users\msz\aca\Workspaces\hs_table_data_20260927\out\profiles\p8_difference_fixed_heun_n200_dt0.0125_L4.npz,87ffb510aa7927a57f2cdb87eea186a609440cc640c26cd3d4920728369c84fe
2.2_expanded,,8,0.5,rk4,200,0.0125,8001,S1,model_not_constructed,,,—,,,
2.2_expanded,,8,0.5,rk4,200,0.0125,8001,S2,model_not_constructed,,,—,,,
2.2_expanded,,8,0.5,rk4,200,0.0125,8001,S3,model_not_constructed,,,—,,,
2.2_expanded,,8,0.5,rk4,200,0.0125,8001,S4,model_not_constructed,,,—,,,
2.2_expanded,,8,0.5,rk4,200,0.0125,8001,S5,completed,0.00011705297908500001,0.0004730813636064646,1.171e-04 / 4.731e-04,p8_difference_rm_rk4_n200_dt0.0125_L4,C:\Users\msz\aca\Workspaces\hs_table_data_20260927\out\profiles\p8_difference_rm_rk4_n200_dt0.0125_L4.npz,0acb8b169af1be8ab708c3b9d455f65880644816286a86679a5da5a0101bbad0
2.2_expanded,,8,0.5,rk4,200,0.0125,8001,S6,completed,0.00015144501230626717,0.0005641615767361108,1.514e-04 / 5.642e-04,p8_difference_fixed_rk4_n200_dt0.0125_L4,C:\Users\msz\aca\Workspaces\hs_table_data_20260927\out\profiles\p8_difference_fixed_rk4_n200_dt0.0125_L4.npz,d51c0037882aa3d6d5599bcc494662e42fe942f1559480483ff56f49768b10ae
2.2_expanded,,8,0.5,rk8,200,0.0125,8001,S1,model_not_constructed,,,—,,,
2.2_expanded,,8,0.5,rk8,200,0.0125,8001,S2,model_not_constructed,,,—,,,
2.2_expanded,,8,0.5,rk8,200,0.0125,8001,S3,model_not_constructed,,,—,,,
2.2_expanded,,8,0.5,rk8,200,0.0125,8001,S4,model_not_constructed,,,—,,,
2.2_expanded,,8,0.5,rk8,200,0.0125,8001,S5,completed,0.00011705286414942853,0.00047308134924217704,1.171e-04 / 4.731e-04,p8_difference_rm_rk8_n200_dt0.0125_L4,C:\Users\msz\aca\Workspaces\hs_table_data_20260927\out\profiles\p8_difference_rm_rk8_n200_dt0.0125_L4.npz,a87fb9af0b14a3f25ca02ff5fbff954874138ea3c97fd4cfdb4f987a271feafd
2.2_expanded,,8,0.5,rk8,200,0.0125,8001,S6,completed,0.00015144501835037683,0.0005641615765467067,1.514e-04 / 5.642e-04,p8_difference_fixed_rk8_n200_dt0.0125_L4,C:\Users\msz\aca\Workspaces\hs_table_data_20260927\out\profiles\p8_difference_fixed_rk8_n200_dt0.0125_L4.npz,eadb22d56b01e8fd93b253ad4facc9822680bfe55ac0c6b0643be0f8da8f344f
2.1_expanded,,9,0.25,euler,400,0.003125,16001,S1,model_not_constructed,,,—,,,
2.1_expanded,,9,0.25,euler,400,0.003125,16001,S2,model_not_constructed,,,—,,,
2.1_expanded,,9,0.25,euler,400,0.003125,16001,S3,model_not_constructed,,,—,,,
2.1_expanded,,9,0.25,euler,400,0.003125,16001,S4,model_not_constructed,,,—,,,
2.1_expanded,,9,0.25,euler,400,0.003125,16001,S5,completed,3.135836512929528e-05,0.00012392173879505197,3.136e-05 / 1.239e-04,p9_difference_rm_euler_n400_dt0.003125_L4,C:\Users\msz\aca\Workspaces\hs_waveform_atlas_20260927\out\profiles\p9_difference_rm_euler_n400_dt0.003125_L4.npz,f18c81a8fc99009ecabb873fd2df78e81e3bf41b69c645e83a396fcab5c6cc13
2.1_expanded,,9,0.25,euler,400,0.003125,16001,S6,completed,3.6971147528208625e-05,0.0001544443898975345,3.697e-05 / 1.544e-04,p9_difference_fixed_euler_n400_dt0.003125_L4,C:\Users\msz\aca\Workspaces\hs_waveform_atlas_20260927\out\profiles\p9_difference_fixed_euler_n400_dt0.003125_L4.npz,cd61a0085feda3d7da3e0f667fbfc0170f6ef23f3321412df19410df9ea01162
2.1_expanded,,9,0.25,heun,400,0.003125,16001,S1,model_not_constructed,,,—,,,
2.1_expanded,,9,0.25,heun,400,0.003125,16001,S2,model_not_constructed,,,—,,,
2.1_expanded,,9,0.25,heun,400,0.003125,16001,S3,model_not_constructed,,,—,,,
2.1_expanded,,9,0.25,heun,400,0.003125,16001,S4,model_not_constructed,,,—,,,
2.1_expanded,,9,0.25,heun,400,0.003125,16001,S5,completed,2.652922317401482e-05,0.00013083484901010856,2.653e-05 / 1.308e-04,p9_difference_rm_heun_n400_dt0.003125_L4,C:\Users\msz\aca\Workspaces\hs_table_data_20260927\out\profiles\p9_difference_rm_heun_n400_dt0.003125_L4.npz,37d5b21f30b721deb6d4fdf6a31639fcf4d515eab9994c3111e19ce42185759d
2.1_expanded,,9,0.25,heun,400,0.003125,16001,S6,completed,3.975503995473639e-05,0.00016537130105720443,3.976e-05 / 1.654e-04,p9_difference_fixed_heun_n400_dt0.003125_L4,C:\Users\msz\aca\Workspaces\hs_table_data_20260927\out\profiles\p9_difference_fixed_heun_n400_dt0.003125_L4.npz,949128e32c00a9d82f526f9e7e09c07c4fccfaa32da8e324603a7e3b7a0efa46
2.1_expanded,,9,0.25,rk4,400,0.003125,16001,S1,model_not_constructed,,,—,,,
2.1_expanded,,9,0.25,rk4,400,0.003125,16001,S2,model_not_constructed,,,—,,,
2.1_expanded,,9,0.25,rk4,400,0.003125,16001,S3,model_not_constructed,,,—,,,
2.1_expanded,,9,0.25,rk4,400,0.003125,16001,S4,model_not_constructed,,,—,,,
2.1_expanded,,9,0.25,rk4,400,0.003125,16001,S5,completed,2.6568106131255945e-05,0.00013084535469243264,2.657e-05 / 1.308e-04,p9_difference_rm_rk4_n400_dt0.003125_L4,C:\Users\msz\aca\Workspaces\hs_table_data_20260927\out\profiles\p9_difference_rm_rk4_n400_dt0.003125_L4.npz,c09647db662c85a0dc765f167aeec2cf21e755c60855e6f2018fb41f6bf7348f
2.1_expanded,,9,0.25,rk4,400,0.003125,16001,S6,completed,3.9754532693003775e-05,0.0001653778049757193,3.975e-05 / 1.654e-04,p9_difference_fixed_rk4_n400_dt0.003125_L4,C:\Users\msz\aca\Workspaces\hs_table_data_20260927\out\profiles\p9_difference_fixed_rk4_n400_dt0.003125_L4.npz,82d4c92937385198c25b6551bcc8a73b5cc6f3fa6b39668a3670641a8dbb8498
2.1_expanded,,9,0.25,rk8,400,0.003125,16001,S1,model_not_constructed,,,—,,,
2.1_expanded,,9,0.25,rk8,400,0.003125,16001,S2,model_not_constructed,,,—,,,
2.1_expanded,,9,0.25,rk8,400,0.003125,16001,S3,model_not_constructed,,,—,,,
2.1_expanded,,9,0.25,rk8,400,0.003125,16001,S4,model_not_constructed,,,—,,,
2.1_expanded,,9,0.25,rk8,400,0.003125,16001,S5,completed,2.6568105729768074e-05,0.0001308453546410293,2.657e-05 / 1.308e-04,p9_difference_rm_rk8_n400_dt0.003125_L4,C:\Users\msz\aca\Workspaces\hs_table_data_20260927\out\profiles\p9_difference_rm_rk8_n400_dt0.003125_L4.npz,474f65d1a227fed19dbbece53b251b195a9fb47b7e824b91ab3082d93aa1bf4d
2.1_expanded,,9,0.25,rk8,400,0.003125,16001,S6,completed,3.975453270124718e-05,0.0001653778049752752,3.975e-05 / 1.654e-04,p9_difference_fixed_rk8_n400_dt0.003125_L4,C:\Users\msz\aca\Workspaces\hs_table_data_20260927\out\profiles\p9_difference_fixed_rk8_n400_dt0.003125_L4.npz,a71a519bfe1ccfc9bfd3196080ce27eabcd5e673950f1fa36428fdcb4c41d1c4
2.1_expanded,,9,0.5,euler,400,0.003125,16001,S1,model_not_constructed,,,—,,,
2.1_expanded,,9,0.5,euler,400,0.003125,16001,S2,model_not_constructed,,,—,,,
2.1_expanded,,9,0.5,euler,400,0.003125,16001,S3,model_not_constructed,,,—,,,
2.1_expanded,,9,0.5,euler,400,0.003125,16001,S4,model_not_constructed,,,—,,,
2.1_expanded,,9,0.5,euler,400,0.003125,16001,S5,completed,4.3901018933152625e-05,0.00014214861702444015,4.390e-05 / 1.421e-04,p9_difference_rm_euler_n400_dt0.003125_L4,C:\Users\msz\aca\Workspaces\hs_waveform_atlas_20260927\out\profiles\p9_difference_rm_euler_n400_dt0.003125_L4.npz,f18c81a8fc99009ecabb873fd2df78e81e3bf41b69c645e83a396fcab5c6cc13
2.1_expanded,,9,0.5,euler,400,0.003125,16001,S6,completed,4.122459584079974e-05,0.000173236674370858,4.122e-05 / 1.732e-04,p9_difference_fixed_euler_n400_dt0.003125_L4,C:\Users\msz\aca\Workspaces\hs_waveform_atlas_20260927\out\profiles\p9_difference_fixed_euler_n400_dt0.003125_L4.npz,cd61a0085feda3d7da3e0f667fbfc0170f6ef23f3321412df19410df9ea01162
2.1_expanded,,9,0.5,heun,400,0.003125,16001,S1,model_not_constructed,,,—,,,
2.1_expanded,,9,0.5,heun,400,0.003125,16001,S2,model_not_constructed,,,—,,,
2.1_expanded,,9,0.5,heun,400,0.003125,16001,S3,model_not_constructed,,,—,,,
2.1_expanded,,9,0.5,heun,400,0.003125,16001,S4,model_not_constructed,,,—,,,
2.1_expanded,,9,0.5,heun,400,0.003125,16001,S5,completed,3.8467033291727376e-05,0.00015773234388782864,3.847e-05 / 1.577e-04,p9_difference_rm_heun_n400_dt0.003125_L4,C:\Users\msz\aca\Workspaces\hs_table_data_20260927\out\profiles\p9_difference_rm_heun_n400_dt0.003125_L4.npz,37d5b21f30b721deb6d4fdf6a31639fcf4d515eab9994c3111e19ce42185759d
2.1_expanded,,9,0.5,heun,400,0.003125,16001,S6,completed,4.663209725055961e-05,0.00019602895480552718,4.663e-05 / 1.960e-04,p9_difference_fixed_heun_n400_dt0.003125_L4,C:\Users\msz\aca\Workspaces\hs_table_data_20260927\out\profiles\p9_difference_fixed_heun_n400_dt0.003125_L4.npz,949128e32c00a9d82f526f9e7e09c07c4fccfaa32da8e324603a7e3b7a0efa46
2.1_expanded,,9,0.5,rk4,400,0.003125,16001,S1,model_not_constructed,,,—,,,
2.1_expanded,,9,0.5,rk4,400,0.003125,16001,S2,model_not_constructed,,,—,,,
2.1_expanded,,9,0.5,rk4,400,0.003125,16001,S3,model_not_constructed,,,—,,,
2.1_expanded,,9,0.5,rk4,400,0.003125,16001,S4,model_not_constructed,,,—,,,
2.1_expanded,,9,0.5,rk4,400,0.003125,16001,S5,completed,3.854691398376062e-05,0.00015775310462651237,3.855e-05 / 1.578e-04,p9_difference_rm_rk4_n400_dt0.003125_L4,C:\Users\msz\aca\Workspaces\hs_table_data_20260927\out\profiles\p9_difference_rm_rk4_n400_dt0.003125_L4.npz,c09647db662c85a0dc765f167aeec2cf21e755c60855e6f2018fb41f6bf7348f
2.1_expanded,,9,0.5,rk4,400,0.003125,16001,S6,completed,4.6630958154214586e-05,0.00019604262543782003,4.663e-05 / 1.960e-04,p9_difference_fixed_rk4_n400_dt0.003125_L4,C:\Users\msz\aca\Workspaces\hs_table_data_20260927\out\profiles\p9_difference_fixed_rk4_n400_dt0.003125_L4.npz,82d4c92937385198c25b6551bcc8a73b5cc6f3fa6b39668a3670641a8dbb8498
2.1_expanded,,9,0.5,rk8,400,0.003125,16001,S1,model_not_constructed,,,—,,,
2.1_expanded,,9,0.5,rk8,400,0.003125,16001,S2,model_not_constructed,,,—,,,
2.1_expanded,,9,0.5,rk8,400,0.003125,16001,S3,model_not_constructed,,,—,,,
2.1_expanded,,9,0.5,rk8,400,0.003125,16001,S4,model_not_constructed,,,—,,,
2.1_expanded,,9,0.5,rk8,400,0.003125,16001,S5,completed,3.854691320000214e-05,0.00015775310452825764,3.855e-05 / 1.578e-04,p9_difference_rm_rk8_n400_dt0.003125_L4,C:\Users\msz\aca\Workspaces\hs_table_data_20260927\out\profiles\p9_difference_rm_rk8_n400_dt0.003125_L4.npz,474f65d1a227fed19dbbece53b251b195a9fb47b7e824b91ab3082d93aa1bf4d
2.1_expanded,,9,0.5,rk8,400,0.003125,16001,S6,completed,4.6630958174614934e-05,0.00019604262543759798,4.663e-05 / 1.960e-04,p9_difference_fixed_rk8_n400_dt0.003125_L4,C:\Users\msz\aca\Workspaces\hs_table_data_20260927\out\profiles\p9_difference_fixed_rk8_n400_dt0.003125_L4.npz,a71a519bfe1ccfc9bfd3196080ce27eabcd5e673950f1fa36428fdcb4c41d1c4
2.2_expanded,,9,0.25,euler,200,0.0125,8001,S1,model_not_constructed,,,—,,,
2.2_expanded,,9,0.25,euler,200,0.0125,8001,S2,model_not_constructed,,,—,,,
2.2_expanded,,9,0.25,euler,200,0.0125,8001,S3,model_not_constructed,,,—,,,
2.2_expanded,,9,0.25,euler,200,0.0125,8001,S4,model_not_constructed,,,—,,,
2.2_expanded,,9,0.25,euler,200,0.0125,8001,S5,completed,0.0001257481564560254,0.0004938651262965665,1.257e-04 / 4.939e-04,p9_difference_rm_euler_n200_dt0.0125_L4,C:\Users\msz\aca\Workspaces\hs_table_data_20260927\out\profiles\p9_difference_rm_euler_n200_dt0.0125_L4.npz,8b2e3fb78a98af851fe31f5455300ed2665fff3f26c914876647de29f8297728
2.2_expanded,,9,0.25,euler,200,0.0125,8001,S6,completed,0.00014730015850752953,0.000616705897458103,1.473e-04 / 6.167e-04,p9_difference_fixed_euler_n200_dt0.0125_L4,C:\Users\msz\aca\Workspaces\hs_table_data_20260927\out\profiles\p9_difference_fixed_euler_n200_dt0.0125_L4.npz,bd786e5f3e16880037294cdd03bdf3e0527a196dbffd10b33db73a7ac78f96a7
2.2_expanded,,9,0.25,heun,200,0.0125,8001,S1,model_not_constructed,,,—,,,
2.2_expanded,,9,0.25,heun,200,0.0125,8001,S2,model_not_constructed,,,—,,,
2.2_expanded,,9,0.25,heun,200,0.0125,8001,S3,model_not_constructed,,,—,,,
2.2_expanded,,9,0.25,heun,200,0.0125,8001,S4,model_not_constructed,,,—,,,
2.2_expanded,,9,0.25,heun,200,0.0125,8001,S5,completed,0.00010543114749315269,0.0005215986591123878,1.054e-04 / 5.216e-04,p9_difference_rm_heun_n200_dt0.0125_L4,C:\Users\msz\aca\Workspaces\hs_table_data_20260927\out\profiles\p9_difference_rm_heun_n200_dt0.0125_L4.npz,4e5a0488856e7dd4a33fe487171c34bd044d70ef45217dc369db6bfc3e79a389
2.2_expanded,,9,0.25,heun,200,0.0125,8001,S6,completed,0.00015871074306519906,0.0006603397915881937,1.587e-04 / 6.603e-04,p9_difference_fixed_heun_n200_dt0.0125_L4,C:\Users\msz\aca\Workspaces\hs_table_data_20260927\out\profiles\p9_difference_fixed_heun_n200_dt0.0125_L4.npz,b1a98d33e93e7f3b3af9d1778c9f854caf2d20ed0e2807604e60b2878d5b0981
2.2_expanded,,9,0.25,rk4,200,0.0125,8001,S1,model_not_constructed,,,—,,,
2.2_expanded,,9,0.25,rk4,200,0.0125,8001,S2,model_not_constructed,,,—,,,
2.2_expanded,,9,0.25,rk4,200,0.0125,8001,S3,model_not_constructed,,,—,,,
2.2_expanded,,9,0.25,rk4,200,0.0125,8001,S4,model_not_constructed,,,—,,,
2.2_expanded,,9,0.25,rk4,200,0.0125,8001,S5,completed,0.00010601240652317705,0.0005217695937391742,1.060e-04 / 5.218e-04,p9_difference_rm_rk4_n200_dt0.0125_L4,C:\Users\msz\aca\Workspaces\hs_table_data_20260927\out\profiles\p9_difference_rm_rk4_n200_dt0.0125_L4.npz,84e5cc97bdf6855513d7f99df3da6285fdeac57a491504414aac6e95f0d2a5b6
2.2_expanded,,9,0.25,rk4,200,0.0125,8001,S6,completed,0.000158697194876517,0.0006604403499376188,1.587e-04 / 6.604e-04,p9_difference_fixed_rk4_n200_dt0.0125_L4,C:\Users\msz\aca\Workspaces\hs_table_data_20260927\out\profiles\p9_difference_fixed_rk4_n200_dt0.0125_L4.npz,07974b34e5979523feb1da2ef729538f56e953db63d3bd10cf2ad5797812ca92
2.2_expanded,,9,0.25,rk8,200,0.0125,8001,S1,model_not_constructed,,,—,,,
2.2_expanded,,9,0.25,rk8,200,0.0125,8001,S2,model_not_constructed,,,—,,,
2.2_expanded,,9,0.25,rk8,200,0.0125,8001,S3,model_not_constructed,,,—,,,
2.2_expanded,,9,0.25,rk8,200,0.0125,8001,S4,model_not_constructed,,,—,,,
2.2_expanded,,9,0.25,rk8,200,0.0125,8001,S5,completed,0.00010601230919625275,0.0005217695820095569,1.060e-04 / 5.218e-04,p9_difference_rm_rk8_n200_dt0.0125_L4,C:\Users\msz\aca\Workspaces\hs_table_data_20260927\out\profiles\p9_difference_rm_rk8_n200_dt0.0125_L4.npz,1f602869196ca6aec81ccd1669765060713ae73e3e584185dc49b56b662746eb
2.2_expanded,,9,0.25,rk8,200,0.0125,8001,S6,completed,0.00015869719807320992,0.0006604403496178746,1.587e-04 / 6.604e-04,p9_difference_fixed_rk8_n200_dt0.0125_L4,C:\Users\msz\aca\Workspaces\hs_table_data_20260927\out\profiles\p9_difference_fixed_rk8_n200_dt0.0125_L4.npz,837cf6f626370c8c9944183c6b464d1eb442f120af187cf30d08067e1648221e
2.2_expanded,,9,0.5,euler,200,0.0125,8001,S1,model_not_constructed,,,—,,,
2.2_expanded,,9,0.5,euler,200,0.0125,8001,S2,model_not_constructed,,,—,,,
2.2_expanded,,9,0.5,euler,200,0.0125,8001,S3,model_not_constructed,,,—,,,
2.2_expanded,,9,0.5,euler,200,0.0125,8001,S4,model_not_constructed,,,—,,,
2.2_expanded,,9,0.5,euler,200,0.0125,8001,S5,completed,0.00017795303643375684,0.0005654237805231555,1.780e-04 / 5.654e-04,p9_difference_rm_euler_n200_dt0.0125_L4,C:\Users\msz\aca\Workspaces\hs_table_data_20260927\out\profiles\p9_difference_rm_euler_n200_dt0.0125_L4.npz,8b2e3fb78a98af851fe31f5455300ed2665fff3f26c914876647de29f8297728
2.2_expanded,,9,0.5,euler,200,0.0125,8001,S6,completed,0.0001645499998383093,0.0006878233617201301,1.645e-04 / 6.878e-04,p9_difference_fixed_euler_n200_dt0.0125_L4,C:\Users\msz\aca\Workspaces\hs_table_data_20260927\out\profiles\p9_difference_fixed_euler_n200_dt0.0125_L4.npz,bd786e5f3e16880037294cdd03bdf3e0527a196dbffd10b33db73a7ac78f96a7
2.2_expanded,,9,0.5,heun,200,0.0125,8001,S1,model_not_constructed,,,—,,,
2.2_expanded,,9,0.5,heun,200,0.0125,8001,S2,model_not_constructed,,,—,,,
2.2_expanded,,9,0.5,heun,200,0.0125,8001,S3,model_not_constructed,,,—,,,
2.2_expanded,,9,0.5,heun,200,0.0125,8001,S4,model_not_constructed,,,—,,,
2.2_expanded,,9,0.5,heun,200,0.0125,8001,S5,completed,0.00015306270001225197,0.0006266110253160262,1.531e-04 / 6.266e-04,p9_difference_rm_heun_n200_dt0.0125_L4,C:\Users\msz\aca\Workspaces\hs_table_data_20260927\out\profiles\p9_difference_rm_heun_n200_dt0.0125_L4.npz,4e5a0488856e7dd4a33fe487171c34bd044d70ef45217dc369db6bfc3e79a389
2.2_expanded,,9,0.5,heun,200,0.0125,8001,S6,completed,0.0001859509953822669,0.0007774023388295026,1.860e-04 / 7.774e-04,p9_difference_fixed_heun_n200_dt0.0125_L4,C:\Users\msz\aca\Workspaces\hs_table_data_20260927\out\profiles\p9_difference_fixed_heun_n200_dt0.0125_L4.npz,b1a98d33e93e7f3b3af9d1778c9f854caf2d20ed0e2807604e60b2878d5b0981
2.2_expanded,,9,0.5,rk4,200,0.0125,8001,S1,model_not_constructed,,,—,,,
2.2_expanded,,9,0.5,rk4,200,0.0125,8001,S2,model_not_constructed,,,—,,,
2.2_expanded,,9,0.5,rk4,200,0.0125,8001,S3,model_not_constructed,,,—,,,
2.2_expanded,,9,0.5,rk4,200,0.0125,8001,S4,model_not_constructed,,,—,,,
2.2_expanded,,9,0.5,rk4,200,0.0125,8001,S5,completed,0.00015426852999038052,0.0006269317860584378,1.543e-04 / 6.269e-04,p9_difference_rm_rk4_n200_dt0.0125_L4,C:\Users\msz\aca\Workspaces\hs_table_data_20260927\out\profiles\p9_difference_rm_rk4_n200_dt0.0125_L4.npz,84e5cc97bdf6855513d7f99df3da6285fdeac57a491504414aac6e95f0d2a5b6
2.2_expanded,,9,0.5,rk4,200,0.0125,8001,S6,completed,0.00018592100982009474,0.0007776186986345746,1.859e-04 / 7.776e-04,p9_difference_fixed_rk4_n200_dt0.0125_L4,C:\Users\msz\aca\Workspaces\hs_table_data_20260927\out\profiles\p9_difference_fixed_rk4_n200_dt0.0125_L4.npz,07974b34e5979523feb1da2ef729538f56e953db63d3bd10cf2ad5797812ca92
2.2_expanded,,9,0.5,rk8,200,0.0125,8001,S1,model_not_constructed,,,—,,,
2.2_expanded,,9,0.5,rk8,200,0.0125,8001,S2,model_not_constructed,,,—,,,
2.2_expanded,,9,0.5,rk8,200,0.0125,8001,S3,model_not_constructed,,,—,,,
2.2_expanded,,9,0.5,rk8,200,0.0125,8001,S4,model_not_constructed,,,—,,,
2.2_expanded,,9,0.5,rk8,200,0.0125,8001,S5,completed,0.00015426836385843898,0.0006269317642723093,1.543e-04 / 6.269e-04,p9_difference_rm_rk8_n200_dt0.0125_L4,C:\Users\msz\aca\Workspaces\hs_table_data_20260927\out\profiles\p9_difference_rm_rk8_n200_dt0.0125_L4.npz,1f602869196ca6aec81ccd1669765060713ae73e3e584185dc49b56b662746eb
2.2_expanded,,9,0.5,rk8,200,0.0125,8001,S6,completed,0.00018592101673597927,0.0007776186985185563,1.859e-04 / 7.776e-04,p9_difference_fixed_rk8_n200_dt0.0125_L4,C:\Users\msz\aca\Workspaces\hs_table_data_20260927\out\profiles\p9_difference_fixed_rk8_n200_dt0.0125_L4.npz,837cf6f626370c8c9944183c6b464d1eb442f120af187cf30d08067e1648221e
2.1_expanded,,10,0.25,euler,400,0.003125,16001,S1,model_not_constructed,,,—,,,
2.1_expanded,,10,0.25,euler,400,0.003125,16001,S2,model_not_constructed,,,—,,,
2.1_expanded,,10,0.25,euler,400,0.003125,16001,S3,model_not_constructed,,,—,,,
2.1_expanded,,10,0.25,euler,400,0.003125,16001,S4,model_not_constructed,,,—,,,
2.1_expanded,,10,0.25,euler,400,0.003125,16001,S5,completed,4.2403528432426174e-05,0.0001578159968592674,4.240e-05 / 1.578e-04,p10_difference_rm_euler_n400_dt0.003125_L4,C:\Users\msz\aca\Workspaces\hs_conserved_mesh_20260925\out\euler_comparison\profiles\p10_difference_rm_euler_n400_dt0.003125_L4.npz,d56524830e6665d8547fe5834f4a8e643f543bd01004ae9ca168646f0f00b5e3
2.1_expanded,,10,0.25,euler,400,0.003125,16001,S6,completed,4.2966286692536215e-05,0.00020553003023782157,4.297e-05 / 2.055e-04,p10_difference_fixed_euler_n400_dt0.003125_L4,C:\Users\msz\aca\Workspaces\hs_conserved_mesh_20260925\out\euler_comparison\profiles\p10_difference_fixed_euler_n400_dt0.003125_L4.npz,58f77aca43fdf479dbcc5cab8fe7cfa25c215ffcaeb7d0ccee78e74863d35c09
2.1_expanded,,10,0.25,heun,400,0.003125,16001,S1,model_not_constructed,,,—,,,
2.1_expanded,,10,0.25,heun,400,0.003125,16001,S2,model_not_constructed,,,—,,,
2.1_expanded,,10,0.25,heun,400,0.003125,16001,S3,model_not_constructed,,,—,,,
2.1_expanded,,10,0.25,heun,400,0.003125,16001,S4,model_not_constructed,,,—,,,
2.1_expanded,,10,0.25,heun,400,0.003125,16001,S5,completed,3.593368493035563e-05,0.0001650551305446557,3.593e-05 / 1.651e-04,p10_difference_rm_heun_n400_dt0.003125_L4,C:\Users\msz\aca\Workspaces\hs_table_data_20260927\out\profiles\p10_difference_rm_heun_n400_dt0.003125_L4.npz,557e6620aca274a1e399a8e9ae222665196c051202d3223cab93701a36d96193
2.1_expanded,,10,0.25,heun,400,0.003125,16001,S6,completed,4.556621956577911e-05,0.000217425338718491,4.557e-05 / 2.174e-04,p10_difference_fixed_heun_n400_dt0.003125_L4,C:\Users\msz\aca\Workspaces\hs_table_data_20260927\out\profiles\p10_difference_fixed_heun_n400_dt0.003125_L4.npz,c2433fa5ff2c1be0310111749e0d2adaa1c1eaaea8f57829eda7246ec82981c6
2.1_expanded,,10,0.25,rk4,400,0.003125,16001,S1,model_not_constructed,,,—,,,
2.1_expanded,,10,0.25,rk4,400,0.003125,16001,S2,model_not_constructed,,,—,,,
2.1_expanded,,10,0.25,rk4,400,0.003125,16001,S3,model_not_constructed,,,—,,,
2.1_expanded,,10,0.25,rk4,400,0.003125,16001,S4,model_not_constructed,,,—,,,
2.1_expanded,,10,0.25,rk4,400,0.003125,16001,S5,completed,3.598417732258996e-05,0.000165068366054677,3.598e-05 / 1.651e-04,p10_difference_rm_rk4_n400_dt0.003125_L4,C:\Users\msz\aca\Workspaces\hs_conserved_mesh_20260925\out\calibration_parameter_scan\profiles\p10_difference_rm_rk4_n400_dt0.003125_L4.npz,bad3613b145790f7f141e92ad7795682eea3212943c14a75afd9accc2f2d6295
2.1_expanded,,10,0.25,rk4,400,0.003125,16001,S6,completed,4.5565697911587044e-05,0.0002174326962082196,4.557e-05 / 2.174e-04,p10_difference_fixed_rk4_n400_dt0.003125_L4,C:\Users\msz\aca\Workspaces\hs_conserved_mesh_20260925\out\calibration_parameter_scan\profiles\p10_difference_fixed_rk4_n400_dt0.003125_L4.npz,0967418719ee7e892e9a3b6f4c9bbca1f813eee9c4e51b7a03d1e123aad4cbce
2.1_expanded,,10,0.25,rk8,400,0.003125,16001,S1,model_not_constructed,,,—,,,
2.1_expanded,,10,0.25,rk8,400,0.003125,16001,S2,model_not_constructed,,,—,,,
2.1_expanded,,10,0.25,rk8,400,0.003125,16001,S3,model_not_constructed,,,—,,,
2.1_expanded,,10,0.25,rk8,400,0.003125,16001,S4,model_not_constructed,,,—,,,
2.1_expanded,,10,0.25,rk8,400,0.003125,16001,S5,completed,3.5984176797071096e-05,0.0001650683659929486,3.598e-05 / 1.651e-04,p10_difference_rm_rk8_n400_dt0.003125_L4,C:\Users\msz\aca\Workspaces\hs_table_data_20260927\out\profiles\p10_difference_rm_rk8_n400_dt0.003125_L4.npz,9a2786798aaef542cd665ac7fca5bd232217636d7e70662a6b36c25561c67c87
2.1_expanded,,10,0.25,rk8,400,0.003125,16001,S6,completed,4.556569791897003e-05,0.0002174326962073314,4.557e-05 / 2.174e-04,p10_difference_fixed_rk8_n400_dt0.003125_L4,C:\Users\msz\aca\Workspaces\hs_table_data_20260927\out\profiles\p10_difference_fixed_rk8_n400_dt0.003125_L4.npz,0315a375a33ba6429a52e35ba96dbae695b5f60e692f4cdc32af2e853fadf370
2.1_expanded,,10,0.5,euler,400,0.003125,16001,S1,model_not_constructed,,,—,,,
2.1_expanded,,10,0.5,euler,400,0.003125,16001,S2,model_not_constructed,,,—,,,
2.1_expanded,,10,0.5,euler,400,0.003125,16001,S3,model_not_constructed,,,—,,,
2.1_expanded,,10,0.5,euler,400,0.003125,16001,S4,model_not_constructed,,,—,,,
2.1_expanded,,10,0.5,euler,400,0.003125,16001,S5,completed,5.6353753168000495e-05,0.0001838241683365105,5.635e-05 / 1.838e-04,p10_difference_rm_euler_n400_dt0.003125_L4,C:\Users\msz\aca\Workspaces\hs_conserved_mesh_20260925\out\euler_comparison\profiles\p10_difference_rm_euler_n400_dt0.003125_L4.npz,d56524830e6665d8547fe5834f4a8e643f543bd01004ae9ca168646f0f00b5e3
2.1_expanded,,10,0.5,euler,400,0.003125,16001,S6,completed,5.0230526006500575e-05,0.00023428137749970102,5.023e-05 / 2.343e-04,p10_difference_fixed_euler_n400_dt0.003125_L4,C:\Users\msz\aca\Workspaces\hs_conserved_mesh_20260925\out\euler_comparison\profiles\p10_difference_fixed_euler_n400_dt0.003125_L4.npz,58f77aca43fdf479dbcc5cab8fe7cfa25c215ffcaeb7d0ccee78e74863d35c09
2.1_expanded,,10,0.5,heun,400,0.003125,16001,S1,model_not_constructed,,,—,,,
2.1_expanded,,10,0.5,heun,400,0.003125,16001,S2,model_not_constructed,,,—,,,
2.1_expanded,,10,0.5,heun,400,0.003125,16001,S3,model_not_constructed,,,—,,,
2.1_expanded,,10,0.5,heun,400,0.003125,16001,S4,model_not_constructed,,,—,,,
2.1_expanded,,10,0.5,heun,400,0.003125,16001,S5,completed,5.303743638729666e-05,0.00020041373089541015,5.304e-05 / 2.004e-04,p10_difference_rm_heun_n400_dt0.003125_L4,C:\Users\msz\aca\Workspaces\hs_table_data_20260927\out\profiles\p10_difference_rm_heun_n400_dt0.003125_L4.npz,557e6620aca274a1e399a8e9ae222665196c051202d3223cab93701a36d96193
2.1_expanded,,10,0.5,heun,400,0.003125,16001,S6,completed,5.5252574167025115e-05,0.00025912577965714334,5.525e-05 / 2.591e-04,p10_difference_fixed_heun_n400_dt0.003125_L4,C:\Users\msz\aca\Workspaces\hs_table_data_20260927\out\profiles\p10_difference_fixed_heun_n400_dt0.003125_L4.npz,c2433fa5ff2c1be0310111749e0d2adaa1c1eaaea8f57829eda7246ec82981c6
2.1_expanded,,10,0.5,rk4,400,0.003125,16001,S1,model_not_constructed,,,—,,,
2.1_expanded,,10,0.5,rk4,400,0.003125,16001,S2,model_not_constructed,,,—,,,
2.1_expanded,,10,0.5,rk4,400,0.003125,16001,S3,model_not_constructed,,,—,,,
2.1_expanded,,10,0.5,rk4,400,0.003125,16001,S4,model_not_constructed,,,—,,,
2.1_expanded,,10,0.5,rk4,400,0.003125,16001,S5,completed,5.314455921491025e-05,0.00020043894360133319,5.314e-05 / 2.004e-04,p10_difference_rm_rk4_n400_dt0.003125_L4,C:\Users\msz\aca\Workspaces\hs_conserved_mesh_20260925\out\calibration_parameter_scan\profiles\p10_difference_rm_rk4_n400_dt0.003125_L4.npz,bad3613b145790f7f141e92ad7795682eea3212943c14a75afd9accc2f2d6295
2.1_expanded,,10,0.5,rk4,400,0.003125,16001,S6,completed,5.5251520695742684e-05,0.0002591412876798982,5.525e-05 / 2.591e-04,p10_difference_fixed_rk4_n400_dt0.003125_L4,C:\Users\msz\aca\Workspaces\hs_conserved_mesh_20260925\out\calibration_parameter_scan\profiles\p10_difference_fixed_rk4_n400_dt0.003125_L4.npz,0967418719ee7e892e9a3b6f4c9bbca1f813eee9c4e51b7a03d1e123aad4cbce
2.1_expanded,,10,0.5,rk8,400,0.003125,16001,S1,model_not_constructed,,,—,,,
2.1_expanded,,10,0.5,rk8,400,0.003125,16001,S2,model_not_constructed,,,—,,,
2.1_expanded,,10,0.5,rk8,400,0.003125,16001,S3,model_not_constructed,,,—,,,
2.1_expanded,,10,0.5,rk8,400,0.003125,16001,S4,model_not_constructed,,,—,,,
2.1_expanded,,10,0.5,rk8,400,0.003125,16001,S5,completed,5.314455817159551e-05,0.0002004389434854259,5.314e-05 / 2.004e-04,p10_difference_rm_rk8_n400_dt0.003125_L4,C:\Users\msz\aca\Workspaces\hs_table_data_20260927\out\profiles\p10_difference_rm_rk8_n400_dt0.003125_L4.npz,9a2786798aaef542cd665ac7fca5bd232217636d7e70662a6b36c25561c67c87
2.1_expanded,,10,0.5,rk8,400,0.003125,16001,S6,completed,5.525152071428341e-05,0.00025914128767967615,5.525e-05 / 2.591e-04,p10_difference_fixed_rk8_n400_dt0.003125_L4,C:\Users\msz\aca\Workspaces\hs_table_data_20260927\out\profiles\p10_difference_fixed_rk8_n400_dt0.003125_L4.npz,0315a375a33ba6429a52e35ba96dbae695b5f60e692f4cdc32af2e853fadf370
2.2_expanded,,10,0.25,euler,200,0.0125,8001,S1,model_not_constructed,,,—,,,
2.2_expanded,,10,0.25,euler,200,0.0125,8001,S2,model_not_constructed,,,—,,,
2.2_expanded,,10,0.25,euler,200,0.0125,8001,S3,model_not_constructed,,,—,,,
2.2_expanded,,10,0.25,euler,200,0.0125,8001,S4,model_not_constructed,,,—,,,
2.2_expanded,,10,0.25,euler,200,0.0125,8001,S5,completed,0.00016988972454622976,0.0006286003983192456,1.699e-04 / 6.286e-04,p10_difference_rm_euler_n200_dt0.0125_L4,C:\Users\msz\aca\Workspaces\hs_table_data_20260927\out\profiles\p10_difference_rm_euler_n200_dt0.0125_L4.npz,794eee7dfdbd7d2eab019b4e7840dd27d260e2680e646a253784389cfa6a8fd2
2.2_expanded,,10,0.25,euler,200,0.0125,8001,S6,completed,0.00017108457195555427,0.0008166588120968044,1.711e-04 / 8.167e-04,p10_difference_fixed_euler_n200_dt0.0125_L4,C:\Users\msz\aca\Workspaces\hs_table_data_20260927\out\profiles\p10_difference_fixed_euler_n200_dt0.0125_L4.npz,3865fa936940ee1befac3223b3e0bee2bd5ce559b58295363d75d89a5c709428
2.2_expanded,,10,0.25,heun,200,0.0125,8001,S1,model_not_constructed,,,—,,,
2.2_expanded,,10,0.25,heun,200,0.0125,8001,S2,model_not_constructed,,,—,,,
2.2_expanded,,10,0.25,heun,200,0.0125,8001,S3,model_not_constructed,,,—,,,
2.2_expanded,,10,0.25,heun,200,0.0125,8001,S4,model_not_constructed,,,—,,,
2.2_expanded,,10,0.25,heun,200,0.0125,8001,S5,completed,0.00014277096277489493,0.0006577252283258561,1.428e-04 / 6.577e-04,p10_difference_rm_heun_n200_dt0.0125_L4,C:\Users\msz\aca\Workspaces\hs_table_data_20260927\out\profiles\p10_difference_rm_heun_n200_dt0.0125_L4.npz,fad89e1b91f323f64f3c34f9e5de9b228bf8fe7134663d7b96b32e35a7055af0
2.2_expanded,,10,0.25,heun,200,0.0125,8001,S6,completed,0.00018188069473459856,0.0008639077184849908,1.819e-04 / 8.639e-04,p10_difference_fixed_heun_n200_dt0.0125_L4,C:\Users\msz\aca\Workspaces\hs_table_data_20260927\out\profiles\p10_difference_fixed_heun_n200_dt0.0125_L4.npz,24ce0339d4e7f93d9a788c36f7f75f63994c7b5a99fa2c4ea8d98e894feb854c
2.2_expanded,,10,0.25,rk4,200,0.0125,8001,S1,model_not_constructed,,,—,,,
2.2_expanded,,10,0.25,rk4,200,0.0125,8001,S2,model_not_constructed,,,—,,,
2.2_expanded,,10,0.25,rk4,200,0.0125,8001,S3,model_not_constructed,,,—,,,
2.2_expanded,,10,0.25,rk4,200,0.0125,8001,S4,model_not_constructed,,,—,,,
2.2_expanded,,10,0.25,rk4,200,0.0125,8001,S5,completed,0.0001435141149904156,0.0006579420747439002,1.435e-04 / 6.579e-04,p10_difference_rm_rk4_n200_dt0.0125_L4,C:\Users\msz\aca\Workspaces\hs_table_data_20260927\out\profiles\p10_difference_rm_rk4_n200_dt0.0125_L4.npz,e248df5ddd88a494f4eb814e0a0ef1ff53b3f0e5591ee28f9872f32e75651127
2.2_expanded,,10,0.25,rk4,200,0.0125,8001,S6,completed,0.00018186307257583856,0.0008640208052822507,1.819e-04 / 8.640e-04,p10_difference_fixed_rk4_n200_dt0.0125_L4,C:\Users\msz\aca\Workspaces\hs_table_data_20260927\out\profiles\p10_difference_fixed_rk4_n200_dt0.0125_L4.npz,3112aa3e15c3953c6bae37aa23f6020ceb678cfbd4b3b63b671611a428b38f7e
2.2_expanded,,10,0.25,rk8,200,0.0125,8001,S1,model_not_constructed,,,—,,,
2.2_expanded,,10,0.25,rk8,200,0.0125,8001,S2,model_not_constructed,,,—,,,
2.2_expanded,,10,0.25,rk8,200,0.0125,8001,S3,model_not_constructed,,,—,,,
2.2_expanded,,10,0.25,rk8,200,0.0125,8001,S4,model_not_constructed,,,—,,,
2.2_expanded,,10,0.25,rk8,200,0.0125,8001,S5,completed,0.0001435139921922915,0.0006579420577930151,1.435e-04 / 6.579e-04,p10_difference_rm_rk8_n200_dt0.0125_L4,C:\Users\msz\aca\Workspaces\hs_table_data_20260927\out\profiles\p10_difference_rm_rk8_n200_dt0.0125_L4.npz,3ec2b249941db2947cdf224d0f60d8cd0aa11376d6b8bff65f81d567b0cba5d0
2.2_expanded,,10,0.25,rk8,200,0.0125,8001,S6,completed,0.00018186307657255818,0.0008640208047607789,1.819e-04 / 8.640e-04,p10_difference_fixed_rk8_n200_dt0.0125_L4,C:\Users\msz\aca\Workspaces\hs_table_data_20260927\out\profiles\p10_difference_fixed_rk8_n200_dt0.0125_L4.npz,70304c5b98711246b5ee4d66081b0e2ea3c54982b067e6b6a72c373c5f59f7b7
2.2_expanded,,10,0.5,euler,200,0.0125,8001,S1,model_not_constructed,,,—,,,
2.2_expanded,,10,0.5,euler,200,0.0125,8001,S2,model_not_constructed,,,—,,,
2.2_expanded,,10,0.5,euler,200,0.0125,8001,S3,model_not_constructed,,,—,,,
2.2_expanded,,10,0.5,euler,200,0.0125,8001,S4,model_not_constructed,,,—,,,
2.2_expanded,,10,0.5,euler,200,0.0125,8001,S5,completed,0.00022965314384132927,0.000729150048633942,2.297e-04 / 7.292e-04,p10_difference_rm_euler_n200_dt0.0125_L4,C:\Users\msz\aca\Workspaces\hs_table_data_20260927\out\profiles\p10_difference_rm_euler_n200_dt0.0125_L4.npz,794eee7dfdbd7d2eab019b4e7840dd27d260e2680e646a253784389cfa6a8fd2
2.2_expanded,,10,0.5,euler,200,0.0125,8001,S6,completed,0.00020064000321087794,0.0009302321455888496,2.006e-04 / 9.302e-04,p10_difference_fixed_euler_n200_dt0.0125_L4,C:\Users\msz\aca\Workspaces\hs_table_data_20260927\out\profiles\p10_difference_fixed_euler_n200_dt0.0125_L4.npz,3865fa936940ee1befac3223b3e0bee2bd5ce559b58295363d75d89a5c709428
2.2_expanded,,10,0.5,heun,200,0.0125,8001,S1,model_not_constructed,,,—,,,
2.2_expanded,,10,0.5,heun,200,0.0125,8001,S2,model_not_constructed,,,—,,,
2.2_expanded,,10,0.5,heun,200,0.0125,8001,S3,model_not_constructed,,,—,,,
2.2_expanded,,10,0.5,heun,200,0.0125,8001,S4,model_not_constructed,,,—,,,
2.2_expanded,,10,0.5,heun,200,0.0125,8001,S5,completed,0.00021026764965600443,0.0007940249093737473,2.103e-04 / 7.940e-04,p10_difference_rm_heun_n200_dt0.0125_L4,C:\Users\msz\aca\Workspaces\hs_table_data_20260927\out\profiles\p10_difference_rm_heun_n200_dt0.0125_L4.npz,fad89e1b91f323f64f3c34f9e5de9b228bf8fe7134663d7b96b32e35a7055af0
2.2_expanded,,10,0.5,heun,200,0.0125,8001,S6,completed,0.0002202537203795929,0.0010278978837366948,2.203e-04 / 1.028e-03,p10_difference_fixed_heun_n200_dt0.0125_L4,C:\Users\msz\aca\Workspaces\hs_table_data_20260927\out\profiles\p10_difference_fixed_heun_n200_dt0.0125_L4.npz,24ce0339d4e7f93d9a788c36f7f75f63994c7b5a99fa2c4ea8d98e894feb854c
2.2_expanded,,10,0.5,rk4,200,0.0125,8001,S1,model_not_constructed,,,—,,,
2.2_expanded,,10,0.5,rk4,200,0.0125,8001,S2,model_not_constructed,,,—,,,
2.2_expanded,,10,0.5,rk4,200,0.0125,8001,S3,model_not_constructed,,,—,,,
2.2_expanded,,10,0.5,rk4,200,0.0125,8001,S4,model_not_constructed,,,—,,,
2.2_expanded,,10,0.5,rk4,200,0.0125,8001,S5,completed,0.0002119351329771587,0.0007944126882448721,2.119e-04 / 7.944e-04,p10_difference_rm_rk4_n200_dt0.0125_L4,C:\Users\msz\aca\Workspaces\hs_table_data_20260927\out\profiles\p10_difference_rm_rk4_n200_dt0.0125_L4.npz,e248df5ddd88a494f4eb814e0a0ef1ff53b3f0e5591ee28f9872f32e75651127
2.2_expanded,,10,0.5,rk4,200,0.0125,8001,S6,completed,0.00022021935756716404,0.0010281425966246482,2.202e-04 / 1.028e-03,p10_difference_fixed_rk4_n200_dt0.0125_L4,C:\Users\msz\aca\Workspaces\hs_table_data_20260927\out\profiles\p10_difference_fixed_rk4_n200_dt0.0125_L4.npz,3112aa3e15c3953c6bae37aa23f6020ceb678cfbd4b3b63b671611a428b38f7e
2.2_expanded,,10,0.5,rk8,200,0.0125,8001,S1,model_not_constructed,,,—,,,
2.2_expanded,,10,0.5,rk8,200,0.0125,8001,S2,model_not_constructed,,,—,,,
2.2_expanded,,10,0.5,rk8,200,0.0125,8001,S3,model_not_constructed,,,—,,,
2.2_expanded,,10,0.5,rk8,200,0.0125,8001,S4,model_not_constructed,,,—,,,
2.2_expanded,,10,0.5,rk8,200,0.0125,8001,S5,completed,0.00021193486250095823,0.000794412658704502,2.119e-04 / 7.944e-04,p10_difference_rm_rk8_n200_dt0.0125_L4,C:\Users\msz\aca\Workspaces\hs_table_data_20260927\out\profiles\p10_difference_rm_rk8_n200_dt0.0125_L4.npz,3ec2b249941db2947cdf224d0f60d8cd0aa11376d6b8bff65f81d567b0cba5d0
2.2_expanded,,10,0.5,rk8,200,0.0125,8001,S6,completed,0.0002202193654974316,0.0010281425965663615,2.202e-04 / 1.028e-03,p10_difference_fixed_rk8_n200_dt0.0125_L4,C:\Users\msz\aca\Workspaces\hs_table_data_20260927\out\profiles\p10_difference_fixed_rk8_n200_dt0.0125_L4.npz,70304c5b98711246b5ee4d66081b0e2ea3c54982b067e6b6a72c373c5f59f7b7
2.1_expanded,,11,0.25,euler,400,0.003125,16001,S1,model_not_constructed,,,—,,,
2.1_expanded,,11,0.25,euler,400,0.003125,16001,S2,model_not_constructed,,,—,,,
2.1_expanded,,11,0.25,euler,400,0.003125,16001,S3,model_not_constructed,,,—,,,
2.1_expanded,,11,0.25,euler,400,0.003125,16001,S4,model_not_constructed,,,—,,,
2.1_expanded,,11,0.25,euler,400,0.003125,16001,S5,completed,5.509634541653579e-05,0.0001942572479547433,5.510e-05 / 1.943e-04,p11_difference_rm_euler_n400_dt0.003125_L4,C:\Users\msz\aca\Workspaces\hs_error_theory_20260926\out_v2\profiles\p11_difference_rm_euler_n400_dt0.003125_L4.npz,c1432bafd36efc85b2b46c2799d82fc2949d1dc641aed5ab9151789e37cb2bd1
2.1_expanded,,11,0.25,euler,400,0.003125,16001,S6,completed,4.9303958824256644e-05,0.0002626366821145698,4.930e-05 / 2.626e-04,p11_difference_fixed_euler_n400_dt0.003125_L4,C:\Users\msz\aca\Workspaces\hs_error_theory_20260926\out_v2\profiles\p11_difference_fixed_euler_n400_dt0.003125_L4.npz,8a559e145fb2799c7d17fd1d3e0c3b7b93815f249d65c22fff2c15049e22eb8a
2.1_expanded,,11,0.25,heun,400,0.003125,16001,S1,model_not_constructed,,,—,,,
2.1_expanded,,11,0.25,heun,400,0.003125,16001,S2,model_not_constructed,,,—,,,
2.1_expanded,,11,0.25,heun,400,0.003125,16001,S3,model_not_constructed,,,—,,,
2.1_expanded,,11,0.25,heun,400,0.003125,16001,S4,model_not_constructed,,,—,,,
2.1_expanded,,11,0.25,heun,400,0.003125,16001,S5,completed,4.714590552869734e-05,0.0002017678852700433,4.715e-05 / 2.018e-04,p11_difference_rm_heun_n400_dt0.003125_L4,C:\Users\msz\aca\Workspaces\hs_table_data_20260927\out\profiles\p11_difference_rm_heun_n400_dt0.003125_L4.npz,1935285d8e2e424e680efdb9b1bc91b6fcdc30aa3c0c3e65e210a04a0ce1b6da
2.1_expanded,,11,0.25,heun,400,0.003125,16001,S6,completed,5.1588428859859065e-05,0.0002752168595664406,5.159e-05 / 2.752e-04,p11_difference_fixed_heun_n400_dt0.003125_L4,C:\Users\msz\aca\Workspaces\hs_table_data_20260927\out\profiles\p11_difference_fixed_heun_n400_dt0.003125_L4.npz,4dd4244681a6cfa7a7dc5b3045b35805c7429415448272000f7c60ee20843a8e
2.1_expanded,,11,0.25,rk4,400,0.003125,16001,S1,model_not_constructed,,,—,,,
2.1_expanded,,11,0.25,rk4,400,0.003125,16001,S2,model_not_constructed,,,—,,,
2.1_expanded,,11,0.25,rk4,400,0.003125,16001,S3,model_not_constructed,,,—,,,
2.1_expanded,,11,0.25,rk4,400,0.003125,16001,S4,model_not_constructed,,,—,,,
2.1_expanded,,11,0.25,rk4,400,0.003125,16001,S5,completed,4.720675426404374e-05,0.00020178402805270945,4.721e-05 / 2.018e-04,p11_difference_rm_rk4_n400_dt0.003125_L4,C:\Users\msz\aca\Workspaces\hs_error_theory_20260926\out_v2\profiles\p11_difference_rm_rk4_n400_dt0.003125_L4.npz,e5c086a18b46a2e7a63a72f3107e1f6c1359129fbb1e8366d7ae36878c377710
2.1_expanded,,11,0.25,rk4,400,0.003125,16001,S6,completed,5.159009284744914e-05,0.0002752250990590843,5.159e-05 / 2.752e-04,p11_difference_fixed_rk4_n400_dt0.003125_L4,C:\Users\msz\aca\Workspaces\hs_error_theory_20260926\out_v2\profiles\p11_difference_fixed_rk4_n400_dt0.003125_L4.npz,f9fa07b04b2a611d6dc24b77553604c9625db23ce71630058b57d86eac28acfe
2.1_expanded,,11,0.25,rk8,400,0.003125,16001,S1,model_not_constructed,,,—,,,
2.1_expanded,,11,0.25,rk8,400,0.003125,16001,S2,model_not_constructed,,,—,,,
2.1_expanded,,11,0.25,rk8,400,0.003125,16001,S3,model_not_constructed,,,—,,,
2.1_expanded,,11,0.25,rk8,400,0.003125,16001,S4,model_not_constructed,,,—,,,
2.1_expanded,,11,0.25,rk8,400,0.003125,16001,S5,completed,4.7206753645538495e-05,0.00020178402796300343,4.721e-05 / 2.018e-04,p11_difference_rm_rk8_n400_dt0.003125_L4,C:\Users\msz\aca\Workspaces\hs_table_data_20260927\out\profiles\p11_difference_rm_rk8_n400_dt0.003125_L4.npz,6cd352ddfa91daf330e48627c9bc8b67432d018c18cb9c60dd5d77e8531c3fbe
2.1_expanded,,11,0.25,rk8,400,0.003125,16001,S6,completed,5.159009284201599e-05,0.00027522509905819614,5.159e-05 / 2.752e-04,p11_difference_fixed_rk8_n400_dt0.003125_L4,C:\Users\msz\aca\Workspaces\hs_table_data_20260927\out\profiles\p11_difference_fixed_rk8_n400_dt0.003125_L4.npz,ba7799497df852eb5e73a22fd9c356e249f26b01bf0c4a4a8377f33369183e70
2.1_expanded,,11,0.5,euler,400,0.003125,16001,S1,model_not_constructed,,,—,,,
2.1_expanded,,11,0.5,euler,400,0.003125,16001,S2,model_not_constructed,,,—,,,
2.1_expanded,,11,0.5,euler,400,0.003125,16001,S3,model_not_constructed,,,—,,,
2.1_expanded,,11,0.5,euler,400,0.003125,16001,S4,model_not_constructed,,,—,,,
2.1_expanded,,11,0.5,euler,400,0.003125,16001,S5,completed,7.737880068448173e-05,0.00022895683889223584,7.738e-05 / 2.290e-04,p11_difference_rm_euler_n400_dt0.003125_L4,C:\Users\msz\aca\Workspaces\hs_error_theory_20260926\out_v2\profiles\p11_difference_rm_euler_n400_dt0.003125_L4.npz,c1432bafd36efc85b2b46c2799d82fc2949d1dc641aed5ab9151789e37cb2bd1
2.1_expanded,,11,0.5,euler,400,0.003125,16001,S6,completed,5.915161816247294e-05,0.00030346410542925195,5.915e-05 / 3.035e-04,p11_difference_fixed_euler_n400_dt0.003125_L4,C:\Users\msz\aca\Workspaces\hs_error_theory_20260926\out_v2\profiles\p11_difference_fixed_euler_n400_dt0.003125_L4.npz,8a559e145fb2799c7d17fd1d3e0c3b7b93815f249d65c22fff2c15049e22eb8a
2.1_expanded,,11,0.5,heun,400,0.003125,16001,S1,model_not_constructed,,,—,,,
2.1_expanded,,11,0.5,heun,400,0.003125,16001,S2,model_not_constructed,,,—,,,
2.1_expanded,,11,0.5,heun,400,0.003125,16001,S3,model_not_constructed,,,—,,,
2.1_expanded,,11,0.5,heun,400,0.003125,16001,S4,model_not_constructed,,,—,,,
2.1_expanded,,11,0.5,heun,400,0.003125,16001,S5,completed,7.305056240598275e-05,0.0002464350026404327,7.305e-05 / 2.464e-04,p11_difference_rm_heun_n400_dt0.003125_L4,C:\Users\msz\aca\Workspaces\hs_table_data_20260927\out\profiles\p11_difference_rm_heun_n400_dt0.003125_L4.npz,1935285d8e2e424e680efdb9b1bc91b6fcdc30aa3c0c3e65e210a04a0ce1b6da
2.1_expanded,,11,0.5,heun,400,0.003125,16001,S6,completed,6.377194157602961e-05,0.0003296822698136692,6.377e-05 / 3.297e-04,p11_difference_fixed_heun_n400_dt0.003125_L4,C:\Users\msz\aca\Workspaces\hs_table_data_20260927\out\profiles\p11_difference_fixed_heun_n400_dt0.003125_L4.npz,4dd4244681a6cfa7a7dc5b3045b35805c7429415448272000f7c60ee20843a8e
2.1_expanded,,11,0.5,rk4,400,0.003125,16001,S1,model_not_constructed,,,—,,,
2.1_expanded,,11,0.5,rk4,400,0.003125,16001,S2,model_not_constructed,,,—,,,
2.1_expanded,,11,0.5,rk4,400,0.003125,16001,S3,model_not_constructed,,,—,,,
2.1_expanded,,11,0.5,rk4,400,0.003125,16001,S4,model_not_constructed,,,—,,,
2.1_expanded,,11,0.5,rk4,400,0.003125,16001,S5,completed,7.317982883167564e-05,0.0002464645793406328,7.318e-05 / 2.465e-04,p11_difference_rm_rk4_n400_dt0.003125_L4,C:\Users\msz\aca\Workspaces\hs_error_theory_20260926\out_v2\profiles\p11_difference_rm_rk4_n400_dt0.003125_L4.npz,e5c086a18b46a2e7a63a72f3107e1f6c1359129fbb1e8366d7ae36878c377710
2.1_expanded,,11,0.5,rk4,400,0.003125,16001,S6,completed,6.377093679732493e-05,0.00032969960741680016,6.377e-05 / 3.297e-04,p11_difference_fixed_rk4_n400_dt0.003125_L4,C:\Users\msz\aca\Workspaces\hs_error_theory_20260926\out_v2\profiles\p11_difference_fixed_rk4_n400_dt0.003125_L4.npz,f9fa07b04b2a611d6dc24b77553604c9625db23ce71630058b57d86eac28acfe
2.1_expanded,,11,0.5,rk8,400,0.003125,16001,S1,model_not_constructed,,,—,,,
2.1_expanded,,11,0.5,rk8,400,0.003125,16001,S2,model_not_constructed,,,—,,,
2.1_expanded,,11,0.5,rk8,400,0.003125,16001,S3,model_not_constructed,,,—,,,
2.1_expanded,,11,0.5,rk8,400,0.003125,16001,S4,model_not_constructed,,,—,,,
2.1_expanded,,11,0.5,rk8,400,0.003125,16001,S5,completed,7.317982745889007e-05,0.0002464645791793174,7.318e-05 / 2.465e-04,p11_difference_rm_rk8_n400_dt0.003125_L4,C:\Users\msz\aca\Workspaces\hs_table_data_20260927\out\profiles\p11_difference_rm_rk8_n400_dt0.003125_L4.npz,6cd352ddfa91daf330e48627c9bc8b67432d018c18cb9c60dd5d77e8531c3fbe
2.1_expanded,,11,0.5,rk8,400,0.003125,16001,S6,completed,6.377093681725343e-05,0.0003296996074170222,6.377e-05 / 3.297e-04,p11_difference_fixed_rk8_n400_dt0.003125_L4,C:\Users\msz\aca\Workspaces\hs_table_data_20260927\out\profiles\p11_difference_fixed_rk8_n400_dt0.003125_L4.npz,ba7799497df852eb5e73a22fd9c356e249f26b01bf0c4a4a8377f33369183e70
2.2_expanded,,11,0.25,euler,200,0.0125,8001,S1,model_not_constructed,,,—,,,
2.2_expanded,,11,0.25,euler,200,0.0125,8001,S2,model_not_constructed,,,—,,,
2.2_expanded,,11,0.25,euler,200,0.0125,8001,S3,model_not_constructed,,,—,,,
2.2_expanded,,11,0.25,euler,200,0.0125,8001,S4,model_not_constructed,,,—,,,
2.2_expanded,,11,0.25,euler,200,0.0125,8001,S5,completed,0.000220332727257448,0.0007726065651313396,2.203e-04 / 7.726e-04,p11_difference_rm_euler_n200_dt0.0125_L4,C:\Users\msz\aca\Workspaces\hs_table_data_20260927\out\profiles\p11_difference_rm_euler_n200_dt0.0125_L4.npz,f7577e800225449eb571f2ef85f12caf016757b8d9f7d4177ea1dacf3e19f10a
2.2_expanded,,11,0.25,euler,200,0.0125,8001,S6,completed,0.00019572171739509411,0.0010354504112877194,1.957e-04 / 1.035e-03,p11_difference_fixed_euler_n200_dt0.0125_L4,C:\Users\msz\aca\Workspaces\hs_table_data_20260927\out\profiles\p11_difference_fixed_euler_n200_dt0.0125_L4.npz,c1d91be34f57b3e24077fb5a0918d5668dd5eebb2509203534a7a926cdd3da6b
2.2_expanded,,11,0.25,heun,200,0.0125,8001,S1,model_not_constructed,,,—,,,
2.2_expanded,,11,0.25,heun,200,0.0125,8001,S2,model_not_constructed,,,—,,,
2.2_expanded,,11,0.25,heun,200,0.0125,8001,S3,model_not_constructed,,,—,,,
2.2_expanded,,11,0.25,heun,200,0.0125,8001,S4,model_not_constructed,,,—,,,
2.2_expanded,,11,0.25,heun,200,0.0125,8001,S5,completed,0.00018697122774795523,0.0008029208004373123,1.870e-04 / 8.029e-04,p11_difference_rm_heun_n200_dt0.0125_L4,C:\Users\msz\aca\Workspaces\hs_table_data_20260927\out\profiles\p11_difference_rm_heun_n200_dt0.0125_L4.npz,90ea077609adebcdf9c559e936242ec337cae273bee9a23c725fc44f37726a6e
2.2_expanded,,11,0.25,heun,200,0.0125,8001,S6,completed,0.00020430252581238317,0.00108470311513853,2.043e-04 / 1.085e-03,p11_difference_fixed_heun_n200_dt0.0125_L4,C:\Users\msz\aca\Workspaces\hs_table_data_20260927\out\profiles\p11_difference_fixed_heun_n200_dt0.0125_L4.npz,d1fbd374597de59445535b919e214ad2096ad82b1a1c03d7bd568a461b79ab29
2.2_expanded,,11,0.25,rk4,200,0.0125,8001,S1,model_not_constructed,,,—,,,
2.2_expanded,,11,0.25,rk4,200,0.0125,8001,S2,model_not_constructed,,,—,,,
2.2_expanded,,11,0.25,rk4,200,0.0125,8001,S3,model_not_constructed,,,—,,,
2.2_expanded,,11,0.25,rk4,200,0.0125,8001,S4,model_not_constructed,,,—,,,
2.2_expanded,,11,0.25,rk4,200,0.0125,8001,S5,completed,0.0001878508639822623,0.0008031864105269015,1.879e-04 / 8.032e-04,p11_difference_rm_rk4_n200_dt0.0125_L4,C:\Users\msz\aca\Workspaces\hs_table_data_20260927\out\profiles\p11_difference_rm_rk4_n200_dt0.0125_L4.npz,581a349a916db429fe7fd202715c1dba6e8d08f3dd8a4ca43450843e1c31c1bc
2.2_expanded,,11,0.25,rk4,200,0.0125,8001,S6,completed,0.0002043386614293298,0.0010848340101120568,2.043e-04 / 1.085e-03,p11_difference_fixed_rk4_n200_dt0.0125_L4,C:\Users\msz\aca\Workspaces\hs_table_data_20260927\out\profiles\p11_difference_fixed_rk4_n200_dt0.0125_L4.npz,105e296668aa2139358d84b4e5b38144f0065cb7c0b33fcd30ccab36e0b524c9
2.2_expanded,,11,0.25,rk8,200,0.0125,8001,S1,model_not_constructed,,,—,,,
2.2_expanded,,11,0.25,rk8,200,0.0125,8001,S2,model_not_constructed,,,—,,,
2.2_expanded,,11,0.25,rk8,200,0.0125,8001,S3,model_not_constructed,,,—,,,
2.2_expanded,,11,0.25,rk8,200,0.0125,8001,S4,model_not_constructed,,,—,,,
2.2_expanded,,11,0.25,rk8,200,0.0125,8001,S5,completed,0.00018785072009388191,0.0008031863878212864,1.879e-04 / 8.032e-04,p11_difference_rm_rk8_n200_dt0.0125_L4,C:\Users\msz\aca\Workspaces\hs_table_data_20260927\out\profiles\p11_difference_rm_rk8_n200_dt0.0125_L4.npz,1e574bc752b5a31ca92a3112044fa4354b37c2e93d4129966a76c86f5d5ba3b1
2.2_expanded,,11,0.25,rk8,200,0.0125,8001,S6,completed,0.0002043386577281793,0.0010848340096519804,2.043e-04 / 1.085e-03,p11_difference_fixed_rk8_n200_dt0.0125_L4,C:\Users\msz\aca\Workspaces\hs_table_data_20260927\out\profiles\p11_difference_fixed_rk8_n200_dt0.0125_L4.npz,617c0b980b2bc832c94ef33f6a1d6e1efada8253d81364334462bf90f989d135
2.2_expanded,,11,0.5,euler,200,0.0125,8001,S1,model_not_constructed,,,—,,,
2.2_expanded,,11,0.5,euler,200,0.0125,8001,S2,model_not_constructed,,,—,,,
2.2_expanded,,11,0.5,euler,200,0.0125,8001,S3,model_not_constructed,,,—,,,
2.2_expanded,,11,0.5,euler,200,0.0125,8001,S4,model_not_constructed,,,—,,,
2.2_expanded,,11,0.5,euler,200,0.0125,8001,S5,completed,0.0003153265988481164,0.0009062705910898305,3.153e-04 / 9.063e-04,p11_difference_rm_euler_n200_dt0.0125_L4,C:\Users\msz\aca\Workspaces\hs_table_data_20260927\out\profiles\p11_difference_rm_euler_n200_dt0.0125_L4.npz,f7577e800225449eb571f2ef85f12caf016757b8d9f7d4177ea1dacf3e19f10a
2.2_expanded,,11,0.5,euler,200,0.0125,8001,S6,completed,0.000236356921662767,0.0012085157314946082,2.364e-04 / 1.209e-03,p11_difference_fixed_euler_n200_dt0.0125_L4,C:\Users\msz\aca\Workspaces\hs_table_data_20260927\out\profiles\p11_difference_fixed_euler_n200_dt0.0125_L4.npz,c1d91be34f57b3e24077fb5a0918d5668dd5eebb2509203534a7a926cdd3da6b
2.2_expanded,,11,0.5,heun,200,0.0125,8001,S1,model_not_constructed,,,—,,,
2.2_expanded,,11,0.5,heun,200,0.0125,8001,S2,model_not_constructed,,,—,,,
2.2_expanded,,11,0.5,heun,200,0.0125,8001,S3,model_not_constructed,,,—,,,
2.2_expanded,,11,0.5,heun,200,0.0125,8001,S4,model_not_constructed,,,—,,,
2.2_expanded,,11,0.5,heun,200,0.0125,8001,S5,completed,0.0002894843029967835,0.0009743820022579675,2.895e-04 / 9.744e-04,p11_difference_rm_heun_n200_dt0.0125_L4,C:\Users\msz\aca\Workspaces\hs_table_data_20260927\out\profiles\p11_difference_rm_heun_n200_dt0.0125_L4.npz,90ea077609adebcdf9c559e936242ec337cae273bee9a23c725fc44f37726a6e
2.2_expanded,,11,0.5,heun,200,0.0125,8001,S6,completed,0.0002540998751761059,0.0013137514457037813,2.541e-04 / 1.314e-03,p11_difference_fixed_heun_n200_dt0.0125_L4,C:\Users\msz\aca\Workspaces\hs_table_data_20260927\out\profiles\p11_difference_fixed_heun_n200_dt0.0125_L4.npz,d1fbd374597de59445535b919e214ad2096ad82b1a1c03d7bd568a461b79ab29
2.2_expanded,,11,0.5,rk4,200,0.0125,8001,S1,model_not_constructed,,,—,,,
2.2_expanded,,11,0.5,rk4,200,0.0125,8001,S2,model_not_constructed,,,—,,,
2.2_expanded,,11,0.5,rk4,200,0.0125,8001,S3,model_not_constructed,,,—,,,
2.2_expanded,,11,0.5,rk4,200,0.0125,8001,S4,model_not_constructed,,,—,,,
2.2_expanded,,11,0.5,rk4,200,0.0125,8001,S5,completed,0.0002914881621363056,0.0009748351063002536,2.915e-04 / 9.748e-04,p11_difference_rm_rk4_n200_dt0.0125_L4,C:\Users\msz\aca\Workspaces\hs_table_data_20260927\out\profiles\p11_difference_rm_rk4_n200_dt0.0125_L4.npz,581a349a916db429fe7fd202715c1dba6e8d08f3dd8a4ca43450843e1c31c1bc
2.2_expanded,,11,0.5,rk4,200,0.0125,8001,S6,completed,0.00025405991803281736,0.0013140177246355744,2.541e-04 / 1.314e-03,p11_difference_fixed_rk4_n200_dt0.0125_L4,C:\Users\msz\aca\Workspaces\hs_table_data_20260927\out\profiles\p11_difference_fixed_rk4_n200_dt0.0125_L4.npz,105e296668aa2139358d84b4e5b38144f0065cb7c0b33fcd30ccab36e0b524c9
2.2_expanded,,11,0.5,rk8,200,0.0125,8001,S1,model_not_constructed,,,—,,,
2.2_expanded,,11,0.5,rk8,200,0.0125,8001,S2,model_not_constructed,,,—,,,
2.2_expanded,,11,0.5,rk8,200,0.0125,8001,S3,model_not_constructed,,,—,,,
2.2_expanded,,11,0.5,rk8,200,0.0125,8001,S4,model_not_constructed,,,—,,,
2.2_expanded,,11,0.5,rk8,200,0.0125,8001,S5,completed,0.00029148783907981084,0.0009748350688719709,2.915e-04 / 9.748e-04,p11_difference_rm_rk8_n200_dt0.0125_L4,C:\Users\msz\aca\Workspaces\hs_table_data_20260927\out\profiles\p11_difference_rm_rk8_n200_dt0.0125_L4.npz,1e574bc752b5a31ca92a3112044fa4354b37c2e93d4129966a76c86f5d5ba3b1
2.2_expanded,,11,0.5,rk8,200,0.0125,8001,S6,completed,0.00025405992714028214,0.0013140177246228069,2.541e-04 / 1.314e-03,p11_difference_fixed_rk8_n200_dt0.0125_L4,C:\Users\msz\aca\Workspaces\hs_table_data_20260927\out\profiles\p11_difference_fixed_rk8_n200_dt0.0125_L4.npz,617c0b980b2bc832c94ef33f6a1d6e1efada8253d81364334462bf90f989d135
2.1_expanded,,12,0.25,euler,400,0.003125,16001,S1,model_not_constructed,,,—,,,
2.1_expanded,,12,0.25,euler,400,0.003125,16001,S2,model_not_constructed,,,—,,,
2.1_expanded,,12,0.25,euler,400,0.003125,16001,S3,model_not_constructed,,,—,,,
2.1_expanded,,12,0.25,euler,400,0.003125,16001,S4,model_not_constructed,,,—,,,
2.1_expanded,,12,0.25,euler,400,0.003125,16001,S5,completed,6.94709168679291e-05,0.00023285672306372351,6.947e-05 / 2.329e-04,p12_difference_rm_euler_n400_dt0.003125_L4,C:\Users\msz\aca\Workspaces\hs_conserved_mesh_20260925\out\euler_comparison\profiles\p12_difference_rm_euler_n400_dt0.003125_L4.npz,2d216a460df928d991ce83117ac5d0c5bb1b877a35d714c0b8f2ceb81144e611
2.1_expanded,,12,0.25,euler,400,0.003125,16001,S6,completed,5.8169494742889294e-05,0.00032700470050306407,5.817e-05 / 3.270e-04,p12_difference_fixed_euler_n400_dt0.003125_L4,C:\Users\msz\aca\Workspaces\hs_conserved_mesh_20260925\out\euler_comparison\profiles\p12_difference_fixed_euler_n400_dt0.003125_L4.npz,647a401224f059835b84bdd98d4f9d28c32ab4bb1c83b1d724c60ff426a5ee92
2.1_expanded,,12,0.25,heun,400,0.003125,16001,S1,model_not_constructed,,,—,,,
2.1_expanded,,12,0.25,heun,400,0.003125,16001,S2,model_not_constructed,,,—,,,
2.1_expanded,,12,0.25,heun,400,0.003125,16001,S3,model_not_constructed,,,—,,,
2.1_expanded,,12,0.25,heun,400,0.003125,16001,S4,model_not_constructed,,,—,,,
2.1_expanded,,12,0.25,heun,400,0.003125,16001,S5,completed,6.020996490711285e-05,0.000240609320496743,6.021e-05 / 2.406e-04,p12_difference_rm_heun_n400_dt0.003125_L4,C:\Users\msz\aca\Workspaces\hs_table_data_20260927\out\profiles\p12_difference_rm_heun_n400_dt0.003125_L4.npz,a5b7d879a2ed88fd45e13d7743b2bc7a36a3f9a9dffe666978128319930bf087
2.1_expanded,,12,0.25,heun,400,0.003125,16001,S6,completed,6.0442116688406294e-05,0.0003403760993594407,6.044e-05 / 3.404e-04,p12_difference_fixed_heun_n400_dt0.003125_L4,C:\Users\msz\aca\Workspaces\hs_table_data_20260927\out\profiles\p12_difference_fixed_heun_n400_dt0.003125_L4.npz,a8a1e53917d77254fd0d549d53e6df04af8eb5c63c9ca86743c59e0c451bef59
2.1_expanded,,12,0.25,rk4,400,0.003125,16001,S1,model_not_constructed,,,—,,,
2.1_expanded,,12,0.25,rk4,400,0.003125,16001,S2,model_not_constructed,,,—,,,
2.1_expanded,,12,0.25,rk4,400,0.003125,16001,S3,model_not_constructed,,,—,,,
2.1_expanded,,12,0.25,rk4,400,0.003125,16001,S4,model_not_constructed,,,—,,,
2.1_expanded,,12,0.25,rk4,400,0.003125,16001,S5,completed,6.0279397348698104e-05,0.00024062857422502137,6.028e-05 / 2.406e-04,p12_difference_rm_rk4_n400_dt0.003125_L4,C:\Users\msz\aca\Workspaces\hs_conserved_mesh_20260925\out\parameter_calibration\profiles\p12_difference_rm_rk4_n400_dt0.003125_L4.npz,9c333a784ac105d0ff91d0639c0a8eff0faffafc5d9b94d8f510b88d095d632a
2.1_expanded,,12,0.25,rk4,400,0.003125,16001,S6,completed,6.044393612542401e-05,0.00034038484412013403,6.044e-05 / 3.404e-04,p12_difference_fixed_rk4_n400_dt0.003125_L4,C:\Users\msz\aca\Workspaces\hs_conserved_mesh_20260925\out\parameter_calibration\profiles\p12_difference_fixed_rk4_n400_dt0.003125_L4.npz,ab1ba998b80f0ca903cbe4b419790626e82578a3dc64f3a02396f526c1dc8cda
2.1_expanded,,12,0.25,rk8,400,0.003125,16001,S1,model_not_constructed,,,—,,,
2.1_expanded,,12,0.25,rk8,400,0.003125,16001,S2,model_not_constructed,,,—,,,
2.1_expanded,,12,0.25,rk8,400,0.003125,16001,S3,model_not_constructed,,,—,,,
2.1_expanded,,12,0.25,rk8,400,0.003125,16001,S4,model_not_constructed,,,—,,,
2.1_expanded,,12,0.25,rk8,400,0.003125,16001,S5,completed,6.027939665761116e-05,0.00024062857411244476,6.028e-05 / 2.406e-04,p12_difference_rm_rk8_n400_dt0.003125_L4,C:\Users\msz\aca\Workspaces\hs_table_data_20260927\out\profiles\p12_difference_rm_rk8_n400_dt0.003125_L4.npz,90350c4cf8b04041152df0dd6eec197cca36e2f24d0874a6117d716746a43adf
2.1_expanded,,12,0.25,rk8,400,0.003125,16001,S6,completed,6.0443936119349007e-05,0.00034038484411869074,6.044e-05 / 3.404e-04,p12_difference_fixed_rk8_n400_dt0.003125_L4,C:\Users\msz\aca\Workspaces\hs_table_data_20260927\out\profiles\p12_difference_fixed_rk8_n400_dt0.003125_L4.npz,3d48062e0303a9ea5c751b9cfeb93198f2735739105294cc41ce1e65c6198d64
2.1_expanded,,12,0.5,euler,400,0.003125,16001,S1,model_not_constructed,,,—,,,
2.1_expanded,,12,0.5,euler,400,0.003125,16001,S2,model_not_constructed,,,—,,,
2.1_expanded,,12,0.5,euler,400,0.003125,16001,S3,model_not_constructed,,,—,,,
2.1_expanded,,12,0.5,euler,400,0.003125,16001,S4,model_not_constructed,,,—,,,
2.1_expanded,,12,0.5,euler,400,0.003125,16001,S5,completed,0.00010204648944293904,0.00027723620614139577,1.020e-04 / 2.772e-04,p12_difference_rm_euler_n400_dt0.003125_L4,C:\Users\msz\aca\Workspaces\hs_conserved_mesh_20260925\out\euler_comparison\profiles\p12_difference_rm_euler_n400_dt0.003125_L4.npz,2d216a460df928d991ce83117ac5d0c5bb1b877a35d714c0b8f2ceb81144e611
2.1_expanded,,12,0.5,euler,400,0.003125,16001,S6,completed,6.794085234035352e-05,0.0003822576244909559,6.794e-05 / 3.823e-04,p12_difference_fixed_euler_n400_dt0.003125_L4,C:\Users\msz\aca\Workspaces\hs_conserved_mesh_20260925\out\euler_comparison\profiles\p12_difference_fixed_euler_n400_dt0.003125_L4.npz,647a401224f059835b84bdd98d4f9d28c32ab4bb1c83b1d724c60ff426a5ee92
2.1_expanded,,12,0.5,heun,400,0.003125,16001,S1,model_not_constructed,,,—,,,
2.1_expanded,,12,0.5,heun,400,0.003125,16001,S2,model_not_constructed,,,—,,,
2.1_expanded,,12,0.5,heun,400,0.003125,16001,S3,model_not_constructed,,,—,,,
2.1_expanded,,12,0.5,heun,400,0.003125,16001,S4,model_not_constructed,,,—,,,
2.1_expanded,,12,0.5,heun,400,0.003125,16001,S5,completed,9.67549987991919e-05,0.0002955428175149821,9.675e-05 / 2.955e-04,p12_difference_rm_heun_n400_dt0.003125_L4,C:\Users\msz\aca\Workspaces\hs_table_data_20260927\out\profiles\p12_difference_rm_heun_n400_dt0.003125_L4.npz,a5b7d879a2ed88fd45e13d7743b2bc7a36a3f9a9dffe666978128319930bf087
2.1_expanded,,12,0.5,heun,400,0.003125,16001,S6,completed,7.216317499283975e-05,0.000410330728418673,7.216e-05 / 4.103e-04,p12_difference_fixed_heun_n400_dt0.003125_L4,C:\Users\msz\aca\Workspaces\hs_table_data_20260927\out\profiles\p12_difference_fixed_heun_n400_dt0.003125_L4.npz,a8a1e53917d77254fd0d549d53e6df04af8eb5c63c9ca86743c59e0c451bef59
2.1_expanded,,12,0.5,rk4,400,0.003125,16001,S1,model_not_constructed,,,—,,,
2.1_expanded,,12,0.5,rk4,400,0.003125,16001,S2,model_not_constructed,,,—,,,
2.1_expanded,,12,0.5,rk4,400,0.003125,16001,S3,model_not_constructed,,,—,,,
2.1_expanded,,12,0.5,rk4,400,0.003125,16001,S4,model_not_constructed,,,—,,,
2.1_expanded,,12,0.5,rk4,400,0.003125,16001,S5,completed,9.69037606271218e-05,0.00029557674484481655,9.690e-05 / 2.956e-04,p12_difference_rm_rk4_n400_dt0.003125_L4,C:\Users\msz\aca\Workspaces\hs_conserved_mesh_20260925\out\parameter_calibration\profiles\p12_difference_rm_rk4_n400_dt0.003125_L4.npz,9c333a784ac105d0ff91d0639c0a8eff0faffafc5d9b94d8f510b88d095d632a
2.1_expanded,,12,0.5,rk4,400,0.003125,16001,S6,completed,7.216233094198277e-05,0.00041034926187766274,7.216e-05 / 4.103e-04,p12_difference_fixed_rk4_n400_dt0.003125_L4,C:\Users\msz\aca\Workspaces\hs_conserved_mesh_20260925\out\parameter_calibration\profiles\p12_difference_fixed_rk4_n400_dt0.003125_L4.npz,ab1ba998b80f0ca903cbe4b419790626e82578a3dc64f3a02396f526c1dc8cda
2.1_expanded,,12,0.5,rk8,400,0.003125,16001,S1,model_not_constructed,,,—,,,
2.1_expanded,,12,0.5,rk8,400,0.003125,16001,S2,model_not_constructed,,,—,,,
2.1_expanded,,12,0.5,rk8,400,0.003125,16001,S3,model_not_constructed,,,—,,,
2.1_expanded,,12,0.5,rk8,400,0.003125,16001,S4,model_not_constructed,,,—,,,
2.1_expanded,,12,0.5,rk8,400,0.003125,16001,S5,completed,9.690375908752089e-05,0.0002955767446624069,9.690e-05 / 2.956e-04,p12_difference_rm_rk8_n400_dt0.003125_L4,C:\Users\msz\aca\Workspaces\hs_table_data_20260927\out\profiles\p12_difference_rm_rk8_n400_dt0.003125_L4.npz,90350c4cf8b04041152df0dd6eec197cca36e2f24d0874a6117d716746a43adf
2.1_expanded,,12,0.5,rk8,400,0.003125,16001,S6,completed,7.216233096138391e-05,0.0004103492618779958,7.216e-05 / 4.103e-04,p12_difference_fixed_rk8_n400_dt0.003125_L4,C:\Users\msz\aca\Workspaces\hs_table_data_20260927\out\profiles\p12_difference_fixed_rk8_n400_dt0.003125_L4.npz,3d48062e0303a9ea5c751b9cfeb93198f2735739105294cc41ce1e65c6198d64
2.2_expanded,,12,0.25,euler,200,0.0125,8001,S1,model_not_constructed,,,—,,,
2.2_expanded,,12,0.25,euler,200,0.0125,8001,S2,model_not_constructed,,,—,,,
2.2_expanded,,12,0.25,euler,200,0.0125,8001,S3,model_not_constructed,,,—,,,
2.2_expanded,,12,0.25,euler,200,0.0125,8001,S4,model_not_constructed,,,—,,,
2.2_expanded,,12,0.25,euler,200,0.0125,8001,S5,completed,0.0002780278824918263,0.0009235930394877467,2.780e-04 / 9.236e-04,p12_difference_rm_euler_n200_dt0.0125_L4,C:\Users\msz\aca\Workspaces\hs_conserved_mesh_20260925\out\parameter_calibration\profiles\p12_difference_rm_euler_n200_dt0.0125_L4.npz,dbfbd126fdf7cb779dc78067ec69c697e6a53357d59cca7e1ac13e620b0c262f
2.2_expanded,,12,0.25,euler,200,0.0125,8001,S6,completed,0.00023272182048918177,0.001304914599995155,2.327e-04 / 1.305e-03,p12_difference_fixed_euler_n200_dt0.0125_L4,C:\Users\msz\aca\Workspaces\hs_conserved_mesh_20260925\out\parameter_calibration\profiles\p12_difference_fixed_euler_n200_dt0.0125_L4.npz,9d1f2cd73c46d984de5c6488fe766ef670a931f900d1f0b83f86cc9f18a8a225
2.2_expanded,,12,0.25,heun,200,0.0125,8001,S1,model_not_constructed,,,—,,,
2.2_expanded,,12,0.25,heun,200,0.0125,8001,S2,model_not_constructed,,,—,,,
2.2_expanded,,12,0.25,heun,200,0.0125,8001,S3,model_not_constructed,,,—,,,
2.2_expanded,,12,0.25,heun,200,0.0125,8001,S4,model_not_constructed,,,—,,,
2.2_expanded,,12,0.25,heun,200,0.0125,8001,S5,completed,0.00023910476424104845,0.0009549453046907574,2.391e-04 / 9.549e-04,p12_difference_rm_heun_n200_dt0.0125_L4,C:\Users\msz\aca\Workspaces\hs_conserved_mesh_20260925\out\parameter_calibration\profiles\p12_difference_rm_heun_n200_dt0.0125_L4.npz,3ca18ffd4cf5a325017b6035be61bf9f5664eec64dda8eabee043fa4c47dcb26
2.2_expanded,,12,0.25,heun,200,0.0125,8001,S6,completed,0.0002412074949222666,0.0013576999071215345,2.412e-04 / 1.358e-03,p12_difference_fixed_heun_n200_dt0.0125_L4,C:\Users\msz\aca\Workspaces\hs_conserved_mesh_20260925\out\parameter_calibration\profiles\p12_difference_fixed_heun_n200_dt0.0125_L4.npz,abe127cda5cbd19b37d5851391d19b61119fcc00c32b92e3255d1e9dd59d9258
2.2_expanded,,12,0.25,rk4,200,0.0125,8001,S1,model_not_constructed,,,—,,,
2.2_expanded,,12,0.25,rk4,200,0.0125,8001,S2,model_not_constructed,,,—,,,
2.2_expanded,,12,0.25,rk4,200,0.0125,8001,S3,model_not_constructed,,,—,,,
2.2_expanded,,12,0.25,rk4,200,0.0125,8001,S4,model_not_constructed,,,—,,,
2.2_expanded,,12,0.25,rk4,200,0.0125,8001,S5,completed,0.00024011066902141984,0.0009552630049087796,2.401e-04 / 9.553e-04,p12_difference_rm_rk4_n200_dt0.0125_L4,C:\Users\msz\aca\Workspaces\hs_conserved_mesh_20260925\out\parameter_calibration\profiles\p12_difference_rm_rk4_n200_dt0.0125_L4.npz,5f49a749d3699cb802313833156cb919c0e5db49753b103e56727b4d28304d81
2.2_expanded,,12,0.25,rk4,200,0.0125,8001,S6,completed,0.00024124983897260907,0.0013578400176519345,2.412e-04 / 1.358e-03,p12_difference_fixed_rk4_n200_dt0.0125_L4,C:\Users\msz\aca\Workspaces\hs_conserved_mesh_20260925\out\parameter_calibration\profiles\p12_difference_fixed_rk4_n200_dt0.0125_L4.npz,56eb6e4acff7f7c8f48c92119f23db59c6789fb39e0a8ea29c2fcb233530fc87
2.2_expanded,,12,0.25,rk8,200,0.0125,8001,S1,model_not_constructed,,,—,,,
2.2_expanded,,12,0.25,rk8,200,0.0125,8001,S2,model_not_constructed,,,—,,,
2.2_expanded,,12,0.25,rk8,200,0.0125,8001,S3,model_not_constructed,,,—,,,
2.2_expanded,,12,0.25,rk8,200,0.0125,8001,S4,model_not_constructed,,,—,,,
2.2_expanded,,12,0.25,rk8,200,0.0125,8001,S5,completed,0.00024011050635495967,0.0009552629759410625,2.401e-04 / 9.553e-04,p12_difference_rm_rk8_n200_dt0.0125_L4,C:\Users\msz\aca\Workspaces\hs_conserved_mesh_20260925\out\parameter_calibration\profiles\p12_difference_rm_rk8_n200_dt0.0125_L4.npz,e22963452b11f6b86bf05887021eed60ffa98d9ab539b89535363ee54f93f71e
2.2_expanded,,12,0.25,rk8,200,0.0125,8001,S6,completed,0.000241249834416285,0.0013578400168269278,2.412e-04 / 1.358e-03,p12_difference_fixed_rk8_n200_dt0.0125_L4,C:\Users\msz\aca\Workspaces\hs_conserved_mesh_20260925\out\parameter_calibration\profiles\p12_difference_fixed_rk8_n200_dt0.0125_L4.npz,afc6c44cf9a304ce8ddb611b7b79247f581d764960c25f0c5c0b0bddf6e09de1
2.2_expanded,,12,0.5,euler,200,0.0125,8001,S1,model_not_constructed,,,—,,,
2.2_expanded,,12,0.5,euler,200,0.0125,8001,S2,model_not_constructed,,,—,,,
2.2_expanded,,12,0.5,euler,200,0.0125,8001,S3,model_not_constructed,,,—,,,
2.2_expanded,,12,0.5,euler,200,0.0125,8001,S4,model_not_constructed,,,—,,,
2.2_expanded,,12,0.5,euler,200,0.0125,8001,S5,completed,0.0004157356207667518,0.0010963185693886324,4.157e-04 / 1.096e-03,p12_difference_rm_euler_n200_dt0.0125_L4,C:\Users\msz\aca\Workspaces\hs_conserved_mesh_20260925\out\parameter_calibration\profiles\p12_difference_rm_euler_n200_dt0.0125_L4.npz,dbfbd126fdf7cb779dc78067ec69c697e6a53357d59cca7e1ac13e620b0c262f
2.2_expanded,,12,0.5,euler,200,0.0125,8001,S6,completed,0.00027148312870384217,0.0014978475889015908,2.715e-04 / 1.498e-03,p12_difference_fixed_euler_n200_dt0.0125_L4,C:\Users\msz\aca\Workspaces\hs_conserved_mesh_20260925\out\parameter_calibration\profiles\p12_difference_fixed_euler_n200_dt0.0125_L4.npz,9d1f2cd73c46d984de5c6488fe766ef670a931f900d1f0b83f86cc9f18a8a225
2.2_expanded,,12,0.5,heun,200,0.0125,8001,S1,model_not_constructed,,,—,,,
2.2_expanded,,12,0.5,heun,200,0.0125,8001,S2,model_not_constructed,,,—,,,
2.2_expanded,,12,0.5,heun,200,0.0125,8001,S3,model_not_constructed,,,—,,,
2.2_expanded,,12,0.5,heun,200,0.0125,8001,S4,model_not_constructed,,,—,,,
2.2_expanded,,12,0.5,heun,200,0.0125,8001,S5,completed,0.0003833200228645474,0.0011674571750039942,3.833e-04 / 1.167e-03,p12_difference_rm_heun_n200_dt0.0125_L4,C:\Users\msz\aca\Workspaces\hs_conserved_mesh_20260925\out\parameter_calibration\profiles\p12_difference_rm_heun_n200_dt0.0125_L4.npz,3ca18ffd4cf5a325017b6035be61bf9f5664eec64dda8eabee043fa4c47dcb26
2.2_expanded,,12,0.5,heun,200,0.0125,8001,S6,completed,0.00028737518703988996,0.0016086097878408312,2.874e-04 / 1.609e-03,p12_difference_fixed_heun_n200_dt0.0125_L4,C:\Users\msz\aca\Workspaces\hs_conserved_mesh_20260925\out\parameter_calibration\profiles\p12_difference_fixed_heun_n200_dt0.0125_L4.npz,abe127cda5cbd19b37d5851391d19b61119fcc00c32b92e3255d1e9dd59d9258
2.2_expanded,,12,0.5,rk4,200,0.0125,8001,S1,model_not_constructed,,,—,,,
2.2_expanded,,12,0.5,rk4,200,0.0125,8001,S2,model_not_constructed,,,—,,,
2.2_expanded,,12,0.5,rk4,200,0.0125,8001,S3,model_not_constructed,,,—,,,
2.2_expanded,,12,0.5,rk4,200,0.0125,8001,S4,model_not_constructed,,,—,,,
2.2_expanded,,12,0.5,rk4,200,0.0125,8001,S5,completed,0.0003856202291424903,0.0011679755443667617,3.856e-04 / 1.168e-03,p12_difference_rm_rk4_n200_dt0.0125_L4,C:\Users\msz\aca\Workspaces\hs_conserved_mesh_20260925\out\parameter_calibration\profiles\p12_difference_rm_rk4_n200_dt0.0125_L4.npz,5f49a749d3699cb802313833156cb919c0e5db49753b103e56727b4d28304d81
2.2_expanded,,12,0.5,rk4,200,0.0125,8001,S6,completed,0.0002873285744594001,0.001608886469607107,2.873e-04 / 1.609e-03,p12_difference_fixed_rk4_n200_dt0.0125_L4,C:\Users\msz\aca\Workspaces\hs_conserved_mesh_20260925\out\parameter_calibration\profiles\p12_difference_fixed_rk4_n200_dt0.0125_L4.npz,56eb6e4acff7f7c8f48c92119f23db59c6789fb39e0a8ea29c2fcb233530fc87
2.2_expanded,,12,0.5,rk8,200,0.0125,8001,S1,model_not_constructed,,,—,,,
2.2_expanded,,12,0.5,rk8,200,0.0125,8001,S2,model_not_constructed,,,—,,,
2.2_expanded,,12,0.5,rk8,200,0.0125,8001,S3,model_not_constructed,,,—,,,
2.2_expanded,,12,0.5,rk8,200,0.0125,8001,S4,model_not_constructed,,,—,,,
2.2_expanded,,12,0.5,rk8,200,0.0125,8001,S5,completed,0.0003856198613324171,0.001167975498904683,3.856e-04 / 1.168e-03,p12_difference_rm_rk8_n200_dt0.0125_L4,C:\Users\msz\aca\Workspaces\hs_conserved_mesh_20260925\out\parameter_calibration\profiles\p12_difference_rm_rk8_n200_dt0.0125_L4.npz,e22963452b11f6b86bf05887021eed60ffa98d9ab539b89535363ee54f93f71e
2.2_expanded,,12,0.5,rk8,200,0.0125,8001,S6,completed,0.0002873285848933038,0.0016088864696424121,2.873e-04 / 1.609e-03,p12_difference_fixed_rk8_n200_dt0.0125_L4,C:\Users\msz\aca\Workspaces\hs_conserved_mesh_20260925\out\parameter_calibration\profiles\p12_difference_fixed_rk8_n200_dt0.0125_L4.npz,afc6c44cf9a304ce8ddb611b7b79247f581d764960c25f0c5c0b0bddf6e09de1
2.1_expanded,,13,0.25,euler,400,0.003125,16001,S1,model_not_constructed,,,—,,,
2.1_expanded,,13,0.25,euler,400,0.003125,16001,S2,model_not_constructed,,,—,,,
2.1_expanded,,13,0.25,euler,400,0.003125,16001,S3,model_not_constructed,,,—,,,
2.1_expanded,,13,0.25,euler,400,0.003125,16001,S4,model_not_constructed,,,—,,,
2.1_expanded,,13,0.25,euler,400,0.003125,16001,S5,completed,8.53521053415093e-05,0.0002731083914020438,8.535e-05 / 2.731e-04,p13_difference_rm_euler_n400_dt0.003125_L4,C:\Users\msz\aca\Workspaces\hs_waveform_atlas_20260927\out\profiles\p13_difference_rm_euler_n400_dt0.003125_L4.npz,ceaec5e0a088a15b1e23968b13cd44f309c22bb637337fa6000eec80b8a6a608
2.1_expanded,,13,0.25,euler,400,0.003125,16001,S6,completed,6.72925666410952e-05,0.0003980698660122073,6.729e-05 / 3.981e-04,p13_difference_fixed_euler_n400_dt0.003125_L4,C:\Users\msz\aca\Workspaces\hs_waveform_atlas_20260927\out\profiles\p13_difference_fixed_euler_n400_dt0.003125_L4.npz,4767c2799eb9102312c7190cb0b4a4da6382835f666636261747af2a4e0c3029
2.1_expanded,,13,0.25,heun,400,0.003125,16001,S1,model_not_constructed,,,—,,,
2.1_expanded,,13,0.25,heun,400,0.003125,16001,S2,model_not_constructed,,,—,,,
2.1_expanded,,13,0.25,heun,400,0.003125,16001,S3,model_not_constructed,,,—,,,
2.1_expanded,,13,0.25,heun,400,0.003125,16001,S4,model_not_constructed,,,—,,,
2.1_expanded,,13,0.25,heun,400,0.003125,16001,S5,completed,7.494503106279891e-05,0.00028108298120888,7.495e-05 / 2.811e-04,p13_difference_rm_heun_n400_dt0.003125_L4,C:\Users\msz\aca\Workspaces\hs_table_data_20260927\out\profiles\p13_difference_rm_heun_n400_dt0.003125_L4.npz,a5edaa5ae793150d2dd63d2adfc42254de674a7ee447c9b02b04f166f9d2c26b
2.1_expanded,,13,0.25,heun,400,0.003125,16001,S6,completed,6.952592774547503e-05,0.00041201205099805627,6.953e-05 / 4.120e-04,p13_difference_fixed_heun_n400_dt0.003125_L4,C:\Users\msz\aca\Workspaces\hs_table_data_20260927\out\profiles\p13_difference_fixed_heun_n400_dt0.003125_L4.npz,3b150cae596f39a6f61f15ee79bd11894f2690a5693d4ca0cdcf44b6fec68f87
2.1_expanded,,13,0.25,rk4,400,0.003125,16001,S1,model_not_constructed,,,—,,,
2.1_expanded,,13,0.25,rk4,400,0.003125,16001,S2,model_not_constructed,,,—,,,
2.1_expanded,,13,0.25,rk4,400,0.003125,16001,S3,model_not_constructed,,,—,,,
2.1_expanded,,13,0.25,rk4,400,0.003125,16001,S4,model_not_constructed,,,—,,,
2.1_expanded,,13,0.25,rk4,400,0.003125,16001,S5,completed,7.502220224219099e-05,0.0002811055930120876,7.502e-05 / 2.811e-04,p13_difference_rm_rk4_n400_dt0.003125_L4,C:\Users\msz\aca\Workspaces\hs_table_data_20260927\out\profiles\p13_difference_rm_rk4_n400_dt0.003125_L4.npz,da1ba89fca8dccc6e7d71966d297e7628183338b3dbb37e3eb8c0106b5eea78d
2.1_expanded,,13,0.25,rk4,400,0.003125,16001,S6,completed,6.952787088015597e-05,0.0004120214288184654,6.953e-05 / 4.120e-04,p13_difference_fixed_rk4_n400_dt0.003125_L4,C:\Users\msz\aca\Workspaces\hs_table_data_20260927\out\profiles\p13_difference_fixed_rk4_n400_dt0.003125_L4.npz,46d14f5c236ff40d7b407b37beef18960c3ca8041ed99a29b65912b999f79114
2.1_expanded,,13,0.25,rk8,400,0.003125,16001,S1,model_not_constructed,,,—,,,
2.1_expanded,,13,0.25,rk8,400,0.003125,16001,S2,model_not_constructed,,,—,,,
2.1_expanded,,13,0.25,rk8,400,0.003125,16001,S3,model_not_constructed,,,—,,,
2.1_expanded,,13,0.25,rk8,400,0.003125,16001,S4,model_not_constructed,,,—,,,
2.1_expanded,,13,0.25,rk8,400,0.003125,16001,S5,completed,7.502220132207284e-05,0.0002811055928678696,7.502e-05 / 2.811e-04,p13_difference_rm_rk8_n400_dt0.003125_L4,C:\Users\msz\aca\Workspaces\hs_table_data_20260927\out\profiles\p13_difference_rm_rk8_n400_dt0.003125_L4.npz,2beb89397a6d7fdf089710de3f355c074906a3a27ce2c7c53f4e813fff67c16b
2.1_expanded,,13,0.25,rk8,400,0.003125,16001,S6,completed,6.952787087107296e-05,0.0004120214288170221,6.953e-05 / 4.120e-04,p13_difference_fixed_rk8_n400_dt0.003125_L4,C:\Users\msz\aca\Workspaces\hs_table_data_20260927\out\profiles\p13_difference_fixed_rk8_n400_dt0.003125_L4.npz,5466c3187f9b8d4fe5e4a14f8089b6050090883e26e6383ff9e653bad5e4e9c6
2.1_expanded,,13,0.5,euler,400,0.003125,16001,S1,model_not_constructed,,,—,,,
2.1_expanded,,13,0.5,euler,400,0.003125,16001,S2,model_not_constructed,,,—,,,
2.1_expanded,,13,0.5,euler,400,0.003125,16001,S3,model_not_constructed,,,—,,,
2.1_expanded,,13,0.5,euler,400,0.003125,16001,S4,model_not_constructed,,,—,,,
2.1_expanded,,13,0.5,euler,400,0.003125,16001,S5,completed,0.00013028215931079178,0.00032835698912714317,1.303e-04 / 3.284e-04,p13_difference_rm_euler_n400_dt0.003125_L4,C:\Users\msz\aca\Workspaces\hs_waveform_atlas_20260927\out\profiles\p13_difference_rm_euler_n400_dt0.003125_L4.npz,ceaec5e0a088a15b1e23968b13cd44f309c22bb637337fa6000eec80b8a6a608
2.1_expanded,,13,0.5,euler,400,0.003125,16001,S6,completed,7.657751486223052e-05,0.0004698853861208052,7.658e-05 / 4.699e-04,p13_difference_fixed_euler_n400_dt0.003125_L4,C:\Users\msz\aca\Workspaces\hs_waveform_atlas_20260927\out\profiles\p13_difference_fixed_euler_n400_dt0.003125_L4.npz,4767c2799eb9102312c7190cb0b4a4da6382835f666636261747af2a4e0c3029
2.1_expanded,,13,0.5,heun,400,0.003125,16001,S1,model_not_constructed,,,—,,,
2.1_expanded,,13,0.5,heun,400,0.003125,16001,S2,model_not_constructed,,,—,,,
2.1_expanded,,13,0.5,heun,400,0.003125,16001,S3,model_not_constructed,,,—,,,
2.1_expanded,,13,0.5,heun,400,0.003125,16001,S4,model_not_constructed,,,—,,,
2.1_expanded,,13,0.5,heun,400,0.003125,16001,S5,completed,0.00012407348827522032,0.0003474725071246354,1.241e-04 / 3.475e-04,p13_difference_rm_heun_n400_dt0.003125_L4,C:\Users\msz\aca\Workspaces\hs_table_data_20260927\out\profiles\p13_difference_rm_heun_n400_dt0.003125_L4.npz,a5edaa5ae793150d2dd63d2adfc42254de674a7ee447c9b02b04f166f9d2c26b
2.1_expanded,,13,0.5,heun,400,0.003125,16001,S6,completed,8.04332409437003e-05,0.0004992017313519836,8.043e-05 / 4.992e-04,p13_difference_fixed_heun_n400_dt0.003125_L4,C:\Users\msz\aca\Workspaces\hs_table_data_20260927\out\profiles\p13_difference_fixed_heun_n400_dt0.003125_L4.npz,3b150cae596f39a6f61f15ee79bd11894f2690a5693d4ca0cdcf44b6fec68f87
2.1_expanded,,13,0.5,rk4,400,0.003125,16001,S1,model_not_constructed,,,—,,,
2.1_expanded,,13,0.5,rk4,400,0.003125,16001,S2,model_not_constructed,,,—,,,
2.1_expanded,,13,0.5,rk4,400,0.003125,16001,S3,model_not_constructed,,,—,,,
2.1_expanded,,13,0.5,rk4,400,0.003125,16001,S4,model_not_constructed,,,—,,,
2.1_expanded,,13,0.5,rk4,400,0.003125,16001,S5,completed,0.00012423908866043658,0.000347510838955567,1.242e-04 / 3.475e-04,p13_difference_rm_rk4_n400_dt0.003125_L4,C:\Users\msz\aca\Workspaces\hs_table_data_20260927\out\profiles\p13_difference_rm_rk4_n400_dt0.003125_L4.npz,da1ba89fca8dccc6e7d71966d297e7628183338b3dbb37e3eb8c0106b5eea78d
2.1_expanded,,13,0.5,rk4,400,0.003125,16001,S6,completed,8.043236532936926e-05,0.0004992216184717124,8.043e-05 / 4.992e-04,p13_difference_fixed_rk4_n400_dt0.003125_L4,C:\Users\msz\aca\Workspaces\hs_table_data_20260927\out\profiles\p13_difference_fixed_rk4_n400_dt0.003125_L4.npz,46d14f5c236ff40d7b407b37beef18960c3ca8041ed99a29b65912b999f79114
2.1_expanded,,13,0.5,rk8,400,0.003125,16001,S1,model_not_constructed,,,—,,,
2.1_expanded,,13,0.5,rk8,400,0.003125,16001,S2,model_not_constructed,,,—,,,
2.1_expanded,,13,0.5,rk8,400,0.003125,16001,S3,model_not_constructed,,,—,,,
2.1_expanded,,13,0.5,rk8,400,0.003125,16001,S4,model_not_constructed,,,—,,,
2.1_expanded,,13,0.5,rk8,400,0.003125,16001,S5,completed,0.00012423908690855322,0.0003475108387236414,1.242e-04 / 3.475e-04,p13_difference_rm_rk8_n400_dt0.003125_L4,C:\Users\msz\aca\Workspaces\hs_table_data_20260927\out\profiles\p13_difference_rm_rk8_n400_dt0.003125_L4.npz,2beb89397a6d7fdf089710de3f355c074906a3a27ce2c7c53f4e813fff67c16b
2.1_expanded,,13,0.5,rk8,400,0.003125,16001,S6,completed,8.043236534932552e-05,0.0004992216184726006,8.043e-05 / 4.992e-04,p13_difference_fixed_rk8_n400_dt0.003125_L4,C:\Users\msz\aca\Workspaces\hs_table_data_20260927\out\profiles\p13_difference_fixed_rk8_n400_dt0.003125_L4.npz,5466c3187f9b8d4fe5e4a14f8089b6050090883e26e6383ff9e653bad5e4e9c6
2.2_expanded,,13,0.25,euler,200,0.0125,8001,S1,model_not_constructed,,,—,,,
2.2_expanded,,13,0.25,euler,200,0.0125,8001,S2,model_not_constructed,,,—,,,
2.2_expanded,,13,0.25,euler,200,0.0125,8001,S3,model_not_constructed,,,—,,,
2.2_expanded,,13,0.25,euler,200,0.0125,8001,S4,model_not_constructed,,,—,,,
2.2_expanded,,13,0.25,euler,200,0.0125,8001,S5,completed,0.0003415454240650595,0.0010790248442538175,3.415e-04 / 1.079e-03,p13_difference_rm_euler_n200_dt0.0125_L4,C:\Users\msz\aca\Workspaces\hs_table_data_20260927\out\profiles\p13_difference_rm_euler_n200_dt0.0125_L4.npz,122c6dac2c3c2d83d02bb2276ea10f4397787fa8ba5a9dc8262ab76de1eca8f7
2.2_expanded,,13,0.25,euler,200,0.0125,8001,S6,completed,0.0002679875400445515,0.0015544827476481338,2.680e-04 / 1.554e-03,p13_difference_fixed_euler_n200_dt0.0125_L4,C:\Users\msz\aca\Workspaces\hs_table_data_20260927\out\profiles\p13_difference_fixed_euler_n200_dt0.0125_L4.npz,89a44338273fdb99cb775f8bb565eaf490eab479d77cfd2a7c17002ff807910c
2.2_expanded,,13,0.25,heun,200,0.0125,8001,S1,model_not_constructed,,,—,,,
2.2_expanded,,13,0.25,heun,200,0.0125,8001,S2,model_not_constructed,,,—,,,
2.2_expanded,,13,0.25,heun,200,0.0125,8001,S3,model_not_constructed,,,—,,,
2.2_expanded,,13,0.25,heun,200,0.0125,8001,S4,model_not_constructed,,,—,,,
2.2_expanded,,13,0.25,heun,200,0.0125,8001,S5,completed,0.00029779064326887743,0.0011113263331370415,2.978e-04 / 1.111e-03,p13_difference_rm_heun_n200_dt0.0125_L4,C:\Users\msz\aca\Workspaces\hs_table_data_20260927\out\profiles\p13_difference_rm_heun_n200_dt0.0125_L4.npz,969b31c399b995c5cfa6cb40b2381b48061e92e3e2427c60e534258a270b21d6
2.2_expanded,,13,0.25,heun,200,0.0125,8001,S6,completed,0.00027620108813568994,0.0016088238605173055,2.762e-04 / 1.609e-03,p13_difference_fixed_heun_n200_dt0.0125_L4,C:\Users\msz\aca\Workspaces\hs_table_data_20260927\out\profiles\p13_difference_fixed_heun_n200_dt0.0125_L4.npz,808f3aeb7101c557cb6087904bacc15d740244575059d5a4488c43e008a4a92a
2.2_expanded,,13,0.25,rk4,200,0.0125,8001,S1,model_not_constructed,,,—,,,
2.2_expanded,,13,0.25,rk4,200,0.0125,8001,S2,model_not_constructed,,,—,,,
2.2_expanded,,13,0.25,rk4,200,0.0125,8001,S3,model_not_constructed,,,—,,,
2.2_expanded,,13,0.25,rk4,200,0.0125,8001,S4,model_not_constructed,,,—,,,
2.2_expanded,,13,0.25,rk4,200,0.0125,8001,S5,completed,0.0002988851908273032,0.0011116997054485545,2.989e-04 / 1.112e-03,p13_difference_rm_rk4_n200_dt0.0125_L4,C:\Users\msz\aca\Workspaces\hs_table_data_20260927\out\profiles\p13_difference_rm_rk4_n200_dt0.0125_L4.npz,dc376602106490b910fef4aa0a78ddc3891ddc8bfb8a00af65d3eb246fce842b
2.2_expanded,,13,0.25,rk4,200,0.0125,8001,S6,completed,0.00027624922119014184,0.0016089660047234888,2.762e-04 / 1.609e-03,p13_difference_fixed_rk4_n200_dt0.0125_L4,C:\Users\msz\aca\Workspaces\hs_table_data_20260927\out\profiles\p13_difference_fixed_rk4_n200_dt0.0125_L4.npz,34c61cbc75a170169a7e8f5b9fa8f67debc93bfd5ca7d1e694d654250518d7a3
2.2_expanded,,13,0.25,rk8,200,0.0125,8001,S1,model_not_constructed,,,—,,,
2.2_expanded,,13,0.25,rk8,200,0.0125,8001,S2,model_not_constructed,,,—,,,
2.2_expanded,,13,0.25,rk8,200,0.0125,8001,S3,model_not_constructed,,,—,,,
2.2_expanded,,13,0.25,rk8,200,0.0125,8001,S4,model_not_constructed,,,—,,,
2.2_expanded,,13,0.25,rk8,200,0.0125,8001,S5,completed,0.0002988850149270505,0.0011116996697452253,2.989e-04 / 1.112e-03,p13_difference_rm_rk8_n200_dt0.0125_L4,C:\Users\msz\aca\Workspaces\hs_table_data_20260927\out\profiles\p13_difference_rm_rk8_n200_dt0.0125_L4.npz,83d1b842fd19e6ae38ebe2ec3fd1d43ca55eaa05a314438f191af054b34ec267
2.2_expanded,,13,0.25,rk8,200,0.0125,8001,S6,completed,0.0002762492157222518,0.0016089660033524744,2.762e-04 / 1.609e-03,p13_difference_fixed_rk8_n200_dt0.0125_L4,C:\Users\msz\aca\Workspaces\hs_table_data_20260927\out\profiles\p13_difference_fixed_rk8_n200_dt0.0125_L4.npz,27a9d2cdd6e07f4e3d93758cf7640708a989d15f99bc8b523e441026dee67a74
2.2_expanded,,13,0.5,euler,200,0.0125,8001,S1,model_not_constructed,,,—,,,
2.2_expanded,,13,0.5,euler,200,0.0125,8001,S2,model_not_constructed,,,—,,,
2.2_expanded,,13,0.5,euler,200,0.0125,8001,S3,model_not_constructed,,,—,,,
2.2_expanded,,13,0.5,euler,200,0.0125,8001,S4,model_not_constructed,,,—,,,
2.2_expanded,,13,0.5,euler,200,0.0125,8001,S5,completed,0.0005312015487062352,0.0012982677061014192,5.312e-04 / 1.298e-03,p13_difference_rm_euler_n200_dt0.0125_L4,C:\Users\msz\aca\Workspaces\hs_table_data_20260927\out\profiles\p13_difference_rm_euler_n200_dt0.0125_L4.npz,122c6dac2c3c2d83d02bb2276ea10f4397787fa8ba5a9dc8262ab76de1eca8f7
2.2_expanded,,13,0.5,euler,200,0.0125,8001,S6,completed,0.0003060248152824685,0.0018620892216960616,3.060e-04 / 1.862e-03,p13_difference_fixed_euler_n200_dt0.0125_L4,C:\Users\msz\aca\Workspaces\hs_table_data_20260927\out\profiles\p13_difference_fixed_euler_n200_dt0.0125_L4.npz,89a44338273fdb99cb775f8bb565eaf490eab479d77cfd2a7c17002ff807910c
2.2_expanded,,13,0.5,heun,200,0.0125,8001,S1,model_not_constructed,,,—,,,
2.2_expanded,,13,0.5,heun,200,0.0125,8001,S2,model_not_constructed,,,—,,,
2.2_expanded,,13,0.5,heun,200,0.0125,8001,S3,model_not_constructed,,,—,,,
2.2_expanded,,13,0.5,heun,200,0.0125,8001,S4,model_not_constructed,,,—,,,
2.2_expanded,,13,0.5,heun,200,0.0125,8001,S5,completed,0.0004921912084027954,0.0013723670957931366,4.922e-04 / 1.372e-03,p13_difference_rm_heun_n200_dt0.0125_L4,C:\Users\msz\aca\Workspaces\hs_table_data_20260927\out\profiles\p13_difference_rm_heun_n200_dt0.0125_L4.npz,969b31c399b995c5cfa6cb40b2381b48061e92e3e2427c60e534258a270b21d6
2.2_expanded,,13,0.5,heun,200,0.0125,8001,S6,completed,0.0003201084885656458,0.0019773615462268523,3.201e-04 / 1.977e-03,p13_difference_fixed_heun_n200_dt0.0125_L4,C:\Users\msz\aca\Workspaces\hs_table_data_20260927\out\profiles\p13_difference_fixed_heun_n200_dt0.0125_L4.npz,808f3aeb7101c557cb6087904bacc15d740244575059d5a4488c43e008a4a92a
2.2_expanded,,13,0.5,rk4,200,0.0125,8001,S1,model_not_constructed,,,—,,,
2.2_expanded,,13,0.5,rk4,200,0.0125,8001,S2,model_not_constructed,,,—,,,
2.2_expanded,,13,0.5,rk4,200,0.0125,8001,S3,model_not_constructed,,,—,,,
2.2_expanded,,13,0.5,rk4,200,0.0125,8001,S4,model_not_constructed,,,—,,,
2.2_expanded,,13,0.5,rk4,200,0.0125,8001,S5,completed,0.0004947389726969384,0.0013729519826257697,4.947e-04 / 1.373e-03,p13_difference_rm_rk4_n200_dt0.0125_L4,C:\Users\msz\aca\Workspaces\hs_table_data_20260927\out\profiles\p13_difference_rm_rk4_n200_dt0.0125_L4.npz,dc376602106490b910fef4aa0a78ddc3891ddc8bfb8a00af65d3eb246fce842b
2.2_expanded,,13,0.5,rk4,200,0.0125,8001,S6,completed,0.0003200586558474994,0.0019776711714389883,3.201e-04 / 1.978e-03,p13_difference_fixed_rk4_n200_dt0.0125_L4,C:\Users\msz\aca\Workspaces\hs_table_data_20260927\out\profiles\p13_difference_fixed_rk4_n200_dt0.0125_L4.npz,34c61cbc75a170169a7e8f5b9fa8f67debc93bfd5ca7d1e694d654250518d7a3
2.2_expanded,,13,0.5,rk8,200,0.0125,8001,S1,model_not_constructed,,,—,,,
2.2_expanded,,13,0.5,rk8,200,0.0125,8001,S2,model_not_constructed,,,—,,,
2.2_expanded,,13,0.5,rk8,200,0.0125,8001,S3,model_not_constructed,,,—,,,
2.2_expanded,,13,0.5,rk8,200,0.0125,8001,S4,model_not_constructed,,,—,,,
2.2_expanded,,13,0.5,rk8,200,0.0125,8001,S5,completed,0.000494738566651211,0.0013729519289138459,4.947e-04 / 1.373e-03,p13_difference_rm_rk8_n200_dt0.0125_L4,C:\Users\msz\aca\Workspaces\hs_table_data_20260927\out\profiles\p13_difference_rm_rk8_n200_dt0.0125_L4.npz,83d1b842fd19e6ae38ebe2ec3fd1d43ca55eaa05a314438f191af054b34ec267
2.2_expanded,,13,0.5,rk8,200,0.0125,8001,S6,completed,0.0003200586677800099,0.0019776711718979545,3.201e-04 / 1.978e-03,p13_difference_fixed_rk8_n200_dt0.0125_L4,C:\Users\msz\aca\Workspaces\hs_table_data_20260927\out\profiles\p13_difference_fixed_rk8_n200_dt0.0125_L4.npz,27a9d2cdd6e07f4e3d93758cf7640708a989d15f99bc8b523e441026dee67a74
2.1_expanded,,14,0.25,euler,400,0.003125,16001,S1,model_not_constructed,,,—,,,
2.1_expanded,,14,0.25,euler,400,0.003125,16001,S2,model_not_constructed,,,—,,,
2.1_expanded,,14,0.25,euler,400,0.003125,16001,S3,model_not_constructed,,,—,,,
2.1_expanded,,14,0.25,euler,400,0.003125,16001,S4,model_not_constructed,,,—,,,
2.1_expanded,,14,0.25,euler,400,0.003125,16001,S5,completed,0.00010273977358768883,0.0003151349795667002,1.027e-04 / 3.151e-04,p14_difference_rm_euler_n400_dt0.003125_L4,C:\Users\msz\aca\Workspaces\hs_error_theory_20260926\out_v2\profiles\p14_difference_rm_euler_n400_dt0.003125_L4.npz,d37b1d5114c3c04b5b1d42a0fd5f0cc5f50381cf483aaabcb2f35cec1c0470de
2.1_expanded,,14,0.25,euler,400,0.003125,16001,S6,completed,7.63121555202445e-05,0.0004758629498156086,7.631e-05 / 4.759e-04,p14_difference_fixed_euler_n400_dt0.003125_L4,C:\Users\msz\aca\Workspaces\hs_error_theory_20260926\out_v2\profiles\p14_difference_fixed_euler_n400_dt0.003125_L4.npz,3e69b4c3eb4dccc77db65a46072f3c2a4d33b4097e6f112b6df48607e07bbd2a
2.1_expanded,,14,0.25,heun,400,0.003125,16001,S1,model_not_constructed,,,—,,,
2.1_expanded,,14,0.25,heun,400,0.003125,16001,S2,model_not_constructed,,,—,,,
2.1_expanded,,14,0.25,heun,400,0.003125,16001,S3,model_not_constructed,,,—,,,
2.1_expanded,,14,0.25,heun,400,0.003125,16001,S4,model_not_constructed,,,—,,,
2.1_expanded,,14,0.25,heun,400,0.003125,16001,S5,completed,9.132421797715135e-05,0.0003229766007867285,9.132e-05 / 3.230e-04,p14_difference_rm_heun_n400_dt0.003125_L4,C:\Users\msz\aca\Workspaces\hs_table_data_20260927\out\profiles\p14_difference_rm_heun_n400_dt0.003125_L4.npz,9d6efe9b0653d9529517943d75123234ab2b76f1ca021a61c4f343a7adda9d6b
2.1_expanded,,14,0.25,heun,400,0.003125,16001,S6,completed,7.848392041766294e-05,0.0004901371348206007,7.848e-05 / 4.901e-04,p14_difference_fixed_heun_n400_dt0.003125_L4,C:\Users\msz\aca\Workspaces\hs_table_data_20260927\out\profiles\p14_difference_fixed_heun_n400_dt0.003125_L4.npz,83d6326c4ae57cba0548075ec3ccc4120ebb25f9c8a717833b1ccb8c60e1ed4e
2.1_expanded,,14,0.25,rk4,400,0.003125,16001,S1,model_not_constructed,,,—,,,
2.1_expanded,,14,0.25,rk4,400,0.003125,16001,S2,model_not_constructed,,,—,,,
2.1_expanded,,14,0.25,rk4,400,0.003125,16001,S3,model_not_constructed,,,—,,,
2.1_expanded,,14,0.25,rk4,400,0.003125,16001,S4,model_not_constructed,,,—,,,
2.1_expanded,,14,0.25,rk4,400,0.003125,16001,S5,completed,9.140742145480416e-05,0.000322999031578175,9.141e-05 / 3.230e-04,p14_difference_rm_rk4_n400_dt0.003125_L4,C:\Users\msz\aca\Workspaces\hs_error_theory_20260926\out_v2\profiles\p14_difference_rm_rk4_n400_dt0.003125_L4.npz,ae5dc1a0f2cb3878bb25d44899562692942c828ff6760feaf8642fb290ecce4e
2.1_expanded,,14,0.25,rk4,400,0.003125,16001,S6,completed,7.848597447623895e-05,0.0004901473228701159,7.849e-05 / 4.901e-04,p14_difference_fixed_rk4_n400_dt0.003125_L4,C:\Users\msz\aca\Workspaces\hs_error_theory_20260926\out_v2\profiles\p14_difference_fixed_rk4_n400_dt0.003125_L4.npz,ab2dd34cfc3dc3a7409e70134f0d09d9fb1283574c0699b7904a6c52b430b134
2.1_expanded,,14,0.25,rk8,400,0.003125,16001,S1,model_not_constructed,,,—,,,
2.1_expanded,,14,0.25,rk8,400,0.003125,16001,S2,model_not_constructed,,,—,,,
2.1_expanded,,14,0.25,rk8,400,0.003125,16001,S3,model_not_constructed,,,—,,,
2.1_expanded,,14,0.25,rk8,400,0.003125,16001,S4,model_not_constructed,,,—,,,
2.1_expanded,,14,0.25,rk8,400,0.003125,16001,S5,completed,9.140742052284045e-05,0.00032299903143506725,9.141e-05 / 3.230e-04,p14_difference_rm_rk8_n400_dt0.003125_L4,C:\Users\msz\aca\Workspaces\hs_table_data_20260927\out\profiles\p14_difference_rm_rk8_n400_dt0.003125_L4.npz,b8457e61734c71ec3dcd4b185082a847c6da9ca8cd3acfdd0d3ab607fc6fbbcd
2.1_expanded,,14,0.25,rk8,400,0.003125,16001,S6,completed,7.848597446842576e-05,0.0004901473228694497,7.849e-05 / 4.901e-04,p14_difference_fixed_rk8_n400_dt0.003125_L4,C:\Users\msz\aca\Workspaces\hs_table_data_20260927\out\profiles\p14_difference_fixed_rk8_n400_dt0.003125_L4.npz,3ba4f9f8769e5041fe1bf58687d9f614eed3844707e638005e08b5d528ea77d3
2.1_expanded,,14,0.5,euler,400,0.003125,16001,S1,model_not_constructed,,,—,,,
2.1_expanded,,14,0.5,euler,400,0.003125,16001,S2,model_not_constructed,,,—,,,
2.1_expanded,,14,0.5,euler,400,0.003125,16001,S3,model_not_constructed,,,—,,,
2.1_expanded,,14,0.5,euler,400,0.003125,16001,S4,model_not_constructed,,,—,,,
2.1_expanded,,14,0.5,euler,400,0.003125,16001,S5,completed,0.00016176900052615288,0.0003817615037163824,1.618e-04 / 3.818e-04,p14_difference_rm_euler_n400_dt0.003125_L4,C:\Users\msz\aca\Workspaces\hs_error_theory_20260926\out_v2\profiles\p14_difference_rm_euler_n400_dt0.003125_L4.npz,d37b1d5114c3c04b5b1d42a0fd5f0cc5f50381cf483aaabcb2f35cec1c0470de
2.1_expanded,,14,0.5,euler,400,0.003125,16001,S6,completed,8.504744926432495e-05,0.0005651745461769941,8.505e-05 / 5.652e-04,p14_difference_fixed_euler_n400_dt0.003125_L4,C:\Users\msz\aca\Workspaces\hs_error_theory_20260926\out_v2\profiles\p14_difference_fixed_euler_n400_dt0.003125_L4.npz,3e69b4c3eb4dccc77db65a46072f3c2a4d33b4097e6f112b6df48607e07bbd2a
2.1_expanded,,14,0.5,heun,400,0.003125,16001,S1,model_not_constructed,,,—,,,
2.1_expanded,,14,0.5,heun,400,0.003125,16001,S2,model_not_constructed,,,—,,,
2.1_expanded,,14,0.5,heun,400,0.003125,16001,S3,model_not_constructed,,,—,,,
2.1_expanded,,14,0.5,heun,400,0.003125,16001,S4,model_not_constructed,,,—,,,
2.1_expanded,,14,0.5,heun,400,0.003125,16001,S5,completed,0.00015468194956858115,0.0004016807064198824,1.547e-04 / 4.017e-04,p14_difference_rm_heun_n400_dt0.003125_L4,C:\Users\msz\aca\Workspaces\hs_table_data_20260927\out\profiles\p14_difference_rm_heun_n400_dt0.003125_L4.npz,9d6efe9b0653d9529517943d75123234ab2b76f1ca021a61c4f343a7adda9d6b
2.1_expanded,,14,0.5,heun,400,0.003125,16001,S6,completed,8.856314902205842e-05,0.0005956097012946859,8.856e-05 / 5.956e-04,p14_difference_fixed_heun_n400_dt0.003125_L4,C:\Users\msz\aca\Workspaces\hs_table_data_20260927\out\profiles\p14_difference_fixed_heun_n400_dt0.003125_L4.npz,83d6326c4ae57cba0548075ec3ccc4120ebb25f9c8a717833b1ccb8c60e1ed4e
2.1_expanded,,14,0.5,rk4,400,0.003125,16001,S1,model_not_constructed,,,—,,,
2.1_expanded,,14,0.5,rk4,400,0.003125,16001,S2,model_not_constructed,,,—,,,
2.1_expanded,,14,0.5,rk4,400,0.003125,16001,S3,model_not_constructed,,,—,,,
2.1_expanded,,14,0.5,rk4,400,0.003125,16001,S4,model_not_constructed,,,—,,,
2.1_expanded,,14,0.5,rk4,400,0.003125,16001,S5,completed,0.00015486197937055694,0.00040172359547407943,1.549e-04 / 4.017e-04,p14_difference_rm_rk4_n400_dt0.003125_L4,C:\Users\msz\aca\Workspaces\hs_error_theory_20260926\out_v2\profiles\p14_difference_rm_rk4_n400_dt0.003125_L4.npz,ae5dc1a0f2cb3878bb25d44899562692942c828ff6760feaf8642fb290ecce4e
2.1_expanded,,14,0.5,rk4,400,0.003125,16001,S6,completed,8.856221441488898e-05,0.0005956306898883268,8.856e-05 / 5.956e-04,p14_difference_fixed_rk4_n400_dt0.003125_L4,C:\Users\msz\aca\Workspaces\hs_error_theory_20260926\out_v2\profiles\p14_difference_fixed_rk4_n400_dt0.003125_L4.npz,ab2dd34cfc3dc3a7409e70134f0d09d9fb1283574c0699b7904a6c52b430b134
2.1_expanded,,14,0.5,rk8,400,0.003125,16001,S1,model_not_constructed,,,—,,,
2.1_expanded,,14,0.5,rk8,400,0.003125,16001,S2,model_not_constructed,,,—,,,
2.1_expanded,,14,0.5,rk8,400,0.003125,16001,S3,model_not_constructed,,,—,,,
2.1_expanded,,14,0.5,rk8,400,0.003125,16001,S4,model_not_constructed,,,—,,,
2.1_expanded,,14,0.5,rk8,400,0.003125,16001,S5,completed,0.0001548619776751605,0.00040172359522028245,1.549e-04 / 4.017e-04,p14_difference_rm_rk8_n400_dt0.003125_L4,C:\Users\msz\aca\Workspaces\hs_table_data_20260927\out\profiles\p14_difference_rm_rk8_n400_dt0.003125_L4.npz,b8457e61734c71ec3dcd4b185082a847c6da9ca8cd3acfdd0d3ab607fc6fbbcd
2.1_expanded,,14,0.5,rk8,400,0.003125,16001,S6,completed,8.85622144366216e-05,0.0005956306898901031,8.856e-05 / 5.956e-04,p14_difference_fixed_rk8_n400_dt0.003125_L4,C:\Users\msz\aca\Workspaces\hs_table_data_20260927\out\profiles\p14_difference_fixed_rk8_n400_dt0.003125_L4.npz,3ba4f9f8769e5041fe1bf58687d9f614eed3844707e638005e08b5d528ea77d3
2.2_expanded,,14,0.25,euler,200,0.0125,8001,S1,model_not_constructed,,,—,,,
2.2_expanded,,14,0.25,euler,200,0.0125,8001,S2,model_not_constructed,,,—,,,
2.2_expanded,,14,0.25,euler,200,0.0125,8001,S3,model_not_constructed,,,—,,,
2.2_expanded,,14,0.25,euler,200,0.0125,8001,S4,model_not_constructed,,,—,,,
2.2_expanded,,14,0.25,euler,200,0.0125,8001,S5,completed,0.00041028993775901485,0.001240035590771238,4.103e-04 / 1.240e-03,p14_difference_rm_euler_n200_dt0.0125_L4,C:\Users\msz\aca\Workspaces\hs_table_data_20260927\out\profiles\p14_difference_rm_euler_n200_dt0.0125_L4.npz,832567dacc19045a83e7325830c2c9411edee2a2b61913bf16c607cd677ca552
2.2_expanded,,14,0.25,euler,200,0.0125,8001,S6,completed,0.0003017842230856084,0.001897337863466242,3.018e-04 / 1.897e-03,p14_difference_fixed_euler_n200_dt0.0125_L4,C:\Users\msz\aca\Workspaces\hs_table_data_20260927\out\profiles\p14_difference_fixed_euler_n200_dt0.0125_L4.npz,cf071f849f6e2b341f14ce72ca413abd3acb8f729d44903c085a29431778a9cd
2.2_expanded,,14,0.25,heun,200,0.0125,8001,S1,model_not_constructed,,,—,,,
2.2_expanded,,14,0.25,heun,200,0.0125,8001,S2,model_not_constructed,,,—,,,
2.2_expanded,,14,0.25,heun,200,0.0125,8001,S3,model_not_constructed,,,—,,,
2.2_expanded,,14,0.25,heun,200,0.0125,8001,S4,model_not_constructed,,,—,,,
2.2_expanded,,14,0.25,heun,200,0.0125,8001,S5,completed,0.00036231158929765986,0.001270654749210287,3.623e-04 / 1.271e-03,p14_difference_rm_heun_n200_dt0.0125_L4,C:\Users\msz\aca\Workspaces\hs_table_data_20260927\out\profiles\p14_difference_rm_heun_n200_dt0.0125_L4.npz,cdcaf281631eefbe086b5909197b0462d5559dd31faa4196ca405fe1b0b56274
2.2_expanded,,14,0.25,heun,200,0.0125,8001,S6,completed,0.00030944111087146536,0.001954354237479472,3.094e-04 / 1.954e-03,p14_difference_fixed_heun_n200_dt0.0125_L4,C:\Users\msz\aca\Workspaces\hs_table_data_20260927\out\profiles\p14_difference_fixed_heun_n200_dt0.0125_L4.npz,24b811ed8fd58227cc2268e5b48611459ebaba0b8f70ebef899888c621d8a8b1
2.2_expanded,,14,0.25,rk4,200,0.0125,8001,S1,model_not_constructed,,,—,,,
2.2_expanded,,14,0.25,rk4,200,0.0125,8001,S2,model_not_constructed,,,—,,,
2.2_expanded,,14,0.25,rk4,200,0.0125,8001,S3,model_not_constructed,,,—,,,
2.2_expanded,,14,0.25,rk4,200,0.0125,8001,S4,model_not_constructed,,,—,,,
2.2_expanded,,14,0.25,rk4,200,0.0125,8001,S5,completed,0.00036347264179255497,0.0012709730222977278,3.635e-04 / 1.271e-03,p14_difference_rm_rk4_n200_dt0.0125_L4,C:\Users\msz\aca\Workspaces\hs_table_data_20260927\out\profiles\p14_difference_rm_rk4_n200_dt0.0125_L4.npz,5dcbe95dc18b8d2cb8e01bd59ea50c63c37933daa165b833a713be44cee6b81c
2.2_expanded,,14,0.25,rk4,200,0.0125,8001,S6,completed,0.00030949518566341164,0.0019545132182211544,3.095e-04 / 1.955e-03,p14_difference_fixed_rk4_n200_dt0.0125_L4,C:\Users\msz\aca\Workspaces\hs_table_data_20260927\out\profiles\p14_difference_fixed_rk4_n200_dt0.0125_L4.npz,504764ab5c986e85e3164e7ea85f02d4785e9ad6f408ad76ff0eb695668c5625
2.2_expanded,,14,0.25,rk8,200,0.0125,8001,S1,model_not_constructed,,,—,,,
2.2_expanded,,14,0.25,rk8,200,0.0125,8001,S2,model_not_constructed,,,—,,,
2.2_expanded,,14,0.25,rk8,200,0.0125,8001,S3,model_not_constructed,,,—,,,
2.2_expanded,,14,0.25,rk8,200,0.0125,8001,S4,model_not_constructed,,,—,,,
2.2_expanded,,14,0.25,rk8,200,0.0125,8001,S5,completed,0.00036347245615507475,0.0012709729923501278,3.635e-04 / 1.271e-03,p14_difference_rm_rk8_n200_dt0.0125_L4,C:\Users\msz\aca\Workspaces\hs_table_data_20260927\out\profiles\p14_difference_rm_rk8_n200_dt0.0125_L4.npz,31ecb9bfce63c3c31c251969f02e5e8fa3ad64a82a98e333ae38d04dba7b8deb
2.2_expanded,,14,0.25,rk8,200,0.0125,8001,S6,completed,0.00030949517901735293,0.001954513216810949,3.095e-04 / 1.955e-03,p14_difference_fixed_rk8_n200_dt0.0125_L4,C:\Users\msz\aca\Workspaces\hs_table_data_20260927\out\profiles\p14_difference_fixed_rk8_n200_dt0.0125_L4.npz,91c14e60cf381cc84cb37d70ff5a1fd875a223d3f4d3ed89e2145c6b89107c81
2.2_expanded,,14,0.5,euler,200,0.0125,8001,S1,model_not_constructed,,,—,,,
2.2_expanded,,14,0.5,euler,200,0.0125,8001,S2,model_not_constructed,,,—,,,
2.2_expanded,,14,0.5,euler,200,0.0125,8001,S3,model_not_constructed,,,—,,,
2.2_expanded,,14,0.5,euler,200,0.0125,8001,S4,model_not_constructed,,,—,,,
2.2_expanded,,14,0.5,euler,200,0.0125,8001,S5,completed,0.0006600353159566443,0.0015109386849987416,6.600e-04 / 1.511e-03,p14_difference_rm_euler_n200_dt0.0125_L4,C:\Users\msz\aca\Workspaces\hs_table_data_20260927\out\profiles\p14_difference_rm_euler_n200_dt0.0125_L4.npz,832567dacc19045a83e7325830c2c9411edee2a2b61913bf16c607cd677ca552
2.2_expanded,,14,0.5,euler,200,0.0125,8001,S6,completed,0.000339928771069975,0.0021968684387823068,3.399e-04 / 2.197e-03,p14_difference_fixed_euler_n200_dt0.0125_L4,C:\Users\msz\aca\Workspaces\hs_table_data_20260927\out\profiles\p14_difference_fixed_euler_n200_dt0.0125_L4.npz,cf071f849f6e2b341f14ce72ca413abd3acb8f729d44903c085a29431778a9cd
2.2_expanded,,14,0.5,heun,200,0.0125,8001,S1,model_not_constructed,,,—,,,
2.2_expanded,,14,0.5,heun,200,0.0125,8001,S2,model_not_constructed,,,—,,,
2.2_expanded,,14,0.5,heun,200,0.0125,8001,S3,model_not_constructed,,,—,,,
2.2_expanded,,14,0.5,heun,200,0.0125,8001,S4,model_not_constructed,,,—,,,
2.2_expanded,,14,0.5,heun,200,0.0125,8001,S5,completed,0.0006143324831823132,0.0015880191724544357,6.143e-04 / 1.588e-03,p14_difference_rm_heun_n200_dt0.0125_L4,C:\Users\msz\aca\Workspaces\hs_table_data_20260927\out\profiles\p14_difference_rm_heun_n200_dt0.0125_L4.npz,cdcaf281631eefbe086b5909197b0462d5559dd31faa4196ca405fe1b0b56274
2.2_expanded,,14,0.5,heun,200,0.0125,8001,S6,completed,0.0003523382998734115,0.002316087702839309,3.523e-04 / 2.316e-03,p14_difference_fixed_heun_n200_dt0.0125_L4,C:\Users\msz\aca\Workspaces\hs_table_data_20260927\out\profiles\p14_difference_fixed_heun_n200_dt0.0125_L4.npz,24b811ed8fd58227cc2268e5b48611459ebaba0b8f70ebef899888c621d8a8b1
2.2_expanded,,14,0.5,rk4,200,0.0125,8001,S1,model_not_constructed,,,—,,,
2.2_expanded,,14,0.5,rk4,200,0.0125,8001,S2,model_not_constructed,,,—,,,
2.2_expanded,,14,0.5,rk4,200,0.0125,8001,S3,model_not_constructed,,,—,,,
2.2_expanded,,14,0.5,rk4,200,0.0125,8001,S4,model_not_constructed,,,—,,,
2.2_expanded,,14,0.5,rk4,200,0.0125,8001,S5,completed,0.0006170870494421948,0.001588673347810765,6.171e-04 / 1.589e-03,p14_difference_rm_rk4_n200_dt0.0125_L4,C:\Users\msz\aca\Workspaces\hs_table_data_20260927\out\profiles\p14_difference_rm_rk4_n200_dt0.0125_L4.npz,5dcbe95dc18b8d2cb8e01bd59ea50c63c37933daa165b833a713be44cee6b81c
2.2_expanded,,14,0.5,rk4,200,0.0125,8001,S6,completed,0.0003522798767702784,0.002316393995769661,3.523e-04 / 2.316e-03,p14_difference_fixed_rk4_n200_dt0.0125_L4,C:\Users\msz\aca\Workspaces\hs_table_data_20260927\out\profiles\p14_difference_fixed_rk4_n200_dt0.0125_L4.npz,504764ab5c986e85e3164e7ea85f02d4785e9ad6f408ad76ff0eb695668c5625
2.2_expanded,,14,0.5,rk8,200,0.0125,8001,S1,model_not_constructed,,,—,,,
2.2_expanded,,14,0.5,rk8,200,0.0125,8001,S2,model_not_constructed,,,—,,,
2.2_expanded,,14,0.5,rk8,200,0.0125,8001,S3,model_not_constructed,,,—,,,
2.2_expanded,,14,0.5,rk8,200,0.0125,8001,S4,model_not_constructed,,,—,,,
2.2_expanded,,14,0.5,rk8,200,0.0125,8001,S5,completed,0.0006170866116022838,0.0015886732854916152,6.171e-04 / 1.589e-03,p14_difference_rm_rk8_n200_dt0.0125_L4,C:\Users\msz\aca\Workspaces\hs_table_data_20260927\out\profiles\p14_difference_rm_rk8_n200_dt0.0125_L4.npz,31ecb9bfce63c3c31c251969f02e5e8fa3ad64a82a98e333ae38d04dba7b8deb
2.2_expanded,,14,0.5,rk8,200,0.0125,8001,S6,completed,0.0003522798902748092,0.00231639399638095,3.523e-04 / 2.316e-03,p14_difference_fixed_rk8_n200_dt0.0125_L4,C:\Users\msz\aca\Workspaces\hs_table_data_20260927\out\profiles\p14_difference_fixed_rk8_n200_dt0.0125_L4.npz,91c14e60cf381cc84cb37d70ff5a1fd875a223d3f4d3ed89e2145c6b89107c81
2.1_expanded,,15,0.25,euler,400,0.003125,16001,S1,model_not_constructed,,,—,,,
2.1_expanded,,15,0.25,euler,400,0.003125,16001,S2,model_not_constructed,,,—,,,
2.1_expanded,,15,0.25,euler,400,0.003125,16001,S3,model_not_constructed,,,—,,,
2.1_expanded,,15,0.25,euler,400,0.003125,16001,S4,model_not_constructed,,,—,,,
2.1_expanded,,15,0.25,euler,400,0.003125,16001,S5,completed,0.000121480361641676,0.0003599131203746442,1.215e-04 / 3.599e-04,p15_difference_rm_euler_n400_dt0.003125_L4,C:\Users\msz\aca\Workspaces\hs_waveform_atlas_20260927\out\profiles\p15_difference_rm_euler_n400_dt0.003125_L4.npz,21aaacb51b655ffef1f89e91f73a260e9760d93245dfb812c23c54ea0f2a7690
2.1_expanded,,15,0.25,euler,400,0.003125,16001,S6,completed,8.581570977599443e-05,0.0005628847253487113,8.582e-05 / 5.629e-04,p15_difference_fixed_euler_n400_dt0.003125_L4,C:\Users\msz\aca\Workspaces\hs_waveform_atlas_20260927\out\profiles\p15_difference_fixed_euler_n400_dt0.003125_L4.npz,1a92670fec74813209946d606148574179209238e1385b6856902ba50a47fbef
2.1_expanded,,15,0.25,heun,400,0.003125,16001,S1,model_not_constructed,,,—,,,
2.1_expanded,,15,0.25,heun,400,0.003125,16001,S2,model_not_constructed,,,—,,,
2.1_expanded,,15,0.25,heun,400,0.003125,16001,S3,model_not_constructed,,,—,,,
2.1_expanded,,15,0.25,heun,400,0.003125,16001,S4,model_not_constructed,,,—,,,
2.1_expanded,,15,0.25,heun,400,0.003125,16001,S5,completed,0.00010921066452275648,0.0003679570559912415,1.092e-04 / 3.680e-04,p15_difference_rm_heun_n400_dt0.003125_L4,C:\Users\msz\aca\Workspaces\hs_table_data_20260927\out\profiles\p15_difference_rm_heun_n400_dt0.003125_L4.npz,3aed46ba3727c504af04f013c63b19e7e885c8e82644a29eb815b43f25987505
2.1_expanded,,15,0.25,heun,400,0.003125,16001,S6,completed,8.794592528075726e-05,0.0005776997806223871,8.795e-05 / 5.777e-04,p15_difference_fixed_heun_n400_dt0.003125_L4,C:\Users\msz\aca\Workspaces\hs_table_data_20260927\out\profiles\p15_difference_fixed_heun_n400_dt0.003125_L4.npz,5e53fcc47dc7b774594901806da214a7d6664c40e44b5a035bc798fb3745b00a
2.1_expanded,,15,0.25,rk4,400,0.003125,16001,S1,model_not_constructed,,,—,,,
2.1_expanded,,15,0.25,rk4,400,0.003125,16001,S2,model_not_constructed,,,—,,,
2.1_expanded,,15,0.25,rk4,400,0.003125,16001,S3,model_not_constructed,,,—,,,
2.1_expanded,,15,0.25,rk4,400,0.003125,16001,S4,model_not_constructed,,,—,,,
2.1_expanded,,15,0.25,rk4,400,0.003125,16001,S5,completed,0.00010929944021431832,0.00036798267366866533,1.093e-04 / 3.680e-04,p15_difference_rm_rk4_n400_dt0.003125_L4,C:\Users\msz\aca\Workspaces\hs_table_data_20260927\out\profiles\p15_difference_rm_rk4_n400_dt0.003125_L4.npz,5defbe06b401442b41216726f54aaa024cf502a3229e62bb600e93528a728a7a
2.1_expanded,,15,0.25,rk4,400,0.003125,16001,S6,completed,8.79480882591474e-05,0.0005777104659892007,8.795e-05 / 5.777e-04,p15_difference_fixed_rk4_n400_dt0.003125_L4,C:\Users\msz\aca\Workspaces\hs_table_data_20260927\out\profiles\p15_difference_fixed_rk4_n400_dt0.003125_L4.npz,5f69233547c0d83c43fd62ef47e529ad0261b1b81871fcdc0394f8badd244d3d
2.1_expanded,,15,0.25,rk8,400,0.003125,16001,S1,model_not_constructed,,,—,,,
2.1_expanded,,15,0.25,rk8,400,0.003125,16001,S2,model_not_constructed,,,—,,,
2.1_expanded,,15,0.25,rk8,400,0.003125,16001,S3,model_not_constructed,,,—,,,
2.1_expanded,,15,0.25,rk8,400,0.003125,16001,S4,model_not_constructed,,,—,,,
2.1_expanded,,15,0.25,rk8,400,0.003125,16001,S5,completed,0.0001092994394199815,0.0003679826734958036,1.093e-04 / 3.680e-04,p15_difference_rm_rk8_n400_dt0.003125_L4,C:\Users\msz\aca\Workspaces\hs_table_data_20260927\out\profiles\p15_difference_rm_rk8_n400_dt0.003125_L4.npz,82d3d8778acbb67b0c3d22e57e30dcead49f6c110360ae9c1a9866ac5e589ab9
2.1_expanded,,15,0.25,rk8,400,0.003125,16001,S6,completed,8.794808825014419e-05,0.0005777104659875354,8.795e-05 / 5.777e-04,p15_difference_fixed_rk8_n400_dt0.003125_L4,C:\Users\msz\aca\Workspaces\hs_table_data_20260927\out\profiles\p15_difference_fixed_rk8_n400_dt0.003125_L4.npz,e6ca27665762cf8b9448425c4049b80f7450104baf120747a211f2c2873cf15c
2.1_expanded,,15,0.5,euler,400,0.003125,16001,S1,model_not_constructed,,,—,,,
2.1_expanded,,15,0.5,euler,400,0.003125,16001,S2,model_not_constructed,,,—,,,
2.1_expanded,,15,0.5,euler,400,0.003125,16001,S3,model_not_constructed,,,—,,,
2.1_expanded,,15,0.5,euler,400,0.003125,16001,S4,model_not_constructed,,,—,,,
2.1_expanded,,15,0.5,euler,400,0.003125,16001,S5,completed,0.00019643632874208252,0.0004367525448665255,1.964e-04 / 4.368e-04,p15_difference_rm_euler_n400_dt0.003125_L4,C:\Users\msz\aca\Workspaces\hs_waveform_atlas_20260927\out\profiles\p15_difference_rm_euler_n400_dt0.003125_L4.npz,21aaacb51b655ffef1f89e91f73a260e9760d93245dfb812c23c54ea0f2a7690
2.1_expanded,,15,0.5,euler,400,0.003125,16001,S6,completed,9.334860202819817e-05,0.0006670030410313998,9.335e-05 / 6.670e-04,p15_difference_fixed_euler_n400_dt0.003125_L4,C:\Users\msz\aca\Workspaces\hs_waveform_atlas_20260927\out\profiles\p15_difference_fixed_euler_n400_dt0.003125_L4.npz,1a92670fec74813209946d606148574179209238e1385b6856902ba50a47fbef
2.1_expanded,,15,0.5,heun,400,0.003125,16001,S1,model_not_constructed,,,—,,,
2.1_expanded,,15,0.5,heun,400,0.003125,16001,S2,model_not_constructed,,,—,,,
2.1_expanded,,15,0.5,heun,400,0.003125,16001,S3,model_not_constructed,,,—,,,
2.1_expanded,,15,0.5,heun,400,0.003125,16001,S4,model_not_constructed,,,—,,,
2.1_expanded,,15,0.5,heun,400,0.003125,16001,S5,completed,0.00018857468955854433,0.0004574972433420976,1.886e-04 / 4.575e-04,p15_difference_rm_heun_n400_dt0.003125_L4,C:\Users\msz\aca\Workspaces\hs_table_data_20260927\out\profiles\p15_difference_rm_heun_n400_dt0.003125_L4.npz,3aed46ba3727c504af04f013c63b19e7e885c8e82644a29eb815b43f25987505
2.1_expanded,,15,0.5,heun,400,0.003125,16001,S6,completed,9.689129221232551e-05,0.0006977565728606416,9.689e-05 / 6.978e-04,p15_difference_fixed_heun_n400_dt0.003125_L4,C:\Users\msz\aca\Workspaces\hs_table_data_20260927\out\profiles\p15_difference_fixed_heun_n400_dt0.003125_L4.npz,5e53fcc47dc7b774594901806da214a7d6664c40e44b5a035bc798fb3745b00a
2.1_expanded,,15,0.5,rk4,400,0.003125,16001,S1,model_not_constructed,,,—,,,
2.1_expanded,,15,0.5,rk4,400,0.003125,16001,S2,model_not_constructed,,,—,,,
2.1_expanded,,15,0.5,rk4,400,0.003125,16001,S3,model_not_constructed,,,—,,,
2.1_expanded,,15,0.5,rk4,400,0.003125,16001,S4,model_not_constructed,,,—,,,
2.1_expanded,,15,0.5,rk4,400,0.003125,16001,S5,completed,0.00018876711823735334,0.00045754488085147926,1.888e-04 / 4.575e-04,p15_difference_rm_rk4_n400_dt0.003125_L4,C:\Users\msz\aca\Workspaces\hs_table_data_20260927\out\profiles\p15_difference_rm_rk4_n400_dt0.003125_L4.npz,5defbe06b401442b41216726f54aaa024cf502a3229e62bb600e93528a728a7a
2.1_expanded,,15,0.5,rk4,400,0.003125,16001,S6,completed,9.689616873636425e-05,0.0006977789171371818,9.690e-05 / 6.978e-04,p15_difference_fixed_rk4_n400_dt0.003125_L4,C:\Users\msz\aca\Workspaces\hs_table_data_20260927\out\profiles\p15_difference_fixed_rk4_n400_dt0.003125_L4.npz,5f69233547c0d83c43fd62ef47e529ad0261b1b81871fcdc0394f8badd244d3d
2.1_expanded,,15,0.5,rk8,400,0.003125,16001,S1,model_not_constructed,,,—,,,
2.1_expanded,,15,0.5,rk8,400,0.003125,16001,S2,model_not_constructed,,,—,,,
2.1_expanded,,15,0.5,rk8,400,0.003125,16001,S3,model_not_constructed,,,—,,,
2.1_expanded,,15,0.5,rk8,400,0.003125,16001,S4,model_not_constructed,,,—,,,
2.1_expanded,,15,0.5,rk8,400,0.003125,16001,S5,completed,0.00018876711629535036,0.0004575448805493876,1.888e-04 / 4.575e-04,p15_difference_rm_rk8_n400_dt0.003125_L4,C:\Users\msz\aca\Workspaces\hs_table_data_20260927\out\profiles\p15_difference_rm_rk8_n400_dt0.003125_L4.npz,82d3d8778acbb67b0c3d22e57e30dcead49f6c110360ae9c1a9866ac5e589ab9
2.1_expanded,,15,0.5,rk8,400,0.003125,16001,S6,completed,9.68961687150445e-05,0.0006977789171407345,9.690e-05 / 6.978e-04,p15_difference_fixed_rk8_n400_dt0.003125_L4,C:\Users\msz\aca\Workspaces\hs_table_data_20260927\out\profiles\p15_difference_fixed_rk8_n400_dt0.003125_L4.npz,e6ca27665762cf8b9448425c4049b80f7450104baf120747a211f2c2873cf15c
2.2_expanded,,15,0.25,euler,200,0.0125,8001,S1,model_not_constructed,,,—,,,
2.2_expanded,,15,0.25,euler,200,0.0125,8001,S2,model_not_constructed,,,—,,,
2.2_expanded,,15,0.25,euler,200,0.0125,8001,S3,model_not_constructed,,,—,,,
2.2_expanded,,15,0.25,euler,200,0.0125,8001,S4,model_not_constructed,,,—,,,
2.2_expanded,,15,0.25,euler,200,0.0125,8001,S5,completed,0.0004846125209143227,0.0014197226317814726,4.846e-04 / 1.420e-03,p15_difference_rm_euler_n200_dt0.0125_L4,C:\Users\msz\aca\Workspaces\hs_table_data_20260927\out\profiles\p15_difference_rm_euler_n200_dt0.0125_L4.npz,66e783365968b7d06be7a6eaa40dc1700f05deddb70c5939e4753a09fd36b58e
2.2_expanded,,15,0.25,euler,200,0.0125,8001,S6,completed,0.0003415852395292421,0.002204304023000647,3.416e-04 / 2.204e-03,p15_difference_fixed_euler_n200_dt0.0125_L4,C:\Users\msz\aca\Workspaces\hs_table_data_20260927\out\profiles\p15_difference_fixed_euler_n200_dt0.0125_L4.npz,710427dd8b4116963c08cbfbfd9a959c05e65520551197090c9cbd00d06a733d
2.2_expanded,,15,0.25,heun,200,0.0125,8001,S1,model_not_constructed,,,—,,,
2.2_expanded,,15,0.25,heun,200,0.0125,8001,S2,model_not_constructed,,,—,,,
2.2_expanded,,15,0.25,heun,200,0.0125,8001,S3,model_not_constructed,,,—,,,
2.2_expanded,,15,0.25,heun,200,0.0125,8001,S4,model_not_constructed,,,—,,,
2.2_expanded,,15,0.25,heun,200,0.0125,8001,S5,completed,0.0004329231940962807,0.001451183247948018,4.329e-04 / 1.451e-03,p15_difference_rm_heun_n200_dt0.0125_L4,C:\Users\msz\aca\Workspaces\hs_table_data_20260927\out\profiles\p15_difference_rm_heun_n200_dt0.0125_L4.npz,7e207dc1c69bb9911cc4e0bf0bfddac823b8b58f161666e9377f72c72f249e5f
2.2_expanded,,15,0.25,heun,200,0.0125,8001,S6,completed,0.00034899952502256623,0.0022621409973583306,3.490e-04 / 2.262e-03,p15_difference_fixed_heun_n200_dt0.0125_L4,C:\Users\msz\aca\Workspaces\hs_table_data_20260927\out\profiles\p15_difference_fixed_heun_n200_dt0.0125_L4.npz,56712ce5bc02e9c221c8725ac03fb75285088823774426426dbf8e0685db9391
2.2_expanded,,15,0.25,rk4,200,0.0125,8001,S1,model_not_constructed,,,—,,,
2.2_expanded,,15,0.25,rk4,200,0.0125,8001,S2,model_not_constructed,,,—,,,
2.2_expanded,,15,0.25,rk4,200,0.0125,8001,S3,model_not_constructed,,,—,,,
2.2_expanded,,15,0.25,rk4,200,0.0125,8001,S4,model_not_constructed,,,—,,,
2.2_expanded,,15,0.25,rk4,200,0.0125,8001,S5,completed,0.00043415330638055683,0.001451543366168151,4.342e-04 / 1.452e-03,p15_difference_rm_rk4_n200_dt0.0125_L4,C:\Users\msz\aca\Workspaces\hs_table_data_20260927\out\profiles\p15_difference_rm_rk4_n200_dt0.0125_L4.npz,a0640b933c4bed355fd31266399cc47529dbff84c74d4bcd52f3cf3b49f37cc4
2.2_expanded,,15,0.25,rk4,200,0.0125,8001,S6,completed,0.0003490595951594448,0.002262311639576353,3.491e-04 / 2.262e-03,p15_difference_fixed_rk4_n200_dt0.0125_L4,C:\Users\msz\aca\Workspaces\hs_table_data_20260927\out\profiles\p15_difference_fixed_rk4_n200_dt0.0125_L4.npz,a3d6f083f0e37f769dd9d4ae1ec65b27fa0bd7dc7ed9edf1b30c77a6f07d62bf
2.2_expanded,,15,0.25,rk8,200,0.0125,8001,S1,model_not_constructed,,,—,,,
2.2_expanded,,15,0.25,rk8,200,0.0125,8001,S2,model_not_constructed,,,—,,,
2.2_expanded,,15,0.25,rk8,200,0.0125,8001,S3,model_not_constructed,,,—,,,
2.2_expanded,,15,0.25,rk8,200,0.0125,8001,S4,model_not_constructed,,,—,,,
2.2_expanded,,15,0.25,rk8,200,0.0125,8001,S5,completed,0.00043415311157013296,0.001451543331227212,4.342e-04 / 1.452e-03,p15_difference_rm_rk8_n200_dt0.0125_L4,C:\Users\msz\aca\Workspaces\hs_table_data_20260927\out\profiles\p15_difference_rm_rk8_n200_dt0.0125_L4.npz,f787bbde07836bbc21f2cd4d27fe72c0c2baef76534e45055981a50e7ccfb345
2.2_expanded,,15,0.25,rk8,200,0.0125,8001,S6,completed,0.00034905958749455526,0.0022623116381456088,3.491e-04 / 2.262e-03,p15_difference_fixed_rk8_n200_dt0.0125_L4,C:\Users\msz\aca\Workspaces\hs_table_data_20260927\out\profiles\p15_difference_fixed_rk8_n200_dt0.0125_L4.npz,cf596c4375a237207ae07b19216b3ef250ea6ffd91b7a47a2bbc6145c8a63a3d
2.2_expanded,,15,0.5,euler,200,0.0125,8001,S1,model_not_constructed,,,—,,,
2.2_expanded,,15,0.5,euler,200,0.0125,8001,S2,model_not_constructed,,,—,,,
2.2_expanded,,15,0.5,euler,200,0.0125,8001,S3,model_not_constructed,,,—,,,
2.2_expanded,,15,0.5,euler,200,0.0125,8001,S4,model_not_constructed,,,—,,,
2.2_expanded,,15,0.5,euler,200,0.0125,8001,S5,completed,0.0008012185969172034,0.0017320524690186412,8.012e-04 / 1.732e-03,p15_difference_rm_euler_n200_dt0.0125_L4,C:\Users\msz\aca\Workspaces\hs_table_data_20260927\out\profiles\p15_difference_rm_euler_n200_dt0.0125_L4.npz,66e783365968b7d06be7a6eaa40dc1700f05deddb70c5939e4753a09fd36b58e
2.2_expanded,,15,0.5,euler,200,0.0125,8001,S6,completed,0.00037314109948752283,0.002651255269621733,3.731e-04 / 2.651e-03,p15_difference_fixed_euler_n200_dt0.0125_L4,C:\Users\msz\aca\Workspaces\hs_table_data_20260927\out\profiles\p15_difference_fixed_euler_n200_dt0.0125_L4.npz,710427dd8b4116963c08cbfbfd9a959c05e65520551197090c9cbd00d06a733d
2.2_expanded,,15,0.5,heun,200,0.0125,8001,S1,model_not_constructed,,,—,,,
2.2_expanded,,15,0.5,heun,200,0.0125,8001,S2,model_not_constructed,,,—,,,
2.2_expanded,,15,0.5,heun,200,0.0125,8001,S3,model_not_constructed,,,—,,,
2.2_expanded,,15,0.5,heun,200,0.0125,8001,S4,model_not_constructed,,,—,,,
2.2_expanded,,15,0.5,heun,200,0.0125,8001,S5,completed,0.0007487415415370147,0.0018121583203262182,7.487e-04 / 1.812e-03,p15_difference_rm_heun_n200_dt0.0125_L4,C:\Users\msz\aca\Workspaces\hs_table_data_20260927\out\profiles\p15_difference_rm_heun_n200_dt0.0125_L4.npz,7e207dc1c69bb9911cc4e0bf0bfddac823b8b58f161666e9377f72c72f249e5f
2.2_expanded,,15,0.5,heun,200,0.0125,8001,S6,completed,0.0003839734866007416,0.0027751710233848703,3.840e-04 / 2.775e-03,p15_difference_fixed_heun_n200_dt0.0125_L4,C:\Users\msz\aca\Workspaces\hs_table_data_20260927\out\profiles\p15_difference_fixed_heun_n200_dt0.0125_L4.npz,56712ce5bc02e9c221c8725ac03fb75285088823774426426dbf8e0685db9391
2.2_expanded,,15,0.5,rk4,200,0.0125,8001,S1,model_not_constructed,,,—,,,
2.2_expanded,,15,0.5,rk4,200,0.0125,8001,S2,model_not_constructed,,,—,,,
2.2_expanded,,15,0.5,rk4,200,0.0125,8001,S3,model_not_constructed,,,—,,,
2.2_expanded,,15,0.5,rk4,200,0.0125,8001,S4,model_not_constructed,,,—,,,
2.2_expanded,,15,0.5,rk4,200,0.0125,8001,S5,completed,0.0007516662251769359,0.001812886045747808,7.517e-04 / 1.813e-03,p15_difference_rm_rk4_n200_dt0.0125_L4,C:\Users\msz\aca\Workspaces\hs_table_data_20260927\out\profiles\p15_difference_rm_rk4_n200_dt0.0125_L4.npz,a0640b933c4bed355fd31266399cc47529dbff84c74d4bcd52f3cf3b49f37cc4
2.2_expanded,,15,0.5,rk4,200,0.0125,8001,S6,completed,0.000383905930403744,0.002775506874699074,3.839e-04 / 2.776e-03,p15_difference_fixed_rk4_n200_dt0.0125_L4,C:\Users\msz\aca\Workspaces\hs_table_data_20260927\out\profiles\p15_difference_fixed_rk4_n200_dt0.0125_L4.npz,a3d6f083f0e37f769dd9d4ae1ec65b27fa0bd7dc7ed9edf1b30c77a6f07d62bf
2.2_expanded,,15,0.5,rk8,200,0.0125,8001,S1,model_not_constructed,,,—,,,
2.2_expanded,,15,0.5,rk8,200,0.0125,8001,S2,model_not_constructed,,,—,,,
2.2_expanded,,15,0.5,rk8,200,0.0125,8001,S3,model_not_constructed,,,—,,,
2.2_expanded,,15,0.5,rk8,200,0.0125,8001,S4,model_not_constructed,,,—,,,
2.2_expanded,,15,0.5,rk8,200,0.0125,8001,S5,completed,0.000751665761419669,0.00181288597429774,7.517e-04 / 1.813e-03,p15_difference_rm_rk8_n200_dt0.0125_L4,C:\Users\msz\aca\Workspaces\hs_table_data_20260927\out\profiles\p15_difference_rm_rk8_n200_dt0.0125_L4.npz,f787bbde07836bbc21f2cd4d27fe72c0c2baef76534e45055981a50e7ccfb345
2.2_expanded,,15,0.5,rk8,200,0.0125,8001,S6,completed,0.00038390594556511615,0.0027755068757718826,3.839e-04 / 2.776e-03,p15_difference_fixed_rk8_n200_dt0.0125_L4,C:\Users\msz\aca\Workspaces\hs_table_data_20260927\out\profiles\p15_difference_fixed_rk8_n200_dt0.0125_L4.npz,cf596c4375a237207ae07b19216b3ef250ea6ffd91b7a47a2bbc6145c8a63a3d
2.1_expanded,,16,0.25,euler,400,0.003125,16001,S1,model_not_constructed,,,—,,,
2.1_expanded,,16,0.25,euler,400,0.003125,16001,S2,model_not_constructed,,,—,,,
2.1_expanded,,16,0.25,euler,400,0.003125,16001,S3,model_not_constructed,,,—,,,
2.1_expanded,,16,0.25,euler,400,0.003125,16001,S4,model_not_constructed,,,—,,,
2.1_expanded,,16,0.25,euler,400,0.003125,16001,S5,completed,0.0001415397531074128,0.0004054855651082212,1.415e-04 / 4.055e-04,p16_difference_rm_euler_n400_dt0.003125_L4,C:\Users\msz\aca\Workspaces\hs_conserved_mesh_20260925\out\euler_comparison\profiles\p16_difference_rm_euler_n400_dt0.003125_L4.npz,166c3e58a75a272885c518314f2727016a1e2317accc81da36a02ebc15cb5fa1
2.1_expanded,,16,0.25,euler,400,0.003125,16001,S6,completed,9.48542333746652e-05,0.0006551138981943927,9.485e-05 / 6.551e-04,p16_difference_fixed_euler_n400_dt0.003125_L4,C:\Users\msz\aca\Workspaces\hs_conserved_mesh_20260925\out\euler_comparison\profiles\p16_difference_fixed_euler_n400_dt0.003125_L4.npz,0106b1ca600ac9e4cffc0917cdabb548c974a265cfee8d7c2db7ce547c23709c
2.1_expanded,,16,0.25,heun,400,0.003125,16001,S1,model_not_constructed,,,—,,,
2.1_expanded,,16,0.25,heun,400,0.003125,16001,S2,model_not_constructed,,,—,,,
2.1_expanded,,16,0.25,heun,400,0.003125,16001,S3,model_not_constructed,,,—,,,
2.1_expanded,,16,0.25,heun,400,0.003125,16001,S4,model_not_constructed,,,—,,,
2.1_expanded,,16,0.25,heun,400,0.003125,16001,S5,completed,0.00012850932139002458,0.00041373786818577063,1.285e-04 / 4.137e-04,p16_difference_rm_heun_n400_dt0.003125_L4,C:\Users\msz\aca\Workspaces\hs_table_data_20260927\out\profiles\p16_difference_rm_heun_n400_dt0.003125_L4.npz,4a31bb44246b9f5e62537287caf3aff8f8bf24e291603fdef4b0c248f32c99d7
2.1_expanded,,16,0.25,heun,400,0.003125,16001,S6,completed,9.690455208956339e-05,0.0006703957148761486,9.690e-05 / 6.704e-04,p16_difference_fixed_heun_n400_dt0.003125_L4,C:\Users\msz\aca\Workspaces\hs_table_data_20260927\out\profiles\p16_difference_fixed_heun_n400_dt0.003125_L4.npz,0b59337b96482ed016bae28ee870532a64f51130affa03631b42cb779571a3eb
2.1_expanded,,16,0.25,rk4,400,0.003125,16001,S1,model_not_constructed,,,—,,,
2.1_expanded,,16,0.25,rk4,400,0.003125,16001,S2,model_not_constructed,,,—,,,
2.1_expanded,,16,0.25,rk4,400,0.003125,16001,S3,model_not_constructed,,,—,,,
2.1_expanded,,16,0.25,rk4,400,0.003125,16001,S4,model_not_constructed,,,—,,,
2.1_expanded,,16,0.25,rk4,400,0.003125,16001,S5,completed,0.00012860211445908914,0.0004137669608159644,1.286e-04 / 4.138e-04,p16_difference_rm_rk4_n400_dt0.003125_L4,C:\Users\msz\aca\Workspaces\hs_conserved_mesh_20260925\out\calibration_parameter_scan\profiles\p16_difference_rm_rk4_n400_dt0.003125_L4.npz,db98e249db4d5f39927b703d7d10217e4460a161e98c04bfbf700e49bc65554c
2.1_expanded,,16,0.25,rk4,400,0.003125,16001,S6,completed,9.690681439091658e-05,0.0006704067851226458,9.691e-05 / 6.704e-04,p16_difference_fixed_rk4_n400_dt0.003125_L4,C:\Users\msz\aca\Workspaces\hs_conserved_mesh_20260925\out\calibration_parameter_scan\profiles\p16_difference_fixed_rk4_n400_dt0.003125_L4.npz,90a112309ca5fdc920187bfd223f7a77138b711ada5513c24c21fe5faec79abd
2.1_expanded,,16,0.25,rk8,400,0.003125,16001,S1,model_not_constructed,,,—,,,
2.1_expanded,,16,0.25,rk8,400,0.003125,16001,S2,model_not_constructed,,,—,,,
2.1_expanded,,16,0.25,rk8,400,0.003125,16001,S3,model_not_constructed,,,—,,,
2.1_expanded,,16,0.25,rk8,400,0.003125,16001,S4,model_not_constructed,,,—,,,
2.1_expanded,,16,0.25,rk8,400,0.003125,16001,S5,completed,0.00012860211341684125,0.0004137669606082417,1.286e-04 / 4.138e-04,p16_difference_rm_rk8_n400_dt0.003125_L4,C:\Users\msz\aca\Workspaces\hs_table_data_20260927\out\profiles\p16_difference_rm_rk8_n400_dt0.003125_L4.npz,4d2795a33a05d0fb8f407055b378ffb9bbb60d5c516fdcde4b4e735bef981bf9
2.1_expanded,,16,0.25,rk8,400,0.003125,16001,S6,completed,9.690681438052906e-05,0.0006704067851207585,9.691e-05 / 6.704e-04,p16_difference_fixed_rk8_n400_dt0.003125_L4,C:\Users\msz\aca\Workspaces\hs_table_data_20260927\out\profiles\p16_difference_fixed_rk8_n400_dt0.003125_L4.npz,1bac38c0fca109b2a3ee77861d11d27e479a48ddba22b65b60f622365d5a03f1
2.1_expanded,,16,0.5,euler,400,0.003125,16001,S1,model_not_constructed,,,—,,,
2.1_expanded,,16,0.5,euler,400,0.003125,16001,S2,model_not_constructed,,,—,,,
2.1_expanded,,16,0.5,euler,400,0.003125,16001,S3,model_not_constructed,,,—,,,
2.1_expanded,,16,0.5,euler,400,0.003125,16001,S4,model_not_constructed,,,—,,,
2.1_expanded,,16,0.5,euler,400,0.003125,16001,S5,completed,0.00023401950880636707,0.0004932459378923504,2.340e-04 / 4.932e-04,p16_difference_rm_euler_n400_dt0.003125_L4,C:\Users\msz\aca\Workspaces\hs_conserved_mesh_20260925\out\euler_comparison\profiles\p16_difference_rm_euler_n400_dt0.003125_L4.npz,166c3e58a75a272885c518314f2727016a1e2317accc81da36a02ebc15cb5fa1
2.1_expanded,,16,0.5,euler,400,0.003125,16001,S6,completed,0.00010236927606778815,0.0007839570870199486,1.024e-04 / 7.840e-04,p16_difference_fixed_euler_n400_dt0.003125_L4,C:\Users\msz\aca\Workspaces\hs_conserved_mesh_20260925\out\euler_comparison\profiles\p16_difference_fixed_euler_n400_dt0.003125_L4.npz,0106b1ca600ac9e4cffc0917cdabb548c974a265cfee8d7c2db7ce547c23709c
2.1_expanded,,16,0.5,heun,400,0.003125,16001,S1,model_not_constructed,,,—,,,
2.1_expanded,,16,0.5,heun,400,0.003125,16001,S2,model_not_constructed,,,—,,,
2.1_expanded,,16,0.5,heun,400,0.003125,16001,S3,model_not_constructed,,,—,,,
2.1_expanded,,16,0.5,heun,400,0.003125,16001,S4,model_not_constructed,,,—,,,
2.1_expanded,,16,0.5,heun,400,0.003125,16001,S5,completed,0.00022536576124992328,0.0005141091639140338,2.254e-04 / 5.141e-04,p16_difference_rm_heun_n400_dt0.003125_L4,C:\Users\msz\aca\Workspaces\hs_table_data_20260927\out\profiles\p16_difference_rm_heun_n400_dt0.003125_L4.npz,4a31bb44246b9f5e62537287caf3aff8f8bf24e291603fdef4b0c248f32c99d7
2.1_expanded,,16,0.5,heun,400,0.003125,16001,S6,completed,0.00010716626468456128,0.0008159179257953841,1.072e-04 / 8.159e-04,p16_difference_fixed_heun_n400_dt0.003125_L4,C:\Users\msz\aca\Workspaces\hs_table_data_20260927\out\profiles\p16_difference_fixed_heun_n400_dt0.003125_L4.npz,0b59337b96482ed016bae28ee870532a64f51130affa03631b42cb779571a3eb
2.1_expanded,,16,0.5,rk4,400,0.003125,16001,S1,model_not_constructed,,,—,,,
2.1_expanded,,16,0.5,rk4,400,0.003125,16001,S2,model_not_constructed,,,—,,,
2.1_expanded,,16,0.5,rk4,400,0.003125,16001,S3,model_not_constructed,,,—,,,
2.1_expanded,,16,0.5,rk4,400,0.003125,16001,S4,model_not_constructed,,,—,,,
2.1_expanded,,16,0.5,rk4,400,0.003125,16001,S5,completed,0.00022556857573803515,0.0005141618276726101,2.256e-04 / 5.142e-04,p16_difference_rm_rk4_n400_dt0.003125_L4,C:\Users\msz\aca\Workspaces\hs_conserved_mesh_20260925\out\calibration_parameter_scan\profiles\p16_difference_rm_rk4_n400_dt0.003125_L4.npz,db98e249db4d5f39927b703d7d10217e4460a161e98c04bfbf700e49bc65554c
2.1_expanded,,16,0.5,rk4,400,0.003125,16001,S6,completed,0.0001071713013698454,0.0008159411828880803,1.072e-04 / 8.159e-04,p16_difference_fixed_rk4_n400_dt0.003125_L4,C:\Users\msz\aca\Workspaces\hs_conserved_mesh_20260925\out\calibration_parameter_scan\profiles\p16_difference_fixed_rk4_n400_dt0.003125_L4.npz,90a112309ca5fdc920187bfd223f7a77138b711ada5513c24c21fe5faec79abd
2.1_expanded,,16,0.5,rk8,400,0.003125,16001,S1,model_not_constructed,,,—,,,
2.1_expanded,,16,0.5,rk8,400,0.003125,16001,S2,model_not_constructed,,,—,,,
2.1_expanded,,16,0.5,rk8,400,0.003125,16001,S3,model_not_constructed,,,—,,,
2.1_expanded,,16,0.5,rk8,400,0.003125,16001,S4,model_not_constructed,,,—,,,
2.1_expanded,,16,0.5,rk8,400,0.003125,16001,S5,completed,0.00022556857363635174,0.0005141618273353243,2.256e-04 / 5.142e-04,p16_difference_rm_rk8_n400_dt0.003125_L4,C:\Users\msz\aca\Workspaces\hs_table_data_20260927\out\profiles\p16_difference_rm_rk8_n400_dt0.003125_L4.npz,4d2795a33a05d0fb8f407055b378ffb9bbb60d5c516fdcde4b4e735bef981bf9
2.1_expanded,,16,0.5,rk8,400,0.003125,16001,S6,completed,0.00010717130134859504,0.0008159411828914109,1.072e-04 / 8.159e-04,p16_difference_fixed_rk8_n400_dt0.003125_L4,C:\Users\msz\aca\Workspaces\hs_table_data_20260927\out\profiles\p16_difference_fixed_rk8_n400_dt0.003125_L4.npz,1bac38c0fca109b2a3ee77861d11d27e479a48ddba22b65b60f622365d5a03f1
2.2_expanded,,16,0.25,euler,200,0.0125,8001,S1,model_not_constructed,,,—,,,
2.2_expanded,,16,0.25,euler,200,0.0125,8001,S2,model_not_constructed,,,—,,,
2.2_expanded,,16,0.25,euler,200,0.0125,8001,S3,model_not_constructed,,,—,,,
2.2_expanded,,16,0.25,euler,200,0.0125,8001,S4,model_not_constructed,,,—,,,
2.2_expanded,,16,0.25,euler,200,0.0125,8001,S5,completed,0.0005650810635219978,0.0016056672285804652,5.651e-04 / 1.606e-03,p16_difference_rm_euler_n200_dt0.0125_L4,C:\Users\msz\aca\Workspaces\hs_table_data_20260927\out\profiles\p16_difference_rm_euler_n200_dt0.0125_L4.npz,1a44fa3b0146f07f489624660ad343e0b23d5647394314c5735fcc9189d1eb06
2.2_expanded,,16,0.25,euler,200,0.0125,8001,S6,completed,0.00038005693737462945,0.0025528468529874004,3.801e-04 / 2.553e-03,p16_difference_fixed_euler_n200_dt0.0125_L4,C:\Users\msz\aca\Workspaces\hs_table_data_20260927\out\profiles\p16_difference_fixed_euler_n200_dt0.0125_L4.npz,1d5c7ce6e15e3590cd92e6f1ac4cd3b398fcec95d1b5b6aa1849681f4b7dc8fa
2.2_expanded,,16,0.25,heun,200,0.0125,8001,S1,model_not_constructed,,,—,,,
2.2_expanded,,16,0.25,heun,200,0.0125,8001,S2,model_not_constructed,,,—,,,
2.2_expanded,,16,0.25,heun,200,0.0125,8001,S3,model_not_constructed,,,—,,,
2.2_expanded,,16,0.25,heun,200,0.0125,8001,S4,model_not_constructed,,,—,,,
2.2_expanded,,16,0.25,heun,200,0.0125,8001,S5,completed,0.0005102164718300273,0.001638012600315153,5.102e-04 / 1.638e-03,p16_difference_rm_heun_n200_dt0.0125_L4,C:\Users\msz\aca\Workspaces\hs_table_data_20260927\out\profiles\p16_difference_rm_heun_n200_dt0.0125_L4.npz,b0afec02ab3191f6b820007b389914f21386e49979ce1441e53cb13a0b83f159
2.2_expanded,,16,0.25,heun,200,0.0125,8001,S6,completed,0.00038715311746279416,0.002612261469877031,3.872e-04 / 2.612e-03,p16_difference_fixed_heun_n200_dt0.0125_L4,C:\Users\msz\aca\Workspaces\hs_table_data_20260927\out\profiles\p16_difference_fixed_heun_n200_dt0.0125_L4.npz,5dd23209370485aa1d5a0601d72f913f2e62ab9380eb9b8195e58a65303ddc44
2.2_expanded,,16,0.25,rk4,200,0.0125,8001,S1,model_not_constructed,,,—,,,
2.2_expanded,,16,0.25,rk4,200,0.0125,8001,S2,model_not_constructed,,,—,,,
2.2_expanded,,16,0.25,rk4,200,0.0125,8001,S3,model_not_constructed,,,—,,,
2.2_expanded,,16,0.25,rk4,200,0.0125,8001,S4,model_not_constructed,,,—,,,
2.2_expanded,,16,0.25,rk4,200,0.0125,8001,S5,completed,0.0005114780581725199,0.0016384181048796354,5.115e-04 / 1.638e-03,p16_difference_rm_rk4_n200_dt0.0125_L4,C:\Users\msz\aca\Workspaces\hs_table_data_20260927\out\profiles\p16_difference_rm_rk4_n200_dt0.0125_L4.npz,7f11bab707f27d142ba0d52e876c4779b8ed70c2a2865e69e23480cd7171d0c1
2.2_expanded,,16,0.25,rk4,200,0.0125,8001,S6,completed,0.00038721895364267345,0.0026124305602904796,3.872e-04 / 2.612e-03,p16_difference_fixed_rk4_n200_dt0.0125_L4,C:\Users\msz\aca\Workspaces\hs_table_data_20260927\out\profiles\p16_difference_fixed_rk4_n200_dt0.0125_L4.npz,29b19cf05ff0108da0cfc228f24182991fb8387c1e3cf06c832ac81fe2c8d9d7
2.2_expanded,,16,0.25,rk8,200,0.0125,8001,S1,model_not_constructed,,,—,,,
2.2_expanded,,16,0.25,rk8,200,0.0125,8001,S2,model_not_constructed,,,—,,,
2.2_expanded,,16,0.25,rk8,200,0.0125,8001,S3,model_not_constructed,,,—,,,
2.2_expanded,,16,0.25,rk8,200,0.0125,8001,S4,model_not_constructed,,,—,,,
2.2_expanded,,16,0.25,rk8,200,0.0125,8001,S5,completed,0.0005114778593173913,0.001638418064575875,5.115e-04 / 1.638e-03,p16_difference_rm_rk8_n200_dt0.0125_L4,C:\Users\msz\aca\Workspaces\hs_table_data_20260927\out\profiles\p16_difference_rm_rk8_n200_dt0.0125_L4.npz,3334653ee3178a5f2ac72d420d5e82ad1d31e643090aead874e867d1680477c2
2.2_expanded,,16,0.25,rk8,200,0.0125,8001,S6,completed,0.00038721894493032663,0.0026124305578912876,3.872e-04 / 2.612e-03,p16_difference_fixed_rk8_n200_dt0.0125_L4,C:\Users\msz\aca\Workspaces\hs_table_data_20260927\out\profiles\p16_difference_fixed_rk8_n200_dt0.0125_L4.npz,5e64793d460dd592ed71b94698e520e1aa82766e3678380c954d07efa2fafa51
2.2_expanded,,16,0.5,euler,200,0.0125,8001,S1,model_not_constructed,,,—,,,
2.2_expanded,,16,0.5,euler,200,0.0125,8001,S2,model_not_constructed,,,—,,,
2.2_expanded,,16,0.5,euler,200,0.0125,8001,S3,model_not_constructed,,,—,,,
2.2_expanded,,16,0.5,euler,200,0.0125,8001,S4,model_not_constructed,,,—,,,
2.2_expanded,,16,0.5,euler,200,0.0125,8001,S5,completed,0.0009537605894525871,0.001958781926962083,9.538e-04 / 1.959e-03,p16_difference_rm_euler_n200_dt0.0125_L4,C:\Users\msz\aca\Workspaces\hs_table_data_20260927\out\profiles\p16_difference_rm_euler_n200_dt0.0125_L4.npz,1a44fa3b0146f07f489624660ad343e0b23d5647394314c5735fcc9189d1eb06
2.2_expanded,,16,0.5,euler,200,0.0125,8001,S6,completed,0.0004056654310319596,0.00305037108554429,4.057e-04 / 3.050e-03,p16_difference_fixed_euler_n200_dt0.0125_L4,C:\Users\msz\aca\Workspaces\hs_table_data_20260927\out\profiles\p16_difference_fixed_euler_n200_dt0.0125_L4.npz,1d5c7ce6e15e3590cd92e6f1ac4cd3b398fcec95d1b5b6aa1849681f4b7dc8fa
2.2_expanded,,16,0.5,heun,200,0.0125,8001,S1,model_not_constructed,,,—,,,
2.2_expanded,,16,0.5,heun,200,0.0125,8001,S2,model_not_constructed,,,—,,,
2.2_expanded,,16,0.5,heun,200,0.0125,8001,S3,model_not_constructed,,,—,,,
2.2_expanded,,16,0.5,heun,200,0.0125,8001,S4,model_not_constructed,,,—,,,
2.2_expanded,,16,0.5,heun,200,0.0125,8001,S5,completed,0.0008944415202092907,0.0020420247100019218,8.944e-04 / 2.042e-03,p16_difference_rm_heun_n200_dt0.0125_L4,C:\Users\msz\aca\Workspaces\hs_table_data_20260927\out\profiles\p16_difference_rm_heun_n200_dt0.0125_L4.npz,b0afec02ab3191f6b820007b389914f21386e49979ce1441e53cb13a0b83f159
2.2_expanded,,16,0.5,heun,200,0.0125,8001,S6,completed,0.000424405884628401,0.0031752873504122814,4.244e-04 / 3.175e-03,p16_difference_fixed_heun_n200_dt0.0125_L4,C:\Users\msz\aca\Workspaces\hs_table_data_20260927\out\profiles\p16_difference_fixed_heun_n200_dt0.0125_L4.npz,5dd23209370485aa1d5a0601d72f913f2e62ab9380eb9b8195e58a65303ddc44
2.2_expanded,,16,0.5,rk4,200,0.0125,8001,S1,model_not_constructed,,,—,,,
2.2_expanded,,16,0.5,rk4,200,0.0125,8001,S2,model_not_constructed,,,—,,,
2.2_expanded,,16,0.5,rk4,200,0.0125,8001,S3,model_not_constructed,,,—,,,
2.2_expanded,,16,0.5,rk4,200,0.0125,8001,S4,model_not_constructed,,,—,,,
2.2_expanded,,16,0.5,rk4,200,0.0125,8001,S5,completed,0.0008975037934307812,0.0020428306169951727,8.975e-04 / 2.043e-03,p16_difference_rm_rk4_n200_dt0.0125_L4,C:\Users\msz\aca\Workspaces\hs_table_data_20260927\out\profiles\p16_difference_rm_rk4_n200_dt0.0125_L4.npz,7f11bab707f27d142ba0d52e876c4779b8ed70c2a2865e69e23480cd7171d0c1
2.2_expanded,,16,0.5,rk4,200,0.0125,8001,S6,completed,0.00042454720940511906,0.0031756422787156957,4.245e-04 / 3.176e-03,p16_difference_fixed_rk4_n200_dt0.0125_L4,C:\Users\msz\aca\Workspaces\hs_table_data_20260927\out\profiles\p16_difference_fixed_rk4_n200_dt0.0125_L4.npz,29b19cf05ff0108da0cfc228f24182991fb8387c1e3cf06c832ac81fe2c8d9d7
2.2_expanded,,16,0.5,rk8,200,0.0125,8001,S1,model_not_constructed,,,—,,,
2.2_expanded,,16,0.5,rk8,200,0.0125,8001,S2,model_not_constructed,,,—,,,
2.2_expanded,,16,0.5,rk8,200,0.0125,8001,S3,model_not_constructed,,,—,,,
2.2_expanded,,16,0.5,rk8,200,0.0125,8001,S4,model_not_constructed,,,—,,,
2.2_expanded,,16,0.5,rk8,200,0.0125,8001,S5,completed,0.0008975033089303822,0.0020428305357486076,8.975e-04 / 2.043e-03,p16_difference_rm_rk8_n200_dt0.0125_L4,C:\Users\msz\aca\Workspaces\hs_table_data_20260927\out\profiles\p16_difference_rm_rk8_n200_dt0.0125_L4.npz,3334653ee3178a5f2ac72d420d5e82ad1d31e643090aead874e867d1680477c2
2.2_expanded,,16,0.5,rk8,200,0.0125,8001,S6,completed,0.00042454719106619493,0.0031756422801626494,4.245e-04 / 3.176e-03,p16_difference_fixed_rk8_n200_dt0.0125_L4,C:\Users\msz\aca\Workspaces\hs_table_data_20260927\out\profiles\p16_difference_fixed_rk8_n200_dt0.0125_L4.npz,5e64793d460dd592ed71b94698e520e1aa82766e3678380c954d07efa2fafa51
2.1_expanded,,17,0.25,euler,400,0.003125,16001,S1,model_not_constructed,,,—,,,
2.1_expanded,,17,0.25,euler,400,0.003125,16001,S2,model_not_constructed,,,—,,,
2.1_expanded,,17,0.25,euler,400,0.003125,16001,S3,model_not_constructed,,,—,,,
2.1_expanded,,17,0.25,euler,400,0.003125,16001,S4,model_not_constructed,,,—,,,
2.1_expanded,,17,0.25,euler,400,0.003125,16001,S5,completed,0.00016273709155880355,0.0004510731885649655,1.627e-04 / 4.511e-04,p17_difference_rm_euler_n400_dt0.003125_L4,C:\Users\msz\aca\Workspaces\hs_waveform_atlas_20260927\out\profiles\p17_difference_rm_euler_n400_dt0.003125_L4.npz,7a6e258c65098d803fb0d2203f698235ec1b7263a03000e3d6aef70fb5b29831
2.1_expanded,,17,0.25,euler,400,0.003125,16001,S6,completed,0.00010474882434845928,0.0007482766265358709,1.047e-04 / 7.483e-04,p17_difference_fixed_euler_n400_dt0.003125_L4,C:\Users\msz\aca\Workspaces\hs_waveform_atlas_20260927\out\profiles\p17_difference_fixed_euler_n400_dt0.003125_L4.npz,17b313af6b99fe093b691c51e06c364c33a3618338349ebb84dda872066aad7a
2.1_expanded,,17,0.25,heun,400,0.003125,16001,S1,model_not_constructed,,,—,,,
2.1_expanded,,17,0.25,heun,400,0.003125,16001,S2,model_not_constructed,,,—,,,
2.1_expanded,,17,0.25,heun,400,0.003125,16001,S3,model_not_constructed,,,—,,,
2.1_expanded,,17,0.25,heun,400,0.003125,16001,S4,model_not_constructed,,,—,,,
2.1_expanded,,17,0.25,heun,400,0.003125,16001,S5,completed,0.00014908431815649666,0.00045953326650360893,1.491e-04 / 4.595e-04,p17_difference_rm_heun_n400_dt0.003125_L4,C:\Users\msz\aca\Workspaces\hs_table_data_20260927\out\profiles\p17_difference_rm_heun_n400_dt0.003125_L4.npz,47cb4309f5d5dcf8dd33320ad13acbb3c5375f127321a0a73cc22a69fa00658d
2.1_expanded,,17,0.25,heun,400,0.003125,16001,S6,completed,0.00010675440689806442,0.000763672756130207,1.068e-04 / 7.637e-04,p17_difference_fixed_heun_n400_dt0.003125_L4,C:\Users\msz\aca\Workspaces\hs_table_data_20260927\out\profiles\p17_difference_fixed_heun_n400_dt0.003125_L4.npz,7ce109f67d6b391136e69d39d2541e778435b107cf1637e0370906af90c3b210
2.1_expanded,,17,0.25,rk4,400,0.003125,16001,S1,model_not_constructed,,,—,,,
2.1_expanded,,17,0.25,rk4,400,0.003125,16001,S2,model_not_constructed,,,—,,,
2.1_expanded,,17,0.25,rk4,400,0.003125,16001,S3,model_not_constructed,,,—,,,
2.1_expanded,,17,0.25,rk4,400,0.003125,16001,S4,model_not_constructed,,,—,,,
2.1_expanded,,17,0.25,rk4,400,0.003125,16001,S5,completed,0.00014918103221068634,0.000459566160303182,1.492e-04 / 4.596e-04,p17_difference_rm_rk4_n400_dt0.003125_L4,C:\Users\msz\aca\Workspaces\hs_table_data_20260927\out\profiles\p17_difference_rm_rk4_n400_dt0.003125_L4.npz,cc256bed7ff858291b96c26e7faa047730a11f602a7d204b4dd922a314bfcba4
2.1_expanded,,17,0.25,rk4,400,0.003125,16001,S6,completed,0.00010675676434954845,0.0007636843666164461,1.068e-04 / 7.637e-04,p17_difference_fixed_rk4_n400_dt0.003125_L4,C:\Users\msz\aca\Workspaces\hs_table_data_20260927\out\profiles\p17_difference_fixed_rk4_n400_dt0.003125_L4.npz,cd12d827afa75051b78157931c3ff7aaa5593eef388882c07c3a1918377e5f64
2.1_expanded,,17,0.25,rk8,400,0.003125,16001,S1,model_not_constructed,,,—,,,
2.1_expanded,,17,0.25,rk8,400,0.003125,16001,S2,model_not_constructed,,,—,,,
2.1_expanded,,17,0.25,rk8,400,0.003125,16001,S3,model_not_constructed,,,—,,,
2.1_expanded,,17,0.25,rk8,400,0.003125,16001,S4,model_not_constructed,,,—,,,
2.1_expanded,,17,0.25,rk8,400,0.003125,16001,S5,completed,0.00014918103111195933,0.00045956616007403195,1.492e-04 / 4.596e-04,p17_difference_rm_rk8_n400_dt0.003125_L4,C:\Users\msz\aca\Workspaces\hs_table_data_20260927\out\profiles\p17_difference_rm_rk8_n400_dt0.003125_L4.npz,eabf55ef5462f5a24a41151bf6a7295c4145c5b3dc630fd046ac5466ff86d655
2.1_expanded,,17,0.25,rk8,400,0.003125,16001,S6,completed,0.00010675676433861275,0.000763684366615891,1.068e-04 / 7.637e-04,p17_difference_fixed_rk8_n400_dt0.003125_L4,C:\Users\msz\aca\Workspaces\hs_table_data_20260927\out\profiles\p17_difference_fixed_rk8_n400_dt0.003125_L4.npz,9848d7e116e7686e52b58168b7b5e79c3a0f94ea2196d6fbc03dcd25795d4bb8
2.1_expanded,,17,0.5,euler,400,0.003125,16001,S1,model_not_constructed,,,—,,,
2.1_expanded,,17,0.5,euler,400,0.003125,16001,S2,model_not_constructed,,,—,,,
2.1_expanded,,17,0.5,euler,400,0.003125,16001,S3,model_not_constructed,,,—,,,
2.1_expanded,,17,0.5,euler,400,0.003125,16001,S4,model_not_constructed,,,—,,,
2.1_expanded,,17,0.5,euler,400,0.003125,16001,S5,completed,0.00027419550185861334,0.0005541245512440396,2.742e-04 / 5.541e-04,p17_difference_rm_euler_n400_dt0.003125_L4,C:\Users\msz\aca\Workspaces\hs_waveform_atlas_20260927\out\profiles\p17_difference_rm_euler_n400_dt0.003125_L4.npz,7a6e258c65098d803fb0d2203f698235ec1b7263a03000e3d6aef70fb5b29831
2.1_expanded,,17,0.5,euler,400,0.003125,16001,S6,completed,0.00011232217395428651,0.0009060942116554394,1.123e-04 / 9.061e-04,p17_difference_fixed_euler_n400_dt0.003125_L4,C:\Users\msz\aca\Workspaces\hs_waveform_atlas_20260927\out\profiles\p17_difference_fixed_euler_n400_dt0.003125_L4.npz,17b313af6b99fe093b691c51e06c364c33a3618338349ebb84dda872066aad7a
2.1_expanded,,17,0.5,heun,400,0.003125,16001,S1,model_not_constructed,,,—,,,
2.1_expanded,,17,0.5,heun,400,0.003125,16001,S2,model_not_constructed,,,—,,,
2.1_expanded,,17,0.5,heun,400,0.003125,16001,S3,model_not_constructed,,,—,,,
2.1_expanded,,17,0.5,heun,400,0.003125,16001,S4,model_not_constructed,,,—,,,
2.1_expanded,,17,0.5,heun,400,0.003125,16001,S5,completed,0.00026486970483373656,0.0005749031921350456,2.649e-04 / 5.749e-04,p17_difference_rm_heun_n400_dt0.003125_L4,C:\Users\msz\aca\Workspaces\hs_table_data_20260927\out\profiles\p17_difference_rm_heun_n400_dt0.003125_L4.npz,47cb4309f5d5dcf8dd33320ad13acbb3c5375f127321a0a73cc22a69fa00658d
2.1_expanded,,17,0.5,heun,400,0.003125,16001,S6,completed,0.00011699220069218835,0.0009390996546861929,1.170e-04 / 9.391e-04,p17_difference_fixed_heun_n400_dt0.003125_L4,C:\Users\msz\aca\Workspaces\hs_table_data_20260927\out\profiles\p17_difference_fixed_heun_n400_dt0.003125_L4.npz,7ce109f67d6b391136e69d39d2541e778435b107cf1637e0370906af90c3b210
2.1_expanded,,17,0.5,rk4,400,0.003125,16001,S1,model_not_constructed,,,—,,,
2.1_expanded,,17,0.5,rk4,400,0.003125,16001,S2,model_not_constructed,,,—,,,
2.1_expanded,,17,0.5,rk4,400,0.003125,16001,S3,model_not_constructed,,,—,,,
2.1_expanded,,17,0.5,rk4,400,0.003125,16001,S4,model_not_constructed,,,—,,,
2.1_expanded,,17,0.5,rk4,400,0.003125,16001,S5,completed,0.000265081419495169,0.0005749535047802068,2.651e-04 / 5.750e-04,p17_difference_rm_rk4_n400_dt0.003125_L4,C:\Users\msz\aca\Workspaces\hs_table_data_20260927\out\profiles\p17_difference_rm_rk4_n400_dt0.003125_L4.npz,cc256bed7ff858291b96c26e7faa047730a11f602a7d204b4dd922a314bfcba4
2.1_expanded,,17,0.5,rk4,400,0.003125,16001,S6,completed,0.00011699734975505194,0.0009391235482277827,1.170e-04 / 9.391e-04,p17_difference_fixed_rk4_n400_dt0.003125_L4,C:\Users\msz\aca\Workspaces\hs_table_data_20260927\out\profiles\p17_difference_fixed_rk4_n400_dt0.003125_L4.npz,cd12d827afa75051b78157931c3ff7aaa5593eef388882c07c3a1918377e5f64
2.1_expanded,,17,0.5,rk8,400,0.003125,16001,S1,model_not_constructed,,,—,,,
2.1_expanded,,17,0.5,rk8,400,0.003125,16001,S2,model_not_constructed,,,—,,,
2.1_expanded,,17,0.5,rk8,400,0.003125,16001,S3,model_not_constructed,,,—,,,
2.1_expanded,,17,0.5,rk8,400,0.003125,16001,S4,model_not_constructed,,,—,,,
2.1_expanded,,17,0.5,rk8,400,0.003125,16001,S5,completed,0.000265081417357693,0.0005749535044581311,2.651e-04 / 5.750e-04,p17_difference_rm_rk8_n400_dt0.003125_L4,C:\Users\msz\aca\Workspaces\hs_table_data_20260927\out\profiles\p17_difference_rm_rk8_n400_dt0.003125_L4.npz,eabf55ef5462f5a24a41151bf6a7295c4145c5b3dc630fd046ac5466ff86d655
2.1_expanded,,17,0.5,rk8,400,0.003125,16001,S6,completed,0.0001169973497313348,0.0009391235482323346,1.170e-04 / 9.391e-04,p17_difference_fixed_rk8_n400_dt0.003125_L4,C:\Users\msz\aca\Workspaces\hs_table_data_20260927\out\profiles\p17_difference_fixed_rk8_n400_dt0.003125_L4.npz,9848d7e116e7686e52b58168b7b5e79c3a0f94ea2196d6fbc03dcd25795d4bb8
2.2_expanded,,17,0.25,euler,200,0.0125,8001,S1,model_not_constructed,,,—,,,
2.2_expanded,,17,0.25,euler,200,0.0125,8001,S2,model_not_constructed,,,—,,,
2.2_expanded,,17,0.25,euler,200,0.0125,8001,S3,model_not_constructed,,,—,,,
2.2_expanded,,17,0.25,euler,200,0.0125,8001,S4,model_not_constructed,,,—,,,
2.2_expanded,,17,0.25,euler,200,0.0125,8001,S5,completed,0.0006496352123754262,0.0017947762904817477,6.496e-04 / 1.795e-03,p17_difference_rm_euler_n200_dt0.0125_L4,C:\Users\msz\aca\Workspaces\hs_table_data_20260927\out\profiles\p17_difference_rm_euler_n200_dt0.0125_L4.npz,3e2c7c3575cf522476668bfb4d3668ddefb971e415bc77d693357be1916ee1c7
2.2_expanded,,17,0.25,euler,200,0.0125,8001,S6,completed,0.00041657640439218824,0.002981028677097153,4.166e-04 / 2.981e-03,p17_difference_fixed_euler_n200_dt0.0125_L4,C:\Users\msz\aca\Workspaces\hs_table_data_20260927\out\profiles\p17_difference_fixed_euler_n200_dt0.0125_L4.npz,4d3729ae4df1fba71c79a2b90c36bf6eeba197a5c0f09ab198a47fbebab05534
2.2_expanded,,17,0.25,heun,200,0.0125,8001,S1,model_not_constructed,,,—,,,
2.2_expanded,,17,0.25,heun,200,0.0125,8001,S2,model_not_constructed,,,—,,,
2.2_expanded,,17,0.25,heun,200,0.0125,8001,S3,model_not_constructed,,,—,,,
2.2_expanded,,17,0.25,heun,200,0.0125,8001,S4,model_not_constructed,,,—,,,
2.2_expanded,,17,0.25,heun,200,0.0125,8001,S5,completed,0.0005920335734234004,0.001828045207985629,5.920e-04 / 1.828e-03,p17_difference_rm_heun_n200_dt0.0125_L4,C:\Users\msz\aca\Workspaces\hs_table_data_20260927\out\profiles\p17_difference_rm_heun_n200_dt0.0125_L4.npz,2f46e1c5bb3780e34042258daa2f6044f2e3d16e02d54a575d2e3a2c35d91850
2.2_expanded,,17,0.25,heun,200,0.0125,8001,S6,completed,0.00042329241042638605,0.0030425440155484873,4.233e-04 / 3.043e-03,p17_difference_fixed_heun_n200_dt0.0125_L4,C:\Users\msz\aca\Workspaces\hs_table_data_20260927\out\profiles\p17_difference_fixed_heun_n200_dt0.0125_L4.npz,583ca51e3e378807decbfbe9df82ededad42dc92a33a361551f21a42759bf7d7
2.2_expanded,,17,0.25,rk4,200,0.0125,8001,S1,model_not_constructed,,,—,,,
2.2_expanded,,17,0.25,rk4,200,0.0125,8001,S2,model_not_constructed,,,—,,,
2.2_expanded,,17,0.25,rk4,200,0.0125,8001,S3,model_not_constructed,,,—,,,
2.2_expanded,,17,0.25,rk4,200,0.0125,8001,S4,model_not_constructed,,,—,,,
2.2_expanded,,17,0.25,rk4,200,0.0125,8001,S5,completed,0.0005933117856392923,0.0018284998380047046,5.933e-04 / 1.828e-03,p17_difference_rm_rk4_n200_dt0.0125_L4,C:\Users\msz\aca\Workspaces\hs_table_data_20260927\out\profiles\p17_difference_rm_rk4_n200_dt0.0125_L4.npz,3c3bbbd5c10cb8d5714ef6c96cee530fc253f268414f1346801bcb506602c3ad
2.2_expanded,,17,0.25,rk4,200,0.0125,8001,S6,completed,0.0004233638120353482,0.0030427266603242353,4.234e-04 / 3.043e-03,p17_difference_fixed_rk4_n200_dt0.0125_L4,C:\Users\msz\aca\Workspaces\hs_table_data_20260927\out\profiles\p17_difference_fixed_rk4_n200_dt0.0125_L4.npz,c8338d29520862bd1b140e36e35f54fef32ac329f49fda85d57ccf3fde3370d6
2.2_expanded,,17,0.25,rk8,200,0.0125,8001,S1,model_not_constructed,,,—,,,
2.2_expanded,,17,0.25,rk8,200,0.0125,8001,S2,model_not_constructed,,,—,,,
2.2_expanded,,17,0.25,rk8,200,0.0125,8001,S3,model_not_constructed,,,—,,,
2.2_expanded,,17,0.25,rk8,200,0.0125,8001,S4,model_not_constructed,,,—,,,
2.2_expanded,,17,0.25,rk8,200,0.0125,8001,S5,completed,0.0005933115853013083,0.0018284997919593149,5.933e-04 / 1.828e-03,p17_difference_rm_rk8_n200_dt0.0125_L4,C:\Users\msz\aca\Workspaces\hs_table_data_20260927\out\profiles\p17_difference_rm_rk8_n200_dt0.0125_L4.npz,761a0ce7e758da8c04b83cd13a28a437bed90084304e2902d5bcbf47632bb187
2.2_expanded,,17,0.25,rk8,200,0.0125,8001,S6,completed,0.0004233638022572289,0.0030427266578112455,4.234e-04 / 3.043e-03,p17_difference_fixed_rk8_n200_dt0.0125_L4,C:\Users\msz\aca\Workspaces\hs_table_data_20260927\out\profiles\p17_difference_fixed_rk8_n200_dt0.0125_L4.npz,cb7befbdaf6684db9079e76eb380f8b1a2fac2c3f5c0e756ebae29d3e7b787e0
2.2_expanded,,17,0.5,euler,200,0.0125,8001,S1,model_not_constructed,,,—,,,
2.2_expanded,,17,0.5,euler,200,0.0125,8001,S2,model_not_constructed,,,—,,,
2.2_expanded,,17,0.5,euler,200,0.0125,8001,S3,model_not_constructed,,,—,,,
2.2_expanded,,17,0.5,euler,200,0.0125,8001,S4,model_not_constructed,,,—,,,
2.2_expanded,,17,0.5,euler,200,0.0125,8001,S5,completed,0.0011166769952365655,0.002187648515100782,1.117e-03 / 2.188e-03,p17_difference_rm_euler_n200_dt0.0125_L4,C:\Users\msz\aca\Workspaces\hs_table_data_20260927\out\profiles\p17_difference_rm_euler_n200_dt0.0125_L4.npz,3e2c7c3575cf522476668bfb4d3668ddefb971e415bc77d693357be1916ee1c7
2.2_expanded,,17,0.5,euler,200,0.0125,8001,S6,completed,0.00044457971627692716,0.003497501018826177,4.446e-04 / 3.498e-03,p17_difference_fixed_euler_n200_dt0.0125_L4,C:\Users\msz\aca\Workspaces\hs_table_data_20260927\out\profiles\p17_difference_fixed_euler_n200_dt0.0125_L4.npz,4d3729ae4df1fba71c79a2b90c36bf6eeba197a5c0f09ab198a47fbebab05534
2.2_expanded,,17,0.5,heun,200,0.0125,8001,S1,model_not_constructed,,,—,,,
2.2_expanded,,17,0.5,heun,200,0.0125,8001,S2,model_not_constructed,,,—,,,
2.2_expanded,,17,0.5,heun,200,0.0125,8001,S3,model_not_constructed,,,—,,,
2.2_expanded,,17,0.5,heun,200,0.0125,8001,S4,model_not_constructed,,,—,,,
2.2_expanded,,17,0.5,heun,200,0.0125,8001,S5,completed,0.001050452715014253,0.0022741465888741486,1.050e-03 / 2.274e-03,p17_difference_rm_heun_n200_dt0.0125_L4,C:\Users\msz\aca\Workspaces\hs_table_data_20260927\out\profiles\p17_difference_rm_heun_n200_dt0.0125_L4.npz,2f46e1c5bb3780e34042258daa2f6044f2e3d16e02d54a575d2e3a2c35d91850
2.2_expanded,,17,0.5,heun,200,0.0125,8001,S6,completed,0.0004657962807420833,0.003626139583765564,4.658e-04 / 3.626e-03,p17_difference_fixed_heun_n200_dt0.0125_L4,C:\Users\msz\aca\Workspaces\hs_table_data_20260927\out\profiles\p17_difference_fixed_heun_n200_dt0.0125_L4.npz,583ca51e3e378807decbfbe9df82ededad42dc92a33a361551f21a42759bf7d7
2.2_expanded,,17,0.5,rk4,200,0.0125,8001,S1,model_not_constructed,,,—,,,
2.2_expanded,,17,0.5,rk4,200,0.0125,8001,S2,model_not_constructed,,,—,,,
2.2_expanded,,17,0.5,rk4,200,0.0125,8001,S3,model_not_constructed,,,—,,,
2.2_expanded,,17,0.5,rk4,200,0.0125,8001,S4,model_not_constructed,,,—,,,
2.2_expanded,,17,0.5,rk4,200,0.0125,8001,S5,completed,0.0010536238932826007,0.002275037244944711,1.054e-03 / 2.275e-03,p17_difference_rm_rk4_n200_dt0.0125_L4,C:\Users\msz\aca\Workspaces\hs_table_data_20260927\out\profiles\p17_difference_rm_rk4_n200_dt0.0125_L4.npz,3c3bbbd5c10cb8d5714ef6c96cee530fc253f268414f1346801bcb506602c3ad
2.2_expanded,,17,0.5,rk4,200,0.0125,8001,S6,completed,0.0004659487436843822,0.0036264769901296345,4.659e-04 / 3.626e-03,p17_difference_fixed_rk4_n200_dt0.0125_L4,C:\Users\msz\aca\Workspaces\hs_table_data_20260927\out\profiles\p17_difference_fixed_rk4_n200_dt0.0125_L4.npz,c8338d29520862bd1b140e36e35f54fef32ac329f49fda85d57ccf3fde3370d6
2.2_expanded,,17,0.5,rk8,200,0.0125,8001,S1,model_not_constructed,,,—,,,
2.2_expanded,,17,0.5,rk8,200,0.0125,8001,S2,model_not_constructed,,,—,,,
2.2_expanded,,17,0.5,rk8,200,0.0125,8001,S3,model_not_constructed,,,—,,,
2.2_expanded,,17,0.5,rk8,200,0.0125,8001,S4,model_not_constructed,,,—,,,
2.2_expanded,,17,0.5,rk8,200,0.0125,8001,S5,completed,0.0010536233927477693,0.002275037153025239,1.054e-03 / 2.275e-03,p17_difference_rm_rk8_n200_dt0.0125_L4,C:\Users\msz\aca\Workspaces\hs_table_data_20260927\out\profiles\p17_difference_rm_rk8_n200_dt0.0125_L4.npz,761a0ce7e758da8c04b83cd13a28a437bed90084304e2902d5bcbf47632bb187
2.2_expanded,,17,0.5,rk8,200,0.0125,8001,S6,completed,0.00046594872326826894,0.003626476992139138,4.659e-04 / 3.626e-03,p17_difference_fixed_rk8_n200_dt0.0125_L4,C:\Users\msz\aca\Workspaces\hs_table_data_20260927\out\profiles\p17_difference_fixed_rk8_n200_dt0.0125_L4.npz,cb7befbdaf6684db9079e76eb380f8b1a2fac2c3f5c0e756ebae29d3e7b787e0
2.1_expanded,,18,0.25,euler,400,0.003125,16001,S1,model_not_constructed,,,—,,,
2.1_expanded,,18,0.25,euler,400,0.003125,16001,S2,model_not_constructed,,,—,,,
2.1_expanded,,18,0.25,euler,400,0.003125,16001,S3,model_not_constructed,,,—,,,
2.1_expanded,,18,0.25,euler,400,0.003125,16001,S4,model_not_constructed,,,—,,,
2.1_expanded,,18,0.25,euler,400,0.003125,16001,S5,completed,0.00018515913440841783,0.0004994402288429622,1.852e-04 / 4.994e-04,p18_difference_rm_euler_n400_dt0.003125_L4,C:\Users\msz\aca\Workspaces\hs_error_theory_20260926\out_v2\profiles\p18_difference_rm_euler_n400_dt0.003125_L4.npz,d2673545c0488523691e8f56486873613d162883110aa367a69160c244e72b54
2.1_expanded,,18,0.25,euler,400,0.003125,16001,S6,completed,0.00011420872826411674,0.000859935506261178,1.142e-04 / 8.599e-04,p18_difference_fixed_euler_n400_dt0.003125_L4,C:\Users\msz\aca\Workspaces\hs_error_theory_20260926\out_v2\profiles\p18_difference_fixed_euler_n400_dt0.003125_L4.npz,5296d8f1c6b6528242cf27049cb170a72f8ea46283c9298bd5a38918ad007f73
2.1_expanded,,18,0.25,heun,400,0.003125,16001,S1,model_not_constructed,,,—,,,
2.1_expanded,,18,0.25,heun,400,0.003125,16001,S2,model_not_constructed,,,—,,,
2.1_expanded,,18,0.25,heun,400,0.003125,16001,S3,model_not_constructed,,,—,,,
2.1_expanded,,18,0.25,heun,400,0.003125,16001,S4,model_not_constructed,,,—,,,
2.1_expanded,,18,0.25,heun,400,0.003125,16001,S5,completed,0.00017093842137669768,0.0005075317022458226,1.709e-04 / 5.075e-04,p18_difference_rm_heun_n400_dt0.003125_L4,C:\Users\msz\aca\Workspaces\hs_table_data_20260927\out\profiles\p18_difference_rm_heun_n400_dt0.003125_L4.npz,ac2a06e0e5d75fd85910dbdd2934f83d1806c0f82cfb7bf688222bb3408ed332
2.1_expanded,,18,0.25,heun,400,0.003125,16001,S6,completed,0.00011615728257054203,0.0008758664544081807,1.162e-04 / 8.759e-04,p18_difference_fixed_heun_n400_dt0.003125_L4,C:\Users\msz\aca\Workspaces\hs_table_data_20260927\out\profiles\p18_difference_fixed_heun_n400_dt0.003125_L4.npz,38540b0333b43178fbf556a2c827d08d7f6456cf95c123d10e3abe24cd261643
2.1_expanded,,18,0.25,rk4,400,0.003125,16001,S1,model_not_constructed,,,—,,,
2.1_expanded,,18,0.25,rk4,400,0.003125,16001,S2,model_not_constructed,,,—,,,
2.1_expanded,,18,0.25,rk4,400,0.003125,16001,S3,model_not_constructed,,,—,,,
2.1_expanded,,18,0.25,rk4,400,0.003125,16001,S4,model_not_constructed,,,—,,,
2.1_expanded,,18,0.25,rk4,400,0.003125,16001,S5,completed,0.00017103763135848044,0.0005075617537310118,1.710e-04 / 5.076e-04,p18_difference_rm_rk4_n400_dt0.003125_L4,C:\Users\msz\aca\Workspaces\hs_error_theory_20260926\out_v2\profiles\p18_difference_rm_rk4_n400_dt0.003125_L4.npz,9ee2ff262a396fb5cf76f837e3863b16cd8fd6cd56423a52a503ebea959eac42
2.1_expanded,,18,0.25,rk4,400,0.003125,16001,S6,completed,0.0001161597217886716,0.0008758784079628823,1.162e-04 / 8.759e-04,p18_difference_fixed_rk4_n400_dt0.003125_L4,C:\Users\msz\aca\Workspaces\hs_error_theory_20260926\out_v2\profiles\p18_difference_fixed_rk4_n400_dt0.003125_L4.npz,dc04d6ea6fe5b6e2c68bfedf35c32cfad5328eb4a7f620d99d5a94881f9d15e4
2.1_expanded,,18,0.25,rk8,400,0.003125,16001,S1,model_not_constructed,,,—,,,
2.1_expanded,,18,0.25,rk8,400,0.003125,16001,S2,model_not_constructed,,,—,,,
2.1_expanded,,18,0.25,rk8,400,0.003125,16001,S3,model_not_constructed,,,—,,,
2.1_expanded,,18,0.25,rk8,400,0.003125,16001,S4,model_not_constructed,,,—,,,
2.1_expanded,,18,0.25,rk8,400,0.003125,16001,S5,completed,0.0001710376304943739,0.0005075617535239552,1.710e-04 / 5.076e-04,p18_difference_rm_rk8_n400_dt0.003125_L4,C:\Users\msz\aca\Workspaces\hs_table_data_20260927\out\profiles\p18_difference_rm_rk8_n400_dt0.003125_L4.npz,3634da124e415291178e0668f316dd25be6066cfc96db272e6ea755b6608291a
2.1_expanded,,18,0.25,rk8,400,0.003125,16001,S6,completed,0.00011615972177624057,0.0008758784079602178,1.162e-04 / 8.759e-04,p18_difference_fixed_rk8_n400_dt0.003125_L4,C:\Users\msz\aca\Workspaces\hs_table_data_20260927\out\profiles\p18_difference_fixed_rk8_n400_dt0.003125_L4.npz,c0242841a56759f17f765f087963fc5e144221be420e91862c544470f3a2e1bc
2.1_expanded,,18,0.5,euler,400,0.003125,16001,S1,model_not_constructed,,,—,,,
2.1_expanded,,18,0.5,euler,400,0.003125,16001,S2,model_not_constructed,,,—,,,
2.1_expanded,,18,0.5,euler,400,0.003125,16001,S3,model_not_constructed,,,—,,,
2.1_expanded,,18,0.5,euler,400,0.003125,16001,S4,model_not_constructed,,,—,,,
2.1_expanded,,18,0.5,euler,400,0.003125,16001,S5,completed,0.00031711825978011574,0.0006157281235485978,3.171e-04 / 6.157e-04,p18_difference_rm_euler_n400_dt0.003125_L4,C:\Users\msz\aca\Workspaces\hs_error_theory_20260926\out_v2\profiles\p18_difference_rm_euler_n400_dt0.003125_L4.npz,d2673545c0488523691e8f56486873613d162883110aa367a69160c244e72b54
2.1_expanded,,18,0.5,euler,400,0.003125,16001,S6,completed,0.00012314259822057694,0.0010298269177710928,1.231e-04 / 1.030e-03,p18_difference_fixed_euler_n400_dt0.003125_L4,C:\Users\msz\aca\Workspaces\hs_error_theory_20260926\out_v2\profiles\p18_difference_fixed_euler_n400_dt0.003125_L4.npz,5296d8f1c6b6528242cf27049cb170a72f8ea46283c9298bd5a38918ad007f73
2.1_expanded,,18,0.5,heun,400,0.003125,16001,S1,model_not_constructed,,,—,,,
2.1_expanded,,18,0.5,heun,400,0.003125,16001,S2,model_not_constructed,,,—,,,
2.1_expanded,,18,0.5,heun,400,0.003125,16001,S3,model_not_constructed,,,—,,,
2.1_expanded,,18,0.5,heun,400,0.003125,16001,S4,model_not_constructed,,,—,,,
2.1_expanded,,18,0.5,heun,400,0.003125,16001,S5,completed,0.00030707629874274136,0.0006373240020541848,3.071e-04 / 6.373e-04,p18_difference_rm_heun_n400_dt0.003125_L4,C:\Users\msz\aca\Workspaces\hs_table_data_20260927\out\profiles\p18_difference_rm_heun_n400_dt0.003125_L4.npz,ac2a06e0e5d75fd85910dbdd2934f83d1806c0f82cfb7bf688222bb3408ed332
2.1_expanded,,18,0.5,heun,400,0.003125,16001,S6,completed,0.0001277745164854384,0.0010629001853965647,1.278e-04 / 1.063e-03,p18_difference_fixed_heun_n400_dt0.003125_L4,C:\Users\msz\aca\Workspaces\hs_table_data_20260927\out\profiles\p18_difference_fixed_heun_n400_dt0.003125_L4.npz,38540b0333b43178fbf556a2c827d08d7f6456cf95c123d10e3abe24cd261643
2.1_expanded,,18,0.5,rk4,400,0.003125,16001,S1,model_not_constructed,,,—,,,
2.1_expanded,,18,0.5,rk4,400,0.003125,16001,S2,model_not_constructed,,,—,,,
2.1_expanded,,18,0.5,rk4,400,0.003125,16001,S3,model_not_constructed,,,—,,,
2.1_expanded,,18,0.5,rk4,400,0.003125,16001,S4,model_not_constructed,,,—,,,
2.1_expanded,,18,0.5,rk4,400,0.003125,16001,S5,completed,0.0003072952944788727,0.0006373789856691792,3.073e-04 / 6.374e-04,p18_difference_rm_rk4_n400_dt0.003125_L4,C:\Users\msz\aca\Workspaces\hs_error_theory_20260926\out_v2\profiles\p18_difference_rm_rk4_n400_dt0.003125_L4.npz,9ee2ff262a396fb5cf76f837e3863b16cd8fd6cd56423a52a503ebea959eac42
2.1_expanded,,18,0.5,rk4,400,0.003125,16001,S6,completed,0.0001277798121298787,0.0010629250270234314,1.278e-04 / 1.063e-03,p18_difference_fixed_rk4_n400_dt0.003125_L4,C:\Users\msz\aca\Workspaces\hs_error_theory_20260926\out_v2\profiles\p18_difference_fixed_rk4_n400_dt0.003125_L4.npz,dc04d6ea6fe5b6e2c68bfedf35c32cfad5328eb4a7f620d99d5a94881f9d15e4
2.1_expanded,,18,0.5,rk8,400,0.003125,16001,S1,model_not_constructed,,,—,,,
2.1_expanded,,18,0.5,rk8,400,0.003125,16001,S2,model_not_constructed,,,—,,,
2.1_expanded,,18,0.5,rk8,400,0.003125,16001,S3,model_not_constructed,,,—,,,
2.1_expanded,,18,0.5,rk8,400,0.003125,16001,S4,model_not_constructed,,,—,,,
2.1_expanded,,18,0.5,rk8,400,0.003125,16001,S5,completed,0.00030729529236628826,0.000637378985319792,3.073e-04 / 6.374e-04,p18_difference_rm_rk8_n400_dt0.003125_L4,C:\Users\msz\aca\Workspaces\hs_table_data_20260927\out\profiles\p18_difference_rm_rk8_n400_dt0.003125_L4.npz,3634da124e415291178e0668f316dd25be6066cfc96db272e6ea755b6608291a
2.1_expanded,,18,0.5,rk8,400,0.003125,16001,S6,completed,0.00012777981210435746,0.0010629250270284274,1.278e-04 / 1.063e-03,p18_difference_fixed_rk8_n400_dt0.003125_L4,C:\Users\msz\aca\Workspaces\hs_table_data_20260927\out\profiles\p18_difference_fixed_rk8_n400_dt0.003125_L4.npz,c0242841a56759f17f765f087963fc5e144221be420e91862c544470f3a2e1bc
2.2_expanded,,18,0.25,euler,200,0.0125,8001,S1,model_not_constructed,,,—,,,
2.2_expanded,,18,0.25,euler,200,0.0125,8001,S2,model_not_constructed,,,—,,,
2.2_expanded,,18,0.25,euler,200,0.0125,8001,S3,model_not_constructed,,,—,,,
2.2_expanded,,18,0.25,euler,200,0.0125,8001,S4,model_not_constructed,,,—,,,
2.2_expanded,,18,0.25,euler,200,0.0125,8001,S5,completed,0.0007377911154028772,0.0019836610640032726,7.378e-04 / 1.984e-03,p18_difference_rm_euler_n200_dt0.0125_L4,C:\Users\msz\aca\Workspaces\hs_table_data_20260927\out\profiles\p18_difference_rm_euler_n200_dt0.0125_L4.npz,17161af1963185436cfb5748238cd1d53eea0abdd8e10864513b2208f6a33361
2.2_expanded,,18,0.25,euler,200,0.0125,8001,S6,completed,0.0004506032306932223,0.0033624571897566957,4.506e-04 / 3.362e-03,p18_difference_fixed_euler_n200_dt0.0125_L4,C:\Users\msz\aca\Workspaces\hs_table_data_20260927\out\profiles\p18_difference_fixed_euler_n200_dt0.0125_L4.npz,5d8022bc22d99718879ee2ecacc3ae083d90d5dea0521d6f325a604bcdf773eb
2.2_expanded,,18,0.25,heun,200,0.0125,8001,S1,model_not_constructed,,,—,,,
2.2_expanded,,18,0.25,heun,200,0.0125,8001,S2,model_not_constructed,,,—,,,
2.2_expanded,,18,0.25,heun,200,0.0125,8001,S3,model_not_constructed,,,—,,,
2.2_expanded,,18,0.25,heun,200,0.0125,8001,S4,model_not_constructed,,,—,,,
2.2_expanded,,18,0.25,heun,200,0.0125,8001,S5,completed,0.0006778406102710497,0.0020178560095948095,6.778e-04 / 2.018e-03,p18_difference_rm_heun_n200_dt0.0125_L4,C:\Users\msz\aca\Workspaces\hs_table_data_20260927\out\profiles\p18_difference_rm_heun_n200_dt0.0125_L4.npz,0971465097f884d825e5ed19c65c143e57b0c01b3af090d479db27078caae8b5
2.2_expanded,,18,0.25,heun,200,0.0125,8001,S6,completed,0.0004568915394354174,0.0034247115543202256,4.569e-04 / 3.425e-03,p18_difference_fixed_heun_n200_dt0.0125_L4,C:\Users\msz\aca\Workspaces\hs_table_data_20260927\out\profiles\p18_difference_fixed_heun_n200_dt0.0125_L4.npz,8f3c86c1a4b91605909cdc4c5ac9ec99ff03d06764658bd88f841401c0e194af
2.2_expanded,,18,0.25,rk4,200,0.0125,8001,S1,model_not_constructed,,,—,,,
2.2_expanded,,18,0.25,rk4,200,0.0125,8001,S2,model_not_constructed,,,—,,,
2.2_expanded,,18,0.25,rk4,200,0.0125,8001,S3,model_not_constructed,,,—,,,
2.2_expanded,,18,0.25,rk4,200,0.0125,8001,S4,model_not_constructed,,,—,,,
2.2_expanded,,18,0.25,rk4,200,0.0125,8001,S5,completed,0.0006791221947910295,0.0020183639243188667,6.791e-04 / 2.018e-03,p18_difference_rm_rk4_n200_dt0.0125_L4,C:\Users\msz\aca\Workspaces\hs_table_data_20260927\out\profiles\p18_difference_rm_rk4_n200_dt0.0125_L4.npz,7ef6ce743d10f8af0fe7f1bb2087299b09fe79720d34263b739e2ae7ce96187d
2.2_expanded,,18,0.25,rk4,200,0.0125,8001,S6,completed,0.00045696836523875795,0.003424904109267435,4.570e-04 / 3.425e-03,p18_difference_fixed_rk4_n200_dt0.0125_L4,C:\Users\msz\aca\Workspaces\hs_table_data_20260927\out\profiles\p18_difference_fixed_rk4_n200_dt0.0125_L4.npz,53e038fdbea5f7979eaff9c3ae186210c9e1a1c459fd26f82fb8630d10e24aac
2.2_expanded,,18,0.25,rk8,200,0.0125,8001,S1,model_not_constructed,,,—,,,
2.2_expanded,,18,0.25,rk8,200,0.0125,8001,S2,model_not_constructed,,,—,,,
2.2_expanded,,18,0.25,rk8,200,0.0125,8001,S3,model_not_constructed,,,—,,,
2.2_expanded,,18,0.25,rk8,200,0.0125,8001,S4,model_not_constructed,,,—,,,
2.2_expanded,,18,0.25,rk8,200,0.0125,8001,S5,completed,0.0006791219949796234,0.002018363872075657,6.791e-04 / 2.018e-03,p18_difference_rm_rk8_n200_dt0.0125_L4,C:\Users\msz\aca\Workspaces\hs_table_data_20260927\out\profiles\p18_difference_rm_rk8_n200_dt0.0125_L4.npz,1c8f2e89dfa6d0cea17ea28d0fb2501f3eae04c742a2b50c46f4b14d227d1fb1
2.2_expanded,,18,0.25,rk8,200,0.0125,8001,S6,completed,0.000456968354374615,0.003424904106673843,4.570e-04 / 3.425e-03,p18_difference_fixed_rk8_n200_dt0.0125_L4,C:\Users\msz\aca\Workspaces\hs_table_data_20260927\out\profiles\p18_difference_fixed_rk8_n200_dt0.0125_L4.npz,02e967f7888ea99f10d325055f6d7a7fb9b0b182ac3940b1d59b711880b1408d
2.2_expanded,,18,0.5,euler,200,0.0125,8001,S1,model_not_constructed,,,—,,,
2.2_expanded,,18,0.5,euler,200,0.0125,8001,S2,model_not_constructed,,,—,,,
2.2_expanded,,18,0.5,euler,200,0.0125,8001,S3,model_not_constructed,,,—,,,
2.2_expanded,,18,0.5,euler,200,0.0125,8001,S4,model_not_constructed,,,—,,,
2.2_expanded,,18,0.5,euler,200,0.0125,8001,S5,completed,0.0012913215500837466,0.0024147861765025924,1.291e-03 / 2.415e-03,p18_difference_rm_euler_n200_dt0.0125_L4,C:\Users\msz\aca\Workspaces\hs_table_data_20260927\out\profiles\p18_difference_rm_euler_n200_dt0.0125_L4.npz,17161af1963185436cfb5748238cd1d53eea0abdd8e10864513b2208f6a33361
2.2_expanded,,18,0.5,euler,200,0.0125,8001,S6,completed,0.0004832821106485058,0.004068778464109357,4.833e-04 / 4.069e-03,p18_difference_fixed_euler_n200_dt0.0125_L4,C:\Users\msz\aca\Workspaces\hs_table_data_20260927\out\profiles\p18_difference_fixed_euler_n200_dt0.0125_L4.npz,5d8022bc22d99718879ee2ecacc3ae083d90d5dea0521d6f325a604bcdf773eb
2.2_expanded,,18,0.5,heun,200,0.0125,8001,S1,model_not_constructed,,,—,,,
2.2_expanded,,18,0.5,heun,200,0.0125,8001,S2,model_not_constructed,,,—,,,
2.2_expanded,,18,0.5,heun,200,0.0125,8001,S3,model_not_constructed,,,—,,,
2.2_expanded,,18,0.5,heun,200,0.0125,8001,S4,model_not_constructed,,,—,,,
2.2_expanded,,18,0.5,heun,200,0.0125,8001,S5,completed,0.0012186642712225621,0.002504561672010852,1.219e-03 / 2.505e-03,p18_difference_rm_heun_n200_dt0.0125_L4,C:\Users\msz\aca\Workspaces\hs_table_data_20260927\out\profiles\p18_difference_rm_heun_n200_dt0.0125_L4.npz,0971465097f884d825e5ed19c65c143e57b0c01b3af090d479db27078caae8b5
2.2_expanded,,18,0.5,heun,200,0.0125,8001,S6,completed,0.0005045599990371082,0.00420167144808592,5.046e-04 / 4.202e-03,p18_difference_fixed_heun_n200_dt0.0125_L4,C:\Users\msz\aca\Workspaces\hs_table_data_20260927\out\profiles\p18_difference_fixed_heun_n200_dt0.0125_L4.npz,8f3c86c1a4b91605909cdc4c5ac9ec99ff03d06764658bd88f841401c0e194af
2.2_expanded,,18,0.5,rk4,200,0.0125,8001,S1,model_not_constructed,,,—,,,
2.2_expanded,,18,0.5,rk4,200,0.0125,8001,S2,model_not_constructed,,,—,,,
2.2_expanded,,18,0.5,rk4,200,0.0125,8001,S3,model_not_constructed,,,—,,,
2.2_expanded,,18,0.5,rk4,200,0.0125,8001,S4,model_not_constructed,,,—,,,
2.2_expanded,,18,0.5,rk4,200,0.0125,8001,S5,completed,0.001221938898710767,0.002505544425815409,1.222e-03 / 2.506e-03,p18_difference_rm_rk4_n200_dt0.0125_L4,C:\Users\msz\aca\Workspaces\hs_table_data_20260927\out\profiles\p18_difference_rm_rk4_n200_dt0.0125_L4.npz,7ef6ce743d10f8af0fe7f1bb2087299b09fe79720d34263b739e2ae7ce96187d
2.2_expanded,,18,0.5,rk4,200,0.0125,8001,S6,completed,0.000504723332861938,0.00420203276006148,5.047e-04 / 4.202e-03,p18_difference_fixed_rk4_n200_dt0.0125_L4,C:\Users\msz\aca\Workspaces\hs_table_data_20260927\out\profiles\p18_difference_fixed_rk4_n200_dt0.0125_L4.npz,53e038fdbea5f7979eaff9c3ae186210c9e1a1c459fd26f82fb8630d10e24aac
2.2_expanded,,18,0.5,rk8,200,0.0125,8001,S1,model_not_constructed,,,—,,,
2.2_expanded,,18,0.5,rk8,200,0.0125,8001,S2,model_not_constructed,,,—,,,
2.2_expanded,,18,0.5,rk8,200,0.0125,8001,S3,model_not_constructed,,,—,,,
2.2_expanded,,18,0.5,rk8,200,0.0125,8001,S4,model_not_constructed,,,—,,,
2.2_expanded,,18,0.5,rk8,200,0.0125,8001,S5,completed,0.0012219383844988474,0.002505544322151665,1.222e-03 / 2.506e-03,p18_difference_rm_rk8_n200_dt0.0125_L4,C:\Users\msz\aca\Workspaces\hs_table_data_20260927\out\profiles\p18_difference_rm_rk8_n200_dt0.0125_L4.npz,1c8f2e89dfa6d0cea17ea28d0fb2501f3eae04c742a2b50c46f4b14d227d1fb1
2.2_expanded,,18,0.5,rk8,200,0.0125,8001,S6,completed,0.0005047233103165419,0.004202032762561925,5.047e-04 / 4.202e-03,p18_difference_fixed_rk8_n200_dt0.0125_L4,C:\Users\msz\aca\Workspaces\hs_table_data_20260927\out\profiles\p18_difference_fixed_rk8_n200_dt0.0125_L4.npz,02e967f7888ea99f10d325055f6d7a7fb9b0b182ac3940b1d59b711880b1408d
2.1_expanded,,19,0.25,euler,400,0.003125,16001,S1,model_not_constructed,,,—,,,
2.1_expanded,,19,0.25,euler,400,0.003125,16001,S2,model_not_constructed,,,—,,,
2.1_expanded,,19,0.25,euler,400,0.003125,16001,S3,model_not_constructed,,,—,,,
2.1_expanded,,19,0.25,euler,400,0.003125,16001,S4,model_not_constructed,,,—,,,
2.1_expanded,,19,0.25,euler,400,0.003125,16001,S5,completed,0.00020840123724916388,0.0005499919125334651,2.084e-04 / 5.500e-04,p19_difference_rm_euler_n400_dt0.003125_L4,C:\Users\msz\aca\Workspaces\hs_waveform_atlas_20260927\out\profiles\p19_difference_rm_euler_n400_dt0.003125_L4.npz,149f9e07e34be5bbc0eabada3b01068a7a294c353c2118eb7fa666e10792daf9
2.1_expanded,,19,0.25,euler,400,0.003125,16001,S6,completed,0.00012335601549096423,0.0009613422488996548,1.234e-04 / 9.613e-04,p19_difference_fixed_euler_n400_dt0.003125_L4,C:\Users\msz\aca\Workspaces\hs_waveform_atlas_20260927\out\profiles\p19_difference_fixed_euler_n400_dt0.003125_L4.npz,5794fa28fbdac7e5e81a61b00d71fe2ed54e0db8a59bf204dc2c4684d2fbd3d4
2.1_expanded,,19,0.25,heun,400,0.003125,16001,S1,model_not_constructed,,,—,,,
2.1_expanded,,19,0.25,heun,400,0.003125,16001,S2,model_not_constructed,,,—,,,
2.1_expanded,,19,0.25,heun,400,0.003125,16001,S3,model_not_constructed,,,—,,,
2.1_expanded,,19,0.25,heun,400,0.003125,16001,S4,model_not_constructed,,,—,,,
2.1_expanded,,19,0.25,heun,400,0.003125,16001,S5,completed,0.00019372884672827625,0.0005583089544380915,1.937e-04 / 5.583e-04,p19_difference_rm_heun_n400_dt0.003125_L4,C:\Users\msz\aca\Workspaces\hs_table_data_20260927\out\profiles\p19_difference_rm_heun_n400_dt0.003125_L4.npz,777c0decdba8d28e34240d200bc9e0f642179f00c27f169482c211df53dff86a
2.1_expanded,,19,0.25,heun,400,0.003125,16001,S6,completed,0.00012521758135285166,0.0009772795278687463,1.252e-04 / 9.773e-04,p19_difference_fixed_heun_n400_dt0.003125_L4,C:\Users\msz\aca\Workspaces\hs_table_data_20260927\out\profiles\p19_difference_fixed_heun_n400_dt0.003125_L4.npz,a13ec4402da6451518259d3ba5670484247edffd2f28f0ae4b7c130d3bbbcf3e
2.1_expanded,,19,0.25,rk4,400,0.003125,16001,S1,model_not_constructed,,,—,,,
2.1_expanded,,19,0.25,rk4,400,0.003125,16001,S2,model_not_constructed,,,—,,,
2.1_expanded,,19,0.25,rk4,400,0.003125,16001,S3,model_not_constructed,,,—,,,
2.1_expanded,,19,0.25,rk4,400,0.003125,16001,S4,model_not_constructed,,,—,,,
2.1_expanded,,19,0.25,rk4,400,0.003125,16001,S5,completed,0.00019383074213658426,0.0005583426075171927,1.938e-04 / 5.583e-04,p19_difference_rm_rk4_n400_dt0.003125_L4,C:\Users\msz\aca\Workspaces\hs_table_data_20260927\out\profiles\p19_difference_rm_rk4_n400_dt0.003125_L4.npz,2bec50ef74311c0524c4bb27bae5074e512a34fe2fc5ec492c6c0b3f28531ec6
2.1_expanded,,19,0.25,rk4,400,0.003125,16001,S6,completed,0.00012522012112407485,0.0009772918864435765,1.252e-04 / 9.773e-04,p19_difference_fixed_rk4_n400_dt0.003125_L4,C:\Users\msz\aca\Workspaces\hs_table_data_20260927\out\profiles\p19_difference_fixed_rk4_n400_dt0.003125_L4.npz,7f1813a30aa5c2e3d4b7fa9dfcf44b22f8c6eca749970132775d1a7f9d6c44d8
2.1_expanded,,19,0.25,rk8,400,0.003125,16001,S1,model_not_constructed,,,—,,,
2.1_expanded,,19,0.25,rk8,400,0.003125,16001,S2,model_not_constructed,,,—,,,
2.1_expanded,,19,0.25,rk8,400,0.003125,16001,S3,model_not_constructed,,,—,,,
2.1_expanded,,19,0.25,rk8,400,0.003125,16001,S4,model_not_constructed,,,—,,,
2.1_expanded,,19,0.25,rk8,400,0.003125,16001,S5,completed,0.00019383074119316704,0.0005583426072783837,1.938e-04 / 5.583e-04,p19_difference_rm_rk8_n400_dt0.003125_L4,C:\Users\msz\aca\Workspaces\hs_table_data_20260927\out\profiles\p19_difference_rm_rk8_n400_dt0.003125_L4.npz,a6c313639db6bfe9c5595a8f8f55192917a67a43aa1826dc0b2db6bf24849227
2.1_expanded,,19,0.25,rk8,400,0.003125,16001,S6,completed,0.00012522012111095687,0.000977291886441578,1.252e-04 / 9.773e-04,p19_difference_fixed_rk8_n400_dt0.003125_L4,C:\Users\msz\aca\Workspaces\hs_table_data_20260927\out\profiles\p19_difference_fixed_rk8_n400_dt0.003125_L4.npz,b718517f19b159f5c0149f64572e4a92e11cc82c3e17569fa77d022fd6218dc8
2.1_expanded,,19,0.5,euler,400,0.003125,16001,S1,model_not_constructed,,,—,,,
2.1_expanded,,19,0.5,euler,400,0.003125,16001,S2,model_not_constructed,,,—,,,
2.1_expanded,,19,0.5,euler,400,0.003125,16001,S3,model_not_constructed,,,—,,,
2.1_expanded,,19,0.5,euler,400,0.003125,16001,S4,model_not_constructed,,,—,,,
2.1_expanded,,19,0.5,euler,400,0.003125,16001,S5,completed,0.0003622450061248339,0.0006769542606460677,3.622e-04 / 6.770e-04,p19_difference_rm_euler_n400_dt0.003125_L4,C:\Users\msz\aca\Workspaces\hs_waveform_atlas_20260927\out\profiles\p19_difference_rm_euler_n400_dt0.003125_L4.npz,149f9e07e34be5bbc0eabada3b01068a7a294c353c2118eb7fa666e10792daf9
2.1_expanded,,19,0.5,euler,400,0.003125,16001,S6,completed,0.00013337395451869238,0.001176046121537877,1.334e-04 / 1.176e-03,p19_difference_fixed_euler_n400_dt0.003125_L4,C:\Users\msz\aca\Workspaces\hs_waveform_atlas_20260927\out\profiles\p19_difference_fixed_euler_n400_dt0.003125_L4.npz,5794fa28fbdac7e5e81a61b00d71fe2ed54e0db8a59bf204dc2c4684d2fbd3d4
2.1_expanded,,19,0.5,heun,400,0.003125,16001,S1,model_not_constructed,,,—,,,
2.1_expanded,,19,0.5,heun,400,0.003125,16001,S2,model_not_constructed,,,—,,,
2.1_expanded,,19,0.5,heun,400,0.003125,16001,S3,model_not_constructed,,,—,,,
2.1_expanded,,19,0.5,heun,400,0.003125,16001,S4,model_not_constructed,,,—,,,
2.1_expanded,,19,0.5,heun,400,0.003125,16001,S5,completed,0.0003515054334556336,0.0006994078358636413,3.515e-04 / 6.994e-04,p19_difference_rm_heun_n400_dt0.003125_L4,C:\Users\msz\aca\Workspaces\hs_table_data_20260927\out\profiles\p19_difference_rm_heun_n400_dt0.003125_L4.npz,777c0decdba8d28e34240d200bc9e0f642179f00c27f169482c211df53dff86a
2.1_expanded,,19,0.5,heun,400,0.003125,16001,S6,completed,0.00013794453794954697,0.0012103371841724053,1.379e-04 / 1.210e-03,p19_difference_fixed_heun_n400_dt0.003125_L4,C:\Users\msz\aca\Workspaces\hs_table_data_20260927\out\profiles\p19_difference_fixed_heun_n400_dt0.003125_L4.npz,a13ec4402da6451518259d3ba5670484247edffd2f28f0ae4b7c130d3bbbcf3e
2.1_expanded,,19,0.5,rk4,400,0.003125,16001,S1,model_not_constructed,,,—,,,
2.1_expanded,,19,0.5,rk4,400,0.003125,16001,S2,model_not_constructed,,,—,,,
2.1_expanded,,19,0.5,rk4,400,0.003125,16001,S3,model_not_constructed,,,—,,,
2.1_expanded,,19,0.5,rk4,400,0.003125,16001,S4,model_not_constructed,,,—,,,
2.1_expanded,,19,0.5,rk4,400,0.003125,16001,S5,completed,0.00035173043464183703,0.0006994678394758314,3.517e-04 / 6.995e-04,p19_difference_rm_rk4_n400_dt0.003125_L4,C:\Users\msz\aca\Workspaces\hs_table_data_20260927\out\profiles\p19_difference_rm_rk4_n400_dt0.003125_L4.npz,2bec50ef74311c0524c4bb27bae5074e512a34fe2fc5ec492c6c0b3f28531ec6
2.1_expanded,,19,0.5,rk4,400,0.003125,16001,S6,completed,0.00013794995990216996,0.0012103625495997195,1.379e-04 / 1.210e-03,p19_difference_fixed_rk4_n400_dt0.003125_L4,C:\Users\msz\aca\Workspaces\hs_table_data_20260927\out\profiles\p19_difference_fixed_rk4_n400_dt0.003125_L4.npz,7f1813a30aa5c2e3d4b7fa9dfcf44b22f8c6eca749970132775d1a7f9d6c44d8
2.1_expanded,,19,0.5,rk8,400,0.003125,16001,S1,model_not_constructed,,,—,,,
2.1_expanded,,19,0.5,rk8,400,0.003125,16001,S2,model_not_constructed,,,—,,,
2.1_expanded,,19,0.5,rk8,400,0.003125,16001,S3,model_not_constructed,,,—,,,
2.1_expanded,,19,0.5,rk8,400,0.003125,16001,S4,model_not_constructed,,,—,,,
2.1_expanded,,19,0.5,rk8,400,0.003125,16001,S5,completed,0.00035173043247685096,0.0006994678390898068,3.517e-04 / 6.995e-04,p19_difference_rm_rk8_n400_dt0.003125_L4,C:\Users\msz\aca\Workspaces\hs_table_data_20260927\out\profiles\p19_difference_rm_rk8_n400_dt0.003125_L4.npz,a6c313639db6bfe9c5595a8f8f55192917a67a43aa1826dc0b2db6bf24849227
2.1_expanded,,19,0.5,rk8,400,0.003125,16001,S6,completed,0.00013794995987596176,0.0012103625496052706,1.379e-04 / 1.210e-03,p19_difference_fixed_rk8_n400_dt0.003125_L4,C:\Users\msz\aca\Workspaces\hs_table_data_20260927\out\profiles\p19_difference_fixed_rk8_n400_dt0.003125_L4.npz,b718517f19b159f5c0149f64572e4a92e11cc82c3e17569fa77d022fd6218dc8
2.2_expanded,,19,0.25,euler,200,0.0125,8001,S1,model_not_constructed,,,—,,,
2.2_expanded,,19,0.25,euler,200,0.0125,8001,S2,model_not_constructed,,,—,,,
2.2_expanded,,19,0.25,euler,200,0.0125,8001,S3,model_not_constructed,,,—,,,
2.2_expanded,,19,0.25,euler,200,0.0125,8001,S4,model_not_constructed,,,—,,,
2.2_expanded,,19,0.25,euler,200,0.0125,8001,S5,completed,0.0008289599465212292,0.002167909863005746,8.290e-04 / 2.168e-03,p19_difference_rm_euler_n200_dt0.0125_L4,C:\Users\msz\aca\Workspaces\hs_table_data_20260927\out\profiles\p19_difference_rm_euler_n200_dt0.0125_L4.npz,c9fb2bad9d5e5c8874c08c0f9f87dc03fd3d59827e268e06d915d72adaade5ba
2.2_expanded,,19,0.25,euler,200,0.0125,8001,S6,completed,0.0004826394218427621,0.003677003769132714,4.826e-04 / 3.677e-03,p19_difference_fixed_euler_n200_dt0.0125_L4,C:\Users\msz\aca\Workspaces\hs_table_data_20260927\out\profiles\p19_difference_fixed_euler_n200_dt0.0125_L4.npz,f784fa6682fa43d1c1f06ee7a8edef7072dd158be0f2134c87e613c4341017f7
2.2_expanded,,19,0.25,heun,200,0.0125,8001,S1,model_not_constructed,,,—,,,
2.2_expanded,,19,0.25,heun,200,0.0125,8001,S2,model_not_constructed,,,—,,,
2.2_expanded,,19,0.25,heun,200,0.0125,8001,S3,model_not_constructed,,,—,,,
2.2_expanded,,19,0.25,heun,200,0.0125,8001,S4,model_not_constructed,,,—,,,
2.2_expanded,,19,0.25,heun,200,0.0125,8001,S5,completed,0.0007670055565731256,0.00220306040511542,7.670e-04 / 2.203e-03,p19_difference_rm_heun_n200_dt0.0125_L4,C:\Users\msz\aca\Workspaces\hs_table_data_20260927\out\profiles\p19_difference_rm_heun_n200_dt0.0125_L4.npz,ff494ae61cf1f160cf5a56ff505fa7ecb71596af01fb7c8fe440294dbeb4f04e
2.2_expanded,,19,0.25,heun,200,0.0125,8001,S6,completed,0.0004881894129108444,0.0037388132615709946,4.882e-04 / 3.739e-03,p19_difference_fixed_heun_n200_dt0.0125_L4,C:\Users\msz\aca\Workspaces\hs_table_data_20260927\out\profiles\p19_difference_fixed_heun_n200_dt0.0125_L4.npz,ca67eb4ef35454ebe9d387d85ab0555b93c7fdcdb03b9bf9e2799f13c1dfe744
2.2_expanded,,19,0.25,rk4,200,0.0125,8001,S1,model_not_constructed,,,—,,,
2.2_expanded,,19,0.25,rk4,200,0.0125,8001,S2,model_not_constructed,,,—,,,
2.2_expanded,,19,0.25,rk4,200,0.0125,8001,S3,model_not_constructed,,,—,,,
2.2_expanded,,19,0.25,rk4,200,0.0125,8001,S4,model_not_constructed,,,—,,,
2.2_expanded,,19,0.25,rk4,200,0.0125,8001,S5,completed,0.0007682792874167989,0.002203625414260446,7.683e-04 / 2.204e-03,p19_difference_rm_rk4_n200_dt0.0125_L4,C:\Users\msz\aca\Workspaces\hs_table_data_20260927\out\profiles\p19_difference_rm_rk4_n200_dt0.0125_L4.npz,1db32366486bf97c362ddb92f43bfa8448bc22a2b45d654162ae670922497cc0
2.2_expanded,,19,0.25,rk4,200,0.0125,8001,S6,completed,0.00048827355092229824,0.003739011777858847,4.883e-04 / 3.739e-03,p19_difference_fixed_rk4_n200_dt0.0125_L4,C:\Users\msz\aca\Workspaces\hs_table_data_20260927\out\profiles\p19_difference_fixed_rk4_n200_dt0.0125_L4.npz,6a0184aea0603cc07dfa3e29cb4c69a3c8d2ea043fb9092c0b946707a401a2f5
2.2_expanded,,19,0.25,rk8,200,0.0125,8001,S1,model_not_constructed,,,—,,,
2.2_expanded,,19,0.25,rk8,200,0.0125,8001,S2,model_not_constructed,,,—,,,
2.2_expanded,,19,0.25,rk8,200,0.0125,8001,S3,model_not_constructed,,,—,,,
2.2_expanded,,19,0.25,rk8,200,0.0125,8001,S4,model_not_constructed,,,—,,,
2.2_expanded,,19,0.25,rk8,200,0.0125,8001,S5,completed,0.0007682790899781996,0.0022036253554021945,7.683e-04 / 2.204e-03,p19_difference_rm_rk8_n200_dt0.0125_L4,C:\Users\msz\aca\Workspaces\hs_table_data_20260927\out\profiles\p19_difference_rm_rk8_n200_dt0.0125_L4.npz,ec420ae6a023a5d7c3891310a852f9502c5bee4265e5474843b69c5b3461ed82
2.2_expanded,,19,0.25,rk8,200,0.0125,8001,S6,completed,0.0004882735385919462,0.0037390117751858742,4.883e-04 / 3.739e-03,p19_difference_fixed_rk8_n200_dt0.0125_L4,C:\Users\msz\aca\Workspaces\hs_table_data_20260927\out\profiles\p19_difference_fixed_rk8_n200_dt0.0125_L4.npz,3060f2a7439170c67485bc9aa42e9e3a7cc20d4434b84693e9422aa825ccb133
2.2_expanded,,19,0.5,euler,200,0.0125,8001,S1,model_not_constructed,,,—,,,
2.2_expanded,,19,0.5,euler,200,0.0125,8001,S2,model_not_constructed,,,—,,,
2.2_expanded,,19,0.5,euler,200,0.0125,8001,S3,model_not_constructed,,,—,,,
2.2_expanded,,19,0.5,euler,200,0.0125,8001,S4,model_not_constructed,,,—,,,
2.2_expanded,,19,0.5,euler,200,0.0125,8001,S5,completed,0.0014756918783174876,0.002635004366155491,1.476e-03 / 2.635e-03,p19_difference_rm_euler_n200_dt0.0125_L4,C:\Users\msz\aca\Workspaces\hs_table_data_20260927\out\profiles\p19_difference_rm_euler_n200_dt0.0125_L4.npz,c9fb2bad9d5e5c8874c08c0f9f87dc03fd3d59827e268e06d915d72adaade5ba
2.2_expanded,,19,0.5,euler,200,0.0125,8001,S6,completed,0.0005186964921067398,0.004576426497897912,5.187e-04 / 4.576e-03,p19_difference_fixed_euler_n200_dt0.0125_L4,C:\Users\msz\aca\Workspaces\hs_table_data_20260927\out\profiles\p19_difference_fixed_euler_n200_dt0.0125_L4.npz,f784fa6682fa43d1c1f06ee7a8edef7072dd158be0f2134c87e613c4341017f7
2.2_expanded,,19,0.5,heun,200,0.0125,8001,S1,model_not_constructed,,,—,,,
2.2_expanded,,19,0.5,heun,200,0.0125,8001,S2,model_not_constructed,,,—,,,
2.2_expanded,,19,0.5,heun,200,0.0125,8001,S3,model_not_constructed,,,—,,,
2.2_expanded,,19,0.5,heun,200,0.0125,8001,S4,model_not_constructed,,,—,,,
2.2_expanded,,19,0.5,heun,200,0.0125,8001,S5,completed,0.0013960605976041833,0.0027281411080922746,1.396e-03 / 2.728e-03,p19_difference_rm_heun_n200_dt0.0125_L4,C:\Users\msz\aca\Workspaces\hs_table_data_20260927\out\profiles\p19_difference_rm_heun_n200_dt0.0125_L4.npz,ff494ae61cf1f160cf5a56ff505fa7ecb71596af01fb7c8fe440294dbeb4f04e
2.2_expanded,,19,0.5,heun,200,0.0125,8001,S6,completed,0.0005399457834958862,0.004710904638676405,5.399e-04 / 4.711e-03,p19_difference_fixed_heun_n200_dt0.0125_L4,C:\Users\msz\aca\Workspaces\hs_table_data_20260927\out\profiles\p19_difference_fixed_heun_n200_dt0.0125_L4.npz,ca67eb4ef35454ebe9d387d85ab0555b93c7fdcdb03b9bf9e2799f13c1dfe744
2.2_expanded,,19,0.5,rk4,200,0.0125,8001,S1,model_not_constructed,,,—,,,
2.2_expanded,,19,0.5,rk4,200,0.0125,8001,S2,model_not_constructed,,,—,,,
2.2_expanded,,19,0.5,rk4,200,0.0125,8001,S3,model_not_constructed,,,—,,,
2.2_expanded,,19,0.5,rk4,200,0.0125,8001,S4,model_not_constructed,,,—,,,
2.2_expanded,,19,0.5,rk4,200,0.0125,8001,S5,completed,0.0013993997686979074,0.002729223671192438,1.399e-03 / 2.729e-03,p19_difference_rm_rk4_n200_dt0.0125_L4,C:\Users\msz\aca\Workspaces\hs_table_data_20260927\out\profiles\p19_difference_rm_rk4_n200_dt0.0125_L4.npz,1db32366486bf97c362ddb92f43bfa8448bc22a2b45d654162ae670922497cc0
2.2_expanded,,19,0.5,rk4,200,0.0125,8001,S6,completed,0.0005401197994704572,0.004711282832376429,5.401e-04 / 4.711e-03,p19_difference_fixed_rk4_n200_dt0.0125_L4,C:\Users\msz\aca\Workspaces\hs_table_data_20260927\out\profiles\p19_difference_fixed_rk4_n200_dt0.0125_L4.npz,6a0184aea0603cc07dfa3e29cb4c69a3c8d2ea043fb9092c0b946707a401a2f5
2.2_expanded,,19,0.5,rk8,200,0.0125,8001,S1,model_not_constructed,,,—,,,
2.2_expanded,,19,0.5,rk8,200,0.0125,8001,S2,model_not_constructed,,,—,,,
2.2_expanded,,19,0.5,rk8,200,0.0125,8001,S3,model_not_constructed,,,—,,,
2.2_expanded,,19,0.5,rk8,200,0.0125,8001,S4,model_not_constructed,,,—,,,
2.2_expanded,,19,0.5,rk8,200,0.0125,8001,S5,completed,0.0013993992455033234,0.002729223554603477,1.399e-03 / 2.729e-03,p19_difference_rm_rk8_n200_dt0.0125_L4,C:\Users\msz\aca\Workspaces\hs_table_data_20260927\out\profiles\p19_difference_rm_rk8_n200_dt0.0125_L4.npz,ec420ae6a023a5d7c3891310a852f9502c5bee4265e5474843b69c5b3461ed82
2.2_expanded,,19,0.5,rk8,200,0.0125,8001,S6,completed,0.000540119774751973,0.004711282835275665,5.401e-04 / 4.711e-03,p19_difference_fixed_rk8_n200_dt0.0125_L4,C:\Users\msz\aca\Workspaces\hs_table_data_20260927\out\profiles\p19_difference_fixed_rk8_n200_dt0.0125_L4.npz,3060f2a7439170c67485bc9aa42e9e3a7cc20d4434b84693e9422aa825ccb133
2.1_expanded,,20,0.25,euler,400,0.003125,16001,S1,model_not_constructed,,,—,,,
2.1_expanded,,20,0.25,euler,400,0.003125,16001,S2,model_not_constructed,,,—,,,
2.1_expanded,,20,0.25,euler,400,0.003125,16001,S3,model_not_constructed,,,—,,,
2.1_expanded,,20,0.25,euler,400,0.003125,16001,S4,model_not_constructed,,,—,,,
2.1_expanded,,20,0.25,euler,400,0.003125,16001,S5,completed,0.00023291251092111232,0.000599409404936746,2.329e-04 / 5.994e-04,p20_difference_rm_euler_n400_dt0.003125_L4,C:\Users\msz\aca\Workspaces\hs_conserved_mesh_20260925\out\euler_comparison\profiles\p20_difference_rm_euler_n400_dt0.003125_L4.npz,83cf1f17c2f6934dc8dc5c8e41e699ef8a34228f34fd80215821a9d94cd77e26
2.1_expanded,,20,0.25,euler,400,0.003125,16001,S6,completed,0.00013355177148180117,0.0010907106309858694,1.336e-04 / 1.091e-03,p20_difference_fixed_euler_n400_dt0.003125_L4,C:\Users\msz\aca\Workspaces\hs_conserved_mesh_20260925\out\euler_comparison\profiles\p20_difference_fixed_euler_n400_dt0.003125_L4.npz,e871f05f141d2b62dfd7537ba8a5cd566394fb11096f01b8d100fb1e5f63c62c
2.1_expanded,,20,0.25,heun,400,0.003125,16001,S1,model_not_constructed,,,—,,,
2.1_expanded,,20,0.25,heun,400,0.003125,16001,S2,model_not_constructed,,,—,,,
2.1_expanded,,20,0.25,heun,400,0.003125,16001,S3,model_not_constructed,,,—,,,
2.1_expanded,,20,0.25,heun,400,0.003125,16001,S4,model_not_constructed,,,—,,,
2.1_expanded,,20,0.25,heun,400,0.003125,16001,S5,completed,0.00021782666725196588,0.0006079599213824061,2.178e-04 / 6.080e-04,p20_difference_rm_heun_n400_dt0.003125_L4,C:\Users\msz\aca\Workspaces\hs_table_data_20260927\out\profiles\p20_difference_rm_heun_n400_dt0.003125_L4.npz,817b8d5e0d6ac5e8fee8864ecd5842607c7e0a7a1c43114591c4d58a818f3ea0
2.1_expanded,,20,0.25,heun,400,0.003125,16001,S6,completed,0.00013536706994160194,0.0011071940777628297,1.354e-04 / 1.107e-03,p20_difference_fixed_heun_n400_dt0.003125_L4,C:\Users\msz\aca\Workspaces\hs_table_data_20260927\out\profiles\p20_difference_fixed_heun_n400_dt0.003125_L4.npz,ed500bc7d7396777c1dc17f2e5820609c0ed6e75c45014041ea084a4215b431c
2.1_expanded,,20,0.25,rk4,400,0.003125,16001,S1,model_not_constructed,,,—,,,
2.1_expanded,,20,0.25,rk4,400,0.003125,16001,S2,model_not_constructed,,,—,,,
2.1_expanded,,20,0.25,rk4,400,0.003125,16001,S3,model_not_constructed,,,—,,,
2.1_expanded,,20,0.25,rk4,400,0.003125,16001,S4,model_not_constructed,,,—,,,
2.1_expanded,,20,0.25,rk4,400,0.003125,16001,S5,completed,0.00021792992559110371,0.0006079975020273354,2.179e-04 / 6.080e-04,p20_difference_rm_rk4_n400_dt0.003125_L4,C:\Users\msz\aca\Workspaces\hs_conserved_mesh_20260925\out\calibration_parameter_scan\profiles\p20_difference_rm_rk4_n400_dt0.003125_L4.npz,a35bd70e6a180be744ead5e6af55d62b0fea9e26ea712aac1cb1577520d6ada1
2.1_expanded,,20,0.25,rk4,400,0.003125,16001,S6,completed,0.00013536969245360464,0.0011072067112687378,1.354e-04 / 1.107e-03,p20_difference_fixed_rk4_n400_dt0.003125_L4,C:\Users\msz\aca\Workspaces\hs_conserved_mesh_20260925\out\calibration_parameter_scan\profiles\p20_difference_fixed_rk4_n400_dt0.003125_L4.npz,3cbf211c63fd8f237be92b828cb717aa82b7ac5accdf1e4cae02213af4c1c694
2.1_expanded,,20,0.25,rk8,400,0.003125,16001,S1,model_not_constructed,,,—,,,
2.1_expanded,,20,0.25,rk8,400,0.003125,16001,S2,model_not_constructed,,,—,,,
2.1_expanded,,20,0.25,rk8,400,0.003125,16001,S3,model_not_constructed,,,—,,,
2.1_expanded,,20,0.25,rk8,400,0.003125,16001,S4,model_not_constructed,,,—,,,
2.1_expanded,,20,0.25,rk8,400,0.003125,16001,S5,completed,0.00021792992439841367,0.0006079975017632133,2.179e-04 / 6.080e-04,p20_difference_rm_rk8_n400_dt0.003125_L4,C:\Users\msz\aca\Workspaces\hs_table_data_20260927\out\profiles\p20_difference_rm_rk8_n400_dt0.003125_L4.npz,a7842b88896dd6376639776e6937d213bf68ef843bcf39dbc51cacdbbbb1f556
2.1_expanded,,20,0.25,rk8,400,0.003125,16001,S6,completed,0.00013536969243928623,0.001107206711265074,1.354e-04 / 1.107e-03,p20_difference_fixed_rk8_n400_dt0.003125_L4,C:\Users\msz\aca\Workspaces\hs_table_data_20260927\out\profiles\p20_difference_fixed_rk8_n400_dt0.003125_L4.npz,a7c731d15ac7d6b9563fa2bcc0736756c0d9711aca181b5aa0ac34ab5b814e3c
2.1_expanded,,20,0.5,euler,400,0.003125,16001,S1,model_not_constructed,,,—,,,
2.1_expanded,,20,0.5,euler,400,0.003125,16001,S2,model_not_constructed,,,—,,,
2.1_expanded,,20,0.5,euler,400,0.003125,16001,S3,model_not_constructed,,,—,,,
2.1_expanded,,20,0.5,euler,400,0.003125,16001,S4,model_not_constructed,,,—,,,
2.1_expanded,,20,0.5,euler,400,0.003125,16001,S5,completed,0.0004094620467639371,0.0007385964672795842,4.095e-04 / 7.386e-04,p20_difference_rm_euler_n400_dt0.003125_L4,C:\Users\msz\aca\Workspaces\hs_conserved_mesh_20260925\out\euler_comparison\profiles\p20_difference_rm_euler_n400_dt0.003125_L4.npz,83cf1f17c2f6934dc8dc5c8e41e699ef8a34228f34fd80215821a9d94cd77e26
2.1_expanded,,20,0.5,euler,400,0.003125,16001,S6,completed,0.000143419232116717,0.0013122305823122238,1.434e-04 / 1.312e-03,p20_difference_fixed_euler_n400_dt0.003125_L4,C:\Users\msz\aca\Workspaces\hs_conserved_mesh_20260925\out\euler_comparison\profiles\p20_difference_fixed_euler_n400_dt0.003125_L4.npz,e871f05f141d2b62dfd7537ba8a5cd566394fb11096f01b8d100fb1e5f63c62c
2.1_expanded,,20,0.5,heun,400,0.003125,16001,S1,model_not_constructed,,,—,,,
2.1_expanded,,20,0.5,heun,400,0.003125,16001,S2,model_not_constructed,,,—,,,
2.1_expanded,,20,0.5,heun,400,0.003125,16001,S3,model_not_constructed,,,—,,,
2.1_expanded,,20,0.5,heun,400,0.003125,16001,S4,model_not_constructed,,,—,,,
2.1_expanded,,20,0.5,heun,400,0.003125,16001,S5,completed,0.0003981717773400089,0.0007598422602405064,3.982e-04 / 7.598e-04,p20_difference_rm_heun_n400_dt0.003125_L4,C:\Users\msz\aca\Workspaces\hs_table_data_20260927\out\profiles\p20_difference_rm_heun_n400_dt0.003125_L4.npz,817b8d5e0d6ac5e8fee8864ecd5842607c7e0a7a1c43114591c4d58a818f3ea0
2.1_expanded,,20,0.5,heun,400,0.003125,16001,S6,completed,0.00014784846315097147,0.001346453205929965,1.478e-04 / 1.346e-03,p20_difference_fixed_heun_n400_dt0.003125_L4,C:\Users\msz\aca\Workspaces\hs_table_data_20260927\out\profiles\p20_difference_fixed_heun_n400_dt0.003125_L4.npz,ed500bc7d7396777c1dc17f2e5820609c0ed6e75c45014041ea084a4215b431c
2.1_expanded,,20,0.5,rk4,400,0.003125,16001,S1,model_not_constructed,,,—,,,
2.1_expanded,,20,0.5,rk4,400,0.003125,16001,S2,model_not_constructed,,,—,,,
2.1_expanded,,20,0.5,rk4,400,0.003125,16001,S3,model_not_constructed,,,—,,,
2.1_expanded,,20,0.5,rk4,400,0.003125,16001,S4,model_not_constructed,,,—,,,
2.1_expanded,,20,0.5,rk4,400,0.003125,16001,S5,completed,0.00039840196680088853,0.000759907663737458,3.984e-04 / 7.599e-04,p20_difference_rm_rk4_n400_dt0.003125_L4,C:\Users\msz\aca\Workspaces\hs_conserved_mesh_20260925\out\calibration_parameter_scan\profiles\p20_difference_rm_rk4_n400_dt0.003125_L4.npz,a35bd70e6a180be744ead5e6af55d62b0fea9e26ea712aac1cb1577520d6ada1
2.1_expanded,,20,0.5,rk4,400,0.003125,16001,S6,completed,0.0001478539937824451,0.0013464793081077175,1.479e-04 / 1.346e-03,p20_difference_fixed_rk4_n400_dt0.003125_L4,C:\Users\msz\aca\Workspaces\hs_conserved_mesh_20260925\out\calibration_parameter_scan\profiles\p20_difference_fixed_rk4_n400_dt0.003125_L4.npz,3cbf211c63fd8f237be92b828cb717aa82b7ac5accdf1e4cae02213af4c1c694
2.1_expanded,,20,0.5,rk8,400,0.003125,16001,S1,model_not_constructed,,,—,,,
2.1_expanded,,20,0.5,rk8,400,0.003125,16001,S2,model_not_constructed,,,—,,,
2.1_expanded,,20,0.5,rk8,400,0.003125,16001,S3,model_not_constructed,,,—,,,
2.1_expanded,,20,0.5,rk8,400,0.003125,16001,S4,model_not_constructed,,,—,,,
2.1_expanded,,20,0.5,rk8,400,0.003125,16001,S5,completed,0.00039840196456042117,0.0007599076633036939,3.984e-04 / 7.599e-04,p20_difference_rm_rk8_n400_dt0.003125_L4,C:\Users\msz\aca\Workspaces\hs_table_data_20260927\out\profiles\p20_difference_rm_rk8_n400_dt0.003125_L4.npz,a7842b88896dd6376639776e6937d213bf68ef843bcf39dbc51cacdbbbb1f556
2.1_expanded,,20,0.5,rk8,400,0.003125,16001,S6,completed,0.00014785399375395747,0.001346479308114823,1.479e-04 / 1.346e-03,p20_difference_fixed_rk8_n400_dt0.003125_L4,C:\Users\msz\aca\Workspaces\hs_table_data_20260927\out\profiles\p20_difference_fixed_rk8_n400_dt0.003125_L4.npz,a7c731d15ac7d6b9563fa2bcc0736756c0d9711aca181b5aa0ac34ab5b814e3c
2.2_expanded,,20,0.25,euler,200,0.0125,8001,S1,model_not_constructed,,,—,,,
2.2_expanded,,20,0.25,euler,200,0.0125,8001,S2,model_not_constructed,,,—,,,
2.2_expanded,,20,0.25,euler,200,0.0125,8001,S3,model_not_constructed,,,—,,,
2.2_expanded,,20,0.25,euler,200,0.0125,8001,S4,model_not_constructed,,,—,,,
2.2_expanded,,20,0.25,euler,200,0.0125,8001,S5,completed,0.0009266138284745513,0.0023432121427512387,9.266e-04 / 2.343e-03,p20_difference_rm_euler_n200_dt0.0125_L4,C:\Users\msz\aca\Workspaces\hs_table_data_20260927\out\profiles\p20_difference_rm_euler_n200_dt0.0125_L4.npz,88665eb22ea6efed28329304c63370c6e1ea98f1d8fe852df714830b31626e39
2.2_expanded,,20,0.25,euler,200,0.0125,8001,S6,completed,0.000525152529537852,0.00420033710993295,5.252e-04 / 4.200e-03,p20_difference_fixed_euler_n200_dt0.0125_L4,C:\Users\msz\aca\Workspaces\hs_table_data_20260927\out\profiles\p20_difference_fixed_euler_n200_dt0.0125_L4.npz,84bb5848d0dfad232be4cbbb992237c92ea410ee9b6e8791b41a0987b39a1d88
2.2_expanded,,20,0.25,heun,200,0.0125,8001,S1,model_not_constructed,,,—,,,
2.2_expanded,,20,0.25,heun,200,0.0125,8001,S2,model_not_constructed,,,—,,,
2.2_expanded,,20,0.25,heun,200,0.0125,8001,S3,model_not_constructed,,,—,,,
2.2_expanded,,20,0.25,heun,200,0.0125,8001,S4,model_not_constructed,,,—,,,
2.2_expanded,,20,0.25,heun,200,0.0125,8001,S5,completed,0.0008627943180621483,0.002379303568399549,8.628e-04 / 2.379e-03,p20_difference_rm_heun_n200_dt0.0125_L4,C:\Users\msz\aca\Workspaces\hs_table_data_20260927\out\profiles\p20_difference_rm_heun_n200_dt0.0125_L4.npz,50b2830425586965abf14d2688860dffbc6a498670624c254b3b90002392cd2d
2.2_expanded,,20,0.25,heun,200,0.0125,8001,S6,completed,0.0005304147066252929,0.004263449146063136,5.304e-04 / 4.263e-03,p20_difference_fixed_heun_n200_dt0.0125_L4,C:\Users\msz\aca\Workspaces\hs_table_data_20260927\out\profiles\p20_difference_fixed_heun_n200_dt0.0125_L4.npz,bc391e5a0262cc9fdd15614bf6ae8c347464e684deedb7f02245ec3732ffdcfb
2.2_expanded,,20,0.25,rk4,200,0.0125,8001,S1,model_not_constructed,,,—,,,
2.2_expanded,,20,0.25,rk4,200,0.0125,8001,S2,model_not_constructed,,,—,,,
2.2_expanded,,20,0.25,rk4,200,0.0125,8001,S3,model_not_constructed,,,—,,,
2.2_expanded,,20,0.25,rk4,200,0.0125,8001,S4,model_not_constructed,,,—,,,
2.2_expanded,,20,0.25,rk4,200,0.0125,8001,S5,completed,0.0008640793367199629,0.002379929673810066,8.641e-04 / 2.380e-03,p20_difference_rm_rk4_n200_dt0.0125_L4,C:\Users\msz\aca\Workspaces\hs_table_data_20260927\out\profiles\p20_difference_rm_rk4_n200_dt0.0125_L4.npz,ae0e5061751e694811d9fcebbae2db61f9216e4726238a386040bfe6f46393a1
2.2_expanded,,20,0.25,rk4,200,0.0125,8001,S6,completed,0.0005305047167151918,0.004263642470081486,5.305e-04 / 4.264e-03,p20_difference_fixed_rk4_n200_dt0.0125_L4,C:\Users\msz\aca\Workspaces\hs_table_data_20260927\out\profiles\p20_difference_fixed_rk4_n200_dt0.0125_L4.npz,9192f984d389824e1532717eeecc3284d1b4e58b1fbcd1178a469ebaccab0d5c
2.2_expanded,,20,0.25,rk8,200,0.0125,8001,S1,model_not_constructed,,,—,,,
2.2_expanded,,20,0.25,rk8,200,0.0125,8001,S2,model_not_constructed,,,—,,,
2.2_expanded,,20,0.25,rk8,200,0.0125,8001,S3,model_not_constructed,,,—,,,
2.2_expanded,,20,0.25,rk8,200,0.0125,8001,S4,model_not_constructed,,,—,,,
2.2_expanded,,20,0.25,rk8,200,0.0125,8001,S5,completed,0.0008640791397188162,0.0023799296078781396,8.641e-04 / 2.380e-03,p20_difference_rm_rk8_n200_dt0.0125_L4,C:\Users\msz\aca\Workspaces\hs_table_data_20260927\out\profiles\p20_difference_rm_rk8_n200_dt0.0125_L4.npz,0b82fb4383bbd03218b07edb6e74490de6e32dfa8bc1666e7571eb7797bbc258
2.2_expanded,,20,0.25,rk8,200,0.0125,8001,S6,completed,0.0005305047032499004,0.004263642465653472,5.305e-04 / 4.264e-03,p20_difference_fixed_rk8_n200_dt0.0125_L4,C:\Users\msz\aca\Workspaces\hs_table_data_20260927\out\profiles\p20_difference_fixed_rk8_n200_dt0.0125_L4.npz,9f01628a3d7c83ee2d903d6cd21827f4c4339213b0d7d72de0d7d272ecf19c95
2.2_expanded,,20,0.5,euler,200,0.0125,8001,S1,model_not_constructed,,,—,,,
2.2_expanded,,20,0.5,euler,200,0.0125,8001,S2,model_not_constructed,,,—,,,
2.2_expanded,,20,0.5,euler,200,0.0125,8001,S3,model_not_constructed,,,—,,,
2.2_expanded,,20,0.5,euler,200,0.0125,8001,S4,model_not_constructed,,,—,,,
2.2_expanded,,20,0.5,euler,200,0.0125,8001,S5,completed,0.0016681673053549713,0.002850683306834245,1.668e-03 / 2.851e-03,p20_difference_rm_euler_n200_dt0.0125_L4,C:\Users\msz\aca\Workspaces\hs_table_data_20260927\out\profiles\p20_difference_rm_euler_n200_dt0.0125_L4.npz,88665eb22ea6efed28329304c63370c6e1ea98f1d8fe852df714830b31626e39
2.2_expanded,,20,0.5,euler,200,0.0125,8001,S6,completed,0.0005555405140389019,0.004994271197035993,5.555e-04 / 4.994e-03,p20_difference_fixed_euler_n200_dt0.0125_L4,C:\Users\msz\aca\Workspaces\hs_table_data_20260927\out\profiles\p20_difference_fixed_euler_n200_dt0.0125_L4.npz,84bb5848d0dfad232be4cbbb992237c92ea410ee9b6e8791b41a0987b39a1d88
2.2_expanded,,20,0.5,heun,200,0.0125,8001,S1,model_not_constructed,,,—,,,
2.2_expanded,,20,0.5,heun,200,0.0125,8001,S2,model_not_constructed,,,—,,,
2.2_expanded,,20,0.5,heun,200,0.0125,8001,S3,model_not_constructed,,,—,,,
2.2_expanded,,20,0.5,heun,200,0.0125,8001,S4,model_not_constructed,,,—,,,
2.2_expanded,,20,0.5,heun,200,0.0125,8001,S5,completed,0.0015815061132967495,0.0029404006615717515,1.582e-03 / 2.940e-03,p20_difference_rm_heun_n200_dt0.0125_L4,C:\Users\msz\aca\Workspaces\hs_table_data_20260927\out\profiles\p20_difference_rm_heun_n200_dt0.0125_L4.npz,50b2830425586965abf14d2688860dffbc6a498670624c254b3b90002392cd2d
2.2_expanded,,20,0.5,heun,200,0.0125,8001,S6,completed,0.0005725489303792589,0.005127603235042466,5.725e-04 / 5.128e-03,p20_difference_fixed_heun_n200_dt0.0125_L4,C:\Users\msz\aca\Workspaces\hs_table_data_20260927\out\profiles\p20_difference_fixed_heun_n200_dt0.0125_L4.npz,bc391e5a0262cc9fdd15614bf6ae8c347464e684deedb7f02245ec3732ffdcfb
2.2_expanded,,20,0.5,rk4,200,0.0125,8001,S1,model_not_constructed,,,—,,,
2.2_expanded,,20,0.5,rk4,200,0.0125,8001,S2,model_not_constructed,,,—,,,
2.2_expanded,,20,0.5,rk4,200,0.0125,8001,S3,model_not_constructed,,,—,,,
2.2_expanded,,20,0.5,rk4,200,0.0125,8001,S4,model_not_constructed,,,—,,,
2.2_expanded,,20,0.5,rk4,200,0.0125,8001,S5,completed,0.0015848905450706408,0.002941591426258605,1.585e-03 / 2.942e-03,p20_difference_rm_rk4_n200_dt0.0125_L4,C:\Users\msz\aca\Workspaces\hs_table_data_20260927\out\profiles\p20_difference_rm_rk4_n200_dt0.0125_L4.npz,ae0e5061751e694811d9fcebbae2db61f9216e4726238a386040bfe6f46393a1
2.2_expanded,,20,0.5,rk4,200,0.0125,8001,S6,completed,0.0005727316058849741,0.005127991341627003,5.727e-04 / 5.128e-03,p20_difference_fixed_rk4_n200_dt0.0125_L4,C:\Users\msz\aca\Workspaces\hs_table_data_20260927\out\profiles\p20_difference_fixed_rk4_n200_dt0.0125_L4.npz,9192f984d389824e1532717eeecc3284d1b4e58b1fbcd1178a469ebaccab0d5c
2.2_expanded,,20,0.5,rk8,200,0.0125,8001,S1,model_not_constructed,,,—,,,
2.2_expanded,,20,0.5,rk8,200,0.0125,8001,S2,model_not_constructed,,,—,,,
2.2_expanded,,20,0.5,rk8,200,0.0125,8001,S3,model_not_constructed,,,—,,,
2.2_expanded,,20,0.5,rk8,200,0.0125,8001,S4,model_not_constructed,,,—,,,
2.2_expanded,,20,0.5,rk8,200,0.0125,8001,S5,completed,0.0015848900159831031,0.002941591295371304,1.585e-03 / 2.942e-03,p20_difference_rm_rk8_n200_dt0.0125_L4,C:\Users\msz\aca\Workspaces\hs_table_data_20260927\out\profiles\p20_difference_rm_rk8_n200_dt0.0125_L4.npz,0b82fb4383bbd03218b07edb6e74490de6e32dfa8bc1666e7571eb7797bbc258
2.2_expanded,,20,0.5,rk8,200,0.0125,8001,S6,completed,0.0005727315792828612,0.00512799134480213,5.727e-04 / 5.128e-03,p20_difference_fixed_rk8_n200_dt0.0125_L4,C:\Users\msz\aca\Workspaces\hs_table_data_20260927\out\profiles\p20_difference_fixed_rk8_n200_dt0.0125_L4.npz,9f01628a3d7c83ee2d903d6cd21827f4c4339213b0d7d72de0d7d272ecf19c95
2.1_expanded,,21,0.25,euler,400,0.003125,16001,S1,model_not_constructed,,,—,,,
2.1_expanded,,21,0.25,euler,400,0.003125,16001,S2,model_not_constructed,,,—,,,
2.1_expanded,,21,0.25,euler,400,0.003125,16001,S3,model_not_constructed,,,—,,,
2.1_expanded,,21,0.25,euler,400,0.003125,16001,S4,model_not_constructed,,,—,,,
2.1_expanded,,21,0.25,euler,400,0.003125,16001,S5,completed,0.0002580901760279668,0.0006470777265557004,2.581e-04 / 6.471e-04,p21_difference_rm_euler_n400_dt0.003125_L4,C:\Users\msz\aca\Workspaces\hs_waveform_atlas_20260927\out\profiles\p21_difference_rm_euler_n400_dt0.003125_L4.npz,d81be5eaefbbfe12638c423575ae7c92e38b774781d027af73fc6b66e2b94db2
2.1_expanded,,21,0.25,euler,400,0.003125,16001,S6,completed,0.00014337180573673405,0.0012089436599933556,1.434e-04 / 1.209e-03,p21_difference_fixed_euler_n400_dt0.003125_L4,C:\Users\msz\aca\Workspaces\hs_waveform_atlas_20260927\out\profiles\p21_difference_fixed_euler_n400_dt0.003125_L4.npz,ab5a2cb006bd3d581a8682b1a3b435d6158969599bd6a5f562e8ffdd6e92caac
2.1_expanded,,21,0.25,heun,400,0.003125,16001,S1,model_not_constructed,,,—,,,
2.1_expanded,,21,0.25,heun,400,0.003125,16001,S2,model_not_constructed,,,—,,,
2.1_expanded,,21,0.25,heun,400,0.003125,16001,S3,model_not_constructed,,,—,,,
2.1_expanded,,21,0.25,heun,400,0.003125,16001,S4,model_not_constructed,,,—,,,
2.1_expanded,,21,0.25,heun,400,0.003125,16001,S5,completed,0.00024264296005483028,0.0006552906983802176,2.426e-04 / 6.553e-04,p21_difference_rm_heun_n400_dt0.003125_L4,C:\Users\msz\aca\Workspaces\hs_table_data_20260927\out\profiles\p21_difference_rm_heun_n400_dt0.003125_L4.npz,49b95d66df8cd0730905d006f27c48d8a00a5a67fbf5cf63aae1d3140364c5ee
2.1_expanded,,21,0.25,heun,400,0.003125,16001,S6,completed,0.0001451343994901544,0.001225479770965321,1.451e-04 / 1.225e-03,p21_difference_fixed_heun_n400_dt0.003125_L4,C:\Users\msz\aca\Workspaces\hs_table_data_20260927\out\profiles\p21_difference_fixed_heun_n400_dt0.003125_L4.npz,d7c9e9395bf24be73a0b80c2d526d4126c1321b61fc51484151cb271573dc13b
2.1_expanded,,21,0.25,rk4,400,0.003125,16001,S1,model_not_constructed,,,—,,,
2.1_expanded,,21,0.25,rk4,400,0.003125,16001,S2,model_not_constructed,,,—,,,
2.1_expanded,,21,0.25,rk4,400,0.003125,16001,S3,model_not_constructed,,,—,,,
2.1_expanded,,21,0.25,rk4,400,0.003125,16001,S4,model_not_constructed,,,—,,,
2.1_expanded,,21,0.25,rk4,400,0.003125,16001,S5,completed,0.00024274711182239485,0.0006553325461299275,2.427e-04 / 6.553e-04,p21_difference_rm_rk4_n400_dt0.003125_L4,C:\Users\msz\aca\Workspaces\hs_table_data_20260927\out\profiles\p21_difference_rm_rk4_n400_dt0.003125_L4.npz,615c27e7ac281ce9f8854650958e5885e4d72866bb7a1d47e73dcc50638508ff
2.1_expanded,,21,0.25,rk4,400,0.003125,16001,S6,completed,0.00014513709723492155,0.001225492795037697,1.451e-04 / 1.225e-03,p21_difference_fixed_rk4_n400_dt0.003125_L4,C:\Users\msz\aca\Workspaces\hs_table_data_20260927\out\profiles\p21_difference_fixed_rk4_n400_dt0.003125_L4.npz,072a470030e601eb93247da68dd872ae7e16d7117af07fc86a777f91e83499ce
2.1_expanded,,21,0.25,rk8,400,0.003125,16001,S1,model_not_constructed,,,—,,,
2.1_expanded,,21,0.25,rk8,400,0.003125,16001,S2,model_not_constructed,,,—,,,
2.1_expanded,,21,0.25,rk8,400,0.003125,16001,S3,model_not_constructed,,,—,,,
2.1_expanded,,21,0.25,rk8,400,0.003125,16001,S4,model_not_constructed,,,—,,,
2.1_expanded,,21,0.25,rk8,400,0.003125,16001,S5,completed,0.00024274711087081575,0.0006553325458403814,2.427e-04 / 6.553e-04,p21_difference_rm_rk8_n400_dt0.003125_L4,C:\Users\msz\aca\Workspaces\hs_table_data_20260927\out\profiles\p21_difference_rm_rk8_n400_dt0.003125_L4.npz,891df82f662966e8301d4bfdf23362c1a8186fa8450e71331efa8acb37301414
2.1_expanded,,21,0.25,rk8,400,0.003125,16001,S6,completed,0.000145137097218917,0.0012254927950352545,1.451e-04 / 1.225e-03,p21_difference_fixed_rk8_n400_dt0.003125_L4,C:\Users\msz\aca\Workspaces\hs_table_data_20260927\out\profiles\p21_difference_fixed_rk8_n400_dt0.003125_L4.npz,338f044d7515fa31395972d10e69d7f40ad6bf5a4566fa705351fb0e75ac3500
2.1_expanded,,21,0.5,euler,400,0.003125,16001,S1,model_not_constructed,,,—,,,
2.1_expanded,,21,0.5,euler,400,0.003125,16001,S2,model_not_constructed,,,—,,,
2.1_expanded,,21,0.5,euler,400,0.003125,16001,S3,model_not_constructed,,,—,,,
2.1_expanded,,21,0.5,euler,400,0.003125,16001,S4,model_not_constructed,,,—,,,
2.1_expanded,,21,0.5,euler,400,0.003125,16001,S5,completed,0.0004589132995495809,0.0008070776137364399,4.589e-04 / 8.071e-04,p21_difference_rm_euler_n400_dt0.003125_L4,C:\Users\msz\aca\Workspaces\hs_waveform_atlas_20260927\out\profiles\p21_difference_rm_euler_n400_dt0.003125_L4.npz,d81be5eaefbbfe12638c423575ae7c92e38b774781d027af73fc6b66e2b94db2
2.1_expanded,,21,0.5,euler,400,0.003125,16001,S6,completed,0.00015462342250716077,0.0014766478439576236,1.546e-04 / 1.477e-03,p21_difference_fixed_euler_n400_dt0.003125_L4,C:\Users\msz\aca\Workspaces\hs_waveform_atlas_20260927\out\profiles\p21_difference_fixed_euler_n400_dt0.003125_L4.npz,ab5a2cb006bd3d581a8682b1a3b435d6158969599bd6a5f562e8ffdd6e92caac
2.1_expanded,,21,0.5,heun,400,0.003125,16001,S1,model_not_constructed,,,—,,,
2.1_expanded,,21,0.5,heun,400,0.003125,16001,S2,model_not_constructed,,,—,,,
2.1_expanded,,21,0.5,heun,400,0.003125,16001,S3,model_not_constructed,,,—,,,
2.1_expanded,,21,0.5,heun,400,0.003125,16001,S4,model_not_constructed,,,—,,,
2.1_expanded,,21,0.5,heun,400,0.003125,16001,S5,completed,0.0004469735608003543,0.000828821280561165,4.470e-04 / 8.288e-04,p21_difference_rm_heun_n400_dt0.003125_L4,C:\Users\msz\aca\Workspaces\hs_table_data_20260927\out\profiles\p21_difference_rm_heun_n400_dt0.003125_L4.npz,49b95d66df8cd0730905d006f27c48d8a00a5a67fbf5cf63aae1d3140364c5ee
2.1_expanded,,21,0.5,heun,400,0.003125,16001,S6,completed,0.0001590168777018952,0.0015120625435455226,1.590e-04 / 1.512e-03,p21_difference_fixed_heun_n400_dt0.003125_L4,C:\Users\msz\aca\Workspaces\hs_table_data_20260927\out\profiles\p21_difference_fixed_heun_n400_dt0.003125_L4.npz,d7c9e9395bf24be73a0b80c2d526d4126c1321b61fc51484151cb271573dc13b
2.1_expanded,,21,0.5,rk4,400,0.003125,16001,S1,model_not_constructed,,,—,,,
2.1_expanded,,21,0.5,rk4,400,0.003125,16001,S2,model_not_constructed,,,—,,,
2.1_expanded,,21,0.5,rk4,400,0.003125,16001,S3,model_not_constructed,,,—,,,
2.1_expanded,,21,0.5,rk4,400,0.003125,16001,S4,model_not_constructed,,,—,,,
2.1_expanded,,21,0.5,rk4,400,0.003125,16001,S5,completed,0.0004472077181838477,0.0008288804303479003,4.472e-04 / 8.289e-04,p21_difference_rm_rk4_n400_dt0.003125_L4,C:\Users\msz\aca\Workspaces\hs_table_data_20260927\out\profiles\p21_difference_rm_rk4_n400_dt0.003125_L4.npz,615c27e7ac281ce9f8854650958e5885e4d72866bb7a1d47e73dcc50638508ff
2.1_expanded,,21,0.5,rk4,400,0.003125,16001,S6,completed,0.00015902254235716437,0.0015120889104002222,1.590e-04 / 1.512e-03,p21_difference_fixed_rk4_n400_dt0.003125_L4,C:\Users\msz\aca\Workspaces\hs_table_data_20260927\out\profiles\p21_difference_fixed_rk4_n400_dt0.003125_L4.npz,072a470030e601eb93247da68dd872ae7e16d7117af07fc86a777f91e83499ce
2.1_expanded,,21,0.5,rk8,400,0.003125,16001,S1,model_not_constructed,,,—,,,
2.1_expanded,,21,0.5,rk8,400,0.003125,16001,S2,model_not_constructed,,,—,,,
2.1_expanded,,21,0.5,rk8,400,0.003125,16001,S3,model_not_constructed,,,—,,,
2.1_expanded,,21,0.5,rk8,400,0.003125,16001,S4,model_not_constructed,,,—,,,
2.1_expanded,,21,0.5,rk8,400,0.003125,16001,S5,completed,0.00044720771589756543,0.0008288804299542152,4.472e-04 / 8.289e-04,p21_difference_rm_rk8_n400_dt0.003125_L4,C:\Users\msz\aca\Workspaces\hs_table_data_20260927\out\profiles\p21_difference_rm_rk8_n400_dt0.003125_L4.npz,891df82f662966e8301d4bfdf23362c1a8186fa8450e71331efa8acb37301414
2.1_expanded,,21,0.5,rk8,400,0.003125,16001,S6,completed,0.0001590225423268206,0.0015120889104077717,1.590e-04 / 1.512e-03,p21_difference_fixed_rk8_n400_dt0.003125_L4,C:\Users\msz\aca\Workspaces\hs_table_data_20260927\out\profiles\p21_difference_fixed_rk8_n400_dt0.003125_L4.npz,338f044d7515fa31395972d10e69d7f40ad6bf5a4566fa705351fb0e75ac3500
2.2_expanded,,21,0.25,euler,200,0.0125,8001,S1,model_not_constructed,,,—,,,
2.2_expanded,,21,0.25,euler,200,0.0125,8001,S2,model_not_constructed,,,—,,,
2.2_expanded,,21,0.25,euler,200,0.0125,8001,S3,model_not_constructed,,,—,,,
2.2_expanded,,21,0.25,euler,200,0.0125,8001,S4,model_not_constructed,,,—,,,
2.2_expanded,,21,0.25,euler,200,0.0125,8001,S5,completed,0.0010275323489311212,0.0025054519431716438,1.028e-03 / 2.505e-03,p21_difference_rm_euler_n200_dt0.0125_L4,C:\Users\msz\aca\Workspaces\hs_table_data_20260927\out\profiles\p21_difference_rm_euler_n200_dt0.0125_L4.npz,352363b83a956e2eef05981e9d401d300fb49472f7c41a942dd811ed270e2da5
2.2_expanded,,21,0.25,euler,200,0.0125,8001,S6,completed,0.0005669066546441018,0.004764875938046975,5.669e-04 / 4.765e-03,p21_difference_fixed_euler_n200_dt0.0125_L4,C:\Users\msz\aca\Workspaces\hs_table_data_20260927\out\profiles\p21_difference_fixed_euler_n200_dt0.0125_L4.npz,168288d705875c37bd7254125eff91ecae9a8020704f29ee251243228650a40e
2.2_expanded,,21,0.25,heun,200,0.0125,8001,S1,model_not_constructed,,,—,,,
2.2_expanded,,21,0.25,heun,200,0.0125,8001,S2,model_not_constructed,,,—,,,
2.2_expanded,,21,0.25,heun,200,0.0125,8001,S3,model_not_constructed,,,—,,,
2.2_expanded,,21,0.25,heun,200,0.0125,8001,S4,model_not_constructed,,,—,,,
2.2_expanded,,21,0.25,heun,200,0.0125,8001,S5,completed,0.0009622346203488853,0.002542460733556684,9.622e-04 / 2.542e-03,p21_difference_rm_heun_n200_dt0.0125_L4,C:\Users\msz\aca\Workspaces\hs_table_data_20260927\out\profiles\p21_difference_rm_heun_n200_dt0.0125_L4.npz,7643cb6d461819eb1f14ccaf9bcd33293720b0819f39d986375dc25070b56f50
2.2_expanded,,21,0.25,heun,200,0.0125,8001,S6,completed,0.0005718597546335927,0.0048300462036474645,5.719e-04 / 4.830e-03,p21_difference_fixed_heun_n200_dt0.0125_L4,C:\Users\msz\aca\Workspaces\hs_table_data_20260927\out\profiles\p21_difference_fixed_heun_n200_dt0.0125_L4.npz,c43d52b8671ea22d301e05134f6394395479bb351358a2818f987a888be25925
2.2_expanded,,21,0.25,rk4,200,0.0125,8001,S1,model_not_constructed,,,—,,,
2.2_expanded,,21,0.25,rk4,200,0.0125,8001,S2,model_not_constructed,,,—,,,
2.2_expanded,,21,0.25,rk4,200,0.0125,8001,S3,model_not_constructed,,,—,,,
2.2_expanded,,21,0.25,rk4,200,0.0125,8001,S4,model_not_constructed,,,—,,,
2.2_expanded,,21,0.25,rk4,200,0.0125,8001,S5,completed,0.0009634944919900334,0.002543151678528033,9.635e-04 / 2.543e-03,p21_difference_rm_rk4_n200_dt0.0125_L4,C:\Users\msz\aca\Workspaces\hs_table_data_20260927\out\profiles\p21_difference_rm_rk4_n200_dt0.0125_L4.npz,0ba704bb9f196a7d7e31a24543a3899e0f7d2f03484a162e32d52acbcf1fcfb1
2.2_expanded,,21,0.25,rk4,200,0.0125,8001,S6,completed,0.000571955525888096,0.00483025115276936,5.720e-04 / 4.830e-03,p21_difference_fixed_rk4_n200_dt0.0125_L4,C:\Users\msz\aca\Workspaces\hs_table_data_20260927\out\profiles\p21_difference_fixed_rk4_n200_dt0.0125_L4.npz,80e808924e6aa479264721b7b6c7fb5ecfd39f9d480ca918f9c4d3d5e95d9351
2.2_expanded,,21,0.25,rk8,200,0.0125,8001,S1,model_not_constructed,,,—,,,
2.2_expanded,,21,0.25,rk8,200,0.0125,8001,S2,model_not_constructed,,,—,,,
2.2_expanded,,21,0.25,rk8,200,0.0125,8001,S3,model_not_constructed,,,—,,,
2.2_expanded,,21,0.25,rk8,200,0.0125,8001,S4,model_not_constructed,,,—,,,
2.2_expanded,,21,0.25,rk8,200,0.0125,8001,S5,completed,0.0009634943001080548,0.002543151605078009,9.635e-04 / 2.543e-03,p21_difference_rm_rk8_n200_dt0.0125_L4,C:\Users\msz\aca\Workspaces\hs_table_data_20260927\out\profiles\p21_difference_rm_rk8_n200_dt0.0125_L4.npz,0a5a678f099728621bb343cb26eacbd97540cbe4518c491916a802398e8f201c
2.2_expanded,,21,0.25,rk8,200,0.0125,8001,S6,completed,0.0005719555112844929,0.004830251148119302,5.720e-04 / 4.830e-03,p21_difference_fixed_rk8_n200_dt0.0125_L4,C:\Users\msz\aca\Workspaces\hs_table_data_20260927\out\profiles\p21_difference_fixed_rk8_n200_dt0.0125_L4.npz,658719eacf9b66c74d460c421b3026d13787ed1cab2321fe8878494fab5aa2e5
2.2_expanded,,21,0.5,euler,200,0.0125,8001,S1,model_not_constructed,,,—,,,
2.2_expanded,,21,0.5,euler,200,0.0125,8001,S2,model_not_constructed,,,—,,,
2.2_expanded,,21,0.5,euler,200,0.0125,8001,S3,model_not_constructed,,,—,,,
2.2_expanded,,21,0.5,euler,200,0.0125,8001,S4,model_not_constructed,,,—,,,
2.2_expanded,,21,0.5,euler,200,0.0125,8001,S5,completed,0.0018680455555300781,0.003129152009381686,1.868e-03 / 3.129e-03,p21_difference_rm_euler_n200_dt0.0125_L4,C:\Users\msz\aca\Workspaces\hs_table_data_20260927\out\profiles\p21_difference_rm_euler_n200_dt0.0125_L4.npz,352363b83a956e2eef05981e9d401d300fb49472f7c41a942dd811ed270e2da5
2.2_expanded,,21,0.5,euler,200,0.0125,8001,S6,completed,0.0006045141000529802,0.005585234094616531,6.045e-04 / 5.585e-03,p21_difference_fixed_euler_n200_dt0.0125_L4,C:\Users\msz\aca\Workspaces\hs_table_data_20260927\out\profiles\p21_difference_fixed_euler_n200_dt0.0125_L4.npz,168288d705875c37bd7254125eff91ecae9a8020704f29ee251243228650a40e
2.2_expanded,,21,0.5,heun,200,0.0125,8001,S1,model_not_constructed,,,—,,,
2.2_expanded,,21,0.5,heun,200,0.0125,8001,S2,model_not_constructed,,,—,,,
2.2_expanded,,21,0.5,heun,200,0.0125,8001,S3,model_not_constructed,,,—,,,
2.2_expanded,,21,0.5,heun,200,0.0125,8001,S4,model_not_constructed,,,—,,,
2.2_expanded,,21,0.5,heun,200,0.0125,8001,S5,completed,0.0017743044636710538,0.0032105824067215627,1.774e-03 / 3.211e-03,p21_difference_rm_heun_n200_dt0.0125_L4,C:\Users\msz\aca\Workspaces\hs_table_data_20260927\out\profiles\p21_difference_rm_heun_n200_dt0.0125_L4.npz,7643cb6d461819eb1f14ccaf9bcd33293720b0819f39d986375dc25070b56f50
2.2_expanded,,21,0.5,heun,200,0.0125,8001,S6,completed,0.0006191626273071675,0.005720345621397005,6.192e-04 / 5.720e-03,p21_difference_fixed_heun_n200_dt0.0125_L4,C:\Users\msz\aca\Workspaces\hs_table_data_20260927\out\profiles\p21_difference_fixed_heun_n200_dt0.0125_L4.npz,c43d52b8671ea22d301e05134f6394395479bb351358a2818f987a888be25925
2.2_expanded,,21,0.5,rk4,200,0.0125,8001,S1,model_not_constructed,,,—,,,
2.2_expanded,,21,0.5,rk4,200,0.0125,8001,S2,model_not_constructed,,,—,,,
2.2_expanded,,21,0.5,rk4,200,0.0125,8001,S3,model_not_constructed,,,—,,,
2.2_expanded,,21,0.5,rk4,200,0.0125,8001,S4,model_not_constructed,,,—,,,
2.2_expanded,,21,0.5,rk4,200,0.0125,8001,S5,completed,0.0017777172522719566,0.0032114780572999324,1.778e-03 / 3.211e-03,p21_difference_rm_rk4_n200_dt0.0125_L4,C:\Users\msz\aca\Workspaces\hs_table_data_20260927\out\profiles\p21_difference_rm_rk4_n200_dt0.0125_L4.npz,0ba704bb9f196a7d7e31a24543a3899e0f7d2f03484a162e32d52acbcf1fcfb1
2.2_expanded,,21,0.5,rk4,200,0.0125,8001,S6,completed,0.0006193564814988492,0.005720690204816359,6.194e-04 / 5.721e-03,p21_difference_fixed_rk4_n200_dt0.0125_L4,C:\Users\msz\aca\Workspaces\hs_table_data_20260927\out\profiles\p21_difference_fixed_rk4_n200_dt0.0125_L4.npz,80e808924e6aa479264721b7b6c7fb5ecfd39f9d480ca918f9c4d3d5e95d9351
2.2_expanded,,21,0.5,rk8,200,0.0125,8001,S1,model_not_constructed,,,—,,,
2.2_expanded,,21,0.5,rk8,200,0.0125,8001,S2,model_not_constructed,,,—,,,
2.2_expanded,,21,0.5,rk8,200,0.0125,8001,S3,model_not_constructed,,,—,,,
2.2_expanded,,21,0.5,rk8,200,0.0125,8001,S4,model_not_constructed,,,—,,,
2.2_expanded,,21,0.5,rk8,200,0.0125,8001,S5,completed,0.001777716719916343,0.0032114779603226173,1.778e-03 / 3.211e-03,p21_difference_rm_rk8_n200_dt0.0125_L4,C:\Users\msz\aca\Workspaces\hs_table_data_20260927\out\profiles\p21_difference_rm_rk8_n200_dt0.0125_L4.npz,0a5a678f099728621bb343cb26eacbd97540cbe4518c491916a802398e8f201c
2.2_expanded,,21,0.5,rk8,200,0.0125,8001,S6,completed,0.0006193564527212161,0.005720690209660373,6.194e-04 / 5.721e-03,p21_difference_fixed_rk8_n200_dt0.0125_L4,C:\Users\msz\aca\Workspaces\hs_table_data_20260927\out\profiles\p21_difference_fixed_rk8_n200_dt0.0125_L4.npz,658719eacf9b66c74d460c421b3026d13787ed1cab2321fe8878494fab5aa2e5
2.1_expanded,,22,0.25,euler,400,0.003125,16001,S1,model_not_constructed,,,—,,,
2.1_expanded,,22,0.25,euler,400,0.003125,16001,S2,model_not_constructed,,,—,,,
2.1_expanded,,22,0.25,euler,400,0.003125,16001,S3,model_not_constructed,,,—,,,
2.1_expanded,,22,0.25,euler,400,0.003125,16001,S4,model_not_constructed,,,—,,,
2.1_expanded,,22,0.25,euler,400,0.003125,16001,S5,completed,0.00028409972069216253,0.0007031862165393088,2.841e-04 / 7.032e-04,p22_difference_rm_euler_n400_dt0.003125_L4,C:\Users\msz\aca\Workspaces\hs_error_theory_20260926\out_v2\profiles\p22_difference_rm_euler_n400_dt0.003125_L4.npz,e9faf05ebe4ce7560ad60d9c237f9bb4a9f3502dd01a68efc51dbda9158f57b4
2.1_expanded,,22,0.25,euler,400,0.003125,16001,S6,completed,0.00015271570906415927,0.001339954915635655,1.527e-04 / 1.340e-03,p22_difference_fixed_euler_n400_dt0.003125_L4,C:\Users\msz\aca\Workspaces\hs_error_theory_20260926\out_v2\profiles\p22_difference_fixed_euler_n400_dt0.003125_L4.npz,72cbf2f5627a53aeb0667cfe3ed304c4ec0f020e6ad8d839a83f5656af5b3dca
2.1_expanded,,22,0.25,heun,400,0.003125,16001,S1,model_not_constructed,,,—,,,
2.1_expanded,,22,0.25,heun,400,0.003125,16001,S2,model_not_constructed,,,—,,,
2.1_expanded,,22,0.25,heun,400,0.003125,16001,S3,model_not_constructed,,,—,,,
2.1_expanded,,22,0.25,heun,400,0.003125,16001,S4,model_not_constructed,,,—,,,
2.1_expanded,,22,0.25,heun,400,0.003125,16001,S5,completed,0.00026839689093343224,0.0007113957666234905,2.684e-04 / 7.114e-04,p22_difference_rm_heun_n400_dt0.003125_L4,C:\Users\msz\aca\Workspaces\hs_table_data_20260927\out\profiles\p22_difference_rm_heun_n400_dt0.003125_L4.npz,dd315d008b9400f1b2611ea746e541462650aab2ed8211c9edfd03c8ecd0ded3
2.1_expanded,,22,0.25,heun,400,0.003125,16001,S6,completed,0.0001544199421934997,0.0013568310978155917,1.544e-04 / 1.357e-03,p22_difference_fixed_heun_n400_dt0.003125_L4,C:\Users\msz\aca\Workspaces\hs_table_data_20260927\out\profiles\p22_difference_fixed_heun_n400_dt0.003125_L4.npz,bf5a391f8d933b77779cf6fe808f498ee82ff89a674ffd016a46b9790342b104
2.1_expanded,,22,0.25,rk4,400,0.003125,16001,S1,model_not_constructed,,,—,,,
2.1_expanded,,22,0.25,rk4,400,0.003125,16001,S2,model_not_constructed,,,—,,,
2.1_expanded,,22,0.25,rk4,400,0.003125,16001,S3,model_not_constructed,,,—,,,
2.1_expanded,,22,0.25,rk4,400,0.003125,16001,S4,model_not_constructed,,,—,,,
2.1_expanded,,22,0.25,rk4,400,0.003125,16001,S5,completed,0.000268502441411318,0.0007114318137702025,2.685e-04 / 7.114e-04,p22_difference_rm_rk4_n400_dt0.003125_L4,C:\Users\msz\aca\Workspaces\hs_error_theory_20260926\out_v2\profiles\p22_difference_rm_rk4_n400_dt0.003125_L4.npz,5c9e398f48049f6314b4783559e7789f5d3e9536fcc7661fd90e6b93470fda82
2.1_expanded,,22,0.25,rk4,400,0.003125,16001,S6,completed,0.00015442270877168845,0.0013568441895059902,1.544e-04 / 1.357e-03,p22_difference_fixed_rk4_n400_dt0.003125_L4,C:\Users\msz\aca\Workspaces\hs_error_theory_20260926\out_v2\profiles\p22_difference_fixed_rk4_n400_dt0.003125_L4.npz,ea7be050384895374de32bf405a12cbebc34ee1ffe3da7f0166b50b218fb4f29
2.1_expanded,,22,0.25,rk8,400,0.003125,16001,S1,model_not_constructed,,,—,,,
2.1_expanded,,22,0.25,rk8,400,0.003125,16001,S2,model_not_constructed,,,—,,,
2.1_expanded,,22,0.25,rk8,400,0.003125,16001,S3,model_not_constructed,,,—,,,
2.1_expanded,,22,0.25,rk8,400,0.003125,16001,S4,model_not_constructed,,,—,,,
2.1_expanded,,22,0.25,rk8,400,0.003125,16001,S5,completed,0.00026850244036833067,0.0007114318135045261,2.685e-04 / 7.114e-04,p22_difference_rm_rk8_n400_dt0.003125_L4,C:\Users\msz\aca\Workspaces\hs_table_data_20260927\out\profiles\p22_difference_rm_rk8_n400_dt0.003125_L4.npz,04142a26012fc241d13353c0dca65a10c1e159fde03b27d4cef04719d6395345
2.1_expanded,,22,0.25,rk8,400,0.003125,16001,S6,completed,0.00015442270875546532,0.0013568441895015493,1.544e-04 / 1.357e-03,p22_difference_fixed_rk8_n400_dt0.003125_L4,C:\Users\msz\aca\Workspaces\hs_table_data_20260927\out\profiles\p22_difference_fixed_rk8_n400_dt0.003125_L4.npz,e444045afce59c1ef4c7e7fbca9575ec35d0667a1d11da954d98b3e2df3206dd
2.1_expanded,,22,0.5,euler,400,0.003125,16001,S1,model_not_constructed,,,—,,,
2.1_expanded,,22,0.5,euler,400,0.003125,16001,S2,model_not_constructed,,,—,,,
2.1_expanded,,22,0.5,euler,400,0.003125,16001,S3,model_not_constructed,,,—,,,
2.1_expanded,,22,0.5,euler,400,0.003125,16001,S4,model_not_constructed,,,—,,,
2.1_expanded,,22,0.5,euler,400,0.003125,16001,S5,completed,0.0005106294419069679,0.0008742027251552598,5.106e-04 / 8.742e-04,p22_difference_rm_euler_n400_dt0.003125_L4,C:\Users\msz\aca\Workspaces\hs_error_theory_20260926\out_v2\profiles\p22_difference_rm_euler_n400_dt0.003125_L4.npz,e9faf05ebe4ce7560ad60d9c237f9bb4a9f3502dd01a68efc51dbda9158f57b4
2.1_expanded,,22,0.5,euler,400,0.003125,16001,S6,completed,0.0001653364783190739,0.0016376478840863795,1.653e-04 / 1.638e-03,p22_difference_fixed_euler_n400_dt0.003125_L4,C:\Users\msz\aca\Workspaces\hs_error_theory_20260926\out_v2\profiles\p22_difference_fixed_euler_n400_dt0.003125_L4.npz,72cbf2f5627a53aeb0667cfe3ed304c4ec0f020e6ad8d839a83f5656af5b3dca
2.1_expanded,,22,0.5,heun,400,0.003125,16001,S1,model_not_constructed,,,—,,,
2.1_expanded,,22,0.5,heun,400,0.003125,16001,S2,model_not_constructed,,,—,,,
2.1_expanded,,22,0.5,heun,400,0.003125,16001,S3,model_not_constructed,,,—,,,
2.1_expanded,,22,0.5,heun,400,0.003125,16001,S4,model_not_constructed,,,—,,,
2.1_expanded,,22,0.5,heun,400,0.003125,16001,S5,completed,0.0004974837827933522,0.0008968574338975577,4.975e-04 / 8.969e-04,p22_difference_rm_heun_n400_dt0.003125_L4,C:\Users\msz\aca\Workspaces\hs_table_data_20260927\out\profiles\p22_difference_rm_heun_n400_dt0.003125_L4.npz,dd315d008b9400f1b2611ea746e541462650aab2ed8211c9edfd03c8ecd0ded3
2.1_expanded,,22,0.5,heun,400,0.003125,16001,S6,completed,0.00016968149747354291,0.001673174671657951,1.697e-04 / 1.673e-03,p22_difference_fixed_heun_n400_dt0.003125_L4,C:\Users\msz\aca\Workspaces\hs_table_data_20260927\out\profiles\p22_difference_fixed_heun_n400_dt0.003125_L4.npz,bf5a391f8d933b77779cf6fe808f498ee82ff89a674ffd016a46b9790342b104
2.1_expanded,,22,0.5,rk4,400,0.003125,16001,S1,model_not_constructed,,,—,,,
2.1_expanded,,22,0.5,rk4,400,0.003125,16001,S2,model_not_constructed,,,—,,,
2.1_expanded,,22,0.5,rk4,400,0.003125,16001,S3,model_not_constructed,,,—,,,
2.1_expanded,,22,0.5,rk4,400,0.003125,16001,S4,model_not_constructed,,,—,,,
2.1_expanded,,22,0.5,rk4,400,0.003125,16001,S5,completed,0.0004977210648442706,0.000896921660044292,4.977e-04 / 8.969e-04,p22_difference_rm_rk4_n400_dt0.003125_L4,C:\Users\msz\aca\Workspaces\hs_error_theory_20260926\out_v2\profiles\p22_difference_rm_rk4_n400_dt0.003125_L4.npz,5c9e398f48049f6314b4783559e7789f5d3e9536fcc7661fd90e6b93470fda82
2.1_expanded,,22,0.5,rk4,400,0.003125,16001,S6,completed,0.00016968728528282337,0.001673201807660174,1.697e-04 / 1.673e-03,p22_difference_fixed_rk4_n400_dt0.003125_L4,C:\Users\msz\aca\Workspaces\hs_error_theory_20260926\out_v2\profiles\p22_difference_fixed_rk4_n400_dt0.003125_L4.npz,ea7be050384895374de32bf405a12cbebc34ee1ffe3da7f0166b50b218fb4f29
2.1_expanded,,22,0.5,rk8,400,0.003125,16001,S1,model_not_constructed,,,—,,,
2.1_expanded,,22,0.5,rk8,400,0.003125,16001,S2,model_not_constructed,,,—,,,
2.1_expanded,,22,0.5,rk8,400,0.003125,16001,S3,model_not_constructed,,,—,,,
2.1_expanded,,22,0.5,rk8,400,0.003125,16001,S4,model_not_constructed,,,—,,,
2.1_expanded,,22,0.5,rk8,400,0.003125,16001,S5,completed,0.0004977210623511017,0.0008969216595900997,4.977e-04 / 8.969e-04,p22_difference_rm_rk8_n400_dt0.003125_L4,C:\Users\msz\aca\Workspaces\hs_table_data_20260927\out\profiles\p22_difference_rm_rk8_n400_dt0.003125_L4.npz,04142a26012fc241d13353c0dca65a10c1e159fde03b27d4cef04719d6395345
2.1_expanded,,22,0.5,rk8,400,0.003125,16001,S6,completed,0.00016968728525099466,0.0016732018076682786,1.697e-04 / 1.673e-03,p22_difference_fixed_rk8_n400_dt0.003125_L4,C:\Users\msz\aca\Workspaces\hs_table_data_20260927\out\profiles\p22_difference_fixed_rk8_n400_dt0.003125_L4.npz,e444045afce59c1ef4c7e7fbca9575ec35d0667a1d11da954d98b3e2df3206dd
2.2_expanded,,22,0.25,euler,200,0.0125,8001,S1,model_not_constructed,,,—,,,
2.2_expanded,,22,0.25,euler,200,0.0125,8001,S2,model_not_constructed,,,—,,,
2.2_expanded,,22,0.25,euler,200,0.0125,8001,S3,model_not_constructed,,,—,,,
2.2_expanded,,22,0.25,euler,200,0.0125,8001,S4,model_not_constructed,,,—,,,
2.2_expanded,,22,0.25,euler,200,0.0125,8001,S5,completed,0.0011307541061005432,0.0027294502711145974,1.131e-03 / 2.729e-03,p22_difference_rm_euler_n200_dt0.0125_L4,C:\Users\msz\aca\Workspaces\hs_table_data_20260927\out\profiles\p22_difference_rm_euler_n200_dt0.0125_L4.npz,0ae7f66509d2958cf1d4ab9e629de7a30095f16ee8a2674ae9f5fed092b610a3
2.2_expanded,,22,0.25,euler,200,0.0125,8001,S6,completed,0.0006075805297595036,0.005279035290770229,6.076e-04 / 5.279e-03,p22_difference_fixed_euler_n200_dt0.0125_L4,C:\Users\msz\aca\Workspaces\hs_table_data_20260927\out\profiles\p22_difference_fixed_euler_n200_dt0.0125_L4.npz,7721afe8dfee08c27400193b998cfc672557fc3ab76feeaaac11b5f045626c7b
2.2_expanded,,22,0.25,heun,200,0.0125,8001,S1,model_not_constructed,,,—,,,
2.2_expanded,,22,0.25,heun,200,0.0125,8001,S2,model_not_constructed,,,—,,,
2.2_expanded,,22,0.25,heun,200,0.0125,8001,S3,model_not_constructed,,,—,,,
2.2_expanded,,22,0.25,heun,200,0.0125,8001,S4,model_not_constructed,,,—,,,
2.2_expanded,,22,0.25,heun,200,0.0125,8001,S5,completed,0.0010642191295921598,0.0027614172722385533,1.064e-03 / 2.761e-03,p22_difference_rm_heun_n200_dt0.0125_L4,C:\Users\msz\aca\Workspaces\hs_table_data_20260927\out\profiles\p22_difference_rm_heun_n200_dt0.0125_L4.npz,1a359c3ec1178a60342c04ce63a0ade42449e5d302359cec0c2d3c7e73f8c10d
2.2_expanded,,22,0.25,heun,200,0.0125,8001,S6,completed,0.0006122062462586737,0.005345393970633938,6.122e-04 / 5.345e-03,p22_difference_fixed_heun_n200_dt0.0125_L4,C:\Users\msz\aca\Workspaces\hs_table_data_20260927\out\profiles\p22_difference_fixed_heun_n200_dt0.0125_L4.npz,69554db0aa1a5995832481beafd820fb87b7ff7556cc49a3daa6593ebb1ab03c
2.2_expanded,,22,0.25,rk4,200,0.0125,8001,S1,model_not_constructed,,,—,,,
2.2_expanded,,22,0.25,rk4,200,0.0125,8001,S2,model_not_constructed,,,—,,,
2.2_expanded,,22,0.25,rk4,200,0.0125,8001,S3,model_not_constructed,,,—,,,
2.2_expanded,,22,0.25,rk4,200,0.0125,8001,S4,model_not_constructed,,,—,,,
2.2_expanded,,22,0.25,rk4,200,0.0125,8001,S5,completed,0.0010654460816224265,0.0027618812406204896,1.065e-03 / 2.762e-03,p22_difference_rm_rk4_n200_dt0.0125_L4,C:\Users\msz\aca\Workspaces\hs_table_data_20260927\out\profiles\p22_difference_rm_rk4_n200_dt0.0125_L4.npz,1b9995335c03fa7186b8e68797f6dd394d9d6964cea21fc3242899d0dd97a535
2.2_expanded,,22,0.25,rk4,200,0.0125,8001,S6,completed,0.000612307676970722,0.005345608494644716,6.123e-04 / 5.346e-03,p22_difference_fixed_rk4_n200_dt0.0125_L4,C:\Users\msz\aca\Workspaces\hs_table_data_20260927\out\profiles\p22_difference_fixed_rk4_n200_dt0.0125_L4.npz,fd6b580e746b024dac5676da23f07d277b9a9fea6c2512f4ca43a4b70003d91f
2.2_expanded,,22,0.25,rk8,200,0.0125,8001,S1,model_not_constructed,,,—,,,
2.2_expanded,,22,0.25,rk8,200,0.0125,8001,S2,model_not_constructed,,,—,,,
2.2_expanded,,22,0.25,rk8,200,0.0125,8001,S3,model_not_constructed,,,—,,,
2.2_expanded,,22,0.25,rk8,200,0.0125,8001,S4,model_not_constructed,,,—,,,
2.2_expanded,,22,0.25,rk8,200,0.0125,8001,S5,completed,0.0010654458962145595,0.0027618811939275068,1.065e-03 / 2.762e-03,p22_difference_rm_rk8_n200_dt0.0125_L4,C:\Users\msz\aca\Workspaces\hs_table_data_20260927\out\profiles\p22_difference_rm_rk8_n200_dt0.0125_L4.npz,45d8a32084a80dc03da497067127dce3f22e4e8d12d4bd14ba80e92368c4c43d
2.2_expanded,,22,0.25,rk8,200,0.0125,8001,S6,completed,0.0006123076612276762,0.005345608489827236,6.123e-04 / 5.346e-03,p22_difference_fixed_rk8_n200_dt0.0125_L4,C:\Users\msz\aca\Workspaces\hs_table_data_20260927\out\profiles\p22_difference_fixed_rk8_n200_dt0.0125_L4.npz,cca43e2164766a88e8bd48252625815bd27080a89a4672f6b7b45ecc05e423e0
2.2_expanded,,22,0.5,euler,200,0.0125,8001,S1,model_not_constructed,,,—,,,
2.2_expanded,,22,0.5,euler,200,0.0125,8001,S2,model_not_constructed,,,—,,,
2.2_expanded,,22,0.5,euler,200,0.0125,8001,S3,model_not_constructed,,,—,,,
2.2_expanded,,22,0.5,euler,200,0.0125,8001,S4,model_not_constructed,,,—,,,
2.2_expanded,,22,0.5,euler,200,0.0125,8001,S5,completed,0.0020752558911871916,0.0034085601403337495,2.075e-03 / 3.409e-03,p22_difference_rm_euler_n200_dt0.0125_L4,C:\Users\msz\aca\Workspaces\hs_table_data_20260927\out\profiles\p22_difference_rm_euler_n200_dt0.0125_L4.npz,0ae7f66509d2958cf1d4ab9e629de7a30095f16ee8a2674ae9f5fed092b610a3
2.2_expanded,,22,0.5,euler,200,0.0125,8001,S6,completed,0.0006537925529801134,0.006343949329331133,6.538e-04 / 6.344e-03,p22_difference_fixed_euler_n200_dt0.0125_L4,C:\Users\msz\aca\Workspaces\hs_table_data_20260927\out\profiles\p22_difference_fixed_euler_n200_dt0.0125_L4.npz,7721afe8dfee08c27400193b998cfc672557fc3ab76feeaaac11b5f045626c7b
2.2_expanded,,22,0.5,heun,200,0.0125,8001,S1,model_not_constructed,,,—,,,
2.2_expanded,,22,0.5,heun,200,0.0125,8001,S2,model_not_constructed,,,—,,,
2.2_expanded,,22,0.5,heun,200,0.0125,8001,S3,model_not_constructed,,,—,,,
2.2_expanded,,22,0.5,heun,200,0.0125,8001,S4,model_not_constructed,,,—,,,
2.2_expanded,,22,0.5,heun,200,0.0125,8001,S5,completed,0.001973873028807017,0.003493274890202236,1.974e-03 / 3.493e-03,p22_difference_rm_heun_n200_dt0.0125_L4,C:\Users\msz\aca\Workspaces\hs_table_data_20260927\out\profiles\p22_difference_rm_heun_n200_dt0.0125_L4.npz,1a359c3ec1178a60342c04ce63a0ade42449e5d302359cec0c2d3c7e73f8c10d
2.2_expanded,,22,0.5,heun,200,0.0125,8001,S6,completed,0.0006647012733117241,0.0064839167266030895,6.647e-04 / 6.484e-03,p22_difference_fixed_heun_n200_dt0.0125_L4,C:\Users\msz\aca\Workspaces\hs_table_data_20260927\out\profiles\p22_difference_fixed_heun_n200_dt0.0125_L4.npz,69554db0aa1a5995832481beafd820fb87b7ff7556cc49a3daa6593ebb1ab03c
2.2_expanded,,22,0.5,rk4,200,0.0125,8001,S1,model_not_constructed,,,—,,,
2.2_expanded,,22,0.5,rk4,200,0.0125,8001,S2,model_not_constructed,,,—,,,
2.2_expanded,,22,0.5,rk4,200,0.0125,8001,S3,model_not_constructed,,,—,,,
2.2_expanded,,22,0.5,rk4,200,0.0125,8001,S4,model_not_constructed,,,—,,,
2.2_expanded,,22,0.5,rk4,200,0.0125,8001,S5,completed,0.0019772991361808627,0.0034942537867352907,1.977e-03 / 3.494e-03,p22_difference_rm_rk4_n200_dt0.0125_L4,C:\Users\msz\aca\Workspaces\hs_table_data_20260927\out\profiles\p22_difference_rm_rk4_n200_dt0.0125_L4.npz,1b9995335c03fa7186b8e68797f6dd394d9d6964cea21fc3242899d0dd97a535
2.2_expanded,,22,0.5,rk4,200,0.0125,8001,S6,completed,0.0006649061795900371,0.006484282498173788,6.649e-04 / 6.484e-03,p22_difference_fixed_rk4_n200_dt0.0125_L4,C:\Users\msz\aca\Workspaces\hs_table_data_20260927\out\profiles\p22_difference_fixed_rk4_n200_dt0.0125_L4.npz,fd6b580e746b024dac5676da23f07d277b9a9fea6c2512f4ca43a4b70003d91f
2.2_expanded,,22,0.5,rk8,200,0.0125,8001,S1,model_not_constructed,,,—,,,
2.2_expanded,,22,0.5,rk8,200,0.0125,8001,S2,model_not_constructed,,,—,,,
2.2_expanded,,22,0.5,rk8,200,0.0125,8001,S3,model_not_constructed,,,—,,,
2.2_expanded,,22,0.5,rk8,200,0.0125,8001,S4,model_not_constructed,,,—,,,
2.2_expanded,,22,0.5,rk8,200,0.0125,8001,S5,completed,0.0019772986030001556,0.0034942536791731094,1.977e-03 / 3.494e-03,p22_difference_rm_rk8_n200_dt0.0125_L4,C:\Users\msz\aca\Workspaces\hs_table_data_20260927\out\profiles\p22_difference_rm_rk8_n200_dt0.0125_L4.npz,45d8a32084a80dc03da497067127dce3f22e4e8d12d4bd14ba80e92368c4c43d
2.2_expanded,,22,0.5,rk8,200,0.0125,8001,S6,completed,0.0006649061486160707,0.0064842825035632545,6.649e-04 / 6.484e-03,p22_difference_fixed_rk8_n200_dt0.0125_L4,C:\Users\msz\aca\Workspaces\hs_table_data_20260927\out\profiles\p22_difference_fixed_rk8_n200_dt0.0125_L4.npz,cca43e2164766a88e8bd48252625815bd27080a89a4672f6b7b45ecc05e423e0
