case,route,c,kappa,purpose,h,nx,dt,L,yhalf,time,field,error,eval_double,nodal
P1,fd,0.0,0.0,main,0.125,256,1.25e-05,20.0,1.5,0.005,u,2.0042009705623087e-05,2.0042009705623087e-05,2.0042009705845132e-05
P1,fd,0.0,0.0,main,0.125,256,1.25e-05,20.0,1.5,0.005,v,6.177436100429645e-06,6.177436100429645e-06,6.114585809458006e-06
P1,fd,0.0,0.0,main,0.125,256,1.25e-05,20.0,1.5,0.01,u,4.2784218445168776e-05,4.2784218445168776e-05,4.1331766624796984e-05
P1,fd,0.0,0.0,main,0.125,256,1.25e-05,20.0,1.5,0.01,v,1.402562130886631e-05,1.402562130886631e-05,1.3918116807010161e-05
P1,fd,0.0,0.0,space_y,0.0625,256,1.25e-05,20.0,1.5,0.005,u,1.908626616953235e-05,1.908626616953235e-05,1.908626616953235e-05
P1,fd,0.0,0.0,space_y,0.0625,256,1.25e-05,20.0,1.5,0.005,v,5.613293087791682e-06,5.615784424595205e-06,5.4910025136800655e-06
P1,fd,0.0,0.0,space_y,0.0625,256,1.25e-05,20.0,1.5,0.01,u,4.0748098772080965e-05,4.0748098772080965e-05,3.9223653829356664e-05
P1,fd,0.0,0.0,space_y,0.0625,256,1.25e-05,20.0,1.5,0.01,v,1.2922489339595167e-05,1.2922489339595167e-05,1.2664111466109684e-05
P1,fd,0.0,0.0,space_x,0.125,512,1.25e-05,20.0,1.5,0.005,u,2.9329182920090346e-06,2.9329182920090346e-06,2.9284557812037093e-06
P1,fd,0.0,0.0,space_x,0.125,512,1.25e-05,20.0,1.5,0.005,v,1.1937022568742073e-06,1.1937022568742073e-06,1.19190038849748e-06
P1,fd,0.0,0.0,space_x,0.125,512,1.25e-05,20.0,1.5,0.01,u,6.284772801734562e-06,6.288085309558156e-06,6.255208095051756e-06
P1,fd,0.0,0.0,space_x,0.125,512,1.25e-05,20.0,1.5,0.01,v,2.4439232286233015e-06,2.445378081361582e-06,2.430405927067447e-06
P1,fd,0.0,0.0,time_half,0.125,256,6.25e-06,20.0,1.5,0.005,u,2.0050666115656313e-05,2.0050666115656313e-05,2.0050666115656313e-05
P1,fd,0.0,0.0,time_half,0.125,256,6.25e-06,20.0,1.5,0.005,v,6.2047098406403656e-06,6.2047098406403656e-06,6.140520992570231e-06
P1,fd,0.0,0.0,time_half,0.125,256,6.25e-06,20.0,1.5,0.01,u,4.2820607924376475e-05,4.2820607924376475e-05,4.138529668007429e-05
P1,fd,0.0,0.0,time_half,0.125,256,6.25e-06,20.0,1.5,0.01,v,1.4085641352967748e-05,1.4085641352967748e-05,1.3976090770806415e-05
P1,fd,0.0,0.0,domain_y,0.125,256,1.25e-05,20.0,2.0,0.005,u,2.301822766614947e-05,2.305669343849459e-05,2.2990271225431513e-05
P1,fd,0.0,0.0,domain_y,0.125,256,1.25e-05,20.0,2.0,0.005,v,5.992847687319447e-06,5.995476117515164e-06,5.861878895008221e-06
P1,fd,0.0,0.0,domain_y,0.125,256,1.25e-05,20.0,2.0,0.01,u,4.889961460996517e-05,4.895695961781854e-05,4.8047553513619334e-05
P1,fd,0.0,0.0,domain_y,0.125,256,1.25e-05,20.0,2.0,0.01,v,1.3350430331460217e-05,1.3370506440901764e-05,1.3004047036357935e-05
P1,fd,0.0,0.0,domain_x,0.125,512,1.25e-05,40.0,1.5,0.005,u,2.0042009705845132e-05,2.0042009705845132e-05,2.0042009705845132e-05
P1,fd,0.0,0.0,domain_x,0.125,512,1.25e-05,40.0,1.5,0.005,v,6.177436100429645e-06,6.177436100429645e-06,6.114585809458006e-06
P1,fd,0.0,0.0,domain_x,0.125,512,1.25e-05,40.0,1.5,0.01,u,4.278421844494673e-05,4.278421844494673e-05,4.1331766624796984e-05
P1,fd,0.0,0.0,domain_x,0.125,512,1.25e-05,40.0,1.5,0.01,v,1.402562130892182e-05,1.402562130892182e-05,1.3918116807010161e-05
P1,sd,-0.125,-0.125,main,0.125,256,1.25e-05,20.0,1.5,0.005,u,1.788209526187856e-05,1.788749105913201e-05,1.7822724705962578e-05
P1,sd,-0.125,-0.125,main,0.125,256,1.25e-05,20.0,1.5,0.005,v,3.751314971889297e-05,3.751314971889297e-05,3.741895000064499e-05
P1,sd,-0.125,-0.125,main,0.125,256,1.25e-05,20.0,1.5,0.01,u,4.281303037156903e-05,4.281303037156903e-05,4.13997065683569e-05
P1,sd,-0.125,-0.125,main,0.125,256,1.25e-05,20.0,1.5,0.01,v,7.580395014122887e-05,7.580395014122887e-05,7.56247738606941e-05
P1,sd,-0.125,-0.125,space_y,0.0625,256,1.25e-05,20.0,1.5,0.005,u,1.3741519054866203e-05,1.3741519054866203e-05,1.3741519054866203e-05
P1,sd,-0.125,-0.125,space_y,0.0625,256,1.25e-05,20.0,1.5,0.005,v,1.1885992673654755e-05,1.1885992673654755e-05,1.185064847375461e-05
P1,sd,-0.125,-0.125,space_y,0.0625,256,1.25e-05,20.0,1.5,0.01,u,3.082929620512598e-05,3.082929620512598e-05,3.054998164431222e-05
P1,sd,-0.125,-0.125,space_y,0.0625,256,1.25e-05,20.0,1.5,0.01,v,2.332647786468245e-05,2.3331299623396973e-05,2.332647786468245e-05
P1,sd,-0.125,-0.125,space_x,0.125,512,1.25e-05,20.0,1.5,0.005,u,1.8618933816938465e-05,1.86225331888501e-05,1.8589556670001173e-05
P1,sd,-0.125,-0.125,space_x,0.125,512,1.25e-05,20.0,1.5,0.005,v,3.555793868192936e-05,3.5558790572598475e-05,3.5532715612629495e-05
P1,sd,-0.125,-0.125,space_x,0.125,512,1.25e-05,20.0,1.5,0.01,u,3.978499969381488e-05,3.978499969381488e-05,3.978499969381488e-05
P1,sd,-0.125,-0.125,space_x,0.125,512,1.25e-05,20.0,1.5,0.01,v,7.066544776174188e-05,7.066544776174188e-05,7.066544776174188e-05
P1,sd,-0.125,-0.125,time_half,0.125,256,6.25e-06,20.0,1.5,0.005,u,1.785552204736085e-05,1.7860095066435377e-05,1.7794537756410378e-05
P1,sd,-0.125,-0.125,time_half,0.125,256,6.25e-06,20.0,1.5,0.005,v,3.7513908022812625e-05,3.7513908022812625e-05,3.7420134895493895e-05
P1,sd,-0.125,-0.125,time_half,0.125,256,6.25e-06,20.0,1.5,0.01,u,4.276349775034216e-05,4.276349775034216e-05,4.1344469090764946e-05
P1,sd,-0.125,-0.125,time_half,0.125,256,6.25e-06,20.0,1.5,0.01,v,7.58040062402432e-05,7.58040062402432e-05,7.562788076270754e-05
P1,sd,-0.125,-0.125,domain_x,0.125,512,1.25e-05,40.0,1.5,0.005,u,1.7882095261989583e-05,1.7887491059020988e-05,1.7822724705962578e-05
P1,sd,-0.125,-0.125,domain_x,0.125,512,1.25e-05,40.0,1.5,0.005,v,3.751314971889297e-05,3.751314971889297e-05,3.741895000064499e-05
P1,sd,-0.125,-0.125,domain_x,0.125,512,1.25e-05,40.0,1.5,0.01,u,4.281303037123596e-05,4.281303037134698e-05,4.13997065683569e-05
P1,sd,-0.125,-0.125,domain_x,0.125,512,1.25e-05,40.0,1.5,0.01,v,7.580395014117336e-05,7.580395014117336e-05,7.56247738606941e-05
P1,sd,-0.125,-0.125,domain_y,0.125,256,1.25e-05,20.0,2.0,0.005,u,2.0631472055221423e-05,2.0631472055221423e-05,2.06314720551104e-05
P1,sd,-0.125,-0.125,domain_y,0.125,256,1.25e-05,20.0,2.0,0.005,v,3.7393190065904136e-05,3.7406491087466076e-05,3.7259835609482206e-05
P1,sd,-0.125,-0.125,domain_y,0.125,256,1.25e-05,20.0,2.0,0.01,u,4.915701077745638e-05,4.915701077745638e-05,4.8570412045756406e-05
P1,sd,-0.125,-0.125,domain_y,0.125,256,1.25e-05,20.0,2.0,0.01,v,7.530545946249356e-05,7.534252416463438e-05,7.494382284817247e-05
P1,sd,-0.125,0.0,main,0.125,256,1.25e-05,20.0,1.5,0.005,u,1.5559185538194242e-05,1.5571079694187695e-05,1.5396083273833128e-05
P1,sd,-0.125,0.0,main,0.125,256,1.25e-05,20.0,1.5,0.005,v,1.4170370289390277e-05,1.4178992120750245e-05,1.4025719346000276e-05
P1,sd,-0.125,0.0,main,0.125,256,1.25e-05,20.0,1.5,0.01,u,3.33403278917066e-05,3.33403278917066e-05,3.334032789181762e-05
P1,sd,-0.125,0.0,main,0.125,256,1.25e-05,20.0,1.5,0.01,v,2.919764697562055e-05,2.9219538694003067e-05,2.896824527481856e-05
P1,sd,-0.125,0.0,space_y,0.0625,256,1.25e-05,20.0,1.5,0.005,u,1.3851386585050918e-05,1.3851386585050918e-05,1.3851386585050918e-05
P1,sd,-0.125,0.0,space_y,0.0625,256,1.25e-05,20.0,1.5,0.005,v,7.239422464278e-06,7.239422464278e-06,7.200243895222336e-06
P1,sd,-0.125,0.0,space_y,0.0625,256,1.25e-05,20.0,1.5,0.01,u,3.04327678581906e-05,3.0459208925082137e-05,2.9305843785021324e-05
P1,sd,-0.125,0.0,space_y,0.0625,256,1.25e-05,20.0,1.5,0.01,v,1.5120850555550014e-05,1.5120850555550014e-05,1.5013524829077252e-05
P1,sd,-0.125,0.0,time_half,0.125,256,6.25e-06,20.0,1.5,0.005,u,1.5592335051328732e-05,1.5604714301065137e-05,1.542810730392752e-05
P1,sd,-0.125,0.0,time_half,0.125,256,6.25e-06,20.0,1.5,0.005,v,1.4153854681064892e-05,1.4163263779898294e-05,1.4008566412038181e-05
P1,sd,-0.125,0.0,time_half,0.125,256,6.25e-06,20.0,1.5,0.01,u,3.340930631978711e-05,3.340930631978711e-05,3.340930631978711e-05
P1,sd,-0.125,0.0,time_half,0.125,256,6.25e-06,20.0,1.5,0.01,v,2.91682154359707e-05,2.9188650582379072e-05,2.8935689641185203e-05
P1,sd,-0.125,0.0,space_x,0.125,512,1.25e-05,20.0,1.5,0.005,u,1.7619539440794085e-05,1.761953944101613e-05,1.7605119367658517e-05
P1,sd,-0.125,0.0,space_x,0.125,512,1.25e-05,20.0,1.5,0.005,v,1.2500205817889132e-05,1.2500205817889132e-05,1.2493954637815552e-05
P1,sd,-0.125,0.0,space_x,0.125,512,1.25e-05,20.0,1.5,0.01,u,3.5235737025685054e-05,3.523795070003999e-05,3.519996175471718e-05
P1,sd,-0.125,0.0,space_x,0.125,512,1.25e-05,20.0,1.5,0.01,v,2.5970006642728194e-05,2.5970006642728194e-05,2.5962913176136304e-05
P1,sd,-0.125,0.0,domain_x,0.125,512,1.25e-05,40.0,1.5,0.005,u,1.5559185538194242e-05,1.557107969440974e-05,1.5396083273833128e-05
P1,sd,-0.125,0.0,domain_x,0.125,512,1.25e-05,40.0,1.5,0.005,v,1.4170370289390277e-05,1.4178992120805756e-05,1.4025719346000276e-05
P1,sd,-0.125,0.0,domain_x,0.125,512,1.25e-05,40.0,1.5,0.01,u,3.334032789181762e-05,3.334032789181762e-05,3.334032789181762e-05
P1,sd,-0.125,0.0,domain_x,0.125,512,1.25e-05,40.0,1.5,0.01,v,2.919764697562055e-05,2.9219538693892044e-05,2.896824527481856e-05
P1,sd,-0.125,0.0,domain_y,0.125,256,1.25e-05,20.0,2.0,0.005,u,1.802315644772179e-05,1.8033918696147566e-05,1.7991240036430156e-05
P1,sd,-0.125,0.0,domain_y,0.125,256,1.25e-05,20.0,2.0,0.005,v,1.4110373386222452e-05,1.4110373386222452e-05,1.402627565871839e-05
P1,sd,-0.125,0.0,domain_y,0.125,256,1.25e-05,20.0,2.0,0.01,u,3.864656813368228e-05,3.864656813368228e-05,3.8507663537634684e-05
P1,sd,-0.125,0.0,domain_y,0.125,256,1.25e-05,20.0,2.0,0.01,v,2.903944514698331e-05,2.903944514698331e-05,2.862053175806123e-05
P1,sd,-0.125,0.125,main,0.125,256,1.25e-05,20.0,1.5,0.005,u,1.9201974284510648e-05,1.9201974284510648e-05,1.8878788027976157e-05
P1,sd,-0.125,0.125,main,0.125,256,1.25e-05,20.0,1.5,0.005,v,5.7727496098392006e-05,5.7727496098392006e-05,5.770748301942019e-05
P1,sd,-0.125,0.125,main,0.125,256,1.25e-05,20.0,1.5,0.01,u,4.835378183210004e-05,4.835899328314852e-05,4.835378183210004e-05
P1,sd,-0.125,0.125,main,0.125,256,1.25e-05,20.0,1.5,0.01,v,0.00011688971614592925,0.00011688971614592925,0.00011688971614587373
P1,sd,-0.125,0.125,space_y,0.0625,256,1.25e-05,20.0,1.5,0.005,u,1.396845916756817e-05,1.4005958088647574e-05,1.396125616781596e-05
P1,sd,-0.125,0.125,space_y,0.0625,256,1.25e-05,20.0,1.5,0.005,v,1.615466025300938e-05,1.6157429625129893e-05,1.612843109999318e-05
P1,sd,-0.125,0.125,space_y,0.0625,256,1.25e-05,20.0,1.5,0.01,u,3.153795030552686e-05,3.153795030552686e-05,3.093769494655341e-05
P1,sd,-0.125,0.125,space_y,0.0625,256,1.25e-05,20.0,1.5,0.01,v,3.314765159040389e-05,3.318171077143495e-05,3.289265565697974e-05
P1,sd,-0.125,0.125,space_x,0.125,512,1.25e-05,20.0,1.5,0.005,u,1.837352727507291e-05,1.837537023052782e-05,1.8348180725991092e-05
P1,sd,-0.125,0.125,space_x,0.125,512,1.25e-05,20.0,1.5,0.005,v,5.8595468934052874e-05,5.860063327589593e-05,5.859297974775135e-05
P1,sd,-0.125,0.125,space_x,0.125,512,1.25e-05,20.0,1.5,0.01,u,4.329261783642124e-05,4.3295269167908934e-05,4.328189109281677e-05
P1,sd,-0.125,0.125,space_x,0.125,512,1.25e-05,20.0,1.5,0.01,v,0.00011864364354796653,0.00011864364354802204,0.0001184553566922486
P1,sd,-0.125,0.125,time_half,0.125,256,6.25e-06,20.0,1.5,0.005,u,1.9240520674590478e-05,1.9240520674590478e-05,1.8914916294132667e-05
P1,sd,-0.125,0.125,time_half,0.125,256,6.25e-06,20.0,1.5,0.005,v,5.772413313986924e-05,5.772413313986924e-05,5.770358237000561e-05
P1,sd,-0.125,0.125,time_half,0.125,256,6.25e-06,20.0,1.5,0.01,u,4.843210313976165e-05,4.8437709105231264e-05,4.843210313976165e-05
P1,sd,-0.125,0.125,time_half,0.125,256,6.25e-06,20.0,1.5,0.01,v,0.00011688544340271445,0.00011688544340271445,0.00011688544340265894
P1,sd,-0.125,0.125,domain_x,0.125,512,1.25e-05,40.0,1.5,0.005,u,1.9201974284399626e-05,1.9201974284399626e-05,1.8878788027976157e-05
P1,sd,-0.125,0.125,domain_x,0.125,512,1.25e-05,40.0,1.5,0.005,v,5.7727496098336495e-05,5.7727496098336495e-05,5.770748301942019e-05
P1,sd,-0.125,0.125,domain_x,0.125,512,1.25e-05,40.0,1.5,0.01,u,4.835378183210004e-05,4.83589932830375e-05,4.835378183210004e-05
P1,sd,-0.125,0.125,domain_x,0.125,512,1.25e-05,40.0,1.5,0.01,v,0.00011688971614587373,0.00011688971614587373,0.00011688971614587373
P1,sd,-0.125,0.125,domain_y,0.125,256,1.25e-05,20.0,2.0,0.005,u,2.2268346334675115e-05,2.2268346334675115e-05,2.213911515436262e-05
P1,sd,-0.125,0.125,domain_y,0.125,256,1.25e-05,20.0,2.0,0.005,v,5.772799478120927e-05,5.772799478120927e-05,5.772799478120927e-05
P1,sd,-0.125,0.125,domain_y,0.125,256,1.25e-05,20.0,2.0,0.01,u,5.606796509072254e-05,5.612706758251207e-05,5.6047744504961194e-05
P1,sd,-0.125,0.125,domain_y,0.125,256,1.25e-05,20.0,2.0,0.01,v,0.00011688204810977876,0.00011689022123623216,0.00011682238135690692
P1,sd,0.0,-0.125,main,0.125,256,1.25e-05,20.0,1.5,0.005,u,1.6091349781532926e-05,1.6091349781532926e-05,1.6004606237851604e-05
P1,sd,0.0,-0.125,main,0.125,256,1.25e-05,20.0,1.5,0.005,v,4.8219055011899936e-05,4.8219055011899936e-05,4.814840014433219e-05
P1,sd,0.0,-0.125,main,0.125,256,1.25e-05,20.0,1.5,0.01,u,4.113970467922723e-05,4.113970467922723e-05,4.113970467922723e-05
P1,sd,0.0,-0.125,main,0.125,256,1.25e-05,20.0,1.5,0.01,v,9.733691823621271e-05,9.733691823621271e-05,9.717490789568073e-05
P1,sd,0.0,-0.125,space_y,0.0625,256,1.25e-05,20.0,1.5,0.005,u,1.7215892013311418e-05,1.7216417920851157e-05,1.7215892013311418e-05
P1,sd,0.0,-0.125,space_y,0.0625,256,1.25e-05,20.0,1.5,0.005,v,1.4552183852267753e-05,1.4552183852267753e-05,1.4521734161720978e-05
P1,sd,0.0,-0.125,space_y,0.0625,256,1.25e-05,20.0,1.5,0.01,u,3.6283901081457515e-05,3.635827854475693e-05,3.5399462472884835e-05
P1,sd,0.0,-0.125,space_y,0.0625,256,1.25e-05,20.0,1.5,0.01,v,2.8704405336255068e-05,2.871199967580118e-05,2.8704405336255068e-05
P1,sd,0.0,-0.125,time_half,0.125,256,6.25e-06,20.0,1.5,0.005,u,1.606864435832467e-05,1.606864435832467e-05,1.5983710899947212e-05
P1,sd,0.0,-0.125,time_half,0.125,256,6.25e-06,20.0,1.5,0.005,v,4.821988873721095e-05,4.821988873721095e-05,4.8149187938217874e-05
P1,sd,0.0,-0.125,time_half,0.125,256,6.25e-06,20.0,1.5,0.01,u,4.1099274474820646e-05,4.1099274474820646e-05,4.1099274474709624e-05
P1,sd,0.0,-0.125,time_half,0.125,256,6.25e-06,20.0,1.5,0.01,v,9.733700391617583e-05,9.733700391617583e-05,9.717723259755617e-05
P1,sd,0.0,-0.125,space_x,0.125,512,1.25e-05,20.0,1.5,0.005,u,7.852191815205245e-06,7.852191815205245e-06,7.852191815205245e-06
P1,sd,0.0,-0.125,space_x,0.125,512,1.25e-05,20.0,1.5,0.005,v,4.623685267057809e-05,4.623854393165372e-05,4.623018030097681e-05
P1,sd,0.0,-0.125,space_x,0.125,512,1.25e-05,20.0,1.5,0.01,u,2.2437605373015757e-05,2.2437605373015757e-05,2.2421066617983598e-05
P1,sd,0.0,-0.125,space_x,0.125,512,1.25e-05,20.0,1.5,0.01,v,9.212866204044712e-05,9.213356644355297e-05,9.211839857614645e-05
P1,sd,0.0,-0.125,domain_x,0.125,512,1.25e-05,40.0,1.5,0.005,u,1.6091349781532926e-05,1.6091349781532926e-05,1.6004606237851604e-05
P1,sd,0.0,-0.125,domain_x,0.125,512,1.25e-05,40.0,1.5,0.005,v,4.8219055011899936e-05,4.8219055011899936e-05,4.814840014433219e-05
P1,sd,0.0,-0.125,domain_x,0.125,512,1.25e-05,40.0,1.5,0.01,u,4.113970467911621e-05,4.113970467922723e-05,4.113970467922723e-05
P1,sd,0.0,-0.125,domain_x,0.125,512,1.25e-05,40.0,1.5,0.01,v,9.73369182361572e-05,9.73369182361572e-05,9.717490789568073e-05
P1,sd,0.0,-0.125,domain_y,0.125,256,1.25e-05,20.0,2.0,0.005,u,1.8470291368477554e-05,1.850402737124668e-05,1.8165432402739157e-05
P1,sd,0.0,-0.125,domain_y,0.125,256,1.25e-05,20.0,2.0,0.005,v,4.813615057236431e-05,4.815110478317841e-05,4.803396599611931e-05
P1,sd,0.0,-0.125,domain_y,0.125,256,1.25e-05,20.0,2.0,0.01,u,4.7129740569640255e-05,4.7129740569640255e-05,4.686392349417812e-05
P1,sd,0.0,-0.125,domain_y,0.125,256,1.25e-05,20.0,2.0,0.01,v,9.700277044932815e-05,9.702632744040818e-05,9.667169328642089e-05
P1,sd,0.0,0.0,main,0.125,256,1.25e-05,20.0,1.5,0.005,u,1.3142052332160148e-05,1.314935203655665e-05,1.3142052332160148e-05
P1,sd,0.0,0.0,main,0.125,256,1.25e-05,20.0,1.5,0.005,v,6.630521630524022e-06,6.632366240932885e-06,6.503460499129865e-06
P1,sd,0.0,0.0,main,0.125,256,1.25e-05,20.0,1.5,0.01,u,2.865002514829129e-05,2.865002514829129e-05,2.8073443839593537e-05
P1,sd,0.0,0.0,main,0.125,256,1.25e-05,20.0,1.5,0.01,v,1.3164954122180106e-05,1.319047386388883e-05,1.2894661748918956e-05
P1,sd,0.0,0.0,space_y,0.0625,256,1.25e-05,20.0,1.5,0.005,u,1.7325741192841804e-05,1.7325741192841804e-05,1.7325741192841804e-05
P1,sd,0.0,0.0,space_y,0.0625,256,1.25e-05,20.0,1.5,0.005,v,6.32370266107074e-06,6.32370266107074e-06,6.273826556324469e-06
P1,sd,0.0,0.0,space_y,0.0625,256,1.25e-05,20.0,1.5,0.01,u,3.71467775197587e-05,3.71467775197587e-05,3.5526001702868015e-05
P1,sd,0.0,0.0,space_y,0.0625,256,1.25e-05,20.0,1.5,0.01,v,1.2267707266866434e-05,1.2267707266866434e-05,1.1978846006455157e-05
P1,sd,0.0,0.0,time_half,0.125,256,6.25e-06,20.0,1.5,0.005,u,1.3151033976477322e-05,1.3156068722874892e-05,1.3151033976699367e-05
P1,sd,0.0,0.0,time_half,0.125,256,6.25e-06,20.0,1.5,0.005,v,6.6048675675389745e-06,6.607322428131557e-06,6.476682528566702e-06
P1,sd,0.0,0.0,time_half,0.125,256,6.25e-06,20.0,1.5,0.01,u,2.8686932105781437e-05,2.8686932105781437e-05,2.8024064615994604e-05
P1,sd,0.0,0.0,time_half,0.125,256,6.25e-06,20.0,1.5,0.01,v,1.312613098641835e-05,1.3150309785325831e-05,1.2858617873257039e-05
P1,sd,0.0,0.0,space_x,0.125,512,1.25e-05,20.0,1.5,0.005,u,4.645494058985733e-06,4.645795644409034e-06,4.6328141785068055e-06
P1,sd,0.0,0.0,space_x,0.125,512,1.25e-05,20.0,1.5,0.005,v,1.8188180445077862e-06,1.8188180445077862e-06,1.817978236673401e-06
P1,sd,0.0,0.0,space_x,0.125,512,1.25e-05,20.0,1.5,0.01,u,8.926112890605964e-06,8.927338656539163e-06,8.926112890605964e-06
P1,sd,0.0,0.0,space_x,0.125,512,1.25e-05,20.0,1.5,0.01,v,3.748721284113632e-06,3.7491375796117055e-06,3.748721284113632e-06
P1,sd,0.0,0.0,domain_x,0.125,512,1.25e-05,40.0,1.5,0.005,u,1.3142052332160148e-05,1.314935203655665e-05,1.3142052332160148e-05
P1,sd,0.0,0.0,domain_x,0.125,512,1.25e-05,40.0,1.5,0.005,v,6.630521630524022e-06,6.632366240932885e-06,6.503460499129865e-06
P1,sd,0.0,0.0,domain_x,0.125,512,1.25e-05,40.0,1.5,0.01,u,2.865002514829129e-05,2.865002514829129e-05,2.8073443839593537e-05
P1,sd,0.0,0.0,domain_x,0.125,512,1.25e-05,40.0,1.5,0.01,v,1.3164954122180106e-05,1.3190473863833319e-05,1.2894661748918956e-05
P1,sd,0.0,0.0,domain_y,0.125,256,1.25e-05,20.0,2.0,0.005,u,1.5028628673974254e-05,1.5028628673974254e-05,1.4827196940903065e-05
P1,sd,0.0,0.0,domain_y,0.125,256,1.25e-05,20.0,2.0,0.005,v,6.160434061541764e-06,6.172673288007413e-06,6.1492984169686515e-06
P1,sd,0.0,0.0,domain_y,0.125,256,1.25e-05,20.0,2.0,0.01,u,3.25204063069684e-05,3.25204063069684e-05,3.2100776846011314e-05
P1,sd,0.0,0.0,domain_y,0.125,256,1.25e-05,20.0,2.0,0.01,v,1.2647953375743981e-05,1.2647953375743981e-05,1.2512435001332811e-05
P1,sd,0.0,0.125,main,0.125,256,1.25e-05,20.0,1.5,0.005,u,1.5466777791184327e-05,1.5466777791184327e-05,1.5089342927154803e-05
P1,sd,0.0,0.125,main,0.125,256,1.25e-05,20.0,1.5,0.005,v,4.731773833066555e-05,4.732711790611521e-05,4.731773833066555e-05
P1,sd,0.0,0.125,main,0.125,256,1.25e-05,20.0,1.5,0.01,u,3.647715806165408e-05,3.652479300453315e-05,3.647715806154306e-05
P1,sd,0.0,0.125,main,0.125,256,1.25e-05,20.0,1.5,0.01,v,9.564305232434567e-05,9.564997428684885e-05,9.561119168283172e-05
P1,sd,0.0,0.125,space_y,0.0625,256,1.25e-05,20.0,1.5,0.005,u,1.7435592425396607e-05,1.7451393172551732e-05,1.7435592425396607e-05
P1,sd,0.0,0.125,space_y,0.0625,256,1.25e-05,20.0,1.5,0.005,v,1.3975371004781856e-05,1.398827330362229e-05,1.3856626511765668e-05
P1,sd,0.0,0.125,space_y,0.0625,256,1.25e-05,20.0,1.5,0.01,u,3.802388604134954e-05,3.812577005102291e-05,3.7157707291735065e-05
P1,sd,0.0,0.125,space_y,0.0625,256,1.25e-05,20.0,1.5,0.01,v,2.8809256387263282e-05,2.8809256387263282e-05,2.8317799813715183e-05
P1,sd,0.0,0.125,time_half,0.125,256,6.25e-06,20.0,1.5,0.005,u,1.5499543127184268e-05,1.5499543127184268e-05,1.5125286254358272e-05
P1,sd,0.0,0.125,time_half,0.125,256,6.25e-06,20.0,1.5,0.005,v,4.731203396496353e-05,4.73216268604415e-05,4.731203396496353e-05
P1,sd,0.0,0.125,time_half,0.125,256,6.25e-06,20.0,1.5,0.01,u,3.6547619581495105e-05,3.659654933629852e-05,3.654761958138408e-05
P1,sd,0.0,0.125,time_half,0.125,256,6.25e-06,20.0,1.5,0.01,v,9.563239558674219e-05,9.563848453025825e-05,9.560106066608398e-05
P1,sd,0.0,0.125,space_x,0.125,512,1.25e-05,20.0,1.5,0.005,u,6.783411645616688e-06,6.783411645616688e-06,6.779317494154391e-06
P1,sd,0.0,0.125,space_x,0.125,512,1.25e-05,20.0,1.5,0.005,v,4.762656851803326e-05,4.762670855640305e-05,4.762632214594387e-05
P1,sd,0.0,0.125,space_x,0.125,512,1.25e-05,20.0,1.5,0.01,u,2.1726942448951903e-05,2.1731863686036412e-05,2.1684825995071932e-05
P1,sd,0.0,0.125,space_x,0.125,512,1.25e-05,20.0,1.5,0.01,v,9.59456285140603e-05,9.594562851411581e-05,9.593519785427995e-05
P1,sd,0.0,0.125,domain_x,0.125,512,1.25e-05,40.0,1.5,0.005,u,1.5466777791184327e-05,1.5466777791184327e-05,1.5089342927154803e-05
P1,sd,0.0,0.125,domain_x,0.125,512,1.25e-05,40.0,1.5,0.005,v,4.731773833061004e-05,4.732711790611521e-05,4.731773833066555e-05
P1,sd,0.0,0.125,domain_x,0.125,512,1.25e-05,40.0,1.5,0.01,u,3.647715806165408e-05,3.652479300453315e-05,3.647715806154306e-05
P1,sd,0.0,0.125,domain_x,0.125,512,1.25e-05,40.0,1.5,0.01,v,9.564305232440118e-05,9.564997428690436e-05,9.561119168283172e-05
P1,sd,0.0,0.125,domain_y,0.125,256,1.25e-05,20.0,2.0,0.005,u,1.7879159079692286e-05,1.789107107963428e-05,1.7678261845177623e-05
P1,sd,0.0,0.125,domain_y,0.125,256,1.25e-05,20.0,2.0,0.005,v,4.7296114143557944e-05,4.7296114143557944e-05,4.726003278848756e-05
P1,sd,0.0,0.125,domain_y,0.125,256,1.25e-05,20.0,2.0,0.01,u,4.234596912788824e-05,4.2366179845765295e-05,4.2345969128110283e-05
P1,sd,0.0,0.125,domain_y,0.125,256,1.25e-05,20.0,2.0,0.01,v,9.562922180922362e-05,9.562922180922362e-05,9.562922180922362e-05
P1,sd,0.125,-0.125,main,0.125,256,1.25e-05,20.0,1.5,0.005,u,2.6941285442116936e-05,2.6941285442116936e-05,2.6333212351570268e-05
P1,sd,0.125,-0.125,main,0.125,256,1.25e-05,20.0,1.5,0.005,v,5.89249547051085e-05,5.89249547051085e-05,5.889248265927849e-05
P1,sd,0.125,-0.125,main,0.125,256,1.25e-05,20.0,1.5,0.01,u,5.521910897376969e-05,5.521910897376969e-05,5.4861511471271385e-05
P1,sd,0.125,-0.125,main,0.125,256,1.25e-05,20.0,1.5,0.01,v,0.00011886968180624402,0.00011886968180624402,0.00011877606849880484
P1,sd,0.125,-0.125,space_y,0.0625,256,1.25e-05,20.0,1.5,0.005,u,2.0690277965362824e-05,2.0714182365599854e-05,2.0690277965362824e-05
P1,sd,0.125,-0.125,space_y,0.0625,256,1.25e-05,20.0,1.5,0.005,v,1.7218376680727676e-05,1.722066194326244e-05,1.7192819360134504e-05
P1,sd,0.125,-0.125,space_y,0.0625,256,1.25e-05,20.0,1.5,0.01,u,4.313204205752541e-05,4.3171280339482365e-05,4.244392133090358e-05
P1,sd,0.125,-0.125,space_y,0.0625,256,1.25e-05,20.0,1.5,0.01,v,3.408233171936503e-05,3.409269398402248e-05,3.408233171936503e-05
P1,sd,0.125,-0.125,time_half,0.125,256,6.25e-06,20.0,1.5,0.005,u,2.6942898221582467e-05,2.6942898221582467e-05,2.6342871386919597e-05
P1,sd,0.125,-0.125,time_half,0.125,256,6.25e-06,20.0,1.5,0.005,v,5.8925863733128026e-05,5.8925863733128026e-05,5.889339437714636e-05
P1,sd,0.125,-0.125,time_half,0.125,256,6.25e-06,20.0,1.5,0.01,u,5.5233108377406026e-05,5.5233108377406026e-05,5.4884238652963546e-05
P1,sd,0.125,-0.125,time_half,0.125,256,6.25e-06,20.0,1.5,0.01,v,0.00011886979644726292,0.00011886979644726292,0.0001187775360195209
P1,sd,0.125,-0.125,space_x,0.125,512,1.25e-05,20.0,1.5,0.005,u,1.2085778585357865e-05,1.2085778585357865e-05,1.2027419451610122e-05
P1,sd,0.125,-0.125,space_x,0.125,512,1.25e-05,20.0,1.5,0.005,v,5.693118121907759e-05,5.693162499414983e-05,5.693118121907759e-05
P1,sd,0.125,-0.125,space_x,0.125,512,1.25e-05,20.0,1.5,0.01,u,3.085150993720198e-05,3.085150993720198e-05,3.08309682559571e-05
P1,sd,0.125,-0.125,space_x,0.125,512,1.25e-05,20.0,1.5,0.01,v,0.00011363345836851169,0.00011363345836851169,0.00011358401269140339
P1,sd,0.125,-0.125,domain_x,0.125,512,1.25e-05,40.0,1.5,0.005,u,2.6941285442116936e-05,2.6941285442116936e-05,2.6333212351570268e-05
P1,sd,0.125,-0.125,domain_x,0.125,512,1.25e-05,40.0,1.5,0.005,v,5.892495470505299e-05,5.89249547051085e-05,5.889248265927849e-05
P1,sd,0.125,-0.125,domain_x,0.125,512,1.25e-05,40.0,1.5,0.01,u,5.521910897376969e-05,5.521910897376969e-05,5.4861511471271385e-05
P1,sd,0.125,-0.125,domain_x,0.125,512,1.25e-05,40.0,1.5,0.01,v,0.000118869681806133,0.000118869681806133,0.00011877606849880484
P1,sd,0.125,-0.125,domain_y,0.125,256,1.25e-05,20.0,2.0,0.005,u,3.1097201237839656e-05,3.11436867064252e-05,3.067933479194984e-05
P1,sd,0.125,-0.125,domain_y,0.125,256,1.25e-05,20.0,2.0,0.005,v,5.887908676233122e-05,5.8895712324702476e-05,5.882287548425458e-05
P1,sd,0.125,-0.125,domain_y,0.125,256,1.25e-05,20.0,2.0,0.01,u,6.384193989394937e-05,6.384193989394937e-05,6.229215709940839e-05
P1,sd,0.125,-0.125,domain_y,0.125,256,1.25e-05,20.0,2.0,0.01,v,0.00011869997052121883,0.0001187099411101844,0.00011845877544031103
P1,sd,0.125,0.0,main,0.125,256,1.25e-05,20.0,1.5,0.005,u,2.6852187657411264e-05,2.685381413081167e-05,2.6754895775082943e-05
P1,sd,0.125,0.0,main,0.125,256,1.25e-05,20.0,1.5,0.005,v,1.336510313815209e-05,1.336510313815209e-05,1.3337869702534366e-05
P1,sd,0.125,0.0,main,0.125,256,1.25e-05,20.0,1.5,0.01,u,5.5433106853630676e-05,5.5433106853630676e-05,5.500245973921736e-05
P1,sd,0.125,0.0,main,0.125,256,1.25e-05,20.0,1.5,0.01,v,2.7690682633974006e-05,2.7690682633974006e-05,2.7690682633974006e-05
P1,sd,0.125,0.0,space_y,0.0625,256,1.25e-05,20.0,1.5,0.005,u,2.080010879468297e-05,2.080010879468297e-05,2.080010879468297e-05
P1,sd,0.125,0.0,space_y,0.0625,256,1.25e-05,20.0,1.5,0.005,v,6.002805909455233e-06,6.007663116314177e-06,6.0028059095107444e-06
P1,sd,0.125,0.0,space_y,0.0625,256,1.25e-05,20.0,1.5,0.01,u,4.3860893069513907e-05,4.3860893069513907e-05,4.2485861701191396e-05
P1,sd,0.125,0.0,space_y,0.0625,256,1.25e-05,20.0,1.5,0.01,v,1.1352725574009792e-05,1.135274596042457e-05,1.1352725573954281e-05
P1,sd,0.125,0.0,space_x,0.125,512,1.25e-05,20.0,1.5,0.005,u,1.0346545324502188e-05,1.034841224289984e-05,1.0346545324502188e-05
P1,sd,0.125,0.0,space_x,0.125,512,1.25e-05,20.0,1.5,0.005,v,1.1147675852418715e-05,1.1147675852418715e-05,1.1143270131186434e-05
P1,sd,0.125,0.0,space_x,0.125,512,1.25e-05,20.0,1.5,0.01,u,2.1482951168660946e-05,2.1482951168660946e-05,2.145876134562741e-05
P1,sd,0.125,0.0,space_x,0.125,512,1.25e-05,20.0,1.5,0.01,v,2.2438595816520746e-05,2.24407490552192e-05,2.2438595816520746e-05
P1,sd,0.125,0.0,time_half,0.125,256,6.25e-06,20.0,1.5,0.005,u,2.6856887751502967e-05,2.686078183078422e-05,2.6764108835397593e-05
P1,sd,0.125,0.0,time_half,0.125,256,6.25e-06,20.0,1.5,0.005,v,1.3360156356390096e-05,1.3360156356390096e-05,1.3333991980613025e-05
P1,sd,0.125,0.0,time_half,0.125,256,6.25e-06,20.0,1.5,0.01,u,5.5461712968885024e-05,5.5461712968885024e-05,5.502147913127864e-05
P1,sd,0.125,0.0,time_half,0.125,256,6.25e-06,20.0,1.5,0.01,v,2.769430186877475e-05,2.769430186877475e-05,2.7694301868830262e-05
P1,sd,0.125,0.0,domain_x,0.125,512,1.25e-05,40.0,1.5,0.005,u,2.6852187657411264e-05,2.6853814131033715e-05,2.6754895775082943e-05
P1,sd,0.125,0.0,domain_x,0.125,512,1.25e-05,40.0,1.5,0.005,v,1.336510313815209e-05,1.336510313815209e-05,1.3337869702534366e-05
P1,sd,0.125,0.0,domain_x,0.125,512,1.25e-05,40.0,1.5,0.01,u,5.5433106853630676e-05,5.5433106853630676e-05,5.500245973921736e-05
P1,sd,0.125,0.0,domain_x,0.125,512,1.25e-05,40.0,1.5,0.01,v,2.7690682633974006e-05,2.7690682633974006e-05,2.7690682633974006e-05
P1,sd,0.125,0.0,domain_y,0.125,256,1.25e-05,20.0,2.0,0.005,u,3.096403881652776e-05,3.1021153808596935e-05,3.0503497740141938e-05
P1,sd,0.125,0.0,domain_y,0.125,256,1.25e-05,20.0,2.0,0.005,v,1.3206867830961588e-05,1.3217135924392664e-05,1.3206867830961588e-05
P1,sd,0.125,0.0,domain_y,0.125,256,1.25e-05,20.0,2.0,0.01,u,6.381832815782751e-05,6.381832815782751e-05,6.381832815804955e-05
P1,sd,0.125,0.0,domain_y,0.125,256,1.25e-05,20.0,2.0,0.01,v,2.7549803762738634e-05,2.7552705101852037e-05,2.7496013611572057e-05
P1,sd,0.125,0.125,main,0.125,256,1.25e-05,20.0,1.5,0.005,u,2.7176611139267948e-05,2.7176673676798657e-05,2.7176611139267948e-05
P1,sd,0.125,0.125,main,0.125,256,1.25e-05,20.0,1.5,0.005,v,3.71377028429154e-05,3.7141550625896524e-05,3.7110343738211427e-05
P1,sd,0.125,0.125,main,0.125,256,1.25e-05,20.0,1.5,0.01,u,5.845542075899601e-05,5.851446116689196e-05,5.757787993676544e-05
P1,sd,0.125,0.125,main,0.125,256,1.25e-05,20.0,1.5,0.01,v,7.532580103497555e-05,7.536260196966404e-05,7.503687983889673e-05
P1,sd,0.125,0.125,space_y,0.0625,256,1.25e-05,20.0,1.5,0.005,u,2.0909941677027533e-05,2.0909941677027533e-05,2.0909941677027533e-05
P1,sd,0.125,0.125,space_y,0.0625,256,1.25e-05,20.0,1.5,0.005,v,1.2034667291382917e-05,1.2043518335502768e-05,1.2034667291438428e-05
P1,sd,0.125,0.125,space_y,0.0625,256,1.25e-05,20.0,1.5,0.01,u,4.4723650055589204e-05,4.473073405653061e-05,4.33778645492211e-05
P1,sd,0.125,0.125,space_y,0.0625,256,1.25e-05,20.0,1.5,0.01,v,2.457599447613923e-05,2.457599447613923e-05,2.4377792095853223e-05
P1,sd,0.125,0.125,time_half,0.125,256,6.25e-06,20.0,1.5,0.005,u,2.718537847390401e-05,2.7187913375747996e-05,2.7185378473681965e-05
P1,sd,0.125,0.125,time_half,0.125,256,6.25e-06,20.0,1.5,0.005,v,3.7129881036213064e-05,3.7134486192358374e-05,3.710402910350741e-05
P1,sd,0.125,0.125,time_half,0.125,256,6.25e-06,20.0,1.5,0.01,u,5.8501336140270865e-05,5.8555641740953845e-05,5.7632619355763026e-05
P1,sd,0.125,0.125,time_half,0.125,256,6.25e-06,20.0,1.5,0.01,v,7.531017208689539e-05,7.534819856402919e-05,7.502673956988337e-05
P1,sd,0.125,0.125,space_x,0.125,512,1.25e-05,20.0,1.5,0.005,u,1.0075202222958879e-05,1.0075202222958879e-05,1.0063899620105232e-05
P1,sd,0.125,0.125,space_x,0.125,512,1.25e-05,20.0,1.5,0.005,v,3.702239095093596e-05,3.7022390950880446e-05,3.699423677056002e-05
P1,sd,0.125,0.125,space_x,0.125,512,1.25e-05,20.0,1.5,0.01,u,2.2413963610468102e-05,2.2413963610468102e-05,2.238104863794277e-05
P1,sd,0.125,0.125,space_x,0.125,512,1.25e-05,20.0,1.5,0.01,v,7.448250062513928e-05,7.448262026310548e-05,7.448250062513928e-05
P1,sd,0.125,0.125,domain_x,0.125,512,1.25e-05,40.0,1.5,0.005,u,2.7176611139267948e-05,2.7176673676576613e-05,2.7176611139267948e-05
P1,sd,0.125,0.125,domain_x,0.125,512,1.25e-05,40.0,1.5,0.005,v,3.713770284297091e-05,3.7141550625896524e-05,3.7110343738211427e-05
P1,sd,0.125,0.125,domain_x,0.125,512,1.25e-05,40.0,1.5,0.01,u,5.845542075899601e-05,5.851446116689196e-05,5.757787993676544e-05
P1,sd,0.125,0.125,domain_x,0.125,512,1.25e-05,40.0,1.5,0.01,v,7.532580103497555e-05,7.536260196960853e-05,7.503687983889673e-05
P1,sd,0.125,0.125,domain_y,0.125,256,1.25e-05,20.0,2.0,0.005,u,3.132111382253555e-05,3.1378554820493676e-05,3.1321113822313507e-05
P1,sd,0.125,0.125,domain_y,0.125,256,1.25e-05,20.0,2.0,0.005,v,3.703047813130578e-05,3.703047813130578e-05,3.703047813130578e-05
P1,sd,0.125,0.125,domain_y,0.125,256,1.25e-05,20.0,2.0,0.01,u,6.719679980227156e-05,6.719679980227156e-05,6.53452042045366e-05
P1,sd,0.125,0.125,domain_y,0.125,256,1.25e-05,20.0,2.0,0.01,v,7.502982284318671e-05,7.502982284318671e-05,7.491579851076624e-05
P1,sd,0.04248652711,0.00844851896,main,0.125,256,1.25e-05,20.0,1.5,0.005,u,1.7797443813583058e-05,1.7822250290233654e-05,1.7797443813583058e-05
P1,sd,0.04248652711,0.00844851896,main,0.125,256,1.25e-05,20.0,1.5,0.005,v,7.077979320202488e-06,7.077979320202488e-06,7.004657887221821e-06
P1,sd,0.04248652711,0.00844851896,main,0.125,256,1.25e-05,20.0,1.5,0.01,u,3.781949550130115e-05,3.7863331619814034e-05,3.679148569801782e-05
P1,sd,0.04248652711,0.00844851896,main,0.125,256,1.25e-05,20.0,1.5,0.01,v,1.3344522875269327e-05,1.3356920674056916e-05,1.3289882231592998e-05
P1,sd,0.04248652711,0.00844851896,space_y,0.0625,256,1.25e-05,20.0,1.5,0.005,u,1.8514074397124602e-05,1.8514074397124602e-05,1.8514074397346647e-05
P1,sd,0.04248652711,0.00844851896,space_y,0.0625,256,1.25e-05,20.0,1.5,0.005,v,6.435989191144742e-06,6.438459261515206e-06,6.399562053227559e-06
P1,sd,0.04248652711,0.00844851896,space_y,0.0625,256,1.25e-05,20.0,1.5,0.01,u,3.948715915047529e-05,3.948715915047529e-05,3.783869268625395e-05
P1,sd,0.04248652711,0.00844851896,space_y,0.0625,256,1.25e-05,20.0,1.5,0.01,v,1.2216878931159414e-05,1.2221055950611959e-05,1.2132799425801366e-05
P1,sd,0.04248652711,0.00844851896,time_half,0.125,256,6.25e-06,20.0,1.5,0.005,u,1.7806473991299754e-05,1.782900464286641e-05,1.78064739915218e-05
P1,sd,0.04248652711,0.00844851896,time_half,0.125,256,6.25e-06,20.0,1.5,0.005,v,7.0522293098007616e-06,7.0522293098007616e-06,6.977779168138021e-06
P1,sd,0.04248652711,0.00844851896,time_half,0.125,256,6.25e-06,20.0,1.5,0.01,u,3.785659610056058e-05,3.7895832076140223e-05,3.680952458373632e-05
P1,sd,0.04248652711,0.00844851896,time_half,0.125,256,6.25e-06,20.0,1.5,0.01,v,1.3297570565895533e-05,1.3308810119516679e-05,1.3240663129132635e-05
P1,sd,0.04248652711,0.00844851896,space_x,0.125,512,1.25e-05,20.0,1.5,0.005,u,2.6157498285162006e-06,2.6157498285162006e-06,2.6157498287382452e-06
P1,sd,0.04248652711,0.00844851896,space_x,0.125,512,1.25e-05,20.0,1.5,0.005,v,1.4375501058427886e-06,1.4375501058427886e-06,1.4362531499667597e-06
P1,sd,0.04248652711,0.00844851896,space_x,0.125,512,1.25e-05,20.0,1.5,0.01,u,5.433267215027016e-06,5.433267215027016e-06,5.426249782058967e-06
P1,sd,0.04248652711,0.00844851896,space_x,0.125,512,1.25e-05,20.0,1.5,0.01,v,2.9715526662643654e-06,2.972609043361274e-06,2.9714213009568446e-06
P1,sd,0.04248652711,0.00844851896,domain_x,0.125,512,1.25e-05,40.0,1.5,0.005,u,1.7797443813583058e-05,1.78222502904557e-05,1.7797443813583058e-05
P1,sd,0.04248652711,0.00844851896,domain_x,0.125,512,1.25e-05,40.0,1.5,0.005,v,7.077979320091465e-06,7.0779793201469765e-06,7.004657887221821e-06
P1,sd,0.04248652711,0.00844851896,domain_x,0.125,512,1.25e-05,40.0,1.5,0.01,u,3.781949550130115e-05,3.786333162003608e-05,3.679148569801782e-05
P1,sd,0.04248652711,0.00844851896,domain_x,0.125,512,1.25e-05,40.0,1.5,0.01,v,1.3344522875213816e-05,1.3356920674056916e-05,1.3289882231592998e-05
P1,sd,0.04248652711,0.00844851896,domain_y,0.125,256,1.25e-05,20.0,2.0,0.005,u,2.0468877628410098e-05,2.0468877628410098e-05,2.0210690148347865e-05
P1,sd,0.04248652711,0.00844851896,domain_y,0.125,256,1.25e-05,20.0,2.0,0.005,v,5.855379461128241e-06,5.85760106969202e-06,5.824419957556337e-06
P1,sd,0.04248652711,0.00844851896,domain_y,0.125,256,1.25e-05,20.0,2.0,0.01,u,4.325835993945759e-05,4.325835993945759e-05,4.298446549899637e-05
P1,sd,0.04248652711,0.00844851896,domain_y,0.125,256,1.25e-05,20.0,2.0,0.01,v,1.1910517530577813e-05,1.1910517530577813e-05,1.1747962244401666e-05
P2,fd,0.0,0.0,main,0.125,256,1.25e-05,20.0,1.5,0.005,u,0.0007393354627107662,0.0007393354627107662,0.0007393354627112103
P2,fd,0.0,0.0,main,0.125,256,1.25e-05,20.0,1.5,0.005,v,0.0006260434618512445,0.0006268346331088637,0.0006225896436389267
P2,fd,0.0,0.0,main,0.125,256,1.25e-05,20.0,1.5,0.01,u,0.0025217171835865138,0.0025217171835865138,0.0024886576411420336
P2,fd,0.0,0.0,main,0.125,256,1.25e-05,20.0,1.5,0.01,v,0.001751390343745829,0.0017637759985171808,0.0016631724011235693
P2,fd,0.0,0.0,space_y,0.0625,256,1.25e-05,20.0,1.5,0.005,u,0.0007009737285454953,0.0007009737285454953,0.0007009737285454953
P2,fd,0.0,0.0,space_y,0.0625,256,1.25e-05,20.0,1.5,0.005,v,0.0005870696518834873,0.0005871908408050519,0.0005870696518832652
P2,fd,0.0,0.0,space_y,0.0625,256,1.25e-05,20.0,1.5,0.01,u,0.0023860011333702857,0.002394595567560831,0.0023730963782284675
P2,fd,0.0,0.0,space_y,0.0625,256,1.25e-05,20.0,1.5,0.01,v,0.00167478413460187,0.00167478413460187,0.0016118454652147562
P2,fd,0.0,0.0,time_half,0.125,256,6.25e-06,20.0,1.5,0.005,u,0.0007403293565251268,0.0007403293565251268,0.0007403293565251268
P2,fd,0.0,0.0,time_half,0.125,256,6.25e-06,20.0,1.5,0.005,v,0.00062654870345491,0.0006273265141705231,0.0006230635050517019
P2,fd,0.0,0.0,time_half,0.125,256,6.25e-06,20.0,1.5,0.01,u,0.002525095226315166,0.002525095226315166,0.0024919645223384634
P2,fd,0.0,0.0,time_half,0.125,256,6.25e-06,20.0,1.5,0.01,v,0.0017536528698414156,0.0017659827110869664,0.001664787861938688
P2,fd,0.0,0.0,space_x,0.125,512,1.25e-05,20.0,1.5,0.005,u,0.00011344294171466984,0.00011359330850435612,0.00011344294171422575
P2,fd,0.0,0.0,space_x,0.125,512,1.25e-05,20.0,1.5,0.005,v,0.0001035435849914279,0.00010365088545327694,0.00010266768587152697
P2,fd,0.0,0.0,space_x,0.125,512,1.25e-05,20.0,1.5,0.01,u,0.00041596419699185816,0.00041666500257564465,0.00040813337351464085
P2,fd,0.0,0.0,space_x,0.125,512,1.25e-05,20.0,1.5,0.01,v,0.0003954392856255762,0.0003961662273306299,0.0003954392856257982
P2,sd,-0.125,-0.125,main,0.125,256,1.25e-05,20.0,1.5,0.005,u,0.0005944866670857252,0.0005944866670857252,0.0005944866670857252
P2,sd,-0.125,-0.125,main,0.125,256,1.25e-05,20.0,1.5,0.005,v,0.0004539734883381996,0.0004539734883381996,0.0004539734883381996
P2,sd,-0.125,-0.125,main,0.125,256,1.25e-05,20.0,1.5,0.01,u,0.0017556402837191065,0.0017579425577576302,0.0017556402837191065
P2,sd,-0.125,-0.125,main,0.125,256,1.25e-05,20.0,1.5,0.01,v,0.001340796109850828,0.001340796109850828,0.0012988080534306334
P2,sd,-0.125,0.0,main,0.125,256,1.25e-05,20.0,1.5,0.005,u,0.0005688998869413098,0.0005688998869413098,0.0005688998869413098
P2,sd,-0.125,0.0,main,0.125,256,1.25e-05,20.0,1.5,0.005,v,0.0005959312762451319,0.0005973236083844924,0.0005936912414934437
P2,sd,-0.125,0.0,main,0.125,256,1.25e-05,20.0,1.5,0.01,u,0.0018560104835785296,0.0018679860102390755,0.0018523925084652504
P2,sd,-0.125,0.0,main,0.125,256,1.25e-05,20.0,1.5,0.01,v,0.0016428979354758955,0.0016428979354758955,0.0015635450965438835
P2,sd,-0.125,-0.125,space_y,0.0625,256,1.25e-05,20.0,1.5,0.005,u,0.000617645862879268,0.000617645862879268,0.000617645862879268
P2,sd,-0.125,-0.125,space_y,0.0625,256,1.25e-05,20.0,1.5,0.005,v,0.0005438953418686054,0.0005438953418686054,0.0005438953418686054
P2,sd,-0.125,-0.125,space_y,0.0625,256,1.25e-05,20.0,1.5,0.01,u,0.002184693187148312,0.0021989640044992598,0.002184693187148312
P2,sd,-0.125,-0.125,space_y,0.0625,256,1.25e-05,20.0,1.5,0.01,v,0.0015679585698606946,0.0015679585698606946,0.0015328150034772392
P2,sd,-0.125,-0.125,space_x,0.125,512,1.25e-05,20.0,1.5,0.005,u,0.00023014334575499618,0.0002301463182212693,0.0002284372883027963
P2,sd,-0.125,-0.125,space_x,0.125,512,1.25e-05,20.0,1.5,0.005,v,0.00019082520084579002,0.00019082520084579002,0.00019022649090927324
P2,sd,-0.125,-0.125,space_x,0.125,512,1.25e-05,20.0,1.5,0.01,u,0.0005065563197903522,0.0005065563197903522,0.0005024916101770138
P2,sd,-0.125,-0.125,space_x,0.125,512,1.25e-05,20.0,1.5,0.01,v,0.000450990079250424,0.000450990079250424,0.000450990079250424
P2,sd,-0.125,-0.125,time_half,0.125,256,6.25e-06,20.0,1.5,0.005,u,0.0005945678563508139,0.0005945678563508139,0.0005945678563508139
P2,sd,-0.125,-0.125,time_half,0.125,256,6.25e-06,20.0,1.5,0.005,v,0.0004544316412238292,0.0004544316412238292,0.0004544316412238292
P2,sd,-0.125,-0.125,time_half,0.125,256,6.25e-06,20.0,1.5,0.01,u,0.0017563281748329551,0.0017586574666479393,0.0017563281748333992
P2,sd,-0.125,-0.125,time_half,0.125,256,6.25e-06,20.0,1.5,0.01,v,0.0013428101814205728,0.0013428101814205728,0.0013004378925121074
P2,sd,-0.125,0.0,space_y,0.0625,256,1.25e-05,20.0,1.5,0.005,u,0.000625223097568739,0.000625223097568739,0.000625223097568739
P2,sd,-0.125,0.0,space_y,0.0625,256,1.25e-05,20.0,1.5,0.005,v,0.0005804171239716105,0.0005804171239716105,0.0005804171239716105
P2,sd,-0.125,0.0,space_y,0.0625,256,1.25e-05,20.0,1.5,0.01,u,0.0022170375819432486,0.0022296626419313625,0.0022133837433822023
P2,sd,-0.125,0.0,space_y,0.0625,256,1.25e-05,20.0,1.5,0.01,v,0.001644476963460928,0.001644476963460928,0.0016022467938405782
P2,sd,-0.125,0.125,main,0.125,256,1.25e-05,20.0,1.5,0.005,u,0.000543313564937975,0.0005433336196922767,0.000543313564937975
P2,sd,-0.125,0.125,main,0.125,256,1.25e-05,20.0,1.5,0.005,v,0.0007491886361612465,0.0007491886361612465,0.0007334092326316544
P2,sd,-0.125,0.125,main,0.125,256,1.25e-05,20.0,1.5,0.01,u,0.0019837184074815717,0.001987830384857503,0.0019642244148969645
P2,sd,-0.125,0.125,main,0.125,256,1.25e-05,20.0,1.5,0.01,v,0.0019453870869190482,0.0019556824004618445,0.0018309713252175897
P2,sd,-0.125,0.0,space_x,0.125,512,1.25e-05,20.0,1.5,0.005,u,0.0001977894535438729,0.0001977894535438729,0.00019778945354431698
P2,sd,-0.125,0.0,space_x,0.125,512,1.25e-05,20.0,1.5,0.005,v,0.00010184962706927259,0.00010185533386253276,0.00010184962706927259
P2,sd,-0.125,0.0,space_x,0.125,512,1.25e-05,20.0,1.5,0.01,u,0.0003719981150118734,0.0003720591391345174,0.0003639752573074695
P2,sd,-0.125,0.0,space_x,0.125,512,1.25e-05,20.0,1.5,0.01,v,0.00030568606257008746,0.00030568606257008746,0.00030107013306457375
P2,sd,-0.125,0.0,time_half,0.125,256,6.25e-06,20.0,1.5,0.005,u,0.0005689460475872821,0.0005689460475872821,0.0005689460475872821
P2,sd,-0.125,0.0,time_half,0.125,256,6.25e-06,20.0,1.5,0.005,v,0.0005963975293599155,0.0005977905802092565,0.0005941402997193812
P2,sd,-0.125,0.0,time_half,0.125,256,6.25e-06,20.0,1.5,0.01,u,0.0018592954193223932,0.0018712965596154874,0.0018556575728276847
P2,sd,-0.125,0.0,time_half,0.125,256,6.25e-06,20.0,1.5,0.01,v,0.001644907995992817,0.001644907995992817,0.00156516887023872
P2,sd,-0.125,0.125,space_y,0.0625,256,1.25e-05,20.0,1.5,0.005,u,0.0006328003419961981,0.0006328003419961981,0.0006328003419961981
P2,sd,-0.125,0.125,space_y,0.0625,256,1.25e-05,20.0,1.5,0.005,v,0.0006169389128247715,0.0006171628254945105,0.0006169389128247715
P2,sd,-0.125,0.125,space_y,0.0625,256,1.25e-05,20.0,1.5,0.01,u,0.002249613325148392,0.002260361273623168,0.002242074361177071
P2,sd,-0.125,0.125,space_y,0.0625,256,1.25e-05,20.0,1.5,0.01,v,0.0017213336453478778,0.0017213336453478778,0.0016716786443384812
P2,sd,0.0,-0.125,main,0.125,256,1.25e-05,20.0,1.5,0.005,u,0.0006200268249463292,0.0006200268249463292,0.0006200268249463292
P2,sd,0.0,-0.125,main,0.125,256,1.25e-05,20.0,1.5,0.005,v,0.0005042655853293443,0.0005042655853293443,0.0005042655853293443
P2,sd,0.0,-0.125,main,0.125,256,1.25e-05,20.0,1.5,0.01,u,0.0019081837802970014,0.0019149609294739633,0.0019081837802965573
P2,sd,0.0,-0.125,main,0.125,256,1.25e-05,20.0,1.5,0.01,v,0.0013484883596339703,0.0013484883596339703,0.0013484883596338593
P2,sd,-0.125,0.125,space_x,0.125,512,1.25e-05,20.0,1.5,0.005,u,0.00017050401924567637,0.00017050401924567637,0.00016985288420601208
P2,sd,-0.125,0.125,space_x,0.125,512,1.25e-05,20.0,1.5,0.005,v,0.0003186390514846593,0.0003187277492116003,0.0003181587798430918
P2,sd,-0.125,0.125,space_x,0.125,512,1.25e-05,20.0,1.5,0.01,u,0.0003611285506059936,0.0003611285506059936,0.0003611285506059936
P2,sd,-0.125,0.125,space_x,0.125,512,1.25e-05,20.0,1.5,0.01,v,0.0007401666164381648,0.00074043083203712,0.000725055890920645
P2,sd,-0.125,0.125,time_half,0.125,256,6.25e-06,20.0,1.5,0.005,u,0.0005433247006410014,0.0005433771038618751,0.0005433247006410014
P2,sd,-0.125,0.125,time_half,0.125,256,6.25e-06,20.0,1.5,0.005,v,0.0007496578359087458,0.0007496578359087458,0.0007338491971893291
P2,sd,-0.125,0.125,time_half,0.125,256,6.25e-06,20.0,1.5,0.01,u,0.0019870784859761237,0.0019912124421588295,0.00196755704092455
P2,sd,-0.125,0.125,time_half,0.125,256,6.25e-06,20.0,1.5,0.01,v,0.0019475487912039569,0.0019578172828891294,0.0018329652620108217
P2,sd,0.0,-0.125,space_y,0.0625,256,1.25e-05,20.0,1.5,0.005,u,0.0006427778374331616,0.0006427778374331616,0.0006427778374331616
P2,sd,0.0,-0.125,space_y,0.0625,256,1.25e-05,20.0,1.5,0.005,v,0.0005364047682130391,0.0005364047682130391,0.000536404768212817
P2,sd,0.0,-0.125,space_y,0.0625,256,1.25e-05,20.0,1.5,0.01,u,0.002228135252388075,0.002242562792806435,0.002228135252388075
P2,sd,0.0,-0.125,space_y,0.0625,256,1.25e-05,20.0,1.5,0.01,v,0.001553325679222839,0.001553325679222839,0.0015206354567227631
P2,sd,0.0,0.0,main,0.125,256,1.25e-05,20.0,1.5,0.005,u,0.0005944376764492887,0.0005958188007730847,0.0005944376764492887
P2,sd,0.0,0.0,main,0.125,256,1.25e-05,20.0,1.5,0.005,v,0.0005653163609007361,0.000566363577968465,0.0005653163609007361
P2,sd,0.0,0.0,main,0.125,256,1.25e-05,20.0,1.5,0.01,u,0.002022191446720445,0.0020357619091115886,0.002020924273346214
P2,sd,0.0,0.0,main,0.125,256,1.25e-05,20.0,1.5,0.01,v,0.0015856688032924726,0.0015856688032924726,0.0015181178804708484
P2,sd,0.0,-0.125,time_half,0.125,256,6.25e-06,20.0,1.5,0.005,u,0.0006201137040076077,0.0006201137040076077,0.0006201137040076077
P2,sd,0.0,-0.125,time_half,0.125,256,6.25e-06,20.0,1.5,0.005,v,0.0005044873793595972,0.0005044873793595972,0.0005044873793595972
P2,sd,0.0,-0.125,time_half,0.125,256,6.25e-06,20.0,1.5,0.01,u,0.00191131852011317,0.001918122048637283,0.00191131852011317
P2,sd,0.0,-0.125,time_half,0.125,256,6.25e-06,20.0,1.5,0.01,v,0.0013497492407129608,0.0013497492407129608,0.0013497492407129608
P2,sd,0.0,-0.125,space_x,0.125,512,1.25e-05,20.0,1.5,0.005,u,0.00015768731259147017,0.00015768731259147017,0.00015768731259147017
P2,sd,0.0,-0.125,space_x,0.125,512,1.25e-05,20.0,1.5,0.005,v,0.00024871387685454494,0.00024871387685454494,0.00024829510837309776
P2,sd,0.0,-0.125,space_x,0.125,512,1.25e-05,20.0,1.5,0.01,u,0.0005329215768243856,0.0005342157266619019,0.0005319028789996239
P2,sd,0.0,-0.125,space_x,0.125,512,1.25e-05,20.0,1.5,0.01,v,0.00056637471378429,0.0005671698766551714,0.0005663618950983995
P2,sd,0.0,0.0,space_y,0.0625,256,1.25e-05,20.0,1.5,0.005,u,0.000650354768704009,0.000650354768704009,0.000650354768704009
P2,sd,0.0,0.0,space_y,0.0625,256,1.25e-05,20.0,1.5,0.005,v,0.000572925943772562,0.000572925943772562,0.00057292594377234
P2,sd,0.0,0.0,space_y,0.0625,256,1.25e-05,20.0,1.5,0.01,u,0.002260148616420654,0.002273259182365983,0.0022568235984001817
P2,sd,0.0,0.0,space_y,0.0625,256,1.25e-05,20.0,1.5,0.01,v,0.0016298416038098562,0.0016298416038098562,0.0015900646180668776
P2,sd,0.0,0.125,main,0.125,256,1.25e-05,20.0,1.5,0.005,u,0.0005688586823757724,0.0005718829530505509,0.0005688586823757724
P2,sd,0.0,0.125,main,0.125,256,1.25e-05,20.0,1.5,0.005,v,0.0007157151350531965,0.0007157151350531965,0.0007050240456067947
P2,sd,0.0,0.125,main,0.125,256,1.25e-05,20.0,1.5,0.01,u,0.00215090083887981,0.002156563021946223,0.0021336659256432355
P2,sd,0.0,0.125,main,0.125,256,1.25e-05,20.0,1.5,0.01,v,0.0018877321416681525,0.0018927394020702426,0.001782812504911524
P2,sd,0.0,0.0,time_half,0.125,256,6.25e-06,20.0,1.5,0.005,u,0.0005944895188592092,0.0005959010170477619,0.0005944895188592092
P2,sd,0.0,0.0,time_half,0.125,256,6.25e-06,20.0,1.5,0.005,v,0.0005657724437384548,0.0005668370792064614,0.0005657724437384548
P2,sd,0.0,0.0,time_half,0.125,256,6.25e-06,20.0,1.5,0.01,u,0.0020253820608147066,0.002038994634864899,0.0020241266991622986
P2,sd,0.0,0.0,time_half,0.125,256,6.25e-06,20.0,1.5,0.01,v,0.0015876935937981784,0.0015876935937981784,0.0015197586608386437
P2,sd,0.0,0.0,space_x,0.125,512,1.25e-05,20.0,1.5,0.005,u,0.00011700402668113341,0.00011700869087682975,0.0001170040266815775
P2,sd,0.0,0.0,space_x,0.125,512,1.25e-05,20.0,1.5,0.005,v,5.721647369605343e-05,5.72283252073813e-05,5.6175829753701834e-05
P2,sd,0.0,0.0,space_x,0.125,512,1.25e-05,20.0,1.5,0.01,u,0.00035040925514984167,0.00035040925514984167,0.0003447408562253784
P2,sd,0.0,0.0,space_x,0.125,512,1.25e-05,20.0,1.5,0.01,v,0.0001878790115250606,0.00018853149552322535,0.00018371180030407608
P2,sd,0.0,0.125,space_y,0.0625,256,1.25e-05,20.0,1.5,0.005,u,0.0006579317097146209,0.0006579317097146209,0.0006579317097146209
P2,sd,0.0,0.125,space_y,0.0625,256,1.25e-05,20.0,1.5,0.005,v,0.0006094471260851275,0.0006094471260851275,0.0006094471260851275
P2,sd,0.0,0.125,space_y,0.0625,256,1.25e-05,20.0,1.5,0.01,u,0.0022928129247685725,0.0023039555662811573,0.0022855120060616407
P2,sd,0.0,0.125,space_y,0.0625,256,1.25e-05,20.0,1.5,0.01,v,0.0017063576191713725,0.0017063576191713725,0.0016594938395475545
P2,sd,0.125,-0.125,main,0.125,256,1.25e-05,20.0,1.5,0.005,u,0.000645560671078016,0.0006483035394713177,0.000645560671078016
P2,sd,0.125,-0.125,main,0.125,256,1.25e-05,20.0,1.5,0.005,v,0.0005617647926499103,0.0005617647926499103,0.0005617647926499103
P2,sd,0.125,-0.125,main,0.125,256,1.25e-05,20.0,1.5,0.01,u,0.002088102097934197,0.0020938615936252347,0.002088102097934197
P2,sd,0.125,-0.125,main,0.125,256,1.25e-05,20.0,1.5,0.01,v,0.001468460996821741,0.001468460996821741,0.001468460996821741
P2,sd,0.0,0.125,time_half,0.125,256,6.25e-06,20.0,1.5,0.005,u,0.0005698432839236212,0.000571931824555616,0.0005698432839236212
P2,sd,0.0,0.125,time_half,0.125,256,6.25e-06,20.0,1.5,0.005,v,0.000716190338269751,0.000716190338269751,0.0007054710199809744
P2,sd,0.0,0.125,time_half,0.125,256,6.25e-06,20.0,1.5,0.01,u,0.002154166653882683,0.002159867352103717,0.0021369360399012827
P2,sd,0.0,0.125,time_half,0.125,256,6.25e-06,20.0,1.5,0.01,v,0.0018897528913144335,0.001894887803009171,0.0017844471864896239
P2,sd,0.0,0.125,space_x,0.125,512,1.25e-05,20.0,1.5,0.005,u,0.00010469595732098824,0.00010469595732098824,0.0001046959573207662
P2,sd,0.0,0.125,space_x,0.125,512,1.25e-05,20.0,1.5,0.005,v,0.00026441080417383134,0.00026441080417383134,0.0002637382179921932
P2,sd,0.0,0.125,space_x,0.125,512,1.25e-05,20.0,1.5,0.01,u,0.0003494782074380254,0.0003494782074380254,0.0003390776282101715
P2,sd,0.0,0.125,space_x,0.125,512,1.25e-05,20.0,1.5,0.01,v,0.0006077713399206264,0.0006088346597092897,0.0005976363941668783
P2,sd,0.125,-0.125,space_y,0.0625,256,1.25e-05,20.0,1.5,0.005,u,0.000667910448152842,0.000667910448152842,0.000667910448152842
P2,sd,0.125,-0.125,space_y,0.0625,256,1.25e-05,20.0,1.5,0.005,v,0.0005289145347435742,0.0005289145347435742,0.0005289145347437962
P2,sd,0.125,-0.125,space_y,0.0625,256,1.25e-05,20.0,1.5,0.01,u,0.0022725084384118688,0.0022861930662352314,0.0022725084384118688
P2,sd,0.125,-0.125,space_y,0.0625,256,1.25e-05,20.0,1.5,0.01,v,0.0015386944096866806,0.0015386944096866806,0.0015084575599395578
P2,sd,0.125,0.0,main,0.125,256,1.25e-05,20.0,1.5,0.005,u,0.0006376978517472764,0.0006403315508332064,0.0006376978517472764
P2,sd,0.125,0.0,main,0.125,256,1.25e-05,20.0,1.5,0.005,v,0.0005369470369982476,0.0005369470369982476,0.0005369470369984697
P2,sd,0.125,0.0,main,0.125,256,1.25e-05,20.0,1.5,0.01,u,0.002201115483214444,0.002214983669267312,0.002201115483214444
P2,sd,0.125,0.0,main,0.125,256,1.25e-05,20.0,1.5,0.01,v,0.0015284657401783974,0.0015284657401783974,0.0014727175090785138
P2,sd,0.125,-0.125,time_half,0.125,256,6.25e-06,20.0,1.5,0.005,u,0.0006456532331946541,0.0006484245021423085,0.0006456532331946541
P2,sd,0.125,-0.125,time_half,0.125,256,6.25e-06,20.0,1.5,0.005,v,0.0005619896451942719,0.0005619896451942719,0.0005619896451943829
P2,sd,0.125,-0.125,time_half,0.125,256,6.25e-06,20.0,1.5,0.01,u,0.0020911599335660114,0.002096929962834615,0.0020911599335660114
P2,sd,0.125,-0.125,time_half,0.125,256,6.25e-06,20.0,1.5,0.01,v,0.0014697286667731957,0.0014697286667731957,0.0014697286667733067
P2,sd,0.125,-0.125,space_x,0.125,512,1.25e-05,20.0,1.5,0.005,u,0.00024704836240241335,0.00024704836240241335,0.00024585028892598615
P2,sd,0.125,-0.125,space_x,0.125,512,1.25e-05,20.0,1.5,0.005,v,0.00030660189531639404,0.0003066155189497266,0.00030636335079514687
P2,sd,0.125,-0.125,space_x,0.125,512,1.25e-05,20.0,1.5,0.01,u,0.0006998485403415522,0.0007013231222652294,0.000686038577755177
P2,sd,0.125,-0.125,space_x,0.125,512,1.25e-05,20.0,1.5,0.01,v,0.0006834498039121062,0.0006834498039121062,0.0006817241361618542
P2,sd,0.125,0.0,space_y,0.0625,256,1.25e-05,20.0,1.5,0.005,u,0.0006754870760006249,0.0006754870760006249,0.0006754870760001808
P2,sd,0.125,0.0,space_y,0.0625,256,1.25e-05,20.0,1.5,0.005,v,0.0005654351037518435,0.0005654351037518435,0.0005654351037518435
P2,sd,0.125,0.0,space_y,0.0625,256,1.25e-05,20.0,1.5,0.01,u,0.0023037435293722375,0.002316932762572055,0.0023012341337329545
P2,sd,0.125,0.0,space_y,0.0625,256,1.25e-05,20.0,1.5,0.01,v,0.001615207865157009,0.001615207865157009,0.0015778840921620851
P2,sd,0.125,0.125,main,0.125,256,1.25e-05,20.0,1.5,0.005,u,0.0006675175557688817,0.000667881965489947,0.0006675175557688817
P2,sd,0.125,0.125,main,0.125,256,1.25e-05,20.0,1.5,0.005,v,0.0006825510940793311,0.0006843549235713287,0.0006766444146533157
P2,sd,0.125,0.125,main,0.125,256,1.25e-05,20.0,1.5,0.01,u,0.0023221429269200122,0.0023361064485900584,0.0023141306623282176
P2,sd,0.125,0.125,main,0.125,256,1.25e-05,20.0,1.5,0.01,v,0.0018304890209357438,0.0018304890209357438,0.0017373676400882498
P2,sd,0.125,0.0,time_half,0.125,256,6.25e-06,20.0,1.5,0.005,u,0.0006386481300411084,0.0006412211559787551,0.0006386481300411084
P2,sd,0.125,0.0,time_half,0.125,256,6.25e-06,20.0,1.5,0.005,v,0.0005374101542117149,0.0005374101542117149,0.0005374101542114929
P2,sd,0.125,0.0,time_half,0.125,256,6.25e-06,20.0,1.5,0.01,u,0.0022042406464963804,0.0022181232576286014,0.0022042406464959363
P2,sd,0.125,0.0,time_half,0.125,256,6.25e-06,20.0,1.5,0.01,v,0.0015305052913088257,0.0015305052913088257,0.0014743753257655534
P2,sd,0.125,0.0,space_x,0.125,512,1.25e-05,20.0,1.5,0.005,u,0.0002095179732508612,0.0002095179732508612,0.00020585279947127333
P2,sd,0.125,0.0,space_x,0.125,512,1.25e-05,20.0,1.5,0.005,v,9.063431664257937e-05,9.063431664257937e-05,9.037919758103641e-05
P2,sd,0.125,0.0,space_x,0.125,512,1.25e-05,20.0,1.5,0.01,u,0.0005143403114020728,0.0005146391352024438,0.0004972040009221246
P2,sd,0.125,0.0,space_x,0.125,512,1.25e-05,20.0,1.5,0.01,v,0.000259664746570909,0.0002597228022618303,0.00025436673048129244
P2,sd,0.125,0.125,space_y,0.0625,256,1.25e-05,20.0,1.5,0.005,u,0.0006830637135890605,0.0006830637135890605,0.0006830637135886164
P2,sd,0.125,0.125,space_y,0.0625,256,1.25e-05,20.0,1.5,0.005,v,0.000601955679506494,0.000601955679506494,0.000601955679506494
P2,sd,0.125,0.125,space_y,0.0625,256,1.25e-05,20.0,1.5,0.01,u,0.0023364055619334856,0.0023476724704640795,0.0023299599099431134
P2,sd,0.125,0.125,space_y,0.0625,256,1.25e-05,20.0,1.5,0.01,v,0.0016917214114333667,0.0016917214114333667,0.001647310684531389
P2,sd,0.04248652711,0.00844851896,main,0.125,256,1.25e-05,20.0,1.5,0.005,u,0.000601386774093271,0.0006039041671241918,0.000601386774093271
P2,sd,0.04248652711,0.00844851896,main,0.125,256,1.25e-05,20.0,1.5,0.005,v,0.0005651155650407969,0.0005659091507341785,0.0005651155650410189
P2,sd,0.04248652711,0.00844851896,main,0.125,256,1.25e-05,20.0,1.5,0.01,u,0.0020891000930678416,0.0021023294234105983,0.0020883967782157065
P2,sd,0.04248652711,0.00844851896,main,0.125,256,1.25e-05,20.0,1.5,0.01,v,0.0015866379359912308,0.0015866379359912308,0.001520572769141415
P2,sd,0.125,0.125,time_half,0.125,256,6.25e-06,20.0,1.5,0.005,u,0.0006685003626318853,0.0006688010640876207,0.0006685003626318853
P2,sd,0.125,0.125,time_half,0.125,256,6.25e-06,20.0,1.5,0.005,v,0.0006830208913466418,0.0006848263160261769,0.0006770984086046372
P2,sd,0.125,0.125,time_half,0.125,256,6.25e-06,20.0,1.5,0.01,u,0.0023253976769113116,0.0023393172560659536,0.0023173231581643527
P2,sd,0.125,0.125,time_half,0.125,256,6.25e-06,20.0,1.5,0.01,v,0.0018325244977464017,0.0018325244977464017,0.0017390193197428516
P2,sd,0.125,0.125,space_x,0.125,512,1.25e-05,20.0,1.5,0.005,u,0.00017410642113402375,0.00017410642113402375,0.00017371303321045417
P2,sd,0.125,0.125,space_x,0.125,512,1.25e-05,20.0,1.5,0.005,v,0.00021018234667069535,0.00021018234667069535,0.00020976890663271242
P2,sd,0.125,0.125,space_x,0.125,512,1.25e-05,20.0,1.5,0.01,u,0.0003680878880099048,0.0003687680137065552,0.0003678196971586001
P2,sd,0.125,0.125,space_x,0.125,512,1.25e-05,20.0,1.5,0.01,v,0.0004926822698292366,0.0004926822698292366,0.0004926822698292366
P3,fd,0.0,0.0,main,0.125,256,1.25e-05,20.0,1.5,0.005,u,3.0171330898332016e-05,3.0171330898332016e-05,2.9929370645831455e-05
P3,fd,0.0,0.0,main,0.125,256,1.25e-05,20.0,1.5,0.005,v,1.7573766066480978e-05,1.7573766066480978e-05,1.7441041775589916e-05
P3,fd,0.0,0.0,main,0.125,256,1.25e-05,20.0,1.5,0.01,u,6.718856892118374e-05,6.718856892118374e-05,6.655934595678481e-05
P3,fd,0.0,0.0,main,0.125,256,1.25e-05,20.0,1.5,0.01,v,3.831117511687854e-05,3.831117511687854e-05,3.791457568491641e-05
P2,sd,0.04248652711,0.00844851896,space_y,0.0625,256,1.25e-05,20.0,1.5,0.005,u,0.0006594090771421257,0.0006594090771421257,0.0006594090771421257
P2,sd,0.04248652711,0.00844851896,space_y,0.0625,256,1.25e-05,20.0,1.5,0.005,v,0.0005728482124518486,0.0005728482124518486,0.0005728482124518486
P2,sd,0.04248652711,0.00844851896,space_y,0.0625,256,1.25e-05,20.0,1.5,0.01,u,0.0022771734944626587,0.0022901526727832078,0.0022735280800119106
P2,sd,0.04248652711,0.00844851896,space_y,0.0625,256,1.25e-05,20.0,1.5,0.01,v,0.0016300390445562751,0.0016300390445562751,0.0015906168974852974
P2,sd,0.04248652711,0.00844851896,space_x,0.125,512,1.25e-05,20.0,1.5,0.005,u,0.00014051562870021073,0.00014051622389299467,0.00014051562869976664
P2,sd,0.04248652711,0.00844851896,space_x,0.125,512,1.25e-05,20.0,1.5,0.005,v,5.108169149159458e-05,5.1136410007979194e-05,5.021929011750359e-05
P2,sd,0.04248652711,0.00844851896,space_x,0.125,512,1.25e-05,20.0,1.5,0.01,u,0.0003928665831818279,0.0003929692481379199,0.00038392388127261867
P2,sd,0.04248652711,0.00844851896,space_x,0.125,512,1.25e-05,20.0,1.5,0.01,v,0.00019182385256888423,0.0001926978422499559,0.000186111733284422
P2,sd,0.04248652711,0.00844851896,time_half,0.125,256,6.25e-06,20.0,1.5,0.005,u,0.0006014381780428124,0.0006039859620021737,0.0006014381780423683
P2,sd,0.04248652711,0.00844851896,time_half,0.125,256,6.25e-06,20.0,1.5,0.005,v,0.0005655734217187014,0.0005663842895893278,0.0005655734217187014
P2,sd,0.04248652711,0.00844851896,time_half,0.125,256,6.25e-06,20.0,1.5,0.01,u,0.002092292045503985,0.0021054793037151853,0.00209153005267515
P2,sd,0.04248652711,0.00844851896,time_half,0.125,256,6.25e-06,20.0,1.5,0.01,v,0.0015886674660885447,0.0015886674660885447,0.0015222189234647132
P3,fd,0.0,0.0,space_y,0.0625,256,1.25e-05,20.0,1.5,0.005,u,2.455492548802951e-05,2.455492548802951e-05,2.430105528650195e-05
P3,fd,0.0,0.0,space_y,0.0625,256,1.25e-05,20.0,1.5,0.005,v,1.3322208667121416e-05,1.3322208667121416e-05,1.3103698366045968e-05
P3,fd,0.0,0.0,space_y,0.0625,256,1.25e-05,20.0,1.5,0.01,u,5.458655403933754e-05,5.458655403933754e-05,5.422898065332582e-05
P3,fd,0.0,0.0,space_y,0.0625,256,1.25e-05,20.0,1.5,0.01,v,2.95403421330942e-05,2.9542211817390474e-05,2.8842769516312927e-05
P3,fd,0.0,0.0,time_half,0.125,256,6.25e-06,20.0,1.5,0.005,u,3.019889355448946e-05,3.019889355448946e-05,2.9965213381499822e-05
P3,fd,0.0,0.0,time_half,0.125,256,6.25e-06,20.0,1.5,0.005,v,1.7617377160328296e-05,1.7617377160328296e-05,1.7483854428568257e-05
P3,fd,0.0,0.0,time_half,0.125,256,6.25e-06,20.0,1.5,0.01,u,6.728066792582865e-05,6.728066792582865e-05,6.663538938744828e-05
P3,fd,0.0,0.0,time_half,0.125,256,6.25e-06,20.0,1.5,0.01,v,3.840826568191069e-05,3.840826568191069e-05,3.80108109964139e-05
P3,fd,0.0,0.0,space_x,0.125,512,1.25e-05,20.0,1.5,0.005,u,9.395640220066781e-06,9.397993842474861e-06,9.370786014040178e-06
P3,fd,0.0,0.0,space_x,0.125,512,1.25e-05,20.0,1.5,0.005,v,6.642115815358451e-06,6.642115815358451e-06,6.642115815247429e-06
P3,fd,0.0,0.0,space_x,0.125,512,1.25e-05,20.0,1.5,0.01,u,2.1015631468834783e-05,2.1015631468834783e-05,2.0994615513858506e-05
P3,fd,0.0,0.0,space_x,0.125,512,1.25e-05,20.0,1.5,0.01,v,1.392087840013101e-05,1.3922585079373384e-05,1.3906939104191274e-05
P3,sd,-0.125,-0.125,main,0.125,256,1.25e-05,20.0,1.5,0.005,u,3.621409997922598e-05,3.622736765751533e-05,3.584487261809599e-05
P3,sd,-0.125,-0.125,main,0.125,256,1.25e-05,20.0,1.5,0.005,v,4.757353099438255e-05,4.759955110122949e-05,4.741720690715212e-05
P3,sd,-0.125,-0.125,main,0.125,256,1.25e-05,20.0,1.5,0.01,u,7.589962116716364e-05,7.589962116716364e-05,7.565364531259e-05
P3,sd,-0.125,-0.125,main,0.125,256,1.25e-05,20.0,1.5,0.01,v,9.603319072148953e-05,9.610687859984424e-05,9.547845091806284e-05
P3,sd,-0.125,-0.125,space_y,0.0625,256,1.25e-05,20.0,1.5,0.005,u,1.869277611277198e-05,1.869277611277198e-05,1.8514478378861554e-05
P3,sd,-0.125,-0.125,space_y,0.0625,256,1.25e-05,20.0,1.5,0.005,v,1.5747628205553532e-05,1.5750249213297707e-05,1.5747628205553532e-05
P3,sd,-0.125,-0.125,space_y,0.0625,256,1.25e-05,20.0,1.5,0.01,u,4.2608578656233576e-05,4.261024117568901e-05,4.260857865601153e-05
P3,sd,-0.125,-0.125,space_y,0.0625,256,1.25e-05,20.0,1.5,0.01,v,3.3064658271686476e-05,3.309531221429296e-05,3.302224794288211e-05
P3,sd,-0.125,0.0,main,0.125,256,1.25e-05,20.0,1.5,0.005,u,3.190076416381693e-05,3.190076416381693e-05,3.146439908818799e-05
P3,sd,-0.125,0.0,main,0.125,256,1.25e-05,20.0,1.5,0.005,v,2.8371167544949394e-05,2.8371167544949394e-05,2.8371167544949394e-05
P3,sd,-0.125,0.0,main,0.125,256,1.25e-05,20.0,1.5,0.01,u,5.8458870184407985e-05,5.8458870184407985e-05,5.823289770789941e-05
P3,sd,-0.125,0.0,main,0.125,256,1.25e-05,20.0,1.5,0.01,v,5.4500783717492673e-05,5.456061413766644e-05,5.4454514133994714e-05
P3,sd,-0.125,-0.125,time_half,0.125,256,6.25e-06,20.0,1.5,0.005,u,3.614310816435484e-05,3.6156549299670715e-05,3.577553635203401e-05
P3,sd,-0.125,-0.125,time_half,0.125,256,6.25e-06,20.0,1.5,0.005,v,4.757540829469775e-05,4.7600268660130673e-05,4.741987792100666e-05
P3,sd,-0.125,-0.125,time_half,0.125,256,6.25e-06,20.0,1.5,0.01,u,7.576171311174384e-05,7.576171311174384e-05,7.551173748199247e-05
P3,sd,-0.125,-0.125,time_half,0.125,256,6.25e-06,20.0,1.5,0.01,v,9.60364667134117e-05,9.610774745283379e-05,9.548355869748448e-05
P3,sd,-0.125,-0.125,space_x,0.125,512,1.25e-05,20.0,1.5,0.005,u,4.8788783369779765e-05,4.879687431147417e-05,4.867531695329497e-05
P3,sd,-0.125,-0.125,space_x,0.125,512,1.25e-05,20.0,1.5,0.005,v,4.362519462708381e-05,4.362519462708381e-05,4.362519462708381e-05
P3,sd,-0.125,-0.125,space_x,0.125,512,1.25e-05,20.0,1.5,0.01,u,0.0001007709580984617,0.0001007709580984617,0.0001007709580984617
P3,sd,-0.125,-0.125,space_x,0.125,512,1.25e-05,20.0,1.5,0.01,v,8.632563678201421e-05,8.632563678201421e-05,8.632563678201421e-05
P3,sd,-0.125,0.0,space_y,0.0625,256,1.25e-05,20.0,1.5,0.005,u,1.7756863375684162e-05,1.7756863375684162e-05,1.7627850519952304e-05
P3,sd,-0.125,0.0,space_y,0.0625,256,1.25e-05,20.0,1.5,0.005,v,1.4457768784836844e-05,1.448933826775356e-05,1.4349543823954924e-05
P3,sd,-0.125,0.0,space_y,0.0625,256,1.25e-05,20.0,1.5,0.01,u,3.897077403558491e-05,3.897077403558491e-05,3.8970774035806954e-05
P3,sd,-0.125,0.0,space_y,0.0625,256,1.25e-05,20.0,1.5,0.01,v,3.11070172459571e-05,3.118080595465589e-05,3.067191793770796e-05
P3,sd,-0.125,0.125,main,0.125,256,1.25e-05,20.0,1.5,0.005,u,2.758743608399783e-05,2.7599744803374904e-05,2.739442181742824e-05
P3,sd,-0.125,0.125,main,0.125,256,1.25e-05,20.0,1.5,0.005,v,8.410995862484505e-05,8.411531535112982e-05,8.405651099696598e-05
P3,sd,-0.125,0.125,main,0.125,256,1.25e-05,20.0,1.5,0.01,u,6.344316830253494e-05,6.344316830253494e-05,6.329055704257236e-05
P3,sd,-0.125,0.125,main,0.125,256,1.25e-05,20.0,1.5,0.01,v,0.00016991900888818634,0.00016991900888818634,0.00016987121964340268
P3,sd,-0.125,0.0,space_x,0.125,512,1.25e-05,20.0,1.5,0.005,u,4.6260517696516956e-05,4.6268615178313155e-05,4.626051769629491e-05
P3,sd,-0.125,0.0,space_x,0.125,512,1.25e-05,20.0,1.5,0.005,v,2.5657638980547404e-05,2.5657638980547404e-05,2.563996441706795e-05
P3,sd,-0.125,0.0,space_x,0.125,512,1.25e-05,20.0,1.5,0.01,u,9.046876675489202e-05,9.046876675489202e-05,9.046876675489202e-05
P3,sd,-0.125,0.0,space_x,0.125,512,1.25e-05,20.0,1.5,0.01,v,5.2922712908354264e-05,5.2922712908354264e-05,5.28759821383229e-05
P3,sd,-0.125,0.0,time_half,0.125,256,6.25e-06,20.0,1.5,0.005,u,3.1824574487915314e-05,3.1824574487915314e-05,3.1389701098172296e-05
P3,sd,-0.125,0.0,time_half,0.125,256,6.25e-06,20.0,1.5,0.005,v,2.840650387758714e-05,2.840650387758714e-05,2.840650387747612e-05
P3,sd,-0.125,0.0,time_half,0.125,256,6.25e-06,20.0,1.5,0.01,u,5.8310484868373536e-05,5.8310484868373536e-05,5.808068451873538e-05
P3,sd,-0.125,0.0,time_half,0.125,256,6.25e-06,20.0,1.5,0.01,v,5.457254745366846e-05,5.4634656672658544e-05,5.453072637673362e-05
P3,sd,-0.125,0.125,space_y,0.0625,256,1.25e-05,20.0,1.5,0.005,u,1.682095180099985e-05,1.682095180099985e-05,1.6741223753724555e-05
P3,sd,-0.125,0.125,space_y,0.0625,256,1.25e-05,20.0,1.5,0.005,v,2.5700293679431496e-05,2.5700293679431496e-05,2.5700293679431496e-05
P3,sd,-0.125,0.125,space_y,0.0625,256,1.25e-05,20.0,1.5,0.01,u,3.53329881679354e-05,3.53329881679354e-05,3.53329881679354e-05
P3,sd,-0.125,0.125,space_y,0.0625,256,1.25e-05,20.0,1.5,0.01,v,5.177074893647493e-05,5.180976251650815e-05,5.177074893658595e-05
P3,sd,0.0,-0.125,main,0.125,256,1.25e-05,20.0,1.5,0.005,u,2.65903664928846e-05,2.6612601660369606e-05,2.6590366492662554e-05
P3,sd,0.0,-0.125,main,0.125,256,1.25e-05,20.0,1.5,0.005,v,6.609564217852082e-05,6.613080654604975e-05,6.599836696385974e-05
P3,sd,0.0,-0.125,main,0.125,256,1.25e-05,20.0,1.5,0.01,u,6.398415153285875e-05,6.398415153285875e-05,6.36800870941201e-05
P3,sd,0.0,-0.125,main,0.125,256,1.25e-05,20.0,1.5,0.01,v,0.00013345482778082118,0.00013351317065080082,0.0001330016056292349
P3,sd,-0.125,0.125,space_x,0.125,512,1.25e-05,20.0,1.5,0.005,u,4.417512402943302e-05,4.417512402943302e-05,4.412920005791854e-05
P3,sd,-0.125,0.125,space_x,0.125,512,1.25e-05,20.0,1.5,0.005,v,8.58063276728549e-05,8.58063276728549e-05,8.576500073387283e-05
P3,sd,-0.125,0.125,space_x,0.125,512,1.25e-05,20.0,1.5,0.01,u,8.400981391920581e-05,8.400981391920581e-05,8.377311095419948e-05
P3,sd,-0.125,0.125,space_x,0.125,512,1.25e-05,20.0,1.5,0.01,v,0.00017377891292735814,0.00017377891292724712,0.00017355251254391746
P3,sd,-0.125,0.125,time_half,0.125,256,6.25e-06,20.0,1.5,0.005,u,2.7506048638326064e-05,2.7518517992763947e-05,2.7314923384036405e-05
P3,sd,-0.125,0.125,time_half,0.125,256,6.25e-06,20.0,1.5,0.005,v,8.410080630361083e-05,8.410585247087266e-05,8.404734659805957e-05
P3,sd,-0.125,0.125,time_half,0.125,256,6.25e-06,20.0,1.5,0.01,u,6.36033246791401e-05,6.36033246791401e-05,6.34498825945462e-05
P3,sd,-0.125,0.125,time_half,0.125,256,6.25e-06,20.0,1.5,0.01,v,0.00016990386032933458,0.00016990386032933458,0.00016985800591517997
P3,sd,0.0,-0.125,space_y,0.0625,256,1.25e-05,20.0,1.5,0.005,u,1.8756575866696323e-05,1.8756575866696323e-05,1.8756575866696323e-05
P3,sd,0.0,-0.125,space_y,0.0625,256,1.25e-05,20.0,1.5,0.005,v,2.034826189956096e-05,2.0362981742128028e-05,2.034826189956096e-05
P3,sd,0.0,-0.125,space_y,0.0625,256,1.25e-05,20.0,1.5,0.01,u,4.3391985949714496e-05,4.3477070173381094e-05,4.335749726336324e-05
P3,sd,0.0,-0.125,space_y,0.0625,256,1.25e-05,20.0,1.5,0.01,v,4.240240321384814e-05,4.242318487590602e-05,4.233323405500311e-05
P3,sd,0.0,0.0,main,0.125,256,1.25e-05,20.0,1.5,0.005,u,2.2441050057997458e-05,2.2441050057997458e-05,2.2441050057997458e-05
P3,sd,0.0,0.0,main,0.125,256,1.25e-05,20.0,1.5,0.005,v,1.352009672639376e-05,1.3546460340241318e-05,1.3236533296878683e-05
P3,sd,0.0,0.0,main,0.125,256,1.25e-05,20.0,1.5,0.01,u,4.775105539400748e-05,4.782611457687658e-05,4.69729555352405e-05
P3,sd,0.0,0.0,main,0.125,256,1.25e-05,20.0,1.5,0.01,v,2.5667548548158337e-05,2.5698117541161913e-05,2.4733068527793556e-05
P3,sd,0.0,-0.125,space_x,0.125,512,1.25e-05,20.0,1.5,0.005,u,2.5154776904789955e-05,2.5154776904789955e-05,2.5012867190810084e-05
P3,sd,0.0,-0.125,space_x,0.125,512,1.25e-05,20.0,1.5,0.005,v,6.203920222247472e-05,6.204470510384752e-05,6.198405683188746e-05
P3,sd,0.0,-0.125,space_x,0.125,512,1.25e-05,20.0,1.5,0.01,u,5.765830229220725e-05,5.7669302381269105e-05,5.765830229220725e-05
P3,sd,0.0,-0.125,space_x,0.125,512,1.25e-05,20.0,1.5,0.01,v,0.00012336864613904375,0.00012336864613904375,0.00012319377698022382
P3,sd,0.0,-0.125,time_half,0.125,256,6.25e-06,20.0,1.5,0.005,u,2.6531247127259405e-05,2.655196441159191e-05,2.6531247127259405e-05
P3,sd,0.0,-0.125,time_half,0.125,256,6.25e-06,20.0,1.5,0.005,v,6.609775441990262e-05,6.613173804870254e-05,6.599986917565914e-05
P3,sd,0.0,-0.125,time_half,0.125,256,6.25e-06,20.0,1.5,0.01,u,6.38724208184005e-05,6.38724208184005e-05,6.356136539720225e-05
P3,sd,0.0,-0.125,time_half,0.125,256,6.25e-06,20.0,1.5,0.01,v,0.00013345850505108725,0.00013351439608544347,0.00013300721943954041
P3,sd,0.0,0.0,space_y,0.0625,256,1.25e-05,20.0,1.5,0.005,u,1.861478791176374e-05,1.864578304555664e-05,1.8344812337645067e-05
P3,sd,0.0,0.0,space_y,0.0625,256,1.25e-05,20.0,1.5,0.005,v,1.274149849295192e-05,1.274149849295192e-05,1.274149849295192e-05
P3,sd,0.0,0.0,space_y,0.0625,256,1.25e-05,20.0,1.5,0.01,u,4.115784421832025e-05,4.115784421832025e-05,4.115784421832025e-05
P3,sd,0.0,0.0,space_y,0.0625,256,1.25e-05,20.0,1.5,0.01,v,2.6400239534485337e-05,2.6400239534485337e-05,2.5512430408825004e-05
P3,sd,0.0,0.125,main,0.125,256,1.25e-05,20.0,1.5,0.005,u,2.2839784310946243e-05,2.2839784310946243e-05,2.266430617536841e-05
P3,sd,0.0,0.125,main,0.125,256,1.25e-05,20.0,1.5,0.005,v,6.652645847893268e-05,6.654538829642398e-05,6.639900397586995e-05
P3,sd,0.0,0.125,main,0.125,256,1.25e-05,20.0,1.5,0.01,u,5.0571502800078605e-05,5.0591009573275336e-05,5.057150279996758e-05
P3,sd,0.0,0.125,main,0.125,256,1.25e-05,20.0,1.5,0.01,v,0.00013465476623231165,0.0001347146033169322,0.00013430024858507306
P3,sd,0.0,0.0,time_half,0.125,256,6.25e-06,20.0,1.5,0.005,u,2.2376661328094016e-05,2.2376661328094016e-05,2.2376661328094016e-05
P3,sd,0.0,0.0,time_half,0.125,256,6.25e-06,20.0,1.5,0.005,v,1.3481459531616835e-05,1.3508926024918821e-05,1.319583432779492e-05
P3,sd,0.0,0.0,time_half,0.125,256,6.25e-06,20.0,1.5,0.01,u,4.76289740436453e-05,4.7707767022897585e-05,4.6843740028945646e-05
P3,sd,0.0,0.0,time_half,0.125,256,6.25e-06,20.0,1.5,0.01,v,2.576607478044224e-05,2.5798006065613777e-05,2.483111290585427e-05
P3,sd,0.0,0.0,space_x,0.125,512,1.25e-05,20.0,1.5,0.005,u,2.1332988570987865e-05,2.1336789808312773e-05,2.1332988570987865e-05
P3,sd,0.0,0.0,space_x,0.125,512,1.25e-05,20.0,1.5,0.005,v,6.8589576638355965e-06,6.8611861667733365e-06,6.8405458021336685e-06
P3,sd,0.0,0.0,space_x,0.125,512,1.25e-05,20.0,1.5,0.01,u,4.2123170924002196e-05,4.213060607405339e-05,4.196327263028543e-05
P3,sd,0.0,0.0,space_x,0.125,512,1.25e-05,20.0,1.5,0.01,v,1.4610970608619489e-05,1.4610970608619489e-05,1.4536676979592933e-05
P3,sd,0.0,0.125,space_y,0.0625,256,1.25e-05,20.0,1.5,0.005,u,1.878724242398988e-05,1.878724242398988e-05,1.8291597651654e-05
P3,sd,0.0,0.125,space_y,0.0625,256,1.25e-05,20.0,1.5,0.005,v,2.2429592721140423e-05,2.2448267248398324e-05,2.2148482967776495e-05
P3,sd,0.0,0.125,space_y,0.0625,256,1.25e-05,20.0,1.5,0.01,u,4.2567834372064794e-05,4.2667127097884006e-05,4.255187611246214e-05
P3,sd,0.0,0.125,space_y,0.0625,256,1.25e-05,20.0,1.5,0.01,v,4.514270453781499e-05,4.514270453781499e-05,4.514270453781499e-05
P3,sd,0.125,-0.125,main,0.125,256,1.25e-05,20.0,1.5,0.005,u,4.251326786364196e-05,4.251326786364196e-05,4.235340826586054e-05
P3,sd,0.125,-0.125,main,0.125,256,1.25e-05,20.0,1.5,0.005,v,8.462411512177859e-05,8.466205042523267e-05,8.458230470320682e-05
P3,sd,0.125,-0.125,main,0.125,256,1.25e-05,20.0,1.5,0.01,u,8.622868331475964e-05,8.628227528562071e-05,8.552365907643633e-05
P3,sd,0.125,-0.125,main,0.125,256,1.25e-05,20.0,1.5,0.01,v,0.00017087634051182743,0.00017091920992584608,0.00017058151195981086
P3,sd,0.0,0.125,time_half,0.125,256,6.25e-06,20.0,1.5,0.005,u,2.2894700276610003e-05,2.2894700276610003e-05,2.272317076212893e-05
P3,sd,0.0,0.125,time_half,0.125,256,6.25e-06,20.0,1.5,0.005,v,6.651564113768771e-05,6.653327956240851e-05,6.638616113019413e-05
P3,sd,0.0,0.125,time_half,0.125,256,6.25e-06,20.0,1.5,0.01,u,5.0690601893332854e-05,5.071380735810482e-05,5.0690601893443876e-05
P3,sd,0.0,0.125,time_half,0.125,256,6.25e-06,20.0,1.5,0.01,v,0.00013463319152673403,0.0001346954539893641,0.0001342764622724868
P3,sd,0.0,0.125,space_x,0.125,512,1.25e-05,20.0,1.5,0.005,u,1.7739757306012294e-05,1.7739757306012294e-05,1.765310595924774e-05
P3,sd,0.0,0.125,space_x,0.125,512,1.25e-05,20.0,1.5,0.005,v,6.699432810930439e-05,6.699432810930439e-05,6.695562560188328e-05
P3,sd,0.0,0.125,space_x,0.125,512,1.25e-05,20.0,1.5,0.01,u,2.9712436466544645e-05,2.971386343020299e-05,2.9594304525648596e-05
P3,sd,0.0,0.125,space_x,0.125,512,1.25e-05,20.0,1.5,0.01,v,0.00013534590520702938,0.00013534590520702938,0.0001352847591594708
P3,sd,0.125,-0.125,space_y,0.0625,256,1.25e-05,20.0,1.5,0.005,u,2.6335350144846004e-05,2.6335350144846004e-05,2.6226075952928696e-05
P3,sd,0.125,-0.125,space_y,0.0625,256,1.25e-05,20.0,1.5,0.005,v,2.4958166035649043e-05,2.4975718660225077e-05,2.4958166035649043e-05
P3,sd,0.125,-0.125,space_y,0.0625,256,1.25e-05,20.0,1.5,0.01,u,5.500656771673107e-05,5.500656771673107e-05,5.455533025688908e-05
P3,sd,0.125,-0.125,space_y,0.0625,256,1.25e-05,20.0,1.5,0.01,v,5.174014692288509e-05,5.175106389343487e-05,5.166442267201532e-05
P3,sd,0.125,0.0,main,0.125,256,1.25e-05,20.0,1.5,0.005,u,4.1049296914064115e-05,4.1049296914064115e-05,4.03199950906874e-05
P3,sd,0.125,0.0,main,0.125,256,1.25e-05,20.0,1.5,0.005,v,2.5495801390440498e-05,2.5495801390440498e-05,2.549580139055152e-05
P3,sd,0.125,0.0,main,0.125,256,1.25e-05,20.0,1.5,0.01,u,8.15011612724792e-05,8.155440140811265e-05,8.15011612724792e-05
P3,sd,0.125,0.0,main,0.125,256,1.25e-05,20.0,1.5,0.01,v,5.263957027312749e-05,5.2670735764315246e-05,5.263957027312749e-05
P3,sd,0.125,-0.125,time_half,0.125,256,6.25e-06,20.0,1.5,0.005,u,4.249440550307959e-05,4.249440550307959e-05,4.232722364116981e-05
P3,sd,0.125,-0.125,time_half,0.125,256,6.25e-06,20.0,1.5,0.005,v,8.462500097805581e-05,8.466319573308123e-05,8.458410253797677e-05
P3,sd,0.125,-0.125,time_half,0.125,256,6.25e-06,20.0,1.5,0.01,u,8.61938158154274e-05,8.625515952243035e-05,8.547386459256678e-05
P3,sd,0.125,-0.125,time_half,0.125,256,6.25e-06,20.0,1.5,0.01,v,0.00017088041847446167,0.00017092079124436665,0.00017058483086629384
P3,sd,0.125,-0.125,space_x,0.125,512,1.25e-05,20.0,1.5,0.005,u,2.9488097732732754e-05,2.9488097732732754e-05,2.9339935985861487e-05
P3,sd,0.125,-0.125,space_x,0.125,512,1.25e-05,20.0,1.5,0.005,v,8.0510783640797e-05,8.051078364090802e-05,8.047928819998607e-05
P3,sd,0.125,-0.125,space_x,0.125,512,1.25e-05,20.0,1.5,0.01,u,6.904632942750233e-05,6.904632942750233e-05,6.88990023534064e-05
P3,sd,0.125,-0.125,space_x,0.125,512,1.25e-05,20.0,1.5,0.01,v,0.00016058053565637387,0.00016058460568235677,0.00016048138929614097
P3,sd,0.125,0.0,space_y,0.0625,256,1.25e-05,20.0,1.5,0.005,u,2.640046379753791e-05,2.640046379753791e-05,2.6172837122917514e-05
P3,sd,0.125,0.0,space_y,0.0625,256,1.25e-05,20.0,1.5,0.005,v,1.144889343318578e-05,1.144889343318578e-05,1.1264018540346754e-05
P3,sd,0.125,0.0,space_y,0.0625,256,1.25e-05,20.0,1.5,0.01,u,5.594914291640052e-05,5.605664337715588e-05,5.594914291640052e-05
P3,sd,0.125,0.0,space_y,0.0625,256,1.25e-05,20.0,1.5,0.01,v,2.2389446999060425e-05,2.2389446999060425e-05,2.2389446999060425e-05
P3,sd,0.125,0.125,main,0.125,256,1.25e-05,20.0,1.5,0.005,u,4.0044548274442704e-05,4.0044548274442704e-05,3.976844694464354e-05
P3,sd,0.125,0.125,main,0.125,256,1.25e-05,20.0,1.5,0.005,v,4.991905991014178e-05,4.991905991014178e-05,4.9393258458541034e-05
P3,sd,0.125,0.125,main,0.125,256,1.25e-05,20.0,1.5,0.01,u,8.094365176725127e-05,8.094365176725127e-05,7.955654733260431e-05
P3,sd,0.125,0.125,main,0.125,256,1.25e-05,20.0,1.5,0.01,v,0.00010008013350315537,0.00010008013350315537,0.00010008013350315537
P3,sd,0.125,0.0,space_x,0.125,512,1.25e-05,20.0,1.5,0.005,u,2.6421813866805977e-05,2.6427486503832753e-05,2.6421813866583932e-05
P3,sd,0.125,0.0,space_x,0.125,512,1.25e-05,20.0,1.5,0.005,v,2.086549644642055e-05,2.086655104716062e-05,2.086172440607381e-05
P3,sd,0.125,0.0,space_x,0.125,512,1.25e-05,20.0,1.5,0.01,u,5.5917521524451175e-05,5.5922096447336145e-05,5.5917521524451175e-05
P3,sd,0.125,0.0,space_x,0.125,512,1.25e-05,20.0,1.5,0.01,v,4.171127438534761e-05,4.171127438534761e-05,4.1696903584020895e-05
P3,sd,0.125,0.0,time_half,0.125,256,6.25e-06,20.0,1.5,0.005,u,4.1035991943827455e-05,4.1035991943827455e-05,4.0290659888420066e-05
P3,sd,0.125,0.0,time_half,0.125,256,6.25e-06,20.0,1.5,0.005,v,2.5500395220201533e-05,2.5500395220201533e-05,2.5500395220201533e-05
P3,sd,0.125,0.0,time_half,0.125,256,6.25e-06,20.0,1.5,0.01,u,8.151083828655814e-05,8.155527216402447e-05,8.151083828655814e-05
P3,sd,0.125,0.0,time_half,0.125,256,6.25e-06,20.0,1.5,0.01,v,5.264843109265005e-05,5.26774073318359e-05,5.264843109265005e-05
P3,sd,0.125,0.125,space_y,0.0625,256,1.25e-05,20.0,1.5,0.005,u,2.6484198555554173e-05,2.6516846096669155e-05,2.6119600562202194e-05
P3,sd,0.125,0.125,space_y,0.0625,256,1.25e-05,20.0,1.5,0.005,v,2.0364548034113028e-05,2.0401908425116133e-05,2.003258695615351e-05
P3,sd,0.125,0.125,space_y,0.0625,256,1.25e-05,20.0,1.5,0.01,u,5.734298257342729e-05,5.734298257342729e-05,5.734298257320525e-05
P3,sd,0.125,0.125,space_y,0.0625,256,1.25e-05,20.0,1.5,0.01,v,3.962995750317333e-05,3.9637560659167015e-05,3.944270850930742e-05
P3,sd,0.04248652711,0.00844851896,main,0.125,256,1.25e-05,20.0,1.5,0.005,u,2.1045404486885744e-05,2.1045404486885744e-05,2.0933901872188798e-05
P3,sd,0.04248652711,0.00844851896,main,0.125,256,1.25e-05,20.0,1.5,0.005,v,1.3678058596200415e-05,1.3678058596200415e-05,1.3582847817938948e-05
P3,sd,0.04248652711,0.00844851896,main,0.125,256,1.25e-05,20.0,1.5,0.01,u,4.591735315861989e-05,4.596828372571693e-05,4.518689300292422e-05
P3,sd,0.04248652711,0.00844851896,main,0.125,256,1.25e-05,20.0,1.5,0.01,v,2.4921958426293855e-05,2.4953412212869175e-05,2.485017616560281e-05
P3,sd,0.125,0.125,space_x,0.125,512,1.25e-05,20.0,1.5,0.005,u,2.3732471924331477e-05,2.3732471924331477e-05,2.3593297160173776e-05
P3,sd,0.125,0.125,space_x,0.125,512,1.25e-05,20.0,1.5,0.005,v,4.8838873486500844e-05,4.8838873486500844e-05,4.875751870103695e-05
P3,sd,0.125,0.125,space_x,0.125,512,1.25e-05,20.0,1.5,0.01,u,4.5574331523079437e-05,4.5574331523079437e-05,4.550707858452796e-05
P3,sd,0.125,0.125,space_x,0.125,512,1.25e-05,20.0,1.5,0.01,v,9.924444272912947e-05,9.924621514312282e-05,9.914875528660438e-05
P3,sd,0.125,0.125,time_half,0.125,256,6.25e-06,20.0,1.5,0.005,u,4.003815017106227e-05,4.003815017106227e-05,3.977116470754716e-05
P3,sd,0.125,0.125,time_half,0.125,256,6.25e-06,20.0,1.5,0.005,v,4.989327404525401e-05,4.989327404525401e-05,4.9376940447376505e-05
P3,sd,0.125,0.125,time_half,0.125,256,6.25e-06,20.0,1.5,0.01,u,8.098696133274075e-05,8.098696133274075e-05,7.956257826213786e-05
P3,sd,0.125,0.125,time_half,0.125,256,6.25e-06,20.0,1.5,0.01,v,0.00010005328898810006,0.00010005328898810006,0.00010005328898821109
P4,fd,0.0,0.0,main,0.125,256,1.25e-05,20.0,1.5,0.005,u,1.0610411734335301e-05,1.0610411734335301e-05,1.0192614234627584e-05
P4,fd,0.0,0.0,main,0.125,256,1.25e-05,20.0,1.5,0.005,v,1.7397130976926078e-06,1.7452377505389194e-06,1.6872867843742423e-06
P4,fd,0.0,0.0,main,0.125,256,1.25e-05,20.0,1.5,0.01,u,2.1881159314007803e-05,2.1881159314007803e-05,2.1881159314007803e-05
P4,fd,0.0,0.0,main,0.125,256,1.25e-05,20.0,1.5,0.01,v,4.3674237990565246e-06,4.3674237990565246e-06,4.278136214563855e-06
P3,sd,0.04248652711,0.00844851896,space_y,0.0625,256,1.25e-05,20.0,1.5,0.005,u,2.126547874037321e-05,2.1287330209229793e-05,2.1001899282779846e-05
P3,sd,0.04248652711,0.00844851896,space_y,0.0625,256,1.25e-05,20.0,1.5,0.005,v,1.2831969664950371e-05,1.2832434580056784e-05,1.2831969664839349e-05
P3,sd,0.04248652711,0.00844851896,space_y,0.0625,256,1.25e-05,20.0,1.5,0.01,u,4.627948161939344e-05,4.627948161939344e-05,4.627948161939344e-05
P3,sd,0.04248652711,0.00844851896,space_y,0.0625,256,1.25e-05,20.0,1.5,0.01,v,2.5983356884751174e-05,2.5983356884751174e-05,2.502902066425783e-05
P3,sd,0.04248652711,0.00844851896,time_half,0.125,256,6.25e-06,20.0,1.5,0.005,u,2.1089387721717756e-05,2.1089387721717756e-05,2.0974022224673483e-05
P3,sd,0.04248652711,0.00844851896,time_half,0.125,256,6.25e-06,20.0,1.5,0.005,v,1.3639251317920653e-05,1.3639251317920653e-05,1.3541962756713488e-05
P3,sd,0.04248652711,0.00844851896,time_half,0.125,256,6.25e-06,20.0,1.5,0.01,u,4.5810592043116216e-05,4.5857577765096025e-05,4.508812281622809e-05
P3,sd,0.04248652711,0.00844851896,time_half,0.125,256,6.25e-06,20.0,1.5,0.01,v,2.4850397925213485e-05,2.487972910369951e-05,2.4774455506637594e-05
P3,sd,0.04248652711,0.00844851896,space_x,0.125,512,1.25e-05,20.0,1.5,0.005,u,1.436853624015022e-05,1.436853624015022e-05,1.434555411150562e-05
P3,sd,0.04248652711,0.00844851896,space_x,0.125,512,1.25e-05,20.0,1.5,0.005,v,4.759766353834571e-06,4.7600763360966525e-06,4.73450642457518e-06
P3,sd,0.04248652711,0.00844851896,space_x,0.125,512,1.25e-05,20.0,1.5,0.01,u,2.872045620794239e-05,2.872813969068133e-05,2.8589456578798078e-05
P3,sd,0.04248652711,0.00844851896,space_x,0.125,512,1.25e-05,20.0,1.5,0.01,v,1.050129434931879e-05,1.050195052609837e-05,1.0466943777709403e-05
P4,fd,0.0,0.0,space_y,0.0625,256,1.25e-05,20.0,1.5,0.005,u,1.0692508719656324e-05,1.0692508719656324e-05,1.0266041950535154e-05
P4,fd,0.0,0.0,space_y,0.0625,256,1.25e-05,20.0,1.5,0.005,v,1.7172454474523313e-06,1.7219874386409373e-06,1.6529738228188151e-06
P4,fd,0.0,0.0,space_y,0.0625,256,1.25e-05,20.0,1.5,0.01,u,2.206356689526956e-05,2.206356689526956e-05,2.206356689526956e-05
P4,fd,0.0,0.0,space_y,0.0625,256,1.25e-05,20.0,1.5,0.01,v,4.332357000619291e-06,4.332357000619291e-06,4.229282167061976e-06
P4,fd,0.0,0.0,time_half,0.125,256,6.25e-06,20.0,1.5,0.005,u,1.0612777423091302e-05,1.0612777423091302e-05,1.0198473206046721e-05
P4,fd,0.0,0.0,time_half,0.125,256,6.25e-06,20.0,1.5,0.005,v,1.7530099231111151e-06,1.7588240829591317e-06,1.6999352372149001e-06
P4,fd,0.0,0.0,time_half,0.125,256,6.25e-06,20.0,1.5,0.01,u,2.189137214092529e-05,2.189137214092529e-05,2.189137214092529e-05
P4,fd,0.0,0.0,time_half,0.125,256,6.25e-06,20.0,1.5,0.01,v,4.3965245158372745e-06,4.3965245158372745e-06,4.306510381774098e-06
P4,sd,-0.125,-0.125,main,0.125,256,1.25e-05,20.0,1.5,0.005,u,9.229393601817293e-06,9.229393601817293e-06,9.229393601817293e-06
P4,sd,-0.125,-0.125,main,0.125,256,1.25e-05,20.0,1.5,0.005,v,2.7571975670409588e-05,2.7571975670409588e-05,2.7571975670381832e-05
P4,sd,-0.125,-0.125,main,0.125,256,1.25e-05,20.0,1.5,0.01,u,2.3393129304327687e-05,2.3393129304327687e-05,2.313529238062717e-05
P4,sd,-0.125,-0.125,main,0.125,256,1.25e-05,20.0,1.5,0.01,v,5.477392736707998e-05,5.480380437541954e-05,5.477392736707998e-05
P4,fd,0.0,0.0,space_x,0.125,512,1.25e-05,20.0,1.5,0.005,u,8.596727244514213e-07,8.597469776105982e-07,8.596727244514213e-07
P4,fd,0.0,0.0,space_x,0.125,512,1.25e-05,20.0,1.5,0.005,v,1.784121722026022e-07,1.784121722026022e-07,1.7841217217484662e-07
P4,fd,0.0,0.0,space_x,0.125,512,1.25e-05,20.0,1.5,0.01,u,1.7716507977327822e-06,1.7716507977327822e-06,1.768133319091092e-06
P4,fd,0.0,0.0,space_x,0.125,512,1.25e-05,20.0,1.5,0.01,v,3.8102332600153943e-07,3.811892211047496e-07,3.780043840162506e-07
P4,sd,-0.125,0.0,main,0.125,256,1.25e-05,20.0,1.5,0.005,u,7.385920835711879e-06,7.400268542179234e-06,7.382804939837229e-06
P4,sd,-0.125,0.0,main,0.125,256,1.25e-05,20.0,1.5,0.005,v,5.702926979600509e-06,5.703109527216421e-06,5.638359855730801e-06
P4,sd,-0.125,0.0,main,0.125,256,1.25e-05,20.0,1.5,0.01,u,1.5260231930991353e-05,1.5260467419286883e-05,1.491961186195212e-05
P4,sd,-0.125,0.0,main,0.125,256,1.25e-05,20.0,1.5,0.01,v,1.1951012405392314e-05,1.1951012405392314e-05,1.1910358263422793e-05
P4,sd,-0.125,-0.125,space_y,0.0625,256,1.25e-05,20.0,1.5,0.005,u,9.208218276435254e-06,9.208218276435254e-06,8.835760440195628e-06
P4,sd,-0.125,-0.125,space_y,0.0625,256,1.25e-05,20.0,1.5,0.005,v,7.942967434115822e-06,7.944286816691237e-06,7.931871214367225e-06
P4,sd,-0.125,-0.125,space_y,0.0625,256,1.25e-05,20.0,1.5,0.01,u,1.9017414640165597e-05,1.903666370250967e-05,1.9017414640165597e-05
P4,sd,-0.125,-0.125,space_y,0.0625,256,1.25e-05,20.0,1.5,0.01,v,1.543988076760372e-05,1.543988076760372e-05,1.543988076760372e-05
P4,sd,-0.125,-0.125,time_half,0.125,256,6.25e-06,20.0,1.5,0.005,u,9.222950125620244e-06,9.222950125620244e-06,9.222950125620244e-06
P4,sd,-0.125,-0.125,time_half,0.125,256,6.25e-06,20.0,1.5,0.005,v,2.757113514936793e-05,2.757113514936793e-05,2.757113514936793e-05
P4,sd,-0.125,-0.125,time_half,0.125,256,6.25e-06,20.0,1.5,0.01,u,2.3381236396224914e-05,2.3381236396224914e-05,2.3121289060901162e-05
P4,sd,-0.125,-0.125,time_half,0.125,256,6.25e-06,20.0,1.5,0.01,v,5.4774196310558576e-05,5.4803192148428215e-05,5.477419631053082e-05
P4,sd,-0.125,-0.125,space_x,0.125,512,1.25e-05,20.0,1.5,0.005,u,5.785547038894556e-06,5.785547038894556e-06,5.768809867912061e-06
P4,sd,-0.125,-0.125,space_x,0.125,512,1.25e-05,20.0,1.5,0.005,v,2.6508149118559254e-05,2.650814911858701e-05,2.650814911858701e-05
P4,sd,-0.125,-0.125,space_x,0.125,512,1.25e-05,20.0,1.5,0.01,u,1.4877089847598057e-05,1.4878076382562888e-05,1.4851982609198622e-05
P4,sd,-0.125,-0.125,space_x,0.125,512,1.25e-05,20.0,1.5,0.01,v,5.291201524210143e-05,5.291201524210143e-05,5.291201524210143e-05
P4,sd,-0.125,0.0,space_y,0.0625,256,1.25e-05,20.0,1.5,0.005,u,9.225115836897224e-06,9.225115836897224e-06,8.857071150281115e-06
P4,sd,-0.125,0.0,space_y,0.0625,256,1.25e-05,20.0,1.5,0.005,v,2.7184853130246545e-06,2.7184853130246545e-06,2.71848531305241e-06
P4,sd,-0.125,0.0,space_y,0.0625,256,1.25e-05,20.0,1.5,0.01,u,1.9165902692241943e-05,1.9173720754550594e-05,1.9165902692241943e-05
P4,sd,-0.125,0.0,space_y,0.0625,256,1.25e-05,20.0,1.5,0.01,v,5.5753846182060585e-06,5.589896953095419e-06,5.462560279667628e-06
P4,sd,-0.125,0.125,main,0.125,256,1.25e-05,20.0,1.5,0.005,u,9.912705319026216e-06,9.912705319026216e-06,9.912705319026216e-06
P4,sd,-0.125,0.125,main,0.125,256,1.25e-05,20.0,1.5,0.005,v,3.6528124357032565e-05,3.653244622583984e-05,3.649035999267469e-05
P4,sd,-0.125,0.125,main,0.125,256,1.25e-05,20.0,1.5,0.01,u,2.5533363035790124e-05,2.5552352562074887e-05,2.5234480573788076e-05
P4,sd,-0.125,0.125,main,0.125,256,1.25e-05,20.0,1.5,0.01,v,7.396416536500916e-05,7.398777265402168e-05,7.371955864463042e-05
P4,sd,-0.125,0.0,space_x,0.125,512,1.25e-05,20.0,1.5,0.005,u,5.038718842054202e-06,5.038718842165224e-06,5.0360529578741264e-06
P4,sd,-0.125,0.0,space_x,0.125,512,1.25e-05,20.0,1.5,0.005,v,5.23852227740651e-06,5.23892124093539e-06,5.23852227740651e-06
P4,sd,-0.125,0.0,space_x,0.125,512,1.25e-05,20.0,1.5,0.01,u,1.0677215805832141e-05,1.0677215805832141e-05,1.0677215805943163e-05
P4,sd,-0.125,0.0,space_x,0.125,512,1.25e-05,20.0,1.5,0.01,v,1.0775222193171174e-05,1.077525703138682e-05,1.077522219319893e-05
P4,sd,-0.125,0.0,time_half,0.125,256,6.25e-06,20.0,1.5,0.005,u,7.396179979357598e-06,7.410778901206783e-06,7.3935542829195455e-06
P4,sd,-0.125,0.0,time_half,0.125,256,6.25e-06,20.0,1.5,0.005,v,5.695922581233637e-06,5.696488996981275e-06,5.632901358770814e-06
P4,sd,-0.125,0.0,time_half,0.125,256,6.25e-06,20.0,1.5,0.01,u,1.52817116947368e-05,1.52817116947368e-05,1.4939783294476427e-05
P4,sd,-0.125,0.0,time_half,0.125,256,6.25e-06,20.0,1.5,0.01,v,1.1937429886338391e-05,1.1937429886338391e-05,1.1895402823008938e-05
P4,sd,-0.125,0.125,space_y,0.0625,256,1.25e-05,20.0,1.5,0.005,u,9.245547255787301e-06,9.272158561390853e-06,9.022818140524969e-06
P4,sd,-0.125,0.125,space_y,0.0625,256,1.25e-05,20.0,1.5,0.005,v,9.447735139056501e-06,9.447735139056501e-06,9.429561436041789e-06
P4,sd,-0.125,0.125,space_y,0.0625,256,1.25e-05,20.0,1.5,0.01,u,1.9503957503164138e-05,1.9503957503164138e-05,1.9314417628035763e-05
P4,sd,-0.125,0.125,space_y,0.0625,256,1.25e-05,20.0,1.5,0.01,v,1.8993953810247932e-05,1.9001108176319725e-05,1.8993953810220177e-05
P4,sd,0.0,-0.125,main,0.125,256,1.25e-05,20.0,1.5,0.005,u,9.284024034328375e-06,9.284024034328375e-06,9.216510294285385e-06
P4,sd,0.0,-0.125,main,0.125,256,1.25e-05,20.0,1.5,0.005,v,3.245535353968432e-05,3.245535353968432e-05,3.245535353965656e-05
P4,sd,0.0,-0.125,main,0.125,256,1.25e-05,20.0,1.5,0.01,u,2.333331358039814e-05,2.333331358039814e-05,2.266961759533892e-05
P4,sd,0.0,-0.125,main,0.125,256,1.25e-05,20.0,1.5,0.01,v,6.469961806243596e-05,6.472113507394184e-05,6.469961806243596e-05
P4,sd,-0.125,0.125,space_x,0.125,512,1.25e-05,20.0,1.5,0.005,u,6.857371719348748e-06,6.857372710999954e-06,6.84748171053684e-06
P4,sd,-0.125,0.125,space_x,0.125,512,1.25e-05,20.0,1.5,0.005,v,3.6793912607580026e-05,3.679776736875695e-05,3.676893037160567e-05
P4,sd,-0.125,0.125,space_x,0.125,512,1.25e-05,20.0,1.5,0.01,u,1.969713148441965e-05,1.969913100718923e-05,1.9690163485797108e-05
P4,sd,-0.125,0.125,space_x,0.125,512,1.25e-05,20.0,1.5,0.01,v,7.40424390313077e-05,7.40424390313077e-05,7.40424390313077e-05
P4,sd,-0.125,0.125,time_half,0.125,256,6.25e-06,20.0,1.5,0.005,u,9.926293580431178e-06,9.926293580431178e-06,9.9262935805422e-06
P4,sd,-0.125,0.125,time_half,0.125,256,6.25e-06,20.0,1.5,0.005,v,3.652826377806284e-05,3.65323159197406e-05,3.649017369208862e-05
P4,sd,-0.125,0.125,time_half,0.125,256,6.25e-06,20.0,1.5,0.01,u,2.556079651638843e-05,2.5579284151255877e-05,2.526281984327472e-05
P4,sd,-0.125,0.125,time_half,0.125,256,6.25e-06,20.0,1.5,0.01,v,7.396412506374683e-05,7.398824090457112e-05,7.371844688872087e-05
P4,sd,0.0,-0.125,space_y,0.0625,256,1.25e-05,20.0,1.5,0.005,u,1.0315410132077929e-05,1.0315410132077929e-05,9.961211666742464e-06
P4,sd,0.0,-0.125,space_y,0.0625,256,1.25e-05,20.0,1.5,0.005,v,9.16872370962385e-06,9.16872370962385e-06,9.152808886664365e-06
P4,sd,0.0,-0.125,space_y,0.0625,256,1.25e-05,20.0,1.5,0.01,u,2.1202419717925025e-05,2.1253699134415882e-05,2.1202419717925025e-05
P4,sd,0.0,-0.125,space_y,0.0625,256,1.25e-05,20.0,1.5,0.01,v,1.786494233022018e-05,1.7873550665375992e-05,1.786494233022018e-05
P4,sd,0.0,0.0,main,0.125,256,1.25e-05,20.0,1.5,0.005,u,9.197990579301596e-06,9.197990579301596e-06,8.82277666125475e-06
P4,sd,0.0,0.0,main,0.125,256,1.25e-05,20.0,1.5,0.005,v,2.415853545212343e-06,2.4223770358489105e-06,2.357507095346323e-06
P4,sd,0.0,0.0,main,0.125,256,1.25e-05,20.0,1.5,0.01,u,1.907201830386729e-05,1.907201830386729e-05,1.907201830386729e-05
P4,sd,0.0,0.0,main,0.125,256,1.25e-05,20.0,1.5,0.01,v,4.5088506548385254e-06,4.510426028531134e-06,4.340231552685259e-06
P4,sd,0.0,-0.125,space_x,0.125,512,1.25e-05,20.0,1.5,0.005,u,3.3286052643077824e-06,3.329183769773536e-06,3.3286052644188047e-06
P4,sd,0.0,-0.125,space_x,0.125,512,1.25e-05,20.0,1.5,0.005,v,3.14591915762108e-05,3.146166722525767e-05,3.145919157618304e-05
P4,sd,0.0,-0.125,space_x,0.125,512,1.25e-05,20.0,1.5,0.01,u,1.1811178173615211e-05,1.1814009402089098e-05,1.1811178173615211e-05
P4,sd,0.0,-0.125,space_x,0.125,512,1.25e-05,20.0,1.5,0.01,v,6.28851585743051e-05,6.28851585743051e-05,6.286081033626822e-05
P4,sd,0.0,-0.125,time_half,0.125,256,6.25e-06,20.0,1.5,0.005,u,9.28616023876394e-06,9.28616023876394e-06,9.21721170077383e-06
P4,sd,0.0,-0.125,time_half,0.125,256,6.25e-06,20.0,1.5,0.005,v,3.2454434440970514e-05,3.2454434440970514e-05,3.2454434440970514e-05
P4,sd,0.0,-0.125,time_half,0.125,256,6.25e-06,20.0,1.5,0.01,u,2.3323792771923202e-05,2.3323792771923202e-05,2.2663702046177292e-05
P4,sd,0.0,-0.125,time_half,0.125,256,6.25e-06,20.0,1.5,0.01,v,6.469976952011569e-05,6.472037039442768e-05,6.469976952011569e-05
P4,sd,0.0,0.0,space_y,0.0625,256,1.25e-05,20.0,1.5,0.005,u,1.0332294950621268e-05,1.0332294950621268e-05,9.916619888916678e-06
P4,sd,0.0,0.0,space_y,0.0625,256,1.25e-05,20.0,1.5,0.005,v,2.3014893261452674e-06,2.307977059690103e-06,2.237313538627772e-06
P4,sd,0.0,0.0,space_y,0.0625,256,1.25e-05,20.0,1.5,0.01,u,2.1350803660169504e-05,2.1350803660169504e-05,2.1350803660280526e-05
P4,sd,0.0,0.0,space_y,0.0625,256,1.25e-05,20.0,1.5,0.01,v,4.264376829377081e-06,4.264376829377081e-06,4.096179333362704e-06
P4,sd,0.0,0.125,main,0.125,256,1.25e-05,20.0,1.5,0.005,u,9.47973165776883e-06,9.503223187934395e-06,9.469916696147607e-06
P4,sd,0.0,0.125,main,0.125,256,1.25e-05,20.0,1.5,0.005,v,3.151684296009982e-05,3.151797208680862e-05,3.1514080518629806e-05
P4,sd,0.0,0.125,main,0.125,256,1.25e-05,20.0,1.5,0.01,u,2.1325714369524462e-05,2.1325714369524462e-05,2.1209255152920825e-05
P4,sd,0.0,0.125,main,0.125,256,1.25e-05,20.0,1.5,0.01,v,6.373233096615416e-05,6.374848502438413e-05,6.35307761980286e-05
P4,sd,0.0,0.0,space_x,0.125,512,1.25e-05,20.0,1.5,0.005,u,1.023273122680024e-06,1.0235485333742744e-06,1.023273122680024e-06
P4,sd,0.0,0.0,space_x,0.125,512,1.25e-05,20.0,1.5,0.005,v,4.797145183310647e-07,4.797508939557993e-07,4.786182089544511e-07
P4,sd,0.0,0.0,space_x,0.125,512,1.25e-05,20.0,1.5,0.01,u,2.1668316263490084e-06,2.1669741593344227e-06,2.166831626237986e-06
P4,sd,0.0,0.0,space_x,0.125,512,1.25e-05,20.0,1.5,0.01,v,9.97820907150393e-07,9.97882416337026e-07,9.971858971058456e-07
P4,sd,0.0,0.0,time_half,0.125,256,6.25e-06,20.0,1.5,0.005,u,9.200347628968153e-06,9.200347628968153e-06,8.82859688167148e-06
P4,sd,0.0,0.0,time_half,0.125,256,6.25e-06,20.0,1.5,0.005,v,2.4029758633470344e-06,2.409234078931677e-06,2.3452108340593636e-06
P4,sd,0.0,0.0,time_half,0.125,256,6.25e-06,20.0,1.5,0.01,u,1.90822649083211e-05,1.90822649083211e-05,1.9082264908432123e-05
P4,sd,0.0,0.0,time_half,0.125,256,6.25e-06,20.0,1.5,0.01,v,4.484923618264247e-06,4.4870138498909196e-06,4.318511206080622e-06
P4,sd,0.0,0.125,space_y,0.0625,256,1.25e-05,20.0,1.5,0.005,u,1.0349181413626951e-05,1.0370094450484757e-05,1.0082354196194743e-05
P4,sd,0.0,0.125,space_y,0.0625,256,1.25e-05,20.0,1.5,0.005,v,8.226212527773225e-06,8.226992655846477e-06,8.203171975029733e-06
P4,sd,0.0,0.125,space_y,0.0625,256,1.25e-05,20.0,1.5,0.01,u,2.1614040840112203e-05,2.1621863471765757e-05,2.1499214486020435e-05
P4,sd,0.0,0.125,space_y,0.0625,256,1.25e-05,20.0,1.5,0.01,v,1.676153630664201e-05,1.676153630664201e-05,1.6712777019423086e-05
P4,sd,0.125,-0.125,main,0.125,256,1.25e-05,20.0,1.5,0.005,u,1.3669979302410873e-05,1.3677116032617676e-05,1.3623389241268491e-05
P4,sd,0.125,-0.125,main,0.125,256,1.25e-05,20.0,1.5,0.005,v,3.733875003023024e-05,3.733875003023024e-05,3.7338750030257994e-05
P4,sd,0.125,-0.125,main,0.125,256,1.25e-05,20.0,1.5,0.01,u,2.8705959632668865e-05,2.8749712107867254e-05,2.8270118029527502e-05
P4,sd,0.125,-0.125,main,0.125,256,1.25e-05,20.0,1.5,0.01,v,7.462522044499043e-05,7.463833997692348e-05,7.462522044499043e-05
P4,sd,0.0,0.125,space_x,0.125,512,1.25e-05,20.0,1.5,0.005,u,3.6754247911829907e-06,3.6754247911829907e-06,3.6686374939032262e-06
P4,sd,0.0,0.125,space_x,0.125,512,1.25e-05,20.0,1.5,0.005,v,3.1765186097876263e-05,3.176807192281639e-05,3.175490723208996e-05
P4,sd,0.0,0.125,space_x,0.125,512,1.25e-05,20.0,1.5,0.01,u,1.28235772793861e-05,1.282645271027949e-05,1.278727410192193e-05
P4,sd,0.0,0.125,space_x,0.125,512,1.25e-05,20.0,1.5,0.01,v,6.380550166068533e-05,6.380550166068533e-05,6.380550166071308e-05
P4,sd,0.0,0.125,time_half,0.125,256,6.25e-06,20.0,1.5,0.005,u,9.483021670697589e-06,9.507565368549464e-06,9.475290953075977e-06
P4,sd,0.0,0.125,time_half,0.125,256,6.25e-06,20.0,1.5,0.005,v,3.151640721504867e-05,3.151745778678938e-05,3.1513481600325965e-05
P4,sd,0.0,0.125,time_half,0.125,256,6.25e-06,20.0,1.5,0.01,u,2.1351093250743247e-05,2.1351093250743247e-05,2.123347414773047e-05
P4,sd,0.0,0.125,time_half,0.125,256,6.25e-06,20.0,1.5,0.01,v,6.37321639753996e-05,6.37488638029482e-05,6.352945995408144e-05
P4,sd,0.125,-0.125,space_y,0.0625,256,1.25e-05,20.0,1.5,0.005,u,1.1422606127187152e-05,1.142639977391724e-05,1.1086663228132565e-05
P4,sd,0.125,-0.125,space_y,0.0625,256,1.25e-05,20.0,1.5,0.005,v,1.0394480156605823e-05,1.0394480156605823e-05,1.0373747761555085e-05
P4,sd,0.125,-0.125,space_y,0.0625,256,1.25e-05,20.0,1.5,0.01,u,2.3425448504643676e-05,2.3470765166511143e-05,2.3387459252011134e-05
P4,sd,0.125,-0.125,space_y,0.0625,256,1.25e-05,20.0,1.5,0.01,v,2.0344522622645078e-05,2.0351486428038523e-05,2.0344522622645078e-05
P4,sd,0.125,0.0,main,0.125,256,1.25e-05,20.0,1.5,0.005,u,1.3533259517362062e-05,1.3533259517362062e-05,1.3098765494379272e-05
P4,sd,0.125,0.0,main,0.125,256,1.25e-05,20.0,1.5,0.005,v,6.252670095685531e-06,6.252670095685531e-06,6.163025782629505e-06
P4,sd,0.125,0.0,main,0.125,256,1.25e-05,20.0,1.5,0.01,u,2.7627902561611073e-05,2.7638587970946205e-05,2.762790256150005e-05
P4,sd,0.125,0.0,main,0.125,256,1.25e-05,20.0,1.5,0.01,v,1.2131587311503544e-05,1.2136261275497162e-05,1.2131587311475789e-05
P4,sd,0.125,-0.125,time_half,0.125,256,6.25e-06,20.0,1.5,0.005,u,1.3672311363510659e-05,1.3678732794231152e-05,1.3624293196179416e-05
P4,sd,0.125,-0.125,time_half,0.125,256,6.25e-06,20.0,1.5,0.005,v,3.73377523081031e-05,3.73377523081031e-05,3.7337752308075345e-05
P4,sd,0.125,-0.125,time_half,0.125,256,6.25e-06,20.0,1.5,0.01,u,2.871169462437262e-05,2.8757122388478606e-05,2.827258853121961e-05
P4,sd,0.125,-0.125,time_half,0.125,256,6.25e-06,20.0,1.5,0.01,v,7.4625253984828e-05,7.463742237737159e-05,7.462525398485576e-05
P4,sd,0.125,-0.125,space_x,0.125,512,1.25e-05,20.0,1.5,0.005,u,5.097715254587243e-06,5.097715254587243e-06,5.09396633263659e-06
P4,sd,0.125,-0.125,space_x,0.125,512,1.25e-05,20.0,1.5,0.005,v,3.642687813024126e-05,3.6429276638966224e-05,3.642396466407849e-05
P4,sd,0.125,-0.125,space_x,0.125,512,1.25e-05,20.0,1.5,0.01,u,1.5493607885219696e-05,1.5493607885219696e-05,1.5427235406373363e-05
P4,sd,0.125,-0.125,space_x,0.125,512,1.25e-05,20.0,1.5,0.01,v,7.310921261474701e-05,7.31101803679024e-05,7.309536367203218e-05
P4,sd,0.125,0.0,space_y,0.0625,256,1.25e-05,20.0,1.5,0.005,u,1.143947820381186e-05,1.143947820381186e-05,1.0976176342825106e-05
P4,sd,0.125,0.0,space_y,0.0625,256,1.25e-05,20.0,1.5,0.005,v,2.6373591708872546e-06,2.6373591708872546e-06,2.5789570540502016e-06
P4,sd,0.125,0.0,space_y,0.0625,256,1.25e-05,20.0,1.5,0.01,u,2.3535739085200902e-05,2.3535739085200902e-05,2.3535739085200902e-05
P4,sd,0.125,0.0,space_y,0.0625,256,1.25e-05,20.0,1.5,0.01,v,4.975869842605007e-06,4.980282795136182e-06,4.916820183387127e-06
P4,sd,0.125,0.125,main,0.125,256,1.25e-05,20.0,1.5,0.005,u,1.373545203531279e-05,1.373545203531279e-05,1.361853921144629e-05
P4,sd,0.125,0.125,main,0.125,256,1.25e-05,20.0,1.5,0.005,v,2.6590622122624197e-05,2.6590622122624197e-05,2.657843308903618e-05
P4,sd,0.125,0.125,main,0.125,256,1.25e-05,20.0,1.5,0.01,u,2.910718315907168e-05,2.910718315907168e-05,2.8201237682545788e-05
P4,sd,0.125,0.125,main,0.125,256,1.25e-05,20.0,1.5,0.01,v,5.35734915502184e-05,5.357441111397687e-05,5.347033339617169e-05
P4,sd,0.125,0.0,space_x,0.125,512,1.25e-05,20.0,1.5,0.005,u,3.818268265787239e-06,3.818359980867214e-06,3.811055018121401e-06
P4,sd,0.125,0.0,space_x,0.125,512,1.25e-05,20.0,1.5,0.005,v,5.049829327335997e-06,5.050185598209911e-06,5.044437069307017e-06
P4,sd,0.125,0.0,space_x,0.125,512,1.25e-05,20.0,1.5,0.01,u,7.806461818749e-06,7.808133426934205e-06,7.78435439519054e-06
P4,sd,0.125,0.0,space_x,0.125,512,1.25e-05,20.0,1.5,0.01,v,1.0218682959611813e-05,1.0218682959611813e-05,1.0218682959611813e-05
P4,sd,0.125,0.0,time_half,0.125,256,6.25e-06,20.0,1.5,0.005,u,1.3535802127373486e-05,1.3535802127373486e-05,1.3097757261548715e-05
P4,sd,0.125,0.0,time_half,0.125,256,6.25e-06,20.0,1.5,0.005,v,6.251041623328568e-06,6.251041623328568e-06,6.162645682233903e-06
P4,sd,0.125,0.0,time_half,0.125,256,6.25e-06,20.0,1.5,0.01,u,2.763891445922706e-05,2.764761358564627e-05,2.763891445922706e-05
P4,sd,0.125,0.0,time_half,0.125,256,6.25e-06,20.0,1.5,0.01,v,1.2132500258055234e-05,1.2136401554480036e-05,1.213250025808299e-05
P4,sd,0.125,0.125,space_y,0.0625,256,1.25e-05,20.0,1.5,0.005,u,1.1456351925231978e-05,1.1468035402861787e-05,1.1141897967137382e-05
P4,sd,0.125,0.125,space_y,0.0625,256,1.25e-05,20.0,1.5,0.005,v,7.015907153323786e-06,7.015907153323786e-06,7.015907153323786e-06
P4,sd,0.125,0.125,space_y,0.0625,256,1.25e-05,20.0,1.5,0.01,u,2.3724165960192778e-05,2.377107463857886e-05,2.3684045802663256e-05
P4,sd,0.125,0.125,space_y,0.0625,256,1.25e-05,20.0,1.5,0.01,v,1.4558648738643987e-05,1.456163557450596e-05,1.4431579353491042e-05
P4,sd,0.04248652711,0.00844851896,main,0.125,256,1.25e-05,20.0,1.5,0.005,u,1.0675828216899497e-05,1.0675828216899497e-05,1.0276648802043375e-05
P4,sd,0.04248652711,0.00844851896,main,0.125,256,1.25e-05,20.0,1.5,0.005,v,2.8433043751108222e-06,2.8433043751108222e-06,2.805639864017495e-06
P4,sd,0.04248652711,0.00844851896,main,0.125,256,1.25e-05,20.0,1.5,0.01,u,2.2018846698501626e-05,2.2018846698501626e-05,2.2018846698501626e-05
P4,sd,0.04248652711,0.00844851896,main,0.125,256,1.25e-05,20.0,1.5,0.01,v,5.354837582044469e-06,5.362072253295436e-06,5.2500096875407465e-06
P4,sd,0.125,0.125,space_x,0.125,512,1.25e-05,20.0,1.5,0.005,u,4.556755882845209e-06,4.557312830666405e-06,4.555207241963011e-06
P4,sd,0.125,0.125,space_x,0.125,512,1.25e-05,20.0,1.5,0.005,v,2.6779223902206883e-05,2.6779223902206883e-05,2.6775667712225504e-05
P4,sd,0.125,0.125,space_x,0.125,512,1.25e-05,20.0,1.5,0.01,u,1.2242742161494569e-05,1.224477185779449e-05,1.223981890852155e-05
P4,sd,0.125,0.125,space_x,0.125,512,1.25e-05,20.0,1.5,0.01,v,5.357730477822953e-05,5.357730477822953e-05,5.356931298844403e-05
P4,sd,0.125,0.125,time_half,0.125,256,6.25e-06,20.0,1.5,0.005,u,1.3738914541372438e-05,1.3738914541372438e-05,1.3624071139251015e-05
P4,sd,0.125,0.125,time_half,0.125,256,6.25e-06,20.0,1.5,0.005,v,2.6589118704789527e-05,2.6589118704789527e-05,2.6577061745747255e-05
P4,sd,0.125,0.125,time_half,0.125,256,6.25e-06,20.0,1.5,0.01,u,2.9122510952217517e-05,2.9122510952217517e-05,2.8207517615563837e-05
P4,sd,0.125,0.125,time_half,0.125,256,6.25e-06,20.0,1.5,0.01,v,5.3571661759094225e-05,5.3572261974721425e-05,5.3467235349907716e-05
P4,sd,0.04248652711,0.00844851896,space_y,0.0625,256,1.25e-05,20.0,1.5,0.005,u,1.0709758437088546e-05,1.0709758437088546e-05,1.028795535151783e-05
P4,sd,0.04248652711,0.00844851896,space_y,0.0625,256,1.25e-05,20.0,1.5,0.005,v,2.405891789653003e-06,2.4116657352801774e-06,2.3490311099327865e-06
P4,sd,0.04248652711,0.00844851896,space_y,0.0625,256,1.25e-05,20.0,1.5,0.01,u,2.210346991504686e-05,2.210346991504686e-05,2.210346991515788e-05
P4,sd,0.04248652711,0.00844851896,space_y,0.0625,256,1.25e-05,20.0,1.5,0.01,v,4.471122713095577e-06,4.475532384279335e-06,4.313903127134422e-06
P5,fd,0.0,0.0,main,0.125,256,1.25e-05,20.0,1.5,0.005,u,2.1489703348794512e-07,2.285280814584567e-07,1.7911591728774815e-07
P5,fd,0.0,0.0,main,0.125,256,1.25e-05,20.0,1.5,0.005,v,1.080808105661794e-07,1.3423074814501711e-07,6.364706064517239e-08
P5,fd,0.0,0.0,main,0.125,256,1.25e-05,20.0,1.5,0.01,u,8.329104887461192e-07,8.329104887461192e-07,8.329104887568682e-07
P5,fd,0.0,0.0,main,0.125,256,1.25e-05,20.0,1.5,0.01,v,4.231468562975856e-07,4.253248416607849e-07,3.9372393976348617e-07
P4,sd,0.04248652711,0.00844851896,space_x,0.125,512,1.25e-05,20.0,1.5,0.005,u,9.27321692212324e-07,9.274311211227015e-07,9.236519350475092e-07
P4,sd,0.04248652711,0.00844851896,space_x,0.125,512,1.25e-05,20.0,1.5,0.005,v,8.183033087805214e-07,8.184379619025073e-07,8.16842521511596e-07
P4,sd,0.04248652711,0.00844851896,space_x,0.125,512,1.25e-05,20.0,1.5,0.01,u,1.9084686098125303e-06,1.9084686098125303e-06,1.8900476894678775e-06
P4,sd,0.04248652711,0.00844851896,space_x,0.125,512,1.25e-05,20.0,1.5,0.01,v,1.6766753475616625e-06,1.6768296523805848e-06,1.676675347533907e-06
P4,sd,0.04248652711,0.00844851896,time_half,0.125,256,6.25e-06,20.0,1.5,0.005,u,1.0678166604161099e-05,1.0678166604161099e-05,1.0282492690527612e-05
P4,sd,0.04248652711,0.00844851896,time_half,0.125,256,6.25e-06,20.0,1.5,0.005,v,2.830437481671222e-06,2.830437481671222e-06,2.793352028324092e-06
P4,sd,0.04248652711,0.00844851896,time_half,0.125,256,6.25e-06,20.0,1.5,0.01,u,2.2029033628134798e-05,2.2029033628134798e-05,2.2029033628134798e-05
P4,sd,0.04248652711,0.00844851896,time_half,0.125,256,6.25e-06,20.0,1.5,0.01,v,5.331990596268987e-06,5.33868767413348e-06,5.228310564597827e-06
P5,fd,0.0,0.0,space_y,0.0625,256,1.25e-05,20.0,1.5,0.005,u,2.192978919805428e-07,2.313959810151811e-07,1.8312491734156504e-07
P5,fd,0.0,0.0,space_y,0.0625,256,1.25e-05,20.0,1.5,0.005,v,1.0942397347080481e-07,1.3574419665927764e-07,6.379464547902925e-08
P5,fd,0.0,0.0,space_y,0.0625,256,1.25e-05,20.0,1.5,0.01,u,8.539935676954435e-07,8.539935676954435e-07,8.539935677007091e-07
P5,fd,0.0,0.0,space_y,0.0625,256,1.25e-05,20.0,1.5,0.01,v,4.283264943190006e-07,4.2973689670532047e-07,3.963884409969584e-07
P5,fd,0.0,0.0,time_half,0.125,256,6.25e-06,20.0,1.5,0.005,u,2.1507967849817225e-07,2.2845137784277547e-07,1.7938001830847518e-07
P5,fd,0.0,0.0,time_half,0.125,256,6.25e-06,20.0,1.5,0.005,v,1.0807825585973301e-07,1.342595676959295e-07,6.378576123519166e-08
P5,fd,0.0,0.0,time_half,0.125,256,6.25e-06,20.0,1.5,0.01,u,8.346309610107738e-07,8.346309610107738e-07,8.346309609895861e-07
P5,fd,0.0,0.0,time_half,0.125,256,6.25e-06,20.0,1.5,0.01,v,4.2409456189214175e-07,4.264034393302976e-07,3.949524059540597e-07
P5,fd,0.0,0.0,space_x,0.125,512,1.25e-05,20.0,1.5,0.005,u,1.1888000249149488e-05,1.1957335151219217e-05,1.188800024921634e-05
P5,fd,0.0,0.0,space_x,0.125,512,1.25e-05,20.0,1.5,0.005,v,6.050312582563879e-06,6.1370851305129895e-06,6.050312582551912e-06
P5,fd,0.0,0.0,space_x,0.125,512,1.25e-05,20.0,1.5,0.01,u,0.0038967944009589417,0.0039916065163367875,0.0036510285656544657
P5,fd,0.0,0.0,space_x,0.125,512,1.25e-05,20.0,1.5,0.01,v,0.0023793701427585047,0.0024210899281904234,0.002275574433287711
P5,fd,0.0,0.0,domain_y,0.125,256,1.25e-05,20.0,2.0,0.005,u,2.3334092806622456e-07,2.3334092806622456e-07,1.9679211125972946e-07
P5,fd,0.0,0.0,domain_y,0.125,256,1.25e-05,20.0,2.0,0.005,v,1.1063857555210148e-07,1.368187781436574e-07,6.325961687211405e-08
P5,fd,0.0,0.0,domain_y,0.125,256,1.25e-05,20.0,2.0,0.01,u,9.315225427131146e-07,9.315225427131146e-07,9.315225427184289e-07
P5,fd,0.0,0.0,domain_y,0.125,256,1.25e-05,20.0,2.0,0.01,v,4.403842638683438e-07,4.403842638683438e-07,3.982206424148381e-07
P5,fd,0.0,0.0,domain_x,0.125,512,1.25e-05,40.0,1.5,0.005,u,1.3862512843187957e-07,1.3864149356335176e-07,1.3847866603411418e-07
P5,fd,0.0,0.0,domain_x,0.125,512,1.25e-05,40.0,1.5,0.005,v,1.8638348253663395e-08,1.8638348253663395e-08,1.860321126312403e-08
P5,fd,0.0,0.0,domain_x,0.125,512,1.25e-05,40.0,1.5,0.01,u,2.769505647592929e-07,2.7712542205460267e-07,2.769413880443494e-07
P5,fd,0.0,0.0,domain_x,0.125,512,1.25e-05,40.0,1.5,0.01,v,3.737099472933547e-08,3.7371364031146825e-08,3.718378353834151e-08
P5,sd,-0.125,-0.125,main,0.125,256,1.25e-05,20.0,1.5,0.005,u,1.2753230199669119e-06,1.2753644255680818e-06,1.2749862053351713e-06
P5,sd,-0.125,-0.125,main,0.125,256,1.25e-05,20.0,1.5,0.005,v,4.570558575195394e-06,4.570842927500984e-06,4.570558575195394e-06
P5,sd,-0.125,-0.125,main,0.125,256,1.25e-05,20.0,1.5,0.01,u,2.577442886619874e-06,2.5776657280318638e-06,2.577011607163282e-06
P5,sd,-0.125,-0.125,main,0.125,256,1.25e-05,20.0,1.5,0.01,v,9.128385444479026e-06,9.129292857110172e-06,9.12822957253867e-06
P5,sd,-0.125,-0.125,space_y,0.0625,256,1.25e-05,20.0,1.5,0.005,u,2.534209737059534e-07,2.534209737059534e-07,2.5326717351115136e-07
P5,sd,-0.125,-0.125,space_y,0.0625,256,1.25e-05,20.0,1.5,0.005,v,1.1484935145689157e-06,1.1484935145689157e-06,1.1466371855617385e-06
P5,sd,-0.125,-0.125,space_y,0.0625,256,1.25e-05,20.0,1.5,0.01,u,8.556752997823658e-07,8.556752997823658e-07,8.556752997715473e-07
P5,sd,-0.125,-0.125,space_y,0.0625,256,1.25e-05,20.0,1.5,0.01,v,2.2906876146616684e-06,2.290797084830709e-06,2.2906876146477906e-06
P5,sd,-0.125,-0.125,space_x,0.125,512,1.25e-05,20.0,1.5,0.005,u,1.202029698002538e-05,1.2094912225008025e-05,1.2020296979978687e-05
P5,sd,-0.125,-0.125,space_x,0.125,512,1.25e-05,20.0,1.5,0.005,v,6.056712845820757e-06,6.14667380198787e-06,6.0567128458434405e-06
P5,sd,-0.125,-0.125,space_x,0.125,512,1.25e-05,20.0,1.5,0.01,u,0.003991973332743759,0.00409050218105203,0.003743380765042664
P5,sd,-0.125,-0.125,space_x,0.125,512,1.25e-05,20.0,1.5,0.01,v,0.002404219303423098,0.0024415090845224478,0.0023003854827792
P5,sd,-0.125,-0.125,time_half,0.125,256,6.25e-06,20.0,1.5,0.005,u,1.2752760795153861e-06,1.2753213784466588e-06,1.274947092677614e-06
P5,sd,-0.125,-0.125,time_half,0.125,256,6.25e-06,20.0,1.5,0.005,v,4.5705405759266515e-06,4.570816272211897e-06,4.570540575912774e-06
P5,sd,-0.125,-0.125,time_half,0.125,256,6.25e-06,20.0,1.5,0.01,u,2.5772303159921073e-06,2.5774598746974853e-06,2.5768126616365628e-06
P5,sd,-0.125,-0.125,time_half,0.125,256,6.25e-06,20.0,1.5,0.01,v,9.128342532221945e-06,9.129232570279089e-06,9.128151653284289e-06
P5,sd,-0.125,-0.125,domain_x,0.125,512,1.25e-05,40.0,1.5,0.005,u,1.2753098033169152e-06,1.275357547292355e-06,1.2749862053351713e-06
P5,sd,-0.125,-0.125,domain_x,0.125,512,1.25e-05,40.0,1.5,0.005,v,4.570558575195394e-06,4.570847383797427e-06,4.570558575195394e-06
P5,sd,-0.125,-0.125,domain_x,0.125,512,1.25e-05,40.0,1.5,0.01,u,2.5774624160535e-06,2.5776760251838837e-06,2.577011607163282e-06
P5,sd,-0.125,-0.125,domain_x,0.125,512,1.25e-05,40.0,1.5,0.01,v,9.128376951703099e-06,9.129288307471728e-06,9.12822957253867e-06
P5,sd,-0.125,-0.125,domain_y,0.125,256,1.25e-05,20.0,2.0,0.005,u,1.4950067245278476e-06,1.4950067245278476e-06,1.4950067244723364e-06
P5,sd,-0.125,-0.125,domain_y,0.125,256,1.25e-05,20.0,2.0,0.005,v,4.568444701799623e-06,4.568452596401262e-06,4.567548692158141e-06
P5,sd,-0.125,-0.125,domain_y,0.125,256,1.25e-05,20.0,2.0,0.01,u,3.0213936923484397e-06,3.0213936923484397e-06,3.0213936923484397e-06
P5,sd,-0.125,-0.125,domain_y,0.125,256,1.25e-05,20.0,2.0,0.01,v,9.119467367549317e-06,9.119467367549317e-06,9.119467367535439e-06
P5,sd,-0.125,0.0,main,0.125,256,1.25e-05,20.0,1.5,0.005,u,1.281759773874569e-06,1.2818928404323415e-06,1.281759773874569e-06
P5,sd,-0.125,0.0,main,0.125,256,1.25e-05,20.0,1.5,0.005,v,1.4853949110715803e-06,1.4853949110715803e-06,1.4845097405374874e-06
P5,sd,-0.125,0.0,main,0.125,256,1.25e-05,20.0,1.5,0.01,u,2.5833532204533327e-06,2.5833532204533327e-06,2.5833532204533327e-06
P5,sd,-0.125,0.0,main,0.125,256,1.25e-05,20.0,1.5,0.01,v,3.0080925512293577e-06,3.0081809830051487e-06,3.0042822649345435e-06
P5,sd,-0.125,0.0,space_y,0.0625,256,1.25e-05,20.0,1.5,0.005,u,2.608675142012906e-07,2.6088009902336395e-07,2.606405682392676e-07
P5,sd,-0.125,0.0,space_y,0.0625,256,1.25e-05,20.0,1.5,0.005,v,3.691883941336904e-07,3.691883941336904e-07,3.6862872769549693e-07
P5,sd,-0.125,0.0,space_y,0.0625,256,1.25e-05,20.0,1.5,0.01,u,8.556785904834108e-07,8.556785904834108e-07,8.55678590505268e-07
P5,sd,-0.125,0.0,space_y,0.0625,256,1.25e-05,20.0,1.5,0.01,v,7.48424157884231e-07,7.48424157884231e-07,7.479631810164422e-07
P5,sd,-0.125,0.0,time_half,0.125,256,6.25e-06,20.0,1.5,0.005,u,1.2818046657425697e-06,1.2819293421784117e-06,1.2818046656870585e-06
P5,sd,-0.125,0.0,time_half,0.125,256,6.25e-06,20.0,1.5,0.005,v,1.48537661751047e-06,1.48537661751047e-06,1.4845031089533167e-06
P5,sd,-0.125,0.0,time_half,0.125,256,6.25e-06,20.0,1.5,0.01,u,2.583449695225948e-06,2.583449695225948e-06,2.583449695225948e-06
P5,sd,-0.125,0.0,time_half,0.125,256,6.25e-06,20.0,1.5,0.01,v,3.00805754402389e-06,3.0081339048998457e-06,3.0041978808237335e-06
P5,sd,-0.125,0.0,space_x,0.125,512,1.25e-05,20.0,1.5,0.005,u,1.2022453403676137e-05,1.2094887821806344e-05,1.202245340363968e-05
P5,sd,-0.125,0.0,space_x,0.125,512,1.25e-05,20.0,1.5,0.005,v,6.0574390447828325e-06,6.149275017827818e-06,6.057439044755192e-06
P5,sd,-0.125,0.0,space_x,0.125,512,1.25e-05,20.0,1.5,0.01,u,0.003994790051715491,0.004091949414917084,0.003743165405731172
P5,sd,-0.125,0.0,space_x,0.125,512,1.25e-05,20.0,1.5,0.01,v,0.0024076272540866704,0.002443819363247857,0.002303880082137202
P5,sd,-0.125,0.0,domain_x,0.125,512,1.25e-05,40.0,1.5,0.005,u,1.281759773874569e-06,1.281897522853459e-06,1.281759773874569e-06
P5,sd,-0.125,0.0,domain_x,0.125,512,1.25e-05,40.0,1.5,0.005,v,1.4854095837929515e-06,1.4854095837929515e-06,1.4845097405374874e-06
P5,sd,-0.125,0.0,domain_x,0.125,512,1.25e-05,40.0,1.5,0.01,u,2.5833532204533327e-06,2.5833532204533327e-06,2.5833532204533327e-06
P5,sd,-0.125,0.0,domain_x,0.125,512,1.25e-05,40.0,1.5,0.01,v,3.0081126165537597e-06,3.0081991938130104e-06,3.0042822649345435e-06
P5,sd,-0.125,0.0,domain_y,0.125,256,1.25e-05,20.0,2.0,0.005,u,1.502543432618797e-06,1.5026130947837224e-06,1.502543432618797e-06
P5,sd,-0.125,0.0,domain_y,0.125,256,1.25e-05,20.0,2.0,0.005,v,1.4888315215400016e-06,1.4888315215400016e-06,1.4879594408129249e-06
P5,sd,-0.125,0.0,domain_y,0.125,256,1.25e-05,20.0,2.0,0.01,u,3.0277260341105006e-06,3.0282303693507373e-06,3.027718721015926e-06
P5,sd,-0.125,0.0,domain_y,0.125,256,1.25e-05,20.0,2.0,0.01,v,3.022006471231631e-06,3.022055977297544e-06,3.0179911818528637e-06
P5,sd,-0.125,0.125,main,0.125,256,1.25e-05,20.0,1.5,0.005,u,1.317294304026273e-06,1.3175080189609112e-06,1.317258859490078e-06
P5,sd,-0.125,0.125,main,0.125,256,1.25e-05,20.0,1.5,0.005,v,7.483742190173004e-06,7.484004378416342e-06,7.478307080699409e-06
P5,sd,-0.125,0.125,main,0.125,256,1.25e-05,20.0,1.5,0.01,u,2.8019016571345645e-06,2.8021748424422732e-06,2.7963334813252416e-06
P5,sd,-0.125,0.125,main,0.125,256,1.25e-05,20.0,1.5,0.01,v,1.5008580307285246e-05,1.5009355695830284e-05,1.5008580307271369e-05
P5,sd,-0.125,0.125,space_y,0.0625,256,1.25e-05,20.0,1.5,0.005,u,2.8588937214801824e-07,2.8588937214801824e-07,2.8511082780791064e-07
P5,sd,-0.125,0.125,space_y,0.0625,256,1.25e-05,20.0,1.5,0.005,v,1.8683309346845256e-06,1.8683309346845256e-06,1.8672747569559167e-06
P5,sd,-0.125,0.125,space_y,0.0625,256,1.25e-05,20.0,1.5,0.01,u,8.556818606453298e-07,8.556818606453298e-07,8.556818606187239e-07
P5,sd,-0.125,0.125,space_y,0.0625,256,1.25e-05,20.0,1.5,0.01,v,3.74807323738624e-06,3.74807323738624e-06,3.7480732373723624e-06
P5,sd,-0.125,0.125,time_half,0.125,256,6.25e-06,20.0,1.5,0.005,u,1.317464551842118e-06,1.3176900866551655e-06,1.3174525815284888e-06
P5,sd,-0.125,0.125,time_half,0.125,256,6.25e-06,20.0,1.5,0.005,v,7.483753215756228e-06,7.484017983575009e-06,7.478312789327424e-06
P5,sd,-0.125,0.125,time_half,0.125,256,6.25e-06,20.0,1.5,0.01,u,2.802435683568749e-06,2.8027289019072477e-06,2.796944657046385e-06
P5,sd,-0.125,0.125,time_half,0.125,256,6.25e-06,20.0,1.5,0.01,v,1.5008601810334588e-05,1.5009382675748584e-05,1.5008601810334588e-05
P5,sd,-0.125,0.125,space_x,0.125,512,1.25e-05,20.0,1.5,0.005,u,1.202460464583277e-05,1.2094858017008825e-05,1.2024604645797683e-05
P5,sd,-0.125,0.125,space_x,0.125,512,1.25e-05,20.0,1.5,0.005,v,7.487538907668956e-06,7.487576051803946e-06,7.486448529672729e-06
P5,sd,-0.125,0.125,space_x,0.125,512,1.25e-05,20.0,1.5,0.01,u,0.003997600395220652,0.0040933895460058545,0.0037429429188010985
P5,sd,-0.125,0.125,space_x,0.125,512,1.25e-05,20.0,1.5,0.01,v,0.002411029127522376,0.0024461221229921688,0.0023073690845299994
P5,sd,-0.125,0.125,domain_x,0.125,512,1.25e-05,40.0,1.5,0.005,u,1.317289199664895e-06,1.3175055307290684e-06,1.317258859490078e-06
P5,sd,-0.125,0.125,domain_x,0.125,512,1.25e-05,40.0,1.5,0.005,v,7.483726510701394e-06,7.483983564204877e-06,7.478307080699409e-06
P5,sd,-0.125,0.125,domain_x,0.125,512,1.25e-05,40.0,1.5,0.01,u,2.8019079845731376e-06,2.8021800335120695e-06,2.7963334813252416e-06
P5,sd,-0.125,0.125,domain_x,0.125,512,1.25e-05,40.0,1.5,0.01,v,1.500858030725749e-05,1.500934733540682e-05,1.5008580307271369e-05
P5,sd,-0.125,0.125,domain_y,0.125,256,1.25e-05,20.0,2.0,0.005,u,1.544172951672973e-06,1.544172951672973e-06,1.5441729517284841e-06
P5,sd,-0.125,0.125,domain_y,0.125,256,1.25e-05,20.0,2.0,0.005,v,7.487313219270431e-06,7.4875818850961284e-06,7.4818586450059454e-06
P5,sd,-0.125,0.125,domain_y,0.125,256,1.25e-05,20.0,2.0,0.01,u,3.283741155324371e-06,3.283741155324371e-06,3.2816659692458394e-06
P5,sd,-0.125,0.125,domain_y,0.125,256,1.25e-05,20.0,2.0,0.01,v,1.502352372370619e-05,1.5024349890979671e-05,1.5023523723692311e-05
P5,sd,0.0,-0.125,main,0.125,256,1.25e-05,20.0,1.5,0.005,u,3.669260111305306e-07,3.6698510785804217e-07,3.6634428424164867e-07
P5,sd,0.0,-0.125,main,0.125,256,1.25e-05,20.0,1.5,0.005,v,5.998610228930001e-06,5.998610228930001e-06,5.998610228930001e-06
P5,sd,0.0,-0.125,main,0.125,256,1.25e-05,20.0,1.5,0.01,u,9.401858154789444e-07,9.403507371386066e-07,9.401858154789444e-07
P5,sd,0.0,-0.125,main,0.125,256,1.25e-05,20.0,1.5,0.01,v,1.1986452229148514e-05,1.1986452229148514e-05,1.1983177264987543e-05
P5,sd,0.0,-0.125,space_y,0.0625,256,1.25e-05,20.0,1.5,0.005,u,2.19395159091575e-07,2.3137578525345148e-07,1.832457435266614e-07
P5,sd,0.0,-0.125,space_y,0.0625,256,1.25e-05,20.0,1.5,0.005,v,1.5039628829954799e-06,1.5039628829954799e-06,1.5032980636292548e-06
P5,sd,0.0,-0.125,space_y,0.0625,256,1.25e-05,20.0,1.5,0.01,u,8.556817502058944e-07,8.556817502058944e-07,8.556817501345283e-07
P5,sd,0.0,-0.125,space_y,0.0625,256,1.25e-05,20.0,1.5,0.01,v,3.004785630422724e-06,3.0049523923880717e-06,3.0044574791665557e-06
P5,sd,0.0,-0.125,space_x,0.125,512,1.25e-05,20.0,1.5,0.005,u,1.2019349599684537e-05,1.209567241011733e-05,1.2019349599706958e-05
P5,sd,0.0,-0.125,space_x,0.125,512,1.25e-05,20.0,1.5,0.005,v,6.057517476439835e-06,6.146608537138789e-06,6.057517476419085e-06
P5,sd,0.0,-0.125,space_x,0.125,512,1.25e-05,20.0,1.5,0.01,u,0.0039907773893270715,0.004090495083895251,0.003744685373628607
P5,sd,0.0,-0.125,space_x,0.125,512,1.25e-05,20.0,1.5,0.01,v,0.002403650650826108,0.0024416537276915704,0.0022997036066051816
P5,sd,0.0,-0.125,time_half,0.125,256,6.25e-06,20.0,1.5,0.005,u,3.668044400439996e-07,3.6686212762093717e-07,3.6621771853928564e-07
P5,sd,0.0,-0.125,time_half,0.125,256,6.25e-06,20.0,1.5,0.005,v,5.998591519479346e-06,5.998591519479346e-06,5.998591519465468e-06
P5,sd,0.0,-0.125,time_half,0.125,256,6.25e-06,20.0,1.5,0.01,u,9.39881993122782e-07,9.400480900922936e-07,9.398819931505376e-07
P5,sd,0.0,-0.125,time_half,0.125,256,6.25e-06,20.0,1.5,0.01,v,1.1986404913066906e-05,1.1986404913066906e-05,1.1983091749573349e-05
P5,sd,0.0,-0.125,domain_x,0.125,512,1.25e-05,40.0,1.5,0.005,u,3.669634011105316e-07,3.670203179706455e-07,3.6634428424164867e-07
P5,sd,0.0,-0.125,domain_x,0.125,512,1.25e-05,40.0,1.5,0.005,v,5.998610228943879e-06,5.998610228943879e-06,5.998610228930001e-06
P5,sd,0.0,-0.125,domain_x,0.125,512,1.25e-05,40.0,1.5,0.01,u,9.401858154789444e-07,9.403697746046547e-07,9.401858154789444e-07
P5,sd,0.0,-0.125,domain_x,0.125,512,1.25e-05,40.0,1.5,0.01,v,1.1986443735817476e-05,1.1986443735817476e-05,1.1983177264987543e-05
P5,sd,0.0,-0.125,domain_y,0.125,256,1.25e-05,20.0,2.0,0.005,u,4.3006407968171345e-07,4.3009599048904334e-07,4.2927405546899777e-07
P5,sd,0.0,-0.125,domain_y,0.125,256,1.25e-05,20.0,2.0,0.005,v,5.997474489816135e-06,5.997784700784159e-06,5.997474489802257e-06
P5,sd,0.0,-0.125,domain_y,0.125,256,1.25e-05,20.0,2.0,0.01,u,1.101233308486993e-06,1.101336926268015e-06,1.1012333085147485e-06
P5,sd,0.0,-0.125,domain_y,0.125,256,1.25e-05,20.0,2.0,0.01,v,1.198156264826944e-05,1.1982596886533914e-05,1.198156264826944e-05
P5,sd,0.0,0.0,main,0.125,256,1.25e-05,20.0,1.5,0.005,u,3.4957538697089063e-07,3.4957538697089063e-07,3.494491349620432e-07
P5,sd,0.0,0.0,main,0.125,256,1.25e-05,20.0,1.5,0.005,v,1.3961431621911657e-07,1.3961431621911657e-07,1.395734132020321e-07
P5,sd,0.0,0.0,main,0.125,256,1.25e-05,20.0,1.5,0.01,u,8.362297915787131e-07,8.362297915787131e-07,8.362297915721935e-07
P5,sd,0.0,0.0,main,0.125,256,1.25e-05,20.0,1.5,0.01,v,4.235844748223368e-07,4.2568209609515374e-07,3.9393088739251816e-07
P5,sd,0.0,0.0,space_y,0.0625,256,1.25e-05,20.0,1.5,0.005,u,2.193993841563175e-07,2.314000062397792e-07,1.8323341122878865e-07
P5,sd,0.0,0.0,space_y,0.0625,256,1.25e-05,20.0,1.5,0.005,v,1.0943351653159085e-07,1.3575370367250985e-07,6.379245617722871e-08
P5,sd,0.0,0.0,space_y,0.0625,256,1.25e-05,20.0,1.5,0.01,u,8.556850689400708e-07,8.556850689400708e-07,8.556850688925025e-07
P5,sd,0.0,0.0,space_y,0.0625,256,1.25e-05,20.0,1.5,0.01,v,4.285515423408852e-07,4.2992133020157355e-07,3.964994072756069e-07
P5,sd,0.0,0.0,space_x,0.125,512,1.25e-05,20.0,1.5,0.005,u,1.2021512224902331e-05,1.2095654429944425e-05,1.2021512224856239e-05
P5,sd,0.0,0.0,space_x,0.125,512,1.25e-05,20.0,1.5,0.005,v,6.058249330253497e-06,6.149215101859798e-06,6.0582493302382525e-06
P5,sd,0.0,0.0,space_x,0.125,512,1.25e-05,20.0,1.5,0.01,u,0.003993601887865544,0.004091950739532196,0.0037444782399890654
P5,sd,0.0,0.0,space_x,0.125,512,1.25e-05,20.0,1.5,0.01,v,0.0024070646906267017,0.002443970956055067,0.0023032039165525515
P5,sd,0.0,0.0,time_half,0.125,256,6.25e-06,20.0,1.5,0.005,u,3.497743643054996e-07,3.497743643054996e-07,3.4965919343266094e-07
P5,sd,0.0,0.0,time_half,0.125,256,6.25e-06,20.0,1.5,0.005,v,1.391335096023738e-07,1.391335096023738e-07,1.3908914422988694e-07
P5,sd,0.0,0.0,time_half,0.125,256,6.25e-06,20.0,1.5,0.01,u,8.37965605432478e-07,8.37965605432478e-07,8.379656054140902e-07
P5,sd,0.0,0.0,time_half,0.125,256,6.25e-06,20.0,1.5,0.01,v,4.2453692330353195e-07,4.2676506140980087e-07,3.9516292143180465e-07
P5,sd,0.0,0.0,domain_x,0.125,512,1.25e-05,40.0,1.5,0.005,u,3.495783876816816e-07,3.495783876816816e-07,3.494491349620432e-07
P5,sd,0.0,0.0,domain_x,0.125,512,1.25e-05,40.0,1.5,0.005,v,1.3961296820019786e-07,1.3961296820019786e-07,1.395734132020321e-07
P5,sd,0.0,0.0,domain_x,0.125,512,1.25e-05,40.0,1.5,0.01,u,7.083928409978846e-07,7.083928409978846e-07,7.070923758178971e-07
P5,sd,0.0,0.0,domain_x,0.125,512,1.25e-05,40.0,1.5,0.01,v,2.8067206224446917e-07,2.8067206225834695e-07,2.8067206225834695e-07
P5,sd,0.0,0.0,domain_y,0.125,256,1.25e-05,20.0,2.0,0.005,u,4.0986973340317867e-07,4.0986973340317867e-07,4.0986973343093425e-07
P5,sd,0.0,0.0,domain_y,0.125,256,1.25e-05,20.0,2.0,0.005,v,1.395444137047841e-07,1.395495881906239e-07,1.3946355841010227e-07
P5,sd,0.0,0.0,domain_y,0.125,256,1.25e-05,20.0,2.0,0.01,u,9.34127048379807e-07,9.34127048379807e-07,9.341270483855029e-07
P5,sd,0.0,0.0,domain_y,0.125,256,1.25e-05,20.0,2.0,0.01,v,4.4074314917870246e-07,4.4074314917870246e-07,3.983743734677493e-07
P5,sd,0.0,0.125,main,0.125,256,1.25e-05,20.0,1.5,0.005,u,4.5729530215310454e-07,4.573148770781188e-07,4.566271153139123e-07
P5,sd,0.0,0.125,main,0.125,256,1.25e-05,20.0,1.5,0.005,v,6.04599147170648e-06,6.04599147170648e-06,6.043792486518096e-06
P5,sd,0.0,0.125,main,0.125,256,1.25e-05,20.0,1.5,0.01,u,1.1618662384138556e-06,1.1619891023273432e-06,1.1586720710388132e-06
P5,sd,0.0,0.125,main,0.125,256,1.25e-05,20.0,1.5,0.01,v,1.2109876411453557e-05,1.2109888297737181e-05,1.2109876411453557e-05
P5,sd,0.0,0.125,space_y,0.0625,256,1.25e-05,20.0,1.5,0.005,u,2.1940360849941505e-07,2.314242270040623e-07,1.8322107821472795e-07
P5,sd,0.0,0.125,space_y,0.0625,256,1.25e-05,20.0,1.5,0.005,v,1.508789132576016e-06,1.508789132576016e-06,1.5083083952649456e-06
P5,sd,0.0,0.125,space_y,0.0625,256,1.25e-05,20.0,1.5,0.01,u,8.5568836707961e-07,8.5568836707961e-07,8.556883670307532e-07
P5,sd,0.0,0.125,space_y,0.0625,256,1.25e-05,20.0,1.5,0.01,v,3.023054126083391e-06,3.023054126083391e-06,3.023054126083391e-06
P5,sd,0.0,0.125,time_half,0.125,256,6.25e-06,20.0,1.5,0.005,u,4.5770119894150696e-07,4.577252988857694e-07,4.570230322797908e-07
P5,sd,0.0,0.125,time_half,0.125,256,6.25e-06,20.0,1.5,0.005,v,6.045987451006041e-06,6.045987451006041e-06,6.043787310228144e-06
P5,sd,0.0,0.125,time_half,0.125,256,6.25e-06,20.0,1.5,0.01,u,1.16271013300695e-06,1.162839298574081e-06,1.1595375362383198e-06
P5,sd,0.0,0.125,time_half,0.125,256,6.25e-06,20.0,1.5,0.01,v,1.2109871117979565e-05,1.210989033444132e-05,1.2109871117979565e-05
P5,sd,0.0,0.125,space_x,0.125,512,1.25e-05,20.0,1.5,0.005,u,1.2023669669486425e-05,1.2095631048342215e-05,1.2023669669475245e-05
P5,sd,0.0,0.125,space_x,0.125,512,1.25e-05,20.0,1.5,0.005,v,6.05897386510922e-06,6.151814916431755e-06,6.0589738650992285e-06
P5,sd,0.0,0.125,space_x,0.125,512,1.25e-05,20.0,1.5,0.01,u,0.003996420016248142,0.00409339929575242,0.0037442639796113186
P5,sd,0.0,0.125,space_x,0.125,512,1.25e-05,20.0,1.5,0.01,v,0.002410472662695742,0.002446280672973736,0.0023066986390639544
P5,sd,0.0,0.125,domain_x,0.125,512,1.25e-05,40.0,1.5,0.005,u,4.573043843048019e-07,4.5732740597270727e-07,4.566271153139123e-07
P5,sd,0.0,0.125,domain_x,0.125,512,1.25e-05,40.0,1.5,0.005,v,6.045975793109171e-06,6.045975793109171e-06,6.043792486518096e-06
P5,sd,0.0,0.125,domain_x,0.125,512,1.25e-05,40.0,1.5,0.01,u,1.161876917094018e-06,1.1619996232725693e-06,1.1586720710388132e-06
P5,sd,0.0,0.125,domain_x,0.125,512,1.25e-05,40.0,1.5,0.01,v,1.2109876411453557e-05,1.210987993822965e-05,1.2109876411453557e-05
P5,sd,0.0,0.125,domain_y,0.125,256,1.25e-05,20.0,2.0,0.005,u,5.357366880121006e-07,5.357366880121006e-07,5.33775482980392e-07
P5,sd,0.0,0.125,domain_y,0.125,256,1.25e-05,20.0,2.0,0.005,v,6.047044596599327e-06,6.047044596599327e-06,6.0449733838008335e-06
P5,sd,0.0,0.125,domain_y,0.125,256,1.25e-05,20.0,2.0,0.01,u,1.3607874226884142e-06,1.3607874226884142e-06,1.359606081302589e-06
P5,sd,0.0,0.125,domain_y,0.125,256,1.25e-05,20.0,2.0,0.01,v,1.2114687791414669e-05,1.2114816338351653e-05,1.2114687791414669e-05
P5,sd,0.125,-0.125,main,0.125,256,1.25e-05,20.0,1.5,0.005,u,6.412291797541769e-07,6.412291797541769e-07,6.406158851723909e-07
P5,sd,0.125,-0.125,main,0.125,256,1.25e-05,20.0,1.5,0.005,v,7.429774585676618e-06,7.429774585676618e-06,7.429774585676618e-06
P5,sd,0.125,-0.125,main,0.125,256,1.25e-05,20.0,1.5,0.01,u,1.4001657097084674e-06,1.4001657097084674e-06,1.3991589169481955e-06
P5,sd,0.125,-0.125,main,0.125,256,1.25e-05,20.0,1.5,0.01,v,1.4851722314482285e-05,1.4851722314482285e-05,1.4851106343957698e-05
P5,sd,0.125,-0.125,space_y,0.0625,256,1.25e-05,20.0,1.5,0.005,u,2.3975616447735604e-07,2.397747604909739e-07,2.390845058597435e-07
P5,sd,0.125,-0.125,space_y,0.0625,256,1.25e-05,20.0,1.5,0.005,v,1.8604705263602916e-06,1.8604736905375452e-06,1.8604664507315682e-06
P5,sd,0.125,-0.125,space_y,0.0625,256,1.25e-05,20.0,1.5,0.01,u,8.556881779531178e-07,8.556881779531178e-07,8.55688177930617e-07
P5,sd,0.125,-0.125,space_y,0.0625,256,1.25e-05,20.0,1.5,0.01,v,3.7193973234928013e-06,3.7194033466192433e-06,3.7193318001144116e-06
P5,sd,0.125,-0.125,time_half,0.125,256,6.25e-06,20.0,1.5,0.005,u,6.412387320020585e-07,6.412387320020585e-07,6.406332245245672e-07
P5,sd,0.125,-0.125,time_half,0.125,256,6.25e-06,20.0,1.5,0.005,v,7.4297595494265956e-06,7.4297595494265956e-06,7.429759549454351e-06
P5,sd,0.125,-0.125,time_half,0.125,256,6.25e-06,20.0,1.5,0.01,u,1.4001872468138998e-06,1.4001872468138998e-06,1.3991982098504607e-06
P5,sd,0.125,-0.125,time_half,0.125,256,6.25e-06,20.0,1.5,0.01,v,1.485167956304101e-05,1.485167956304101e-05,1.4851066511931132e-05
P5,sd,0.125,-0.125,space_x,0.125,512,1.25e-05,20.0,1.5,0.005,u,1.2018397212487653e-05,1.2096427530861042e-05,1.2018397212507632e-05
P5,sd,0.125,-0.125,space_x,0.125,512,1.25e-05,20.0,1.5,0.005,v,7.426187272174811e-06,7.426187272174811e-06,7.426187272188689e-06
P5,sd,0.125,-0.125,space_x,0.125,512,1.25e-05,20.0,1.5,0.01,u,0.003989574465718487,0.0040904808214425326,0.0037459833695247724
P5,sd,0.125,-0.125,space_x,0.125,512,1.25e-05,20.0,1.5,0.01,v,0.0024030777921830305,0.0024417940933188793,0.0022990176913466236
P5,sd,0.125,-0.125,domain_x,0.125,512,1.25e-05,40.0,1.5,0.005,u,6.412363134922217e-07,6.412363134922217e-07,6.406158851723909e-07
P5,sd,0.125,-0.125,domain_x,0.125,512,1.25e-05,40.0,1.5,0.005,v,7.429774585676618e-06,7.429774585676618e-06,7.429774585676618e-06
P5,sd,0.125,-0.125,domain_x,0.125,512,1.25e-05,40.0,1.5,0.01,u,1.4001602285373949e-06,1.4001602285373949e-06,1.3991589169481955e-06
P5,sd,0.125,-0.125,domain_x,0.125,512,1.25e-05,40.0,1.5,0.01,v,1.485169290010857e-05,1.485169290010857e-05,1.4851106343957698e-05
P5,sd,0.125,-0.125,domain_y,0.125,256,1.25e-05,20.0,2.0,0.005,u,7.505600334023477e-07,7.506682520586061e-07,7.482267502800788e-07
P5,sd,0.125,-0.125,domain_y,0.125,256,1.25e-05,20.0,2.0,0.005,v,7.4301046188163244e-06,7.4301046188163244e-06,7.430104618857958e-06
P5,sd,0.125,-0.125,domain_y,0.125,256,1.25e-05,20.0,2.0,0.01,u,1.63914002704324e-06,1.6395250636014325e-06,1.63470966985102e-06
P5,sd,0.125,-0.125,domain_y,0.125,256,1.25e-05,20.0,2.0,0.01,v,1.485205758076924e-05,1.485205758076924e-05,1.4851643518720703e-05
P5,sd,0.125,0.0,main,0.125,256,1.25e-05,20.0,1.5,0.005,u,6.262164441994678e-07,6.262878005647288e-07,6.262164441994678e-07
P5,sd,0.125,0.0,main,0.125,256,1.25e-05,20.0,1.5,0.005,v,1.4342657914945267e-06,1.4342994509863871e-06,1.4332829027657867e-06
P5,sd,0.125,0.0,main,0.125,256,1.25e-05,20.0,1.5,0.01,u,1.2493049354467267e-06,1.249477168063784e-06,1.2493049354467267e-06
P5,sd,0.125,0.0,main,0.125,256,1.25e-05,20.0,1.5,0.01,v,2.8780857336818677e-06,2.878250318569253e-06,2.8777904395871357e-06
P5,sd,0.125,0.0,space_y,0.0625,256,1.25e-05,20.0,1.5,0.005,u,2.3787677638775762e-07,2.379533975416237e-07,2.378172100359066e-07
P5,sd,0.125,0.0,space_y,0.0625,256,1.25e-05,20.0,1.5,0.005,v,3.661133401444694e-07,3.6611539111497393e-07,3.658425005298449e-07
P5,sd,0.125,0.0,space_y,0.0625,256,1.25e-05,20.0,1.5,0.01,u,8.556915247481811e-07,8.556915247481811e-07,8.556915247121089e-07
P5,sd,0.125,0.0,space_y,0.0625,256,1.25e-05,20.0,1.5,0.01,v,7.29143128277987e-07,7.29143128277987e-07,7.278305768493309e-07
P5,sd,0.125,0.0,space_x,0.125,512,1.25e-05,20.0,1.5,0.005,u,1.2020566038134506e-05,1.2096415973439356e-05,1.2020566038102278e-05
P5,sd,0.125,0.0,space_x,0.125,512,1.25e-05,20.0,1.5,0.005,v,6.059057071287279e-06,6.149152613054001e-06,6.059057071261445e-06
P5,sd,0.125,0.0,space_x,0.125,512,1.25e-05,20.0,1.5,0.01,u,0.0039924067387922535,0.004091944896189859,0.0037457844617621748
P5,sd,0.125,0.0,space_x,0.125,512,1.25e-05,20.0,1.5,0.01,v,0.0024064979150767714,0.0024441182671809895,0.0023025237057152747
P5,sd,0.125,0.0,time_half,0.125,256,6.25e-06,20.0,1.5,0.005,u,6.26247725621365e-07,6.263109140758338e-07,6.26247725621365e-07
P5,sd,0.125,0.0,time_half,0.125,256,6.25e-06,20.0,1.5,0.005,v,1.4342523077387481e-06,1.4342788182269972e-06,1.4332833875446704e-06
P5,sd,0.125,0.0,time_half,0.125,256,6.25e-06,20.0,1.5,0.01,u,1.249380677526002e-06,1.249536499159376e-06,1.249380677526002e-06
P5,sd,0.125,0.0,time_half,0.125,256,6.25e-06,20.0,1.5,0.01,v,2.878036000228401e-06,2.87821515813913e-06,2.8777696301912625e-06
P5,sd,0.125,0.0,domain_x,0.125,512,1.25e-05,40.0,1.5,0.005,u,6.262164441994678e-07,6.262814701840647e-07,6.262164441994678e-07
P5,sd,0.125,0.0,domain_x,0.125,512,1.25e-05,40.0,1.5,0.005,v,1.4342942147305138e-06,1.4343362529228854e-06,1.4332829027657867e-06
P5,sd,0.125,0.0,domain_x,0.125,512,1.25e-05,40.0,1.5,0.01,u,1.2493049354467267e-06,1.249469587183416e-06,1.2493049354467267e-06
P5,sd,0.125,0.0,domain_x,0.125,512,1.25e-05,40.0,1.5,0.01,v,2.8781141154787804e-06,2.8782658173243103e-06,2.8777904395871357e-06
P5,sd,0.125,0.0,domain_y,0.125,256,1.25e-05,20.0,2.0,0.005,u,7.33196327262764e-07,7.33196327262764e-07,7.321716983255122e-07
P5,sd,0.125,0.0,domain_y,0.125,256,1.25e-05,20.0,2.0,0.005,v,1.4348504542432972e-06,1.4349055518919629e-06,1.4338508953770646e-06
P5,sd,0.125,0.0,domain_y,0.125,256,1.25e-05,20.0,2.0,0.01,u,1.4626848685583838e-06,1.4626848685583838e-06,1.4605067394368731e-06
P5,sd,0.125,0.0,domain_y,0.125,256,1.25e-05,20.0,2.0,0.01,v,2.8804612151461795e-06,2.8805375022894486e-06,2.879991239726487e-06
P5,sd,0.125,0.125,main,0.125,256,1.25e-05,20.0,1.5,0.005,u,6.441895957221e-07,6.442031092457334e-07,6.441895957221e-07
P5,sd,0.125,0.125,main,0.125,256,1.25e-05,20.0,1.5,0.005,v,4.614098356475749e-06,4.614098356475749e-06,4.613755042084944e-06
P5,sd,0.125,0.125,main,0.125,256,1.25e-05,20.0,1.5,0.01,u,1.3497818206475998e-06,1.350057290017137e-06,1.3495405215002698e-06
P5,sd,0.125,0.125,main,0.125,256,1.25e-05,20.0,1.5,0.01,v,9.230988778211047e-06,9.230988778211047e-06,9.230988778224924e-06
P5,sd,0.125,0.125,space_y,0.0625,256,1.25e-05,20.0,1.5,0.005,u,2.3997466275238466e-07,2.4003954374185454e-07,2.389765532684329e-07
P5,sd,0.125,0.125,space_y,0.0625,256,1.25e-05,20.0,1.5,0.005,v,1.1509295812089926e-06,1.1509295812089926e-06,1.1508734374943153e-06
P5,sd,0.125,0.125,space_y,0.0625,256,1.25e-05,20.0,1.5,0.01,u,8.556948508930962e-07,8.556948508930962e-07,8.556948508744212e-07
P5,sd,0.125,0.125,space_y,0.0625,256,1.25e-05,20.0,1.5,0.01,v,2.3033388943660693e-06,2.3033388943660693e-06,2.3033388943660693e-06
P5,sd,0.125,0.125,time_half,0.125,256,6.25e-06,20.0,1.5,0.005,u,6.44304086583336e-07,6.44329674059918e-07,6.44304086583336e-07
P5,sd,0.125,0.125,time_half,0.125,256,6.25e-06,20.0,1.5,0.005,v,4.6140800413208005e-06,4.6140800413208005e-06,4.613734591984997e-06
P5,sd,0.125,0.125,time_half,0.125,256,6.25e-06,20.0,1.5,0.01,u,1.3501912777824643e-06,1.3504448644896527e-06,1.3499058516552864e-06
P5,sd,0.125,0.125,time_half,0.125,256,6.25e-06,20.0,1.5,0.01,v,9.230942904739359e-06,9.230942904739359e-06,9.230942904725481e-06
P5,sd,0.125,0.125,space_x,0.125,512,1.25e-05,20.0,1.5,0.005,u,1.202272968414686e-05,1.2096399014949188e-05,1.2022729684141388e-05
P5,sd,0.125,0.125,space_x,0.125,512,1.25e-05,20.0,1.5,0.005,v,6.0597872616746e-06,6.151757777353564e-06,6.059787261685524e-06
P5,sd,0.125,0.125,space_x,0.125,512,1.25e-05,20.0,1.5,0.01,u,0.003995232647031832,0.004093401874892294,0.003745578428154002
P5,sd,0.125,0.125,space_x,0.125,512,1.25e-05,20.0,1.5,0.01,v,0.0024099119797453545,0.0024464349371473033,0.0023060241421867375
P5,sd,0.125,0.125,domain_x,0.125,512,1.25e-05,40.0,1.5,0.005,u,6.441895956665888e-07,6.441940320067729e-07,6.441895957221e-07
P5,sd,0.125,0.125,domain_x,0.125,512,1.25e-05,40.0,1.5,0.005,v,4.614091581839341e-06,4.614091581839341e-06,4.613755042084944e-06
P5,sd,0.125,0.125,domain_x,0.125,512,1.25e-05,40.0,1.5,0.01,u,1.34980538091245e-06,1.3500697682022889e-06,1.3495405215002698e-06
P5,sd,0.125,0.125,domain_x,0.125,512,1.25e-05,40.0,1.5,0.01,v,9.230988778238802e-06,9.230988778224924e-06,9.230988778224924e-06
P5,sd,0.125,0.125,domain_y,0.125,256,1.25e-05,20.0,2.0,0.005,u,7.540304758357763e-07,7.542136302718383e-07,7.540304758357763e-07
P5,sd,0.125,0.125,domain_y,0.125,256,1.25e-05,20.0,2.0,0.005,v,4.61349714181436e-06,4.61349714181436e-06,4.612870929662782e-06
P5,sd,0.125,0.125,domain_y,0.125,256,1.25e-05,20.0,2.0,0.01,u,1.5803664375479975e-06,1.5803664375479975e-06,1.5803664374924864e-06
P5,sd,0.125,0.125,domain_y,0.125,256,1.25e-05,20.0,2.0,0.01,v,9.228904735827936e-06,9.22897412110324e-06,9.22890473580018e-06
P5,sd,0.04248652711,0.00844851896,main,0.125,256,1.25e-05,20.0,1.5,0.005,u,2.1509089072376467e-07,2.285189296957757e-07,1.7933583896848e-07
P5,sd,0.04248652711,0.00844851896,main,0.125,256,1.25e-05,20.0,1.5,0.005,v,1.232908712345271e-07,1.3424679815356155e-07,1.2319731135246315e-07
P5,sd,0.04248652711,0.00844851896,main,0.125,256,1.25e-05,20.0,1.5,0.01,u,8.362384301963122e-07,8.362384301963122e-07,8.362384302126684e-07
P5,sd,0.04248652711,0.00844851896,main,0.125,256,1.25e-05,20.0,1.5,0.01,v,4.235862518869434e-07,4.2569502539167604e-07,3.9396557033230526e-07
P5,sd,0.04248652711,0.00844851896,space_y,0.0625,256,1.25e-05,20.0,1.5,0.005,u,2.1939712976519927e-07,2.313938085585221e-07,1.8323657316760612e-07
P5,sd,0.04248652711,0.00844851896,space_y,0.0625,256,1.25e-05,20.0,1.5,0.005,v,1.0943231377147713e-07,1.357527325812469e-07,6.379381834450857e-08
P5,sd,0.04248652711,0.00844851896,space_y,0.0625,256,1.25e-05,20.0,1.5,0.01,u,8.556874898646427e-07,8.556874898646427e-07,8.556874899156133e-07
P5,sd,0.04248652711,0.00844851896,space_y,0.0625,256,1.25e-05,20.0,1.5,0.01,v,4.2855222980485986e-07,4.299248139842803e-07,3.96508331457871e-07
P5,sd,0.04248652711,0.00844851896,time_half,0.125,256,6.25e-06,20.0,1.5,0.005,u,2.1527457526356533e-07,2.2844177724468118e-07,1.7960136823978341e-07
P5,sd,0.04248652711,0.00844851896,time_half,0.125,256,6.25e-06,20.0,1.5,0.005,v,1.2275223398861002e-07,1.342757838146551e-07,1.226630036432752e-07
P5,sd,0.04248652711,0.00844851896,time_half,0.125,256,6.25e-06,20.0,1.5,0.01,u,8.379739529218444e-07,8.379739529218444e-07,8.379739529085714e-07
P5,sd,0.04248652711,0.00844851896,time_half,0.125,256,6.25e-06,20.0,1.5,0.01,v,4.2453860699838216e-07,4.267779591343559e-07,3.951976694563818e-07
P5,sd,0.04248652711,0.00844851896,space_x,0.125,512,1.25e-05,20.0,1.5,0.005,u,1.2021337308543156e-05,1.209591257825271e-05,1.202133730852692e-05
P5,sd,0.04248652711,0.00844851896,space_x,0.125,512,1.25e-05,20.0,1.5,0.005,v,6.058573491125254e-06,6.149370203277618e-06,6.058573491104351e-06
P5,sd,0.04248652711,0.00844851896,space_x,0.125,512,1.25e-05,20.0,1.5,0.01,u,0.0039933873010716825,0.004092047879983601,0.0037449088886127037
P5,sd,0.04248652711,0.00844851896,space_x,0.125,512,1.25e-05,20.0,1.5,0.01,v,0.0024071031902383393,0.002444178012251637,0.0023032096811377795
P5,sd,0.04248652711,0.00844851896,domain_x,0.125,512,1.25e-05,40.0,1.5,0.005,u,1.5815170842370385e-07,1.5815170842370385e-07,1.5736767972063248e-07
P5,sd,0.04248652711,0.00844851896,domain_x,0.125,512,1.25e-05,40.0,1.5,0.005,v,1.2329168022628956e-07,1.2329168025404513e-07,1.2319731135246315e-07
P5,sd,0.04248652711,0.00844851896,domain_x,0.125,512,1.25e-05,40.0,1.5,0.01,u,3.154848623732054e-07,3.154848623732054e-07,3.151327074846222e-07
P5,sd,0.04248652711,0.00844851896,domain_x,0.125,512,1.25e-05,40.0,1.5,0.01,v,2.4503832560252015e-07,2.4503832560252015e-07,2.4503832558864236e-07
P5,sd,0.04248652711,0.00844851896,domain_y,0.125,256,1.25e-05,20.0,2.0,0.005,u,2.334801337132341e-07,2.334801337132341e-07,1.9695376657620811e-07
P5,sd,0.04248652711,0.00844851896,domain_y,0.125,256,1.25e-05,20.0,2.0,0.005,v,1.2306657737326532e-07,1.3683645592650606e-07,1.2305280958080367e-07
P5,sd,0.04248652711,0.00844851896,domain_y,0.125,256,1.25e-05,20.0,2.0,0.01,u,9.341433309661973e-07,9.341433309661973e-07,9.341433309426493e-07
P5,sd,0.04248652711,0.00844851896,domain_y,0.125,256,1.25e-05,20.0,2.0,0.01,v,4.407512015014e-07,4.407512015014e-07,3.984147809123435e-07
P6,fd,0.0,0.0,main,0.125,256,1.25e-05,20.0,1.5,0.005,u,0.00014748063849800985,0.00014748063849800985,0.0001474806384977878
P6,fd,0.0,0.0,main,0.125,256,1.25e-05,20.0,1.5,0.005,v,5.498262762926309e-05,5.498262762926309e-05,5.373947759590436e-05
P6,fd,0.0,0.0,main,0.125,256,1.25e-05,20.0,1.5,0.01,u,0.00036537675995340635,0.00036537675995340635,0.00033467315366619843
P6,fd,0.0,0.0,main,0.125,256,1.25e-05,20.0,1.5,0.01,v,0.00014368729762848087,0.00014368729762848087,0.00013837252301074354
P6,fd,0.0,0.0,space_y,0.0625,256,1.25e-05,20.0,1.5,0.005,u,0.00014586916962411323,0.00014586916962411323,0.00014586916962389118
P6,fd,0.0,0.0,space_y,0.0625,256,1.25e-05,20.0,1.5,0.005,v,5.266244652224472e-05,5.277825080074461e-05,5.220178561260447e-05
P6,fd,0.0,0.0,space_y,0.0625,256,1.25e-05,20.0,1.5,0.01,u,0.0003609681241329987,0.0003609681241329987,0.0003315458248804859
P6,fd,0.0,0.0,space_y,0.0625,256,1.25e-05,20.0,1.5,0.01,v,0.00013941344201973127,0.00013941344201973127,0.000135818021548606
P6,fd,0.0,0.0,time_half,0.125,256,6.25e-06,20.0,1.5,0.005,u,0.00014768581393642677,0.00014768581393642677,0.00014768581393642677
P6,fd,0.0,0.0,time_half,0.125,256,6.25e-06,20.0,1.5,0.005,v,5.528050366565562e-05,5.528050366565562e-05,5.4050678197858915e-05
P6,fd,0.0,0.0,time_half,0.125,256,6.25e-06,20.0,1.5,0.01,u,0.0003662073584220771,0.0003662073584220771,0.00033571706310242533
P6,fd,0.0,0.0,time_half,0.125,256,6.25e-06,20.0,1.5,0.01,v,0.00014438398505622896,0.00014438398505622896,0.000139072477640112
P6,fd,0.0,0.0,space_x,0.125,512,1.25e-05,20.0,1.5,0.005,u,1.5107154773819076e-05,1.5115112931507468e-05,1.5002512474326934e-05
P6,fd,0.0,0.0,space_x,0.125,512,1.25e-05,20.0,1.5,0.005,v,6.952493725842501e-06,6.953211344029597e-06,6.899813132843491e-06
P6,fd,0.0,0.0,space_x,0.125,512,1.25e-05,20.0,1.5,0.01,u,4.128476312215135e-05,4.129105281736045e-05,4.086566515049128e-05
P6,fd,0.0,0.0,space_x,0.125,512,1.25e-05,20.0,1.5,0.01,v,1.831800101770309e-05,1.8318001017814112e-05,1.8318001017814112e-05
P6,sd,-0.125,-0.125,main,0.125,256,1.25e-05,20.0,1.5,0.005,u,0.00011696987589493446,0.00011696987589493446,0.00011475267799654354
P6,sd,-0.125,-0.125,main,0.125,256,1.25e-05,20.0,1.5,0.005,v,0.00010319150402410271,0.00010319150402410271,0.00010143527886302683
P6,sd,-0.125,-0.125,main,0.125,256,1.25e-05,20.0,1.5,0.01,u,0.00030074216510467267,0.0003016277283662827,0.00029960330659828394
P6,sd,-0.125,-0.125,main,0.125,256,1.25e-05,20.0,1.5,0.01,v,0.00022942072000509128,0.00022971995908088738,0.0002225736120820554
P6,sd,-0.125,0.0,main,0.125,256,1.25e-05,20.0,1.5,0.005,u,0.0001058624302654465,0.0001058624302654465,0.00010447233952559642
P6,sd,-0.125,0.0,main,0.125,256,1.25e-05,20.0,1.5,0.005,v,6.20957209607198e-05,6.227030092798014e-05,6.0695248351949616e-05
P6,sd,-0.125,0.0,main,0.125,256,1.25e-05,20.0,1.5,0.01,u,0.0002668135172898545,0.0002668135172898545,0.00025673047869045895
P6,sd,-0.125,0.0,main,0.125,256,1.25e-05,20.0,1.5,0.01,v,0.0001538328423851265,0.0001546640958322021,0.0001461968069094155
P6,sd,-0.125,-0.125,space_y,0.0625,256,1.25e-05,20.0,1.5,0.005,u,0.00013234261998640307,0.00013234261998640307,0.00013234261998640307
P6,sd,-0.125,-0.125,space_y,0.0625,256,1.25e-05,20.0,1.5,0.005,v,4.7784914548987256e-05,4.7784914548987256e-05,4.609372319991367e-05
P6,sd,-0.125,-0.125,space_y,0.0625,256,1.25e-05,20.0,1.5,0.01,u,0.0003298982199591016,0.0003298982199591016,0.0003043528658439598
P6,sd,-0.125,-0.125,space_y,0.0625,256,1.25e-05,20.0,1.5,0.01,v,0.00011569712506587226,0.00011660189659379316,0.00011569712506587226
P6,sd,-0.125,-0.125,space_x,0.125,512,1.25e-05,20.0,1.5,0.005,u,4.3698781033274514e-05,4.3698781033274514e-05,4.347964646456148e-05
P6,sd,-0.125,-0.125,space_x,0.125,512,1.25e-05,20.0,1.5,0.005,v,7.986859685671366e-05,7.986859685671366e-05,7.986859685676917e-05
P6,sd,-0.125,-0.125,space_x,0.125,512,1.25e-05,20.0,1.5,0.01,u,0.00010216634611159847,0.00010216634611159847,0.00010216634611159847
P6,sd,-0.125,-0.125,space_x,0.125,512,1.25e-05,20.0,1.5,0.01,v,0.00016011948353589212,0.00016014319857449166,0.00016011948353589212
P6,sd,-0.125,-0.125,time_half,0.125,256,6.25e-06,20.0,1.5,0.005,u,0.0001166975533763992,0.0001166975533763992,0.00011451304451348676
P6,sd,-0.125,-0.125,time_half,0.125,256,6.25e-06,20.0,1.5,0.005,v,0.00010321986724554089,0.00010321986724554089,0.00010147374168417711
P6,sd,-0.125,-0.125,time_half,0.125,256,6.25e-06,20.0,1.5,0.01,u,0.0003002849551885234,0.0003012057626858855,0.00029921430540280625
P6,sd,-0.125,-0.125,time_half,0.125,256,6.25e-06,20.0,1.5,0.01,v,0.00022949429372548513,0.00022977176868338445,0.00022254610552940868
P6,sd,-0.125,0.0,space_y,0.0625,256,1.25e-05,20.0,1.5,0.005,u,0.00013323588241132,0.00013323588241132,0.00013323588241132
P6,sd,-0.125,0.0,space_y,0.0625,256,1.25e-05,20.0,1.5,0.005,v,5.452190269017443e-05,5.452190269017443e-05,5.3763191405709065e-05
P6,sd,-0.125,0.0,space_y,0.0625,256,1.25e-05,20.0,1.5,0.01,u,0.0003359732294381246,0.0003359732294381246,0.0003066521469741179
P6,sd,-0.125,0.0,space_y,0.0625,256,1.25e-05,20.0,1.5,0.01,v,0.00014260345873351454,0.00014260345873351454,0.00013863764785781996
P6,sd,-0.125,0.125,main,0.125,256,1.25e-05,20.0,1.5,0.005,u,0.00010198607065214915,0.00010223539334996978,0.00010140835365657352
P6,sd,-0.125,0.125,main,0.125,256,1.25e-05,20.0,1.5,0.005,v,0.00014010335555481035,0.00014010335555481035,0.00014010335555469933
P6,sd,-0.125,0.125,main,0.125,256,1.25e-05,20.0,1.5,0.01,u,0.0002918621919483222,0.00029314470366381684,0.000277866186021436
P6,sd,-0.125,0.125,main,0.125,256,1.25e-05,20.0,1.5,0.01,v,0.00029053633545117474,0.00029053633545117474,0.00028779768999465105
P6,sd,-0.125,0.0,time_half,0.125,256,6.25e-06,20.0,1.5,0.005,u,0.00010557523539289626,0.00010557523539289626,0.0001042186544197854
P6,sd,-0.125,0.0,time_half,0.125,256,6.25e-06,20.0,1.5,0.005,v,6.239292356591264e-05,6.255934830201593e-05,6.047884773374701e-05
P6,sd,-0.125,0.0,time_half,0.125,256,6.25e-06,20.0,1.5,0.01,u,0.0002676433288351099,0.0002676433288351099,0.00025631224009070586
P6,sd,-0.125,0.0,time_half,0.125,256,6.25e-06,20.0,1.5,0.01,v,0.00015453759079364637,0.00015536211885902595,0.00014690399795314057
P6,sd,-0.125,0.0,space_x,0.125,512,1.25e-05,20.0,1.5,0.005,u,3.4943682176047375e-05,3.4944274626802496e-05,3.4943682176047375e-05
P6,sd,-0.125,0.0,space_x,0.125,512,1.25e-05,20.0,1.5,0.005,v,2.5906211634563192e-05,2.5906211634563192e-05,2.590621163445217e-05
P6,sd,-0.125,0.0,space_x,0.125,512,1.25e-05,20.0,1.5,0.01,u,7.242558232367635e-05,7.245501947528155e-05,7.242558232367635e-05
P6,sd,-0.125,0.0,space_x,0.125,512,1.25e-05,20.0,1.5,0.01,v,5.4297957392202e-05,5.4297957392202e-05,5.4297957392202e-05
P6,sd,-0.125,0.125,space_y,0.0625,256,1.25e-05,20.0,1.5,0.005,u,0.00013412915958799232,0.00013421790693213254,0.00013412915958799232
P6,sd,-0.125,0.125,space_y,0.0625,256,1.25e-05,20.0,1.5,0.005,v,6.901253768876181e-05,6.929447970149827e-05,6.752935053078168e-05
P6,sd,-0.125,0.125,space_y,0.0625,256,1.25e-05,20.0,1.5,0.01,u,0.0003420484349936359,0.0003420484349936359,0.0003144785559998642
P6,sd,-0.125,0.125,space_y,0.0625,256,1.25e-05,20.0,1.5,0.01,v,0.00016961841307538972,0.00017055309416169617,0.00016157819453088695
P6,sd,0.0,-0.125,main,0.125,256,1.25e-05,20.0,1.5,0.005,u,0.0001265278544806403,0.00012701784909197045,0.00012646550528794265
P6,sd,0.0,-0.125,main,0.125,256,1.25e-05,20.0,1.5,0.005,v,0.0001244741093252011,0.0001244741093252011,0.00012288638646074102
P6,sd,0.0,-0.125,main,0.125,256,1.25e-05,20.0,1.5,0.01,u,0.00030910577788789695,0.00030945372589963327,0.00030910577788789695
P6,sd,0.0,-0.125,main,0.125,256,1.25e-05,20.0,1.5,0.01,v,0.0002726729709410236,0.0002729446071273456,0.0002653066680285421
P6,sd,-0.125,0.125,time_half,0.125,256,6.25e-06,20.0,1.5,0.005,u,0.00010226487303266474,0.00010247935069962466,0.00010161574279243801
P6,sd,-0.125,0.125,time_half,0.125,256,6.25e-06,20.0,1.5,0.005,v,0.00013996135830396383,0.00013996135830396383,0.00013996135830407486
P6,sd,-0.125,0.125,time_half,0.125,256,6.25e-06,20.0,1.5,0.01,u,0.0002928246007543045,0.00029404779625141764,0.0002789216532850247
P6,sd,-0.125,0.125,time_half,0.125,256,6.25e-06,20.0,1.5,0.01,v,0.0002902530576486262,0.0002902530576486262,0.0002875451967310205
P6,sd,-0.125,0.125,space_x,0.125,512,1.25e-05,20.0,1.5,0.005,u,3.9672434665405376e-05,3.967338723231961e-05,3.9672434665405376e-05
P6,sd,-0.125,0.125,space_x,0.125,512,1.25e-05,20.0,1.5,0.005,v,0.00012549647834236843,0.00012549647834236843,0.00012543930829023164
P6,sd,-0.125,0.125,space_x,0.125,512,1.25e-05,20.0,1.5,0.01,u,0.00011422798890436958,0.00011422798890436958,0.00011404379764101691
P6,sd,-0.125,0.125,space_x,0.125,512,1.25e-05,20.0,1.5,0.01,v,0.00025638389389015526,0.00025638389389015526,0.00025603233931847935
P6,sd,0.0,-0.125,space_y,0.0625,256,1.25e-05,20.0,1.5,0.005,u,0.00014051597253361692,0.00014051597253361692,0.00014051597253361692
P6,sd,0.0,-0.125,space_y,0.0625,256,1.25e-05,20.0,1.5,0.005,v,5.305226776819438e-05,5.305226776819438e-05,5.1331088703643335e-05
P6,sd,0.0,-0.125,space_y,0.0625,256,1.25e-05,20.0,1.5,0.01,u,0.00034475200386063776,0.00034475200386063776,0.0003209709035680852
P6,sd,0.0,-0.125,space_y,0.0625,256,1.25e-05,20.0,1.5,0.01,v,0.0001260215234646922,0.000126059441112103,0.00011948314801757398
P6,sd,0.0,0.0,main,0.125,256,1.25e-05,20.0,1.5,0.005,u,0.0001299514817874048,0.0001299514817874048,0.00012995148178762683
P6,sd,0.0,0.0,main,0.125,256,1.25e-05,20.0,1.5,0.005,v,5.215310007378182e-05,5.2248519342379396e-05,5.2153100073892844e-05
P6,sd,0.0,0.0,main,0.125,256,1.25e-05,20.0,1.5,0.01,u,0.0003250392601281682,0.0003250392601281682,0.00030121396208748763
P6,sd,0.0,0.0,main,0.125,256,1.25e-05,20.0,1.5,0.01,v,0.00013535383903240383,0.00013535383903240383,0.0001314287551540394
P6,sd,0.0,-0.125,time_half,0.125,256,6.25e-06,20.0,1.5,0.005,u,0.00012667120474940674,0.00012718827336488658,0.00012667120474940674
P6,sd,0.0,-0.125,time_half,0.125,256,6.25e-06,20.0,1.5,0.005,v,0.0001245028936486814,0.0001245028936486814,0.00012292078475228951
P6,sd,0.0,-0.125,time_half,0.125,256,6.25e-06,20.0,1.5,0.01,u,0.000308722100025971,0.0003090371987028995,0.000308722100025971
P6,sd,0.0,-0.125,time_half,0.125,256,6.25e-06,20.0,1.5,0.01,v,0.0002727472695884803,0.00027299702500077627,0.00026527935771430977
P6,sd,0.0,-0.125,space_x,0.125,512,1.25e-05,20.0,1.5,0.005,u,2.7338712807356558e-05,2.7338712807578602e-05,2.7338712807356558e-05
P6,sd,0.0,-0.125,space_x,0.125,512,1.25e-05,20.0,1.5,0.005,v,0.00010110124658507802,0.00010110603762236714,0.00010110124658507802
P6,sd,0.0,-0.125,space_x,0.125,512,1.25e-05,20.0,1.5,0.01,u,8.376963234590917e-05,8.377231495826365e-05,8.308506100584978e-05
P6,sd,0.0,-0.125,space_x,0.125,512,1.25e-05,20.0,1.5,0.01,v,0.00020292416630451893,0.00020294574768164875,0.00020292416630446342
P6,sd,0.0,0.0,space_y,0.0625,256,1.25e-05,20.0,1.5,0.005,u,0.00014140914426863382,0.00014140914426863382,0.00014140914426863382
P6,sd,0.0,0.0,space_y,0.0625,256,1.25e-05,20.0,1.5,0.005,v,5.1742115479314066e-05,5.193768353684014e-05,5.1728368543391134e-05
P6,sd,0.0,0.0,space_y,0.0625,256,1.25e-05,20.0,1.5,0.01,u,0.0003508262827023323,0.0003508262827023323,0.00032326942645255485
P6,sd,0.0,0.0,space_y,0.0625,256,1.25e-05,20.0,1.5,0.01,v,0.0001378086419405733,0.0001378086419405733,0.00013475863472534044
P6,sd,0.0,0.125,main,0.125,256,1.25e-05,20.0,1.5,0.005,u,0.00013343768803153466,0.00013366289341543158,0.00013343768803153466
P6,sd,0.0,0.125,main,0.125,256,1.25e-05,20.0,1.5,0.005,v,0.000122741394524728,0.00012290895961175607,0.00012256361717033482
P6,sd,0.0,0.125,main,0.125,256,1.25e-05,20.0,1.5,0.01,u,0.00034882840034855533,0.0003492627444949825,0.00032699607518038576
P6,sd,0.0,0.125,main,0.125,256,1.25e-05,20.0,1.5,0.01,v,0.00025619234121054824,0.00025655810843761007,0.0002514050647588473
P6,sd,0.0,0.0,time_half,0.125,256,6.25e-06,20.0,1.5,0.005,u,0.00013015834888108202,0.00013015834888108202,0.00013015834888130406
P6,sd,0.0,0.0,time_half,0.125,256,6.25e-06,20.0,1.5,0.005,v,5.191079810440424e-05,5.199812131806425e-05,5.191079810440424e-05
P6,sd,0.0,0.0,time_half,0.125,256,6.25e-06,20.0,1.5,0.01,u,0.00032587103365711023,0.00032587103365711023,0.0003017247210381768
P6,sd,0.0,0.0,time_half,0.125,256,6.25e-06,20.0,1.5,0.01,v,0.0001360630082417602,0.0001360630082417602,0.0001321406980415718
P6,sd,0.0,0.0,space_x,0.125,512,1.25e-05,20.0,1.5,0.005,u,1.3757034683425928e-05,1.376774286176996e-05,1.3757034683425928e-05
P6,sd,0.0,0.0,space_x,0.125,512,1.25e-05,20.0,1.5,0.005,v,5.4760583977353505e-06,5.4760583977353505e-06,5.463145595130392e-06
P6,sd,0.0,0.0,space_x,0.125,512,1.25e-05,20.0,1.5,0.01,u,3.076962487336132e-05,3.0796312952663385e-05,3.076962487313928e-05
P6,sd,0.0,0.0,space_x,0.125,512,1.25e-05,20.0,1.5,0.01,v,1.1875915831960349e-05,1.1883181718741476e-05,1.1809314730770737e-05
P6,sd,0.0,0.125,space_y,0.0625,256,1.25e-05,20.0,1.5,0.005,u,0.00014230233075629428,0.00014230233075629428,0.00014230233075629428
P6,sd,0.0,0.125,space_y,0.0625,256,1.25e-05,20.0,1.5,0.005,v,6.623250524118163e-05,6.631131404044588e-05,6.575926377705432e-05
P6,sd,0.0,0.125,space_y,0.0625,256,1.25e-05,20.0,1.5,0.01,u,0.00035690075764005513,0.00035690075764005513,0.00032701386942735056
P6,sd,0.0,0.125,space_y,0.0625,256,1.25e-05,20.0,1.5,0.01,v,0.00016482254138061592,0.00016531478423686963,0.00015769806069665382
P6,sd,0.125,-0.125,main,0.125,256,1.25e-05,20.0,1.5,0.005,u,0.00015950540658060675,0.00015956742582545758,0.00015849879799412214
P6,sd,0.125,-0.125,main,0.125,256,1.25e-05,20.0,1.5,0.005,v,0.00014575675680966738,0.00014575675680966738,0.0001443499669812054
P6,sd,0.125,-0.125,main,0.125,256,1.25e-05,20.0,1.5,0.01,u,0.0003653195690618283,0.0003653195690618283,0.00035741427645130663
P6,sd,0.125,-0.125,main,0.125,256,1.25e-05,20.0,1.5,0.01,v,0.00031592487343634623,0.0003161686165689126,0.0003089551514304789
P6,sd,0.0,0.125,time_half,0.125,256,6.25e-06,20.0,1.5,0.005,u,0.00013364572461171953,0.00013390732109819226,0.00013364572461171953
P6,sd,0.0,0.125,time_half,0.125,256,6.25e-06,20.0,1.5,0.005,v,0.00012257889684086365,0.00012275622676460873,0.00012242078344604224
P6,sd,0.0,0.125,time_half,0.125,256,6.25e-06,20.0,1.5,0.01,u,0.00034966616165998943,0.0003501671926526839,0.0003280511852359336
P6,sd,0.0,0.125,time_half,0.125,256,6.25e-06,20.0,1.5,0.01,v,0.0002558801152363621,0.00025625926370664853,0.0002511517350157755
P6,sd,0.0,0.125,space_x,0.125,512,1.25e-05,20.0,1.5,0.005,u,2.0760011619991303e-05,2.0769904240491854e-05,2.067196826005535e-05
P6,sd,0.0,0.125,space_x,0.125,512,1.25e-05,20.0,1.5,0.005,v,0.00010381795689862194,0.00010381903335776599,0.00010380311624946792
P6,sd,0.0,0.125,space_x,0.125,512,1.25e-05,20.0,1.5,0.01,u,7.06388029871885e-05,7.06397344216736e-05,7.02333201130223e-05
P6,sd,0.0,0.125,space_x,0.125,512,1.25e-05,20.0,1.5,0.01,v,0.0002108367438831138,0.00021084170582708062,0.0002108367438831138
P6,sd,0.125,-0.125,space_y,0.0625,256,1.25e-05,20.0,1.5,0.005,u,0.00014868939636958345,0.00014868939636958345,0.00014868939636958345
P6,sd,0.125,-0.125,space_y,0.0625,256,1.25e-05,20.0,1.5,0.005,v,5.8319622178559793e-05,5.8319622178559793e-05,5.6568442276416775e-05
P6,sd,0.125,-0.125,space_y,0.0625,256,1.25e-05,20.0,1.5,0.01,u,0.0003596063297077734,0.0003596063297077734,0.0003375893126569274
P6,sd,0.125,-0.125,space_y,0.0625,256,1.25e-05,20.0,1.5,0.01,v,0.00013681256279191034,0.00013684963430732333,0.00013044732550215876
P6,sd,0.125,0.0,main,0.125,256,1.25e-05,20.0,1.5,0.005,u,0.0001619833541575133,0.00016210138712313693,0.0001619833541575133
P6,sd,0.125,0.0,main,0.125,256,1.25e-05,20.0,1.5,0.005,v,4.842139617755592e-05,4.853195187898285e-05,4.756211892270601e-05
P6,sd,0.125,0.0,main,0.125,256,1.25e-05,20.0,1.5,0.01,u,0.00038327349533950894,0.0003844595960140751,0.000366358913545195
P6,sd,0.125,0.0,main,0.125,256,1.25e-05,20.0,1.5,0.01,v,0.00012161407358357579,0.00012161407358357579,0.00011666874229765423
P6,sd,0.125,-0.125,time_half,0.125,256,6.25e-06,20.0,1.5,0.005,u,0.00015964045924166115,0.00015973868401730762,0.00015870515808535934
P6,sd,0.125,-0.125,time_half,0.125,256,6.25e-06,20.0,1.5,0.005,v,0.00014578596197106775,0.00014578596197106775,0.00014438506296188258
P6,sd,0.125,-0.125,time_half,0.125,256,6.25e-06,20.0,1.5,0.01,u,0.00036600484345838957,0.00036600484345838957,0.00035793462759436956
P6,sd,0.125,-0.125,time_half,0.125,256,6.25e-06,20.0,1.5,0.01,v,0.00031599989540453954,0.000316221640802139,0.00030904766981931786
P6,sd,0.125,-0.125,space_x,0.125,512,1.25e-05,20.0,1.5,0.005,u,4.138705687672939e-05,4.140311605249636e-05,4.116994555780629e-05
P6,sd,0.125,-0.125,space_x,0.125,512,1.25e-05,20.0,1.5,0.005,v,0.0001223627558032403,0.0001223736281936727,0.0001223336849683898
P6,sd,0.125,-0.125,space_x,0.125,512,1.25e-05,20.0,1.5,0.01,u,0.00010920833844973998,0.00010925258963379036,0.00010915915115061736
P6,sd,0.125,-0.125,space_x,0.125,512,1.25e-05,20.0,1.5,0.01,v,0.0002459040951461322,0.0002459040951461322,0.0002457273589777098
P6,sd,0.125,0.0,space_y,0.0625,256,1.25e-05,20.0,1.5,0.005,u,0.0001495824774155885,0.0001495824774155885,0.00014958247741581054
P6,sd,0.125,0.0,space_y,0.0625,256,1.25e-05,20.0,1.5,0.005,v,5.025364622468498e-05,5.0396534301277995e-05,4.995794702622458e-05
P6,sd,0.125,0.0,space_y,0.0625,256,1.25e-05,20.0,1.5,0.01,u,0.0003656798779125836,0.0003656798779125836,0.00033988707731058554
P6,sd,0.125,0.0,space_y,0.0625,256,1.25e-05,20.0,1.5,0.01,v,0.00013301430819701032,0.00013301430819701032,0.00013088011881456918
P6,sd,0.125,0.125,main,0.125,256,1.25e-05,20.0,1.5,0.005,u,0.00016546814008222555,0.00016546814008222555,0.00016546814008222555
P6,sd,0.125,0.125,main,0.125,256,1.25e-05,20.0,1.5,0.005,v,0.00010619954833690493,0.00010619954833690493,0.00010502303578352468
P6,sd,0.125,0.125,main,0.125,256,1.25e-05,20.0,1.5,0.01,u,0.0004070512051983499,0.0004070512051983499,0.00037613635153466163
P6,sd,0.125,0.125,main,0.125,256,1.25e-05,20.0,1.5,0.01,v,0.0002293596144826715,0.00023014371981622261,0.00022101390202722282
P6,sd,0.125,0.0,time_half,0.125,256,6.25e-06,20.0,1.5,0.005,u,0.00016219087635671592,0.0001622725332637298,0.00016219087635671592
P6,sd,0.125,0.0,time_half,0.125,256,6.25e-06,20.0,1.5,0.005,v,4.845083149601637e-05,4.857011540893019e-05,4.760674487069849e-05
P6,sd,0.125,0.0,time_half,0.125,256,6.25e-06,20.0,1.5,0.01,u,0.0003841072416728153,0.00038522259274875736,0.00036687389508016643
P6,sd,0.125,0.0,time_half,0.125,256,6.25e-06,20.0,1.5,0.01,v,0.00012168971154291608,0.00012168971154291608,0.00011738544383510519
P6,sd,0.125,0.0,space_x,0.125,512,1.25e-05,20.0,1.5,0.005,u,3.4171973549712575e-05,3.4178631012515837e-05,3.4171973549712575e-05
P6,sd,0.125,0.0,space_x,0.125,512,1.25e-05,20.0,1.5,0.005,v,2.4105834634746692e-05,2.410860047119545e-05,2.4080120968827945e-05
P6,sd,0.125,0.0,space_x,0.125,512,1.25e-05,20.0,1.5,0.01,u,6.881853066320609e-05,6.882824284515365e-05,6.861141033498441e-05
P6,sd,0.125,0.0,space_x,0.125,512,1.25e-05,20.0,1.5,0.01,v,5.050975284104364e-05,5.0527733457816915e-05,5.050729902394968e-05
P6,sd,0.125,0.125,space_y,0.0625,256,1.25e-05,20.0,1.5,0.005,u,0.0001504755732146812,0.0001504755732146812,0.0001504755732146812
P6,sd,0.125,0.125,space_y,0.0625,256,1.25e-05,20.0,1.5,0.005,v,6.398906794724546e-05,6.398906794724546e-05,6.398906794713444e-05
P6,sd,0.125,0.125,space_y,0.0625,256,1.25e-05,20.0,1.5,0.01,u,0.0003717536222263007,0.0003717536222263007,0.00034218510720629425
P6,sd,0.125,0.125,space_y,0.0625,256,1.25e-05,20.0,1.5,0.01,v,0.0001600271527103514,0.00016007694814623719,0.000153818424064478
P6,sd,0.04248652711,0.00844851896,main,0.125,256,1.25e-05,20.0,1.5,0.005,u,0.00014107432690302346,0.00014107432690302346,0.00014107432690302346
P6,sd,0.04248652711,0.00844851896,main,0.125,256,1.25e-05,20.0,1.5,0.005,v,5.3540741635438316e-05,5.368913491410332e-05,5.3540741635327294e-05
P6,sd,0.04248652711,0.00844851896,main,0.125,256,1.25e-05,20.0,1.5,0.01,u,0.0003464391762943997,0.0003464391762943997,0.00032396080135721483
P6,sd,0.04248652711,0.00844851896,main,0.125,256,1.25e-05,20.0,1.5,0.01,v,0.00013613899839881594,0.00013613899839881594,0.00013235713107340175
P6,sd,0.125,0.125,time_half,0.125,256,6.25e-06,20.0,1.5,0.005,u,0.00016567682624302194,0.00016567682624302194,0.0001656768262427999
P6,sd,0.125,0.125,time_half,0.125,256,6.25e-06,20.0,1.5,0.005,v,0.00010603599479441783,0.00010603599479441783,0.00010487936517222796
P6,sd,0.125,0.125,time_half,0.125,256,6.25e-06,20.0,1.5,0.01,u,0.00040789091482729134,0.00040789091482729134,0.00037719111644807235
P6,sd,0.125,0.125,time_half,0.125,256,6.25e-06,20.0,1.5,0.01,v,0.0002300475370089483,0.0002308173687824988,0.00022162238313672145
P6,sd,0.125,0.125,space_x,0.125,512,1.25e-05,20.0,1.5,0.005,u,3.292662261622503e-05,3.2930962172494915e-05,3.281025177703789e-05
P6,sd,0.125,0.125,space_x,0.125,512,1.25e-05,20.0,1.5,0.005,v,8.318921324845796e-05,8.318921324845796e-05,8.312432034685013e-05
P6,sd,0.125,0.125,space_x,0.125,512,1.25e-05,20.0,1.5,0.01,u,8.07003807932194e-05,8.07003807932194e-05,8.033438712717889e-05
P6,sd,0.125,0.125,space_x,0.125,512,1.25e-05,20.0,1.5,0.01,v,0.00016930872361109461,0.00016934450042804805,0.00016909735724179864
P7,fd,0.0,0.0,main,0.125,256,1.25e-05,20.0,1.5,0.005,u,2.2100460885798867e-05,2.210949842162968e-05,2.185879816751779e-05
P7,fd,0.0,0.0,main,0.125,256,1.25e-05,20.0,1.5,0.005,v,1.9637244969228362e-05,1.9637244969228362e-05,1.9637244969228362e-05
P7,fd,0.0,0.0,main,0.125,256,1.25e-05,20.0,1.5,0.01,u,5.4308851081597e-05,5.4308851081597e-05,5.4308851081597e-05
P7,fd,0.0,0.0,main,0.125,256,1.25e-05,20.0,1.5,0.01,v,4.2255019541914685e-05,4.228505435810437e-05,4.205196766993158e-05
P6,sd,0.04248652711,0.00844851896,space_y,0.0625,256,1.25e-05,20.0,1.5,0.005,u,0.00014424755486963647,0.00014424755486963647,0.00014424755486963647
P6,sd,0.04248652711,0.00844851896,space_y,0.0625,256,1.25e-05,20.0,1.5,0.005,v,5.2074955744774165e-05,5.229748904556075e-05,5.2074955744774165e-05
P6,sd,0.04248652711,0.00844851896,space_y,0.0625,256,1.25e-05,20.0,1.5,0.01,u,0.00035628538288179357,0.00035628538288179357,0.00032907294004513865
P6,sd,0.04248652711,0.00844851896,space_y,0.0625,256,1.25e-05,20.0,1.5,0.01,v,0.00013800482566828087,0.00013800482566828087,0.00013499070848022043
P6,sd,0.04248652711,0.00844851896,space_x,0.125,512,1.25e-05,20.0,1.5,0.005,u,1.1709111429114571e-05,1.1710162195699425e-05,1.1644948572087088e-05
P6,sd,0.04248652711,0.00844851896,space_x,0.125,512,1.25e-05,20.0,1.5,0.005,v,5.960287088990768e-06,5.960682315286903e-06,5.9602870888797455e-06
P6,sd,0.04248652711,0.00844851896,space_x,0.125,512,1.25e-05,20.0,1.5,0.01,u,2.5898244802480264e-05,2.592491885700099e-05,2.5590317051626954e-05
P6,sd,0.04248652711,0.00844851896,space_x,0.125,512,1.25e-05,20.0,1.5,0.01,v,1.1599956144081602e-05,1.1603980987873186e-05,1.1536454980753952e-05
P6,sd,0.04248652711,0.00844851896,time_half,0.125,256,6.25e-06,20.0,1.5,0.005,u,0.00014128149528058742,0.00014128149528058742,0.00014128149528058742
P6,sd,0.04248652711,0.00844851896,time_half,0.125,256,6.25e-06,20.0,1.5,0.005,v,5.329821411781399e-05,5.343849615369045e-05,5.3298214117925014e-05
P6,sd,0.04248652711,0.00844851896,time_half,0.125,256,6.25e-06,20.0,1.5,0.01,u,0.00034727202284745573,0.00034727202284745573,0.0003244726334339365
P6,sd,0.04248652711,0.00844851896,time_half,0.125,256,6.25e-06,20.0,1.5,0.01,v,0.0001368490833553171,0.0001368490833553171,0.00013307002543883062
P7,fd,0.0,0.0,space_y,0.0625,256,1.25e-05,20.0,1.5,0.005,u,1.6413018758099085e-05,1.6432221836781835e-05,1.6122735159385115e-05
P7,fd,0.0,0.0,space_y,0.0625,256,1.25e-05,20.0,1.5,0.005,v,1.5291298121833385e-05,1.5291298121833385e-05,1.5253778902990511e-05
P7,fd,0.0,0.0,space_y,0.0625,256,1.25e-05,20.0,1.5,0.01,u,4.153054158084757e-05,4.153054158084757e-05,4.153054158084757e-05
P7,fd,0.0,0.0,space_y,0.0625,256,1.25e-05,20.0,1.5,0.01,v,3.3316748621836645e-05,3.3316748621836645e-05,3.331674862172562e-05
P7,fd,0.0,0.0,time_half,0.125,256,6.25e-06,20.0,1.5,0.005,u,2.213923050842226e-05,2.2152257363794448e-05,2.1889212199255326e-05
P7,fd,0.0,0.0,time_half,0.125,256,6.25e-06,20.0,1.5,0.005,v,1.9679566660824044e-05,1.9679566660824044e-05,1.9679566660824044e-05
P7,fd,0.0,0.0,time_half,0.125,256,6.25e-06,20.0,1.5,0.01,u,5.4426285956310494e-05,5.4426285956310494e-05,5.4426285956310494e-05
P7,fd,0.0,0.0,time_half,0.125,256,6.25e-06,20.0,1.5,0.01,v,4.23473517752182e-05,4.2378815302335227e-05,4.214694325221924e-05
P7,fd,0.0,0.0,space_x,0.125,512,1.25e-05,20.0,1.5,0.005,u,8.866071505408968e-06,8.867685977076434e-06,8.866071505408968e-06
P7,fd,0.0,0.0,space_x,0.125,512,1.25e-05,20.0,1.5,0.005,v,6.776450558132474e-06,6.776450558132474e-06,6.76887094797074e-06
P7,fd,0.0,0.0,space_x,0.125,512,1.25e-05,20.0,1.5,0.01,u,2.0180864356955652e-05,2.0180864356955652e-05,2.0050665903603715e-05
P7,fd,0.0,0.0,space_x,0.125,512,1.25e-05,20.0,1.5,0.01,v,1.4223313785532987e-05,1.4223313785532987e-05,1.4190049592022191e-05
P7,sd,-0.125,-0.125,main,0.125,256,1.25e-05,20.0,1.5,0.005,u,3.6108141585611264e-05,3.6108141585611264e-05,3.601881509451843e-05
P7,sd,-0.125,-0.125,main,0.125,256,1.25e-05,20.0,1.5,0.005,v,4.657354836679062e-05,4.657354836679062e-05,4.6573548366679596e-05
P7,sd,-0.125,-0.125,main,0.125,256,1.25e-05,20.0,1.5,0.01,u,6.817619190790936e-05,6.817619190790936e-05,6.784553586203224e-05
P7,sd,-0.125,-0.125,main,0.125,256,1.25e-05,20.0,1.5,0.01,v,9.343887147617025e-05,9.350475889913223e-05,9.343887147617025e-05
P7,sd,-0.125,-0.125,space_y,0.0625,256,1.25e-05,20.0,1.5,0.005,u,1.2895441261040475e-05,1.2895441261040475e-05,1.2895441261040475e-05
P7,sd,-0.125,-0.125,space_y,0.0625,256,1.25e-05,20.0,1.5,0.005,v,1.515297735732446e-05,1.5167814963024107e-05,1.5042145517785155e-05
P7,sd,-0.125,-0.125,space_y,0.0625,256,1.25e-05,20.0,1.5,0.01,u,3.096092079224455e-05,3.102251170150616e-05,3.0270920646335853e-05
P7,sd,-0.125,-0.125,space_y,0.0625,256,1.25e-05,20.0,1.5,0.01,v,3.137633939143125e-05,3.137633939143125e-05,3.0913805485366375e-05
P7,sd,-0.125,0.0,main,0.125,256,1.25e-05,20.0,1.5,0.005,u,3.319624625586215e-05,3.320949799157091e-05,3.3081295284453915e-05
P7,sd,-0.125,0.0,main,0.125,256,1.25e-05,20.0,1.5,0.005,v,3.055428349529876e-05,3.0599603415559784e-05,3.0554216853495575e-05
P7,sd,-0.125,0.0,main,0.125,256,1.25e-05,20.0,1.5,0.01,u,6.220824015712445e-05,6.220824015712445e-05,6.220824015712445e-05
P7,sd,-0.125,0.0,main,0.125,256,1.25e-05,20.0,1.5,0.01,v,6.003972512780287e-05,6.003972512780287e-05,5.975110875533485e-05
P7,sd,-0.125,-0.125,space_x,0.125,512,1.25e-05,20.0,1.5,0.005,u,4.915004784100674e-05,4.915111470005229e-05,4.900553931963536e-05
P7,sd,-0.125,-0.125,space_x,0.125,512,1.25e-05,20.0,1.5,0.005,v,4.3515054244380735e-05,4.3519261502700246e-05,4.34735089861471e-05
P7,sd,-0.125,-0.125,space_x,0.125,512,1.25e-05,20.0,1.5,0.01,u,0.00010131496211296387,0.00010133743187257238,0.00010111345860219778
P7,sd,-0.125,-0.125,space_x,0.125,512,1.25e-05,20.0,1.5,0.01,v,8.60533644297945e-05,8.60594236785639e-05,8.595525365817647e-05
P7,sd,-0.125,-0.125,time_half,0.125,256,6.25e-06,20.0,1.5,0.005,u,3.6047424639917836e-05,3.6047424639917836e-05,3.596265627270334e-05
P7,sd,-0.125,-0.125,time_half,0.125,256,6.25e-06,20.0,1.5,0.005,v,4.657615398306891e-05,4.657615398306891e-05,4.657615398306891e-05
P7,sd,-0.125,-0.125,time_half,0.125,256,6.25e-06,20.0,1.5,0.01,u,6.802632084879079e-05,6.802632084879079e-05,6.770093937880084e-05
P7,sd,-0.125,-0.125,time_half,0.125,256,6.25e-06,20.0,1.5,0.01,v,9.344080329054538e-05,9.350933047158616e-05,9.344080329054538e-05
P7,sd,-0.125,0.0,space_y,0.0625,256,1.25e-05,20.0,1.5,0.005,u,1.1983290058248386e-05,1.1983290058248386e-05,1.1983290058248386e-05
P7,sd,-0.125,0.0,space_y,0.0625,256,1.25e-05,20.0,1.5,0.005,v,1.6530250047774864e-05,1.654424796737608e-05,1.6530250047885886e-05
P7,sd,-0.125,0.0,space_y,0.0625,256,1.25e-05,20.0,1.5,0.01,u,2.7517483938144238e-05,2.7517483938144238e-05,2.6446276271130387e-05
P7,sd,-0.125,0.0,space_y,0.0625,256,1.25e-05,20.0,1.5,0.01,v,3.509404757118251e-05,3.514230559387155e-05,3.509404757129353e-05
P7,sd,-0.125,0.125,main,0.125,256,1.25e-05,20.0,1.5,0.005,u,3.1487445832034666e-05,3.1487445832034666e-05,3.143568058483481e-05
P7,sd,-0.125,0.125,main,0.125,256,1.25e-05,20.0,1.5,0.005,v,8.601266908492278e-05,8.603534025575232e-05,8.598826491490463e-05
P7,sd,-0.125,0.125,main,0.125,256,1.25e-05,20.0,1.5,0.01,u,6.996483823540345e-05,6.997295387378699e-05,6.99648382351814e-05
P7,sd,-0.125,0.125,main,0.125,256,1.25e-05,20.0,1.5,0.01,v,0.00017394958739591626,0.00017398136935986575,0.0001737130473268289
P7,sd,-0.125,0.0,time_half,0.125,256,6.25e-06,20.0,1.5,0.005,u,3.314564833867273e-05,3.315957845106965e-05,3.30223826447984e-05
P7,sd,-0.125,0.0,time_half,0.125,256,6.25e-06,20.0,1.5,0.005,v,3.0590249133100045e-05,3.0634735851187145e-05,3.0590249133100045e-05
P7,sd,-0.125,0.0,time_half,0.125,256,6.25e-06,20.0,1.5,0.01,u,6.222427575774958e-05,6.222427575774958e-05,6.222427575752754e-05
P7,sd,-0.125,0.0,time_half,0.125,256,6.25e-06,20.0,1.5,0.01,v,5.998384158223402e-05,5.998384158223402e-05,5.969860289478657e-05
P7,sd,-0.125,0.0,space_x,0.125,512,1.25e-05,20.0,1.5,0.005,u,4.6685277850677664e-05,4.668529565243773e-05,4.6685277850677664e-05
P7,sd,-0.125,0.0,space_x,0.125,512,1.25e-05,20.0,1.5,0.005,v,2.575350048250602e-05,2.575492258150014e-05,2.5712128770782883e-05
P7,sd,-0.125,0.0,space_x,0.125,512,1.25e-05,20.0,1.5,0.01,u,9.128780746880949e-05,9.130518786171216e-05,9.110231516995526e-05
P7,sd,-0.125,0.0,space_x,0.125,512,1.25e-05,20.0,1.5,0.01,v,5.3159065059427135e-05,5.3159065059427135e-05,5.3123634341956105e-05
P7,sd,-0.125,0.125,space_y,0.0625,256,1.25e-05,20.0,1.5,0.005,u,1.1071139983664935e-05,1.10933134442881e-05,1.107113998388698e-05
P7,sd,-0.125,0.125,space_y,0.0625,256,1.25e-05,20.0,1.5,0.005,v,2.779650978579351e-05,2.781060520862244e-05,2.7776173997295928e-05
P7,sd,-0.125,0.125,space_y,0.0625,256,1.25e-05,20.0,1.5,0.01,u,2.4074064658874406e-05,2.4074064658874406e-05,2.321084122014483e-05
P7,sd,-0.125,0.125,space_y,0.0625,256,1.25e-05,20.0,1.5,0.01,v,5.595939975855391e-05,5.595939975855391e-05,5.5430341832418684e-05
P7,sd,0.0,-0.125,main,0.125,256,1.25e-05,20.0,1.5,0.005,u,2.113910423728882e-05,2.113910423728882e-05,2.1053291985095868e-05
P7,sd,0.0,-0.125,main,0.125,256,1.25e-05,20.0,1.5,0.005,v,6.507304379865797e-05,6.50731385302139e-05,6.507304379865797e-05
P7,sd,0.0,-0.125,main,0.125,256,1.25e-05,20.0,1.5,0.01,u,5.173366558097747e-05,5.1761053768029086e-05,5.083175461018108e-05
P7,sd,0.0,-0.125,main,0.125,256,1.25e-05,20.0,1.5,0.01,v,0.00013085945670610055,0.00013091220557703842,0.00013085945670610055
P7,sd,-0.125,0.125,space_x,0.125,512,1.25e-05,20.0,1.5,0.005,u,4.46598353787131e-05,4.46598353787131e-05,4.453538936477486e-05
P7,sd,-0.125,0.125,space_x,0.125,512,1.25e-05,20.0,1.5,0.005,v,8.590244829587146e-05,8.590244829587146e-05,8.581970662946414e-05
P7,sd,-0.125,0.125,space_x,0.125,512,1.25e-05,20.0,1.5,0.01,u,8.5144128443293e-05,8.514528880598782e-05,8.5144128443293e-05
P7,sd,-0.125,0.125,space_x,0.125,512,1.25e-05,20.0,1.5,0.01,v,0.00017399718799804287,0.0001739988808445725,0.0001739971879982649
P7,sd,-0.125,0.125,time_half,0.125,256,6.25e-06,20.0,1.5,0.005,u,3.1463861816627414e-05,3.1463861816627414e-05,3.140339774221346e-05
P7,sd,-0.125,0.125,time_half,0.125,256,6.25e-06,20.0,1.5,0.005,v,8.599933437758445e-05,8.602338650887109e-05,8.597608238236631e-05
P7,sd,-0.125,0.125,time_half,0.125,256,6.25e-06,20.0,1.5,0.01,u,7.005524236936012e-05,7.007037323014664e-05,7.005524236958216e-05
P7,sd,-0.125,0.125,time_half,0.125,256,6.25e-06,20.0,1.5,0.01,v,0.00017392950175376676,0.0001739582501251169,0.00017369236451358905
P7,sd,0.0,-0.125,space_y,0.0625,256,1.25e-05,20.0,1.5,0.005,u,1.3184627857043552e-05,1.3202340247708833e-05,1.2965496227979045e-05
P7,sd,0.0,-0.125,space_y,0.0625,256,1.25e-05,20.0,1.5,0.005,v,1.97269134987188e-05,1.9735287493605203e-05,1.961702868558124e-05
P7,sd,0.0,-0.125,space_y,0.0625,256,1.25e-05,20.0,1.5,0.01,u,3.2331142488351006e-05,3.2407445182291994e-05,3.172121918859627e-05
P7,sd,0.0,-0.125,space_y,0.0625,256,1.25e-05,20.0,1.5,0.01,v,4.063471689746967e-05,4.064930467040373e-05,4.0201124943628486e-05
P7,sd,0.0,0.0,main,0.125,256,1.25e-05,20.0,1.5,0.005,u,1.684540658231093e-05,1.6867552310895206e-05,1.684540658231093e-05
P7,sd,0.0,0.0,main,0.125,256,1.25e-05,20.0,1.5,0.005,v,1.557370756599674e-05,1.5596674163398383e-05,1.5279640880105916e-05
P7,sd,0.0,0.0,main,0.125,256,1.25e-05,20.0,1.5,0.01,u,3.54912327342749e-05,3.556352795364148e-05,3.4871180775386534e-05
P7,sd,0.0,0.0,main,0.125,256,1.25e-05,20.0,1.5,0.01,v,2.9719137084271985e-05,2.976479900285156e-05,2.9719137084383007e-05
P7,sd,0.0,-0.125,space_x,0.125,512,1.25e-05,20.0,1.5,0.005,u,2.5205273700423803e-05,2.521404801703042e-05,2.513080176558269e-05
P7,sd,0.0,-0.125,space_x,0.125,512,1.25e-05,20.0,1.5,0.005,v,6.194188021779734e-05,6.194631315448174e-05,6.189296053848992e-05
P7,sd,0.0,-0.125,space_x,0.125,512,1.25e-05,20.0,1.5,0.01,u,5.757661734984154e-05,5.757661734984154e-05,5.7256628661184195e-05
P7,sd,0.0,-0.125,space_x,0.125,512,1.25e-05,20.0,1.5,0.01,v,0.00012313491736026805,0.00012313491736037907,0.00012313491736026805
P7,sd,0.0,-0.125,time_half,0.125,256,6.25e-06,20.0,1.5,0.005,u,2.1074686881616955e-05,2.1074686881616955e-05,2.0991901157785264e-05
P7,sd,0.0,-0.125,time_half,0.125,256,6.25e-06,20.0,1.5,0.005,v,6.50759136140433e-05,6.50759136140433e-05,6.50759136140433e-05
P7,sd,0.0,-0.125,time_half,0.125,256,6.25e-06,20.0,1.5,0.01,u,5.161912248774492e-05,5.164252571110417e-05,5.0702118490120185e-05
P7,sd,0.0,-0.125,time_half,0.125,256,6.25e-06,20.0,1.5,0.01,v,0.00013086165907782998,0.00013091713449875364,0.00013086165907782998
P7,sd,0.0,0.0,space_y,0.0625,256,1.25e-05,20.0,1.5,0.005,u,1.2353088784333721e-05,1.236788762692953e-05,1.2053337816508858e-05
P7,sd,0.0,0.0,space_y,0.0625,256,1.25e-05,20.0,1.5,0.005,v,1.4033250849698753e-05,1.4051584926177974e-05,1.4033250849809775e-05
P7,sd,0.0,0.0,space_y,0.0625,256,1.25e-05,20.0,1.5,0.01,u,2.9097452211690467e-05,2.9097452211690467e-05,2.8706155488777974e-05
P7,sd,0.0,0.0,space_y,0.0625,256,1.25e-05,20.0,1.5,0.01,v,2.9916145036668063e-05,2.992220938902168e-05,2.9916145036668063e-05
P7,sd,0.0,0.0,space_x,0.125,512,1.25e-05,20.0,1.5,0.005,u,2.145481884507916e-05,2.1454818844857115e-05,2.143451415070885e-05
P7,sd,0.0,0.0,space_x,0.125,512,1.25e-05,20.0,1.5,0.005,v,6.934945876224674e-06,6.934945876224674e-06,6.921162104989165e-06
P7,sd,0.0,0.0,space_x,0.125,512,1.25e-05,20.0,1.5,0.01,u,4.22483085666947e-05,4.22483085666947e-05,4.219408087369203e-05
P7,sd,0.0,0.0,space_x,0.125,512,1.25e-05,20.0,1.5,0.01,v,1.4726422555066954e-05,1.4730381725169828e-05,1.4726422555177976e-05
P7,sd,0.0,0.125,main,0.125,256,1.25e-05,20.0,1.5,0.005,u,1.778966169529994e-05,1.7809870402341055e-05,1.7514116717354256e-05
P7,sd,0.0,0.125,main,0.125,256,1.25e-05,20.0,1.5,0.005,v,6.825586490610824e-05,6.827174423018612e-05,6.82196143978464e-05
P7,sd,0.0,0.125,main,0.125,256,1.25e-05,20.0,1.5,0.01,u,3.970876539238777e-05,3.9735543089669534e-05,3.9658210535087335e-05
P7,sd,0.0,0.125,main,0.125,256,1.25e-05,20.0,1.5,0.01,v,0.0001374549400882108,0.0001374549400882108,0.0001374549400882108
P7,sd,0.0,0.0,time_half,0.125,256,6.25e-06,20.0,1.5,0.005,u,1.6778572790920876e-05,1.6799136848710816e-05,1.6778572790920876e-05
P7,sd,0.0,0.0,time_half,0.125,256,6.25e-06,20.0,1.5,0.005,v,1.5612884448845676e-05,1.563666975146205e-05,1.5317043328355595e-05
P7,sd,0.0,0.0,time_half,0.125,256,6.25e-06,20.0,1.5,0.01,u,3.5367563355981346e-05,3.544220145190735e-05,3.476274898916998e-05
P7,sd,0.0,0.0,time_half,0.125,256,6.25e-06,20.0,1.5,0.01,v,2.9800402319257735e-05,2.98475734034076e-05,2.9800402319146713e-05
P7,sd,0.0,0.125,space_y,0.0625,256,1.25e-05,20.0,1.5,0.005,u,1.1545957698366749e-05,1.1545957698366749e-05,1.1141180534135486e-05
P7,sd,0.0,0.125,space_y,0.0625,256,1.25e-05,20.0,1.5,0.005,v,2.441655893559158e-05,2.443314093913962e-05,2.420272187853012e-05
P7,sd,0.0,0.125,space_y,0.0625,256,1.25e-05,20.0,1.5,0.01,u,2.924140026916433e-05,2.924140026916433e-05,2.924140026916433e-05
P7,sd,0.0,0.125,space_y,0.0625,256,1.25e-05,20.0,1.5,0.01,v,4.978682834000381e-05,4.9860675086943473e-05,4.899340610542424e-05
P7,sd,0.0,0.125,time_half,0.125,256,6.25e-06,20.0,1.5,0.005,u,1.783799394228236e-05,1.786032756134759e-05,1.7570819308976304e-05
P7,sd,0.0,0.125,time_half,0.125,256,6.25e-06,20.0,1.5,0.005,v,6.824321080423079e-05,6.825786302822046e-05,6.820593376233308e-05
P7,sd,0.0,0.125,time_half,0.125,256,6.25e-06,20.0,1.5,0.01,u,3.9826119612285105e-05,3.98490333353152e-05,3.9767739092644305e-05
P7,sd,0.0,0.125,time_half,0.125,256,6.25e-06,20.0,1.5,0.01,v,0.00013743240820751623,0.00013743240820751623,0.00013743240820762725
P7,sd,0.125,-0.125,main,0.125,256,1.25e-05,20.0,1.5,0.005,u,3.440184412739633e-05,3.44121424822319e-05,3.4401844127174286e-05
P7,sd,0.125,-0.125,main,0.125,256,1.25e-05,20.0,1.5,0.005,v,8.35725844980928e-05,8.359541638769397e-05,8.35725844980928e-05
P7,sd,0.125,-0.125,main,0.125,256,1.25e-05,20.0,1.5,0.01,u,6.882231496807556e-05,6.88704603688528e-05,6.882231496807556e-05
P7,sd,0.125,-0.125,main,0.125,256,1.25e-05,20.0,1.5,0.01,v,0.00016827991224632743,0.00016831964759655982,0.00016827991224632743
P7,sd,0.0,0.125,space_x,0.125,512,1.25e-05,20.0,1.5,0.005,u,1.7934980336642425e-05,1.7940407750938192e-05,1.788329611640549e-05
P7,sd,0.0,0.125,space_x,0.125,512,1.25e-05,20.0,1.5,0.005,v,6.706527539079854e-05,6.706527539079854e-05,6.704025708359485e-05
P7,sd,0.0,0.125,space_x,0.125,512,1.25e-05,20.0,1.5,0.01,u,2.900525766602602e-05,2.9008505652239336e-05,2.9005257665803974e-05
P7,sd,0.0,0.125,space_x,0.125,512,1.25e-05,20.0,1.5,0.01,v,0.0001354615837625417,0.00013546274472342468,0.00013546158376265272
P7,sd,0.125,-0.125,space_y,0.0625,256,1.25e-05,20.0,1.5,0.005,u,1.6992036675711475e-05,1.701112653607062e-05,1.6814735156911453e-05
P7,sd,0.125,-0.125,space_y,0.0625,256,1.25e-05,20.0,1.5,0.005,v,2.4312615776234114e-05,2.4312615776234114e-05,2.4206169589535698e-05
P7,sd,0.125,-0.125,space_y,0.0625,256,1.25e-05,20.0,1.5,0.01,u,3.847042172622217e-05,3.847042172622217e-05,3.7215400121581865e-05
P7,sd,0.125,-0.125,space_y,0.0625,256,1.25e-05,20.0,1.5,0.01,v,4.9893121798927353e-05,4.9937615136164126e-05,4.9519143065390736e-05
P7,sd,0.125,-0.125,time_half,0.125,256,6.25e-06,20.0,1.5,0.005,u,3.4371598968574446e-05,3.4378439694560115e-05,3.4371598968574446e-05
P7,sd,0.125,-0.125,time_half,0.125,256,6.25e-06,20.0,1.5,0.005,v,8.357571837702693e-05,8.359722282957893e-05,8.357571837702693e-05
P7,sd,0.125,-0.125,time_half,0.125,256,6.25e-06,20.0,1.5,0.01,u,6.875608813095013e-05,6.881102365063896e-05,6.875608813095013e-05
P7,sd,0.125,-0.125,time_half,0.125,256,6.25e-06,20.0,1.5,0.01,v,0.00016828238421295882,0.0001683249330226566,0.00016828238421295882
P7,sd,0.125,0.0,main,0.125,256,1.25e-05,20.0,1.5,0.005,u,3.231009066873014e-05,3.231009066873014e-05,3.215933875977406e-05
P7,sd,0.125,0.0,main,0.125,256,1.25e-05,20.0,1.5,0.005,v,2.4791109880184514e-05,2.4814463136568765e-05,2.4692577702600804e-05
P7,sd,0.125,0.0,main,0.125,256,1.25e-05,20.0,1.5,0.01,u,6.205871076803149e-05,6.210181174903795e-05,6.205871076825353e-05
P7,sd,0.125,0.0,main,0.125,256,1.25e-05,20.0,1.5,0.01,v,5.0775735491337404e-05,5.0775735491337404e-05,5.0329396519555036e-05
P7,sd,0.125,-0.125,space_x,0.125,512,1.25e-05,20.0,1.5,0.005,u,2.9143370603890162e-05,2.915282964432997e-05,2.9037954128341426e-05
P7,sd,0.125,-0.125,space_x,0.125,512,1.25e-05,20.0,1.5,0.005,v,8.041601322517078e-05,8.041685854554004e-05,8.039993499409093e-05
P7,sd,0.125,-0.125,space_x,0.125,512,1.25e-05,20.0,1.5,0.01,u,6.838848279633325e-05,6.838848279633325e-05,6.824986224573948e-05
P7,sd,0.125,-0.125,space_x,0.125,512,1.25e-05,20.0,1.5,0.01,v,0.00016036657604090454,0.00016036657604090454,0.00016031392109627784
P7,sd,0.125,0.0,space_y,0.0625,256,1.25e-05,20.0,1.5,0.005,u,1.7228846212358206e-05,1.7228846212358206e-05,1.7167271420204244e-05
P7,sd,0.125,0.0,space_y,0.0625,256,1.25e-05,20.0,1.5,0.005,v,1.2427184858498919e-05,1.2453635525155882e-05,1.2400466639084229e-05
P7,sd,0.125,0.0,space_y,0.0625,256,1.25e-05,20.0,1.5,0.01,u,4.039999016924867e-05,4.0433477520140926e-05,3.9780504935027494e-05
P7,sd,0.125,0.0,space_y,0.0625,256,1.25e-05,20.0,1.5,0.01,v,2.5078847791015768e-05,2.5078847791015768e-05,2.488304555126053e-05
P7,sd,0.125,0.125,main,0.125,256,1.25e-05,20.0,1.5,0.005,u,3.081109958413819e-05,3.082777892338129e-05,3.0586826883949314e-05
P7,sd,0.125,0.125,main,0.125,256,1.25e-05,20.0,1.5,0.005,v,5.252173378467173e-05,5.2527122951118166e-05,5.195862360585224e-05
P7,sd,0.125,0.125,main,0.125,256,1.25e-05,20.0,1.5,0.01,u,6.268756848104573e-05,6.268756848104573e-05,6.268756848082369e-05
P7,sd,0.125,0.125,main,0.125,256,1.25e-05,20.0,1.5,0.01,v,0.0001030810062112586,0.00010309748540893171,0.00010273969747820466
P7,sd,0.125,0.0,space_x,0.125,512,1.25e-05,20.0,1.5,0.005,u,2.602862851008858e-05,2.6030440650748332e-05,2.6028628510310625e-05
P7,sd,0.125,0.0,space_x,0.125,512,1.25e-05,20.0,1.5,0.005,v,2.0783040746263914e-05,2.0783678680524886e-05,2.0778440979585255e-05
P7,sd,0.125,0.0,space_x,0.125,512,1.25e-05,20.0,1.5,0.01,u,5.506067710214779e-05,5.506067710214779e-05,5.469638812005684e-05
P7,sd,0.125,0.0,space_x,0.125,512,1.25e-05,20.0,1.5,0.01,v,4.1501235377938706e-05,4.1503541501342056e-05,4.144172236353327e-05
P7,sd,0.125,0.0,time_half,0.125,256,6.25e-06,20.0,1.5,0.005,u,3.22836655504144e-05,3.22836655504144e-05,3.212518730388858e-05
P7,sd,0.125,0.0,time_half,0.125,256,6.25e-06,20.0,1.5,0.005,v,2.4796348994993167e-05,2.4820784379653293e-05,2.46989874055914e-05
P7,sd,0.125,0.0,time_half,0.125,256,6.25e-06,20.0,1.5,0.01,u,6.204599650883047e-05,6.209796906997411e-05,6.204599650905251e-05
P7,sd,0.125,0.0,time_half,0.125,256,6.25e-06,20.0,1.5,0.01,v,5.078814461462189e-05,5.078814461462189e-05,5.034298671091619e-05
P7,sd,0.125,0.125,space_y,0.0625,256,1.25e-05,20.0,1.5,0.005,u,1.7519809373922612e-05,1.7519809373922612e-05,1.7519809374144657e-05
P7,sd,0.125,0.125,space_y,0.0625,256,1.25e-05,20.0,1.5,0.005,v,2.2149602954990577e-05,2.2149602954990577e-05,2.1594595987273202e-05
P7,sd,0.125,0.125,space_y,0.0625,256,1.25e-05,20.0,1.5,0.01,u,4.26332657150752e-05,4.26332657150752e-05,4.239871865552303e-05
P7,sd,0.125,0.125,space_y,0.0625,256,1.25e-05,20.0,1.5,0.01,v,4.403421310850142e-05,4.403421310850142e-05,4.360351327958867e-05
P7,sd,0.125,0.125,time_half,0.125,256,6.25e-06,20.0,1.5,0.005,u,3.079888336232628e-05,3.0811030597543976e-05,3.058382327636444e-05
P7,sd,0.125,0.125,time_half,0.125,256,6.25e-06,20.0,1.5,0.005,v,5.249689876030139e-05,5.2501019729533915e-05,5.192888394656148e-05
P7,sd,0.125,0.125,time_half,0.125,256,6.25e-06,20.0,1.5,0.01,u,6.274356214808208e-05,6.274356214808208e-05,6.274356214830412e-05
P7,sd,0.125,0.125,time_half,0.125,256,6.25e-06,20.0,1.5,0.01,v,0.00010305321537329437,0.00010305321537329437,0.00010271681000539878
P7,sd,0.04248652711,0.00844851896,main,0.125,256,1.25e-05,20.0,1.5,0.005,u,1.674957666852883e-05,1.674957666852883e-05,1.674957666852883e-05
P7,sd,0.04248652711,0.00844851896,main,0.125,256,1.25e-05,20.0,1.5,0.005,v,1.5260688107976428e-05,1.5260688107976428e-05,1.5030183336595115e-05
P7,sd,0.04248652711,0.00844851896,main,0.125,256,1.25e-05,20.0,1.5,0.01,u,3.395966175245846e-05,3.395966175245846e-05,3.395966175245846e-05
P7,sd,0.04248652711,0.00844851896,main,0.125,256,1.25e-05,20.0,1.5,0.01,v,2.7876605446452984e-05,2.792492176939554e-05,2.7876605446452984e-05
P7,sd,0.125,0.125,space_x,0.125,512,1.25e-05,20.0,1.5,0.005,u,2.326571726252169e-05,2.3272708929544805e-05,2.319524206217949e-05
P7,sd,0.125,0.125,space_x,0.125,512,1.25e-05,20.0,1.5,0.005,v,4.8915241437130774e-05,4.8915241437130774e-05,4.888471422148655e-05
P7,sd,0.125,0.125,space_x,0.125,512,1.25e-05,20.0,1.5,0.01,u,4.4461501990555874e-05,4.44640633259219e-05,4.4350222725864086e-05
P7,sd,0.125,0.125,space_x,0.125,512,1.25e-05,20.0,1.5,0.01,v,9.937072454091478e-05,9.937072454091478e-05,9.933040982768038e-05
P10,fd,0.0,0.0,main,0.125,256,1.25e-05,20.0,1.5,0.005,u,0.00043160834567790296,0.0004321275180820816,0.00043098857792234213
P10,fd,0.0,0.0,main,0.125,256,1.25e-05,20.0,1.5,0.005,v,0.0022242678234238866,0.0022263601991392434,0.0022233332718917254
P10,fd,0.0,0.0,main,0.125,256,1.25e-05,20.0,1.5,0.01,u,0.0010178223536434494,0.0010193925606030163,0.0010178223536434494
P10,fd,0.0,0.0,main,0.125,256,1.25e-05,20.0,1.5,0.01,v,0.004769506191284911,0.004769506191284911,0.004769506191284911
P7,sd,0.04248652711,0.00844851896,space_y,0.0625,256,1.25e-05,20.0,1.5,0.005,u,1.2540002423566676e-05,1.2540002423566676e-05,1.2252669133072658e-05
P7,sd,0.04248652711,0.00844851896,space_y,0.0625,256,1.25e-05,20.0,1.5,0.005,v,1.4099698217751033e-05,1.4099698217751033e-05,1.4099698217751033e-05
P7,sd,0.04248652711,0.00844851896,space_y,0.0625,256,1.25e-05,20.0,1.5,0.01,u,3.145558803208104e-05,3.145558803208104e-05,3.127206885111811e-05
P7,sd,0.04248652711,0.00844851896,space_y,0.0625,256,1.25e-05,20.0,1.5,0.01,v,2.9431348153252657e-05,2.9471973235106752e-05,2.9431348153252657e-05
P7,sd,0.04248652711,0.00844851896,time_half,0.125,256,6.25e-06,20.0,1.5,0.005,u,1.6787581812782726e-05,1.6787581812782726e-05,1.6787581812671704e-05
P7,sd,0.04248652711,0.00844851896,time_half,0.125,256,6.25e-06,20.0,1.5,0.005,v,1.522286805533124e-05,1.522286805533124e-05,1.4990451105867386e-05
P7,sd,0.04248652711,0.00844851896,time_half,0.125,256,6.25e-06,20.0,1.5,0.01,u,3.385050590121175e-05,3.385050590121175e-05,3.385050590121175e-05
P7,sd,0.04248652711,0.00844851896,time_half,0.125,256,6.25e-06,20.0,1.5,0.01,v,2.780441048511051e-05,2.7854767439050576e-05,2.780441048522153e-05
P7,sd,0.04248652711,0.00844851896,space_x,0.125,512,1.25e-05,20.0,1.5,0.005,u,1.4323076861888495e-05,1.4324988848013476e-05,1.427771371220743e-05
P7,sd,0.04248652711,0.00844851896,space_x,0.125,512,1.25e-05,20.0,1.5,0.005,v,4.83733036171774e-06,4.838720124245022e-06,4.837330361606718e-06
P7,sd,0.04248652711,0.00844851896,space_x,0.125,512,1.25e-05,20.0,1.5,0.01,u,2.8498431641210686e-05,2.8498431641210686e-05,2.8498431641210686e-05
P7,sd,0.04248652711,0.00844851896,space_x,0.125,512,1.25e-05,20.0,1.5,0.01,v,1.0625916852968764e-05,1.0625916852968764e-05,1.0606153418635245e-05
P10,fd,0.0,0.0,time_half,0.125,256,6.25e-06,20.0,1.5,0.005,u,0.00043162274040842163,0.00043214567072502597,0.0004310103520595021
P10,fd,0.0,0.0,time_half,0.125,256,6.25e-06,20.0,1.5,0.005,v,0.0022245108421303783,0.0022266075488435177,0.002223587294894358
P10,fd,0.0,0.0,time_half,0.125,256,6.25e-06,20.0,1.5,0.01,u,0.0010182639942990512,0.0010198431929877572,0.0010182639942990512
P10,fd,0.0,0.0,time_half,0.125,256,6.25e-06,20.0,1.5,0.01,v,0.0047702708135100025,0.0047702708135100025,0.0047702708135100025
P10,fd,0.0,0.0,space_y,0.0625,256,1.25e-05,20.0,1.5,0.005,u,0.0001476712743009312,0.00014785516929549658,0.00014665945359126908
P10,fd,0.0,0.0,space_y,0.0625,256,1.25e-05,20.0,1.5,0.005,v,0.0006965351765435557,0.0006965893401416068,0.0006943035764823691
P10,fd,0.0,0.0,space_y,0.0625,256,1.25e-05,20.0,1.5,0.01,u,0.00036955041940922584,0.00036955041940922584,0.00036015028064850796
P10,fd,0.0,0.0,space_y,0.0625,256,1.25e-05,20.0,1.5,0.01,v,0.0015519228383347183,0.0015519228383347183,0.0015395405468661139
P10,fd,0.0,0.0,domain_x,0.125,512,1.25e-05,40.0,1.5,0.005,u,0.0004316083456776809,0.00043212751808185956,0.00043098857792234213
P10,fd,0.0,0.0,domain_x,0.125,512,1.25e-05,40.0,1.5,0.005,v,0.0022242678234238866,0.0022263601991401316,0.0022233332718917254
P10,fd,0.0,0.0,domain_x,0.125,512,1.25e-05,40.0,1.5,0.01,u,0.0010178223536434494,0.0010193925606021281,0.0010178223536434494
P10,fd,0.0,0.0,domain_x,0.125,512,1.25e-05,40.0,1.5,0.01,v,0.0047695061912857994,0.004769506191284911,0.004769506191284911
P10,fd,0.0,0.0,space_x,0.125,512,1.25e-05,20.0,1.5,0.005,u,0.000386953315391958,0.000386953315391958,0.0003861345491271706
P10,fd,0.0,0.0,space_x,0.125,512,1.25e-05,20.0,1.5,0.005,v,0.0020780175723622563,0.0020780175723622563,0.0020759789616597857
P10,fd,0.0,0.0,space_x,0.125,512,1.25e-05,20.0,1.5,0.01,u,0.0008958247900165972,0.0008958247900165972,0.0008941166752465257
P10,fd,0.0,0.0,space_x,0.125,512,1.25e-05,20.0,1.5,0.01,v,0.00442850593850963,0.004429662417628322,0.004426120200897721
P10,fd,0.0,0.0,domain_y,0.125,256,1.25e-05,20.0,2.0,0.005,u,0.00043201354534061487,0.00043201354534061487,0.0004320135453403928
P10,fd,0.0,0.0,domain_y,0.125,256,1.25e-05,20.0,2.0,0.005,v,0.0021959899308603426,0.0021959899308603426,0.002193215836576279
P10,fd,0.0,0.0,domain_y,0.125,256,1.25e-05,20.0,2.0,0.01,u,0.001019123324273341,0.001019123324273341,0.001003707341000304
P10,fd,0.0,0.0,domain_y,0.125,256,1.25e-05,20.0,2.0,0.01,v,0.004618846755809258,0.004618846755809258,0.004618846755809258
P10,sd,-0.125,-0.125,main,0.125,256,1.25e-05,20.0,1.5,0.005,u,0.001642064562713319,0.001642064562713319,0.0016339964482576796
P10,sd,-0.125,-0.125,main,0.125,256,1.25e-05,20.0,1.5,0.005,v,0.0012931335444044123,0.0012931335444044123,0.0012271094868081533
P10,sd,-0.125,-0.125,main,0.125,256,1.25e-05,20.0,1.5,0.01,u,0.0033252837088570963,0.0033252837088570963,0.003303973911815916
P10,sd,-0.125,-0.125,main,0.125,256,1.25e-05,20.0,1.5,0.01,v,0.0033854876603980344,0.0033960565065758175,0.0032557239240373903
P10,sd,-0.125,-0.125,space_y,0.0625,256,1.25e-05,20.0,1.5,0.005,u,0.00042016821100232526,0.00042016821100232526,0.0004126739669096935
P10,sd,-0.125,-0.125,space_y,0.0625,256,1.25e-05,20.0,1.5,0.005,v,0.00036480792293414055,0.00036480792293414055,0.0003564836518732406
P10,sd,-0.125,-0.125,space_y,0.0625,256,1.25e-05,20.0,1.5,0.01,u,0.0008825572281327965,0.0008828552539998924,0.0008720930129622051
P10,sd,-0.125,-0.125,space_y,0.0625,256,1.25e-05,20.0,1.5,0.01,v,0.0006972098388215997,0.0006972098388215997,0.0006832505020044621
P10,sd,-0.125,-0.125,space_x,0.125,512,1.25e-05,20.0,1.5,0.005,u,0.0016625973501649405,0.0016625973501649405,0.001653672266603401
P10,sd,-0.125,-0.125,space_x,0.125,512,1.25e-05,20.0,1.5,0.005,v,0.0014336403121228969,0.0014336557133649563,0.0014336403121220087
P10,sd,-0.125,-0.125,space_x,0.125,512,1.25e-05,20.0,1.5,0.01,u,0.003354762625879637,0.003354762625879637,0.0033495355356318868
P10,sd,-0.125,-0.125,space_x,0.125,512,1.25e-05,20.0,1.5,0.01,v,0.0037971721881389087,0.003797296477455525,0.0037705804735646
P10,sd,-0.125,-0.125,time_half,0.125,256,6.25e-06,20.0,1.5,0.005,u,0.0016420138052164468,0.0016420138052164468,0.0016339362219013331
P10,sd,-0.125,-0.125,time_half,0.125,256,6.25e-06,20.0,1.5,0.005,v,0.0012936639706921937,0.0012936639706921937,0.0012276395691470654
P10,sd,-0.125,-0.125,time_half,0.125,256,6.25e-06,20.0,1.5,0.01,u,0.0033252081088721575,0.0033252081088721575,0.003303920578409336
P10,sd,-0.125,-0.125,time_half,0.125,256,6.25e-06,20.0,1.5,0.01,v,0.0033873473213041905,0.0033979644255177632,0.003257605632393634
P10,sd,-0.125,-0.125,domain_y,0.125,256,1.25e-05,20.0,2.0,0.005,u,0.0016415267742448947,0.0016415267742448947,0.0016401470003812868
P10,sd,-0.125,-0.125,domain_y,0.125,256,1.25e-05,20.0,2.0,0.005,v,0.0011503794435432368,0.0011517553334692288,0.001148336776278125
P10,sd,-0.125,-0.125,domain_y,0.125,256,1.25e-05,20.0,2.0,0.01,u,0.0033263352512165056,0.0033263352512165056,0.003308848711697454
P10,sd,-0.125,-0.125,domain_y,0.125,256,1.25e-05,20.0,2.0,0.01,v,0.0028430780103700926,0.002845321837530168,0.002831278212890531
P10,sd,-0.125,-0.125,domain_x,0.125,512,1.25e-05,40.0,1.5,0.005,u,0.001642064562713319,0.001642064562713319,0.0016339964482576796
P10,sd,-0.125,-0.125,domain_x,0.125,512,1.25e-05,40.0,1.5,0.005,v,0.0012931335444044123,0.0012931335444044123,0.0012271094868081533
P10,sd,-0.125,-0.125,domain_x,0.125,512,1.25e-05,40.0,1.5,0.01,u,0.0033252837088570963,0.0033252837088570963,0.003303973911815916
P10,sd,-0.125,-0.125,domain_x,0.125,512,1.25e-05,40.0,1.5,0.01,v,0.00338548766039537,0.003396056506573153,0.0032557239240373903
P10,sd,-0.125,0.0,main,0.125,256,1.25e-05,20.0,1.5,0.005,u,0.0016382032617374698,0.0016382032617374698,0.0016299810150948169
P10,sd,-0.125,0.0,main,0.125,256,1.25e-05,20.0,1.5,0.005,v,0.0013725513558178193,0.0013725513558178193,0.001366154421435617
P10,sd,-0.125,0.0,main,0.125,256,1.25e-05,20.0,1.5,0.01,u,0.0033100965077239586,0.0033101705331390896,0.003290055377827894
P10,sd,-0.125,0.0,main,0.125,256,1.25e-05,20.0,1.5,0.01,v,0.0031968644235877974,0.0032045744416020483,0.0031948436998776586
P10,sd,-0.125,0.0,time_half,0.125,256,6.25e-06,20.0,1.5,0.005,u,0.0016381478408269423,0.0016381478408269423,0.0016299159702706234
P10,sd,-0.125,0.0,time_half,0.125,256,6.25e-06,20.0,1.5,0.005,v,0.0013728050182182372,0.0013728264613548369,0.001366451027569937
P10,sd,-0.125,0.0,time_half,0.125,256,6.25e-06,20.0,1.5,0.01,u,0.0033100115592525903,0.0033101061544904553,0.003289993394726576
P10,sd,-0.125,0.0,time_half,0.125,256,6.25e-06,20.0,1.5,0.01,v,0.003197763409834131,0.003205362033544379,0.0031955176214952807
P10,sd,-0.125,0.0,space_y,0.0625,256,1.25e-05,20.0,1.5,0.005,u,0.0004192512189133968,0.0004192512189133968,0.0004117891397543705
P10,sd,-0.125,0.0,space_y,0.0625,256,1.25e-05,20.0,1.5,0.005,v,0.00039579920239596333,0.00039579920239596333,0.0003837027032851381
P10,sd,-0.125,0.0,space_y,0.0625,256,1.25e-05,20.0,1.5,0.01,u,0.0008790080959109048,0.0008793315583879302,0.0008687201989081572
P10,sd,-0.125,0.0,space_y,0.0625,256,1.25e-05,20.0,1.5,0.01,v,0.0007437532393055335,0.0007437532393055335,0.0007341225472590196
P10,sd,-0.125,0.0,space_x,0.125,512,1.25e-05,20.0,1.5,0.005,u,0.0016588749255248558,0.0016588749255248558,0.0016497988503427763
P10,sd,-0.125,0.0,space_x,0.125,512,1.25e-05,20.0,1.5,0.005,v,0.0014485018723586762,0.0014485018723586762,0.0014446896185758007
P10,sd,-0.125,0.0,space_x,0.125,512,1.25e-05,20.0,1.5,0.01,u,0.003340456871252062,0.003340456871252062,0.003335577662901823
P10,sd,-0.125,0.0,space_x,0.125,512,1.25e-05,20.0,1.5,0.01,v,0.003504346696252547,0.003504346696252547,0.0034836895921914746
P10,sd,-0.125,0.0,domain_x,0.125,512,1.25e-05,40.0,1.5,0.005,u,0.0016382032617374698,0.0016382032617374698,0.0016299810150948169
P10,sd,-0.125,0.0,domain_x,0.125,512,1.25e-05,40.0,1.5,0.005,v,0.0013725513558173752,0.0013725513558173752,0.001366154421435617
P10,sd,-0.125,0.0,domain_x,0.125,512,1.25e-05,40.0,1.5,0.01,u,0.0033100965077230704,0.0033101705331395337,0.003290055377827894
P10,sd,-0.125,0.0,domain_x,0.125,512,1.25e-05,40.0,1.5,0.01,v,0.0031968644235891297,0.0032045744416020483,0.0031948436998776586
P10,sd,-0.125,0.0,domain_y,0.125,256,1.25e-05,20.0,2.0,0.005,u,0.0016377001366629784,0.0016377001366629784,0.0016364675793512085
P10,sd,-0.125,0.0,domain_y,0.125,256,1.25e-05,20.0,2.0,0.005,v,0.0012864827334428952,0.0012879392705156256,0.001281424171226675
P10,sd,-0.125,0.0,domain_y,0.125,256,1.25e-05,20.0,2.0,0.01,u,0.0033112739583009976,0.0033112739583009976,0.003294387489817918
P10,sd,-0.125,0.0,domain_y,0.125,256,1.25e-05,20.0,2.0,0.01,v,0.0031275044673622077,0.0031275044673622077,0.00311753181711083
P10,sd,-0.125,0.125,main,0.125,256,1.25e-05,20.0,1.5,0.005,u,0.001634341938457684,0.001634341938457684,0.001625965559316267
P10,sd,-0.125,0.125,main,0.125,256,1.25e-05,20.0,1.5,0.005,v,0.001508174178323607,0.0015103453018845414,0.001506077995595767
P10,sd,-0.125,0.125,main,0.125,256,1.25e-05,20.0,1.5,0.01,u,0.0032949092899614563,0.003295307465908337,0.0032761368038194405
P10,sd,-0.125,0.125,main,0.125,256,1.25e-05,20.0,1.5,0.01,v,0.0034846338217966455,0.003488087649396121,0.003474001982838537
P10,sd,-0.125,0.125,space_y,0.0625,256,1.25e-05,20.0,1.5,0.005,u,0.0004183342265879908,0.0004183342265879908,0.000410904312277971
P10,sd,-0.125,0.125,space_y,0.0625,256,1.25e-05,20.0,1.5,0.005,v,0.00042679048210025883,0.0004269893482238274,0.0004176185504096708
P10,sd,-0.125,0.125,space_y,0.0625,256,1.25e-05,20.0,1.5,0.01,u,0.000875458964554765,0.000875807864129774,0.00086534738509636
P10,sd,-0.125,0.125,space_y,0.0625,256,1.25e-05,20.0,1.5,0.01,v,0.0008073250635618479,0.0008073250635618479,0.0008005748844981397
P10,sd,-0.125,0.125,time_half,0.125,256,6.25e-06,20.0,1.5,0.005,u,0.0016342818541410509,0.0016342818541410509,0.0016258956960331084
P10,sd,-0.125,0.125,time_half,0.125,256,6.25e-06,20.0,1.5,0.005,v,0.0015084271883778477,0.0015106206654569299,0.0015063741778282846
P10,sd,-0.125,0.125,time_half,0.125,256,6.25e-06,20.0,1.5,0.01,u,0.0032948149932860993,0.0032952338917677793,0.0032760661712458727
P10,sd,-0.125,0.125,time_half,0.125,256,6.25e-06,20.0,1.5,0.01,v,0.003485530975444018,0.003488873159603667,0.0034746735926507455
P10,sd,-0.125,0.125,domain_x,0.125,512,1.25e-05,40.0,1.5,0.005,u,0.0016343419384581281,0.0016343419384581281,0.001625965559316267
P10,sd,-0.125,0.125,domain_x,0.125,512,1.25e-05,40.0,1.5,0.005,v,0.0015081741783227187,0.0015103453018840973,0.001506077995595767
P10,sd,-0.125,0.125,domain_x,0.125,512,1.25e-05,40.0,1.5,0.01,u,0.0032949092899614563,0.003295307465908781,0.0032761368038194405
P10,sd,-0.125,0.125,domain_x,0.125,512,1.25e-05,40.0,1.5,0.01,v,0.0034846338217979778,0.003488087649397009,0.003474001982838537
P10,sd,-0.125,0.125,space_x,0.125,512,1.25e-05,20.0,1.5,0.005,u,0.0016551524785581861,0.0016551524785581861,0.0016460413278864827
P10,sd,-0.125,0.125,space_x,0.125,512,1.25e-05,20.0,1.5,0.005,v,0.001586275781354729,0.0015863000930531612,0.0015845932741340718
P10,sd,-0.125,0.125,space_x,0.125,512,1.25e-05,20.0,1.5,0.01,u,0.0033261511497681973,0.0033261511497686413,0.003321619820745969
P10,sd,-0.125,0.125,space_x,0.125,512,1.25e-05,20.0,1.5,0.01,v,0.003605686455384838,0.003605686455384838,0.003579178393847471
P10,sd,-0.125,0.125,domain_y,0.125,256,1.25e-05,20.0,2.0,0.005,u,0.0016338734768490681,0.0016338734768490681,0.0016327881358324525
P10,sd,-0.125,0.125,domain_y,0.125,256,1.25e-05,20.0,2.0,0.005,v,0.0014248165573684801,0.0014248165573684801,0.001414511262037177
P10,sd,-0.125,0.125,domain_y,0.125,256,1.25e-05,20.0,2.0,0.01,u,0.003296212647492247,0.003296212647492247,0.0032799262336458135
P10,sd,-0.125,0.125,domain_y,0.125,256,1.25e-05,20.0,2.0,0.01,v,0.0034119283400286804,0.0034119283400286804,0.00340378305607425
P10,sd,0.0,-0.125,main,0.125,256,1.25e-05,20.0,1.5,0.005,u,0.0016173414682592036,0.00161802596763172,0.0016142296295327263
P10,sd,0.0,-0.125,main,0.125,256,1.25e-05,20.0,1.5,0.005,v,0.001351579072977671,0.001351579072977671,0.001294222334533579
P10,sd,0.0,-0.125,main,0.125,256,1.25e-05,20.0,1.5,0.01,u,0.0034269402547257855,0.0034315238137441195,0.0034269402547257855
P10,sd,0.0,-0.125,main,0.125,256,1.25e-05,20.0,1.5,0.01,v,0.0035004499098727493,0.0035140379737761407,0.003386363018345051
P10,sd,0.0,-0.125,space_y,0.0625,256,1.25e-05,20.0,1.5,0.005,u,0.0004345606102467148,0.0004345606102467148,0.00042971840167571607
P10,sd,0.0,-0.125,space_y,0.0625,256,1.25e-05,20.0,1.5,0.005,v,0.0003424349712792818,0.000342505837170215,0.0003344724896026108
P10,sd,0.0,-0.125,space_y,0.0625,256,1.25e-05,20.0,1.5,0.01,u,0.0009104009249873979,0.0009106944806582806,0.000895733362337392
P10,sd,0.0,-0.125,space_y,0.0625,256,1.25e-05,20.0,1.5,0.01,v,0.0007293018541023599,0.0007293018541023599,0.0007173100064399307
P10,sd,0.0,-0.125,time_half,0.125,256,6.25e-06,20.0,1.5,0.005,u,0.001617358300893823,0.0016180798658067541,0.00161428609563119
P10,sd,0.0,-0.125,time_half,0.125,256,6.25e-06,20.0,1.5,0.005,v,0.0013521075296631935,0.0013521075296631935,0.0012947501981477316
P10,sd,0.0,-0.125,time_half,0.125,256,6.25e-06,20.0,1.5,0.01,u,0.003427119062210826,0.0034316972281143165,0.003427119062210826
P10,sd,0.0,-0.125,time_half,0.125,256,6.25e-06,20.0,1.5,0.01,v,0.0035023739905692963,0.003515942016005802,0.0033882400122555723
P10,sd,0.0,-0.125,space_x,0.125,512,1.25e-05,20.0,1.5,0.005,u,0.0015965984404859856,0.0015972269071049539,0.0015912509616344828
P10,sd,0.0,-0.125,space_x,0.125,512,1.25e-05,20.0,1.5,0.005,v,0.0014920630705343996,0.001493169988308729,0.0014920630705335114
P10,sd,0.0,-0.125,space_x,0.125,512,1.25e-05,20.0,1.5,0.01,u,0.0033812944495987818,0.00338179988855547,0.0033812944495987818
P10,sd,0.0,-0.125,space_x,0.125,512,1.25e-05,20.0,1.5,0.01,v,0.0039151672945090255,0.003917402557251037,0.0038843434117810105
P10,sd,0.0,-0.125,domain_y,0.125,256,1.25e-05,20.0,2.0,0.005,u,0.0016166976414500045,0.0016178012108845063,0.0016166976414500045
P10,sd,0.0,-0.125,domain_y,0.125,256,1.25e-05,20.0,2.0,0.005,v,0.0011086800637372107,0.0011107093362738851,0.001104495176957876
P10,sd,0.0,-0.125,domain_y,0.125,256,1.25e-05,20.0,2.0,0.01,u,0.0034304172377748188,0.0034304172377748188,0.0033910849220699646
P10,sd,0.0,-0.125,domain_y,0.125,256,1.25e-05,20.0,2.0,0.01,v,0.0029213195244075507,0.0029213195244075507,0.0028922522432726083
P10,sd,0.0,-0.125,domain_x,0.125,512,1.25e-05,40.0,1.5,0.005,u,0.0016173414682592036,0.00161802596763172,0.0016142296295327263
P10,sd,0.0,-0.125,domain_x,0.125,512,1.25e-05,40.0,1.5,0.005,v,0.001351579072977671,0.001351579072977671,0.001294222334533579
P10,sd,0.0,-0.125,domain_x,0.125,512,1.25e-05,40.0,1.5,0.01,u,0.0034269402547260075,0.0034315238137443416,0.0034269402547257855
P10,sd,0.0,-0.125,domain_x,0.125,512,1.25e-05,40.0,1.5,0.01,v,0.003500449909870973,0.003514037973773476,0.003386363018345051
P10,sd,0.0,0.0,main,0.125,256,1.25e-05,20.0,1.5,0.005,u,0.0016130110829177813,0.0016139990621666378,0.0016102465758700557
P10,sd,0.0,0.0,main,0.125,256,1.25e-05,20.0,1.5,0.005,v,0.0012694541932281034,0.0012694541932281034,0.001262445397617995
P10,sd,0.0,0.0,main,0.125,256,1.25e-05,20.0,1.5,0.01,u,0.00341161084016095,0.0034160204931492633,0.0034116108401611722
P10,sd,0.0,0.0,main,0.125,256,1.25e-05,20.0,1.5,0.01,v,0.003212485649086716,0.003221379139750624,0.003078360518666834
P10,sd,0.0,0.0,space_y,0.0625,256,1.25e-05,20.0,1.5,0.005,u,0.0004336436235954366,0.0004336436235954366,0.00042878849050409507
P10,sd,0.0,0.0,space_y,0.0625,256,1.25e-05,20.0,1.5,0.005,v,0.000373426033974944,0.000373426033974944,0.00036169128490026736
P10,sd,0.0,0.0,space_y,0.0625,256,1.25e-05,20.0,1.5,0.01,u,0.0009066987246990621,0.0009071708245702581,0.0008923605905033494
P10,sd,0.0,0.0,space_y,0.0625,256,1.25e-05,20.0,1.5,0.01,v,0.0006999254199122618,0.0006999254199122618,0.0006898011200888732
P10,sd,0.0,0.0,space_x,0.125,512,1.25e-05,20.0,1.5,0.005,u,0.0015923072869516997,0.0015929108397321201,0.0015870163572024865
P10,sd,0.0,0.0,space_x,0.125,512,1.25e-05,20.0,1.5,0.005,v,0.0013510514691876807,0.0013510514691876807,0.0013510514691876807
P10,sd,0.0,0.0,space_x,0.125,512,1.25e-05,20.0,1.5,0.01,u,0.0033659265269341265,0.0033663402107899643,0.0033659265269343486
P10,sd,0.0,0.0,space_x,0.125,512,1.25e-05,20.0,1.5,0.01,v,0.003622313931868071,0.003622313931868071,0.0035974231746997987
P10,sd,0.0,0.0,domain_x,0.125,512,1.25e-05,40.0,1.5,0.005,u,0.0016130110829175592,0.0016139990621661937,0.0016102465758700557
P10,sd,0.0,0.0,domain_x,0.125,512,1.25e-05,40.0,1.5,0.005,v,0.0012694541932285475,0.0012694541932276593,0.001262445397617995
P10,sd,0.0,0.0,domain_x,0.125,512,1.25e-05,40.0,1.5,0.01,u,0.0034116108401613943,0.0034160204931497073,0.0034116108401611722
P10,sd,0.0,0.0,domain_x,0.125,512,1.25e-05,40.0,1.5,0.01,v,0.0032124856490831633,0.0032213791397479596,0.003078360518666834
P10,sd,0.0,0.0,time_half,0.125,256,6.25e-06,20.0,1.5,0.005,u,0.0016130229454383027,0.0016140483138575856,0.0016102984491368488
P10,sd,0.0,0.0,time_half,0.125,256,6.25e-06,20.0,1.5,0.005,v,0.0012697092285991474,0.0012697092285991474,0.001262743510342279
P10,sd,0.0,0.0,time_half,0.125,256,6.25e-06,20.0,1.5,0.01,u,0.0034117795300410148,0.0034161836727619743,0.0034117795300407927
P10,sd,0.0,0.0,time_half,0.125,256,6.25e-06,20.0,1.5,0.01,v,0.0032143339902717116,0.0032232753058982766,0.0030802294243228445
P10,sd,0.0,0.0,domain_y,0.125,256,1.25e-05,20.0,2.0,0.005,u,0.0016124945474049746,0.0016137592121612254,0.0016123507075354038
P10,sd,0.0,0.0,domain_y,0.125,256,1.25e-05,20.0,2.0,0.005,v,0.001174993901515542,0.0011767507406190703,0.0011716125938328048
P10,sd,0.0,0.0,domain_y,0.125,256,1.25e-05,20.0,2.0,0.01,u,0.0034150140137125806,0.0034150140137125806,0.0033761071719484725
P10,sd,0.0,0.0,domain_y,0.125,256,1.25e-05,20.0,2.0,0.01,v,0.0028959144112903346,0.0028959144112903346,0.002882827903519125
P10,sd,0.0,0.125,main,0.125,256,1.25e-05,20.0,1.5,0.005,u,0.001608680675045271,0.001609972134590354,0.0016062635009312931
P10,sd,0.0,0.125,main,0.125,256,1.25e-05,20.0,1.5,0.005,v,0.001405074952998575,0.0014068989566826673,0.001402367053941589
P10,sd,0.0,0.125,main,0.125,256,1.25e-05,20.0,1.5,0.01,u,0.0033962813994785623,0.003400517136558534,0.0033962813994783403
P10,sd,0.0,0.125,main,0.125,256,1.25e-05,20.0,1.5,0.01,v,0.0032792450358170022,0.003282772408493173,0.0032689359129514095
P10,sd,0.0,0.125,space_y,0.0625,256,1.25e-05,20.0,1.5,0.005,u,0.00043272663670612665,0.00043272663670612665,0.00042785857919902526
P10,sd,0.0,0.125,space_y,0.0625,256,1.25e-05,20.0,1.5,0.005,v,0.00040441709693617156,0.0004045348345025346,0.00039494087068536743
P10,sd,0.0,0.125,space_y,0.0625,256,1.25e-05,20.0,1.5,0.01,u,0.0009029965259943484,0.0009036471698358195,0.0008889878189115574
P10,sd,0.0,0.125,space_y,0.0625,256,1.25e-05,20.0,1.5,0.01,v,0.0007634964679095191,0.0007634964679095191,0.0007562527616311598
P10,sd,0.0,0.125,time_half,0.125,256,6.25e-06,20.0,1.5,0.005,u,0.0016086875674576895,0.001610016739795217,0.00160631078136797
P10,sd,0.0,0.125,time_half,0.125,256,6.25e-06,20.0,1.5,0.005,v,0.0014053293331501848,0.0014071757567717391,0.0014026647400320336
P10,sd,0.0,0.125,time_half,0.125,256,6.25e-06,20.0,1.5,0.01,u,0.0033964399720243232,0.0034006700816502367,0.0033964399720243232
P10,sd,0.0,0.125,time_half,0.125,256,6.25e-06,20.0,1.5,0.01,v,0.0032801448004406986,0.0032835603658822876,0.0032696098211371094
P10,sd,0.0,0.125,space_x,0.125,512,1.25e-05,20.0,1.5,0.005,u,0.0015880161120245262,0.0015885947505074327,0.0015827817323039728
P10,sd,0.0,0.125,space_x,0.125,512,1.25e-05,20.0,1.5,0.005,v,0.0014828008941294435,0.0014828008941294435,0.0014808526063752048
P10,sd,0.0,0.125,space_x,0.125,512,1.25e-05,20.0,1.5,0.01,u,0.0033505585846818065,0.003350880500889941,0.0033505585846820285
P10,sd,0.0,0.125,space_x,0.125,512,1.25e-05,20.0,1.5,0.01,v,0.0034001882859109323,0.0034001882859109323,0.003369792209193534
P10,sd,0.0,0.125,domain_x,0.125,512,1.25e-05,40.0,1.5,0.005,u,0.0016086806750450489,0.001609972134590354,0.0016062635009312931
P10,sd,0.0,0.125,domain_x,0.125,512,1.25e-05,40.0,1.5,0.005,v,0.001405074952998575,0.0014068989566826673,0.001402367053941589
P10,sd,0.0,0.125,domain_x,0.125,512,1.25e-05,40.0,1.5,0.01,u,0.0033962813994785623,0.003400517136558978,0.0033962813994783403
P10,sd,0.0,0.125,domain_x,0.125,512,1.25e-05,40.0,1.5,0.01,v,0.0032792450358183345,0.0032827724084949494,0.0032689359129514095
P10,sd,0.0,0.125,domain_y,0.125,256,1.25e-05,20.0,2.0,0.005,u,0.0016084928827884148,0.0016097171910065544,0.0016080037507355538
P10,sd,0.0,0.125,domain_y,0.125,256,1.25e-05,20.0,2.0,0.005,v,0.0013133196901558009,0.0013133196901558009,0.0013046922020953922
P10,sd,0.0,0.125,domain_y,0.125,256,1.25e-05,20.0,2.0,0.01,u,0.003399610759625027,0.003399610759625027,0.0033611294110591494
P10,sd,0.0,0.125,domain_y,0.125,256,1.25e-05,20.0,2.0,0.01,v,0.00318030691554938,0.00318030691554938,0.003169043545455885
P10,sd,0.125,-0.125,main,0.125,256,1.25e-05,20.0,1.5,0.005,u,0.0016868499061486464,0.0016881482490831434,0.0016799014617538965
P10,sd,0.125,-0.125,main,0.125,256,1.25e-05,20.0,1.5,0.005,v,0.0014100289485288187,0.0014118667366913584,0.0013613394449594196
P10,sd,0.125,-0.125,main,0.125,256,1.25e-05,20.0,1.5,0.01,u,0.0035585602439296427,0.0035585602439296427,0.0035585602439296427
P10,sd,0.125,-0.125,main,0.125,256,1.25e-05,20.0,1.5,0.01,v,0.003622689552572389,0.003632036389650928,0.0035170187981874435
P10,sd,0.125,-0.125,space_y,0.0625,256,1.25e-05,20.0,1.5,0.005,u,0.00044902587054362897,0.0004495922939795616,0.0004471728698742794
P10,sd,0.125,-0.125,space_y,0.0625,256,1.25e-05,20.0,1.5,0.005,v,0.00032006207134926967,0.0003202175837673238,0.0003124613871303694
P10,sd,0.125,-0.125,space_y,0.0625,256,1.25e-05,20.0,1.5,0.01,u,0.0009392075393221955,0.0009410611601214924,0.0009296875654760672
P10,sd,0.125,-0.125,space_y,0.0625,256,1.25e-05,20.0,1.5,0.01,v,0.0007613947612190586,0.0007613947612190586,0.0007513703957018336
P10,sd,0.125,-0.125,space_x,0.125,512,1.25e-05,20.0,1.5,0.005,u,0.0016697224300008529,0.0016697224300008529,0.0016679613434189555
P10,sd,0.125,-0.125,space_x,0.125,512,1.25e-05,20.0,1.5,0.005,v,0.0015522952682571756,0.0015526886167007703,0.0015504901852239072
P10,sd,0.125,-0.125,space_x,0.125,512,1.25e-05,20.0,1.5,0.01,u,0.003512854972171242,0.003512854972171242,0.003512854972171242
P10,sd,0.125,-0.125,space_x,0.125,512,1.25e-05,20.0,1.5,0.01,v,0.004033179093705819,0.00403752528566681,0.003998123137582965
P10,sd,0.125,-0.125,time_half,0.125,256,6.25e-06,20.0,1.5,0.005,u,0.0016868669399170422,0.0016881690175649666,0.0016799580966879724
P10,sd,0.125,-0.125,time_half,0.125,256,6.25e-06,20.0,1.5,0.005,v,0.00141055544063029,0.001412401963262866,0.0013618650947959665
P10,sd,0.125,-0.125,time_half,0.125,256,6.25e-06,20.0,1.5,0.01,u,0.00355874029362524,0.00355874029362524,0.003558740293625462
P10,sd,0.125,-0.125,time_half,0.125,256,6.25e-06,20.0,1.5,0.01,v,0.0036246094842722343,0.003633936563324447,0.003518891085765752
P10,sd,0.125,-0.125,domain_x,0.125,512,1.25e-05,40.0,1.5,0.005,u,0.0016868499061484243,0.0016881482490829214,0.0016799014617538965
P10,sd,0.125,-0.125,domain_x,0.125,512,1.25e-05,40.0,1.5,0.005,v,0.0014100289485288187,0.0014118667366922466,0.0013613394449594196
P10,sd,0.125,-0.125,domain_x,0.125,512,1.25e-05,40.0,1.5,0.01,u,0.0035585602439296427,0.0035585602439294206,0.0035585602439296427
P10,sd,0.125,-0.125,domain_x,0.125,512,1.25e-05,40.0,1.5,0.01,v,0.0036226895525706126,0.0036320363896491514,0.0035170187981874435
P10,sd,0.125,-0.125,domain_y,0.125,256,1.25e-05,20.0,2.0,0.005,u,0.0016861921551001302,0.0016883108864194085,0.0016847444956487045
P10,sd,0.125,-0.125,domain_y,0.125,256,1.25e-05,20.0,2.0,0.005,v,0.001163542835271869,0.001164085733699416,0.0011583853609895556
P10,sd,0.125,-0.125,domain_y,0.125,256,1.25e-05,20.0,2.0,0.01,u,0.0035593109918141685,0.0035593109918141685,0.003533485148103921
P10,sd,0.125,-0.125,domain_y,0.125,256,1.25e-05,20.0,2.0,0.01,v,0.003027546825151717,0.003027546825151717,0.0029965764826354047
P10,sd,0.125,0.0,main,0.125,256,1.25e-05,20.0,1.5,0.005,u,0.00168251960620025,0.001683865572209342,0.0016759184590842136
P10,sd,0.125,0.0,main,0.125,256,1.25e-05,20.0,1.5,0.005,v,0.0012690738068972252,0.0012690738068972252,0.0012098917065213044
P10,sd,0.125,0.0,main,0.125,256,1.25e-05,20.0,1.5,0.01,u,0.003543231337907793,0.003543231337907793,0.003543231337907793
P10,sd,0.125,0.0,main,0.125,256,1.25e-05,20.0,1.5,0.01,v,0.0033262018957813666,0.003339349818938686,0.0032089930579806136
P10,sd,0.125,0.0,space_y,0.0625,256,1.25e-05,20.0,1.5,0.005,u,0.00044807564678439604,0.0004486830050138835,0.00044624296262418817
P10,sd,0.125,0.0,space_y,0.0625,256,1.25e-05,20.0,1.5,0.005,v,0.00035105291729653487,0.00035105291729653487,0.0003396799263368777
P10,sd,0.125,0.0,space_y,0.0625,256,1.25e-05,20.0,1.5,0.01,u,0.0009355053878790098,0.0009373900999221085,0.0009259384829767292
P10,sd,0.125,0.0,space_y,0.0625,256,1.25e-05,20.0,1.5,0.01,v,0.0006894579897052111,0.0006894579897052111,0.0006766599896348424
P10,sd,0.125,0.0,time_half,0.125,256,6.25e-06,20.0,1.5,0.005,u,0.00168253167022403,0.0016838814284270143,0.0016759705014219861
P10,sd,0.125,0.0,time_half,0.125,256,6.25e-06,20.0,1.5,0.005,v,0.0012695972794238841,0.0012695972794238841,0.0012104141670503665
P10,sd,0.125,0.0,time_half,0.125,256,6.25e-06,20.0,1.5,0.01,u,0.003543401271217883,0.003543401271217883,0.003543401271217661
P10,sd,0.125,0.0,time_half,0.125,256,6.25e-06,20.0,1.5,0.01,v,0.0033280466248903906,0.0033412420985845515,0.0032108572428874993
P10,sd,0.125,0.0,space_x,0.125,512,1.25e-05,20.0,1.5,0.005,u,0.0016654313461774706,0.0016654313461774706,0.0016637267915762255
P10,sd,0.125,0.0,space_x,0.125,512,1.25e-05,20.0,1.5,0.005,v,0.0014094714353340976,0.0014101893143827482,0.0014094714353340976
P10,sd,0.125,0.0,space_x,0.125,512,1.25e-05,20.0,1.5,0.01,u,0.0034974875814606232,0.0034974875814606232,0.0034974875814606232
P10,sd,0.125,0.0,space_x,0.125,512,1.25e-05,20.0,1.5,0.01,v,0.003740297969274664,0.003741830720366046,0.003711173606363971
P10,sd,0.125,0.0,domain_x,0.125,512,1.25e-05,40.0,1.5,0.005,u,0.001682519606200028,0.00168386557220912,0.0016759184590842136
P10,sd,0.125,0.0,domain_x,0.125,512,1.25e-05,40.0,1.5,0.005,v,0.0012690738068972252,0.0012690738068972252,0.0012098917065213044
P10,sd,0.125,0.0,domain_x,0.125,512,1.25e-05,40.0,1.5,0.01,u,0.003543231337907793,0.003543231337907793,0.003543231337907793
P10,sd,0.125,0.0,domain_x,0.125,512,1.25e-05,40.0,1.5,0.01,v,0.003326201895778702,0.0033393498189360216,0.0032089930579806136
P10,sd,0.125,0.0,domain_y,0.125,256,1.25e-05,20.0,2.0,0.005,u,0.0016819423464335959,0.0016840080859936712,0.0016803976536250431
P10,sd,0.125,0.0,domain_y,0.125,256,1.25e-05,20.0,2.0,0.005,v,0.0010640465051827697,0.001065562880870008,0.0010618018619457104
P10,sd,0.125,0.0,domain_y,0.125,256,1.25e-05,20.0,2.0,0.01,u,0.0035439083248749448,0.0035439083248749448,0.0035185077068611292
P10,sd,0.125,0.0,domain_y,0.125,256,1.25e-05,20.0,2.0,0.01,v,0.0027422071290885697,0.0027422071290885697,0.002715135341146535
P10,sd,0.125,0.125,main,0.125,256,1.25e-05,20.0,1.5,0.005,u,0.0016781892837203216,0.0016795828737299345,0.001671935435135996
P10,sd,0.125,0.125,main,0.125,256,1.25e-05,20.0,1.5,0.005,v,0.001301976470100108,0.0013034531922246906,0.0012986565266093208
P10,sd,0.125,0.125,main,0.125,256,1.25e-05,20.0,1.5,0.01,u,0.0035279024057235375,0.0035279024057235375,0.0035279024057233155
P10,sd,0.125,0.125,main,0.125,256,1.25e-05,20.0,1.5,0.01,v,0.003073855976712725,0.003077457597606248,0.0030638709616841453
P10,sd,0.125,0.125,space_y,0.0625,256,1.25e-05,20.0,1.5,0.005,u,0.0004471254228211041,0.0004477737158397055,0.00044531305523820564
P10,sd,0.125,0.125,space_y,0.0625,256,1.25e-05,20.0,1.5,0.005,v,0.0003820437635111418,0.00038208037072617884,0.00037226323546946105
P10,sd,0.125,0.125,space_y,0.0625,256,1.25e-05,20.0,1.5,0.01,u,0.0009318032380163377,0.0009337190418214902,0.0009221894039350698
P10,sd,0.125,0.125,space_y,0.0625,256,1.25e-05,20.0,1.5,0.01,v,0.0007196682105412577,0.0007196682105412577,0.0007119309619660896
P10,sd,0.125,0.125,time_half,0.125,256,6.25e-06,20.0,1.5,0.005,u,0.0016781963780028164,0.001679593817689451,0.0016719828848765772
P10,sd,0.125,0.125,time_half,0.125,256,6.25e-06,20.0,1.5,0.005,v,0.0013022322209357284,0.0013037314292190239,0.0012989557167446542
P10,sd,0.125,0.125,time_half,0.125,256,6.25e-06,20.0,1.5,0.01,u,0.0035280622229076908,0.0035280622229076908,0.0035280622229074687
P10,sd,0.125,0.125,time_half,0.125,256,6.25e-06,20.0,1.5,0.01,v,0.0030747583506349763,0.0030782480010005386,0.0030645471675589953
P10,sd,0.125,0.125,domain_x,0.125,512,1.25e-05,40.0,1.5,0.005,u,0.0016781892837203216,0.0016795828737297125,0.001671935435135996
P10,sd,0.125,0.125,domain_x,0.125,512,1.25e-05,40.0,1.5,0.005,v,0.0013019764700992198,0.0013034531922246906,0.0012986565266093208
P10,sd,0.125,0.125,domain_x,0.125,512,1.25e-05,40.0,1.5,0.01,u,0.0035279024057233155,0.0035279024057233155,0.0035279024057233155
P10,sd,0.125,0.125,domain_x,0.125,512,1.25e-05,40.0,1.5,0.01,v,0.003073855976714057,0.00307745759760758,0.0030638709616841453
P10,sd,0.125,0.125,space_x,0.125,512,1.25e-05,20.0,1.5,0.005,u,0.001661140240852621,0.001661140240852621,0.0016594922191903727
P10,sd,0.125,0.125,space_x,0.125,512,1.25e-05,20.0,1.5,0.005,v,0.001379326593804464,0.001379326593804464,0.0013771123586665546
P10,sd,0.125,0.125,space_x,0.125,512,1.25e-05,20.0,1.5,0.01,u,0.0034821201612653674,0.0034821201612651453,0.0034821201612651453
P10,sd,0.125,0.125,space_x,0.125,512,1.25e-05,20.0,1.5,0.01,v,0.003447418840965888,0.003447418840965888,0.0034242260200825214
P10,sd,0.125,0.125,domain_y,0.125,256,1.25e-05,20.0,2.0,0.005,u,0.001677692516732332,0.001679705263589959,0.0016760507887116916
P10,sd,0.125,0.125,domain_y,0.125,256,1.25e-05,20.0,2.0,0.005,v,0.0012018232924138061,0.0012018232924138061,0.0011948739870262237
P10,sd,0.125,0.125,domain_y,0.125,256,1.25e-05,20.0,2.0,0.01,u,0.00352850562786422,0.00352850562786422,0.003503530254803877
P10,sd,0.125,0.125,domain_y,0.125,256,1.25e-05,20.0,2.0,0.01,v,0.0029486842053136897,0.0029486842053136897,0.002934303330340615
P10,sd,0.04248652711,0.00844851896,main,0.125,256,1.25e-05,20.0,1.5,0.005,u,0.001636344630239872,0.001636344630239872,0.0016322994849615746
P10,sd,0.04248652711,0.00844851896,main,0.125,256,1.25e-05,20.0,1.5,0.005,v,0.0012435787496110073,0.0012435787496110073,0.001236652605662858
P10,sd,0.04248652711,0.00844851896,main,0.125,256,1.25e-05,20.0,1.5,0.01,u,0.0034553146480507113,0.0034573894382377013,0.0034553146480507113
P10,sd,0.04248652711,0.00844851896,main,0.125,256,1.25e-05,20.0,1.5,0.01,v,0.0032317548250837547,0.003241693716429239,0.0031019418464550697
P10,sd,0.04248652711,0.00844851896,space_y,0.0625,256,1.25e-05,20.0,1.5,0.005,u,0.00043847341537839313,0.00043856078021486944,0.00043465832781208746
P10,sd,0.04248652711,0.00844851896,space_y,0.0625,256,1.25e-05,20.0,1.5,0.005,v,0.0003679162036238637,0.0003679162036238637,0.0003560494509251555
P10,sd,0.04248652711,0.00844851896,space_y,0.0625,256,1.25e-05,20.0,1.5,0.01,u,0.0009162398570641272,0.0009169925247374255,0.0009025766867272189
P10,sd,0.04248652711,0.00844851896,space_y,0.0625,256,1.25e-05,20.0,1.5,0.01,v,0.0006893253940170041,0.0006893253940170041,0.0006792280131655559
P10,sd,0.04248652711,0.00844851896,space_x,0.125,512,1.25e-05,20.0,1.5,0.005,u,0.0016168723711891264,0.0016168723711889044,0.001612804234376597
P10,sd,0.04248652711,0.00844851896,space_x,0.125,512,1.25e-05,20.0,1.5,0.005,v,0.001361376602641684,0.001361376602641684,0.0013613766026425722
P10,sd,0.04248652711,0.00844851896,space_x,0.125,512,1.25e-05,20.0,1.5,0.01,u,0.0034096075315124263,0.0034096075315124263,0.0034096075315124263
P10,sd,0.04248652711,0.00844851896,space_x,0.125,512,1.25e-05,20.0,1.5,0.01,v,0.003642619822637805,0.003642619822637805,0.0036166909792454405
P10,sd,0.04248652711,0.00844851896,time_half,0.125,256,6.25e-06,20.0,1.5,0.005,u,0.0016363562264052334,0.0016363562264052334,0.0016323511062559248
P10,sd,0.04248652711,0.00844851896,time_half,0.125,256,6.25e-06,20.0,1.5,0.005,v,0.00124383420742058,0.00124383420742058,0.0012369512016028317
P10,sd,0.04248652711,0.00844851896,time_half,0.125,256,6.25e-06,20.0,1.5,0.01,u,0.0034554830789128577,0.003457552282792431,0.0034554830789128577
P10,sd,0.04248652711,0.00844851896,time_half,0.125,256,6.25e-06,20.0,1.5,0.01,v,0.003233601415649545,0.0032435880280656804,0.0031038085997963094
P10,sd,0.04248652711,0.00844851896,domain_x,0.125,512,1.25e-05,40.0,1.5,0.005,u,0.001636344630239872,0.001636344630239872,0.0016322994849615746
P10,sd,0.04248652711,0.00844851896,domain_x,0.125,512,1.25e-05,40.0,1.5,0.005,v,0.0012435787496110073,0.0012435787496110073,0.001236652605662858
P10,sd,0.04248652711,0.00844851896,domain_x,0.125,512,1.25e-05,40.0,1.5,0.01,u,0.0034553146480507113,0.0034573894382377013,0.0034553146480507113
P10,sd,0.04248652711,0.00844851896,domain_x,0.125,512,1.25e-05,40.0,1.5,0.01,v,0.0032317548250819783,0.0032416937164265747,0.0031019418464550697
P10,sd,0.04248652711,0.00844851896,domain_y,0.125,256,1.25e-05,20.0,2.0,0.005,u,0.0016351863605441608,0.0016363949897850727,0.0016351863605443828
P10,sd,0.04248652711,0.00844851896,domain_y,0.125,256,1.25e-05,20.0,2.0,0.005,v,0.0011464488318093657,0.0011481624356437514,0.001143283128284267
P10,sd,0.04248652711,0.00844851896,domain_y,0.125,256,1.25e-05,20.0,2.0,0.01,u,0.0034577862341378385,0.0034577862341378385,0.003423498744538289
P10,sd,0.04248652711,0.00844851896,domain_y,0.125,256,1.25e-05,20.0,2.0,0.01,v,0.0028364193865080267,0.0028364193865080267,0.0028223977534631572
P1,fd,0.0,0.0,fine_time,0.125,512,6.25e-06,20.0,1.5,0.005,u,2.943073341254987e-06,2.943073341254987e-06,2.9367701586124895e-06
P1,fd,0.0,0.0,fine_time,0.125,512,6.25e-06,20.0,1.5,0.005,v,1.171492498175386e-06,1.1717308779912727e-06,1.1704548575908191e-06
P1,fd,0.0,0.0,fine_time,0.125,512,6.25e-06,20.0,1.5,0.01,u,6.324998127693604e-06,6.326650379140375e-06,6.288593888292837e-06
P1,fd,0.0,0.0,fine_time,0.125,512,6.25e-06,20.0,1.5,0.01,v,2.492471638748661e-06,2.492471638748661e-06,2.483841466005554e-06
P1,sd,0.0,0.0,fine_time,0.125,512,6.25e-06,20.0,1.5,0.005,u,4.616981517546748e-06,4.617747199286981e-06,4.606285246566699e-06
P1,sd,0.0,0.0,fine_time,0.125,512,6.25e-06,20.0,1.5,0.005,v,1.8060997744040463e-06,1.8062928182072113e-06,1.8051360412552064e-06
P1,sd,0.0,0.0,fine_time,0.125,512,6.25e-06,20.0,1.5,0.01,u,8.862779887985894e-06,8.863328401220727e-06,8.862779887985894e-06
P1,sd,0.0,0.0,fine_time,0.125,512,6.25e-06,20.0,1.5,0.01,v,3.727256930319278e-06,3.727256930319278e-06,3.7268091464537356e-06
P1,fd,0.0,0.0,fine_xy,0.0625,512,6.25e-06,20.0,1.5,0.005,u,1.6455914473301192e-06,1.6460573410981283e-06,1.6447343968994943e-06
P1,fd,0.0,0.0,fine_xy,0.0625,512,6.25e-06,20.0,1.5,0.005,v,5.601420388634537e-07,5.601420388634537e-07,5.538620450051823e-07
P1,fd,0.0,0.0,fine_xy,0.0625,512,6.25e-06,20.0,1.5,0.01,u,3.541886278934925e-06,3.541886278934925e-06,3.532409980300244e-06
P1,fd,0.0,0.0,fine_xy,0.0625,512,6.25e-06,20.0,1.5,0.01,v,1.2167218455538809e-06,1.2167218455538809e-06,1.2109130890225472e-06
P1,sd,0.0,0.0,fine_xy,0.0625,512,6.25e-06,20.0,1.5,0.005,u,1.2147098134018819e-06,1.215057116588092e-06,1.2103840593136184e-06
P1,sd,0.0,0.0,fine_xy,0.0625,512,6.25e-06,20.0,1.5,0.005,v,6.665263571625779e-07,6.667224976553143e-07,6.63728956129539e-07
P1,sd,0.0,0.0,fine_xy,0.0625,512,6.25e-06,20.0,1.5,0.01,u,2.522646704750109e-06,2.523688334976626e-06,2.5081080974320713e-06
P1,sd,0.0,0.0,fine_xy,0.0625,512,6.25e-06,20.0,1.5,0.01,v,1.3676390970829289e-06,1.3676390970829289e-06,1.3659859628423199e-06
P1,sd,0.04248652711,0.00844851896,fine_time,0.125,512,6.25e-06,20.0,1.5,0.005,u,2.639924488345713e-06,2.639924488345713e-06,2.639924488345713e-06
P1,sd,0.04248652711,0.00844851896,fine_time,0.125,512,6.25e-06,20.0,1.5,0.005,v,1.4230902124490186e-06,1.4233615994729831e-06,1.422661141725623e-06
P1,sd,0.04248652711,0.00844851896,fine_time,0.125,512,6.25e-06,20.0,1.5,0.01,u,5.487597571685043e-06,5.487597571685043e-06,5.482242154797312e-06
P1,sd,0.04248652711,0.00844851896,fine_time,0.125,512,6.25e-06,20.0,1.5,0.01,v,2.948643258782191e-06,2.94899875624699e-06,2.948643258837702e-06
P2,fd,0.0,0.0,fine_time,0.125,512,6.25e-06,20.0,1.5,0.005,u,0.00011394530579389439,0.00011410822046453717,0.00011394530579433848
P2,fd,0.0,0.0,fine_time,0.125,512,6.25e-06,20.0,1.5,0.005,v,0.00010383277292569382,0.00010393846079281843,0.00010295123451031785
P2,fd,0.0,0.0,fine_time,0.125,512,6.25e-06,20.0,1.5,0.01,u,0.00041757959081678564,0.00041839318113146007,0.00040951906391262227
P2,fd,0.0,0.0,fine_time,0.125,512,6.25e-06,20.0,1.5,0.01,v,0.00039802361666807506,0.00039868166263290483,0.0003980236166682971
P1,sd,0.04248652711,0.00844851896,fine_xy,0.0625,512,6.25e-06,20.0,1.5,0.005,u,1.136463023132528e-06,1.136728309036883e-06,1.1312733009249953e-06
P1,sd,0.04248652711,0.00844851896,fine_xy,0.0625,512,6.25e-06,20.0,1.5,0.005,v,6.372535101828447e-07,6.372535102383559e-07,6.372535102383559e-07
P1,sd,0.04248652711,0.00844851896,fine_xy,0.0625,512,6.25e-06,20.0,1.5,0.01,u,2.3195671721154554e-06,2.319895181734921e-06,2.3168950902263674e-06
P1,sd,0.04248652711,0.00844851896,fine_xy,0.0625,512,6.25e-06,20.0,1.5,0.01,v,1.2011306920745035e-06,1.2015507045437523e-06,1.2006443478318474e-06
P2,fd,0.0,0.0,fine_xy,0.0625,512,6.25e-06,20.0,1.5,0.005,u,6.737424895675304e-05,6.749754409796083e-05,6.737396120781725e-05
P2,fd,0.0,0.0,fine_xy,0.0625,512,6.25e-06,20.0,1.5,0.005,v,6.072629786335604e-05,6.072629786335604e-05,6.0186903091175026e-05
P2,fd,0.0,0.0,fine_xy,0.0625,512,6.25e-06,20.0,1.5,0.01,u,0.0002872289089879132,0.0002872289089879132,0.0002720663358446451
P2,fd,0.0,0.0,fine_xy,0.0625,512,6.25e-06,20.0,1.5,0.01,v,0.0002897407558146714,0.0002897407558146714,0.00028580618855911233
P2,sd,0.0,0.0,fine_time,0.125,512,6.25e-06,20.0,1.5,0.005,u,0.0001164764878578417,0.00011648017461496352,0.00011647648785739761
P2,sd,0.0,0.0,fine_time,0.125,512,6.25e-06,20.0,1.5,0.005,v,5.741939212566827e-05,5.743130162061405e-05,5.637695224991468e-05
P2,sd,0.0,0.0,fine_time,0.125,512,6.25e-06,20.0,1.5,0.01,u,0.0003517187831363344,0.00035171878313589033,0.0003460777619017641
P2,sd,0.0,0.0,fine_time,0.125,512,6.25e-06,20.0,1.5,0.01,v,0.0001903228969177828,0.00019093031332784172,0.00018608482960624784
P2,sd,0.0,0.0,fine_xy,0.0625,512,6.25e-06,20.0,1.5,0.005,u,4.696555112815304e-05,4.696555112815304e-05,4.659179532895408e-05
P2,sd,0.0,0.0,fine_xy,0.0625,512,6.25e-06,20.0,1.5,0.005,v,4.40154904326473e-05,4.40154904326473e-05,4.40154904326473e-05
P2,sd,0.0,0.0,fine_xy,0.0625,512,6.25e-06,20.0,1.5,0.01,u,0.00018769716887945265,0.00018863329105212046,0.00017997581224049597
P2,sd,0.0,0.0,fine_xy,0.0625,512,6.25e-06,20.0,1.5,0.01,v,0.0002367653734325348,0.00023732437040235865,0.00023054240230990786
P2,sd,0.04248652711,0.00844851896,fine_time,0.125,512,6.25e-06,20.0,1.5,0.005,u,0.0001401134462719611,0.0001401209688864924,0.0001401134462719611
P2,sd,0.04248652711,0.00844851896,fine_time,0.125,512,6.25e-06,20.0,1.5,0.005,v,5.128607475524127e-05,5.1340787999398785e-05,5.042161414636759e-05
P2,sd,0.04248652711,0.00844851896,fine_time,0.125,512,6.25e-06,20.0,1.5,0.01,u,0.0003942022828589131,0.0003942456939776129,0.0003853254897019376
P2,sd,0.04248652711,0.00844851896,fine_time,0.125,512,6.25e-06,20.0,1.5,0.01,v,0.0001941342232254506,0.0001948793750254918,0.0001885375689516522
P3,fd,0.0,0.0,fine_time,0.125,512,6.25e-06,20.0,1.5,0.005,u,9.424945324632006e-06,9.425459022605054e-06,9.403701336729853e-06
P3,fd,0.0,0.0,fine_time,0.125,512,6.25e-06,20.0,1.5,0.005,v,6.656349089251279e-06,6.659287925314672e-06,6.654523936888701e-06
P3,fd,0.0,0.0,fine_time,0.125,512,6.25e-06,20.0,1.5,0.01,u,2.1106632344558562e-05,2.110890166417967e-05,2.109191762844631e-05
P3,fd,0.0,0.0,fine_time,0.125,512,6.25e-06,20.0,1.5,0.01,v,1.4005286160245767e-05,1.4008134629928115e-05,1.3993598301675902e-05
P2,sd,0.04248652711,0.00844851896,fine_xy,0.0625,512,6.25e-06,20.0,1.5,0.005,u,4.78403913826142e-05,4.7877237928428684e-05,4.701701166309746e-05
P2,sd,0.04248652711,0.00844851896,fine_xy,0.0625,512,6.25e-06,20.0,1.5,0.005,v,4.394699199306018e-05,4.394699199306018e-05,4.394699199306018e-05
P2,sd,0.04248652711,0.00844851896,fine_xy,0.0625,512,6.25e-06,20.0,1.5,0.01,u,0.00019732186614751512,0.00019811390361423875,0.00018955658349817384
P2,sd,0.04248652711,0.00844851896,fine_xy,0.0625,512,6.25e-06,20.0,1.5,0.01,v,0.00023696199640954596,0.00023741261977083816,0.00023036839332934989
P3,fd,0.0,0.0,fine_xy,0.0625,512,6.25e-06,20.0,1.5,0.005,u,3.461454431530342e-06,3.461454431530342e-06,3.442904753292453e-06
P3,fd,0.0,0.0,fine_xy,0.0625,512,6.25e-06,20.0,1.5,0.005,v,2.212931687228803e-06,2.212931687228803e-06,2.2096724843212456e-06
P3,fd,0.0,0.0,fine_xy,0.0625,512,6.25e-06,20.0,1.5,0.01,u,7.735146635656776e-06,7.737429482901348e-06,7.706953532915506e-06
P3,fd,0.0,0.0,fine_xy,0.0625,512,6.25e-06,20.0,1.5,0.01,v,4.7554796358539875e-06,4.7582905499110595e-06,4.732572106536104e-06
P3,sd,0.0,0.0,fine_time,0.125,512,6.25e-06,20.0,1.5,0.005,u,2.1269345809482587e-05,2.127236025950552e-05,2.1269345809260543e-05
P3,sd,0.0,0.0,fine_time,0.125,512,6.25e-06,20.0,1.5,0.005,v,6.85637601471889e-06,6.858029542367028e-06,6.8390910781257475e-06
P3,sd,0.0,0.0,fine_time,0.125,512,6.25e-06,20.0,1.5,0.01,u,4.1986432692375786e-05,4.1995156170759884e-05,4.1832209534797826e-05
P3,sd,0.0,0.0,fine_time,0.125,512,6.25e-06,20.0,1.5,0.01,v,1.460756947557762e-05,1.460756947557762e-05,1.4529072633329143e-05
P3,sd,0.0,0.0,fine_xy,0.0625,512,6.25e-06,20.0,1.5,0.005,u,4.9393669447894695e-06,4.939733399211832e-06,4.936628674290233e-06
P3,sd,0.0,0.0,fine_xy,0.0625,512,6.25e-06,20.0,1.5,0.005,v,1.6968276871365262e-06,1.6968276871365262e-06,1.696827687025504e-06
P3,sd,0.0,0.0,fine_xy,0.0625,512,6.25e-06,20.0,1.5,0.01,u,9.515992937858542e-06,9.515992937858542e-06,9.505521631147928e-06
P3,sd,0.0,0.0,fine_xy,0.0625,512,6.25e-06,20.0,1.5,0.01,v,3.5795413154682265e-06,3.5795413154682265e-06,3.5650779108831188e-06
P3,sd,0.04248652711,0.00844851896,fine_time,0.125,512,6.25e-06,20.0,1.5,0.005,u,1.4298792702316376e-05,1.4298792702316376e-05,1.4276663912182741e-05
P3,sd,0.04248652711,0.00844851896,fine_time,0.125,512,6.25e-06,20.0,1.5,0.005,v,4.756076938394749e-06,4.756076938394749e-06,4.728404800591335e-06
P3,sd,0.04248652711,0.00844851896,fine_time,0.125,512,6.25e-06,20.0,1.5,0.01,u,2.8576439949468124e-05,2.8583618790545273e-05,2.84439229314426e-05
P3,sd,0.04248652711,0.00844851896,fine_time,0.125,512,6.25e-06,20.0,1.5,0.01,v,1.0495957830092273e-05,1.0497661839914407e-05,1.0459467617351947e-05
P4,fd,0.0,0.0,fine_time,0.125,512,6.25e-06,20.0,1.5,0.005,u,8.622932962110141e-07,8.626766311303768e-07,8.622932962110141e-07
P4,fd,0.0,0.0,fine_time,0.125,512,6.25e-06,20.0,1.5,0.005,v,1.6776627514980547e-07,1.6787708667642676e-07,1.6776627509429431e-07
P4,fd,0.0,0.0,fine_time,0.125,512,6.25e-06,20.0,1.5,0.01,u,1.783575749869648e-06,1.783575749869648e-06,1.7788259143447505e-06
P4,fd,0.0,0.0,fine_time,0.125,512,6.25e-06,20.0,1.5,0.01,v,3.745499028706689e-07,3.745499028706689e-07,3.730313317962253e-07
P4,fd,0.0,0.0,fine_xy,0.0625,512,6.25e-06,20.0,1.5,0.005,u,7.364845052704183e-07,7.365830699823661e-07,7.364845052704183e-07
P4,fd,0.0,0.0,fine_xy,0.0625,512,6.25e-06,20.0,1.5,0.005,v,1.292856141588139e-07,1.292856141588139e-07,1.2928561418656948e-07
P4,fd,0.0,0.0,fine_xy,0.0625,512,6.25e-06,20.0,1.5,0.01,u,1.5273334145193829e-06,1.5273334145193829e-06,1.5249083122892415e-06
P4,fd,0.0,0.0,fine_xy,0.0625,512,6.25e-06,20.0,1.5,0.01,v,2.980576458144757e-07,2.980576458144757e-07,2.9258304706791805e-07
P3,sd,0.04248652711,0.00844851896,fine_xy,0.0625,512,6.25e-06,20.0,1.5,0.005,u,3.5136578613315095e-06,3.5139591716415453e-06,3.4960656865035133e-06
P3,sd,0.04248652711,0.00844851896,fine_xy,0.0625,512,6.25e-06,20.0,1.5,0.005,v,1.3880028636448216e-06,1.3885101597388427e-06,1.3878886883089692e-06
P3,sd,0.04248652711,0.00844851896,fine_xy,0.0625,512,6.25e-06,20.0,1.5,0.01,u,7.005469350840343e-06,7.005469350840343e-06,6.9913390126075114e-06
P3,sd,0.04248652711,0.00844851896,fine_xy,0.0625,512,6.25e-06,20.0,1.5,0.01,v,2.826802228961256e-06,2.826989955573289e-06,2.8248148422616026e-06
P4,sd,0.0,0.0,fine_time,0.125,512,6.25e-06,20.0,1.5,0.005,u,1.0337102418489508e-06,1.0340214429138683e-06,1.0336851050674056e-06
P4,sd,0.0,0.0,fine_time,0.125,512,6.25e-06,20.0,1.5,0.005,v,4.687297187055961e-07,4.687297187055961e-07,4.6800646877342977e-07
P4,sd,0.0,0.0,fine_time,0.125,512,6.25e-06,20.0,1.5,0.01,u,2.1870294217851693e-06,2.1870294217851693e-06,2.1870294217851693e-06
P4,sd,0.0,0.0,fine_time,0.125,512,6.25e-06,20.0,1.5,0.01,v,9.769874478038343e-07,9.769874478038343e-07,9.75613511727813e-07
P5,fd,0.0,0.0,fine_time,0.125,512,6.25e-06,20.0,1.5,0.005,u,1.2110465285486427e-05,1.2199453247430103e-05,1.211046528550562e-05
P5,fd,0.0,0.0,fine_time,0.125,512,6.25e-06,20.0,1.5,0.005,v,6.1841074672907465e-06,6.265079749319516e-06,6.184107467308048e-06
P5,fd,0.0,0.0,fine_time,0.125,512,6.25e-06,20.0,1.5,0.01,u,0.004073779291125901,0.00416710884496635,0.003828184293108861
P5,fd,0.0,0.0,fine_time,0.125,512,6.25e-06,20.0,1.5,0.01,v,0.0024843960239766326,0.002535574949934368,0.0023755198026665716
P4,sd,0.04248652711,0.00844851896,fine_time,0.125,512,6.25e-06,20.0,1.5,0.005,u,9.305281479798921e-07,9.309427655423974e-07,9.262396829523567e-07
P4,sd,0.04248652711,0.00844851896,fine_time,0.125,512,6.25e-06,20.0,1.5,0.005,v,8.105556268955816e-07,8.105556268955816e-07,8.095180607792241e-07
P4,sd,0.04248652711,0.00844851896,fine_time,0.125,512,6.25e-06,20.0,1.5,0.01,u,1.921548282601826e-06,1.921548282601826e-06,1.900688539335782e-06
P4,sd,0.04248652711,0.00844851896,fine_time,0.125,512,6.25e-06,20.0,1.5,0.01,v,1.6617230531590366e-06,1.6620308472825585e-06,1.6614671997927655e-06
P4,sd,0.0,0.0,fine_xy,0.0625,512,6.25e-06,20.0,1.5,0.005,u,4.975818803654164e-07,4.975818803654164e-07,4.935309992903925e-07
P4,sd,0.0,0.0,fine_xy,0.0625,512,6.25e-06,20.0,1.5,0.005,v,2.042973822891092e-07,2.0439354081469574e-07,2.0429738231686478e-07
P4,sd,0.0,0.0,fine_xy,0.0625,512,6.25e-06,20.0,1.5,0.01,u,9.69458952226887e-07,9.695697520406554e-07,9.654395652369807e-07
P4,sd,0.0,0.0,fine_xy,0.0625,512,6.25e-06,20.0,1.5,0.01,v,4.3719494435823236e-07,4.372244074291043e-07,4.3384509795796333e-07
P4,sd,0.04248652711,0.00844851896,fine_xy,0.0625,512,6.25e-06,20.0,1.5,0.005,u,7.532455543746153e-07,7.535752905019066e-07,7.528800231026977e-07
P4,sd,0.04248652711,0.00844851896,fine_xy,0.0625,512,6.25e-06,20.0,1.5,0.005,v,3.046810540252576e-07,3.046810540252576e-07,3.046810540252576e-07
P4,sd,0.04248652711,0.00844851896,fine_xy,0.0625,512,6.25e-06,20.0,1.5,0.01,u,1.5615946208358267e-06,1.5615946208358267e-06,1.5564219091324105e-06
P4,sd,0.04248652711,0.00844851896,fine_xy,0.0625,512,6.25e-06,20.0,1.5,0.01,v,5.966668783219387e-07,5.966668783219387e-07,5.960888367073647e-07
P5,sd,0.0,0.0,fine_time,0.125,512,6.25e-06,20.0,1.5,0.005,u,1.224757402698562e-05,1.2341737413462672e-05,1.2247574026959976e-05
P5,sd,0.0,0.0,fine_time,0.125,512,6.25e-06,20.0,1.5,0.005,v,6.192571755026734e-06,6.277876351625092e-06,6.192571755014843e-06
P5,sd,0.0,0.0,fine_time,0.125,512,6.25e-06,20.0,1.5,0.01,u,0.004178098739225977,0.004272574016128211,0.003926831458685939
P5,sd,0.0,0.0,fine_time,0.125,512,6.25e-06,20.0,1.5,0.01,v,0.0025141076940361005,0.002560296083975575,0.0024051341752807163
P5,fd,0.0,0.0,fine_xy,0.0625,512,6.25e-06,20.0,1.5,0.005,u,1.2469154063804444e-05,1.2548448603710849e-05,1.2469154063825295e-05
P5,fd,0.0,0.0,fine_xy,0.0625,512,6.25e-06,20.0,1.5,0.005,v,6.23333845115223e-06,6.330107068567708e-06,6.233338451183256e-06
P5,fd,0.0,0.0,fine_xy,0.0625,512,6.25e-06,20.0,1.5,0.01,u,0.004223455289159017,0.004329451396996836,0.003965732873872542
P5,fd,0.0,0.0,fine_xy,0.0625,512,6.25e-06,20.0,1.5,0.01,v,0.002542635584449873,0.0025826961178039617,0.0024336842903514046
P5,sd,0.04248652711,0.00844851896,fine_time,0.125,512,6.25e-06,20.0,1.5,0.005,u,1.2247378226748484e-05,1.234198661367869e-05,1.2247378226633401e-05
P5,sd,0.04248652711,0.00844851896,fine_time,0.125,512,6.25e-06,20.0,1.5,0.005,v,6.1929009035060395e-06,6.278030896855871e-06,6.1929009034952975e-06
P5,sd,0.04248652711,0.00844851896,fine_time,0.125,512,6.25e-06,20.0,1.5,0.01,u,0.004178501926071443,0.004272653245676938,0.003927263646521031
P5,sd,0.04248652711,0.00844851896,fine_time,0.125,512,6.25e-06,20.0,1.5,0.01,v,0.002514136213158234,0.0025605031915447735,0.0024051287540810856
P5,sd,0.0,0.0,fine_xy,0.0625,512,6.25e-06,20.0,1.5,0.005,u,1.2538575223375314e-05,1.2620124496570684e-05,1.2538575223344218e-05
P5,sd,0.0,0.0,fine_xy,0.0625,512,6.25e-06,20.0,1.5,0.005,v,6.2374393144331285e-06,6.336396025076046e-06,6.237439314448593e-06
P5,sd,0.0,0.0,fine_xy,0.0625,512,6.25e-06,20.0,1.5,0.01,u,0.004275778858114199,0.004383074061113379,0.004015050346107067
P5,sd,0.0,0.0,fine_xy,0.0625,512,6.25e-06,20.0,1.5,0.01,v,0.0025570493733179946,0.002594499458949141,0.0024480822665028435
P6,fd,0.0,0.0,fine_time,0.125,512,6.25e-06,20.0,1.5,0.005,u,1.5333786603566324e-05,1.5342665652839926e-05,1.5187069440258938e-05
P6,fd,0.0,0.0,fine_time,0.125,512,6.25e-06,20.0,1.5,0.005,v,6.8742135653776515e-06,6.8742135653776515e-06,6.83828826664179e-06
P6,fd,0.0,0.0,fine_time,0.125,512,6.25e-06,20.0,1.5,0.01,u,4.204239750471572e-05,4.207080156004572e-05,4.1574711344027904e-05
P6,fd,0.0,0.0,fine_time,0.125,512,6.25e-06,20.0,1.5,0.01,v,1.8940089036134644e-05,1.8940089036134644e-05,1.8940089036134644e-05
P5,sd,0.04248652711,0.00844851896,fine_xy,0.0625,512,6.25e-06,20.0,1.5,0.005,u,1.2538529305800017e-05,1.2620191949752613e-05,1.2538529305828748e-05
P5,sd,0.04248652711,0.00844851896,fine_xy,0.0625,512,6.25e-06,20.0,1.5,0.005,v,6.237525081500188e-06,6.336438193594723e-06,6.237525081489748e-06
P5,sd,0.04248652711,0.00844851896,fine_xy,0.0625,512,6.25e-06,20.0,1.5,0.01,u,0.0042757212001078015,0.00438310026041272,0.004015166170133669
P5,sd,0.04248652711,0.00844851896,fine_xy,0.0625,512,6.25e-06,20.0,1.5,0.01,v,0.002557061028086173,0.0025945561155271673,0.0024480852124915227
P6,fd,0.0,0.0,fine_xy,0.0625,512,6.25e-06,20.0,1.5,0.005,u,1.1073034492881106e-05,1.1073034492881106e-05,1.100544759280453e-05
P6,fd,0.0,0.0,fine_xy,0.0625,512,6.25e-06,20.0,1.5,0.005,v,4.325465426835429e-06,4.326659139408662e-06,4.2392219371523154e-06
P6,fd,0.0,0.0,fine_xy,0.0625,512,6.25e-06,20.0,1.5,0.01,u,3.087802978107845e-05,3.087802978107845e-05,3.066554355379836e-05
P6,fd,0.0,0.0,fine_xy,0.0625,512,6.25e-06,20.0,1.5,0.01,v,1.3128771394921301e-05,1.3129447355320067e-05,1.2974761399275891e-05
P6,sd,0.0,0.0,fine_time,0.125,512,6.25e-06,20.0,1.5,0.005,u,1.3339705715154082e-05,1.3348137665847304e-05,1.3334157551891934e-05
P6,sd,0.0,0.0,fine_time,0.125,512,6.25e-06,20.0,1.5,0.005,v,5.339355591660322e-06,5.342051174195284e-06,5.315234821057224e-06
P6,sd,0.0,0.0,fine_time,0.125,512,6.25e-06,20.0,1.5,0.01,u,2.9996436412105254e-05,3.000965154642543e-05,2.9996436412105254e-05
P6,sd,0.0,0.0,fine_time,0.125,512,6.25e-06,20.0,1.5,0.01,v,1.1707169132679773e-05,1.1707169132790796e-05,1.1659303073341398e-05
P6,sd,0.0,0.0,fine_xy,0.0625,512,6.25e-06,20.0,1.5,0.005,u,8.255522293332263e-06,8.255522293110218e-06,8.255522293110218e-06
P6,sd,0.0,0.0,fine_xy,0.0625,512,6.25e-06,20.0,1.5,0.005,v,3.7733130642259027e-06,3.77419620989361e-06,3.7733130642259027e-06
P6,sd,0.0,0.0,fine_xy,0.0625,512,6.25e-06,20.0,1.5,0.01,u,2.0837476496060603e-05,2.0857492020631696e-05,2.0817418128871168e-05
P6,sd,0.0,0.0,fine_xy,0.0625,512,6.25e-06,20.0,1.5,0.01,v,1.0510768154281536e-05,1.0510768154281536e-05,1.0131779683231201e-05
P7,fd,0.0,0.0,fine_time,0.125,512,6.25e-06,20.0,1.5,0.005,u,8.895775157169439e-06,8.898493123465911e-06,8.895039790735026e-06
P7,fd,0.0,0.0,fine_time,0.125,512,6.25e-06,20.0,1.5,0.005,v,6.80544301645547e-06,6.80544301645547e-06,6.768325328532221e-06
P7,fd,0.0,0.0,fine_time,0.125,512,6.25e-06,20.0,1.5,0.01,u,2.0277062933615753e-05,2.0277062933615753e-05,2.0158906505862717e-05
P7,fd,0.0,0.0,fine_time,0.125,512,6.25e-06,20.0,1.5,0.01,v,1.430769640697882e-05,1.430769640697882e-05,1.4272193861852855e-05
P6,sd,0.04248652711,0.00844851896,fine_time,0.125,512,6.25e-06,20.0,1.5,0.005,u,1.1613790371622912e-05,1.1613790371622912e-05,1.1580817360190565e-05
P6,sd,0.04248652711,0.00844851896,fine_time,0.125,512,6.25e-06,20.0,1.5,0.005,v,5.75689195692064e-06,5.75689195692064e-06,5.75689195692064e-06
P6,sd,0.04248652711,0.00844851896,fine_time,0.125,512,6.25e-06,20.0,1.5,0.01,u,2.5195371712971593e-05,2.522393824677671e-05,2.49357398336425e-05
P6,sd,0.04248652711,0.00844851896,fine_time,0.125,512,6.25e-06,20.0,1.5,0.01,v,1.1431565002939514e-05,1.1431565002828492e-05,1.138680155321481e-05
P6,sd,0.04248652711,0.00844851896,fine_xy,0.0625,512,6.25e-06,20.0,1.5,0.005,u,9.367687585415396e-06,9.373745040841541e-06,9.299010392371798e-06
P6,sd,0.04248652711,0.00844851896,fine_xy,0.0625,512,6.25e-06,20.0,1.5,0.005,v,4.120537096419241e-06,4.120537096419241e-06,4.120537096419241e-06
P6,sd,0.04248652711,0.00844851896,fine_xy,0.0625,512,6.25e-06,20.0,1.5,0.01,u,2.5133804836041662e-05,2.5133804836041662e-05,2.5133804836263707e-05
P6,sd,0.04248652711,0.00844851896,fine_xy,0.0625,512,6.25e-06,20.0,1.5,0.01,v,1.0712939495949314e-05,1.0712939495949314e-05,1.029349754444464e-05
P7,fd,0.0,0.0,fine_xy,0.0625,512,6.25e-06,20.0,1.5,0.005,u,2.928009197322723e-06,2.928250778078123e-06,2.920955947782744e-06
P7,fd,0.0,0.0,fine_xy,0.0625,512,6.25e-06,20.0,1.5,0.005,v,2.3488471386778897e-06,2.3488471386778897e-06,2.3488471386778897e-06
P7,fd,0.0,0.0,fine_xy,0.0625,512,6.25e-06,20.0,1.5,0.01,u,6.891523702368119e-06,6.891523702368119e-06,6.871720784396018e-06
P7,fd,0.0,0.0,fine_xy,0.0625,512,6.25e-06,20.0,1.5,0.01,v,5.030691365370821e-06,5.030691365370821e-06,5.009818201062721e-06
P7,sd,0.0,0.0,fine_time,0.125,512,6.25e-06,20.0,1.5,0.005,u,2.1391050661456745e-05,2.1391050661456745e-05,2.137237139554493e-05
P7,sd,0.0,0.0,fine_time,0.125,512,6.25e-06,20.0,1.5,0.005,v,6.931201635529405e-06,6.931482168459624e-06,6.916259294276195e-06
P7,sd,0.0,0.0,fine_time,0.125,512,6.25e-06,20.0,1.5,0.01,u,4.2113762000806076e-05,4.2113762000806076e-05,4.205701057413691e-05
P7,sd,0.0,0.0,fine_time,0.125,512,6.25e-06,20.0,1.5,0.01,v,1.4722886528928392e-05,1.472585480577493e-05,1.4722886529039414e-05
P7,sd,0.0,0.0,fine_xy,0.0625,512,6.25e-06,20.0,1.5,0.005,u,4.940121239416229e-06,4.940121239416229e-06,4.93474768270552e-06
P7,sd,0.0,0.0,fine_xy,0.0625,512,6.25e-06,20.0,1.5,0.005,v,1.8464618797287002e-06,1.8467796499832545e-06,1.839145198578862e-06
P7,sd,0.0,0.0,fine_xy,0.0625,512,6.25e-06,20.0,1.5,0.01,u,9.31290429484477e-06,9.313244095032758e-06,9.280339515527203e-06
P7,sd,0.0,0.0,fine_xy,0.0625,512,6.25e-06,20.0,1.5,0.01,v,3.7347413838206833e-06,3.735746497923742e-06,3.734268400501506e-06
P7,sd,0.04248652711,0.00844851896,fine_time,0.125,512,6.25e-06,20.0,1.5,0.005,u,1.4254002997926563e-05,1.4255500019100253e-05,1.4209596698400162e-05
P7,sd,0.04248652711,0.00844851896,fine_time,0.125,512,6.25e-06,20.0,1.5,0.005,v,4.832458391446082e-06,4.834434167877433e-06,4.832458391446082e-06
P7,sd,0.04248652711,0.00844851896,fine_time,0.125,512,6.25e-06,20.0,1.5,0.01,u,2.8353886586174326e-05,2.835388658595228e-05,2.835388658595228e-05
P7,sd,0.04248652711,0.00844851896,fine_time,0.125,512,6.25e-06,20.0,1.5,0.01,v,1.0620491380453068e-05,1.0620491380453068e-05,1.0602729421771429e-05
P10,fd,0.0,0.0,fine_time,0.125,512,6.25e-06,20.0,1.5,0.005,u,0.0003869690854585439,0.0003869690854585439,0.0003861532931921374
P10,fd,0.0,0.0,fine_time,0.125,512,6.25e-06,20.0,1.5,0.005,v,0.0020782348959444974,0.0020782348959444974,0.0020761947186835883
P10,fd,0.0,0.0,fine_time,0.125,512,6.25e-06,20.0,1.5,0.01,u,0.0008962400304755036,0.0008962400304755036,0.000894524743360936
P10,fd,0.0,0.0,fine_time,0.125,512,6.25e-06,20.0,1.5,0.01,v,0.004429307495411372,0.004430456332177535,0.004426832334669228
P10,fd,0.0,0.0,fine_xy,0.0625,512,6.25e-06,20.0,1.5,0.005,u,9.910946210145433e-05,9.912348393870118e-05,9.904655270265295e-05
P10,fd,0.0,0.0,fine_xy,0.0625,512,6.25e-06,20.0,1.5,0.005,v,0.0005331608176382119,0.0005332767970385177,0.0005319177071729797
P10,fd,0.0,0.0,fine_xy,0.0625,512,6.25e-06,20.0,1.5,0.01,u,0.00023267207073596197,0.0002328091448746683,0.0002314329559189865
P10,fd,0.0,0.0,fine_xy,0.0625,512,6.25e-06,20.0,1.5,0.01,v,0.0011489691895452125,0.0011490426793931974,0.0011471109259764134
P7,sd,0.04248652711,0.00844851896,fine_xy,0.0625,512,6.25e-06,20.0,1.5,0.005,u,3.329467173074363e-06,3.329467173074363e-06,3.323855164882872e-06
P7,sd,0.04248652711,0.00844851896,fine_xy,0.0625,512,6.25e-06,20.0,1.5,0.005,v,1.478033329838091e-06,1.4782011985570165e-06,1.4731811961432584e-06
P7,sd,0.04248652711,0.00844851896,fine_xy,0.0625,512,6.25e-06,20.0,1.5,0.01,u,6.432881421325476e-06,6.432881421325476e-06,6.419237649435416e-06
P7,sd,0.04248652711,0.00844851896,fine_xy,0.0625,512,6.25e-06,20.0,1.5,0.01,v,2.7562124226276907e-06,2.757307512868401e-06,2.7464588735481854e-06
P10,sd,0.0,0.0,fine_time,0.125,512,6.25e-06,20.0,1.5,0.005,u,0.0015923238119652794,0.0015929248559558573,0.0015870378950961772
P10,sd,0.0,0.0,fine_time,0.125,512,6.25e-06,20.0,1.5,0.005,v,0.0013516209853463579,0.0013516209853463579,0.0013516209853463579
P10,sd,0.0,0.0,fine_time,0.125,512,6.25e-06,20.0,1.5,0.01,u,0.0033660162113420267,0.0033664213553743494,0.0033660162113418046
P10,sd,0.0,0.0,fine_time,0.125,512,6.25e-06,20.0,1.5,0.01,v,0.003625222574798137,0.003625222574798137,0.0036001296054353205
P10,sd,0.04248652711,0.00844851896,fine_time,0.125,512,6.25e-06,20.0,1.5,0.005,u,0.001616888652830939,0.001616888652830939,0.0016128255614253906
P10,sd,0.04248652711,0.00844851896,fine_time,0.125,512,6.25e-06,20.0,1.5,0.005,v,0.0013619452509576746,0.0013619452509576746,0.0013619452509576746
P10,sd,0.04248652711,0.00844851896,fine_time,0.125,512,6.25e-06,20.0,1.5,0.01,u,0.003409696960555042,0.003409696960555264,0.00340969696055482
P10,sd,0.04248652711,0.00844851896,fine_time,0.125,512,6.25e-06,20.0,1.5,0.01,v,0.0036455268932611418,0.003645550532472619,0.0036193960870072317
P10,sd,0.0,0.0,fine_xy,0.0625,512,6.25e-06,20.0,1.5,0.005,u,0.00040330492452622657,0.00040333103549872185,0.00040299503216045807
P10,sd,0.0,0.0,fine_xy,0.0625,512,6.25e-06,20.0,1.5,0.005,v,0.00032504282352308067,0.00032504282352308067,0.00032485144634897267
P10,sd,0.0,0.0,fine_xy,0.0625,512,6.25e-06,20.0,1.5,0.01,u,0.000849287150210376,0.000849287150210376,0.0008466902474890681
P10,sd,0.0,0.0,fine_xy,0.0625,512,6.25e-06,20.0,1.5,0.01,v,0.0008902595741284713,0.0008904226631134549,0.0008791163382424472
P10,sd,0.04248652711,0.00844851896,fine_xy,0.0625,512,6.25e-06,20.0,1.5,0.005,u,0.0004088759121425589,0.00040905124071177745,0.00040886367540404756
P10,sd,0.04248652711,0.00844851896,fine_xy,0.0625,512,6.25e-06,20.0,1.5,0.005,v,0.00031793364608434516,0.00031793364608434516,0.0003177096189181938
P10,sd,0.04248652711,0.00844851896,fine_xy,0.0625,512,6.25e-06,20.0,1.5,0.01,u,0.0008599913014828431,0.000859991301482621,0.000858330493286541
P10,sd,0.04248652711,0.00844851896,fine_xy,0.0625,512,6.25e-06,20.0,1.5,0.01,v,0.0008962977015389839,0.0008963442180709436,0.0008846980351746581
P5,fd,0.0,0.0,wide_fine,0.125,1024,6.25e-06,40.0,1.5,0.005,u,4.3159321616581536e-08,4.3159641693879536e-08,4.3127944215903824e-08
P5,fd,0.0,0.0,wide_fine,0.125,1024,6.25e-06,40.0,1.5,0.005,v,8.794828657010534e-09,8.794828657010534e-09,8.794828657010534e-09
P5,fd,0.0,0.0,wide_fine,0.125,1024,6.25e-06,40.0,1.5,0.01,u,8.621621166993165e-08,8.622355457399422e-08,8.613839902471554e-08
P5,fd,0.0,0.0,wide_fine,0.125,1024,6.25e-06,40.0,1.5,0.01,v,1.7595514642532173e-08,1.7596206880465814e-08,1.7578644151416967e-08
P5,sd,0.04248652711,0.00844851896,wide_fine,0.125,1024,6.25e-06,40.0,1.5,0.005,u,1.2647347910621498e-07,1.2647347910621498e-07,1.264430439240627e-07
P5,sd,0.04248652711,0.00844851896,wide_fine,0.125,1024,6.25e-06,40.0,1.5,0.005,v,1.2891655286340065e-07,1.2891655286340065e-07,1.2889464534593387e-07
P5,sd,0.04248652711,0.00844851896,wide_fine,0.125,1024,6.25e-06,40.0,1.5,0.01,u,2.5636076877999514e-07,2.5636427641861914e-07,2.5636076877999514e-07
P5,sd,0.04248652711,0.00844851896,wide_fine,0.125,1024,6.25e-06,40.0,1.5,0.01,v,2.5768898388733863e-07,2.5768898388733863e-07,2.576760051165028e-07
P5,sd,0.0,0.0,wide_fine,0.125,1024,6.25e-06,40.0,1.5,0.005,u,4.258421477110197e-07,4.258421477110197e-07,4.255947389508741e-07
P5,sd,0.0,0.0,wide_fine,0.125,1024,6.25e-06,40.0,1.5,0.005,v,1.3210446393741027e-07,1.3210446393741027e-07,1.3210402162455726e-07
P5,sd,0.0,0.0,wide_fine,0.125,1024,6.25e-06,40.0,1.5,0.01,u,8.573845486914422e-07,8.573984067172802e-07,8.573342459849975e-07
P5,sd,0.0,0.0,wide_fine,0.125,1024,6.25e-06,40.0,1.5,0.01,v,2.697593455003311e-07,2.69772510663735e-07,2.696079100805715e-07
P5,fd,0.0,0.0,wide_fine_xy,0.0625,1024,6.25e-06,40.0,1.5,0.005,u,1.5924005225542714e-08,1.592471282618746e-08,1.5900438354865543e-08
P5,fd,0.0,0.0,wide_fine_xy,0.0625,1024,6.25e-06,40.0,1.5,0.005,v,2.9593277273143315e-09,2.9597375106327206e-09,2.9593277134365437e-09
P5,fd,0.0,0.0,wide_fine_xy,0.0625,1024,6.25e-06,40.0,1.5,0.01,u,3.179097274319531e-08,3.179097274319531e-08,3.177292162703793e-08
P5,fd,0.0,0.0,wide_fine_xy,0.0625,1024,6.25e-06,40.0,1.5,0.01,v,5.9286623249610315e-09,5.9286623249610315e-09,5.922550408432592e-09
P6,fd,0.0,0.0,wide_fine,0.125,1024,6.25e-06,40.0,1.5,0.005,u,1.5333786603566324e-05,1.5342665652839926e-05,1.5187069440258938e-05
P6,fd,0.0,0.0,wide_fine,0.125,1024,6.25e-06,40.0,1.5,0.005,v,6.874213565488674e-06,6.874213565488674e-06,6.83828826664179e-06
P6,fd,0.0,0.0,wide_fine,0.125,1024,6.25e-06,40.0,1.5,0.01,u,4.204239750471572e-05,4.207080156026777e-05,4.1574711344027904e-05
P6,fd,0.0,0.0,wide_fine,0.125,1024,6.25e-06,40.0,1.5,0.01,v,1.8940089036134644e-05,1.8940089036134644e-05,1.8940089036134644e-05
P5,sd,0.0,0.0,wide_fine_xy,0.0625,1024,6.25e-06,40.0,1.5,0.005,u,1.0411474077320904e-07,1.0411474077320904e-07,1.0411474077320904e-07
P5,sd,0.0,0.0,wide_fine_xy,0.0625,1024,6.25e-06,40.0,1.5,0.005,v,3.371494131099162e-08,3.3714989078337254e-08,3.3714840294574167e-08
P5,sd,0.0,0.0,wide_fine_xy,0.0625,1024,6.25e-06,40.0,1.5,0.01,u,2.0983190002210605e-07,2.0983284998443708e-07,2.0973389736056447e-07
P5,sd,0.0,0.0,wide_fine_xy,0.0625,1024,6.25e-06,40.0,1.5,0.01,v,6.881295139260502e-08,6.881779983369807e-08,6.881295139260502e-08
P5,sd,0.04248652711,0.00844851896,wide_fine_xy,0.0625,1024,6.25e-06,40.0,1.5,0.005,u,3.2464758575878605e-08,3.246532798151236e-08,3.245219729053339e-08
P5,sd,0.04248652711,0.00844851896,wide_fine_xy,0.0625,1024,6.25e-06,40.0,1.5,0.005,v,3.21716465689903e-08,3.21716465689903e-08,3.217164655511251e-08
P5,sd,0.04248652711,0.00844851896,wide_fine_xy,0.0625,1024,6.25e-06,40.0,1.5,0.01,u,6.553006193232846e-08,6.553006193232846e-08,6.546507386184786e-08
P5,sd,0.04248652711,0.00844851896,wide_fine_xy,0.0625,1024,6.25e-06,40.0,1.5,0.01,v,6.442255846839107e-08,6.442255846839107e-08,6.431812052398733e-08
P6,fd,0.0,0.0,tall_fine,0.125,512,6.25e-06,20.0,2.0,0.005,u,1.752760518258789e-05,1.752760518258789e-05,1.752760518258789e-05
P6,fd,0.0,0.0,tall_fine,0.125,512,6.25e-06,20.0,2.0,0.005,v,6.706043594983946e-06,6.7062525900274395e-06,6.591583735393591e-06
P6,fd,0.0,0.0,tall_fine,0.125,512,6.25e-06,20.0,2.0,0.01,u,4.662737273775086e-05,4.6686551913310836e-05,4.6627372737528816e-05
P6,fd,0.0,0.0,tall_fine,0.125,512,6.25e-06,20.0,2.0,0.01,v,1.8504049171474968e-05,1.8504049171474968e-05,1.79740220781488e-05
P6,sd,0.0,0.0,wide_fine,0.125,1024,6.25e-06,40.0,1.5,0.005,u,1.3339705715154082e-05,1.3348137666291393e-05,1.3334157551891934e-05
P6,sd,0.0,0.0,wide_fine,0.125,1024,6.25e-06,40.0,1.5,0.005,v,5.339355591660322e-06,5.342051174195284e-06,5.315234821057224e-06
P6,sd,0.0,0.0,wide_fine,0.125,1024,6.25e-06,40.0,1.5,0.01,u,2.9996436412105254e-05,3.000965154642543e-05,2.9996436412105254e-05
P6,sd,0.0,0.0,wide_fine,0.125,1024,6.25e-06,40.0,1.5,0.01,v,1.1707169132901818e-05,1.1707169132901818e-05,1.1659303073341398e-05
P6,sd,0.04248652711,0.00844851896,wide_fine,0.125,1024,6.25e-06,40.0,1.5,0.005,u,1.1613790371178823e-05,1.1613790371178823e-05,1.1580817360190565e-05
P6,sd,0.04248652711,0.00844851896,wide_fine,0.125,1024,6.25e-06,40.0,1.5,0.005,v,5.75689195692064e-06,5.75689195692064e-06,5.75689195692064e-06
P6,sd,0.04248652711,0.00844851896,wide_fine,0.125,1024,6.25e-06,40.0,1.5,0.01,u,2.5195371712971593e-05,2.522393824677671e-05,2.49357398336425e-05
P6,sd,0.04248652711,0.00844851896,wide_fine,0.125,1024,6.25e-06,40.0,1.5,0.01,v,1.143156500271747e-05,1.143156500271747e-05,1.138680155321481e-05
P6,sd,0.0,0.0,tall_fine,0.125,512,6.25e-06,20.0,2.0,0.005,u,1.5294159380729866e-05,1.5294159380729866e-05,1.5265667720365528e-05
P6,sd,0.0,0.0,tall_fine,0.125,512,6.25e-06,20.0,2.0,0.005,v,5.230270659017933e-06,5.230270659017933e-06,5.19147411182086e-06
P6,sd,0.0,0.0,tall_fine,0.125,512,6.25e-06,20.0,2.0,0.01,u,3.346996792918944e-05,3.3482076950974715e-05,3.307995628665239e-05
P6,sd,0.0,0.0,tall_fine,0.125,512,6.25e-06,20.0,2.0,0.01,v,1.1319983845514692e-05,1.1319983845514692e-05,1.131998384540367e-05
P6,sd,0.04248652711,0.00844851896,tall_fine,0.125,512,6.25e-06,20.0,2.0,0.005,u,1.3305920465001009e-05,1.3305920464778964e-05,1.3137205291169352e-05
P6,sd,0.04248652711,0.00844851896,tall_fine,0.125,512,6.25e-06,20.0,2.0,0.005,v,4.970229641076962e-06,4.970229641076962e-06,4.924554829144334e-06
P6,sd,0.04248652711,0.00844851896,tall_fine,0.125,512,6.25e-06,20.0,2.0,0.01,u,2.788020920019285e-05,2.7909724816588266e-05,2.754891805345494e-05
P6,sd,0.04248652711,0.00844851896,tall_fine,0.125,512,6.25e-06,20.0,2.0,0.01,v,1.0774358841225684e-05,1.0777096132286168e-05,1.0774358841336706e-05
P1,fd,0.0,0.0,tall_fine,0.125,512,6.25e-06,20.0,2.0,0.005,u,3.39578962305076e-06,3.397191918219633e-06,3.3957896228287154e-06
P1,fd,0.0,0.0,tall_fine,0.125,512,6.25e-06,20.0,2.0,0.005,v,1.1487732549664287e-06,1.1487732549664287e-06,1.1487732549664287e-06
P1,fd,0.0,0.0,tall_fine,0.125,512,6.25e-06,20.0,2.0,0.01,u,7.263771909293837e-06,7.263771909293837e-06,7.263771909293837e-06
P1,fd,0.0,0.0,tall_fine,0.125,512,6.25e-06,20.0,2.0,0.01,v,2.3984963911649615e-06,2.3984963911649615e-06,2.3984963912204726e-06
P1,sd,0.0,0.0,tall_fine,0.125,512,6.25e-06,20.0,2.0,0.005,u,5.3744824031198846e-06,5.3744824031198846e-06,5.3744824031198846e-06
P1,sd,0.0,0.0,tall_fine,0.125,512,6.25e-06,20.0,2.0,0.005,v,1.80430581880886e-06,1.80430581880886e-06,1.8028545518689043e-06
P1,sd,0.0,0.0,tall_fine,0.125,512,6.25e-06,20.0,2.0,0.01,u,1.032686384605519e-05,1.0328588458730081e-05,1.030472538587901e-05
P1,sd,0.0,0.0,tall_fine,0.125,512,6.25e-06,20.0,2.0,0.01,v,3.723124060106553e-06,3.723124060106553e-06,3.715104971824257e-06
P1,sd,0.04248652711,0.00844851896,tall_fine,0.125,512,6.25e-06,20.0,2.0,0.005,u,3.054140117697557e-06,3.054993640394521e-06,3.0446894984104134e-06
P1,sd,0.04248652711,0.00844851896,tall_fine,0.125,512,6.25e-06,20.0,2.0,0.005,v,1.3997829307332843e-06,1.3997829307332843e-06,1.3997829306777732e-06
P1,sd,0.04248652711,0.00844851896,tall_fine,0.125,512,6.25e-06,20.0,2.0,0.01,u,6.350155107193167e-06,6.352600065873126e-06,6.3275592265821246e-06
P1,sd,0.04248652711,0.00844851896,tall_fine,0.125,512,6.25e-06,20.0,2.0,0.01,v,2.8574176533235907e-06,2.857417653379102e-06,2.855053246764161e-06
